Montreal Canadiens,MTL,nhl
1961-62,1962
22
70
6
GP,Date,Time,Location,Opponent,GF,GA,Result,Game Ended In,W,L,T,Streak
1,1961-10-14,time unavailable,H,New York Rangers,3,1,W,REG,1,0,0,W 1
2,1961-10-15,time unavailable,@,Boston Bruins,5,5,T,REG,1,0,1,T 1
3,1961-10-18,time unavailable,@,New York Rangers,5,2,W,REG,2,0,1,W 1
4,1961-10-21,time unavailable,H,Boston Bruins,6,2,W,REG,3,0,1,W 2
5,1961-10-22,time unavailable,@,Chicago Black Hawks,3,2,W,REG,4,0,1,W 3
6,1961-10-26,time unavailable,H,Chicago Black Hawks,7,1,W,REG,5,0,1,W 4
7,1961-10-28,time unavailable,H,Detroit Red Wings,7,5,W,REG,6,0,1,W 5
8,1961-10-29,time unavailable,@,Detroit Red Wings,6,3,W,REG,7,0,1,W 6
9,1961-11-01,time unavailable,@,Toronto Maple Leafs,2,3,L,REG,7,1,1,L 1
10,1961-11-02,time unavailable,H,Boston Bruins,2,5,L,REG,7,2,1,L 2
11,1961-11-04,time unavailable,H,New York Rangers,3,3,T,REG,7,2,2,T 1
12,1961-11-09,time unavailable,H,Toronto Maple Leafs,5,2,W,REG,8,2,2,W 1
13,1961-11-11,time unavailable,H,Chicago Black Hawks,2,1,W,REG,9,2,2,W 2
14,1961-11-12,time unavailable,@,Detroit Red Wings,0,3,L,REG,9,3,2,L 1
15,1961-11-15,time unavailable,@,Toronto Maple Leafs,2,3,L,REG,9,4,2,L 2
16,1961-11-16,time unavailable,@,Boston Bruins,2,3,L,REG,9,5,2,L 3
17,1961-11-18,time unavailable,@,New York Rangers,4,4,T,REG,9,5,3,T 1
18,1961-11-19,time unavailable,@,Chicago Black Hawks,3,3,T,REG,9,5,4,T 2
19,1961-11-23,time unavailable,H,Detroit Red Wings,5,3,W,REG,10,5,4,W 1
20,1961-11-25,time unavailable,H,Boston Bruins,5,0,W,REG,11,5,4,W 2
21,1961-11-26,time unavailable,@,New York Rangers,2,2,T,REG,11,5,5,T 1
22,1961-11-29,time unavailable,@,Toronto Maple Leafs,2,2,T,REG,11,5,6,T 2
23,1961-11-30,time unavailable,H,Toronto Maple Leafs,1,1,T,REG,11,5,7,T 3
24,1961-12-02,time unavailable,H,Detroit Red Wings,3,2,W,REG,12,5,7,W 1
25,1961-12-03,time unavailable,@,Chicago Black Hawks,1,0,W,REG,13,5,7,W 2
26,1961-12-07,time unavailable,H,Toronto Maple Leafs,4,1,W,REG,14,5,7,W 3
27,1961-12-09,time unavailable,H,New York Rangers,2,2,T,REG,14,5,8,T 1
28,1961-12-10,time unavailable,@,Boston Bruins,4,3,W,REG,15,5,8,W 1
29,1961-12-16,time unavailable,H,Boston Bruins,8,4,W,REG,16,5,8,W 2
30,1961-12-17,time unavailable,@,Detroit Red Wings,1,3,L,REG,16,6,8,L 1
31,1961-12-21,time unavailable,H,Chicago Black Hawks,3,4,L,REG,16,7,8,L 2
32,1961-12-23,time unavailable,H,Detroit Red Wings,6,1,W,REG,17,7,8,W 1
33,1961-12-25,time unavailable,@,Boston Bruins,5,2,W,REG,18,7,8,W 2
34,1961-12-27,time unavailable,@,New York Rangers,3,0,W,REG,19,7,8,W 3
35,1961-12-30,time unavailable,H,Chicago Black Hawks,4,4,T,REG,19,7,9,T 1
36,1962-01-01,time unavailable,@,Chicago Black Hawks,0,2,L,REG,19,8,9,L 1
37,1962-01-03,time unavailable,@,Toronto Maple Leafs,1,3,L,REG,19,9,9,L 2
38,1962-01-06,time unavailable,H,New York Rangers,5,1,W,REG,20,9,9,W 1
39,1962-01-07,time unavailable,@,Detroit Red Wings,2,2,T,REG,20,9,10,T 1
40,1962-01-11,time unavailable,H,Toronto Maple Leafs,4,2,W,REG,21,9,10,W 1
41,1962-01-13,time unavailable,H,Boston Bruins,5,3,W,REG,22,9,10,W 2
42,1962-01-14,time unavailable,@,Boston Bruins,4,1,W,REG,23,9,10,W 3
43,1962-01-17,time unavailable,@,Chicago Black Hawks,7,3,W,REG,24,9,10,W 4
44,1962-01-20,time unavailable,H,Detroit Red Wings,2,2,T,REG,24,9,11,T 1
45,1962-01-21,time unavailable,@,Detroit Red Wings,5,3,W,REG,25,9,11,W 1
46,1962-01-27,time unavailable,H,New York Rangers,5,1,W,REG,26,9,11,W 2
47,1962-01-28,time unavailable,@,Boston Bruins,5,1,W,REG,27,9,11,W 3
48,1962-02-01,time unavailable,H,Toronto Maple Leafs,5,2,W,REG,28,9,11,W 4
49,1962-02-03,time unavailable,H,Detroit Red Wings,8,1,W,REG,29,9,11,W 5
50,1962-02-04,time unavailable,@,New York Rangers,1,2,L,REG,29,10,11,L 1
51,1962-02-10,time unavailable,@,Toronto Maple Leafs,4,2,W,REG,30,10,11,W 1
52,1962-02-11,time unavailable,@,Chicago Black Hawks,4,3,W,REG,31,10,11,W 2
53,1962-02-15,time unavailable,H,Boston Bruins,9,1,W,REG,32,10,11,W 3
54,1962-02-17,time unavailable,H,Chicago Black Hawks,6,2,W,REG,33,10,11,W 4
55,1962-02-18,time unavailable,@,Detroit Red Wings,2,4,L,REG,33,11,11,L 1
56,1962-02-21,time unavailable,@,Toronto Maple Leafs,4,2,W,REG,34,11,11,W 1
57,1962-02-24,time unavailable,H,New York Rangers,4,2,W,REG,35,11,11,W 2
58,1962-02-25,time unavailable,@,New York Rangers,3,3,T,REG,35,11,12,T 1
59,1962-03-03,time unavailable,H,Detroit Red Wings,2,2,T,REG,35,11,13,T 2
60,1962-03-04,time unavailable,@,Chicago Black Hawks,2,5,L,REG,35,12,13,L 1
61,1962-03-08,time unavailable,H,Toronto Maple Leafs,1,1,T,REG,35,12,14,T 1
62,1962-03-10,time unavailable,H,Boston Bruins,5,2,W,REG,36,12,14,W 1
63,1962-03-11,time unavailable,@,New York Rangers,2,1,W,REG,37,12,14,W 2
64,1962-03-14,time unavailable,@,Toronto Maple Leafs,2,5,L,REG,37,13,14,L 1
65,1962-03-15,time unavailable,H,Chicago Black Hawks,6,5,W,REG,38,13,14,W 1
66,1962-03-17,time unavailable,H,New York Rangers,2,0,W,REG,39,13,14,W 2
67,1962-03-18,time unavailable,@,Boston Bruins,2,6,L,REG,39,14,14,L 1
68,1962-03-22,time unavailable,H,Toronto Maple Leafs,4,1,W,REG,40,14,14,W 1
69,1962-03-24,time unavailable,H,Chicago Black Hawks,5,3,W,REG,41,14,14,W 2
70,1962-03-25,time unavailable,@,Detroit Red Wings,5,2,W,REG,42,14,14,W 3

GP,Date,Time,Location,Opponent,GF,GA,Result,Game Ended In,W,L,T,Streak
1,1962-03-27,time unavailable,H,Chicago Black Hawks,2,1,W,REG,1,0,0,W 1
2,1962-03-29,time unavailable,H,Chicago Black Hawks,4,3,W,REG,2,0,0,W 2
3,1962-04-01,time unavailable,@,Chicago Black Hawks,1,4,L,REG,2,1,0,L 1
4,1962-04-03,time unavailable,@,Chicago Black Hawks,3,5,L,REG,2,2,0,L 2
5,1962-04-05,time unavailable,H,Chicago Black Hawks,3,4,L,REG,2,3,0,L 3
6,1962-04-08,time unavailable,@,Chicago Black Hawks,0,2,L,REG,2,4,0,L 4

Ralph Backstrom,,6,C,24,5-10,165,L/-,5,"September 18, 1937",ca,"27 G, 38 A, 65 P"
Jean Beliveau,(C),4,C,30,6-3,205,L/-,10,"August 31, 1931",ca,"18 G, 23 A, 41 P"
Red Berenson,,24,LW,22,6-0,185,L/-,R,"December 8, 1939",ca,"1 G, 2 A, 3 P"
Marcel Bonin,,18,W,29,5-10,170,L/-,8,"September 12, 1932",ca,"7 G, 14 A, 21 P"
Billy Carter,,25,C,24,5-11,155,L/-,2,"December 2, 1937",ca,"0 G, 0 A, 0 P"
Lou Fontinato,,19,D,30,6-1,195,L/-,7,"January 20, 1932",ca,"2 G, 13 A, 15 P"
Jean Gauthier,,11,D,24,6-1,190,R/-,1,"April 29, 1937",ca,"0 G, 1 A, 1 P"
Bernie Geoffrion,,5,RW,30,5-9,166,R/-,11,"February 16, 1931",ca,"23 G, 36 A, 59 P"
Phil Goyette,,20,C,28,5-11,170,L/-,5,"October 31, 1933",ca,"7 G, 27 A, 34 P"
Chuck Hamilton,,24,LW/D,23,5-11,175,L/-,R,"January 18, 1939",ca,"0 G, 0 A, 0 P"
Bill Hicke,,8,RW,23,5-8,164,L/-,2,"March 31, 1938",ca,"20 G, 31 A, 51 P"
Tom Johnson,,10,D,33,6-0,180,L/-,12,"February 18, 1928",ca,"1 G, 17 A, 18 P"
Al MacNeil,,23,D,26,5-10,183,L/-,4,"September 27, 1935",ca,"1 G, 7 A, 8 P"
Don Marshall,,22,C,29,5-10,160,L/-,8,"March 23, 1932",ca,"18 G, 28 A, 46 P"
Dickie Moore,,12,LW,31,5-10,168,L/-,10,"January 6, 1931",ca,"19 G, 22 A, 41 P"
Jacques Plante,,1,G,33,6-0,175,-/L,9,"January 17, 1929",ca,"42-14-14, 2.37 GAA"
Claude Provost,,14-31,RW,28,5-9,168,R/-,6,"September 17, 1933",ca,"33 G, 29 A, 62 P"
Henri Richard,,16,C,25,5-7,160,R/-,6,"February 29, 1936",ca,"21 G, 29 A, 50 P"
Bobby Rousseau,,15,RW,21,5-10,178,R/-,1,"July 26, 1940",ca,"21 G, 24 A, 45 P"
Jean-Guy Talbot,,17,D,29,5-11,170,L/-,7,"July 11, 1932",ca,"5 G, 42 A, 47 P"
Gilles Tremblay,,21,LW,23,5-10,170,L/-,1,"December 17, 1938",ca,"32 G, 22 A, 54 P"
J.C. Tremblay,,3,D,23,5-11,170,L/-,2,"January 22, 1939",ca,"3 G, 17 A, 20 P"
