Half Clapper Top Cheddar,fall2011,Ice Hockey: Half Clapper Top Cheddar (All Star)
7,6,6,1,1
Sun Sep 25 @ 9:00 pm,Columbia Icefield Arena,lost,1,3,4,Easton-Fection
Fri Sep 30 @ 7:00 pm,Columbia Icefield Arena,tie,2,2,2,Sharp Dressed Men
Fri Oct 28 @ 8:00 pm,Columbia Icefield Arena,lost,1,6,0,Team Mike Lalande
Sun Nov 6 @ 4:00 pm,Columbia Icefield Arena,lost,4,7,3,All Star Indies 1
Sat Nov 12 @ 8:00 pm,Columbia Icefield Arena,lost,0,3,-2,Easton-Fection
Mon Nov 14 @ 11:00 pm,Columbia Icefield Arena,won,6,4,4,Thunder
Sun Nov 27 @ 9:00 pm,Columbia Icefield Arena,lost,3,5,0,Captain Strab and the Phorias

Daniel Ackerman,Mathew Bahm,Gregory Bowers,Marc Brownrigg,Joel Edwards,Philip Hatcher,Nicholas Kelly,Alexander McGarry,Jason McKague,Ben Norris,Joel Reeves,Cody Rice,Jason Shaw,Ben Tinklin,Matthew Twynstra,Mathieu Parisien
