HC Dyamo,fall2011,Ice Hockey: HC Dyamo (All Star)
9,6,6,3,3
Thu Sep 22 @ 9:00 pm,Columbia Icefield Arena,won,5,3,0,MennoKnights
Sun Sep 25 @ 10:00 pm,Columbia Icefield Arena,won,8,3,4,Worriers
Mon Oct 3 @ 11:00 pm,Columbia Icefield Arena,lost,3,4,0,MennoKnights
Fri Oct 14 @ 11:00 pm,Columbia Icefield Arena,lost,0,3,0,All Star Indies 1
Thu Oct 27 @ 10:00 pm,Columbia Icefield Arena,lost,0,6,3,Sharks
Tue Nov 8 @ 11:00 pm,Columbia Icefield Arena,won,4,3,4,Sharks
Fri Dec 2 @ 9:00 pm,Columbia Icefield Arena,won,4,1,0,MennoKnights
Sun Dec 4 @ 9:00 pm,Columbia Icefield Arena,won,7,1,0,Captain Strab and the Phorias
Mon Dec 5 @ 11:00 pm,Columbia Icefield Arena,lost,2,5,1,Easton-Fection

Brent Cave,Nicholas Collett,Peter Francis,Reed Froklage,Bradley Gifford,Michal Glinka,Darrin Jacklin,Jonathon Kotel,Adam Laudenbach,Stephen Lewtas,Michael Steffler,Mark Walkington,Corey Simmons
