Captain Strab and the Phorias,fall2011,Ice Hockey: Captain Strab and the Phorias (All Star)
8,6,6,2,2
Sun Sep 25 @ 12:00 pm,Columbia Icefield Arena,won,7,1,4,Thunder
Thu Oct 20 @ 9:00 pm,Columbia Icefield Arena,won,2,0,2,MennoKnights
Sun Oct 23 @ 10:00 pm,Columbia Icefield Arena,tie,4,4,3,Team Mike Lalande
Thu Nov 10 @ 10:00 pm,Columbia Icefield Arena,won,3,2,1,Sharks
Sun Nov 13 @ 4:00 pm,Columbia Icefield Arena,won,5,4,0,Sharp Dressed Men
Mon Nov 14 @ 10:00 pm,Columbia Icefield Arena,won,7,1,4,Worriers
Sun Nov 27 @ 9:00 pm,Columbia Icefield Arena,won,5,3,0,Half Clapper Top Cheddar
Sun Dec 4 @ 9:00 pm,Columbia Icefield Arena,lost,1,7,0,HC Dyamo

Sameer Dedhar,Bryan Ens,Matthew Fennell,Christopher Fitzpatrick,Andrew Macpherson,John-Paul Muggeridge,Braden Nicoll,Nikolas Pilecki,Jeffrey Thompson,Michael Tribou,Joseph Wang,Matthew Harrison
