Sharks,fall2011,Ice Hockey: Sharks (All Star)
9,6,6,3,3
Wed Sep 28 @ 10:00 pm,Columbia Icefield Arena,lost,4,6,0,Sharp Dressed Men
Wed Oct 5 @ 10:00 pm,Columbia Icefield Arena,won,3,2,4,Team Mike Lalande
Thu Oct 27 @ 10:00 pm,Columbia Icefield Arena,won,6,0,0,HC Dyamo
Tue Nov 8 @ 11:00 pm,Columbia Icefield Arena,lost,3,4,4,HC Dyamo
Wed Nov 9 @ 10:00 pm,Columbia Icefield Arena,won,7,2,3,Thunder
Thu Nov 10 @ 10:00 pm,Columbia Icefield Arena,lost,2,3,2,Captain Strab and the Phorias
Wed Nov 30 @ 10:00 pm,Columbia Icefield Arena,won,4,3,0,Worriers
Thu Dec 1 @ 10:00 pm,Columbia Icefield Arena,won,5,2,0,Team Mike Lalande
Sun Dec 4 @ 10:00 pm,Columbia Icefield Arena,lost,3,4,0,Easton-Fection

Andrew D’Angelo,Michael Demarco,Bryan Fedorak,Ronald Gizzie,Zachary Junkin,Michael Laporte,Scott Laporte,Graham Lloyd-Smith,Sandor Macsai,John Mitchell,Peter Wideman,Derek Laporte
