Easton-Fection,fall2011,Ice Hockey: Easton-Fection (All Star)
9,6,6,3,3
Sun Sep 25 @ 9:00 pm,Columbia Icefield Arena,won,3,1,4,Half Clapper Top Cheddar
Mon Sep 26 @ 10:00 pm,Columbia Icefield Arena,won,3,1,4,All Star Indies 1
Sun Oct 23 @ 11:00 pm,Columbia Icefield Arena,lost,1,2,4,Worriers
Fri Oct 28 @ 7:00 pm,Columbia Icefield Arena,won,7,4,-1,Sharp Dressed Men
Mon Oct 31 @ 11:00 pm,Columbia Icefield Arena,lost,1,6,2,Thunder
Sat Nov 12 @ 8:00 pm,Columbia Icefield Arena,won,3,0,avg.,Half Clapper Top Cheddar
Fri Dec 2 @ 8:00 pm,Columbia Icefield Arena,won,3,2,0,Sharp Dressed Men
Sun Dec 4 @ 10:00 pm,Columbia Icefield Arena,won,4,3,0,Sharks
Mon Dec 5 @ 11:00 pm,Columbia Icefield Arena,won,5,2,1,HC Dyamo

Michael Albanese,Steven Arnott,Tyler Cave,Nathan Cross,Shaun Harkley,Matthew Horst,Evan Koritko,Thomas Longo,Michael Miniou,Damien Parent,Garrett Rank,Adam Wilson,Bryan Germann
