INFO:
teamName,Thornlea
teamAbbreviation,Thornlea
sportId,n/a
sportName,n/a
sportRules,n/a
leagueId,watMu
levelId,n/a
seasonName,n/a
seasonId,n/a
Roster Size,16
Season Games Played,6
Playoff Round Lengths,1
END_INFO

SEASON:
Date/Time,Location,Opposing Team,Score,S.O.C.
Sat Jan 15 @ 2:30 pm,Columbia Icefield: Gym 1,Teach Me How To Dodgie,won 2 - 7,4
Tue Jan 18 @ 9:00 pm,Columbia Icefield: Gym 3,I Dodged Your Mom,lost 6 - 4,4
Sat Jan 29 @ 2:30 pm,Columbia Icefield: Gym 1,Popeye’s Spicy Chicken,lost 2 - 7,4
Sat Feb 5 @ 3:30 pm,Columbia Icefield: Gym 1,JD’s Eagles,lost 0 - 9,1
Tue Feb 8 @ 8:00 pm,Columbia Icefield: Gym 3,Pharmacy Postpwned,won 5 - 0,avg.
Thu Mar 3 @ 5:00 pm,Columbia Icefield: Gym 3,Distillers,won 5 - 0,avg.
END_SEASON

PLAYOFFS:
Date/Time,Location,Opposing Team,Score,S.O.C.
Mon Mar 28 @ 7:00 pm,Columbia Icefield: Gym 3,The Dodge Caravans,lost 1 - 5,2
END_PLAYOFFS

ROSTER:
Player,Captaincy,uwaterloo_email
Andrew Ku Ong,(C),aiqkuong@uwaterloo.ca
Alexander Anam,,
Gianne Cheng,,
Ho-Ting Cheung,,
Michael Chu,,
Alvin Fong,,
Steven Hong,,
Damoun Houshangi,,
Imran Khimji,,
Kai Kok,,
Joseph Mate,,
Jonathan Shen,,
Andrew Wehrfritz,,
Yuk Wong,,
Haoren Xiu,,
Yuen-Wah Yung,,
END_ROSTER
