INFO:
teamName,Mac Attack
teamAbbreviation,Mac Attack
sportId,n/a
sportName,n/a
sportRules,n/a
leagueId,watMu
levelId,n/a
seasonName,n/a
seasonId,n/a
Roster Size,13
Season Games Played,6
Playoff Round Lengths,1
END_INFO

SEASON:
Date/Time,Location,Opposing Team,Score,S.O.C.
Thu Jan 13 @ 7:00 pm,Columbia Icefield: Gym 3,Slum Dodge Millionaire,won 2 - 5,2
Thu Jan 20 @ 9:00 pm,Columbia Icefield: Gym 3,Blood is just red sweat,won 2 - 5,4
Thu Jan 27 @ 7:00 pm,Columbia Icefield: Gym 3,VASATEA,lost 4 - 5,0
Thu Feb 3 @ 10:00 pm,Columbia Icefield: Gym 3,The Ball Wranglers,won 6 - 2,4
Thu Feb 10 @ 7:00 pm,Columbia Icefield: Gym 3,AGP Incrediballs,lost 1 - 7,4
Thu Feb 17 @ 9:00 pm,Columbia Icefield: Gym 3,Inglorious European Basterds,lost 2 - 7,4
END_SEASON

PLAYOFFS:
Date/Time,Location,Opposing Team,Score,S.O.C.
Mon Mar 28 @ 8:00 pm,Columbia Icefield: Gym 3,AGP Incrediballs,lost 5 - 0,-2
END_PLAYOFFS

ROSTER:
Player,Captaincy,uwaterloo_email
Nitin Jain,(C),ashu.jain@medportal.ca
Shazeen Bandukwala,,
Michael Brown,,
Graham Cummins,,
Lindsay Fleming,,
Claire Harlick,,
Shilpa Jain,,
Jagbir Khinda,,
Heather Mcclenaghan,,
Ben Mccutchen,,
Omar Quazi,,
Marissa Vance,,
Colin Yardley,,
END_ROSTER
