INFO:
teamName,Blood is just red sweat
teamAbbreviation,Blood is just red sweat
sportId,n/a
sportName,n/a
sportRules,n/a
leagueId,watMu
levelId,n/a
seasonName,n/a
seasonId,n/a
Roster Size,19
Season Games Played,6
Playoff Round Lengths,1,1
END_INFO

SEASON:
Date/Time,Location,Opposing Team,Score,S.O.C.
Thu Jan 20 @ 9:00 pm,Columbia Icefield: Gym 3,Mac Attack,lost 2 - 5,4
Mon Jan 31 @ 7:00 pm,Columbia Icefield: Gym 3,VASATEA,lost 4 - 5,3
Mon Feb 7 @ 9:00 pm,Columbia Icefield: Gym 3,Inglorious European Basterds,lost 6 - 2,4
Thu Feb 17 @ 6:00 pm,Columbia Icefield: Gym 3,The Ball Wranglers,lost 3 - 6,3
Thu Mar 3 @ 9:00 pm,Columbia Icefield: Gym 3,The Dodge Caravans,won 3 - 5,3
Thu Mar 10 @ 6:00 pm,Columbia Icefield: Gym 3,Eyeballers,lost 7 - 0,4
END_SEASON

PLAYOFFS:
Date/Time,Location,Opposing Team,Score,S.O.C.
Thu Mar 24 @ 6:00 pm,Columbia Icefield: Gym 3,Distillers,won 5 - 0,2
Sat Apr 2 @ 4:30 pm,Columbia Icefield: Gym 3,Teach Me How To Dodgie,lost 0 - 5,2
END_PLAYOFFS

ROSTER:
Player,Captaincy,uwaterloo_email
Christine White,(C),c5white@uwaterloo.ca
Alex Chortos,,
Kaitlyne Cox,,
Rebecca Digby,,
Michaela Fernandes,,
Karina Graf,,
Courtney Janssen,,
Danielle Kofler,,
Natasha Lane,,
Chenyu Liu,,
Michael McMillan,,
Andrew Mitchell,,
Jared Nunn,,
Emily Piraino,,
Ian Smith,,
Lana Vanderlee,,
Ashley Wilson,,
Christopher Zehr,,
Lingkai Zhu,,
END_ROSTER
