INFO:
teamName,JD’s Eagles
teamAbbreviation,JD’s Eagles
sportId,n/a
sportName,n/a
sportRules,n/a
leagueId,watMu
levelId,n/a
seasonName,n/a
seasonId,n/a
Roster Size,14
Season Games Played,6
Playoff Round Lengths,1,1,1
END_INFO

SEASON:
Date/Time,Location,Opposing Team,Score,S.O.C.
Sat Jan 15 @ 5:30 pm,Columbia Icefield: Gym 1,Steve the Fish,lost 3 - 6,2
Sat Jan 22 @ 5:30 pm,Columbia Icefield: Gym 1,Popeye’s Spicy Chicken,won 2 - 7,3
Sat Jan 29 @ 4:30 pm,Columbia Icefield: Gym 1,The Mighty Ducks,won 2 - 7,4
Sat Feb 5 @ 3:30 pm,Columbia Icefield: Gym 1,Thornlea,won 0 - 9,0
Sat Feb 12 @ 3:30 pm,Columbia Icefield: Gym 1,Steve the Fish,won 6 - 2,2
Sat Mar 5 @ 3:30 pm,Columbia Icefield: Gym 1,Popeye’s Spicy Chicken,won 3 - 6,3
END_SEASON

PLAYOFFS:
Date/Time,Location,Opposing Team,Score,S.O.C.
Mon Mar 21 @ 5:00 pm,Columbia Icefield: Gym 3,The Mighty Ducks,won 5 - 4,2
Mon Mar 28 @ 9:00 pm,Columbia Icefield: Gym 3,VASATEA,won 5 - 2,0
Sat Apr 2 @ 6:30 pm,Columbia Icefield: Gym 3,Steve the Fish,won 5 - 3,2
END_PLAYOFFS

ROSTER:
Player,Captaincy,uwaterloo_email
Saswat Mohanty,(C),saswatm11@gmail.com
Hasan Ali Aamir,,
Minwoo Choi,,
Hassan Gondal,,
Ashna Jain,,
Jay Khasakia,,
Alexander Kranyak,,
Arush Kuthiala,,
Hao Lei,,
Wasiq Siddiqui,,
Sivakumaran Sivanathan,,
Robert Van Gennip,,
Ketheisan Vigneshwaran,,
Jia Yan,,
END_ROSTER
