INFO:
teamName,Inglorious European Basterds
teamAbbreviation,Inglorious European Basterds
sportId,n/a
sportName,n/a
sportRules,n/a
leagueId,watMu
levelId,n/a
seasonName,n/a
seasonId,n/a
Roster Size,18
Season Games Played,6
Playoff Round Lengths,1,1
END_INFO

SEASON:
Date/Time,Location,Opposing Team,Score,S.O.C.
Thu Jan 20 @ 10:00 pm,Columbia Icefield: Gym 3,AGP Incrediballs,lost 5 - 1,1
Mon Jan 24 @ 8:00 pm,Columbia Icefield: Gym 3,Eyeballers,lost 2 - 7,4
Mon Jan 31 @ 8:00 pm,Columbia Icefield: Gym 3,The Dodge Caravans,won 6 - 3,4
Mon Feb 7 @ 9:00 pm,Columbia Icefield: Gym 3,Blood is just red sweat,won 6 - 2,4
Thu Feb 17 @ 9:00 pm,Columbia Icefield: Gym 3,Mac Attack,won 2 - 7,4
Tue Mar 8 @ 8:00 pm,Columbia Icefield: Gym 3,Slum Dodge Millionaire,won 5 - 3,4
END_SEASON

PLAYOFFS:
Date/Time,Location,Opposing Team,Score,S.O.C.
Mon Mar 21 @ 9:00 pm,Columbia Icefield: Gym 3,I Dodged Your Mom,won 0 - 5,0
Mon Mar 28 @ 10:00 pm,Columbia Icefield: Gym 3,Steve the Fish,lost 5 - 3,2
END_PLAYOFFS

ROSTER:
Player,Captaincy,uwaterloo_email
Patrick Dehning,(C),p.dehning@tu-bs.de
Lucas Chambouvet,,
Clemens Dankwerth,,
Leonard Evequoz,,
Romain Froidevaux,,
Deborah Gernat,,
Aureline Grange,,
Renato Kempter,,
Pauline Lambert,,
Vincent Malley,,
Markus Minje,,
Sascha Putzke,,
Matthias Rothschuh,,
Thomas Schmidt,,
Johannes Schreiber,,
Matthias Schulz,,
Andreas Wagner,,
Jarmo Willemse,,
END_ROSTER
