INFO:
teamName,The Dodge Caravans
teamAbbreviation,The Dodge Caravans
sportId,n/a
sportName,n/a
sportRules,n/a
leagueId,watMu
levelId,n/a
seasonName,n/a
seasonId,n/a
Roster Size,13
Season Games Played,6
Playoff Round Lengths,1,1,1
END_INFO

SEASON:
Date/Time,Location,Opposing Team,Score,S.O.C.
Thu Jan 27 @ 10:00 pm,Columbia Icefield: Gym 3,The Ball Wranglers,lost 5 - 4,4
Mon Jan 31 @ 8:00 pm,Columbia Icefield: Gym 3,Inglorious European Basterds,lost 6 - 3,4
Mon Feb 7 @ 8:00 pm,Columbia Icefield: Gym 3,Eyeballers,lost 4 - 5,4
Thu Feb 17 @ 8:00 pm,Columbia Icefield: Gym 3,AGP Incrediballs,won 2 - 7,2
Thu Mar 3 @ 9:00 pm,Columbia Icefield: Gym 3,Blood is just red sweat,lost 3 - 5,3
Thu Mar 10 @ 8:00 pm,Columbia Icefield: Gym 3,Slum Dodge Millionaire,won 6 - 3,4
END_SEASON

PLAYOFFS:
Date/Time,Location,Opposing Team,Score,S.O.C.
Thu Mar 24 @ 8:00 pm,Columbia Icefield: Gym 3,The Ball Wranglers,won 0 - 5,2
Mon Mar 28 @ 7:00 pm,Columbia Icefield: Gym 3,Thornlea,won 1 - 5,2
Sat Apr 2 @ 5:30 pm,Columbia Icefield: Gym 3,AGP Incrediballs,won 5 - 4,2
END_PLAYOFFS

ROSTER:
Player,Captaincy,uwaterloo_email
David McLean,(C),d_mac88@hotmail.com
Corinne Bacher,,
Kyle Cirone,,
Evan Doupe,,
Bryon Hartung,,
Jessica Konzelmann,,
Patricia Lambros,,
Jonathan McMurrich,,
Gobinath Nadeshalingam,,
Hannah Ormshaw,,
Amberleighe Pequegnat,,
Erica Stacey,,
Shalini Vettivelu,,
END_ROSTER
