INFO:
teamName,Eyeballers
teamAbbreviation,Eyeballers
sportId,n/a
sportName,n/a
sportRules,n/a
leagueId,watMu
levelId,n/a
seasonName,n/a
seasonId,n/a
Roster Size,17
Season Games Played,6
Playoff Round Lengths,1
END_INFO

SEASON:
Date/Time,Location,Opposing Team,Score,S.O.C.
Tue Jan 18 @ 7:00 pm,Columbia Icefield: Gym 3,VASATEA,won 7 - 0,4
Tue Jan 18 @ 8:00 pm,Columbia Icefield: Gym 3,The Ball Wranglers,won 0 - 8,4
Mon Jan 24 @ 8:00 pm,Columbia Icefield: Gym 3,Inglorious European Basterds,won 2 - 7,4
Mon Feb 7 @ 8:00 pm,Columbia Icefield: Gym 3,The Dodge Caravans,won 4 - 5,4
Thu Mar 3 @ 8:00 pm,Columbia Icefield: Gym 3,AGP Incrediballs,won 2 - 7,4
Thu Mar 10 @ 6:00 pm,Columbia Icefield: Gym 3,Blood is just red sweat,won 7 - 0,4
END_SEASON

PLAYOFFS:
Date/Time,Location,Opposing Team,Score,S.O.C.
Tue Mar 22 @ 7:00 pm,Columbia Icefield: Gym 3,VASATEA,lost 4 - 5,1
END_PLAYOFFS

ROSTER:
Player,Captaincy,uwaterloo_email
Sam Schneider,(C),s3schnei@uwaterloo.ca
Sameer Dedhar,,
Johnathan Field,,
Steven Hoang,,
Alexa Lavigne,,
Victor Lee,,
Khuong Ly,,
Stephen McIntosh,,
Christina Morettin,,
Ronald Nhan,,
Michael Pedersen,,
Alexander Polczynski,,
Amy Smith,,
Jason Stein,,
Jennifer Swyers,,
Jeffrey Thompson,,
Jason Wan,,
END_ROSTER
