INFO:
teamName,Steve the Fish
teamAbbreviation,Steve the Fish
sportId,n/a
sportName,n/a
sportRules,n/a
leagueId,watMu
levelId,n/a
seasonName,n/a
seasonId,n/a
Roster Size,14
Season Games Played,6
Playoff Round Lengths,1,1,1
END_INFO

SEASON:
Date/Time,Location,Opposing Team,Score,S.O.C.
Sat Jan 15 @ 5:30 pm,Columbia Icefield: Gym 1,JD’s Eagles,won 3 - 6,3
Sat Jan 22 @ 3:30 pm,Columbia Icefield: Gym 1,Pharmacy Postpwned,won 0 - 5,avg.
Sat Jan 29 @ 3:30 pm,Columbia Icefield: Gym 1,Distillers,won 2 - 7,3
Sat Feb 5 @ 2:30 pm,Columbia Icefield: Gym 1,The Mighty Ducks,won 0 - 9,3
Sat Feb 12 @ 3:30 pm,Columbia Icefield: Gym 1,JD’s Eagles,lost 6 - 2,2
Sat Mar 5 @ 2:30 pm,Columbia Icefield: Gym 1,The Indispensables,won 5 - 4,4
END_SEASON

PLAYOFFS:
Date/Time,Location,Opposing Team,Score,S.O.C.
Sat Mar 19 @ 3:30 pm,Columbia Icefield: Gym 1,The Indispensables,won 5 - 3,2
Mon Mar 28 @ 10:00 pm,Columbia Icefield: Gym 3,Inglorious European Basterds,won 5 - 3,2
Sat Apr 2 @ 6:30 pm,Columbia Icefield: Gym 3,JD’s Eagles,lost 5 - 3,2
END_PLAYOFFS

ROSTER:
Player,Captaincy,uwaterloo_email
Jacob Reeb,(C),jmreeb@uwaterloo.ca
Lin Gan,,
Harrison Healey,,
Jeffrey Houghton,,
Marc Johnston,,
Chunghu Lee,,
Zhenting Liu,,
Sarah Millson,,
Kenneth Shum,,
Lindsay Simmons,,
Kyle Sutton,,
Alexander Walter,,
Juan Yan,,
Ya Zhu,,
END_ROSTER
