INFO:
teamName,The Mighty Ducks
teamAbbreviation,The Mighty Ducks
sportId,n/a
sportName,n/a
sportRules,n/a
leagueId,watMu
levelId,n/a
seasonName,n/a
seasonId,n/a
Roster Size,14
Season Games Played,6
Playoff Round Lengths,1
END_INFO

SEASON:
Date/Time,Location,Opposing Team,Score,S.O.C.
Sat Jan 15 @ 3:30 pm,Columbia Icefield: Gym 1,Pharmacy Postpwned,won 3 - 6,4
Sat Jan 22 @ 2:30 pm,Columbia Icefield: Gym 1,Distillers,won 3 - 5,3
Sat Jan 29 @ 4:30 pm,Columbia Icefield: Gym 1,JD’s Eagles,lost 2 - 7,4
Sat Feb 5 @ 2:30 pm,Columbia Icefield: Gym 1,Steve the Fish,lost 0 - 9,3
Mon Feb 7 @ 4:00 pm,Columbia Icefield: Gym 3,Distillers,won 1 - 8,4
Tue Mar 1 @ 10:00 pm,Columbia Icefield: Gym 3,Teach Me How To Dodgie,won 5 - 0,avg.
END_SEASON

PLAYOFFS:
Date/Time,Location,Opposing Team,Score,S.O.C.
Mon Mar 21 @ 5:00 pm,Columbia Icefield: Gym 3,JD’s Eagles,lost 5 - 4,2
END_PLAYOFFS

ROSTER:
Player,Captaincy,uwaterloo_email
Ewelina Luczko,(C),eluczko@uwaterloo.ca
Jason Annan,,
Jonathan Boss,,
Jamie Dickhout,,
Sean Ferguson,,
Taylor Granger,,
Alexis King,,
Christopher McKie,,
Kevin Raymond,,
Robertson Reid,,
Patrick Reilly,,
Michael Rolfe,,
Jonathan Stuart,,
Bryanne Wouters,,
END_ROSTER
