INFO:
teamName,VASATEA
teamAbbreviation,VASATEA
sportId,n/a
sportName,n/a
sportRules,n/a
leagueId,watMu
levelId,n/a
seasonName,n/a
seasonId,n/a
Roster Size,13
Season Games Played,6
Playoff Round Lengths,1,1
END_INFO

SEASON:
Date/Time,Location,Opposing Team,Score,S.O.C.
Tue Jan 18 @ 7:00 pm,Columbia Icefield: Gym 3,Eyeballers,lost 7 - 0,4
Mon Jan 24 @ 7:00 pm,Columbia Icefield: Gym 3,Slum Dodge Millionaire,won 3 - 5,1
Thu Jan 27 @ 7:00 pm,Columbia Icefield: Gym 3,Mac Attack,won 4 - 5,-1
Mon Jan 31 @ 7:00 pm,Columbia Icefield: Gym 3,Blood is just red sweat,won 4 - 5,2
Tue Feb 15 @ 9:00 pm,Columbia Icefield: Gym 3,The Ball Wranglers,tie 4 - 4,2
Thu Mar 10 @ 7:00 pm,Columbia Icefield: Gym 3,AGP Incrediballs,lost 3 - 6,3
END_SEASON

PLAYOFFS:
Date/Time,Location,Opposing Team,Score,S.O.C.
Tue Mar 22 @ 7:00 pm,Columbia Icefield: Gym 3,Eyeballers,won 4 - 5,1
Mon Mar 28 @ 9:00 pm,Columbia Icefield: Gym 3,JD’s Eagles,lost 5 - 2,0
END_PLAYOFFS

ROSTER:
Player,Captaincy,uwaterloo_email
Mehdi Amoui Kalareh,(C),mehdi.amoui@gmail.com
Abtin Athari,,
Avid Banihashemi Jahromi,,
Saman Barghi,,
Tania Fiuzie,,
Yasaman Hosseinkashi,,
Shahab Kamali,,
Shahin Kamali,,
Niousha Kazemi,,
Pooyan Khajehpour Tadavani,,
Siavash Rahbar Noudehi,,
Sara Rahmani,,
Pourya Shaker,,
END_ROSTER
