INFO:
teamName,AGP Incrediballs
teamAbbreviation,AGP Incrediballs
sportId,n/a
sportName,n/a
sportRules,n/a
leagueId,watMu
levelId,n/a
seasonName,n/a
seasonId,n/a
Roster Size,13
Season Games Played,6
Playoff Round Lengths,1,1,1
END_INFO

SEASON:
Date/Time,Location,Opposing Team,Score,S.O.C.
Thu Jan 20 @ 10:00 pm,Columbia Icefield: Gym 3,Inglorious European Basterds,won 5 - 1,1
Thu Feb 3 @ 5:00 pm,Columbia Icefield: Gym 3,Slum Dodge Millionaire,lost 5 - 0,-2
Thu Feb 10 @ 7:00 pm,Columbia Icefield: Gym 3,Mac Attack,won 1 - 7,2
Thu Feb 17 @ 8:00 pm,Columbia Icefield: Gym 3,The Dodge Caravans,lost 2 - 7,2
Thu Mar 3 @ 8:00 pm,Columbia Icefield: Gym 3,Eyeballers,lost 2 - 7,2
Thu Mar 10 @ 7:00 pm,Columbia Icefield: Gym 3,VASATEA,won 3 - 6,1
END_SEASON

PLAYOFFS:
Date/Time,Location,Opposing Team,Score,S.O.C.
Thu Mar 24 @ 5:00 pm,Columbia Icefield: Gym 3,Slum Dodge Millionaire,won 5 - 0,1
Mon Mar 28 @ 8:00 pm,Columbia Icefield: Gym 3,Mac Attack,won 5 - 0,0
Sat Apr 2 @ 5:30 pm,Columbia Icefield: Gym 3,The Dodge Caravans,lost 5 - 4,-1
END_PLAYOFFS

ROSTER:
Player,Captaincy,uwaterloo_email
Rylan Graham,(C),rylan.graham@uwaterloo.ca
Brad Bradford,,
Emma Defields,,
Mark Groulx,,
Hale Jones-Cox,,
Filip Majcherkiewicz,,
Adriana McMullen,,
Shannon Morris Rice,,
David Onishenko,,
Jonathan Pinto,,
Matthew Quick,,
Kathryn Randle,,
Erica Warsh,,
END_ROSTER
