INFO:
teamName,The Indispensables
teamAbbreviation,The Indispensables
sportId,n/a
sportName,n/a
sportRules,n/a
leagueId,watMu
levelId,n/a
seasonName,n/a
seasonId,n/a
Roster Size,12
Season Games Played,6
Playoff Round Lengths,1
END_INFO

SEASON:
Date/Time,Location,Opposing Team,Score,S.O.C.
Thu Jan 13 @ 5:00 pm,Columbia Icefield: Gym 3,Popeye’s Spicy Chicken,won 8 - 1,2
Tue Jan 18 @ 10:00 pm,Columbia Icefield: Gym 3,Teach Me How To Dodgie,won 3 - 6,4
Tue Jan 25 @ 8:00 pm,Columbia Icefield: Gym 3,Pharmacy Postpwned,won 2 - 5,4
Sat Feb 5 @ 4:30 pm,Columbia Icefield: Gym 1,Distillers,lost 5 - 0,0
Tue Feb 8 @ 7:00 pm,Columbia Icefield: Gym 3,I Dodged Your Mom,won 3 - 5,4
Sat Mar 5 @ 2:30 pm,Columbia Icefield: Gym 1,Steve the Fish,lost 5 - 4,4
END_SEASON

PLAYOFFS:
Date/Time,Location,Opposing Team,Score,S.O.C.
Sat Mar 19 @ 3:30 pm,Columbia Icefield: Gym 1,Steve the Fish,lost 5 - 3,2
END_PLAYOFFS

ROSTER:
Player,Captaincy,uwaterloo_email
Nelson Lung,(C),nslung@uwaterloo.ca
Erin Brandon,,
Sherman Chiu,,
Derek Kwong,,
Toi Lam,,
Samantha Lee,,
Andrea Ng,,
Peter Rempel,,
Bhavank Shah,,
Ludmila Tan,,
Andrew Wagner,,
Linda Zhao,,
END_ROSTER
