INFO:
teamName,Teach Me How To Dodgie
teamAbbreviation,Teach Me How To Dodgie
sportId,n/a
sportName,n/a
sportRules,n/a
leagueId,watMu
levelId,n/a
seasonName,n/a
seasonId,n/a
Roster Size,15
Season Games Played,6
Playoff Round Lengths,1,1,1
END_INFO

SEASON:
Date/Time,Location,Opposing Team,Score,S.O.C.
Sat Jan 15 @ 2:30 pm,Columbia Icefield: Gym 1,Thornlea,lost 2 - 7,4
Tue Jan 18 @ 10:00 pm,Columbia Icefield: Gym 3,The Indispensables,lost 3 - 6,4
Tue Jan 25 @ 7:00 pm,Columbia Icefield: Gym 3,I Dodged Your Mom,lost 6 - 3,4
Tue Feb 1 @ 7:00 pm,Columbia Icefield: Gym 3,Pharmacy Postpwned,won 7 - 2,4
Sat Feb 12 @ 4:30 pm,Columbia Icefield: Gym 1,Popeye’s Spicy Chicken,lost 5 - 4,-2
Tue Mar 1 @ 10:00 pm,Columbia Icefield: Gym 3,The Mighty Ducks,lost 5 - 0,-2
END_SEASON

PLAYOFFS:
Date/Time,Location,Opposing Team,Score,S.O.C.
Tue Mar 22 @ 9:00 pm,Columbia Icefield: Gym 3,Pharmacy Postpwned,won 5 - 1,2
Mon Mar 28 @ 6:00 pm,Columbia Icefield: Gym 3,Popeye’s Spicy Chicken,won 2 - 5,0
Sat Apr 2 @ 4:30 pm,Columbia Icefield: Gym 3,Blood is just red sweat,won 0 - 5,2
END_PLAYOFFS

ROSTER:
Player,Captaincy,uwaterloo_email
Evan Steed,(C),evan.steed@gmail.com
Alexander Carducci,,
Michael Charron,,
Jacqueline Diebold,,
David Do,,
Thomas Jilek,,
Stacey Kocher,,
Danielle Paes,,
Eryka Puzio,,
Todd Richardson,,
Carly Stoneman,,
Allison Tario,,
Jonathan Wong,,
Lilliana Yonadam,,
Mitchell Zorzit,,
END_ROSTER
