INFO:
teamName,Pharmacy Postpwned
teamAbbreviation,Pharmacy Postpwned
sportId,n/a
sportName,n/a
sportRules,n/a
leagueId,watMu
levelId,n/a
seasonName,n/a
seasonId,n/a
Roster Size,11
Season Games Played,6
Playoff Round Lengths,1
END_INFO

SEASON:
Date/Time,Location,Opposing Team,Score,S.O.C.
Sat Jan 15 @ 3:30 pm,Columbia Icefield: Gym 1,The Mighty Ducks,lost 3 - 6,4
Sat Jan 22 @ 3:30 pm,Columbia Icefield: Gym 1,Steve the Fish,lost 0 - 5,-2
Tue Jan 25 @ 8:00 pm,Columbia Icefield: Gym 3,The Indispensables,lost 2 - 5,4
Tue Feb 1 @ 7:00 pm,Columbia Icefield: Gym 3,Teach Me How To Dodgie,lost 7 - 2,4
Tue Feb 8 @ 8:00 pm,Columbia Icefield: Gym 3,Thornlea,lost 5 - 0,0
Tue Mar 1 @ 7:00 pm,Columbia Icefield: Gym 3,I Dodged Your Mom,lost 5 - 0,0
END_SEASON

PLAYOFFS:
Date/Time,Location,Opposing Team,Score,S.O.C.
Tue Mar 22 @ 9:00 pm,Columbia Icefield: Gym 3,Teach Me How To Dodgie,lost 5 - 1,2
END_PLAYOFFS

ROSTER:
Player,Captaincy,uwaterloo_email
Keyur Shah,(C),keyurshah.30@gmail.com
Nicole Agro,,
Niki Bajic,,
Jeffrey Baxter,,
Leonard Chan,,
Allan Cheng,,
Mahmood El-Sweisi,,
Jessica Karam,,
Ashley Masys,,
Angela Millson,,
Hilary Van Klooster,,
END_ROSTER
