INFO:
teamName,I Dodged Your Mom
teamAbbreviation,I Dodged Your Mom
sportId,n/a
sportName,n/a
sportRules,n/a
leagueId,watMu
levelId,n/a
seasonName,n/a
seasonId,n/a
Roster Size,14
Season Games Played,6
Playoff Round Lengths,1
END_INFO

SEASON:
Date/Time,Location,Opposing Team,Score,S.O.C.
Sat Jan 15 @ 1:30 pm,Columbia Icefield: Gym 1,Distillers,won 9 - 0,4
Tue Jan 18 @ 9:00 pm,Columbia Icefield: Gym 3,Thornlea,won 6 - 4,4
Tue Jan 25 @ 7:00 pm,Columbia Icefield: Gym 3,Teach Me How To Dodgie,won 6 - 3,3
Sat Feb 5 @ 1:30 pm,Columbia Icefield: Gym 1,Popeye’s Spicy Chicken,won 6 - 2,0
Tue Feb 8 @ 7:00 pm,Columbia Icefield: Gym 3,The Indispensables,lost 3 - 5,2
Tue Mar 1 @ 7:00 pm,Columbia Icefield: Gym 3,Pharmacy Postpwned,won 5 - 0,avg.
END_SEASON

PLAYOFFS:
Date/Time,Location,Opposing Team,Score,S.O.C.
Mon Mar 21 @ 9:00 pm,Columbia Icefield: Gym 3,Inglorious European Basterds,lost 0 - 5,-2
END_PLAYOFFS

ROSTER:
Player,Captaincy,uwaterloo_email
Daniel Dalton,(C),ddalton@uwaterloo.ca
Chelsea Barr,,
Jillian Bauer,,
Emily Blake,,
Julian Ellis,,
Pierce Hua,,
David Hughes,,
Andrew Kwong,,
Carmen Loucks,,
Kacie Lunn,,
Annick Nguyen,,
Jaskiran Otal,,
Lisa Sunstrum,,
Marc Wilson,,
END_ROSTER
