INFO:
teamName,Popeye’s Spicy Chicken
teamAbbreviation,Popeye’s Spicy Chicken
sportId,n/a
sportName,n/a
sportRules,n/a
leagueId,watMu
levelId,n/a
seasonName,n/a
seasonId,n/a
Roster Size,9
Season Games Played,6
Playoff Round Lengths,1
END_INFO

SEASON:
Date/Time,Location,Opposing Team,Score,S.O.C.
Thu Jan 13 @ 5:00 pm,Columbia Icefield: Gym 3,The Indispensables,lost 8 - 1,1
Sat Jan 22 @ 5:30 pm,Columbia Icefield: Gym 1,JD’s Eagles,lost 2 - 7,3
Sat Jan 29 @ 2:30 pm,Columbia Icefield: Gym 1,Thornlea,won 2 - 7,-1
Sat Feb 5 @ 1:30 pm,Columbia Icefield: Gym 1,I Dodged Your Mom,lost 6 - 2,0
Sat Feb 12 @ 4:30 pm,Columbia Icefield: Gym 1,Teach Me How To Dodgie,won 5 - 4,3
Sat Mar 5 @ 3:30 pm,Columbia Icefield: Gym 1,JD’s Eagles,lost 3 - 6,3
END_SEASON

PLAYOFFS:
Date/Time,Location,Opposing Team,Score,S.O.C.
Mon Mar 28 @ 6:00 pm,Columbia Icefield: Gym 3,Teach Me How To Dodgie,lost 2 - 5,2
END_PLAYOFFS

ROSTER:
Player,Captaincy,uwaterloo_email
Hashim Mir,(C),hamir@uwaterloo.ca
Kevin Carmichael,,
I-Cheng Chan,,
Mohammad Khalid,,
Jarome Leslie,,
DongWei Liu,,
Dharssan Pushparajah,,
Avinaash Sundar,,
Philip Van-Lane,,
END_ROSTER
