INFO:
teamName,The Ball Wranglers
teamAbbreviation,The Ball Wranglers
sportId,n/a
sportName,n/a
sportRules,n/a
leagueId,watMu
levelId,n/a
seasonName,n/a
seasonId,n/a
Roster Size,11
Season Games Played,6
Playoff Round Lengths,1
END_INFO

SEASON:
Date/Time,Location,Opposing Team,Score,S.O.C.
Tue Jan 18 @ 8:00 pm,Columbia Icefield: Gym 3,Eyeballers,lost 0 - 8,4
Thu Jan 27 @ 10:00 pm,Columbia Icefield: Gym 3,The Dodge Caravans,won 5 - 4,4
Thu Feb 3 @ 10:00 pm,Columbia Icefield: Gym 3,Mac Attack,lost 6 - 2,2
Thu Feb 10 @ 5:00 pm,Columbia Icefield: Gym 3,Slum Dodge Millionaire,lost 4 - 3,4
Tue Feb 15 @ 9:00 pm,Columbia Icefield: Gym 3,VASATEA,tie 4 - 4,0
Thu Feb 17 @ 6:00 pm,Columbia Icefield: Gym 3,Blood is just red sweat,won 3 - 6,2
END_SEASON

PLAYOFFS:
Date/Time,Location,Opposing Team,Score,S.O.C.
Thu Mar 24 @ 8:00 pm,Columbia Icefield: Gym 3,The Dodge Caravans,lost 0 - 5,2
END_PLAYOFFS

ROSTER:
Player,Captaincy,uwaterloo_email
Michael Takeda,(C),mtakeda@uwaterloo.ca
Christina Bright,,
Tyler Gale,,
Nicole O’Brien,,
Benjamin Plumb,,
Deitra Sawh,,
Richard Simms,,
Andrew Snowdon,,
Mark Spanjers,,
Emily Vance,,
Sanders Wong,,
END_ROSTER
