INFO:
teamName,Slum Dodge Millionaire
teamAbbreviation,Slum Dodge Millionaire
sportId,n/a
sportName,n/a
sportRules,n/a
leagueId,watMu
levelId,n/a
seasonName,n/a
seasonId,n/a
Roster Size,23
Season Games Played,6
Playoff Round Lengths,1
END_INFO

SEASON:
Date/Time,Location,Opposing Team,Score,S.O.C.
Thu Jan 13 @ 7:00 pm,Columbia Icefield: Gym 3,Mac Attack,lost 2 - 5,2
Mon Jan 24 @ 7:00 pm,Columbia Icefield: Gym 3,VASATEA,lost 3 - 5,2
Thu Feb 3 @ 5:00 pm,Columbia Icefield: Gym 3,AGP Incrediballs,won 5 - 0,avg.
Thu Feb 10 @ 5:00 pm,Columbia Icefield: Gym 3,The Ball Wranglers,won 4 - 3,4
Tue Mar 8 @ 8:00 pm,Columbia Icefield: Gym 3,Inglorious European Basterds,lost 5 - 3,4
Thu Mar 10 @ 8:00 pm,Columbia Icefield: Gym 3,The Dodge Caravans,lost 6 - 3,4
END_SEASON

PLAYOFFS:
Date/Time,Location,Opposing Team,Score,S.O.C.
Thu Mar 24 @ 5:00 pm,Columbia Icefield: Gym 3,AGP Incrediballs,lost 5 - 0,1
END_PLAYOFFS

ROSTER:
Player,Captaincy,uwaterloo_email
Noah Forrin,(C),nforrin@uwaterloo.ca
Man Cheung,,
Martin Day,,
Bill Eickmeier,,
Amanda Forest,,
Omid Fotuhi,,
Sharon Gaine,,
Randall Gillis,,
Stephanie Goyert,,
Christie Haskell,,
Oliver Johnson,,
David Kille,,
Jesse Langstaff,,
Merrick Levene,,
Cecilia Meza,,
Ester Moher,,
Angela Nyhout,,
Jason Ozubko,,
Gordon Pennycook,,
Shawn Stubitz,,
Crystal Tse,,
Amanda Wudarzewski,,
Tracy Xiong,,
END_ROSTER
