INFO:
teamName,Distillers
teamAbbreviation,Distillers
sportId,n/a
sportName,n/a
sportRules,n/a
leagueId,watMu
levelId,n/a
seasonName,n/a
seasonId,n/a
Roster Size,18
Season Games Played,6
Playoff Round Lengths,1
END_INFO

SEASON:
Date/Time,Location,Opposing Team,Score,S.O.C.
Sat Jan 15 @ 1:30 pm,Columbia Icefield: Gym 1,I Dodged Your Mom,lost 9 - 0,4
Sat Jan 22 @ 2:30 pm,Columbia Icefield: Gym 1,The Mighty Ducks,lost 3 - 5,3
Sat Jan 29 @ 3:30 pm,Columbia Icefield: Gym 1,Steve the Fish,lost 2 - 7,3
Sat Feb 5 @ 4:30 pm,Columbia Icefield: Gym 1,The Indispensables,won 5 - 0,avg.
Mon Feb 7 @ 4:00 pm,Columbia Icefield: Gym 3,The Mighty Ducks,lost 1 - 8,4
Thu Mar 3 @ 5:00 pm,Columbia Icefield: Gym 3,Thornlea,lost 5 - 0,-2
END_SEASON

PLAYOFFS:
Date/Time,Location,Opposing Team,Score,S.O.C.
Thu Mar 24 @ 6:00 pm,Columbia Icefield: Gym 3,Blood is just red sweat,lost 5 - 0,2
END_PLAYOFFS

ROSTER:
Player,Captaincy,uwaterloo_email
Anup Tuladhar,(C),atuladha@uwaterloo.ca
Forogh Askari,,
Gary Cheung,,
Wing Hang Cheung,,
Andrew D’Angelo,,
Wei-Chen Lin,,
Jhonny Lin Chung,,
Ian Mann,,
Philip Ngan,,
Abhishek Patri,,
Rahul Raman,,
Nigel Ribeiro,,
Janine Serratore,,
Christopher Shum,,
Ryan Sit,,
Melanie Snow,,
Raymond Tang,,
Alana Yeung,,
END_ROSTER
