Boston Bruins,BOS,nhl
2008-09,2009
32
82
4,7
GP,Date,Time,Location,Opponent,GF,GA,Result,Game Ended In,W,L,OL,Streak,S,PIM,PPG,SHG,S,PIM,PPG,SHG,Notes
1,2008-10-09,time unavailable,@,Colorado Avalanche,5,4,W,REG,1,0,0,W 1,20,10,1,0,39,4,1,0
2,2008-10-11,time unavailable,@,Minnesota Wild,3,4,L,REG,1,1,0,L 1,37,10,0,0,26,12,2,0
3,2008-10-15,time unavailable,@,Montreal Canadiens,3,4,L,SO,1,1,1,L 2,34,25,1,0,28,29,1,1
4,2008-10-18,time unavailable,@,Ottawa Senators,4,2,W,REG,2,1,1,W 1,27,10,1,0,23,4,1,0
5,2008-10-20,time unavailable,H,Pittsburgh Penguins,1,2,L,SO,2,1,2,L 1,36,13,1,0,32,17,0,0
6,2008-10-21,time unavailable,@,Buffalo Sabres,2,3,L,SO,2,1,3,L 2,32,8,1,0,30,12,1,0
7,2008-10-23,time unavailable,H,Toronto Maple Leafs,2,4,L,REG,2,2,3,L 3,28,14,0,0,37,8,2,0
8,2008-10-25,time unavailable,H,Atlanta Thrashers,5,4,W,REG,3,2,3,W 1,33,10,2,0,32,12,3,0
9,2008-10-27,time unavailable,@,Edmonton Oilers,1,0,W,OT,4,2,3,W 2,36,6,1,0,27,10,0,0
10,2008-10-28,time unavailable,@,Vancouver Canucks,1,0,W,REG,5,2,3,W 3,30,6,0,0,31,4,0,0
11,2008-10-30,time unavailable,@,Calgary Flames,2,3,L,REG,5,3,3,L 1,31,10,0,0,38,6,2,0
12,2008-11-01,time unavailable,H,Dallas Stars,5,1,W,REG,6,3,3,W 1,25,77,1,0,35,69,0,0
13,2008-11-06,time unavailable,H,Toronto Maple Leafs,5,2,W,REG,7,3,3,W 2,35,8,2,0,36,6,0,0
14,2008-11-08,time unavailable,H,Buffalo Sabres,3,1,W,REG,8,3,3,W 3,40,4,0,0,33,6,0,0
15,2008-11-12,time unavailable,@,Chicago Blackhawks,2,1,W,SO,9,3,3,W 4,39,31,1,0,32,19,1,0
16,2008-11-13,time unavailable,H,Montreal Canadiens,6,1,W,REG,10,3,3,W 5,31,9,2,0,28,13,0,0
17,2008-11-15,time unavailable,@,New York Rangers,2,3,L,SO,10,3,4,L 1,25,15,0,1,31,9,0,0
18,2008-11-17,time unavailable,@,Toronto Maple Leafs,3,2,W,REG,11,3,4,W 1,22,15,0,0,30,11,0,0
19,2008-11-19,time unavailable,H,Buffalo Sabres,7,4,W,REG,12,3,4,W 2,23,10,2,0,29,16,1,0
20,2008-11-21,time unavailable,H,Florida Panthers,4,2,W,REG,13,3,4,W 3,39,15,1,0,32,13,0,0
21,2008-11-22,time unavailable,@,Montreal Canadiens,3,2,W,SO,14,3,4,W 4,27,10,0,0,35,6,0,0
22,2008-11-26,time unavailable,@,Buffalo Sabres,2,3,L,REG,14,4,4,L 1,29,9,0,0,23,9,0,1
23,2008-11-28,time unavailable,H,New York Islanders,7,2,W,REG,15,4,4,W 1,39,18,3,0,24,20,1,0
24,2008-11-29,time unavailable,H,Detroit Red Wings,4,1,W,REG,16,4,4,W 2,19,8,0,0,30,4,1,0
25,2008-12-04,time unavailable,@,Tampa Bay Lightning,3,1,W,REG,17,4,4,W 3,26,6,0,1,31,2,0,0
26,2008-12-06,time unavailable,@,Florida Panthers,4,0,W,REG,18,4,4,W 4,32,4,1,0,27,6,0,0
27,2008-12-08,time unavailable,H,Tampa Bay Lightning,5,3,W,REG,19,4,4,W 5,24,8,2,0,29,12,0,0
28,2008-12-10,time unavailable,@,Washington Capitals,1,3,L,REG,19,5,4,L 1,34,4,0,0,26,6,1,0
29,2008-12-12,time unavailable,@,Atlanta Thrashers,7,3,W,REG,20,5,4,W 1,25,30,2,0,33,39,2,0
30,2008-12-13,time unavailable,H,Atlanta Thrashers,4,2,W,REG,21,5,4,W 2,29,23,2,0,22,19,0,0
31,2008-12-18,time unavailable,H,Toronto Maple Leafs,8,5,W,REG,22,5,4,W 3,27,22,4,0,36,24,2,0
32,2008-12-20,time unavailable,H,Carolina Hurricanes,4,2,W,REG,23,5,4,W 4,36,6,0,0,34,2,1,0
33,2008-12-21,time unavailable,@,St. Louis Blues,6,3,W,REG,24,5,4,W 5,28,11,2,1,32,13,1,1
34,2008-12-23,time unavailable,@,New Jersey Devils,2,0,W,REG,25,5,4,W 6,24,11,0,0,25,13,0,0
35,2008-12-27,time unavailable,@,Carolina Hurricanes,4,2,W,REG,26,5,4,W 7,22,8,0,0,31,6,0,0
36,2008-12-28,time unavailable,@,Atlanta Thrashers,2,1,W,REG,27,5,4,W 8,28,10,0,0,33,10,0,0
37,2008-12-30,time unavailable,@,Pittsburgh Penguins,5,2,W,REG,28,5,4,W 9,40,13,2,1,34,23,0,0
38,2009-01-01,time unavailable,H,Pittsburgh Penguins,4,2,W,REG,29,5,4,W 10,26,10,1,0,32,12,0,0
39,2009-01-03,time unavailable,H,Buffalo Sabres,2,4,L,REG,29,6,4,L 1,31,8,1,0,25,8,1,0
40,2009-01-06,time unavailable,H,Minnesota Wild,0,1,L,REG,29,7,4,L 2,28,12,0,0,24,6,1,0
41,2009-01-08,time unavailable,H,Ottawa Senators,6,4,W,REG,30,7,4,W 1,22,7,0,0,30,9,0,0
42,2009-01-10,time unavailable,H,Carolina Hurricanes,5,1,W,REG,31,7,4,W 2,32,11,1,0,30,15,0,0
43,2009-01-13,time unavailable,H,Montreal Canadiens,3,1,W,REG,32,7,4,W 3,29,15,2,0,35,18,1,0
44,2009-01-15,time unavailable,@,New York Islanders,2,1,W,REG,33,7,4,W 4,27,11,0,0,41,11,0,0
45,2009-01-17,time unavailable,@,Washington Capitals,1,2,L,REG,33,8,4,L 1,24,10,1,0,30,8,1,0
46,2009-01-19,time unavailable,H,St. Louis Blues,4,5,L,SO,33,8,5,L 2,26,10,2,0,31,12,1,0
47,2009-01-21,time unavailable,@,Toronto Maple Leafs,4,3,W,SO,34,8,5,W 1,30,8,2,0,34,8,1,0
48,2009-01-27,time unavailable,H,Washington Capitals,3,2,W,OT,35,8,5,W 2,28,17,2,0,36,15,0,0
49,2009-01-29,time unavailable,H,New Jersey Devils,3,4,L,OT,35,8,6,L 1,27,7,0,0,30,13,1,1
50,2009-01-31,time unavailable,H,New York Rangers,1,0,W,REG,36,8,6,W 1,27,2,0,0,35,2,0,0
51,2009-02-01,time unavailable,@,Montreal Canadiens,3,1,W,REG,37,8,6,W 2,23,19,0,0,28,21,1,0
52,2009-02-04,time unavailable,@,Philadelphia Flyers,3,1,W,REG,38,8,6,W 3,33,4,0,0,26,10,0,0
53,2009-02-05,time unavailable,@,Ottawa Senators,4,3,W,SO,39,8,6,W 4,30,4,2,0,22,10,1,0
54,2009-02-07,time unavailable,H,Philadelphia Flyers,3,4,L,OT,39,8,7,L 1,37,10,0,0,30,6,2,0
55,2009-02-10,time unavailable,H,San Jose Sharks,2,5,L,REG,39,9,7,L 2,30,2,0,0,31,10,1,0
56,2009-02-13,time unavailable,@,New Jersey Devils,0,1,L,REG,39,10,7,L 3,31,4,0,0,18,4,0,0
57,2009-02-14,time unavailable,@,Nashville Predators,2,3,L,SO,39,10,8,L 4,25,12,0,0,31,8,0,1
58,2009-02-17,time unavailable,@,Carolina Hurricanes,5,1,W,REG,40,10,8,W 1,34,12,2,2,32,10,0,0
59,2009-02-21,time unavailable,@,Florida Panthers,0,2,L,REG,40,11,8,L 1,41,6,0,0,29,12,0,1
60,2009-02-22,time unavailable,@,Tampa Bay Lightning,3,4,L,REG,40,12,8,L 2,43,22,1,0,18,20,1,0
61,2009-02-24,time unavailable,H,Florida Panthers,6,1,W,REG,41,12,8,W 1,39,7,1,0,25,9,0,0
62,2009-02-26,time unavailable,H,Anaheim Ducks,6,0,W,REG,42,12,8,W 2,27,18,2,0,35,40,0,0
63,2009-02-28,time unavailable,H,Washington Capitals,3,4,L,OT,42,12,9,L 1,37,10,1,0,32,8,2,0
64,2009-03-03,time unavailable,H,Philadelphia Flyers,2,4,L,REG,42,13,9,L 2,24,12,2,0,26,10,1,0
65,2009-03-05,time unavailable,H,Phoenix Coyotes,1,2,L,REG,42,14,9,L 3,26,4,0,0,18,6,1,0
66,2009-03-07,time unavailable,H,Chicago Blackhawks,5,3,W,REG,43,14,9,W 1,39,6,0,0,35,6,2,0
67,2009-03-08,time unavailable,@,New York Rangers,3,4,L,REG,43,15,9,L 1,39,17,1,0,30,17,1,0
68,2009-03-10,time unavailable,@,Columbus Blue Jackets,0,2,L,REG,43,16,9,L 2,35,13,0,0,34,13,1,0
69,2009-03-12,time unavailable,H,Ottawa Senators,5,3,W,REG,44,16,9,W 1,22,15,1,1,28,11,0,0
70,2009-03-14,time unavailable,H,New York Islanders,2,1,W,REG,45,16,9,W 2,25,8,0,0,22,8,0,0
71,2009-03-15,time unavailable,@,Pittsburgh Penguins,4,6,L,REG,45,17,9,L 1,25,16,1,1,34,10,2,0
72,2009-03-19,time unavailable,H,Los Angeles Kings,2,3,L,OT,45,17,10,L 2,26,6,0,0,38,8,1,0
73,2009-03-22,time unavailable,H,New Jersey Devils,4,1,W,REG,46,17,10,W 1,30,12,2,0,42,8,0,0
74,2009-03-28,time unavailable,@,Toronto Maple Leafs,7,5,W,REG,47,17,10,W 2,31,14,2,0,38,14,1,0
75,2009-03-29,time unavailable,@,Philadelphia Flyers,4,3,W,REG,48,17,10,W 3,31,16,1,0,48,16,0,0
76,2009-03-31,time unavailable,H,Tampa Bay Lightning,3,1,W,REG,49,17,10,W 4,39,27,2,0,25,29,0,0
77,2009-04-02,time unavailable,H,Ottawa Senators,2,1,W,REG,50,17,10,W 5,33,10,0,0,32,8,0,0
78,2009-04-04,time unavailable,H,New York Rangers,1,0,W,REG,51,17,10,W 6,24,8,0,0,31,8,0,0
79,2009-04-07,time unavailable,@,Ottawa Senators,2,3,L,REG,51,18,10,L 1,33,10,1,0,32,8,1,1
80,2009-04-09,time unavailable,H,Montreal Canadiens,5,4,W,OT,52,18,10,W 1,33,41,2,0,39,35,3,0
81,2009-04-11,time unavailable,@,Buffalo Sabres,1,6,L,REG,52,19,10,L 1,35,8,1,0,34,10,1,0
82,2009-04-12,time unavailable,@,New York Islanders,6,2,W,REG,53,19,10,W 1,33,8,2,0,34,10,0,0

GP,Date,Time,Location,Opponent,GF,GA,Result,Game Ended In,W,L,Streak,S,PIM,PPG,SHG,S,PIM,PPG,SHG,Notes
1,2009-04-16,time unavailable,H,Montreal Canadiens,4,2,W,REG,1,0,W 1,39,28,1,0,28,32,0,0
2,2009-04-18,time unavailable,H,Montreal Canadiens,5,1,W,REG,2,0,W 2,31,23,3,0,31,33,0,0
3,2009-04-20,time unavailable,@,Montreal Canadiens,4,2,W,REG,3,0,W 3,30,10,0,0,25,6,0,0
4,2009-04-22,time unavailable,@,Montreal Canadiens,4,1,W,REG,4,0,W 4,30,11,0,0,27,30,0,0
5,2009-05-01,time unavailable,H,Carolina Hurricanes,4,1,W,REG,5,0,W 5,24,4,0,0,27,8,0,0
6,2009-05-03,time unavailable,H,Carolina Hurricanes,0,3,L,REG,5,1,L 1,36,2,0,0,25,8,0,1
7,2009-05-06,time unavailable,@,Carolina Hurricanes,2,3,L,OT,5,2,L 2,23,6,0,0,41,4,1,0
8,2009-05-08,time unavailable,@,Carolina Hurricanes,1,4,L,REG,5,3,L 3,21,18,1,0,31,14,2,0
9,2009-05-10,time unavailable,H,Carolina Hurricanes,4,0,W,REG,6,3,W 1,40,35,1,0,19,46,0,0
10,2009-05-12,time unavailable,@,Carolina Hurricanes,4,2,W,REG,7,3,W 2,19,6,0,0,33,4,0,0
11,2009-05-14,time unavailable,H,Carolina Hurricanes,2,3,L,OT,7,4,L 1,36,4,0,0,37,8,0,0

P.J. Axelsson,,11,LW,33,6-1,188,L/-,10,"February 26, 1975",se,"6 G, 24 A, 30 P"
Patrice Bergeron,,37,C,23,6-1,195,R/-,4,"July 24, 1985",ca,"8 G, 31 A, 39 P"
Byron Bitz,,61,RW,24,6-5,215,R/-,R,"July 21, 1984",ca,"4 G, 3 A, 7 P"
Johnny Boychuk,,55,D,25,6-2,227,R/-,1,"January 19, 1984",ca,"0 G, 0 A, 0 P"
Zdeno Chara,(C),33,D,31,6-9,250,L/-,10,"March 18, 1977",cs,"19 G, 31 A, 50 P"
Andrew Ference,,21,D,29,5-11,182,L/-,8,"March 17, 1979",ca,"1 G, 15 A, 16 P"
Manny Fernandez,,35,G,34,6-0,207,-/L,12,"August 27, 1974",ca,"16-8-3, 2.59 GAA"
Shane Hnidy,,34,D,33,6-2,204,R/-,7,"November 8, 1975",ca,"3 G, 9 A, 12 P"
Matt Hunwick,,48,D,23,5-11,194,L/-,1,"May 21, 1985",us,"6 G, 21 A, 27 P"
Martins Karsums,,43,RW,22,5-10,198,R/-,R,"February 26, 1986",su,"0 G, 1 A, 1 P"
Phil Kessel,,81,RW,21,6-0,202,R/-,2,"October 2, 1987",us,"36 G, 24 A, 60 P"
Chuck Kobasew,,12,RW,26,6-0,192,R/-,5,"April 17, 1982",ca,"21 G, 21 A, 42 P"
David Krejci,,46,C,22,6-0,186,R/-,2,"April 28, 1986",cs,"22 G, 51 A, 73 P"
Matt Lashoff,,49,D,22,6-2,204,L/-,2,"September 29, 1986",us,"0 G, 1 A, 1 P"
Mikko Lehtonen,,68,RW,21,6-3,196,R/-,R,"April 1, 1987",fi,"0 G, 0 A, 0 P"
Milan Lucic,,17,LW,20,6-3,233,L/-,1,"June 7, 1988",ca,"17 G, 25 A, 42 P"
Steve Montador,,23,D,29,6-0,210,R/-,6,"December 21, 1979",ca,"0 G, 1 A, 1 P"
Petteri Nokelainen,,29,C,23,6-1,202,R/-,2,"January 16, 1986",fi,"0 G, 3 A, 3 P"
Tuukka Rask,,40,G,21,6-3,176,L/L,1,"March 10, 1987",fi,"1-0-0, 0.00 GAA"
Mark Recchi,,28,RW,40,5-10,195,L/-,19,"February 1, 1968",ca,"10 G, 6 A, 16 P"
Michael Ryder,,73,RW,28,6-1,200,R/-,4,"March 31, 1980",ca,"27 G, 26 A, 53 P"
Marc Savard,,91,C,31,5-10,191,L/-,10,"July 17, 1977",ca,"25 G, 63 A, 88 P"
Vladimir Sobotka,,60,C,21,5-10,197,L/-,1,"July 2, 1987",cs,"1 G, 4 A, 5 P"
Martin St. Pierre,,47,C,25,5-9,187,L/-,3,"August 11, 1983",ca,"2 G, 2 A, 4 P"
Mark Stuart,,45,D,24,6-2,215,L/-,3,"April 27, 1984",us,"5 G, 12 A, 17 P"
Marco Sturm,,16,LW,30,6-0,196,L/-,10,"September 8, 1978",de,"7 G, 6 A, 13 P"
Tim Thomas,,30,G,34,5-11,201,-/L,4,"April 15, 1974",us,"36-11-7, 2.10 GAA"
Shawn Thornton,,22,LW,31,6-2,217,R/-,5,"July 23, 1977",ca,"6 G, 5 A, 11 P"
Aaron Ward,,44,D,36,6-2,209,R/-,13,"January 17, 1973",ca,"3 G, 7 A, 10 P"
Blake Wheeler,,26-42,RW,22,6-5,225,R/-,R,"August 31, 1986",us,"21 G, 24 A, 45 P"
Dennis Wideman,,6,D,25,6-0,202,R/-,3,"March 20, 1983",ca,"13 G, 37 A, 50 P"
Stephane Yelle,,18,C,34,6-2,182,L/-,12,"May 9, 1974",ca,"7 G, 11 A, 18 P"
