Philadelphia Flyers,PHI,nhl
2008-09,2009
37
82
6
GP,Date,Time,Location,Opponent,GF,GA,Result,Game Ended In,W,L,OL,Streak,S,PIM,PPG,SHG,S,PIM,PPG,SHG,Notes
1,2008-10-11,time unavailable,H,New York Rangers,3,4,L,REG,0,1,0,L 1,28,24,0,1,27,24,1,0
2,2008-10-13,time unavailable,H,Montreal Canadiens,3,5,L,REG,0,2,0,L 2,32,20,2,0,27,26,0,0
3,2008-10-14,time unavailable,@,Pittsburgh Penguins,2,3,L,OT,0,2,1,L 3,30,17,0,0,28,17,1,0
4,2008-10-16,time unavailable,@,Colorado Avalanche,2,5,L,REG,0,3,1,L 4,18,24,1,1,34,16,3,0
5,2008-10-18,time unavailable,@,San Jose Sharks,4,5,L,OT,0,3,2,L 5,17,25,0,1,45,17,1,0
6,2008-10-22,time unavailable,H,San Jose Sharks,6,7,L,SO,0,3,3,L 6,29,14,2,1,35,10,2,0
7,2008-10-24,time unavailable,@,New Jersey Devils,6,3,W,REG,1,3,3,W 1,28,16,2,0,26,19,1,0
8,2008-10-25,time unavailable,H,New Jersey Devils,3,2,W,OT,2,3,3,W 2,33,40,0,0,31,40,1,0
9,2008-10-28,time unavailable,@,Atlanta Thrashers,7,0,W,REG,3,3,3,W 3,31,12,3,1,24,14,0,0
10,2008-10-30,time unavailable,H,New York Islanders,3,2,W,OT,4,3,3,W 4,28,10,1,0,36,12,1,0
11,2008-11-02,time unavailable,H,Edmonton Oilers,4,5,L,REG,4,4,3,L 1,26,17,3,0,28,17,1,0
12,2008-11-06,time unavailable,@,Ottawa Senators,1,4,L,REG,4,5,3,L 2,18,5,0,0,25,6,1,0
13,2008-11-08,time unavailable,H,Tampa Bay Lightning,1,2,L,REG,4,6,3,L 3,36,22,1,0,22,20,0,0
14,2008-11-11,time unavailable,@,New York Islanders,3,1,W,REG,5,6,3,W 1,32,16,0,1,36,8,0,0
15,2008-11-13,time unavailable,@,Pittsburgh Penguins,4,5,L,SO,5,6,4,L 1,35,14,1,2,31,8,1,0
16,2008-11-15,time unavailable,@,Montreal Canadiens,2,1,W,REG,6,6,4,W 1,31,13,0,0,25,9,0,0
17,2008-11-16,time unavailable,H,Atlanta Thrashers,4,3,W,REG,7,6,4,W 2,32,6,1,0,32,8,0,0
18,2008-11-21,time unavailable,@,Buffalo Sabres,3,0,W,REG,8,6,4,W 3,25,15,0,0,40,13,0,0
19,2008-11-22,time unavailable,H,Phoenix Coyotes,4,3,W,OT,9,6,4,W 4,34,16,1,0,28,6,1,0
20,2008-11-24,time unavailable,H,Dallas Stars,4,3,W,REG,10,6,4,W 5,25,10,0,0,25,2,0,0
21,2008-11-26,time unavailable,@,Carolina Hurricanes,3,1,W,REG,11,6,4,W 6,27,17,0,0,28,13,0,0
22,2008-11-28,time unavailable,H,Carolina Hurricanes,2,3,L,OT,11,6,5,L 1,26,16,2,0,30,18,0,0
23,2008-11-29,time unavailable,@,Toronto Maple Leafs,2,4,L,REG,11,7,5,L 2,30,18,0,1,27,18,1,0
24,2008-12-02,time unavailable,H,Tampa Bay Lightning,4,3,W,OT,12,7,5,W 1,32,30,3,1,38,19,2,0
25,2008-12-04,time unavailable,H,New Jersey Devils,2,3,L,OT,12,7,6,L 1,31,18,2,0,31,24,0,0
26,2008-12-06,time unavailable,@,Carolina Hurricanes,2,1,W,OT,13,7,6,W 1,31,21,0,1,36,15,1,0
27,2008-12-09,time unavailable,H,New York Islanders,4,3,W,REG,14,7,6,W 2,25,13,1,0,27,11,1,0
28,2008-12-11,time unavailable,H,Carolina Hurricanes,6,5,W,SO,15,7,6,W 3,37,34,2,0,31,24,2,0
29,2008-12-13,time unavailable,H,Pittsburgh Penguins,6,3,W,REG,16,7,6,W 4,27,15,4,0,26,19,1,0
30,2008-12-16,time unavailable,H,Colorado Avalanche,5,2,W,REG,17,7,6,W 5,24,20,2,1,31,20,1,0
31,2008-12-18,time unavailable,@,Montreal Canadiens,2,5,L,REG,17,8,6,L 1,31,14,0,0,31,6,2,0
32,2008-12-20,time unavailable,H,Washington Capitals,7,1,W,REG,18,8,6,W 1,28,39,2,1,48,39,0,0
33,2008-12-21,time unavailable,@,New Jersey Devils,2,3,L,SO,18,8,7,L 1,29,20,1,0,26,12,1,0
34,2008-12-23,time unavailable,H,Ottawa Senators,6,4,W,REG,19,8,7,W 1,32,4,1,0,21,4,1,0
35,2008-12-26,time unavailable,@,Chicago Blackhawks,1,5,L,REG,19,9,7,L 1,18,26,0,0,38,14,2,0
36,2008-12-27,time unavailable,@,Columbus Blue Jackets,0,3,L,REG,19,10,7,L 2,20,21,0,0,33,15,1,0
37,2008-12-30,time unavailable,@,Vancouver Canucks,3,2,W,REG,20,10,7,W 1,29,11,0,0,31,7,1,0
38,2009-01-02,time unavailable,@,Anaheim Ducks,5,4,W,SO,21,10,7,W 2,32,20,1,0,27,24,2,0
39,2009-01-03,time unavailable,@,Los Angeles Kings,1,2,L,SO,21,10,8,L 1,32,12,0,0,31,6,1,0
40,2009-01-06,time unavailable,@,Washington Capitals,1,2,L,SO,21,10,9,L 2,34,8,1,0,34,8,1,0
41,2009-01-08,time unavailable,H,Minnesota Wild,3,1,W,REG,22,10,9,W 1,23,23,1,0,28,11,0,0
42,2009-01-10,time unavailable,H,Toronto Maple Leafs,4,1,W,REG,23,10,9,W 2,30,13,2,0,42,13,0,0
43,2009-01-13,time unavailable,H,Pittsburgh Penguins,2,4,L,REG,23,11,9,L 1,29,18,0,0,26,14,0,0
44,2009-01-15,time unavailable,@,Tampa Bay Lightning,1,4,L,REG,23,12,9,L 2,32,18,1,0,44,18,1,0
45,2009-01-16,time unavailable,@,Florida Panthers,3,2,W,SO,24,12,9,W 1,26,12,1,0,34,6,2,0
46,2009-01-21,time unavailable,H,Atlanta Thrashers,5,3,W,REG,25,12,9,W 2,33,29,0,0,31,29,0,0
47,2009-01-27,time unavailable,@,Florida Panthers,2,3,L,REG,25,13,9,L 1,35,16,0,0,27,10,1,0
48,2009-01-30,time unavailable,@,Tampa Bay Lightning,6,1,W,REG,26,13,9,W 1,32,34,1,0,42,26,1,0
49,2009-01-31,time unavailable,@,St. Louis Blues,0,4,L,REG,26,14,9,L 1,36,40,0,0,35,32,2,0
50,2009-02-04,time unavailable,H,Boston Bruins,1,3,L,REG,26,15,9,L 2,26,10,0,0,33,4,0,0
51,2009-02-07,time unavailable,@,Boston Bruins,4,3,W,OT,27,15,9,W 1,30,6,2,0,37,10,0,0
52,2009-02-08,time unavailable,@,Atlanta Thrashers,3,2,W,REG,28,15,9,W 2,23,29,1,0,31,15,2,0
53,2009-02-12,time unavailable,H,Ottawa Senators,2,5,L,REG,28,16,9,L 1,36,4,0,0,23,6,1,0
54,2009-02-14,time unavailable,H,New York Islanders,5,1,W,REG,29,16,9,W 1,34,9,0,0,39,7,0,0
55,2009-02-15,time unavailable,@,New York Rangers,5,2,W,REG,30,16,9,W 2,20,30,0,1,37,28,0,0
56,2009-02-19,time unavailable,H,Buffalo Sabres,6,3,W,REG,31,16,9,W 3,36,8,1,1,42,4,2,0
57,2009-02-21,time unavailable,H,Pittsburgh Penguins,4,5,L,REG,31,17,9,L 1,27,15,0,1,27,15,1,0
58,2009-02-24,time unavailable,@,Washington Capitals,4,2,W,REG,32,17,9,W 1,37,16,1,0,35,18,1,0
59,2009-02-25,time unavailable,H,Los Angeles Kings,2,0,W,REG,33,17,9,W 2,20,10,1,0,34,6,0,0
60,2009-02-27,time unavailable,H,Montreal Canadiens,3,4,L,OT,33,17,10,L 1,38,12,0,0,36,18,2,0
61,2009-03-01,time unavailable,@,New Jersey Devils,0,3,L,REG,33,18,10,L 2,27,10,0,0,42,6,0,0
62,2009-03-03,time unavailable,@,Boston Bruins,4,2,W,REG,34,18,10,W 1,26,10,1,0,24,12,2,0
63,2009-03-05,time unavailable,H,Calgary Flames,1,5,L,REG,34,19,10,L 1,36,8,0,0,41,12,1,0
64,2009-03-07,time unavailable,H,Nashville Predators,4,1,W,REG,35,19,10,W 1,26,20,1,0,32,20,0,0
65,2009-03-10,time unavailable,H,Buffalo Sabres,5,2,W,REG,36,19,10,W 2,33,25,2,0,29,31,0,0
66,2009-03-12,time unavailable,H,Washington Capitals,1,2,L,REG,36,20,10,L 1,36,4,0,0,30,8,1,0
67,2009-03-14,time unavailable,H,New York Rangers,4,2,W,REG,37,20,10,W 1,29,13,0,0,41,11,0,0
68,2009-03-15,time unavailable,@,New York Rangers,1,4,L,REG,37,21,10,L 1,25,29,1,0,39,27,3,0
69,2009-03-17,time unavailable,@,Detroit Red Wings,2,3,L,REG,37,22,10,L 2,26,12,0,0,48,6,0,0
70,2009-03-20,time unavailable,@,Buffalo Sabres,6,4,W,REG,38,22,10,W 1,31,30,2,0,43,12,0,0
71,2009-03-22,time unavailable,@,Pittsburgh Penguins,3,1,W,REG,39,22,10,W 2,20,10,2,0,28,14,1,0
72,2009-03-23,time unavailable,H,New Jersey Devils,4,2,W,REG,40,22,10,W 3,25,25,3,0,34,17,1,0
73,2009-03-26,time unavailable,H,Florida Panthers,2,4,L,REG,40,23,10,L 1,42,17,0,0,28,15,2,0
74,2009-03-28,time unavailable,@,New York Islanders,4,3,W,SO,41,23,10,W 1,36,32,0,0,33,36,0,0
75,2009-03-29,time unavailable,H,Boston Bruins,3,4,L,REG,41,24,10,L 1,48,16,0,0,31,16,1,0
76,2009-04-01,time unavailable,@,Toronto Maple Leafs,2,3,L,REG,41,25,10,L 2,34,8,1,0,38,8,0,0
77,2009-04-03,time unavailable,H,Toronto Maple Leafs,8,5,W,REG,42,25,10,W 1,35,16,1,0,32,20,1,0
78,2009-04-04,time unavailable,@,Ottawa Senators,3,4,L,SO,42,25,11,L 1,34,26,1,0,38,6,1,0
79,2009-04-07,time unavailable,H,Florida Panthers,2,1,W,REG,43,25,11,W 1,30,6,0,0,30,4,0,0
80,2009-04-09,time unavailable,@,New York Rangers,1,2,L,REG,43,26,11,L 1,38,6,1,0,31,10,0,0
81,2009-04-11,time unavailable,@,New York Islanders,3,2,W,REG,44,26,11,W 1,27,6,2,0,32,6,0,0
82,2009-04-12,time unavailable,H,New York Rangers,3,4,L,REG,44,27,11,L 1,31,14,1,0,31,10,1,1

GP,Date,Time,Location,Opponent,GF,GA,Result,Game Ended In,W,L,Streak,S,PIM,PPG,SHG,S,PIM,PPG,SHG,Notes
1,2009-04-15,time unavailable,@,Pittsburgh Penguins,1,4,L,REG,0,1,L 1,27,35,1,0,33,15,1,0
2,2009-04-17,time unavailable,@,Pittsburgh Penguins,2,3,L,OT,0,2,L 2,40,20,1,0,49,8,2,0
3,2009-04-19,time unavailable,H,Pittsburgh Penguins,6,3,W,REG,1,2,W 1,30,30,1,1,29,28,1,0
4,2009-04-21,time unavailable,H,Pittsburgh Penguins,1,3,L,REG,1,3,L 1,46,10,0,0,26,16,0,0
5,2009-04-23,time unavailable,@,Pittsburgh Penguins,3,0,W,REG,2,3,W 1,26,8,0,0,28,10,0,0
6,2009-04-25,time unavailable,H,Pittsburgh Penguins,3,5,L,REG,2,4,L 1,25,13,1,0,35,13,0,0

Andrew Alberts,,41,D,27,6-5,206,L/-,3,"June 30, 1981",us,"1 G, 12 A, 13 P"
Arron Asham,,45,RW,30,5-11,205,R/-,9,"April 13, 1978",ca,"8 G, 12 A, 20 P"
Martin Biron,,43,G,31,6-2,186,-/L,10,"August 15, 1977",ca,"29-19-5, 2.76 GAA"
Daniel Briere,,48,C,31,5-9,174,R/-,10,"October 6, 1977",ca,"11 G, 14 A, 25 P"
Daniel Carcillo,,13,LW,24,6-0,200,L/-,2,"January 28, 1985",ca,"0 G, 4 A, 4 P"
Matt Carle,,25,D,24,6-0,197,L/-,3,"September 25, 1984",us,"4 G, 20 A, 24 P"
Jeff Carter,,17,C,24,6-4,215,R/-,3,"January 1, 1985",ca,"46 G, 38 A, 84 P"
Braydon Coburn,,5,D,23,6-5,226,L/-,3,"February 27, 1985",ca,"7 G, 21 A, 28 P"
Riley Cote,,32,LW,26,6-2,220,L/-,2,"March 16, 1982",ca,"0 G, 3 A, 3 P"
Steve Downie,,27,RW,21,5-11,191,R/-,1,"April 3, 1987",ca,"0 G, 0 A, 0 P"
Steve Eminger,,26,D,25,6-2,207,R/-,5,"October 31, 1983",ca,"0 G, 2 A, 2 P"
Jamie Fritsch,,51,D,23,6-2,195,L/-,R,"February 25, 1985",us,"0 G, 0 A, 0 P"
Simon Gagne,,12,LW,28,6-1,195,L/-,8,"February 29, 1980",ca,"34 G, 40 A, 74 P"
Claude Giroux,,28,RW,21,5-11,185,R/-,1,"January 12, 1988",ca,"9 G, 18 A, 27 P"
Josh Gratton,,24,LW,26,6-2,215,L/-,3,"September 9, 1982",ca,"1 G, 2 A, 3 P"
Nate Guenin,,29,D,26,6-3,207,R/-,2,"December 10, 1982",us,"0 G, 0 A, 0 P"
Scott Hartnell,,19,LW,26,6-2,214,L/-,7,"April 18, 1982",ca,"30 G, 30 A, 60 P"
Randy Jones,,6,D,27,6-2,210,L/-,4,"July 23, 1981",ca,"4 G, 4 A, 8 P"
Jon Kalinski,,46,C,21,6-1,175,L/-,R,"May 25, 1987",ca,"1 G, 2 A, 3 P"
Boyd Kane,,11,LW,30,6-2,225,L/-,3,"April 18, 1978",ca,"0 G, 0 A, 0 P"
Mike Knuble,,22,RW,36,6-3,229,R/-,11,"July 4, 1972",ca,"27 G, 20 A, 47 P"
Lasse Kukkonen,,3,D,27,6-1,190,L/-,3,"September 18, 1981",fi,"0 G, 2 A, 2 P"
Joffrey Lupul,,15,RW,25,6-1,211,R/-,4,"September 23, 1983",ca,"25 G, 25 A, 50 P"
Glen Metropolit,,13,C,34,5-10,196,R/-,6,"June 25, 1974",ca,"4 G, 10 A, 14 P"
Antero Niittymaki,,30,G,28,6-1,210,-/L,4,"June 18, 1980",fi,"15-8-6, 2.76 GAA"
Andreas Nodl,,14,RW,21,6-1,196,L/-,R,"February 28, 1987",at,"1 G, 3 A, 4 P"
Ryan Parent,,77,D,21,6-3,198,L/-,2,"March 17, 1987",ca,"0 G, 4 A, 4 P"
Darroll Powe,,36,C,23,5-11,212,L/-,R,"June 22, 1985",ca,"6 G, 5 A, 11 P"
Nate Raduns,,60,C,24,6-3,205,R/-,R,"May 17, 1984",us,"0 G, 0 A, 0 P"
Mike Richards,(C),18,C,23,5-11,196,L/-,3,"February 11, 1985",ca,"30 G, 50 A, 80 P"
Jared Ross,,42,C,26,5-10,175,L/-,R,"September 18, 1982",us,"0 G, 0 A, 0 P"
Luca Sbisa,,47,D,19,6-2,198,L/-,R,"January 30, 1990",it,"0 G, 7 A, 7 P"
David Sloane,,40,RW,23,6-4,220,R/-,R,"April 6, 1985",us,"0 G, 0 A, 0 P"
Danny Syvret,,26,D,23,5-11,203,L/-,2,"June 13, 1985",ca,"0 G, 0 A, 0 P"
Kimmo Timonen,,44,D,33,5-10,194,L/-,9,"March 18, 1975",fi,"3 G, 40 A, 43 P"
Scottie Upshall,,9,RW,25,6-0,200,L/-,5,"October 7, 1983",ca,"7 G, 14 A, 21 P"
Ossi Vaananen,,23,D,28,6-4,215,L/-,6,"August 18, 1980",fi,"1 G, 9 A, 10 P"
