Tampa Bay Lightning,TBL,nhl
2008-09,2009
49
82
0
GP,Date,Time,Location,Opponent,GF,GA,Result,Game Ended In,W,L,OL,Streak,S,PIM,PPG,SHG,S,PIM,PPG,SHG,Notes
1,2008-10-04,time unavailable,H,New York Rangers,1,2,L,REG,0,1,0,L 1,21,14,0,0,41,8,1,0,"at Prague, CZ"
2,2008-10-05,time unavailable,@,New York Rangers,1,2,L,REG,0,2,0,L 2,19,13,0,0,39,15,1,0,"at Prague, CZ"
3,2008-10-11,time unavailable,H,Carolina Hurricanes,3,4,L,OT,0,2,1,L 3,29,18,2,0,46,14,2,0
4,2008-10-16,time unavailable,H,New York Islanders,3,4,L,OT,0,2,2,L 4,36,20,0,0,36,14,1,0
5,2008-10-18,time unavailable,H,Minnesota Wild,0,1,L,SO,0,2,3,L 5,32,14,0,0,21,8,0,0
6,2008-10-21,time unavailable,H,Atlanta Thrashers,3,2,W,OT,1,2,3,W 1,38,6,1,0,33,10,0,0
7,2008-10-25,time unavailable,H,San Jose Sharks,0,3,L,REG,1,3,3,L 1,22,17,0,0,45,9,1,0
8,2008-10-28,time unavailable,@,Toronto Maple Leafs,3,2,W,REG,2,3,3,W 1,25,12,1,0,39,10,2,0
9,2008-10-30,time unavailable,@,Buffalo Sabres,5,2,W,REG,3,3,3,W 2,40,10,1,0,31,8,1,0
10,2008-11-01,time unavailable,H,Ottawa Senators,3,2,W,SO,4,3,3,W 3,33,6,0,0,31,8,1,0
11,2008-11-05,time unavailable,@,New Jersey Devils,3,4,L,SO,4,3,4,L 1,27,4,2,0,38,6,1,0
12,2008-11-06,time unavailable,@,New York Rangers,2,5,L,REG,4,4,4,L 2,38,38,1,0,35,18,3,1
13,2008-11-08,time unavailable,@,Philadelphia Flyers,2,1,W,REG,5,4,4,W 1,22,20,0,0,36,22,1,0
14,2008-11-10,time unavailable,@,Washington Capitals,2,4,L,REG,5,5,4,L 1,36,8,2,0,30,10,0,0
15,2008-11-12,time unavailable,@,Florida Panthers,0,4,L,REG,5,6,4,L 2,24,17,0,0,31,15,2,0
16,2008-11-13,time unavailable,H,Detroit Red Wings,3,4,L,REG,5,7,4,L 3,18,10,1,0,39,8,2,0
17,2008-11-16,time unavailable,@,Carolina Hurricanes,2,3,L,SO,5,7,5,L 4,28,10,1,0,30,8,0,0
18,2008-11-18,time unavailable,H,Florida Panthers,3,4,L,SO,5,7,6,L 5,52,8,0,0,36,4,2,0
19,2008-11-21,time unavailable,H,Nashville Predators,4,1,W,REG,6,7,6,W 1,24,14,1,0,35,12,0,0
20,2008-11-23,time unavailable,H,New Jersey Devils,3,7,L,REG,6,8,6,L 1,29,2,0,0,45,8,0,0
21,2008-11-26,time unavailable,H,New York Rangers,2,3,L,SO,6,8,7,L 2,29,22,1,0,35,24,1,0
22,2008-11-28,time unavailable,@,Minnesota Wild,2,4,L,REG,6,9,7,L 3,37,4,1,0,33,20,0,0
23,2008-11-29,time unavailable,@,Colorado Avalanche,3,4,L,REG,6,10,7,L 4,20,13,2,0,31,17,1,0
24,2008-12-02,time unavailable,@,Philadelphia Flyers,3,4,L,OT,6,10,8,L 5,38,19,2,0,32,30,3,1
25,2008-12-04,time unavailable,H,Boston Bruins,1,3,L,REG,6,11,8,L 6,31,2,0,0,26,6,0,1
26,2008-12-06,time unavailable,H,Buffalo Sabres,3,4,L,REG,6,12,8,L 7,23,29,0,0,27,29,0,0
27,2008-12-08,time unavailable,@,Boston Bruins,3,5,L,REG,6,13,8,L 8,29,12,0,0,24,8,2,0
28,2008-12-10,time unavailable,@,Buffalo Sabres,2,4,L,REG,6,14,8,L 9,28,22,0,0,37,18,2,1
29,2008-12-11,time unavailable,@,Montreal Canadiens,3,1,W,REG,7,14,8,W 1,22,19,0,1,32,13,1,0
30,2008-12-13,time unavailable,@,Ottawa Senators,0,2,L,REG,7,15,8,L 1,24,29,0,0,33,15,1,0
31,2008-12-18,time unavailable,H,Colorado Avalanche,1,2,L,SO,7,15,9,L 2,38,20,0,0,35,4,0,0
32,2008-12-20,time unavailable,@,Atlanta Thrashers,3,4,L,REG,7,16,9,L 3,39,12,2,0,30,16,1,0
33,2008-12-23,time unavailable,@,Pittsburgh Penguins,2,0,W,REG,8,16,9,W 1,29,10,1,0,15,14,0,0
34,2008-12-26,time unavailable,@,Florida Panthers,4,3,W,SO,9,16,9,W 2,35,30,0,0,28,30,1,0
35,2008-12-27,time unavailable,H,Florida Panthers,6,4,W,REG,10,16,9,W 3,42,16,1,0,29,12,2,0
36,2008-12-30,time unavailable,H,Montreal Canadiens,1,2,L,SO,10,16,10,L 1,22,17,1,0,30,15,0,0
37,2009-01-01,time unavailable,@,Washington Capitals,4,7,L,REG,10,17,10,L 2,27,9,0,0,35,9,0,0
38,2009-01-03,time unavailable,H,Carolina Hurricanes,2,3,L,REG,10,18,10,L 3,19,10,0,0,28,6,1,0
39,2009-01-04,time unavailable,@,Atlanta Thrashers,4,1,W,REG,11,18,10,W 1,35,6,2,0,28,10,0,0
40,2009-01-08,time unavailable,@,Phoenix Coyotes,2,3,L,REG,11,19,10,L 1,24,6,1,0,27,4,1,0
41,2009-01-09,time unavailable,@,Anaheim Ducks,4,3,W,REG,12,19,10,W 1,19,13,1,1,32,11,1,0
42,2009-01-12,time unavailable,@,Los Angeles Kings,3,1,W,REG,13,19,10,W 2,22,25,0,0,30,25,0,0
43,2009-01-13,time unavailable,@,San Jose Sharks,1,7,L,REG,13,20,10,L 1,25,38,0,0,42,8,3,0
44,2009-01-15,time unavailable,H,Philadelphia Flyers,4,1,W,REG,14,20,10,W 1,44,18,1,0,32,18,1,0
45,2009-01-17,time unavailable,H,Florida Panthers,3,4,L,REG,14,21,10,L 1,33,4,1,0,21,8,2,0
46,2009-01-19,time unavailable,H,Dallas Stars,4,2,W,REG,15,21,10,W 1,20,14,1,1,25,4,1,0
47,2009-01-21,time unavailable,H,Buffalo Sabres,5,3,W,REG,16,21,10,W 2,26,12,2,0,34,10,2,0
48,2009-01-27,time unavailable,H,Montreal Canadiens,5,3,W,REG,17,21,10,W 3,24,12,2,0,34,16,0,0
49,2009-01-29,time unavailable,@,Carolina Hurricanes,2,3,L,REG,17,22,10,L 1,29,10,0,0,31,6,0,1
50,2009-01-30,time unavailable,H,Philadelphia Flyers,1,6,L,REG,17,23,10,L 2,42,26,1,0,32,34,1,0
51,2009-02-03,time unavailable,@,New York Islanders,1,3,L,REG,17,24,10,L 3,30,17,1,0,27,19,1,0
52,2009-02-04,time unavailable,@,Pittsburgh Penguins,3,4,L,OT,17,24,11,L 4,24,10,0,0,35,6,1,0
53,2009-02-07,time unavailable,H,New York Islanders,1,0,W,REG,18,24,11,W 1,28,18,0,0,28,18,0,0
54,2009-02-10,time unavailable,H,Atlanta Thrashers,1,3,L,REG,18,25,11,L 1,41,6,0,0,24,10,0,1
55,2009-02-12,time unavailable,H,Toronto Maple Leafs,6,4,W,REG,19,25,11,W 1,31,9,3,0,25,13,1,0
56,2009-02-14,time unavailable,H,Washington Capitals,1,5,L,REG,19,26,11,L 1,32,6,0,0,32,6,1,0
57,2009-02-17,time unavailable,H,Chicago Blackhawks,3,5,L,REG,19,27,11,L 2,23,32,2,0,49,24,2,0
58,2009-02-19,time unavailable,H,New Jersey Devils,2,3,L,SO,19,27,12,L 3,41,13,0,0,40,13,2,0
59,2009-02-20,time unavailable,@,Carolina Hurricanes,1,4,L,REG,19,28,12,L 4,13,19,0,0,41,11,2,0
60,2009-02-22,time unavailable,H,Boston Bruins,4,3,W,REG,20,28,12,W 1,18,20,1,0,43,22,1,0
61,2009-02-24,time unavailable,@,Edmonton Oilers,3,5,L,REG,20,29,12,L 1,29,21,1,0,45,15,0,0
62,2009-02-27,time unavailable,@,Vancouver Canucks,1,2,L,REG,20,30,12,L 2,21,10,0,0,25,4,1,0
63,2009-03-01,time unavailable,@,Calgary Flames,8,6,W,REG,21,30,12,W 1,32,11,3,0,39,15,3,0
64,2009-03-03,time unavailable,H,Pittsburgh Penguins,1,3,L,REG,21,31,12,L 1,33,13,0,0,33,9,1,0
65,2009-03-06,time unavailable,H,St. Louis Blues,3,4,L,OT,21,31,13,L 2,23,12,1,0,36,8,1,0
66,2009-03-07,time unavailable,H,Carolina Hurricanes,3,9,L,REG,21,32,13,L 3,25,10,0,0,37,10,2,1
67,2009-03-11,time unavailable,@,Ottawa Senators,2,3,L,OT,21,32,14,L 4,24,26,2,0,27,14,1,1
68,2009-03-12,time unavailable,@,Toronto Maple Leafs,4,1,W,REG,22,32,14,W 1,30,26,1,0,21,18,0,0
69,2009-03-14,time unavailable,@,Florida Panthers,4,3,W,SO,23,32,14,W 2,27,11,1,0,37,13,1,0
70,2009-03-17,time unavailable,H,Toronto Maple Leafs,3,4,L,SO,23,32,15,L 1,22,25,2,0,39,17,0,0
71,2009-03-19,time unavailable,H,Washington Capitals,2,5,L,REG,23,33,15,L 2,28,10,1,0,30,10,1,0
72,2009-03-21,time unavailable,H,Atlanta Thrashers,3,4,L,SO,23,33,16,L 3,29,16,2,0,36,14,2,0
73,2009-03-24,time unavailable,H,Columbus Blue Jackets,2,1,W,OT,24,33,16,W 1,17,6,1,0,34,2,0,0
74,2009-03-26,time unavailable,@,Montreal Canadiens,2,3,L,OT,24,33,17,L 1,19,18,0,0,36,4,1,0
75,2009-03-27,time unavailable,@,Washington Capitals,3,5,L,REG,24,34,17,L 2,36,20,0,0,39,10,3,0
76,2009-03-29,time unavailable,H,Ottawa Senators,0,3,L,REG,24,35,17,L 3,20,12,0,0,29,10,2,0
77,2009-03-31,time unavailable,@,Boston Bruins,1,3,L,REG,24,36,17,L 4,25,29,0,0,39,27,2,0
78,2009-04-03,time unavailable,@,New Jersey Devils,4,5,L,OT,24,36,18,L 5,22,13,1,0,39,11,1,0
79,2009-04-04,time unavailable,@,New York Islanders,1,3,L,REG,24,37,18,L 6,30,32,1,0,21,18,2,0
80,2009-04-07,time unavailable,H,Pittsburgh Penguins,4,6,L,REG,24,38,18,L 7,37,30,0,1,31,24,2,0
81,2009-04-09,time unavailable,H,Washington Capitals,2,4,L,REG,24,39,18,L 8,24,10,0,0,33,10,1,0
82,2009-04-11,time unavailable,@,Atlanta Thrashers,2,6,L,REG,24,40,18,L 9,35,29,1,0,26,25,2,1

Time,Location,Result,Game Ended In

Evgeny Artyukhin,,76,RW,25,6-4,255,L/-,1,"April 4, 1983",su,"6 G, 10 A, 16 P"
Brandon Bochenski,,27,RW,26,6-1,187,R/-,3,"April 4, 1982",us,"0 G, 1 A, 1 P"
Matt Carle,,5,D,24,6-0,197,L/-,3,"September 25, 1984",us,"1 G, 1 A, 2 P"
Ryan Craig,,34,C,27,6-1,215,-/-,3,"January 6, 1982",ca,"2 G, 4 A, 6 P"
Steve Downie,,9,RW,21,5-11,191,R/-,1,"April 3, 1987",ca,"3 G, 3 A, 6 P"
Steve Eminger,,44,D,25,6-2,207,R/-,5,"October 31, 1983",ca,"4 G, 19 A, 23 P"
Chris Gratton,,77,C,33,6-4,226,L/-,14,"July 5, 1975",ca,"0 G, 2 A, 2 P"
Adam Hall,,18,RW,28,6-2,212,R/-,6,"August 14, 1980",us,"5 G, 5 A, 10 P"
Jeff Halpern,,11,C,32,6-0,200,R/-,8,"May 3, 1976",us,"7 G, 9 A, 16 P"
Riku Helenius,,35,G,20,6-2,201,-/L,R,"March 1, 1988",fi,"0-0-0, 0.00 GAA"
Jamie Heward,,23,D,37,6-2,215,R/-,8,"March 30, 1971",ca,"0 G, 2 A, 2 P"
Andrew Hutchinson,,6,D,28,6-2,195,R/-,3,"March 24, 1980",us,"0 G, 0 A, 0 P"
Jussi Jokinen,,36,LW,25,5-11,198,L/-,3,"April 1, 1983",fi,"6 G, 10 A, 16 P"
Martins Karsums,,44,RW,22,5-10,198,R/-,R,"February 26, 1986",su,"1 G, 4 A, 5 P"
Geoff Kinrade,,71,D,23,6-0,207,L/-,R,"July 29, 1985",ca,"0 G, 0 A, 0 P"
David Koci,,33,LW,27,6-6,238,L/-,2,"May 12, 1981",cs,"1 G, 1 A, 2 P"
Olaf Kolzig,,37,G,38,6-3,224,-/L,16,"April 6, 1970",za,"2-4-1, 3.66 GAA"
Zenon Konopka,,28,C,28,6-0,209,L/-,3,"January 2, 1981",ca,"0 G, 1 A, 1 P"
Lukas Krajicek,,2,D,25,6-3,205,L/-,5,"March 11, 1983",cs,"2 G, 17 A, 19 P"
Matt Lashoff,,55,D,22,6-2,204,L/-,2,"September 29, 1986",us,"0 G, 7 A, 7 P"
Vincent Lecavalier,(C),4,C,28,6-4,215,L/-,9,"April 21, 1980",ca,"29 G, 38 A, 67 P"
Mike Lundin,,39,D,24,6-2,191,L/-,1,"September 24, 1984",us,"0 G, 2 A, 2 P"
Marek Malik,,22,D,33,6-6,235,L/-,12,"June 24, 1975",cs,"0 G, 5 A, 5 P"
Ryan Malone,,12,LW,29,6-4,224,L/-,4,"December 1, 1979",us,"26 G, 19 A, 45 P"
Mike McKenna,,30,G,25,6-3,195,-/R,R,"April 11, 1983",us,"4-8-1, 3.56 GAA"
Josef Melichar,,6,D,30,6-2,220,L/-,6,"January 20, 1979",cs,"0 G, 5 A, 5 P"
Andrej Meszaros,,14,D,23,6-2,223,L/-,3,"October 13, 1985",cs,"2 G, 14 A, 16 P"
Vladimir Mihalik,,56,D,22,6-8,246,L/-,R,"January 29, 1987",cs,"0 G, 3 A, 3 P"
Cory Murphy,,21,D,30,5-9,175,L/-,1,"February 13, 1978",ca,"5 G, 10 A, 15 P"
Janne Niskala,,29,D,27,5-11,199,L/-,R,"September 22, 1981",se,"1 G, 2 A, 3 P"
Shane O'Brien,,55,D,25,6-3,230,L/-,2,"August 9, 1983",ca,"0 G, 0 A, 0 P"
Richard Petiot,,50,D,26,6-3,215,L/-,1,"August 20, 1982",ca,"0 G, 3 A, 3 P"
Matt Pettinger,,24,LW,28,6-1,205,L/-,7,"October 22, 1980",ca,"8 G, 7 A, 15 P"
Vinny Prospal,,20,LW,33,6-2,191,L/-,11,"February 17, 1975",cs,"19 G, 26 A, 45 P"
Kevin Quick,,51,D,20,6-0,181,L/-,R,"March 29, 1988",us,"0 G, 1 A, 1 P"
Karri Ramo,,31,G,22,6-2,206,-/L,2,"July 1, 1986",fi,"4-10-7, 3.66 GAA"
Paul Ranger,,54,D,24,6-3,210,L/-,3,"September 12, 1984",ca,"2 G, 11 A, 13 P"
Mark Recchi,,8,RW,40,5-10,195,L/-,19,"February 1, 1968",ca,"13 G, 32 A, 45 P"
Gary Roberts,,10,LW,42,6-2,215,L/-,20,"May 23, 1966",ca,"4 G, 3 A, 7 P"
Brandon Segal,,53,RW,25,6-2,215,R/-,R,"July 12, 1983",ca,"0 G, 0 A, 0 P"
Matt Smaby,,32,D,24,6-6,239,L/-,1,"October 14, 1984",us,"0 G, 4 A, 4 P"
Mike Smith,,41,G,26,6-4,215,-/L,2,"March 22, 1982",ca,"14-18-9, 2.62 GAA"
Radek Smolenak,,52,LW,22,6-3,180,L/-,R,"December 3, 1986",cs,"0 G, 1 A, 1 P"
Martin St. Louis,,26,RW,33,5-8,180,L/-,9,"June 18, 1975",ca,"30 G, 50 A, 80 P"
Steven Stamkos,,91,C,18,6-1,194,R/-,R,"February 7, 1990",ca,"23 G, 23 A, 46 P"
Paul Szczechura,,38,C,23,5-10,186,R/-,R,"November 30, 1985",ca,"4 G, 5 A, 9 P"
Radim Vrbata,,17,RW,27,6-1,194,R/-,6,"June 13, 1981",cs,"3 G, 3 A, 6 P"
Jason Ward,,16,RW,30,6-2,208,R/-,7,"January 16, 1979",ca,"0 G, 0 A, 0 P"
Noah Welch,,7,D,26,6-4,215,L/-,3,"August 26, 1982",us,"0 G, 0 A, 0 P"
