Toronto Maple Leafs,TOR,nhl
2008-09,2009
39
82
0
GP,Date,Time,Location,Opponent,GF,GA,Result,Game Ended In,W,L,OL,Streak,S,PIM,PPG,SHG,S,PIM,PPG,SHG,Notes
1,2008-10-09,time unavailable,@,Detroit Red Wings,3,2,W,REG,1,0,0,W 1,29,6,1,0,37,4,1,0
2,2008-10-11,time unavailable,H,Montreal Canadiens,1,6,L,REG,1,1,0,L 1,25,23,1,0,34,15,3,0
3,2008-10-13,time unavailable,H,St. Louis Blues,4,5,L,SO,1,1,1,L 2,39,25,0,0,26,16,2,0
4,2008-10-17,time unavailable,@,New York Rangers,0,1,L,SO,1,1,2,L 3,21,21,0,0,32,11,0,0
5,2008-10-18,time unavailable,@,Pittsburgh Penguins,1,4,L,REG,1,2,2,L 4,27,8,1,0,25,12,2,0
6,2008-10-21,time unavailable,H,Anaheim Ducks,2,3,L,SO,1,2,3,L 5,38,2,0,0,21,8,0,0
7,2008-10-23,time unavailable,@,Boston Bruins,4,2,W,REG,2,2,3,W 1,37,8,2,0,28,14,0,0
8,2008-10-25,time unavailable,H,Ottawa Senators,3,2,W,REG,3,2,3,W 2,38,9,1,0,24,27,0,1
9,2008-10-28,time unavailable,H,Tampa Bay Lightning,2,3,L,REG,3,3,3,L 1,39,10,2,0,25,12,1,0
10,2008-10-29,time unavailable,@,New Jersey Devils,6,5,W,SO,4,3,3,W 1,48,16,3,0,31,18,0,0
11,2008-11-01,time unavailable,H,New York Rangers,5,2,W,REG,5,3,3,W 2,35,4,0,0,20,10,0,0
12,2008-11-02,time unavailable,@,Carolina Hurricanes,4,6,L,REG,5,4,3,L 1,33,12,0,0,30,4,3,0
13,2008-11-04,time unavailable,H,Carolina Hurricanes,4,5,L,OT,5,4,4,L 2,42,4,1,0,24,6,1,0
14,2008-11-06,time unavailable,@,Boston Bruins,2,5,L,REG,5,5,4,L 3,36,6,0,0,35,8,2,0
15,2008-11-08,time unavailable,H,Montreal Canadiens,6,3,W,REG,6,5,4,W 1,41,12,3,0,20,39,2,0
16,2008-11-11,time unavailable,@,Calgary Flames,3,4,L,REG,6,6,4,L 1,32,2,1,0,32,8,1,0
17,2008-11-13,time unavailable,@,Edmonton Oilers,5,2,W,REG,7,6,4,W 1,28,8,3,0,25,8,1,0
18,2008-11-15,time unavailable,@,Vancouver Canucks,2,4,L,REG,7,7,4,L 1,30,25,1,0,15,33,1,0
19,2008-11-17,time unavailable,H,Boston Bruins,2,3,L,REG,7,8,4,L 2,30,11,0,0,22,15,0,0
20,2008-11-22,time unavailable,H,Chicago Blackhawks,4,5,L,OT,7,8,5,L 3,38,4,1,0,36,6,1,0
21,2008-11-25,time unavailable,H,Atlanta Thrashers,3,6,L,REG,7,9,5,L 4,35,24,1,0,30,26,1,0
22,2008-11-27,time unavailable,@,Ottawa Senators,1,2,L,SO,7,9,6,L 5,26,11,0,0,35,17,0,0
23,2008-11-29,time unavailable,H,Philadelphia Flyers,4,2,W,REG,8,9,6,W 1,27,18,1,0,30,18,0,1
24,2008-12-01,time unavailable,@,Los Angeles Kings,3,1,W,REG,9,9,6,W 2,30,15,2,0,33,17,0,0
25,2008-12-02,time unavailable,@,San Jose Sharks,2,5,L,REG,9,10,6,L 1,31,8,0,0,30,8,1,1
26,2008-12-04,time unavailable,@,Phoenix Coyotes,3,6,L,REG,9,11,6,L 2,18,20,0,0,26,20,0,1
27,2008-12-06,time unavailable,H,Washington Capitals,1,2,L,REG,9,12,6,L 3,20,4,1,0,29,8,0,0
28,2008-12-08,time unavailable,H,New York Islanders,4,2,W,REG,10,12,6,W 1,37,11,1,0,28,13,1,0
29,2008-12-12,time unavailable,@,Buffalo Sabres,2,1,W,REG,11,12,6,W 2,33,10,0,0,25,6,0,0
30,2008-12-16,time unavailable,H,New Jersey Devils,3,2,W,SO,12,12,6,W 3,27,11,0,0,27,9,1,0
31,2008-12-18,time unavailable,@,Boston Bruins,5,8,L,REG,12,13,6,L 1,36,24,2,0,27,22,4,0
32,2008-12-20,time unavailable,@,Pittsburgh Penguins,7,3,W,REG,13,13,6,W 1,40,17,3,0,23,31,1,0
33,2008-12-22,time unavailable,@,Atlanta Thrashers,6,2,W,REG,14,13,6,W 2,38,4,1,0,21,10,0,0
34,2008-12-23,time unavailable,H,Dallas Stars,2,8,L,REG,14,14,6,L 1,22,18,0,0,37,14,2,0
35,2008-12-26,time unavailable,@,New York Islanders,1,4,L,REG,14,15,6,L 2,29,11,0,0,31,13,0,0
36,2008-12-28,time unavailable,@,Washington Capitals,1,4,L,REG,14,16,6,L 3,24,8,0,0,29,10,1,0
37,2008-12-30,time unavailable,H,Atlanta Thrashers,4,3,W,OT,15,16,6,W 1,47,10,1,0,32,8,2,0
38,2009-01-01,time unavailable,H,Buffalo Sabres,1,4,L,REG,15,17,6,L 1,28,8,0,0,20,10,2,0
39,2009-01-03,time unavailable,H,Ottawa Senators,3,1,W,REG,16,17,6,W 1,30,24,1,0,31,24,1,0
40,2009-01-06,time unavailable,H,Florida Panthers,2,4,L,REG,16,18,6,L 1,26,13,1,1,34,13,1,0
41,2009-01-08,time unavailable,@,Montreal Canadiens,2,6,L,REG,16,19,6,L 2,32,80,1,0,29,66,2,0
42,2009-01-10,time unavailable,@,Philadelphia Flyers,1,4,L,REG,16,20,6,L 3,42,13,0,0,30,13,2,0
43,2009-01-13,time unavailable,H,Nashville Predators,0,2,L,REG,16,21,6,L 4,17,8,0,0,23,8,1,0
44,2009-01-15,time unavailable,@,Carolina Hurricanes,6,4,W,REG,17,21,6,W 1,24,8,2,0,32,6,1,0
45,2009-01-16,time unavailable,@,Atlanta Thrashers,3,4,L,OT,17,21,7,L 1,17,8,1,0,38,6,0,0
46,2009-01-19,time unavailable,H,Carolina Hurricanes,0,2,L,REG,17,22,7,L 2,35,10,0,0,34,6,1,0
47,2009-01-21,time unavailable,H,Boston Bruins,3,4,L,SO,17,22,8,L 3,34,8,1,0,30,8,2,0
48,2009-01-27,time unavailable,@,Minnesota Wild,1,6,L,REG,17,23,8,L 4,28,13,0,0,21,7,0,0
49,2009-01-29,time unavailable,@,Colorado Avalanche,7,4,W,REG,18,23,8,W 1,30,2,1,0,20,6,1,0
50,2009-01-31,time unavailable,H,Pittsburgh Penguins,5,4,W,REG,19,23,8,W 2,26,11,1,0,26,15,0,0
51,2009-02-03,time unavailable,H,Florida Panthers,3,4,L,OT,19,23,9,L 1,34,7,0,0,31,9,1,0
52,2009-02-04,time unavailable,@,Buffalo Sabres,0,5,L,REG,19,24,9,L 2,16,22,0,0,32,10,2,0
53,2009-02-07,time unavailable,@,Montreal Canadiens,5,2,W,REG,20,24,9,W 1,41,37,0,0,33,31,1,0
54,2009-02-10,time unavailable,@,Florida Panthers,4,5,L,OT,20,24,10,L 1,39,6,1,0,38,8,0,0
55,2009-02-12,time unavailable,@,Tampa Bay Lightning,4,6,L,REG,20,25,10,L 2,25,13,1,0,31,9,3,0
56,2009-02-14,time unavailable,H,Pittsburgh Penguins,6,2,W,REG,21,25,10,W 1,41,6,0,0,27,10,0,1
57,2009-02-17,time unavailable,H,Buffalo Sabres,1,4,L,REG,21,26,10,L 1,28,18,1,0,30,14,2,0
58,2009-02-19,time unavailable,H,Columbus Blue Jackets,3,4,L,SO,21,26,11,L 2,35,9,1,0,34,15,0,0
59,2009-02-21,time unavailable,H,Vancouver Canucks,2,3,L,SO,21,26,12,L 3,38,16,1,1,37,16,1,0
60,2009-02-22,time unavailable,@,New York Rangers,3,2,W,OT,22,26,12,W 1,26,13,1,0,41,13,0,0
61,2009-02-25,time unavailable,H,New York Rangers,2,1,W,SO,23,26,12,W 2,24,13,0,0,32,13,1,0
62,2009-02-26,time unavailable,@,New York Islanders,5,4,W,SO,24,26,12,W 3,33,14,1,1,44,23,0,1
63,2009-02-28,time unavailable,@,Ottawa Senators,4,3,W,OT,25,26,12,W 4,38,4,1,0,32,6,0,0
64,2009-03-03,time unavailable,H,New Jersey Devils,2,3,L,OT,25,26,13,L 1,32,8,1,0,52,8,1,0
65,2009-03-05,time unavailable,@,Washington Capitals,2,1,W,REG,26,26,13,W 1,29,13,0,0,38,13,0,0
66,2009-03-07,time unavailable,H,Edmonton Oilers,1,4,L,REG,26,27,13,L 1,40,20,1,0,18,20,0,0
67,2009-03-09,time unavailable,@,Ottawa Senators,1,2,L,REG,26,28,13,L 2,26,10,0,0,26,8,0,0
68,2009-03-10,time unavailable,H,New York Islanders,3,2,W,OT,27,28,13,W 1,28,20,0,0,30,14,0,0
69,2009-03-12,time unavailable,H,Tampa Bay Lightning,1,4,L,REG,27,29,13,L 1,21,18,0,0,30,26,1,0
70,2009-03-14,time unavailable,H,Calgary Flames,8,6,W,REG,28,29,13,W 1,30,22,2,0,35,24,3,0
71,2009-03-17,time unavailable,@,Tampa Bay Lightning,4,3,W,SO,29,29,13,W 2,39,17,0,0,22,25,2,0
72,2009-03-19,time unavailable,@,Florida Panthers,1,3,L,REG,29,30,13,L 1,38,4,1,0,42,6,0,1
73,2009-03-21,time unavailable,@,Montreal Canadiens,5,2,W,REG,30,30,13,W 1,37,10,2,0,28,14,0,0
74,2009-03-24,time unavailable,H,Washington Capitals,3,2,W,SO,31,30,13,W 2,29,14,1,0,45,6,1,0
75,2009-03-27,time unavailable,@,Buffalo Sabres,3,5,L,REG,31,31,13,L 1,36,29,1,1,24,25,0,0
76,2009-03-28,time unavailable,H,Boston Bruins,5,7,L,REG,31,32,13,L 2,38,14,1,0,31,14,2,0
77,2009-04-01,time unavailable,H,Philadelphia Flyers,3,2,W,REG,32,32,13,W 1,38,8,0,0,34,8,1,0
78,2009-04-03,time unavailable,@,Philadelphia Flyers,5,8,L,REG,32,33,13,L 1,32,20,1,0,35,16,1,0
79,2009-04-04,time unavailable,H,Montreal Canadiens,2,6,L,REG,32,34,13,L 2,36,24,0,1,29,14,3,0
80,2009-04-07,time unavailable,@,New Jersey Devils,4,1,W,REG,33,34,13,W 1,18,12,0,0,48,4,1,0
81,2009-04-08,time unavailable,H,Buffalo Sabres,1,3,L,REG,33,35,13,L 1,33,4,0,0,29,12,1,0
82,2009-04-11,time unavailable,H,Ottawa Senators,5,2,W,REG,34,35,13,W 1,30,22,0,1,39,14,1,0

Time,Location,Result,Game Ended In

Nik Antropov,,80,RW,28,6-6,245,L/-,8,"February 18, 1980",su,"21 G, 25 A, 46 P"
Jason Blake,,55,LW,35,5-10,190,L/-,9,"September 2, 1973",us,"25 G, 38 A, 63 P"
Carlo Colaiacovo,,8,D,26,6-1,202,L/-,5,"January 27, 1983",ca,"0 G, 1 A, 1 P"
Andre Deveaux,,56,C,24,6-3,220,R/-,R,"February 23, 1984",bs,"0 G, 1 A, 1 P"
Boyd Devereaux,,22,C,30,6-2,195,L/-,10,"April 16, 1978",ca,"6 G, 5 A, 11 P"
Jeff Finger,,4,D,29,6-1,209,R/-,2,"December 18, 1979",us,"6 G, 17 A, 23 P"
Jonas Frogren,,24,D,28,6-1,189,L/-,R,"August 28, 1980",se,"1 G, 6 A, 7 P"
Martin Gerber,,29,G,34,6-0,205,-/L,5,"September 3, 1974",ch,"6-5-0, 3.23 GAA"
Mikhail Grabovski,,84,C,25,5-11,186,L/-,2,"January 31, 1984",de,"20 G, 28 A, 48 P"
Niklas Hagman,,9,LW,29,5-10,205,L/-,6,"December 5, 1979",fi,"22 G, 20 A, 42 P"
Jeff Hamilton,,51,RW,31,5-10,185,R/-,4,"September 4, 1977",us,"3 G, 3 A, 6 P"
Christian Hanson,,20,C,22,6-4,228,R/-,R,"March 10, 1986",us,"1 G, 1 A, 2 P"
Jay Harrison,,43,D,26,6-4,220,L/-,2,"November 3, 1982",ca,"0 G, 1 A, 1 P"
Ryan Hollweg,,44,LW,25,5-10,212,L/-,3,"April 23, 1983",us,"0 G, 2 A, 2 P"
Curtis Joseph,,31,G,41,5-11,193,-/L,18,"April 29, 1967",ca,"5-9-1, 3.57 GAA"
Tomas Kaberle,,15,D,30,6-1,212,L/-,9,"March 2, 1978",cs,"4 G, 27 A, 31 P"
Pavel Kubina,,77,D,31,6-4,258,R/-,10,"April 15, 1977",cs,"14 G, 26 A, 40 P"
Nikolai Kulemin,,41,LW,22,6-1,225,L/-,R,"July 14, 1986",su,"15 G, 16 A, 31 P"
Brad May,,10,LW,37,6-1,213,L/-,16,"November 29, 1971",ca,"1 G, 1 A, 2 P"
Jamal Mayers,,21,RW,34,6-1,222,R/-,10,"October 24, 1974",ca,"7 G, 9 A, 16 P"
John Mitchell,,39,C,24,6-1,204,L/-,R,"January 22, 1985",ca,"12 G, 17 A, 29 P"
Dominic Moore,,19,C,28,6-0,192,L/-,4,"August 3, 1980",ca,"12 G, 29 A, 41 P"
Kris Newbury,,54,C,26,5-11,205,-/-,2,"February 19, 1982",ca,"0 G, 0 A, 0 P"
Ben Ondrus,,25,RW,26,5-11,208,R/-,3,"June 25, 1982",ca,"0 G, 0 A, 0 P"
Phil Oreskovic,,40,D,22,6-4,217,R/-,R,"January 26, 1987",ca,"1 G, 1 A, 2 P"
Justin Pogge,,29,G,22,6-3,204,-/L,R,"April 22, 1986",ca,"1-4-1, 4.35 GAA"
Alexei Ponikarovsky,,23,LW,28,6-4,225,L/-,7,"April 9, 1980",su,"23 G, 38 A, 61 P"
Luke Schenn,,2,D,19,6-2,229,R/-,R,"November 2, 1989",ca,"2 G, 12 A, 14 P"
Jaime Sifers,,59,D,26,5-11,205,-/-,R,"January 18, 1983",unknown,"0 G, 2 A, 2 P"
Matt Stajan,,14,C,25,6-1,195,L/-,5,"December 19, 1983",ca,"15 G, 40 A, 55 P"
Tim Stapleton,,42,RW,26,5-9,180,R/-,R,"July 9, 1982",us,"1 G, 0 A, 1 P"
Alex Steen,,10,C,24,5-11,212,L/-,3,"March 1, 1984",ca,"2 G, 2 A, 4 P"
Lee Stempniak,,12,RW,25,5-11,195,R/-,3,"February 4, 1983",us,"11 G, 20 A, 31 P"
Anton Stralman,,36,D,22,5-11,190,R/-,1,"August 1, 1986",se,"1 G, 12 A, 13 P"
Jiri Tlusty,,11,C,20,6-0,205,L/-,1,"March 16, 1988",cs,"0 G, 4 A, 4 P"
Vesa Toskala,,35,G,31,5-10,195,-/L,6,"May 20, 1977",fi,"22-17-11, 3.26 GAA"
Mike Van Ryn,,26,D,29,6-1,213,R/-,7,"May 14, 1979",ca,"3 G, 8 A, 11 P"
Ian White,,7,D,24,5-10,191,R/-,3,"June 4, 1984",ca,"10 G, 16 A, 26 P"
Jeremy Williams,,18,RW,25,6-0,191,R/-,3,"January 26, 1984",ca,"5 G, 2 A, 7 P"
