Boston Bruins,BOS,nhl
1974-75,1975
28
80
3
GP,Date,Time,Location,Opponent,GF,GA,Result,Game Ended In,W,L,T,Streak,Notes
1,1974-10-10,time unavailable,@,Buffalo Sabres,5,9,L,REG,0,1,0,L 1
2,1974-10-13,time unavailable,H,Toronto Maple Leafs,2,2,T,REG,0,1,1,T 1
3,1974-10-16,time unavailable,@,Chicago Black Hawks,0,4,L,REG,0,2,1,L 1
4,1974-10-17,time unavailable,@,Philadelphia Flyers,4,1,W,REG,1,2,1,W 1
5,1974-10-20,time unavailable,H,California Golden Seals,5,0,W,REG,2,2,1,W 2
6,1974-10-23,time unavailable,@,Pittsburgh Penguins,5,5,T,REG,2,2,2,T 1
7,1974-10-24,time unavailable,H,St. Louis Blues,4,4,T,REG,2,2,3,T 2
8,1974-10-27,time unavailable,H,Kansas City Scouts,8,2,W,REG,3,2,3,W 1
9,1974-10-30,time unavailable,@,Minnesota North Stars,3,3,T,REG,3,2,4,T 1
10,1974-11-02,time unavailable,@,New York Islanders,2,3,L,REG,3,3,4,L 1
11,1974-11-03,time unavailable,H,Minnesota North Stars,10,1,W,REG,4,3,4,W 1
12,1974-11-05,time unavailable,H,Buffalo Sabres,2,2,T,REG,4,3,5,T 1
13,1974-11-07,time unavailable,H,Washington Capitals,10,4,W,REG,5,3,5,W 1
14,1974-11-10,time unavailable,H,Atlanta Flames,4,3,W,REG,6,3,5,W 2
15,1974-11-12,time unavailable,@,St. Louis Blues,3,4,L,REG,6,4,5,L 1
16,1974-11-14,time unavailable,H,Montreal Canadiens,1,4,L,REG,6,5,5,L 2
17,1974-11-16,time unavailable,H,Buffalo Sabres,7,5,W,REG,7,5,5,W 1
18,1974-11-17,time unavailable,@,Detroit Red Wings,5,2,W,REG,8,5,5,W 2
19,1974-11-21,time unavailable,H,California Golden Seals,4,2,W,REG,9,5,5,W 3
20,1974-11-23,time unavailable,@,New York Rangers,5,2,W,REG,10,5,5,W 4
21,1974-11-24,time unavailable,H,Vancouver Canucks,7,4,W,REG,11,5,5,W 5
22,1974-11-27,time unavailable,@,California Golden Seals,3,1,W,REG,12,5,5,W 6
23,1974-11-30,time unavailable,@,Los Angeles Kings,0,2,L,REG,12,6,5,L 1
24,1974-12-04,time unavailable,@,Montreal Canadiens,4,4,T,REG,12,6,6,T 1
25,1974-12-05,time unavailable,H,Detroit Red Wings,4,6,L,REG,12,7,6,L 1
26,1974-12-08,time unavailable,H,Pittsburgh Penguins,3,2,W,REG,13,7,6,W 1
27,1974-12-10,time unavailable,@,Kansas City Scouts,6,2,W,REG,14,7,6,W 2
28,1974-12-12,time unavailable,H,Los Angeles Kings,8,1,W,REG,15,7,6,W 3
29,1974-12-14,time unavailable,H,Washington Capitals,12,1,W,REG,16,7,6,W 4
30,1974-12-15,time unavailable,H,New York Islanders,5,2,W,REG,17,7,6,W 5
31,1974-12-17,time unavailable,H,Atlanta Flames,5,3,W,REG,18,7,6,W 6
32,1974-12-19,time unavailable,H,New York Rangers,11,3,W,REG,19,7,6,W 7
33,1974-12-21,time unavailable,@,Toronto Maple Leafs,4,8,L,REG,19,8,6,L 1
34,1974-12-22,time unavailable,H,Detroit Red Wings,5,4,W,REG,20,8,6,W 1
35,1974-12-27,time unavailable,@,California Golden Seals,2,5,L,REG,20,9,6,L 1
36,1974-12-28,time unavailable,@,Vancouver Canucks,4,6,L,REG,20,10,6,L 2
37,1975-01-02,time unavailable,@,Los Angeles Kings,5,2,W,REG,21,10,6,W 1
38,1975-01-04,time unavailable,@,Minnesota North Stars,8,0,W,REG,22,10,6,W 2
39,1975-01-07,time unavailable,@,Washington Capitals,3,3,T,REG,22,10,7,T 1
40,1975-01-09,time unavailable,H,Vancouver Canucks,5,1,W,REG,23,10,7,W 1
41,1975-01-11,time unavailable,H,Chicago Black Hawks,5,1,W,REG,24,10,7,W 2
42,1975-01-15,time unavailable,@,Montreal Canadiens,3,5,L,REG,24,11,7,L 1
43,1975-01-16,time unavailable,H,Los Angeles Kings,1,4,L,REG,24,12,7,L 2
44,1975-01-18,time unavailable,@,Pittsburgh Penguins,4,4,T,REG,24,12,8,T 1
45,1975-01-19,time unavailable,H,Toronto Maple Leafs,6,3,W,REG,25,12,8,W 1
46,1975-01-23,time unavailable,H,Kansas City Scouts,2,3,L,REG,25,13,8,L 1
47,1975-01-26,time unavailable,H,Philadelphia Flyers,2,2,T,REG,25,13,9,T 1
48,1975-01-27,time unavailable,@,Kansas City Scouts,3,3,T,REG,25,13,10,T 2
49,1975-01-30,time unavailable,H,California Golden Seals,6,0,W,REG,26,13,10,W 1
50,1975-02-01,time unavailable,@,Toronto Maple Leafs,2,3,L,REG,26,14,10,L 1
51,1975-02-02,time unavailable,H,Philadelphia Flyers,5,1,W,REG,27,14,10,W 1
52,1975-02-05,time unavailable,@,Atlanta Flames,3,3,T,REG,27,14,11,T 1
53,1975-02-06,time unavailable,H,Minnesota North Stars,3,2,W,REG,28,14,11,W 1
54,1975-02-08,time unavailable,@,Detroit Red Wings,8,5,W,REG,29,14,11,W 2
55,1975-02-09,time unavailable,H,New York Islanders,5,1,W,REG,30,14,11,W 3
56,1975-02-12,time unavailable,@,Chicago Black Hawks,3,8,L,REG,30,15,11,L 1
57,1975-02-13,time unavailable,@,Buffalo Sabres,1,3,L,REG,30,16,11,L 2
58,1975-02-16,time unavailable,@,Philadelphia Flyers,3,4,L,REG,30,17,11,L 3
59,1975-02-18,time unavailable,@,Vancouver Canucks,3,1,W,REG,31,17,11,W 1
60,1975-02-21,time unavailable,@,California Golden Seals,4,6,L,REG,31,18,11,L 1
61,1975-02-22,time unavailable,@,Los Angeles Kings,0,6,L,REG,31,19,11,L 2
62,1975-02-25,time unavailable,H,Pittsburgh Penguins,6,4,W,REG,32,19,11,W 1
63,1975-02-27,time unavailable,H,Detroit Red Wings,9,4,W,REG,33,19,11,W 2
64,1975-03-02,time unavailable,H,Chicago Black Hawks,6,2,W,REG,34,19,11,W 3
65,1975-03-04,time unavailable,@,Washington Capitals,8,0,W,REG,35,19,11,W 4
66,1975-03-07,time unavailable,@,Atlanta Flames,4,2,W,REG,36,19,11,W 5
67,1975-03-09,time unavailable,H,Atlanta Flames,5,2,W,REG,37,19,11,W 6
68,1975-03-11,time unavailable,H,New York Rangers,6,3,W,REG,38,19,11,W 7
69,1975-03-12,time unavailable,@,Pittsburgh Penguins,3,5,L,REG,38,20,11,L 1
70,1975-03-15,time unavailable,@,New York Islanders,1,3,L,REG,38,21,11,L 2
71,1975-03-16,time unavailable,H,St. Louis Blues,7,2,W,REG,39,21,11,W 1
72,1975-03-19,time unavailable,@,Montreal Canadiens,1,2,L,REG,39,22,11,L 1
73,1975-03-22,time unavailable,H,Washington Capitals,8,2,W,REG,40,22,11,W 1
74,1975-03-23,time unavailable,@,New York Rangers,5,7,L,REG,40,23,11,L 1
75,1975-03-26,time unavailable,@,St. Louis Blues,1,3,L,REG,40,24,11,L 2
76,1975-03-29,time unavailable,@,Toronto Maple Leafs,1,1,T,REG,40,24,12,T 1
77,1975-03-30,time unavailable,H,Montreal Canadiens,2,2,T,REG,40,24,13,T 2
78,1975-04-01,time unavailable,H,Buffalo Sabres,1,3,L,REG,40,25,13,L 1
79,1975-04-03,time unavailable,@,Buffalo Sabres,2,4,L,REG,40,26,13,L 2
80,1975-04-06,time unavailable,H,Toronto Maple Leafs,4,4,T,REG,40,26,14,T 1

GP,Date,Time,Location,Opponent,GF,GA,Result,Game Ended In,W,L,T,Streak,Notes
1,1975-04-08,time unavailable,H,Chicago Black Hawks,8,2,W,REG,1,0,0,W 1
2,1975-04-10,time unavailable,@,Chicago Black Hawks,3,4,L,OT,1,1,0,L 1
3,1975-04-11,time unavailable,H,Chicago Black Hawks,4,6,L,REG,1,2,0,L 2

Earl Anderson,,16,RW,23,6-1,185,R/-,R,"February 24, 1951",us,"2 G, 4 A, 6 P"
Ken Broderick,,31,G,32,5-10,178,-/R,2,"February 16, 1942",ca,"7-6-0, 2.39 GAA"
Ross Brooks,,30,G,37,5-8,173,-/L,2,"October 17, 1937",ca,"10-3-3, 2.98 GAA"
John Bucyk,(C),9,LW,39,6-0,215,L/-,19,"May 12, 1935",ca,"29 G, 52 A, 81 P"
Wayne Cashman,,12,LW,29,6-1,208,R/-,8,"June 24, 1945",ca,"11 G, 22 A, 33 P"
Gordie Clark,,28,RW,22,5-10,180,R/-,R,"May 31, 1952",gb,"0 G, 0 A, 0 P"
Gary Doak,,25,D,28,5-11,175,R/-,9,"February 26, 1946",ca,"0 G, 0 A, 0 P"
Darryl Edestrand,,6,D,29,5-11,180,L/-,5,"November 6, 1945",ca,"1 G, 9 A, 10 P"
Phil Esposito,,7,C,32,6-1,205,L/-,11,"February 20, 1942",ca,"61 G, 66 A, 127 P"
Dave Forbes,,14,LW,26,5-10,180,L/-,1,"November 16, 1948",ca,"18 G, 12 A, 30 P"
Gilles Gilbert,,1,G,25,6-1,175,-/L,5,"March 31, 1949",ca,"23-17-11, 3.13 GAA"
Rod Graham,,27-28,LW,28,6-0,185,L/-,R,"August 19, 1946",ca,"2 G, 1 A, 3 P"
Ken Hodge,,8,RW,30,6-2,210,R/-,10,"June 25, 1944",gb,"23 G, 43 A, 66 P"
Dave Hynes,,27,LW,23,5-9,182,L/-,1,"April 17, 1951",us,"4 G, 0 A, 4 P"
Steve Langdon,,32,LW,21,5-11,175,L/-,R,"December 23, 1953",ca,"0 G, 1 A, 1 P"
Don Marcotte,,21,LW,27,5-11,183,L/-,7,"April 15, 1947",ca,"31 G, 33 A, 64 P"
Walt McKechnie,,18,C,27,6-2,195,L/-,7,"June 19, 1947",ca,"3 G, 3 A, 6 P"
Hank Nowak,,18,LW,24,6-1,195,L/-,1,"November 24, 1950",ca,"4 G, 7 A, 11 P"
Terry O'Reilly,,24,RW,23,6-1,200,R/-,3,"June 7, 1951",ca,"15 G, 20 A, 35 P"
Bobby Orr,,4,D,26,6-0,197,L/-,8,"March 20, 1948",ca,"46 G, 89 A, 135 P"
Jake Rathwell,,n/a,RW,27,6-0,190,L/-,R,"August 12, 1947",ca,"0 G, 0 A, 0 P"
Craig Sarner,,29,RW,25,5-11,185,L/-,R,"June 20, 1949",us,"0 G, 0 A, 0 P"
Andre Savard,,11,C,21,6-1,185,L/-,1,"February 9, 1953",ca,"19 G, 25 A, 44 P"
Bobby Schmautz,,17,RW,29,5-9,172,R/-,6,"March 28, 1945",ca,"21 G, 30 A, 51 P"
Gregg Sheppard,,19,C,25,5-8,170,L/-,2,"April 23, 1949",ca,"30 G, 48 A, 78 P"
Al Sims,,23,D,21,6-0,182,L/-,1,"April 18, 1953",ca,"4 G, 8 A, 12 P"
Dallas Smith,,20,D,33,5-11,180,L/-,12,"October 10, 1941",ca,"3 G, 20 A, 23 P"
Carol Vadnais,,10,D,29,6-1,185,L/-,8,"September 25, 1945",ca,"18 G, 56 A, 74 P"
