Buffalo Sabres,BUF,nhl
1974-75,1975
28
80
5,6,6
GP,Date,Time,Location,Opponent,GF,GA,Result,Game Ended In,W,L,T,Streak,Notes
1,1974-10-10,time unavailable,H,Boston Bruins,9,5,W,REG,1,0,0,W 1
2,1974-10-12,time unavailable,@,Philadelphia Flyers,1,6,L,REG,1,1,0,L 1
3,1974-10-13,time unavailable,H,Los Angeles Kings,1,4,L,REG,1,2,0,L 2
4,1974-10-17,time unavailable,H,California Golden Seals,6,1,W,REG,2,2,0,W 1
5,1974-10-19,time unavailable,@,Minnesota North Stars,2,1,W,REG,3,2,0,W 2
6,1974-10-20,time unavailable,H,Toronto Maple Leafs,5,5,T,REG,3,2,1,T 1
7,1974-10-24,time unavailable,@,Los Angeles Kings,2,7,L,REG,3,3,1,L 1
8,1974-10-26,time unavailable,@,St. Louis Blues,2,0,W,REG,4,3,1,W 1
9,1974-10-27,time unavailable,H,Montreal Canadiens,3,2,W,REG,5,3,1,W 2
10,1974-11-02,time unavailable,@,Toronto Maple Leafs,6,3,W,REG,6,3,1,W 3
11,1974-11-03,time unavailable,@,New York Rangers,4,3,W,REG,7,3,1,W 4
12,1974-11-05,time unavailable,@,Boston Bruins,2,2,T,REG,7,3,2,T 1
13,1974-11-06,time unavailable,H,Chicago Black Hawks,6,4,W,REG,8,3,2,W 1
14,1974-11-09,time unavailable,@,Kansas City Scouts,6,1,W,REG,9,3,2,W 2
15,1974-11-10,time unavailable,H,Pittsburgh Penguins,8,3,W,REG,10,3,2,W 3
16,1974-11-13,time unavailable,@,Montreal Canadiens,8,6,W,REG,11,3,2,W 4
17,1974-11-14,time unavailable,H,Minnesota North Stars,5,3,W,REG,12,3,2,W 5
18,1974-11-16,time unavailable,@,Boston Bruins,5,7,L,REG,12,4,2,L 1
19,1974-11-17,time unavailable,H,Atlanta Flames,4,0,W,REG,13,4,2,W 1
20,1974-11-20,time unavailable,H,Washington Capitals,7,3,W,REG,14,4,2,W 2
21,1974-11-22,time unavailable,@,Atlanta Flames,4,4,T,REG,14,4,3,T 1
22,1974-11-24,time unavailable,H,Montreal Canadiens,6,4,W,REG,15,4,3,W 1
23,1974-11-27,time unavailable,@,Chicago Black Hawks,3,1,W,REG,16,4,3,W 2
24,1974-11-28,time unavailable,H,Detroit Red Wings,5,2,W,REG,17,4,3,W 3
25,1974-11-30,time unavailable,@,Pittsburgh Penguins,5,5,T,REG,17,4,4,T 1
26,1974-12-01,time unavailable,H,Pittsburgh Penguins,6,3,W,REG,18,4,4,W 1
27,1974-12-03,time unavailable,@,Washington Capitals,5,3,W,REG,19,4,4,W 2
28,1974-12-05,time unavailable,H,Washington Capitals,9,2,W,REG,20,4,4,W 3
29,1974-12-08,time unavailable,H,Minnesota North Stars,5,0,W,REG,21,4,4,W 4
30,1974-12-12,time unavailable,H,Vancouver Canucks,3,5,L,REG,21,5,4,L 1
31,1974-12-14,time unavailable,@,Minnesota North Stars,2,4,L,REG,21,6,4,L 2
32,1974-12-15,time unavailable,H,California Golden Seals,5,5,T,REG,21,6,5,T 1
33,1974-12-18,time unavailable,H,New York Islanders,3,2,W,REG,22,6,5,W 1
34,1974-12-22,time unavailable,@,Washington Capitals,4,0,W,REG,23,6,5,W 2
35,1974-12-26,time unavailable,H,Chicago Black Hawks,3,1,W,REG,24,6,5,W 3
36,1974-12-27,time unavailable,@,New York Rangers,5,9,L,REG,24,7,5,L 1
37,1974-12-29,time unavailable,H,Philadelphia Flyers,2,5,L,REG,24,8,5,L 2
38,1975-01-03,time unavailable,@,California Golden Seals,2,2,T,REG,24,8,6,T 1
39,1975-01-05,time unavailable,H,St. Louis Blues,4,2,W,REG,25,8,6,W 1
40,1975-01-09,time unavailable,H,Los Angeles Kings,2,5,L,REG,25,9,6,L 1
41,1975-01-11,time unavailable,@,Detroit Red Wings,3,3,T,REG,25,9,7,T 1
42,1975-01-12,time unavailable,H,Vancouver Canucks,5,1,W,REG,26,9,7,W 1
43,1975-01-15,time unavailable,@,California Golden Seals,4,0,W,REG,27,9,7,W 2
44,1975-01-17,time unavailable,@,Vancouver Canucks,4,2,W,REG,28,9,7,W 3
45,1975-01-19,time unavailable,H,Kansas City Scouts,5,0,W,REG,29,9,7,W 4
46,1975-01-23,time unavailable,H,Detroit Red Wings,5,1,W,REG,30,9,7,W 5
47,1975-01-25,time unavailable,@,Montreal Canadiens,7,6,W,REG,31,9,7,W 6
48,1975-01-26,time unavailable,H,Atlanta Flames,3,4,L,REG,31,10,7,L 1
49,1975-01-30,time unavailable,H,New York Rangers,6,3,W,REG,32,10,7,W 1
50,1975-02-01,time unavailable,@,Philadelphia Flyers,0,6,L,REG,32,11,7,L 1
51,1975-02-02,time unavailable,H,Kansas City Scouts,8,1,W,REG,33,11,7,W 1
52,1975-02-04,time unavailable,@,Detroit Red Wings,6,1,W,REG,34,11,7,W 2
53,1975-02-06,time unavailable,@,New York Islanders,2,2,T,REG,34,11,8,T 1
54,1975-02-09,time unavailable,H,Montreal Canadiens,4,4,T,REG,34,11,9,T 2
55,1975-02-12,time unavailable,@,Pittsburgh Penguins,3,3,T,REG,34,11,10,T 3
56,1975-02-13,time unavailable,H,Boston Bruins,3,1,W,REG,35,11,10,W 1
57,1975-02-16,time unavailable,H,St. Louis Blues,4,4,T,REG,35,11,11,T 1
58,1975-02-18,time unavailable,@,New York Islanders,3,2,W,REG,36,11,11,W 1
59,1975-02-20,time unavailable,H,Philadelphia Flyers,6,6,T,REG,36,11,12,T 1
60,1975-02-21,time unavailable,@,Washington Capitals,9,4,W,REG,37,11,12,W 1
61,1975-02-23,time unavailable,H,Toronto Maple Leafs,4,1,W,REG,38,11,12,W 2
62,1975-02-27,time unavailable,H,Los Angeles Kings,5,0,W,REG,39,11,12,W 3
63,1975-03-01,time unavailable,@,Detroit Red Wings,2,3,L,REG,39,12,12,L 1
64,1975-03-02,time unavailable,H,New York Islanders,3,3,T,REG,39,12,13,T 1
65,1975-03-05,time unavailable,@,New York Rangers,6,3,W,REG,40,12,13,W 1
66,1975-03-08,time unavailable,@,St. Louis Blues,3,3,T,REG,40,12,14,T 1
67,1975-03-09,time unavailable,H,Pittsburgh Penguins,8,4,W,REG,41,12,14,W 1
68,1975-03-11,time unavailable,@,Los Angeles Kings,2,2,T,REG,41,12,15,T 1
69,1975-03-12,time unavailable,@,California Golden Seals,7,2,W,REG,42,12,15,W 1
70,1975-03-14,time unavailable,@,Vancouver Canucks,1,5,L,REG,42,13,15,L 1
71,1975-03-16,time unavailable,@,Toronto Maple Leafs,11,3,W,REG,43,13,15,W 1
72,1975-03-20,time unavailable,H,New York Rangers,6,3,W,REG,44,13,15,W 2
73,1975-03-22,time unavailable,@,Kansas City Scouts,4,2,W,REG,45,13,15,W 3
74,1975-03-23,time unavailable,H,California Golden Seals,9,4,W,REG,46,13,15,W 4
75,1975-03-26,time unavailable,@,Chicago Black Hawks,1,5,L,REG,46,14,15,L 1
76,1975-03-28,time unavailable,@,Atlanta Flames,2,3,L,REG,46,15,15,L 2
77,1975-03-30,time unavailable,H,Toronto Maple Leafs,4,5,L,REG,46,16,15,L 3
78,1975-04-01,time unavailable,@,Boston Bruins,3,1,W,REG,47,16,15,W 1
79,1975-04-03,time unavailable,H,Boston Bruins,4,2,W,REG,48,16,15,W 2
80,1975-04-05,time unavailable,@,Toronto Maple Leafs,4,2,W,REG,49,16,15,W 3

GP,Date,Time,Location,Opponent,GF,GA,Result,Game Ended In,W,L,T,Streak,Notes
1,1975-04-13,time unavailable,H,Chicago Black Hawks,4,1,W,REG,1,0,0,W 1
2,1975-04-15,time unavailable,H,Chicago Black Hawks,3,1,W,REG,2,0,0,W 2
3,1975-04-17,time unavailable,@,Chicago Black Hawks,4,5,L,OT,2,1,0,L 1
4,1975-04-20,time unavailable,@,Chicago Black Hawks,6,2,W,REG,3,1,0,W 1
5,1975-04-22,time unavailable,H,Chicago Black Hawks,3,1,W,REG,4,1,0,W 2
6,1975-04-27,time unavailable,H,Montreal Canadiens,6,5,W,OT,5,1,0,W 3
7,1975-04-29,time unavailable,H,Montreal Canadiens,4,2,W,REG,6,1,0,W 4
8,1975-05-01,time unavailable,@,Montreal Canadiens,0,7,L,REG,6,2,0,L 1
9,1975-05-03,time unavailable,@,Montreal Canadiens,2,8,L,REG,6,3,0,L 2
10,1975-05-06,time unavailable,H,Montreal Canadiens,5,4,W,OT,7,3,0,W 1
11,1975-05-08,time unavailable,@,Montreal Canadiens,4,3,W,REG,8,3,0,W 2
12,1975-05-15,time unavailable,@,Philadelphia Flyers,1,4,L,REG,8,4,0,L 1
13,1975-05-18,time unavailable,@,Philadelphia Flyers,1,2,L,REG,8,5,0,L 2
14,1975-05-20,time unavailable,H,Philadelphia Flyers,5,4,W,OT,9,5,0,W 1
15,1975-05-22,time unavailable,H,Philadelphia Flyers,4,2,W,REG,10,5,0,W 2
16,1975-05-25,time unavailable,@,Philadelphia Flyers,1,5,L,REG,10,6,0,L 1
17,1975-05-27,time unavailable,H,Philadelphia Flyers,0,2,L,REG,10,7,0,L 2

Gary Bromley,,28-29,G,25,5-10,160,-/L,1,"January 19, 1950",ca,"26-11-11, 3.10 GAA"
Larry Carriere,,23,D,23,6-1,190,L/-,2,"January 30, 1952",ca,"1 G, 11 A, 12 P"
Roger Crozier,,1,G,32,5-8,165,-/R,11,"March 16, 1942",ca,"17-2-1, 2.62 GAA"
Gerry Desjardins,,30,G,30,5-11,190,-/L,6,"July 22, 1944",ca,"6-2-1, 2.78 GAA"
Rick Dudley,,9-17,LW,26,6-0,190,L/-,2,"January 31, 1949",ca,"31 G, 39 A, 70 P"
Rocky Farr,,30,G,27,5-10,175,-/R,2,"April 7, 1947",ca,"0-1-2, 3.94 GAA"
Lee Fogolin,,5,D,19,6-0,200,R/-,R,"February 7, 1955",us,"2 G, 2 A, 4 P"
Danny Gare,,18,RW,20,5-9,175,R/-,R,"May 14, 1954",ca,"31 G, 31 A, 62 P"
Norm Gratton,,9,LW,24,5-11,165,L/-,3,"December 22, 1950",ca,"3 G, 6 A, 9 P"
Jocelyn Guevremont,,3-22,D,23,6-2,200,R/-,3,"March 1, 1951",ca,"7 G, 25 A, 32 P"
Bill Hajt,,24,D,23,6-3,215,L/-,1,"November 18, 1951",ca,"3 G, 26 A, 29 P"
Jerry Korab,,4,D,26,6-3,220,L/-,4,"September 15, 1948",ca,"12 G, 44 A, 56 P"
Jim Lorentz,,8,RW,27,6-0,190,L/-,6,"May 1, 1947",ca,"25 G, 45 A, 70 P"
Don Luce,,20,C,26,6-2,185,L/-,5,"October 2, 1948",ca,"33 G, 43 A, 76 P"
Rick Martin,,7,LW,23,5-11,179,L/-,3,"July 26, 1951",ca,"52 G, 43 A, 95 P"
Paul McIntosh,,3,D,20,5-10,177,R/-,R,"March 13, 1954",ca,"0 G, 1 A, 1 P"
Peter McNab,,16,C,22,6-3,210,L/-,1,"May 8, 1952",ca,"22 G, 21 A, 43 P"
Bryan McSheffrey,,15,RW,22,6-2,205,R/-,2,"September 25, 1952",ca,"0 G, 0 A, 0 P"
Gerry Meehan,(C),15,C,28,6-2,200,L/-,5,"September 3, 1946",ca,"0 G, 1 A, 1 P"
Larry Mickey,,12,RW,31,5-11,175,R/-,10,"October 21, 1943",ca,"2 G, 0 A, 2 P"
Gilbert Perreault,,11,C,24,6-1,180,L/-,4,"November 13, 1950",ca,"39 G, 57 A, 96 P"
Craig Ramsay,,10,LW,23,5-10,175,L/-,3,"March 17, 1951",ca,"26 G, 38 A, 64 P"
RenÃ© Robert,,14,RW,26,5-10,184,R/-,4,"December 31, 1948",ca,"40 G, 60 A, 100 P"
Mike Robitaille,,3,D,26,5-11,195,R/-,5,"February 12, 1948",ca,"0 G, 1 A, 1 P"
Jim Schoenfeld,(C),6,D,22,6-2,200,L/-,2,"September 4, 1952",ca,"1 G, 19 A, 20 P"
Brian Spencer,,21,LW,25,5-11,185,L/-,5,"September 3, 1949",ca,"12 G, 29 A, 41 P"
Fred Stanfield,,17-19,C,30,5-10,185,L/-,10,"May 4, 1944",ca,"12 G, 21 A, 33 P"
Morris Titanic,,19,LW,22,6-1,180,L/-,R,"January 7, 1953",ca,"0 G, 0 A, 0 P"
