Los Angeles Kings,LAK,nhl
1974-75,1975
22
80
3
GP,Date,Time,Location,Opponent,GF,GA,Result,Game Ended In,W,L,T,Streak,Notes
1,1974-10-10,time unavailable,@,Philadelphia Flyers,5,3,W,REG,1,0,0,W 1
2,1974-10-12,time unavailable,@,Montreal Canadiens,4,4,T,REG,1,0,1,T 1
3,1974-10-13,time unavailable,@,Buffalo Sabres,4,1,W,REG,2,0,1,W 1
4,1974-10-15,time unavailable,@,Washington Capitals,1,1,T,REG,2,0,2,T 1
5,1974-10-16,time unavailable,@,Toronto Maple Leafs,1,1,T,REG,2,0,3,T 2
6,1974-10-19,time unavailable,H,Kansas City Scouts,3,0,W,REG,3,0,3,W 1
7,1974-10-22,time unavailable,H,Philadelphia Flyers,2,4,L,REG,3,1,3,L 1
8,1974-10-24,time unavailable,H,Buffalo Sabres,7,2,W,REG,4,1,3,W 1
9,1974-10-26,time unavailable,H,California Golden Seals,5,1,W,REG,5,1,3,W 2
10,1974-10-28,time unavailable,H,Pittsburgh Penguins,2,0,W,REG,6,1,3,W 3
11,1974-10-31,time unavailable,H,St. Louis Blues,1,1,T,REG,6,1,4,T 1
12,1974-11-02,time unavailable,H,Detroit Red Wings,5,1,W,REG,7,1,4,W 1
13,1974-11-05,time unavailable,@,St. Louis Blues,4,3,W,REG,8,1,4,W 2
14,1974-11-07,time unavailable,@,Pittsburgh Penguins,5,3,W,REG,9,1,4,W 3
15,1974-11-09,time unavailable,H,New York Rangers,2,2,T,REG,9,1,5,T 1
16,1974-11-13,time unavailable,H,Toronto Maple Leafs,4,0,W,REG,10,1,5,W 1
17,1974-11-15,time unavailable,@,Vancouver Canucks,2,2,T,REG,10,1,6,T 1
18,1974-11-16,time unavailable,H,Chicago Black Hawks,1,2,L,REG,10,2,6,L 1
19,1974-11-20,time unavailable,H,Montreal Canadiens,3,3,T,REG,10,2,7,T 1
20,1974-11-23,time unavailable,@,Pittsburgh Penguins,0,0,T,REG,10,2,8,T 2
21,1974-11-24,time unavailable,@,Detroit Red Wings,4,1,W,REG,11,2,8,W 1
22,1974-11-27,time unavailable,H,New York Islanders,3,3,T,REG,11,2,9,T 1
23,1974-11-30,time unavailable,H,Boston Bruins,2,0,W,REG,12,2,9,W 1
24,1974-12-04,time unavailable,H,Minnesota North Stars,4,1,W,REG,13,2,9,W 2
25,1974-12-07,time unavailable,H,Atlanta Flames,6,2,W,REG,14,2,9,W 3
26,1974-12-11,time unavailable,@,Toronto Maple Leafs,4,1,W,REG,15,2,9,W 4
27,1974-12-12,time unavailable,@,Boston Bruins,1,8,L,REG,15,3,9,L 1
28,1974-12-14,time unavailable,@,New York Islanders,0,3,L,REG,15,4,9,L 2
29,1974-12-15,time unavailable,@,New York Rangers,3,3,T,REG,15,4,10,T 1
30,1974-12-18,time unavailable,@,Kansas City Scouts,6,0,W,REG,16,4,10,W 1
31,1974-12-19,time unavailable,H,Washington Capitals,4,1,W,REG,17,4,10,W 2
32,1974-12-21,time unavailable,H,Montreal Canadiens,2,2,T,REG,17,4,11,T 1
33,1974-12-26,time unavailable,H,Vancouver Canucks,5,1,W,REG,18,4,11,W 1
34,1974-12-28,time unavailable,H,California Golden Seals,2,3,L,REG,18,5,11,L 1
35,1974-12-30,time unavailable,@,Detroit Red Wings,3,2,W,REG,19,5,11,W 1
36,1974-12-31,time unavailable,@,Chicago Black Hawks,3,1,W,REG,20,5,11,W 2
37,1975-01-02,time unavailable,H,Boston Bruins,2,5,L,REG,20,6,11,L 1
38,1975-01-04,time unavailable,H,Philadelphia Flyers,2,2,T,REG,20,6,12,T 1
39,1975-01-08,time unavailable,@,Minnesota North Stars,4,2,W,REG,21,6,12,W 1
40,1975-01-09,time unavailable,@,Buffalo Sabres,5,2,W,REG,22,6,12,W 2
41,1975-01-11,time unavailable,@,Toronto Maple Leafs,7,5,W,REG,23,6,12,W 3
42,1975-01-14,time unavailable,@,Washington Capitals,6,2,W,REG,24,6,12,W 4
43,1975-01-16,time unavailable,@,Boston Bruins,4,1,W,REG,25,6,12,W 5
44,1975-01-17,time unavailable,@,Atlanta Flames,0,5,L,REG,25,7,12,L 1
45,1975-01-19,time unavailable,@,Montreal Canadiens,6,3,W,REG,26,7,12,W 1
46,1975-01-23,time unavailable,H,Toronto Maple Leafs,8,0,W,REG,27,7,12,W 2
47,1975-01-25,time unavailable,@,New York Islanders,5,5,T,REG,27,7,13,T 1
48,1975-01-26,time unavailable,@,New York Rangers,2,3,L,REG,27,8,13,L 1
49,1975-01-28,time unavailable,H,New York Rangers,5,2,W,REG,28,8,13,W 1
50,1975-01-30,time unavailable,H,Washington Capitals,6,4,W,REG,29,8,13,W 2
51,1975-02-01,time unavailable,H,Montreal Canadiens,3,5,L,REG,29,9,13,L 1
52,1975-02-05,time unavailable,H,Pittsburgh Penguins,2,3,L,REG,29,10,13,L 2
53,1975-02-07,time unavailable,@,Atlanta Flames,1,3,L,REG,29,11,13,L 3
54,1975-02-09,time unavailable,@,Chicago Black Hawks,2,1,W,REG,30,11,13,W 1
55,1975-02-12,time unavailable,H,Atlanta Flames,2,2,T,REG,30,11,14,T 1
56,1975-02-15,time unavailable,H,Detroit Red Wings,8,2,W,REG,31,11,14,W 1
57,1975-02-18,time unavailable,@,Washington Capitals,6,1,W,REG,32,11,14,W 2
58,1975-02-19,time unavailable,@,Pittsburgh Penguins,2,2,T,REG,32,11,15,T 1
59,1975-02-22,time unavailable,H,Boston Bruins,6,0,W,REG,33,11,15,W 1
60,1975-02-23,time unavailable,@,California Golden Seals,2,2,T,REG,33,11,16,T 1
61,1975-02-26,time unavailable,@,Detroit Red Wings,2,1,W,REG,34,11,16,W 1
62,1975-02-27,time unavailable,@,Buffalo Sabres,0,5,L,REG,34,12,16,L 1
63,1975-03-01,time unavailable,H,Minnesota North Stars,7,4,W,REG,35,12,16,W 1
64,1975-03-04,time unavailable,H,Kansas City Scouts,7,4,W,REG,36,12,16,W 2
65,1975-03-06,time unavailable,H,New York Islanders,2,2,T,REG,36,12,17,T 1
66,1975-03-08,time unavailable,H,Chicago Black Hawks,1,6,L,REG,36,13,17,L 1
67,1975-03-11,time unavailable,H,Buffalo Sabres,2,2,T,REG,36,13,18,T 1
68,1975-03-13,time unavailable,H,Detroit Red Wings,5,5,T,REG,36,13,19,T 2
69,1975-03-15,time unavailable,@,Montreal Canadiens,0,3,L,REG,36,14,19,L 1
70,1975-03-16,time unavailable,@,Philadelphia Flyers,0,3,L,REG,36,15,19,L 2
71,1975-03-18,time unavailable,@,Minnesota North Stars,5,3,W,REG,37,15,19,W 1
72,1975-03-20,time unavailable,H,St. Louis Blues,3,2,W,REG,38,15,19,W 2
73,1975-03-22,time unavailable,H,Pittsburgh Penguins,4,0,W,REG,39,15,19,W 3
74,1975-03-26,time unavailable,H,Washington Capitals,5,1,W,REG,40,15,19,W 4
75,1975-03-28,time unavailable,@,Vancouver Canucks,2,4,L,REG,40,16,19,L 1
76,1975-03-29,time unavailable,H,Vancouver Canucks,3,3,T,REG,40,16,20,T 1
77,1975-04-01,time unavailable,@,Kansas City Scouts,1,3,L,REG,40,17,20,L 1
78,1975-04-02,time unavailable,@,St. Louis Blues,5,2,W,REG,41,17,20,W 1
79,1975-04-05,time unavailable,H,California Golden Seals,5,3,W,REG,42,17,20,W 2
80,1975-04-06,time unavailable,@,California Golden Seals,1,1,T,REG,42,17,21,T 1

GP,Date,Time,Location,Opponent,GF,GA,Result,Game Ended In,W,L,T,Streak,Notes
1,1975-04-08,time unavailable,H,Toronto Maple Leafs,3,2,W,OT,1,0,0,W 1
2,1975-04-10,time unavailable,@,Toronto Maple Leafs,2,3,L,OT,1,1,0,L 1
3,1975-04-11,time unavailable,H,Toronto Maple Leafs,1,2,L,REG,1,2,0,L 2

Bob Berry,,18,LW,31,6-0,185,L/-,5,"November 29, 1943",ca,"25 G, 23 A, 48 P"
Larry Brown,,3,D,27,6-2,210,L/-,5,"April 14, 1947",ca,"1 G, 15 A, 16 P"
Gene Carr,,12,C/LW,23,5-11,185,L/-,3,"September 17, 1951",ca,"7 G, 32 A, 39 P"
Mike Corrigan,,11,RW,29,5-10,175,L/-,6,"January 11, 1946",ca,"13 G, 21 A, 34 P"
Gary Edwards,,1,G,27,5-9,165,-/L,5,"October 5, 1947",ca,"15-3-8, 2.34 GAA"
Butch Goring,,19,C,25,5-9,170,L/-,5,"October 22, 1949",ca,"27 G, 33 A, 60 P"
Terry Harper,(C),2,D,35,6-1,200,R/-,12,"January 27, 1940",ca,"5 G, 21 A, 26 P"
Phil Hoene,,21,LW,25,5-9,175,L/-,2,"March 15, 1949",us,"0 G, 0 A, 0 P"
Dave Hutchison,,4,D,22,6-3,205,L/-,R,"May 2, 1952",ca,"0 G, 6 A, 6 P"
Sheldon Kannegiesser,,6,D,27,6-0,198,L/-,4,"August 15, 1947",ca,"2 G, 23 A, 25 P"
Neil Komadoski,,23,D,23,6-2,200,L/-,2,"November 5, 1951",ca,"4 G, 12 A, 16 P"
Don Kozak,,24,RW,22,5-11,190,R/-,2,"February 2, 1952",ca,"16 G, 15 A, 31 P"
Dan Maloney,,27,LW,24,6-2,195,L/-,3,"September 24, 1950",ca,"27 G, 39 A, 66 P"
Bob Murdoch,,5,D,28,6-0,200,R/-,4,"November 20, 1946",ca,"13 G, 29 A, 42 P"
Mike Murphy,,7,RW,24,6-0,190,R/-,3,"September 12, 1950",ca,"30 G, 38 A, 68 P"
Bob Nevin,,9,RW,36,6-0,185,R/-,16,"March 18, 1938",ca,"31 G, 41 A, 72 P"
Jimmy Peters,,8,C,30,6-2,185,L/-,8,"June 20, 1944",ca,"0 G, 0 A, 0 P"
Frank St. Marseille,,14,C,35,5-11,180,R/-,7,"December 14, 1939",ca,"17 G, 36 A, 53 P"
Rogie Vachon,,30,G,29,5-7,170,-/L,8,"September 8, 1945",ca,"27-14-13, 2.24 GAA"
Vic Venasky,,10,C,23,5-11,185,R/-,2,"June 3, 1951",ca,"1 G, 2 A, 3 P"
Juha Widing,,15,C,27,6-0,180,L/-,5,"July 4, 1947",fi,"26 G, 34 A, 60 P"
Tom Williams,,17,LW,23,5-11,187,R/-,3,"February 7, 1951",ca,"24 G, 22 A, 46 P"
