Minnesota North Stars,MNS,nhl
1974-75,1975
36
80
0
GP,Date,Time,Location,Opponent,GF,GA,Result,Game Ended In,W,L,T,Streak,Notes
1,1974-10-09,time unavailable,H,Pittsburgh Penguins,2,4,L,REG,0,1,0,L 1
2,1974-10-12,time unavailable,H,Washington Capitals,6,0,W,REG,1,1,0,W 1
3,1974-10-16,time unavailable,H,Vancouver Canucks,1,1,T,REG,1,1,1,T 1
4,1974-10-19,time unavailable,H,Buffalo Sabres,1,2,L,REG,1,2,1,L 1
5,1974-10-20,time unavailable,@,Chicago Black Hawks,0,6,L,REG,1,3,1,L 2
6,1974-10-22,time unavailable,@,Vancouver Canucks,3,2,W,REG,2,3,1,W 1
7,1974-10-25,time unavailable,@,Atlanta Flames,2,2,T,REG,2,3,2,T 1
8,1974-10-26,time unavailable,@,New York Islanders,0,4,L,REG,2,4,2,L 1
9,1974-10-30,time unavailable,H,Boston Bruins,3,3,T,REG,2,4,3,T 1
10,1974-11-03,time unavailable,@,Boston Bruins,1,10,L,REG,2,5,3,L 1
11,1974-11-04,time unavailable,@,Montreal Canadiens,1,6,L,REG,2,6,3,L 2
12,1974-11-06,time unavailable,@,Toronto Maple Leafs,4,7,L,REG,2,7,3,L 3
13,1974-11-07,time unavailable,@,Philadelphia Flyers,0,2,L,REG,2,8,3,L 4
14,1974-11-09,time unavailable,H,Toronto Maple Leafs,7,5,W,REG,3,8,3,W 1
15,1974-11-13,time unavailable,H,Detroit Red Wings,7,4,W,REG,4,8,3,W 2
16,1974-11-14,time unavailable,@,Buffalo Sabres,3,5,L,REG,4,9,3,L 1
17,1974-11-16,time unavailable,H,Kansas City Scouts,3,1,W,REG,5,9,3,W 1
18,1974-11-18,time unavailable,@,Montreal Canadiens,4,9,L,REG,5,10,3,L 1
19,1974-11-21,time unavailable,H,St. Louis Blues,3,2,W,REG,6,10,3,W 1
20,1974-11-23,time unavailable,H,California Golden Seals,3,1,W,REG,7,10,3,W 2
21,1974-11-24,time unavailable,@,Washington Capitals,4,4,T,REG,7,10,4,T 1
22,1974-11-27,time unavailable,H,Washington Capitals,6,4,W,REG,8,10,4,W 1
23,1974-11-30,time unavailable,H,Chicago Black Hawks,5,3,W,REG,9,10,4,W 2
24,1974-12-01,time unavailable,@,Chicago Black Hawks,0,3,L,REG,9,11,4,L 1
25,1974-12-03,time unavailable,@,Vancouver Canucks,5,6,L,REG,9,12,4,L 2
26,1974-12-04,time unavailable,@,Los Angeles Kings,1,4,L,REG,9,13,4,L 3
27,1974-12-06,time unavailable,@,California Golden Seals,3,5,L,REG,9,14,4,L 4
28,1974-12-08,time unavailable,@,Buffalo Sabres,0,5,L,REG,9,15,4,L 5
29,1974-12-10,time unavailable,H,Montreal Canadiens,3,5,L,REG,9,16,4,L 6
30,1974-12-12,time unavailable,@,Philadelphia Flyers,0,6,L,REG,9,17,4,L 7
31,1974-12-14,time unavailable,H,Buffalo Sabres,4,2,W,REG,10,17,4,W 1
32,1974-12-18,time unavailable,@,New York Rangers,0,7,L,REG,10,18,4,L 1
33,1974-12-21,time unavailable,H,Pittsburgh Penguins,8,7,W,REG,11,18,4,W 1
34,1974-12-26,time unavailable,@,Detroit Red Wings,4,4,T,REG,11,18,5,T 1
35,1974-12-28,time unavailable,@,St. Louis Blues,2,4,L,REG,11,19,5,L 1
36,1974-12-30,time unavailable,H,New York Rangers,1,8,L,REG,11,20,5,L 2
37,1975-01-02,time unavailable,@,Pittsburgh Penguins,3,6,L,REG,11,21,5,L 3
38,1975-01-04,time unavailable,H,Boston Bruins,0,8,L,REG,11,22,5,L 4
39,1975-01-06,time unavailable,@,Kansas City Scouts,2,5,L,REG,11,23,5,L 5
40,1975-01-08,time unavailable,H,Los Angeles Kings,2,4,L,REG,11,24,5,L 6
41,1975-01-15,time unavailable,H,New York Rangers,3,5,L,REG,11,25,5,L 7
42,1975-01-18,time unavailable,@,St. Louis Blues,4,5,L,REG,11,26,5,L 8
43,1975-01-19,time unavailable,@,Detroit Red Wings,4,4,T,REG,11,26,6,T 1
44,1975-01-23,time unavailable,H,Montreal Canadiens,0,7,L,REG,11,27,6,L 1
45,1975-01-25,time unavailable,H,Kansas City Scouts,4,1,W,REG,12,27,6,W 1
46,1975-01-28,time unavailable,@,New York Islanders,2,6,L,REG,12,28,6,L 1
47,1975-01-29,time unavailable,H,New York Islanders,3,4,L,REG,12,29,6,L 2
48,1975-02-01,time unavailable,@,Kansas City Scouts,3,2,W,REG,13,29,6,W 1
49,1975-02-02,time unavailable,H,Atlanta Flames,3,5,L,REG,13,30,6,L 1
50,1975-02-05,time unavailable,H,Chicago Black Hawks,1,2,L,REG,13,31,6,L 2
51,1975-02-06,time unavailable,@,Boston Bruins,2,3,L,REG,13,32,6,L 3
52,1975-02-08,time unavailable,H,Philadelphia Flyers,5,0,W,REG,14,32,6,W 1
53,1975-02-09,time unavailable,@,Atlanta Flames,3,2,W,REG,15,32,6,W 2
54,1975-02-12,time unavailable,H,New York Islanders,2,4,L,REG,15,33,6,L 1
55,1975-02-15,time unavailable,H,New York Rangers,2,9,L,REG,15,34,6,L 2
56,1975-02-16,time unavailable,H,California Golden Seals,8,4,W,REG,16,34,6,W 1
57,1975-02-19,time unavailable,H,Atlanta Flames,2,4,L,REG,16,35,6,L 1
58,1975-02-22,time unavailable,H,Vancouver Canucks,4,1,W,REG,17,35,6,W 1
59,1975-02-23,time unavailable,@,Kansas City Scouts,2,4,L,REG,17,36,6,L 1
60,1975-02-25,time unavailable,H,Toronto Maple Leafs,2,9,L,REG,17,37,6,L 2
61,1975-02-26,time unavailable,@,California Golden Seals,3,1,W,REG,18,37,6,W 1
62,1975-03-01,time unavailable,@,Los Angeles Kings,4,7,L,REG,18,38,6,L 1
63,1975-03-04,time unavailable,H,Vancouver Canucks,6,4,W,REG,19,38,6,W 1
64,1975-03-05,time unavailable,H,Philadelphia Flyers,2,9,L,REG,19,39,6,L 1
65,1975-03-08,time unavailable,@,Toronto Maple Leafs,3,5,L,REG,19,40,6,L 2
66,1975-03-09,time unavailable,H,St. Louis Blues,4,5,L,REG,19,41,6,L 3
67,1975-03-12,time unavailable,@,Atlanta Flames,4,9,L,REG,19,42,6,L 4
68,1975-03-15,time unavailable,H,Chicago Black Hawks,2,5,L,REG,19,43,6,L 5
69,1975-03-16,time unavailable,H,Detroit Red Wings,4,3,W,REG,20,43,6,W 1
70,1975-03-18,time unavailable,H,Los Angeles Kings,3,5,L,REG,20,44,6,L 1
71,1975-03-20,time unavailable,@,Washington Capitals,5,1,W,REG,21,44,6,W 1
72,1975-03-22,time unavailable,@,Philadelphia Flyers,0,4,L,REG,21,45,6,L 1
73,1975-03-23,time unavailable,H,New York Islanders,3,3,T,REG,21,45,7,T 1
74,1975-03-25,time unavailable,H,Kansas City Scouts,2,1,W,REG,22,45,7,W 1
75,1975-03-26,time unavailable,@,New York Rangers,4,2,W,REG,23,45,7,W 2
76,1975-03-29,time unavailable,@,St. Louis Blues,1,2,L,REG,23,46,7,L 1
77,1975-03-30,time unavailable,@,Pittsburgh Penguins,1,4,L,REG,23,47,7,L 2
78,1975-04-01,time unavailable,H,St. Louis Blues,3,7,L,REG,23,48,7,L 3
79,1975-04-04,time unavailable,@,Vancouver Canucks,1,4,L,REG,23,49,7,L 4
80,1975-04-06,time unavailable,@,Chicago Black Hawks,0,3,L,REG,23,50,7,L 5

Time,Location,Result,Game Ended In

Chris Ahrens,,4,D,22,6-0,185,R/-,1,"July 31, 1952",us,"0 G, 2 A, 2 P"
Fred Barrett,,3,D,25,5-11,195,L/-,3,"January 26, 1950",ca,"3 G, 18 A, 21 P"
Dwight Bialowas,,2,D,22,6-0,185,R/-,1,"September 8, 1952",ca,"2 G, 10 A, 12 P"
Henry Boucha,,9,C,23,6-0,185,R/-,3,"June 1, 1951",us,"15 G, 14 A, 29 P"
Craig Cameron,,27-28,RW,29,6-0,200,R/-,7,"July 19, 1945",ca,"10 G, 7 A, 17 P"
Rick Chinnick,,28,RW,21,5-11,180,L/-,1,"August 15, 1953",ca,"0 G, 1 A, 1 P"
Tom Colley,,25,C,21,5-9,162,L/-,R,"August 21, 1953",ca,"0 G, 0 A, 0 P"
Bob Cook,,29,RW,29,6-0,190,R/-,3,"January 6, 1946",ca,"0 G, 1 A, 1 P"
Dave Cressman,,21,LW,25,6-1,180,L/-,R,"January 2, 1950",ca,"2 G, 0 A, 2 P"
Jude Drouin,,16,C,26,5-10,160,R/-,6,"October 28, 1948",ca,"4 G, 18 A, 22 P"
Blake Dunlop,,7,C,21,5-10,170,R/-,1,"April 4, 1953",ca,"9 G, 18 A, 27 P"
John Flesch,,21-27,LW,21,6-2,200,L/-,R,"July 15, 1953",ca,"8 G, 15 A, 23 P"
Barry Gibbs,,2,D,26,5-11,195,R/-,7,"September 28, 1948",ca,"4 G, 20 A, 24 P"
Bill Goldsworthy,(C),8,RW,30,6-0,190,R/-,10,"August 24, 1944",ca,"37 G, 35 A, 72 P"
Norm Gratton,,11,LW,24,5-11,165,L/-,3,"December 22, 1950",ca,"14 G, 12 A, 26 P"
Dennis Hextall,,22,C,31,5-11,175,L/-,6,"April 17, 1943",ca,"17 G, 57 A, 74 P"
Ernie Hicke,,14,LW,27,5-11,185,L/-,4,"November 7, 1947",ca,"15 G, 13 A, 28 P"
Doug Hicks,,6-24,D,19,6-0,185,L/-,R,"May 28, 1955",ca,"6 G, 12 A, 18 P"
Alain Langlais,,29,LW,24,5-10,175,L/-,1,"October 9, 1950",ca,"1 G, 1 A, 2 P"
Pete LoPresti,,1,G,20,6-1,195,-/L,R,"May 23, 1954",us,"9-20-3, 4.19 GAA"
Kim MacDougall,,17,D,20,5-11,180,L/-,R,"August 29, 1954",ca,"0 G, 0 A, 0 P"
Cesare Maniago,,30,G,36,6-3,195,-/L,11,"January 13, 1939",ca,"11-21-4, 4.20 GAA"
Don Martineau,,18,RW,22,6-0,190,R/-,1,"April 25, 1952",ca,"6 G, 9 A, 15 P"
Lou Nanne,,23,RW,33,6-1,185,R/-,7,"June 2, 1941",ca,"6 G, 9 A, 15 P"
Rich Nantais,,12,LW,20,5-11,188,L/-,R,"October 27, 1954",ca,"4 G, 1 A, 5 P"
Rod Norrish,,15-26,LW,23,5-10,185,L/-,1,"November 27, 1951",ca,"1 G, 2 A, 3 P"
Dennis O'Brien,,5,D,25,6-0,195,L/-,4,"June 10, 1949",ca,"6 G, 10 A, 16 P"
Murray Oliver,,10,C,37,5-10,170,L/-,16,"November 14, 1937",ca,"19 G, 15 A, 34 P"
J.P. Parise,,11,LW,33,5-9,175,L/-,9,"December 11, 1941",ca,"9 G, 16 A, 25 P"
Bill Plager,,6-21,D,29,5-9,175,R/-,7,"July 6, 1945",ca,"0 G, 0 A, 0 P"
Tom Reid,,20,D,28,6-1,200,L/-,7,"June 24, 1946",ca,"1 G, 5 A, 6 P"
Fern Rivard,,35,G,29,5-9,160,-/L,3,"January 18, 1946",ca,"3-9-0, 4.24 GAA"
John Rogers,,14,RW,21,5-11,175,R/-,1,"April 10, 1953",ca,"0 G, 0 A, 0 P"
Doug Rombough,,12,C,24,6-3,215,L/-,2,"July 8, 1950",ca,"6 G, 9 A, 15 P"
Fred Stanfield,,17,C,30,5-10,185,L/-,10,"May 4, 1944",ca,"8 G, 18 A, 26 P"
Dean Talafous,,15,RW,21,6-4,180,R/-,R,"August 25, 1953",us,"8 G, 17 A, 25 P"
