St. Louis Blues,STL,nhl
1974-75,1975
37
80
2
GP,Date,Time,Location,Opponent,GF,GA,Result,Game Ended In,W,L,T,Streak,Notes
1,1974-10-09,time unavailable,@,California Golden Seals,4,4,T,REG,0,0,1,T 1
2,1974-10-12,time unavailable,@,Vancouver Canucks,5,3,W,REG,1,0,1,W 1
3,1974-10-15,time unavailable,H,Vancouver Canucks,4,6,L,REG,1,1,1,L 1
4,1974-10-17,time unavailable,H,Montreal Canadiens,3,2,W,REG,2,1,1,W 1
5,1974-10-19,time unavailable,H,Chicago Black Hawks,1,3,L,REG,2,2,1,L 1
6,1974-10-23,time unavailable,@,New York Rangers,1,5,L,REG,2,3,1,L 2
7,1974-10-24,time unavailable,@,Boston Bruins,4,4,T,REG,2,3,2,T 1
8,1974-10-26,time unavailable,H,Buffalo Sabres,0,2,L,REG,2,4,2,L 1
9,1974-10-27,time unavailable,@,Chicago Black Hawks,3,10,L,REG,2,5,2,L 2
10,1974-10-31,time unavailable,@,Los Angeles Kings,1,1,T,REG,2,5,3,T 1
11,1974-11-02,time unavailable,H,Atlanta Flames,9,0,W,REG,3,5,3,W 1
12,1974-11-05,time unavailable,H,Los Angeles Kings,3,4,L,REG,3,6,3,L 1
13,1974-11-09,time unavailable,H,New York Islanders,4,2,W,REG,4,6,3,W 1
14,1974-11-12,time unavailable,H,Boston Bruins,4,3,W,REG,5,6,3,W 2
15,1974-11-13,time unavailable,@,Kansas City Scouts,3,5,L,REG,5,7,3,L 1
16,1974-11-16,time unavailable,H,Philadelphia Flyers,5,3,W,REG,6,7,3,W 1
17,1974-11-19,time unavailable,@,Vancouver Canucks,3,6,L,REG,6,8,3,L 1
18,1974-11-21,time unavailable,@,Minnesota North Stars,2,3,L,REG,6,9,3,L 2
19,1974-11-23,time unavailable,H,Detroit Red Wings,4,2,W,REG,7,9,3,W 1
20,1974-11-25,time unavailable,@,Toronto Maple Leafs,2,2,T,REG,7,9,4,T 1
21,1974-11-27,time unavailable,H,Vancouver Canucks,1,6,L,REG,7,10,4,L 1
22,1974-11-30,time unavailable,@,Montreal Canadiens,1,7,L,REG,7,11,4,L 2
23,1974-12-01,time unavailable,@,New York Rangers,4,4,T,REG,7,11,5,T 1
24,1974-12-03,time unavailable,H,California Golden Seals,5,1,W,REG,8,11,5,W 1
25,1974-12-07,time unavailable,H,Washington Capitals,8,2,W,REG,9,11,5,W 2
26,1974-12-08,time unavailable,@,Washington Capitals,3,1,W,REG,10,11,5,W 3
27,1974-12-10,time unavailable,@,New York Islanders,2,3,L,REG,10,12,5,L 1
28,1974-12-12,time unavailable,@,Detroit Red Wings,4,3,W,REG,11,12,5,W 1
29,1974-12-14,time unavailable,H,New York Rangers,6,2,W,REG,12,12,5,W 2
30,1974-12-15,time unavailable,@,Philadelphia Flyers,2,7,L,REG,12,13,5,L 1
31,1974-12-17,time unavailable,H,New York Islanders,8,4,W,REG,13,13,5,W 1
32,1974-12-20,time unavailable,@,Atlanta Flames,2,6,L,REG,13,14,5,L 1
33,1974-12-21,time unavailable,H,Kansas City Scouts,6,4,W,REG,14,14,5,W 1
34,1974-12-26,time unavailable,@,Pittsburgh Penguins,2,2,T,REG,14,14,6,T 1
35,1974-12-28,time unavailable,H,Minnesota North Stars,4,2,W,REG,15,14,6,W 1
36,1974-12-29,time unavailable,@,Chicago Black Hawks,2,5,L,REG,15,15,6,L 1
37,1975-01-02,time unavailable,@,Kansas City Scouts,2,1,W,REG,16,15,6,W 1
38,1975-01-04,time unavailable,H,Atlanta Flames,1,4,L,REG,16,16,6,L 1
39,1975-01-05,time unavailable,@,Buffalo Sabres,2,4,L,REG,16,17,6,L 2
40,1975-01-07,time unavailable,H,California Golden Seals,2,3,L,REG,16,18,6,L 3
41,1975-01-11,time unavailable,H,New York Rangers,3,5,L,REG,16,19,6,L 4
42,1975-01-12,time unavailable,@,Detroit Red Wings,2,1,W,REG,17,19,6,W 1
43,1975-01-14,time unavailable,@,New York Islanders,3,3,T,REG,17,19,7,T 1
44,1975-01-15,time unavailable,H,Toronto Maple Leafs,1,4,L,REG,17,20,7,L 1
45,1975-01-18,time unavailable,H,Minnesota North Stars,5,4,W,REG,18,20,7,W 1
46,1975-01-23,time unavailable,H,Philadelphia Flyers,2,7,L,REG,18,21,7,L 1
47,1975-01-25,time unavailable,H,Chicago Black Hawks,1,4,L,REG,18,22,7,L 2
48,1975-01-28,time unavailable,H,Detroit Red Wings,4,4,T,REG,18,22,8,T 1
49,1975-01-31,time unavailable,@,Atlanta Flames,4,2,W,REG,19,22,8,W 1
50,1975-02-01,time unavailable,H,Pittsburgh Penguins,4,4,T,REG,19,22,9,T 1
51,1975-02-04,time unavailable,H,Toronto Maple Leafs,3,5,L,REG,19,23,9,L 1
52,1975-02-07,time unavailable,H,Kansas City Scouts,5,0,W,REG,20,23,9,W 1
53,1975-02-08,time unavailable,@,Toronto Maple Leafs,3,3,T,REG,20,23,10,T 1
54,1975-02-11,time unavailable,H,Philadelphia Flyers,3,1,W,REG,21,23,10,W 1
55,1975-02-15,time unavailable,H,Washington Capitals,7,1,W,REG,22,23,10,W 2
56,1975-02-16,time unavailable,@,Buffalo Sabres,4,4,T,REG,22,23,11,T 1
57,1975-02-18,time unavailable,H,Montreal Canadiens,4,4,T,REG,22,23,12,T 2
58,1975-02-22,time unavailable,@,Pittsburgh Penguins,2,3,L,REG,22,24,12,L 1
59,1975-02-23,time unavailable,@,Washington Capitals,7,2,W,REG,23,24,12,W 1
60,1975-02-25,time unavailable,@,New York Islanders,0,3,L,REG,23,25,12,L 1
61,1975-02-26,time unavailable,@,New York Rangers,1,5,L,REG,23,26,12,L 2
62,1975-03-01,time unavailable,@,Montreal Canadiens,4,3,W,REG,24,26,12,W 1
63,1975-03-02,time unavailable,@,Philadelphia Flyers,2,4,L,REG,24,27,12,L 1
64,1975-03-05,time unavailable,H,Vancouver Canucks,5,2,W,REG,25,27,12,W 1
65,1975-03-08,time unavailable,H,Buffalo Sabres,3,3,T,REG,25,27,13,T 1
66,1975-03-09,time unavailable,@,Minnesota North Stars,5,4,W,REG,26,27,13,W 1
67,1975-03-11,time unavailable,H,Atlanta Flames,3,0,W,REG,27,27,13,W 2
68,1975-03-12,time unavailable,@,Chicago Black Hawks,4,3,W,REG,28,27,13,W 3
69,1975-03-14,time unavailable,H,Kansas City Scouts,6,1,W,REG,29,27,13,W 4
70,1975-03-16,time unavailable,@,Boston Bruins,2,7,L,REG,29,28,13,L 1
71,1975-03-18,time unavailable,H,Pittsburgh Penguins,5,2,W,REG,30,28,13,W 1
72,1975-03-20,time unavailable,@,Los Angeles Kings,2,3,L,REG,30,29,13,L 1
73,1975-03-21,time unavailable,@,California Golden Seals,4,7,L,REG,30,30,13,L 2
74,1975-03-23,time unavailable,@,Vancouver Canucks,3,3,T,REG,30,30,14,T 1
75,1975-03-26,time unavailable,H,Boston Bruins,3,1,W,REG,31,30,14,W 1
76,1975-03-29,time unavailable,H,Minnesota North Stars,2,1,W,REG,32,30,14,W 2
77,1975-04-01,time unavailable,@,Minnesota North Stars,7,3,W,REG,33,30,14,W 3
78,1975-04-02,time unavailable,H,Los Angeles Kings,2,5,L,REG,33,31,14,L 1
79,1975-04-05,time unavailable,H,Chicago Black Hawks,4,3,W,REG,34,31,14,W 1
80,1975-04-06,time unavailable,@,Kansas City Scouts,3,2,W,REG,35,31,14,W 2

GP,Date,Time,Location,Opponent,GF,GA,Result,Game Ended In,W,L,T,Streak,Notes
1,1975-04-08,time unavailable,@,Pittsburgh Penguins,3,4,L,REG,0,1,0,L 1
2,1975-04-10,time unavailable,H,Pittsburgh Penguins,3,5,L,REG,0,2,0,L 2

Bruce Affleck,,4,D,20,6-0,205,L/-,R,"May 5, 1954",ca,"0 G, 2 A, 2 P"
Don Awrey,,26,D,31,6-0,175,L/-,11,"July 18, 1943",ca,"0 G, 8 A, 8 P"
Ace Bailey,,24,LW,26,5-11,192,L/-,6,"June 13, 1948",ca,"15 G, 26 A, 41 P"
Yves Belanger,,29,G,22,5-11,170,-/L,R,"September 30, 1952",ca,"6-3-2, 2.72 GAA"
Red Berenson,,9,C,35,6-0,185,L/-,13,"December 8, 1939",ca,"12 G, 19 A, 31 P"
Jack Borotsik,,12,C,25,5-9,180,L/-,R,"November 26, 1949",ca,"0 G, 0 A, 0 P"
Gord Buynak,,4,D,20,6-1,180,L/-,R,"March 19, 1954",us,"0 G, 0 A, 0 P"
Bill Collins,,21,RW,31,6-1,178,R/-,7,"July 13, 1943",ca,"22 G, 15 A, 37 P"
John Davidson,,30,G,21,6-3,205,-/L,1,"February 27, 1953",ca,"17-15-7, 3.66 GAA"
Denis Dupere,,19,LW,26,6-1,200,L/-,4,"June 21, 1948",ca,"3 G, 6 A, 9 P"
Chris Evans,,6,D,28,5-9,180,L/-,4,"September 14, 1946",ca,"0 G, 1 A, 1 P"
Dave Gardner,,6,C,22,6-0,185,R/-,2,"August 23, 1952",ca,"0 G, 2 A, 2 P"
Bob Gassoff,,3,D,21,5-10,195,L/-,1,"April 17, 1953",ca,"4 G, 14 A, 18 P"
Stan Gilbertson,,19,LW,30,6-0,175,L/-,3,"October 29, 1944",us,"1 G, 4 A, 5 P"
Bob Hess,,23,D,19,5-11,180,L/-,R,"May 19, 1955",ca,"9 G, 30 A, 39 P"
Eddie Johnston,,1,G,39,6-0,190,-/L,12,"November 24, 1935",ca,"12-13-5, 3.10 GAA"
Murray Kuntz,,9,LW,29,5-10,180,L/-,R,"December 19, 1945",ca,"1 G, 2 A, 3 P"
Claude Larose,,12,RW,32,6-0,180,R/-,12,"March 2, 1942",ca,"10 G, 17 A, 27 P"
Chuck Lefley,,25,LW,25,6-2,185,L/-,4,"January 20, 1950",ca,"23 G, 26 A, 49 P"
Bernie Lukowich,,17,RW,22,6-0,190,R/-,1,"March 18, 1952",ca,"4 G, 5 A, 9 P"
Jim McCrimmon,,24,D,21,6-1,210,R/-,R,"May 29, 1953",ca,"0 G, 0 A, 0 P"
Wayne Merrick,,20,C,22,6-1,195,L/-,2,"April 23, 1952",ca,"28 G, 37 A, 65 P"
Brian Ogilvie,,10,C,23,5-11,186,R/-,1,"January 30, 1952",ca,"5 G, 5 A, 10 P"
Doug Palazzari,,14,LW,22,5-5,170,L/-,R,"November 3, 1952",us,"14 G, 17 A, 31 P"
Craig Patrick,,27,RW,28,6-0,190,L/-,3,"May 20, 1946",us,"6 G, 9 A, 15 P"
Barclay Plager,(C),8,D,33,5-11,175,L/-,7,"March 26, 1941",ca,"4 G, 24 A, 28 P"
Bob Plager,,5,D,31,5-11,195,L/-,10,"March 11, 1943",ca,"1 G, 14 A, 15 P"
Pierre Plante,,16,RW,23,6-1,190,R/-,3,"May 14, 1951",ca,"34 G, 32 A, 66 P"
Ken Richardson,,15,C,23,6-0,190,L/-,R,"April 12, 1951",ca,"5 G, 7 A, 12 P"
Phil Roberto,,17,RW,26,6-1,190,R/-,5,"January 1, 1949",ca,"0 G, 2 A, 2 P"
Larry Sacharuk,,2,D,22,6-0,200,R/-,2,"September 16, 1952",ca,"20 G, 22 A, 42 P"
Frank Spring,,28,RW,25,6-3,216,R/-,2,"October 19, 1949",ca,"0 G, 0 A, 0 P"
Bob Stumpf,,3,RW,21,6-1,195,R/-,R,"April 25, 1953",ca,"1 G, 1 A, 2 P"
Floyd Thomson,,18,LW,25,6-0,190,L/-,3,"June 14, 1949",ca,"9 G, 27 A, 36 P"
Garry Unger,,7,C,27,5-11,170,L/-,7,"December 7, 1947",ca,"36 G, 44 A, 80 P"
Don Wheldon,,25,D,20,6-2,185,R/-,R,"December 28, 1954",us,"0 G, 0 A, 0 P"
Rick Wilson,,22,D,24,6-1,195,L/-,1,"August 10, 1950",ca,"2 G, 5 A, 7 P"
