Vancouver Canucks,VAN,nhl
1974-75,1975
31
80
5
GP,Date,Time,Location,Opponent,GF,GA,Result,Game Ended In,W,L,T,Streak,Notes
1,1974-10-09,time unavailable,H,Atlanta Flames,3,3,T,REG,0,0,1,T 1
2,1974-10-12,time unavailable,H,St. Louis Blues,3,5,L,REG,0,1,1,L 1
3,1974-10-15,time unavailable,@,St. Louis Blues,6,4,W,REG,1,1,1,W 1
4,1974-10-16,time unavailable,@,Minnesota North Stars,1,1,T,REG,1,1,2,T 1
5,1974-10-19,time unavailable,@,Toronto Maple Leafs,5,4,W,REG,2,1,2,W 1
6,1974-10-20,time unavailable,@,New York Rangers,1,0,W,REG,3,1,2,W 2
7,1974-10-22,time unavailable,H,Minnesota North Stars,2,3,L,REG,3,2,2,L 1
8,1974-10-25,time unavailable,H,Kansas City Scouts,5,3,W,REG,4,2,2,W 1
9,1974-10-26,time unavailable,H,Philadelphia Flyers,2,3,L,REG,4,3,2,L 1
10,1974-10-29,time unavailable,H,Detroit Red Wings,7,0,W,REG,5,3,2,W 1
11,1974-11-01,time unavailable,H,Pittsburgh Penguins,7,4,W,REG,6,3,2,W 2
12,1974-11-05,time unavailable,H,New York Rangers,2,1,W,REG,7,3,2,W 3
13,1974-11-07,time unavailable,@,Kansas City Scouts,6,4,W,REG,8,3,2,W 4
14,1974-11-09,time unavailable,@,Montreal Canadiens,3,4,L,REG,8,4,2,L 1
15,1974-11-10,time unavailable,@,Detroit Red Wings,4,2,W,REG,9,4,2,W 1
16,1974-11-12,time unavailable,H,Chicago Black Hawks,1,0,W,REG,10,4,2,W 2
17,1974-11-15,time unavailable,H,Los Angeles Kings,2,2,T,REG,10,4,3,T 1
18,1974-11-16,time unavailable,H,Toronto Maple Leafs,5,2,W,REG,11,4,3,W 1
19,1974-11-19,time unavailable,H,St. Louis Blues,6,3,W,REG,12,4,3,W 2
20,1974-11-21,time unavailable,@,Philadelphia Flyers,4,3,W,REG,13,4,3,W 3
21,1974-11-23,time unavailable,@,New York Islanders,3,3,T,REG,13,4,4,T 1
22,1974-11-24,time unavailable,@,Boston Bruins,4,7,L,REG,13,5,4,L 1
23,1974-11-26,time unavailable,@,Kansas City Scouts,3,4,L,REG,13,6,4,L 2
24,1974-11-27,time unavailable,@,St. Louis Blues,6,1,W,REG,14,6,4,W 1
25,1974-11-30,time unavailable,H,New York Islanders,3,0,W,REG,15,6,4,W 2
26,1974-12-03,time unavailable,H,Minnesota North Stars,6,5,W,REG,16,6,4,W 3
27,1974-12-06,time unavailable,H,Atlanta Flames,7,5,W,REG,17,6,4,W 4
28,1974-12-08,time unavailable,@,Detroit Red Wings,2,4,L,REG,17,7,4,L 1
29,1974-12-10,time unavailable,H,California Golden Seals,3,0,W,REG,18,7,4,W 1
30,1974-12-12,time unavailable,@,Buffalo Sabres,5,3,W,REG,19,7,4,W 2
31,1974-12-14,time unavailable,@,Kansas City Scouts,2,2,T,REG,19,7,5,T 1
32,1974-12-15,time unavailable,@,Chicago Black Hawks,2,4,L,REG,19,8,5,L 1
33,1974-12-17,time unavailable,H,Washington Capitals,4,2,W,REG,20,8,5,W 1
34,1974-12-20,time unavailable,H,Montreal Canadiens,1,6,L,REG,20,9,5,L 1
35,1974-12-22,time unavailable,@,California Golden Seals,6,4,W,REG,21,9,5,W 1
36,1974-12-26,time unavailable,@,Los Angeles Kings,1,5,L,REG,21,10,5,L 1
37,1974-12-28,time unavailable,H,Boston Bruins,6,4,W,REG,22,10,5,W 1
38,1975-01-01,time unavailable,H,Philadelphia Flyers,0,2,L,REG,22,11,5,L 1
39,1975-01-04,time unavailable,@,Pittsburgh Penguins,3,4,L,REG,22,12,5,L 2
40,1975-01-05,time unavailable,@,New York Rangers,2,6,L,REG,22,13,5,L 3
41,1975-01-08,time unavailable,@,Toronto Maple Leafs,4,6,L,REG,22,14,5,L 4
42,1975-01-09,time unavailable,@,Boston Bruins,1,5,L,REG,22,15,5,L 5
43,1975-01-12,time unavailable,@,Buffalo Sabres,1,5,L,REG,22,16,5,L 6
44,1975-01-15,time unavailable,@,Chicago Black Hawks,1,2,L,REG,22,17,5,L 7
45,1975-01-17,time unavailable,H,Buffalo Sabres,2,4,L,REG,22,18,5,L 8
46,1975-01-18,time unavailable,H,New York Rangers,2,3,L,REG,22,19,5,L 9
47,1975-01-23,time unavailable,@,Washington Capitals,3,2,W,REG,23,19,5,W 1
48,1975-01-24,time unavailable,@,Atlanta Flames,4,1,W,REG,24,19,5,W 2
49,1975-01-26,time unavailable,H,Toronto Maple Leafs,6,4,W,REG,25,19,5,W 3
50,1975-01-28,time unavailable,H,Montreal Canadiens,1,3,L,REG,25,20,5,L 1
51,1975-02-01,time unavailable,H,Washington Capitals,5,2,W,REG,26,20,5,W 1
52,1975-02-04,time unavailable,H,Pittsburgh Penguins,2,3,L,REG,26,21,5,L 1
53,1975-02-07,time unavailable,H,Chicago Black Hawks,3,1,W,REG,27,21,5,W 1
54,1975-02-11,time unavailable,H,Kansas City Scouts,4,0,W,REG,28,21,5,W 2
55,1975-02-14,time unavailable,H,Detroit Red Wings,5,4,W,REG,29,21,5,W 3
56,1975-02-15,time unavailable,H,Atlanta Flames,3,3,T,REG,29,21,6,T 1
57,1975-02-18,time unavailable,H,Boston Bruins,1,3,L,REG,29,22,6,L 1
58,1975-02-21,time unavailable,@,New York Islanders,4,1,W,REG,30,22,6,W 1
59,1975-02-22,time unavailable,@,Minnesota North Stars,1,4,L,REG,30,23,6,L 1
60,1975-02-26,time unavailable,@,Montreal Canadiens,3,4,L,REG,30,24,6,L 2
61,1975-02-27,time unavailable,@,Philadelphia Flyers,1,3,L,REG,30,25,6,L 3
62,1975-03-01,time unavailable,@,Pittsburgh Penguins,3,7,L,REG,30,26,6,L 4
63,1975-03-02,time unavailable,@,Washington Capitals,7,3,W,REG,31,26,6,W 1
64,1975-03-04,time unavailable,@,Minnesota North Stars,4,6,L,REG,31,27,6,L 1
65,1975-03-05,time unavailable,@,St. Louis Blues,2,5,L,REG,31,28,6,L 2
66,1975-03-07,time unavailable,H,Chicago Black Hawks,2,1,W,REG,32,28,6,W 1
67,1975-03-08,time unavailable,H,New York Islanders,5,7,L,REG,32,29,6,L 1
68,1975-03-11,time unavailable,H,Kansas City Scouts,3,3,T,REG,32,29,7,T 1
69,1975-03-14,time unavailable,H,Buffalo Sabres,5,1,W,REG,33,29,7,W 1
70,1975-03-16,time unavailable,@,Chicago Black Hawks,4,3,W,REG,34,29,7,W 2
71,1975-03-18,time unavailable,@,New York Islanders,4,4,T,REG,34,29,8,T 1
72,1975-03-19,time unavailable,@,New York Rangers,0,3,L,REG,34,30,8,L 1
73,1975-03-21,time unavailable,@,Atlanta Flames,4,12,L,REG,34,31,8,L 2
74,1975-03-23,time unavailable,H,St. Louis Blues,3,3,T,REG,34,31,9,T 1
75,1975-03-25,time unavailable,H,Philadelphia Flyers,3,5,L,REG,34,32,9,L 1
76,1975-03-28,time unavailable,H,Los Angeles Kings,4,2,W,REG,35,32,9,W 1
77,1975-03-29,time unavailable,@,Los Angeles Kings,3,3,T,REG,35,32,10,T 1
78,1975-04-01,time unavailable,H,California Golden Seals,7,0,W,REG,36,32,10,W 1
79,1975-04-02,time unavailable,@,California Golden Seals,3,0,W,REG,37,32,10,W 2
80,1975-04-04,time unavailable,H,Minnesota North Stars,4,1,W,REG,38,32,10,W 3

GP,Date,Time,Location,Opponent,GF,GA,Result,Game Ended In,W,L,T,Streak,Notes
1,1975-04-13,time unavailable,@,Montreal Canadiens,2,6,L,REG,0,1,0,L 1
2,1975-04-15,time unavailable,@,Montreal Canadiens,2,1,W,REG,1,1,0,W 1
3,1975-04-17,time unavailable,H,Montreal Canadiens,1,4,L,REG,1,2,0,L 1
4,1975-04-19,time unavailable,H,Montreal Canadiens,0,4,L,REG,1,3,0,L 2
5,1975-04-22,time unavailable,@,Montreal Canadiens,4,5,L,OT,1,4,0,L 3

Gregg Boddy,,22,D,25,6-2,200,L/-,3,"March 19, 1949",ca,"11 G, 12 A, 23 P"
Paulin Bordeleau,,15,RW,22,5-9,162,R/-,1,"January 29, 1953",ca,"17 G, 31 A, 48 P"
Andre Boudrias,,7,LW,31,5-8,165,L/-,10,"September 19, 1943",ca,"16 G, 62 A, 78 P"
Bruce Bullock,,31-35,G,25,5-7,160,-/R,1,"May 9, 1949",ca,"0-1-0, 4.00 GAA"
Bob Dailey,,3,D,21,6-5,220,R/-,1,"May 3, 1953",ca,"12 G, 36 A, 48 P"
Ab DeMarco,,4,D,25,6-0,170,R/-,5,"February 27, 1949",us,"10 G, 14 A, 24 P"
Dave Dunn,,24,D,26,6-2,202,L/-,1,"August 19, 1948",ca,"0 G, 0 A, 0 P"
John Gould,,21,RW,25,5-11,197,L/-,3,"April 11, 1949",ca,"34 G, 31 A, 65 P"
John Grisdale,,18,D,26,6-0,195,R/-,1,"August 23, 1948",ca,"1 G, 12 A, 13 P"
Jocelyn Guevremont,,2,D,23,6-2,200,R/-,3,"March 1, 1951",ca,"0 G, 0 A, 0 P"
Bob Hurlburt,,26,LW,24,5-11,185,L/-,R,"May 1, 1950",ca,"0 G, 0 A, 0 P"
Dennis Kearns,,6,D,29,5-9,185,L/-,3,"September 27, 1945",ca,"1 G, 11 A, 12 P"
Bobby Lalonde,,20,C,23,5-5,155,L/-,3,"March 27, 1951",ca,"17 G, 30 A, 47 P"
Don Lever,,9,C,22,5-11,185,L/-,2,"November 14, 1952",ca,"38 G, 30 A, 68 P"
Ken Lockett,,30,G,27,6-0,160,-/L,R,"August 30, 1947",ca,"6-7-1, 3.16 GAA"
Jim Mair,,25,D,28,5-9,170,R/-,4,"May 15, 1946",ca,"0 G, 1 A, 1 P"
Gerry Meehan,,8-26,C,28,6-2,200,L/-,5,"September 3, 1946",ca,"10 G, 15 A, 25 P"
Garry Monahan,,24,LW,28,6-0,199,L/-,7,"October 20, 1946",ca,"14 G, 20 A, 34 P"
Bob Murray,,26,D,26,6-1,195,L/-,1,"July 16, 1948",ca,"1 G, 5 A, 6 P"
Gerry O'Flaherty,,23,LW,24,5-10,182,L/-,3,"August 31, 1950",us,"25 G, 17 A, 42 P"
Chris Oddleifson,,14,C,24,6-2,185,R/-,2,"September 7, 1950",ca,"16 G, 35 A, 51 P"
Tracy Pratt,,5,D,31,6-2,195,L/-,7,"March 8, 1943",us,"5 G, 17 A, 22 P"
Mike Robitaille,,2,D,26,5-11,195,R/-,5,"February 12, 1948",ca,"2 G, 22 A, 24 P"
Leon Rochefort,,12,RW,35,6-0,185,R/-,13,"May 4, 1939",ca,"18 G, 11 A, 29 P"
Ron Sedlbauer,,17,LW,20,6-3,195,L/-,R,"October 22, 1954",ca,"3 G, 4 A, 7 P"
Gary Smith,,1,G,30,6-4,215,-/L,9,"February 4, 1944",ca,"32-24-9, 3.09 GAA"
Harold Snepsts,,27,D,20,6-3,210,L/-,R,"October 24, 1954",ca,"1 G, 2 A, 3 P"
Dennis Ververgaert,,10,RW,21,6-0,185,R/-,1,"March 30, 1953",ca,"19 G, 32 A, 51 P"
Barry Wilcox,,16,RW,26,6-1,190,L/-,1,"April 23, 1948",ca,"0 G, 0 A, 0 P"
Jim Wiley,,16,C,24,6-2,200,L/-,2,"April 28, 1950",ca,"0 G, 0 A, 0 P"
Barry Wilkins,,4,D,27,6-0,190,L/-,7,"February 28, 1947",ca,"0 G, 1 A, 1 P"
