Toronto Maple Leafs,TOR,nhl
2003-04,2004
39
82
7,6
GP,Date,Time,Location,Opponent,GF,GA,Result,Game Ended In,W,L,T,OL,Streak,S,PIM,PPG,SHG,S,PIM,PPG,SHG,Notes
1,2003-10-11,time unavailable,H,Montreal Canadiens,0,4,L,REG,0,1,0,0,L 1,21,12,0,0,22,8,1,1
2,2003-10-13,time unavailable,H,Washington Capitals,2,2,T,OT,0,1,1,0,T 1,36,10,1,0,18,16,2,0
3,2003-10-16,time unavailable,@,New Jersey Devils,2,2,T,OT,0,1,2,0,T 2,14,8,0,0,33,2,0,0
4,2003-10-18,time unavailable,@,Montreal Canadiens,1,0,W,REG,1,1,2,0,W 1,25,6,1,0,15,14,0,0
5,2003-10-20,time unavailable,@,New York Islanders,2,5,L,REG,1,2,2,0,L 1,26,22,0,0,15,32,2,0
6,2003-10-22,time unavailable,@,Dallas Stars,3,1,W,REG,2,2,2,0,W 1,24,13,1,0,16,15,0,0
7,2003-10-23,time unavailable,@,Phoenix Coyotes,5,4,W,REG,3,2,2,0,W 2,23,27,2,0,33,25,2,0
8,2003-10-25,time unavailable,H,Washington Capitals,4,1,W,REG,4,2,2,0,W 3,22,36,1,0,40,22,1,0
9,2003-10-27,time unavailable,H,Atlanta Thrashers,2,3,L,OT,4,2,2,1,L 1,27,16,0,0,27,12,0,0
10,2003-10-30,time unavailable,@,Buffalo Sabres,3,5,L,REG,4,3,2,1,L 2,21,15,1,0,36,15,1,1
11,2003-11-01,time unavailable,H,Philadelphia Flyers,1,7,L,REG,4,4,2,1,L 3,22,8,1,0,22,8,2,0
12,2003-11-02,time unavailable,@,Carolina Hurricanes,2,1,W,REG,5,4,2,1,W 1,18,20,1,0,25,22,1,0
13,2003-11-04,time unavailable,H,Pittsburgh Penguins,4,2,W,REG,6,4,2,1,W 2,38,76,1,0,24,46,1,1
14,2003-11-07,time unavailable,@,New Jersey Devils,1,1,T,OT,6,4,3,1,T 1,28,12,1,0,22,18,0,0
15,2003-11-08,time unavailable,H,Edmonton Oilers,4,1,W,REG,7,4,3,1,W 1,23,12,1,0,35,10,0,0
16,2003-11-12,time unavailable,@,Mighty Ducks of Anaheim,1,5,L,REG,7,5,3,1,L 1,30,8,0,0,27,4,1,0
17,2003-11-13,time unavailable,@,Los Angeles Kings,4,4,T,OT,7,5,4,1,T 1,37,26,2,0,27,22,1,0
18,2003-11-15,time unavailable,@,San Jose Sharks,2,2,T,OT,7,5,5,1,T 2,18,12,1,1,27,2,1,0
19,2003-11-18,time unavailable,@,Calgary Flames,2,3,L,OT,7,5,5,2,L 1,17,17,1,0,26,15,2,0
20,2003-11-20,time unavailable,@,Edmonton Oilers,2,3,L,REG,7,6,5,2,L 2,33,12,1,0,22,10,2,0
21,2003-11-22,time unavailable,@,Vancouver Canucks,5,3,W,REG,8,6,5,2,W 1,29,34,0,0,28,23,1,0
22,2003-11-24,time unavailable,H,Vancouver Canucks,2,1,W,REG,9,6,5,2,W 2,33,22,1,0,25,26,0,0
23,2003-11-27,time unavailable,@,Atlanta Thrashers,3,1,W,REG,10,6,5,2,W 3,29,21,0,0,32,35,0,0
24,2003-11-29,time unavailable,@,Ottawa Senators,2,1,W,REG,11,6,5,2,W 4,24,12,1,0,25,8,0,0
25,2003-11-30,time unavailable,@,New York Rangers,4,2,W,REG,12,6,5,2,W 5,25,17,1,1,35,15,1,0
26,2003-12-02,time unavailable,H,New York Rangers,5,4,W,REG,13,6,5,2,W 6,32,43,1,0,29,77,1,0
27,2003-12-04,time unavailable,@,Boston Bruins,6,0,W,REG,14,6,5,2,W 7,29,6,3,0,25,10,0,0
28,2003-12-06,time unavailable,H,Detroit Red Wings,5,2,W,REG,15,6,5,2,W 8,24,4,0,0,31,0,0,0
29,2003-12-09,time unavailable,H,St. Louis Blues,2,3,L,OT,15,6,5,3,L 1,15,15,0,1,27,19,1,1
30,2003-12-11,time unavailable,@,Minnesota Wild,1,0,W,REG,16,6,5,3,W 1,17,22,0,0,28,18,0,0
31,2003-12-13,time unavailable,H,New York Rangers,3,1,W,REG,17,6,5,3,W 2,36,24,2,0,29,36,0,0
32,2003-12-16,time unavailable,H,Tampa Bay Lightning,3,0,W,REG,18,6,5,3,W 3,21,12,1,0,21,12,0,0
33,2003-12-19,time unavailable,@,Washington Capitals,2,2,T,OT,18,6,6,3,T 1,34,16,0,0,27,6,2,0
34,2003-12-20,time unavailable,H,Montreal Canadiens,4,2,W,REG,19,6,6,3,W 1,31,11,1,0,21,17,1,0
35,2003-12-23,time unavailable,H,Florida Panthers,5,2,W,REG,20,6,6,3,W 2,26,11,2,0,31,11,0,0
36,2003-12-26,time unavailable,@,New York Rangers,6,5,W,OT,21,6,6,3,W 3,25,10,2,0,35,14,0,0
37,2003-12-27,time unavailable,@,New York Islanders,1,3,L,REG,21,7,6,3,L 1,20,11,0,0,28,13,1,0
38,2003-12-29,time unavailable,@,Florida Panthers,4,4,T,OT,21,7,7,3,T 1,38,15,1,0,39,15,1,0
39,2004-01-01,time unavailable,@,Boston Bruins,2,3,L,REG,21,8,7,3,L 1,24,24,1,0,41,37,0,0
40,2004-01-03,time unavailable,H,Buffalo Sabres,3,3,T,OT,21,8,8,3,T 1,37,11,2,0,16,13,1,0
41,2004-01-05,time unavailable,@,Pittsburgh Penguins,5,0,W,REG,22,8,8,3,W 1,34,13,0,0,25,7,0,0
42,2004-01-06,time unavailable,H,Nashville Predators,2,1,W,REG,23,8,8,3,W 2,21,14,1,0,25,12,0,1
43,2004-01-08,time unavailable,H,Ottawa Senators,1,7,L,REG,23,9,8,3,L 1,35,21,1,0,30,17,1,0
44,2004-01-10,time unavailable,H,New Jersey Devils,0,1,L,REG,23,10,8,3,L 2,25,9,0,0,33,7,0,0
45,2004-01-13,time unavailable,H,Calgary Flames,4,1,W,REG,24,10,8,3,W 1,23,38,2,0,16,28,0,0
46,2004-01-16,time unavailable,@,Philadelphia Flyers,1,4,L,REG,24,11,8,3,L 1,22,9,1,0,29,11,0,0
47,2004-01-17,time unavailable,H,Philadelphia Flyers,0,4,L,REG,24,12,8,3,L 2,34,28,0,0,24,16,2,0
48,2004-01-20,time unavailable,H,New York Islanders,2,0,W,REG,25,12,8,3,W 1,21,8,0,0,25,10,0,0
49,2004-01-21,time unavailable,@,Washington Capitals,3,2,W,REG,26,12,8,3,W 2,21,15,0,0,23,11,1,0
50,2004-01-24,time unavailable,@,Montreal Canadiens,4,1,W,REG,27,12,8,3,W 3,25,4,0,0,15,4,0,0
51,2004-01-27,time unavailable,H,Carolina Hurricanes,0,2,L,REG,27,13,8,3,L 1,32,10,0,0,19,16,0,1
52,2004-01-30,time unavailable,@,Atlanta Thrashers,4,1,W,REG,28,13,8,3,W 1,27,13,0,0,26,11,0,0
53,2004-01-31,time unavailable,H,Ottawa Senators,5,1,W,REG,29,13,8,3,W 2,25,69,4,0,25,27,1,0
54,2004-02-03,time unavailable,H,Chicago Blackhawks,1,4,L,REG,29,14,8,3,L 1,44,10,1,0,15,16,0,0
55,2004-02-05,time unavailable,@,Ottawa Senators,5,4,W,OT,30,14,8,3,W 1,27,19,0,0,30,19,3,0
56,2004-02-10,time unavailable,@,Tampa Bay Lightning,4,4,T,OT,30,14,9,3,T 1,29,8,2,0,29,10,3,0
57,2004-02-12,time unavailable,H,Columbus Blue Jackets,4,1,W,REG,31,14,9,3,W 1,28,8,2,0,19,12,0,0
58,2004-02-14,time unavailable,H,Buffalo Sabres,4,6,L,REG,31,15,9,3,L 1,36,38,1,0,31,22,2,0
59,2004-02-16,time unavailable,@,Pittsburgh Penguins,8,4,W,REG,32,15,9,3,W 1,37,19,4,1,26,15,2,0
60,2004-02-17,time unavailable,H,Boston Bruins,2,5,L,REG,32,16,9,3,L 1,24,15,0,1,26,13,0,0
61,2004-02-19,time unavailable,@,Carolina Hurricanes,2,1,W,OT,33,16,9,3,W 1,22,12,1,0,35,10,0,0
62,2004-02-21,time unavailable,H,Montreal Canadiens,5,4,W,REG,34,16,9,3,W 2,25,11,1,0,31,13,0,0
63,2004-02-23,time unavailable,H,Carolina Hurricanes,1,2,L,REG,34,17,9,3,L 1,29,20,0,1,29,16,2,0
64,2004-02-25,time unavailable,@,Florida Panthers,0,4,L,REG,34,18,9,3,L 2,33,8,0,0,28,10,0,0
65,2004-02-26,time unavailable,@,Tampa Bay Lightning,3,4,L,REG,34,19,9,3,L 3,22,14,2,0,26,16,1,1
66,2004-02-28,time unavailable,H,New Jersey Devils,3,0,W,REG,35,19,9,3,W 1,27,8,2,0,17,10,0,0
67,2004-03-02,time unavailable,H,Boston Bruins,3,2,W,REG,36,19,9,3,W 2,35,19,0,0,21,23,0,0
68,2004-03-04,time unavailable,H,New York Islanders,6,2,W,REG,37,19,9,3,W 3,24,17,3,0,18,25,2,0
69,2004-03-06,time unavailable,H,Buffalo Sabres,1,5,L,REG,37,20,9,3,L 1,33,35,1,0,32,11,1,1
70,2004-03-09,time unavailable,H,Florida Panthers,5,0,W,REG,38,20,9,3,W 1,42,33,0,0,15,20,0,0
71,2004-03-11,time unavailable,H,Pittsburgh Penguins,2,3,L,REG,38,21,9,3,L 1,46,15,1,0,17,25,1,0
72,2004-03-13,time unavailable,@,Montreal Canadiens,3,4,L,REG,38,22,9,3,L 2,25,19,0,0,29,13,0,0
73,2004-03-15,time unavailable,@,Buffalo Sabres,6,5,W,OT,39,22,9,3,W 1,34,20,2,0,28,12,4,0
74,2004-03-16,time unavailable,H,Boston Bruins,1,2,L,REG,39,23,9,3,L 1,23,12,1,0,29,14,2,0
75,2004-03-18,time unavailable,@,Philadelphia Flyers,3,2,W,REG,40,23,9,3,W 1,14,24,1,1,28,14,1,0
76,2004-03-20,time unavailable,H,Colorado Avalanche,5,2,W,REG,41,23,9,3,W 2,24,31,0,1,34,25,2,0
77,2004-03-23,time unavailable,H,Tampa Bay Lightning,2,7,L,REG,41,24,9,3,L 1,29,10,1,0,40,6,2,0
78,2004-03-25,time unavailable,@,Boston Bruins,3,0,W,REG,42,24,9,3,W 1,35,15,0,0,33,21,0,0
79,2004-03-27,time unavailable,H,Ottawa Senators,2,2,T,OT,42,24,10,3,T 1,25,6,1,0,30,4,0,0
80,2004-03-29,time unavailable,H,Atlanta Thrashers,4,2,W,REG,43,24,10,3,W 1,38,12,1,0,25,8,1,0
81,2004-04-02,time unavailable,@,Buffalo Sabres,2,0,W,REG,44,24,10,3,W 2,29,8,0,0,17,6,0,0
82,2004-04-03,time unavailable,@,Ottawa Senators,6,0,W,REG,45,24,10,3,W 3,17,6,2,0,28,24,0,0

GP,Date,Time,Location,Opponent,GF,GA,Result,Game Ended In,W,L,T,Streak,S,PIM,PPG,SHG,S,PIM,PPG,SHG,Notes
1,2004-04-08,time unavailable,H,Ottawa Senators,2,4,L,REG,0,1,0,L 1,17,20,1,0,30,10,2,0
2,2004-04-10,time unavailable,H,Ottawa Senators,2,0,W,REG,1,1,0,W 1,26,22,1,0,31,26,0,0
3,2004-04-12,time unavailable,@,Ottawa Senators,2,0,W,REG,2,1,0,W 2,17,8,0,0,37,10,0,0
4,2004-04-14,time unavailable,@,Ottawa Senators,1,4,L,REG,2,2,0,L 1,24,21,1,0,36,21,1,0
5,2004-04-16,time unavailable,H,Ottawa Senators,2,0,W,REG,3,2,0,W 1,16,8,0,0,21,6,0,0
6,2004-04-18,time unavailable,@,Ottawa Senators,1,2,L,2OT,3,3,0,L 1,28,8,1,0,46,6,0,0
7,2004-04-20,time unavailable,H,Ottawa Senators,4,1,W,REG,4,3,0,W 1,26,16,0,0,37,20,0,0
8,2004-04-22,time unavailable,@,Philadelphia Flyers,1,3,L,REG,4,4,0,L 1,23,8,0,0,26,6,0,0
9,2004-04-25,time unavailable,@,Philadelphia Flyers,1,2,L,REG,4,5,0,L 2,27,10,0,0,24,8,2,0
10,2004-04-28,time unavailable,H,Philadelphia Flyers,4,1,W,REG,5,5,0,W 1,29,10,1,0,19,12,1,0
11,2004-04-30,time unavailable,H,Philadelphia Flyers,3,1,W,REG,6,5,0,W 2,31,12,0,0,29,14,0,0
12,2004-05-02,time unavailable,@,Philadelphia Flyers,2,7,L,REG,6,6,0,L 1,11,50,1,0,29,28,0,1
13,2004-05-04,time unavailable,H,Philadelphia Flyers,2,3,L,OT,6,7,0,L 2,36,8,0,0,25,10,0,0

Nik Antropov,,80,C,23,6-6,245,L/-,4,"February 18, 1980",su,"13 G, 18 A, 31 P"
Wade Belak,,2-3,D,27,6-5,222,R/-,7,"July 3, 1976",ca,"1 G, 1 A, 2 P"
Ed Belfour,,20,G,38,5-11,202,-/L,14,"April 21, 1965",ca,"34-19-6, 2.13 GAA"
Drake Berehowsky,,55,D,32,6-2,225,R/-,12,"January 3, 1972",ca,"1 G, 2 A, 3 P"
Aki Berg,,8,D,26,6-3,213,L/-,7,"July 28, 1977",fi,"2 G, 7 A, 9 P"
Carlo Colaiacovo,,45,D,21,6-1,202,L/-,1,"January 27, 1983",ca,"0 G, 1 A, 1 P"
Tie Domi,,28,RW,34,5-10,213,R/-,14,"November 1, 1969",ca,"7 G, 13 A, 20 P"
Harold Druken,,18,C,25,6-0,200,L/-,4,"January 26, 1979",ca,"0 G, 4 A, 4 P"
Tom Fitzgerald,,12,C,35,6-0,190,R/-,15,"August 28, 1968",us,"7 G, 10 A, 17 P"
Ron Francis,,10,C,40,6-3,200,L/-,22,"March 1, 1963",ca,"3 G, 7 A, 10 P"
Pierre Hedin,,3,D,25,6-2,200,L/-,R,"February 19, 1978",se,"0 G, 1 A, 1 P"
Josh Holden,,9,C,26,6-0,190,L/-,5,"January 18, 1978",ca,"0 G, 0 A, 0 P"
Ric Jackman,,55,D,25,6-2,214,R/-,4,"June 28, 1978",ca,"2 G, 4 A, 6 P"
Calle Johansson,,9,D,36,5-11,203,L/-,16,"February 14, 1967",se,"0 G, 6 A, 6 P"
Craig Johnson,,33,C,31,6-2,200,L/-,9,"March 18, 1972",us,"1 G, 1 A, 2 P"
Tomas Kaberle,,15,D,25,6-1,212,L/-,5,"March 2, 1978",cs,"3 G, 28 A, 31 P"
Trevor Kidd,,37,G,31,6-2,213,-/L,11,"March 26, 1972",ca,"6-5-2, 3.26 GAA"
Chad Kilger,,18,LW,27,6-4,224,L/-,8,"November 27, 1976",ca,"1 G, 1 A, 2 P"
Ken Klee,,22,D,32,6-1,210,R/-,9,"April 24, 1971",us,"4 G, 25 A, 29 P"
Maxim Kondratiev,,34,D,21,6-1,194,L/-,R,"January 20, 1983",su,"0 G, 0 A, 0 P"
Brad Leeb,,38,RW,24,5-11,187,R/-,2,"August 27, 1979",ca,"0 G, 0 A, 0 P"
Brian Leetch,,2,D,35,6-0,185,L/-,16,"March 3, 1968",us,"2 G, 13 A, 15 P"
Bryan Marchment,,27,D,34,6-1,200,L/-,15,"May 1, 1969",ca,"1 G, 3 A, 4 P"
Bryan McCabe,,24,D,28,6-2,220,L/-,8,"June 8, 1975",ca,"16 G, 37 A, 53 P"
Alexander Mogilny,,89,RW,34,6-0,210,L/-,14,"February 18, 1969",su,"8 G, 22 A, 30 P"
Joe Nieuwendyk,,25,C,37,6-2,205,L/-,17,"September 10, 1966",ca,"22 G, 28 A, 50 P"
Owen Nolan,,11,RW,31,6-1,214,R/-,13,"February 12, 1972",gb,"19 G, 29 A, 48 P"
Nathan Perrott,,26,RW,27,6-0,225,R/-,2,"December 8, 1976",ca,"1 G, 2 A, 3 P"
Karel Pilar,,29,D,26,6-3,210,R/-,2,"December 23, 1977",cs,"2 G, 17 A, 19 P"
Alexei Ponikarovsky,,23,LW,23,6-4,225,L/-,3,"April 9, 1980",su,"9 G, 19 A, 28 P"
Robert Reichel,,21,C,32,5-10,180,L/-,10,"June 25, 1971",cs,"11 G, 19 A, 30 P"
Mikael Renberg,,19,LW,31,6-2,235,L/-,9,"May 5, 1972",se,"12 G, 13 A, 25 P"
Gary Roberts,,7,LW,37,6-2,215,L/-,16,"May 23, 1966",ca,"28 G, 20 A, 48 P"
Matt Stajan,,14,C,20,6-1,195,L/-,1,"December 19, 1983",ca,"14 G, 13 A, 27 P"
Mats Sundin,(C),13,C,32,6-5,231,R/-,13,"February 13, 1971",se,"31 G, 44 A, 75 P"
Mikael Tellqvist,,32,G,24,5-11,185,-/L,1,"September 19, 1979",se,"5-3-2, 2.87 GAA"
Darcy Tucker,,16,LW,28,5-10,178,L/-,8,"March 15, 1975",ca,"21 G, 11 A, 32 P"
Kyle Wellwood,,42,C,20,5-10,181,R/-,R,"May 16, 1983",ca,"0 G, 0 A, 0 P"
Clarke Wilm,,39,C,27,6-0,202,L/-,5,"October 24, 1976",ca,"0 G, 0 A, 0 P"
