Vancouver Canucks,VAN,nhl
2003-04,2004
36
82
7
GP,Date,Time,Location,Opponent,GF,GA,Result,Game Ended In,W,L,T,OL,Streak,S,PIM,PPG,SHG,S,PIM,PPG,SHG,Notes
1,2003-10-09,time unavailable,H,Calgary Flames,4,1,W,REG,1,0,0,0,W 1,26,4,2,0,23,10,1,0
2,2003-10-11,time unavailable,H,Edmonton Oilers,3,0,W,REG,2,0,0,0,W 2,22,45,0,1,14,25,0,0
3,2003-10-13,time unavailable,@,Columbus Blue Jackets,2,3,L,REG,2,1,0,0,L 1,29,15,0,0,26,15,1,0
4,2003-10-16,time unavailable,@,Detroit Red Wings,2,3,L,REG,2,2,0,0,L 2,38,10,0,0,31,11,2,0
5,2003-10-18,time unavailable,@,Minnesota Wild,2,2,T,OT,2,2,1,0,T 1,24,10,1,0,18,14,1,0
6,2003-10-20,time unavailable,H,Buffalo Sabres,6,1,W,REG,3,2,1,0,W 1,29,22,2,0,18,16,1,0
7,2003-10-22,time unavailable,H,St. Louis Blues,3,2,W,REG,4,2,1,0,W 2,28,10,3,0,22,38,0,0
8,2003-10-26,time unavailable,H,Phoenix Coyotes,3,3,T,OT,4,2,2,0,T 1,31,6,0,0,21,18,0,0
9,2003-10-28,time unavailable,H,Columbus Blue Jackets,6,3,W,REG,5,2,2,0,W 1,28,19,1,0,19,13,0,0
10,2003-10-30,time unavailable,@,Los Angeles Kings,3,1,W,REG,6,2,2,0,W 2,15,8,0,0,38,4,0,0
11,2003-10-31,time unavailable,@,Phoenix Coyotes,4,1,W,REG,7,2,2,0,W 3,31,21,1,0,24,27,1,0
12,2003-11-03,time unavailable,H,Detroit Red Wings,5,1,W,REG,8,2,2,0,W 4,25,8,1,0,23,4,0,0
13,2003-11-05,time unavailable,@,Nashville Predators,4,3,W,REG,9,2,2,0,W 5,24,12,2,0,26,14,2,0
14,2003-11-06,time unavailable,@,St. Louis Blues,2,3,L,REG,9,3,2,0,L 1,29,15,1,0,31,23,1,1
15,2003-11-08,time unavailable,H,Minnesota Wild,4,3,W,REG,10,3,2,0,W 1,27,30,1,0,29,30,0,0
16,2003-11-11,time unavailable,@,Minnesota Wild,0,1,L,REG,10,4,2,0,L 1,29,9,0,0,24,9,0,0
17,2003-11-13,time unavailable,@,Philadelphia Flyers,3,4,L,OT,10,4,2,1,L 2,32,8,0,0,27,10,0,0
18,2003-11-15,time unavailable,@,Boston Bruins,1,2,L,OT,10,4,2,2,L 3,24,23,1,0,39,21,1,0
19,2003-11-18,time unavailable,H,Montreal Canadiens,5,4,W,OT,11,4,2,2,W 1,42,10,3,0,23,18,0,0
20,2003-11-20,time unavailable,H,Chicago Blackhawks,3,2,W,OT,12,4,2,2,W 2,27,16,0,0,31,16,1,0
21,2003-11-22,time unavailable,H,Toronto Maple Leafs,3,5,L,REG,12,5,2,2,L 1,28,23,1,0,29,34,0,0
22,2003-11-24,time unavailable,@,Toronto Maple Leafs,1,2,L,REG,12,6,2,2,L 2,25,26,0,0,33,22,1,0
23,2003-11-25,time unavailable,@,Montreal Canadiens,5,2,W,REG,13,6,2,2,W 1,40,6,1,0,27,6,0,0
24,2003-11-27,time unavailable,@,Ottawa Senators,3,2,W,OT,14,6,2,2,W 2,27,6,0,0,33,10,0,0
25,2003-11-29,time unavailable,@,Calgary Flames,4,4,T,OT,14,6,3,2,T 1,34,12,1,0,33,26,2,0
26,2003-12-04,time unavailable,H,Calgary Flames,1,4,L,REG,14,7,3,2,L 1,29,10,0,0,23,10,1,0
27,2003-12-06,time unavailable,H,Minnesota Wild,1,1,T,OT,14,7,4,2,T 1,34,4,0,0,17,8,0,0
28,2003-12-09,time unavailable,H,Pittsburgh Penguins,4,3,W,OT,15,7,4,2,W 1,37,10,1,0,17,10,2,0
29,2003-12-11,time unavailable,H,Colorado Avalanche,1,1,T,OT,15,7,5,2,T 1,38,8,0,0,28,12,0,0
30,2003-12-14,time unavailable,H,Carolina Hurricanes,2,1,W,OT,16,7,5,2,W 1,32,8,0,0,31,4,0,0
31,2003-12-16,time unavailable,@,Nashville Predators,2,1,W,OT,17,7,5,2,W 2,24,10,0,0,30,6,0,1
32,2003-12-17,time unavailable,@,Dallas Stars,1,3,L,REG,17,8,5,2,L 1,23,25,0,0,28,13,0,0
33,2003-12-20,time unavailable,@,Edmonton Oilers,3,0,W,REG,18,8,5,2,W 1,31,13,0,0,24,17,0,0
34,2003-12-22,time unavailable,H,Los Angeles Kings,4,4,T,OT,18,8,6,2,T 1,44,6,2,0,28,10,1,2
35,2003-12-26,time unavailable,@,Calgary Flames,2,0,W,REG,19,8,6,2,W 1,31,8,1,0,31,23,0,0
36,2003-12-27,time unavailable,H,Edmonton Oilers,2,6,L,REG,19,9,6,2,L 1,33,19,0,0,26,27,1,1
37,2003-12-29,time unavailable,@,Colorado Avalanche,3,2,W,REG,20,9,6,2,W 1,27,12,1,1,36,10,0,0
38,2003-12-31,time unavailable,@,Chicago Blackhawks,4,3,W,OT,21,9,6,2,W 2,29,13,2,0,32,11,1,0
39,2004-01-02,time unavailable,H,Colorado Avalanche,2,4,L,REG,21,10,6,2,L 1,24,12,1,0,33,16,2,0
40,2004-01-03,time unavailable,@,Calgary Flames,3,1,W,REG,22,10,6,2,W 1,27,23,0,0,32,19,0,0
41,2004-01-05,time unavailable,H,San Jose Sharks,1,2,L,REG,22,11,6,2,L 1,38,10,0,0,19,10,0,0
42,2004-01-08,time unavailable,@,Los Angeles Kings,3,1,W,REG,23,11,6,2,W 1,28,14,0,0,17,14,0,0
43,2004-01-09,time unavailable,@,Mighty Ducks of Anaheim,5,2,W,REG,24,11,6,2,W 2,25,11,0,0,46,17,0,0
44,2004-01-11,time unavailable,H,Florida Panthers,2,2,T,OT,24,11,7,2,T 1,29,21,0,0,31,15,1,0
45,2004-01-13,time unavailable,@,Phoenix Coyotes,4,1,W,REG,25,11,7,2,W 1,20,15,2,0,20,15,1,0
46,2004-01-15,time unavailable,@,San Jose Sharks,1,3,L,REG,25,12,7,2,L 1,35,8,0,0,30,12,0,0
47,2004-01-17,time unavailable,H,Mighty Ducks of Anaheim,1,2,L,REG,25,13,7,2,L 2,25,6,0,0,31,6,0,0
48,2004-01-19,time unavailable,H,Dallas Stars,2,3,L,REG,25,14,7,2,L 3,25,6,1,0,20,6,1,0
49,2004-01-21,time unavailable,H,Tampa Bay Lightning,5,4,W,OT,26,14,7,2,W 1,28,16,0,0,35,8,1,0
50,2004-01-25,time unavailable,H,Nashville Predators,4,1,W,REG,27,14,7,2,W 2,32,42,3,0,16,41,1,0
51,2004-01-27,time unavailable,H,Chicago Blackhawks,3,2,W,REG,28,14,7,2,W 3,30,19,1,0,20,17,1,0
52,2004-01-29,time unavailable,@,St. Louis Blues,4,2,W,REG,29,14,7,2,W 4,27,19,2,0,33,25,0,0
53,2004-01-31,time unavailable,@,Washington Capitals,6,1,W,REG,30,14,7,2,W 5,40,4,4,0,16,14,0,0
54,2004-02-02,time unavailable,@,New York Rangers,3,4,L,REG,30,15,7,2,L 1,30,17,1,0,31,15,2,0
55,2004-02-03,time unavailable,@,New York Islanders,4,5,L,OT,30,15,7,3,L 2,25,12,0,0,28,21,1,0
56,2004-02-05,time unavailable,@,New Jersey Devils,4,0,W,REG,31,15,7,3,W 1,22,9,2,0,24,11,0,0
57,2004-02-11,time unavailable,H,Calgary Flames,2,3,L,REG,31,16,7,3,L 1,34,15,1,0,29,13,1,0
58,2004-02-13,time unavailable,H,Atlanta Thrashers,1,4,L,REG,31,17,7,3,L 2,31,41,0,0,19,23,1,1
59,2004-02-14,time unavailable,H,Mighty Ducks of Anaheim,1,2,L,REG,31,18,7,3,L 3,35,15,0,0,33,15,0,0
60,2004-02-16,time unavailable,@,Colorado Avalanche,1,0,W,REG,32,18,7,3,W 1,21,14,0,0,23,12,0,0
61,2004-02-19,time unavailable,@,Minnesota Wild,2,6,L,REG,32,19,7,3,L 1,28,48,1,0,22,42,0,1
62,2004-02-21,time unavailable,@,Edmonton Oilers,3,4,L,OT,32,19,7,4,L 2,21,15,0,0,38,11,2,0
63,2004-02-24,time unavailable,H,Detroit Red Wings,4,2,W,REG,33,19,7,4,W 1,33,9,0,0,30,11,2,0
64,2004-02-26,time unavailable,H,San Jose Sharks,3,2,W,OT,34,19,7,4,W 2,36,6,2,0,21,8,0,0
65,2004-02-28,time unavailable,H,St. Louis Blues,2,0,W,REG,35,19,7,4,W 3,29,10,1,0,31,16,0,0
66,2004-03-03,time unavailable,@,Colorado Avalanche,5,5,T,OT,35,19,8,4,T 1,24,25,1,1,34,21,1,0
67,2004-03-05,time unavailable,@,Detroit Red Wings,1,3,L,REG,35,20,8,4,L 1,24,10,0,0,27,6,1,0
68,2004-03-06,time unavailable,@,Columbus Blue Jackets,4,0,W,REG,36,20,8,4,W 1,24,24,0,1,32,16,0,0
69,2004-03-08,time unavailable,H,Colorado Avalanche,2,9,L,REG,36,21,8,4,L 1,18,99,0,0,35,55,3,1
70,2004-03-10,time unavailable,H,Minnesota Wild,1,1,T,OT,36,21,9,4,T 1,30,15,1,0,21,15,1,0
71,2004-03-12,time unavailable,@,Edmonton Oilers,4,3,W,OT,37,21,9,4,W 1,24,12,0,0,27,6,2,0
72,2004-03-13,time unavailable,H,Ottawa Senators,1,2,L,REG,37,22,9,4,L 1,20,12,0,0,20,10,0,0
73,2004-03-16,time unavailable,H,Nashville Predators,2,2,T,OT,37,22,10,4,T 1,27,4,0,0,28,8,0,0
74,2004-03-18,time unavailable,@,Dallas Stars,0,3,L,REG,37,23,10,4,L 1,20,10,0,0,21,10,0,0
75,2004-03-19,time unavailable,@,Chicago Blackhawks,3,4,L,OT,37,23,10,5,L 2,35,17,2,0,35,15,2,0
76,2004-03-21,time unavailable,H,Columbus Blue Jackets,4,5,L,REG,37,24,10,5,L 3,31,13,0,0,23,17,1,0
77,2004-03-24,time unavailable,H,Los Angeles Kings,1,0,W,REG,38,24,10,5,W 1,27,9,0,0,15,9,0,0
78,2004-03-27,time unavailable,H,Dallas Stars,3,2,W,OT,39,24,10,5,W 2,30,6,0,0,24,10,0,0
79,2004-03-29,time unavailable,H,Phoenix Coyotes,6,1,W,REG,40,24,10,5,W 3,45,11,0,0,17,7,0,0
80,2004-03-31,time unavailable,@,Mighty Ducks of Anaheim,2,1,W,REG,41,24,10,5,W 4,43,2,0,0,23,6,0,0
81,2004-04-02,time unavailable,@,San Jose Sharks,4,1,W,REG,42,24,10,5,W 5,26,10,0,1,34,4,0,0
82,2004-04-03,time unavailable,H,Edmonton Oilers,5,2,W,REG,43,24,10,5,W 6,27,10,1,0,26,17,1,0

GP,Date,Time,Location,Opponent,GF,GA,Result,Game Ended In,W,L,T,Streak,S,PIM,PPG,SHG,S,PIM,PPG,SHG,Notes
1,2004-04-07,time unavailable,H,Calgary Flames,5,3,W,REG,1,0,0,W 1,22,18,4,0,29,12,2,0
2,2004-04-09,time unavailable,H,Calgary Flames,1,2,L,REG,1,1,0,L 1,26,14,1,0,24,14,0,0
3,2004-04-11,time unavailable,@,Calgary Flames,2,1,W,REG,2,1,0,W 1,25,21,1,0,31,17,0,0
4,2004-04-13,time unavailable,@,Calgary Flames,0,4,L,REG,2,2,0,L 1,20,14,0,0,32,18,1,1
5,2004-04-15,time unavailable,H,Calgary Flames,1,2,L,REG,2,3,0,L 2,33,12,1,0,20,18,1,0
6,2004-04-17,time unavailable,@,Calgary Flames,5,4,W,3OT,3,3,0,W 1,52,8,1,0,40,10,0,0
7,2004-04-19,time unavailable,H,Calgary Flames,2,3,L,OT,3,4,0,L 1,28,10,0,0,28,10,2,0

Bryan Allen,,5,D,23,6-5,223,L/-,3,"August 21, 1980",ca,"2 G, 5 A, 7 P"
Magnus Arvedson,,21,C,32,6-2,198,L/-,6,"November 25, 1971",se,"8 G, 7 A, 15 P"
Alex Auld,,35,G,23,6-4,215,-/L,2,"January 7, 1981",ca,"2-2-2, 2.06 GAA"
Nolan Baumgartner,,4,D,27,6-2,195,R/-,6,"March 23, 1976",ca,"0 G, 3 A, 3 P"
Marc Bergevin,,23,D,38,6-1,209,L/-,19,"August 11, 1965",ca,"0 G, 2 A, 2 P"
Todd Bertuzzi,,44,RW,28,6-3,229,L/-,8,"February 2, 1975",ca,"17 G, 43 A, 60 P"
Tyler Bouck,,32,C,24,6-0,196,L/-,2,"January 13, 1980",ca,"1 G, 2 A, 3 P"
Wade Brookbank,,28,D,26,6-4,225,L/-,R,"September 29, 1977",ca,"2 G, 0 A, 2 P"
Artem Chubarov,,13,C,24,6-1,205,L/-,4,"December 13, 1979",su,"12 G, 7 A, 19 P"
Dan Cloutier,,39,G,27,6-1,195,-/L,6,"April 22, 1976",ca,"33-21-6, 2.27 GAA"
Matt Cooke,,24,LW,25,5-11,205,L/-,5,"September 7, 1978",ca,"11 G, 12 A, 23 P"
Fedor Fedorov,,18,C,22,6-4,230,L/-,1,"June 11, 1981",su,"0 G, 1 A, 1 P"
Martin Grenier,,23,D,23,6-5,245,L/-,2,"November 2, 1980",ca,"1 G, 0 A, 1 P"
Johan Hedberg,,1,G,30,6-0,190,-/L,3,"May 5, 1973",se,"8-6-2, 2.51 GAA"
Ed Jovanovski,,55,D,27,6-3,220,L/-,8,"June 26, 1976",ca,"7 G, 16 A, 23 P"
Pat Kavanagh,,15,RW,24,6-3,192,R/-,1,"March 14, 1979",ca,"1 G, 0 A, 1 P"
Mike Keane,,9,RW,36,5-10,185,R/-,15,"May 29, 1967",ca,"8 G, 9 A, 17 P"
Ryan Kesler,,20,C,19,6-2,202,R/-,R,"August 31, 1984",us,"2 G, 3 A, 5 P"
Jason King,,17,RW,22,6-1,195,L/-,1,"September 14, 1981",ca,"12 G, 9 A, 21 P"
Trevor Linden,,16,C,33,6-4,220,R/-,15,"April 11, 1970",ca,"14 G, 22 A, 36 P"
Marek Malik,,8,D,28,6-6,235,L/-,8,"June 24, 1975",cs,"3 G, 16 A, 19 P"
Brad May,,10,LW,32,6-1,213,L/-,12,"November 29, 1971",ca,"5 G, 6 A, 11 P"
Brendan Morrison,,7,C,28,5-11,185,L/-,6,"August 15, 1975",ca,"22 G, 38 A, 60 P"
Markus Naslund,(C),19,LW,30,6-0,195,L/-,10,"July 30, 1973",se,"35 G, 49 A, 84 P"
Mattias Ohlund,,2,D,27,6-4,233,L/-,6,"September 9, 1976",se,"14 G, 20 A, 34 P"
Sean Pronger,,15,C,31,6-3,209,L/-,7,"November 30, 1972",ca,"0 G, 1 A, 1 P"
Brandon Reid,,14,C,22,5-8,185,R/-,1,"March 9, 1981",ca,"0 G, 1 A, 1 P"
Martin Rucinsky,,26,LW,32,6-1,205,L/-,12,"March 11, 1971",cs,"1 G, 2 A, 3 P"
Jarkko Ruutu,,37,RW,28,6-1,204,L/-,4,"August 23, 1975",fi,"6 G, 8 A, 14 P"
Sami Salo,,6,D,29,6-3,215,R/-,5,"September 2, 1974",fi,"7 G, 19 A, 26 P"
Geoff Sanderson,,14,LW,31,6-0,190,L/-,13,"February 1, 1972",ca,"3 G, 4 A, 7 P"
Daniel Sedin,,22,LW,23,6-1,187,L/-,3,"September 26, 1980",se,"18 G, 36 A, 54 P"
Henrik Sedin,,33,C,23,6-2,188,L/-,3,"September 26, 1980",se,"11 G, 31 A, 42 P"
Jiri Slegr,,71,D,32,6-1,210,L/-,9,"May 30, 1971",cs,"2 G, 5 A, 7 P"
Nathan Smith,,29,C,21,6-2,190,L/-,R,"February 9, 1982",ca,"0 G, 0 A, 0 P"
Brent Sopel,,3,D,27,6-2,205,R/-,5,"January 7, 1977",ca,"10 G, 32 A, 42 P"
