Washington Capitals,WSH,nhl
2003-04,2004
49
82
0
GP,Date,Time,Location,Opponent,GF,GA,Result,Game Ended In,W,L,T,OL,Streak,S,PIM,PPG,SHG,S,PIM,PPG,SHG,Notes
1,2003-10-09,time unavailable,H,New York Islanders,6,1,W,REG,1,0,0,0,W 1,37,11,2,0,18,23,0,0
2,2003-10-11,time unavailable,H,Atlanta Thrashers,3,4,L,REG,1,1,0,0,L 1,30,6,1,0,19,12,0,0
3,2003-10-13,time unavailable,@,Toronto Maple Leafs,2,2,T,OT,1,1,1,0,T 1,18,16,2,0,36,10,1,0
4,2003-10-14,time unavailable,@,Montreal Canadiens,1,5,L,REG,1,2,1,0,L 1,17,8,0,0,30,12,1,0
5,2003-10-17,time unavailable,@,Dallas Stars,2,4,L,REG,1,3,1,0,L 2,25,24,0,0,18,22,1,0
6,2003-10-18,time unavailable,@,St. Louis Blues,1,4,L,REG,1,4,1,0,L 3,14,23,0,0,27,17,3,0
7,2003-10-23,time unavailable,@,Ottawa Senators,1,5,L,REG,1,5,1,0,L 4,18,17,1,0,35,17,1,0
8,2003-10-25,time unavailable,@,Toronto Maple Leafs,1,4,L,REG,1,6,1,0,L 5,40,22,1,0,22,36,1,0
9,2003-10-29,time unavailable,H,Mighty Ducks of Anaheim,2,4,L,REG,1,7,1,0,L 6,25,2,1,0,31,14,1,0
10,2003-10-31,time unavailable,H,Atlanta Thrashers,2,1,W,REG,2,7,1,0,W 1,38,15,1,0,20,13,1,0
11,2003-11-01,time unavailable,@,Minnesota Wild,1,2,L,REG,2,8,1,0,L 1,16,16,1,0,25,8,1,0
12,2003-11-04,time unavailable,@,Tampa Bay Lightning,5,1,W,REG,3,8,1,0,W 1,23,14,2,1,42,10,0,0
13,2003-11-06,time unavailable,@,Philadelphia Flyers,2,4,L,REG,3,9,1,0,L 1,22,15,0,0,36,13,2,0
14,2003-11-08,time unavailable,H,San Jose Sharks,2,3,L,REG,3,10,1,0,L 2,34,9,1,0,29,13,0,0
15,2003-11-10,time unavailable,H,Los Angeles Kings,2,3,L,REG,3,11,1,0,L 3,25,6,0,0,30,4,0,0
16,2003-11-12,time unavailable,H,Carolina Hurricanes,7,1,W,REG,4,11,1,0,W 1,32,17,2,0,30,31,0,0
17,2003-11-14,time unavailable,H,Tampa Bay Lightning,2,5,L,REG,4,12,1,0,L 1,22,17,0,0,21,19,1,1
18,2003-11-15,time unavailable,@,Carolina Hurricanes,2,1,W,REG,5,12,1,0,W 1,20,10,2,0,39,6,0,0
19,2003-11-20,time unavailable,@,Boston Bruins,2,3,L,REG,5,13,1,0,L 1,22,10,1,0,25,8,1,0
20,2003-11-22,time unavailable,H,Florida Panthers,2,3,L,OT,5,13,1,1,L 2,41,6,1,0,25,12,1,0
21,2003-11-24,time unavailable,@,Detroit Red Wings,4,1,W,REG,6,13,1,1,W 1,19,12,1,0,39,10,0,0
22,2003-11-26,time unavailable,@,Buffalo Sabres,2,5,L,REG,6,14,1,1,L 1,20,19,0,0,26,13,1,0
23,2003-11-28,time unavailable,H,Montreal Canadiens,3,5,L,REG,6,15,1,1,L 2,34,6,0,0,22,6,1,0
24,2003-11-29,time unavailable,@,Columbus Blue Jackets,5,3,W,REG,7,15,1,1,W 1,24,8,1,0,28,4,1,0
25,2003-12-02,time unavailable,@,New York Islanders,4,1,W,REG,8,15,1,1,W 2,25,15,2,0,26,21,0,0
26,2003-12-04,time unavailable,@,New Jersey Devils,0,3,L,REG,8,16,1,1,L 1,9,14,0,0,41,8,1,0
27,2003-12-06,time unavailable,@,Los Angeles Kings,3,7,L,REG,8,17,1,1,L 2,33,25,1,0,37,25,1,1
28,2003-12-08,time unavailable,@,Colorado Avalanche,1,4,L,REG,8,18,1,1,L 3,23,20,1,0,29,18,0,0
29,2003-12-11,time unavailable,H,Boston Bruins,6,5,W,REG,9,18,1,1,W 1,27,26,2,0,39,18,1,0
30,2003-12-13,time unavailable,H,Detroit Red Wings,1,5,L,REG,9,19,1,1,L 1,19,8,0,0,26,12,1,0
31,2003-12-16,time unavailable,@,Atlanta Thrashers,5,0,W,REG,10,19,1,1,W 1,29,14,2,0,37,14,0,0
32,2003-12-17,time unavailable,@,Florida Panthers,2,2,T,OT,10,19,2,1,T 1,27,2,0,0,22,4,1,0
33,2003-12-19,time unavailable,H,Toronto Maple Leafs,2,2,T,OT,10,19,3,1,T 2,27,6,2,0,34,16,0,0
34,2003-12-21,time unavailable,H,New York Islanders,4,5,L,REG,10,20,3,1,L 1,25,8,3,0,44,10,2,0
35,2003-12-23,time unavailable,H,Montreal Canadiens,3,2,W,REG,11,20,3,1,W 1,22,23,1,0,40,8,1,0
36,2003-12-27,time unavailable,H,Buffalo Sabres,1,3,L,REG,11,21,3,1,L 1,22,2,0,0,40,4,0,0
37,2003-12-29,time unavailable,H,Boston Bruins,1,3,L,REG,11,22,3,1,L 2,29,8,0,0,34,8,0,1
38,2003-12-31,time unavailable,@,Buffalo Sabres,1,7,L,REG,11,23,3,1,L 3,26,37,0,0,42,21,2,0
39,2004-01-01,time unavailable,H,New Jersey Devils,2,2,T,OT,11,23,4,1,T 1,27,18,1,0,36,6,2,0
40,2004-01-03,time unavailable,@,Ottawa Senators,2,5,L,REG,11,24,4,1,L 1,16,10,1,0,28,10,1,0
41,2004-01-04,time unavailable,@,Montreal Canadiens,1,4,L,REG,11,25,4,1,L 2,20,8,0,0,34,10,1,1
42,2004-01-07,time unavailable,H,Phoenix Coyotes,0,3,L,REG,11,26,4,1,L 3,27,4,0,0,19,8,0,0
43,2004-01-09,time unavailable,H,Carolina Hurricanes,4,1,W,REG,12,26,4,1,W 1,16,16,2,0,30,16,1,0
44,2004-01-11,time unavailable,H,Edmonton Oilers,1,0,W,REG,13,26,4,1,W 2,22,17,0,0,26,13,0,0
45,2004-01-14,time unavailable,H,Calgary Flames,3,3,T,OT,13,26,5,1,T 1,25,19,0,0,44,13,0,0
46,2004-01-17,time unavailable,@,New Jersey Devils,1,2,L,OT,13,26,5,2,L 1,19,19,0,0,31,17,1,0
47,2004-01-18,time unavailable,H,Pittsburgh Penguins,4,3,W,REG,14,26,5,2,W 1,26,16,2,0,25,12,2,0
48,2004-01-21,time unavailable,H,Toronto Maple Leafs,2,3,L,REG,14,27,5,2,L 1,23,11,1,0,21,15,0,0
49,2004-01-23,time unavailable,@,Florida Panthers,1,4,L,REG,14,28,5,2,L 2,29,31,1,0,39,13,3,0
50,2004-01-25,time unavailable,H,Philadelphia Flyers,1,4,L,REG,14,29,5,2,L 3,13,28,0,0,22,34,0,0
51,2004-01-28,time unavailable,@,New York Rangers,2,1,W,REG,15,29,5,2,W 1,24,11,0,0,33,9,0,0
52,2004-01-29,time unavailable,@,Carolina Hurricanes,5,3,W,REG,16,29,5,2,W 2,19,28,2,0,35,20,1,0
53,2004-01-31,time unavailable,H,Vancouver Canucks,1,6,L,REG,16,30,5,2,L 1,16,14,0,0,40,4,4,0
54,2004-02-03,time unavailable,H,Tampa Bay Lightning,2,1,W,REG,17,30,5,2,W 1,14,18,0,0,39,14,0,0
55,2004-02-04,time unavailable,@,Philadelphia Flyers,1,5,L,REG,17,31,5,2,L 1,20,22,0,0,41,18,2,0
56,2004-02-12,time unavailable,@,Carolina Hurricanes,3,3,T,OT,17,31,6,2,T 1,21,40,2,1,41,38,1,0
57,2004-02-13,time unavailable,@,Nashville Predators,2,5,L,REG,17,32,6,2,L 1,19,24,0,0,36,31,2,0
58,2004-02-15,time unavailable,@,Chicago Blackhawks,4,0,W,REG,18,32,6,2,W 1,33,18,1,0,38,18,0,0
59,2004-02-17,time unavailable,H,Ottawa Senators,1,1,T,OT,18,32,7,2,T 1,19,16,1,0,48,12,1,0
60,2004-02-19,time unavailable,H,New Jersey Devils,3,1,W,REG,19,32,7,2,W 1,26,8,1,0,44,8,0,0
61,2004-02-21,time unavailable,H,Florida Panthers,2,2,T,OT,19,32,8,2,T 1,25,6,0,0,24,12,0,0
62,2004-02-23,time unavailable,H,Tampa Bay Lightning,3,6,L,REG,19,33,8,2,L 1,21,19,1,0,35,2,3,0
63,2004-02-25,time unavailable,H,Carolina Hurricanes,1,2,L,REG,19,34,8,2,L 2,19,20,1,0,33,14,1,0
64,2004-02-27,time unavailable,@,Florida Panthers,4,1,W,REG,20,34,8,2,W 1,29,6,0,0,29,4,1,0
65,2004-02-28,time unavailable,@,Tampa Bay Lightning,2,4,L,REG,20,35,8,2,L 1,23,8,0,0,23,6,1,0
66,2004-03-02,time unavailable,H,Florida Panthers,0,1,L,REG,20,36,8,2,L 2,29,16,0,0,27,14,1,0
67,2004-03-05,time unavailable,@,New York Rangers,2,3,L,REG,20,37,8,2,L 3,21,22,1,1,22,20,1,0
68,2004-03-06,time unavailable,H,Philadelphia Flyers,2,1,W,REG,21,37,8,2,W 1,20,4,2,0,25,18,0,1
69,2004-03-08,time unavailable,H,Ottawa Senators,1,4,L,REG,21,38,8,2,L 1,14,14,0,0,21,12,2,0
70,2004-03-10,time unavailable,H,Buffalo Sabres,0,6,L,REG,21,39,8,2,L 2,27,18,0,0,35,14,1,0
71,2004-03-12,time unavailable,H,Chicago Blackhawks,3,4,L,REG,21,40,8,2,L 3,30,25,1,1,32,29,2,0
72,2004-03-13,time unavailable,@,Atlanta Thrashers,2,5,L,REG,21,41,8,2,L 4,21,17,0,0,28,9,1,0
73,2004-03-16,time unavailable,@,Pittsburgh Penguins,1,4,L,REG,21,42,8,2,L 5,21,19,1,0,27,10,3,0
74,2004-03-18,time unavailable,H,New York Rangers,4,3,W,OT,22,42,8,2,W 1,21,23,4,0,33,21,0,0
75,2004-03-20,time unavailable,H,Atlanta Thrashers,2,2,T,OT,22,42,9,2,T 1,18,20,2,0,45,22,2,0
76,2004-03-23,time unavailable,@,New York Islanders,0,3,L,REG,22,43,9,2,L 1,17,8,0,0,33,6,0,0
77,2004-03-24,time unavailable,@,Atlanta Thrashers,2,3,L,REG,22,44,9,2,L 2,25,12,0,0,33,12,0,0
78,2004-03-27,time unavailable,@,Tampa Bay Lightning,1,4,L,REG,22,45,9,2,L 3,22,14,0,0,32,6,0,0
79,2004-03-30,time unavailable,H,Pittsburgh Penguins,4,2,W,REG,23,45,9,2,W 1,29,31,0,0,29,26,1,0
80,2004-04-01,time unavailable,@,Boston Bruins,3,3,T,OT,23,45,10,2,T 1,27,23,1,0,38,13,2,0
81,2004-04-03,time unavailable,H,New York Rangers,2,3,L,OT,23,45,10,3,L 1,24,12,0,0,35,10,2,0
82,2004-04-04,time unavailable,@,Pittsburgh Penguins,3,4,L,REG,23,46,10,3,L 2,30,20,0,0,33,12,0,0

Time,Location,Result,Game Ended In

Mel Angelstad,,69,LW,31,6-2,214,L/-,R,"October 31, 1972",ca,"0 G, 0 A, 0 P"
Bates Battaglia,,13,LW,28,6-2,205,L/-,6,"December 13, 1975",us,"4 G, 6 A, 10 P"
Rick Berry,,4,D,25,6-2,210,L/-,3,"November 4, 1978",ca,"0 G, 6 A, 6 P"
Peter Bondra,,12,RW,35,6-0,200,L/-,13,"February 7, 1968",su,"21 G, 14 A, 35 P"
Josef Boumedienne,,2,RW,26,6-1,200,L/-,2,"January 12, 1978",se,"2 G, 12 A, 14 P"
Anson Carter,,22,RW,29,6-1,210,R/-,7,"June 6, 1974",ca,"5 G, 5 A, 10 P"
Sebastien Charpentier,,35,G,26,5-9,177,-/L,2,"April 18, 1977",ca,"0-6-0, 3.41 GAA"
Ivan Ciernik,,27,RW,26,6-1,234,L/-,4,"October 30, 1977",cs,"1 G, 1 A, 2 P"
Jakub Cutta,,36,D,22,6-3,214,L/-,2,"December 29, 1981",cs,"0 G, 0 A, 0 P"
Jason Doig,,3,D,27,6-3,230,R/-,6,"January 29, 1977",ca,"2 G, 9 A, 11 P"
Steve Eminger,,8,D,20,6-2,207,R/-,1,"October 31, 1983",ca,"0 G, 4 A, 4 P"
Colin Forbes,,36,C,27,6-3,215,L/-,7,"February 16, 1976",ca,"0 G, 0 A, 0 P"
Jean-Francois Fortin,,58,D,24,6-2,205,R/-,2,"March 15, 1979",ca,"0 G, 0 A, 0 P"
Owen Fussey,,63,RW,20,6-0,195,L/-,R,"April 2, 1983",ca,"0 G, 1 A, 1 P"
Sergei Gonchar,,55,D,29,6-2,210,L/-,9,"April 13, 1974",su,"7 G, 42 A, 49 P"
Boyd Gordon,,15,C,20,6-0,200,R/-,R,"October 19, 1983",ca,"1 G, 5 A, 6 P"
Jean-Luc Grand-Pierre,,34,D,26,6-3,225,R/-,5,"February 2, 1977",ca,"1 G, 0 A, 1 P"
Mike Grier,,25,RW,29,6-1,224,R/-,7,"January 5, 1975",us,"8 G, 12 A, 20 P"
John Gruden,,17,D,33,6-0,203,L/-,5,"June 4, 1970",us,"1 G, 0 A, 1 P"
Chris Hajt,,75,D,25,6-3,206,L/-,1,"July 5, 1978",ca,"0 G, 0 A, 0 P"
Jeff Halpern,,11,C,27,6-0,200,R/-,4,"May 3, 1976",us,"19 G, 27 A, 46 P"
Jaromir Jagr,,68,RW,31,6-3,230,L/-,13,"February 15, 1972",cs,"16 G, 29 A, 45 P"
Craig Johnson,,27,C,31,6-2,200,L/-,9,"March 18, 1972",us,"0 G, 6 A, 6 P"
Olaf Kolzig,,37,G,33,6-3,224,-/L,12,"April 6, 1970",za,"19-35-9, 2.89 GAA"
Steve Konowalchuk,(C),22,LW,31,6-1,207,L/-,12,"November 11, 1972",us,"0 G, 1 A, 1 P"
Joel Kwiatkowski,,29,D,26,6-2,210,L/-,3,"March 22, 1977",ca,"6 G, 6 A, 12 P"
Brooks Laich,,21,C,20,6-2,195,L/-,R,"June 23, 1983",ca,"0 G, 1 A, 1 P"
Robert Lang,,20,C,33,6-3,217,R/-,10,"December 19, 1970",cs,"29 G, 45 A, 74 P"
Kip Miller,,14,LW,34,5-10,190,L/-,11,"June 11, 1969",us,"9 G, 22 A, 31 P"
Graham Mink,,39,C,24,6-2,225,R/-,R,"May 21, 1979",us,"0 G, 0 A, 0 P"
Shaone Morrisonn,,26,D,21,6-4,210,L/-,1,"December 23, 1982",ca,"0 G, 0 A, 0 P"
Brad Norton,,41,D,28,6-4,230,L/-,2,"February 13, 1975",us,"0 G, 1 A, 1 P"
Michael Nylander,,92,C,31,6-1,195,L/-,10,"October 3, 1972",se,"0 G, 2 A, 2 P"
Maxime Ouellet,,33,G,22,6-2,195,-/L,1,"June 17, 1981",ca,"2-3-1, 3.12 GAA"
Stephen Peat,,51,RW,23,6-3,230,R/-,2,"March 10, 1980",ca,"5 G, 0 A, 5 P"
Matt Pettinger,,18,LW,23,6-1,205,L/-,3,"October 22, 1980",ca,"7 G, 5 A, 12 P"
Andrej Podkonicky,,65,C,25,6-2,202,L/-,1,"May 9, 1978",cs,"0 G, 0 A, 0 P"
Todd Rohloff,,38,D,30,6-3,213,L/-,1,"January 16, 1974",us,"0 G, 3 A, 3 P"
Alexander Semin,,28,LW,19,6-2,209,R/-,R,"March 3, 1984",su,"10 G, 12 A, 22 P"
Rastislav Stana,,1,G,24,6-2,184,-/L,R,"January 10, 1980",cs,"1-2-0, 3.13 GAA"
Garret Stroshein,,56,RW,23,6-7,245,R/-,R,"April 4, 1980",ca,"0 G, 0 A, 0 P"
Brian Sutherby,,16,LW,21,6-2,208,L/-,2,"March 1, 1982",ca,"2 G, 0 A, 2 P"
Roman Tvrdon,,64,RW,23,6-1,189,L/-,R,"January 29, 1981",cs,"0 G, 1 A, 1 P"
Darcy Verot,,76,C,27,6-0,199,L/-,R,"July 13, 1976",ca,"0 G, 2 A, 2 P"
Trent Whitfield,,23,C,26,5-11,209,L/-,3,"June 17, 1977",ca,"6 G, 5 A, 11 P"
Brian Willsie,,24,LW,25,6-1,202,R/-,3,"March 16, 1978",ca,"10 G, 5 A, 15 P"
Brendan Witt,,19,D,28,6-2,223,L/-,8,"February 20, 1975",ca,"2 G, 10 A, 12 P"
Matthew Yeats,,31,G,24,5-11,165,-/L,R,"April 6, 1979",ca,"1-3-0, 3.02 GAA"
Nolan Yonkman,,40,D,22,6-6,253,-/-,1,"April 1, 1981",ca,"0 G, 0 A, 0 P"
