Chicago Black Hawks,CBH,nhl
1946-47,1947
23
60
0
GP,Date,Time,Location,Opponent,GF,GA,Result,Game Ended In,W,L,T,Streak
1,1946-10-20,time unavailable,@,Boston Bruins,2,2,T,REG,0,0,1,T 1
2,1946-10-23,time unavailable,@,Detroit Red Wings,6,5,W,REG,1,0,1,W 1
3,1946-10-26,time unavailable,@,Toronto Maple Leafs,1,2,L,REG,1,1,1,L 1
4,1946-10-30,time unavailable,H,Toronto Maple Leafs,2,5,L,REG,1,2,1,L 2
5,1946-11-03,time unavailable,H,Boston Bruins,5,3,W,REG,2,2,1,W 1
6,1946-11-06,time unavailable,H,New York Rangers,6,2,W,REG,3,2,1,W 2
7,1946-11-07,time unavailable,@,Montreal Canadiens,3,4,L,REG,3,3,1,L 1
8,1946-11-10,time unavailable,H,Toronto Maple Leafs,2,4,L,REG,3,4,1,L 2
9,1946-11-16,time unavailable,@,New York Rangers,6,2,W,REG,4,4,1,W 1
10,1946-11-17,time unavailable,@,Detroit Red Wings,2,5,L,REG,4,5,1,L 1
11,1946-11-20,time unavailable,H,Detroit Red Wings,6,8,L,REG,4,6,1,L 2
12,1946-11-24,time unavailable,H,New York Rangers,1,5,L,REG,4,7,1,L 3
13,1946-11-27,time unavailable,H,Toronto Maple Leafs,5,2,W,REG,5,7,1,W 1
14,1946-11-30,time unavailable,@,Toronto Maple Leafs,0,11,L,REG,5,8,1,L 1
15,1946-12-01,time unavailable,H,New York Rangers,1,2,L,REG,5,9,1,L 2
16,1946-12-03,time unavailable,@,Montreal Canadiens,1,4,L,REG,5,10,1,L 3
17,1946-12-04,time unavailable,H,Detroit Red Wings,0,0,T,REG,5,10,2,T 1
18,1946-12-08,time unavailable,H,Montreal Canadiens,3,5,L,REG,5,11,2,L 1
19,1946-12-11,time unavailable,@,Boston Bruins,1,4,L,REG,5,12,2,L 2
20,1946-12-15,time unavailable,H,Toronto Maple Leafs,3,4,L,REG,5,13,2,L 3
21,1946-12-18,time unavailable,H,Detroit Red Wings,5,2,W,REG,6,13,2,W 1
22,1946-12-21,time unavailable,@,Toronto Maple Leafs,1,3,L,REG,6,14,2,L 1
23,1946-12-22,time unavailable,H,Boston Bruins,5,1,W,REG,7,14,2,W 1
24,1946-12-25,time unavailable,@,Boston Bruins,5,3,W,REG,8,14,2,W 2
25,1946-12-28,time unavailable,@,Montreal Canadiens,2,8,L,REG,8,15,2,L 1
26,1947-01-01,time unavailable,H,Montreal Canadiens,2,5,L,REG,8,16,2,L 2
27,1947-01-05,time unavailable,@,New York Rangers,0,9,L,REG,8,17,2,L 3
28,1947-01-08,time unavailable,@,Toronto Maple Leafs,4,10,L,REG,8,18,2,L 4
29,1947-01-09,time unavailable,@,Detroit Red Wings,6,4,W,REG,9,18,2,W 1
30,1947-01-11,time unavailable,@,Montreal Canadiens,2,1,W,REG,10,18,2,W 2
31,1947-01-12,time unavailable,H,Montreal Canadiens,3,1,W,REG,11,18,2,W 3
32,1947-01-15,time unavailable,@,Boston Bruins,3,6,L,REG,11,19,2,L 1
33,1947-01-18,time unavailable,@,Boston Bruins,1,3,L,REG,11,20,2,L 2
34,1947-01-19,time unavailable,@,New York Rangers,3,5,L,REG,11,21,2,L 3
35,1947-01-22,time unavailable,H,New York Rangers,2,4,L,REG,11,22,2,L 4
36,1947-01-23,time unavailable,@,Detroit Red Wings,2,8,L,REG,11,23,2,L 5
37,1947-01-26,time unavailable,H,Toronto Maple Leafs,6,6,T,REG,11,23,3,T 1
38,1947-01-28,time unavailable,H,Montreal Canadiens,2,4,L,REG,11,24,3,L 1
39,1947-02-01,time unavailable,@,Toronto Maple Leafs,5,4,W,REG,12,24,3,W 1
40,1947-02-02,time unavailable,H,Boston Bruins,3,1,W,REG,13,24,3,W 2
41,1947-02-05,time unavailable,H,New York Rangers,2,3,L,REG,13,25,3,L 1
42,1947-02-09,time unavailable,H,Boston Bruins,6,4,W,REG,14,25,3,W 1
43,1947-02-12,time unavailable,H,Montreal Canadiens,1,1,T,REG,14,25,4,T 1
44,1947-02-15,time unavailable,@,Detroit Red Wings,1,5,L,REG,14,26,4,L 1
45,1947-02-16,time unavailable,H,Detroit Red Wings,3,2,W,REG,15,26,4,W 1
46,1947-02-19,time unavailable,H,Toronto Maple Leafs,5,3,W,REG,16,26,4,W 2
47,1947-02-23,time unavailable,H,Boston Bruins,4,9,L,REG,16,27,4,L 1
48,1947-02-26,time unavailable,@,New York Rangers,9,7,W,REG,17,27,4,W 1
49,1947-02-27,time unavailable,@,Montreal Canadiens,5,6,L,REG,17,28,4,L 1
50,1947-03-02,time unavailable,H,Detroit Red Wings,1,3,L,REG,17,29,4,L 2
51,1947-03-03,time unavailable,@,New York Rangers,9,4,W,REG,18,29,4,W 1
52,1947-03-05,time unavailable,H,New York Rangers,1,3,L,REG,18,30,4,L 1
53,1947-03-08,time unavailable,@,Toronto Maple Leafs,4,12,L,REG,18,31,4,L 2
54,1947-03-09,time unavailable,H,Montreal Canadiens,1,4,L,REG,18,32,4,L 3
55,1947-03-12,time unavailable,H,Boston Bruins,3,8,L,REG,18,33,4,L 4
56,1947-03-15,time unavailable,@,Detroit Red Wings,3,8,L,REG,18,34,4,L 5
57,1947-03-16,time unavailable,H,Detroit Red Wings,6,10,L,REG,18,35,4,L 6
58,1947-03-19,time unavailable,@,Boston Bruins,3,7,L,REG,18,36,4,L 7
59,1947-03-22,time unavailable,@,Montreal Canadiens,5,4,W,REG,19,36,4,W 1
60,1947-03-23,time unavailable,@,New York Rangers,3,4,L,REG,19,37,4,L 1

Time,Location,Result,Game Ended In

Frank Ashworth,,n/a,C,19,5-8,155,L/-,R,"October 16, 1927",ca,"5 G, 4 A, 9 P"
Doug Bentley,,n/a,LW,30,5-8,145,L/-,6,"September 3, 1916",ca,"21 G, 34 A, 55 P"
Max Bentley,,n/a,C,26,5-10,155,L/-,4,"March 1, 1920",ca,"29 G, 43 A, 72 P"
Paul Bibeault,,n/a,G,27,5-9,160,-/L,6,"April 13, 1919",ca,"13-25-3, 4.15 GAA"
Hank Blade,,n/a,LW,26,5-11,190,L/-,R,"April 28, 1920",ca,"1 G, 3 A, 4 P"
Adam Brown,,n/a,LW,26,5-9,175,L/-,3,"February 4, 1920",gb,"11 G, 25 A, 36 P"
Harry Dick,,n/a,D,24,5-11,210,L/-,R,"November 22, 1922",ca,"0 G, 1 A, 1 P"
Tom Fowler,,n/a,C,22,5-11,165,L/-,R,"May 18, 1924",ca,"0 G, 1 A, 1 P"
Emile Francis,,n/a,G,20,5-6,145,-/L,R,"September 13, 1926",ca,"6-12-1, 5.47 GAA"
Bill Gadsby,,n/a,D,19,6-0,180,L/-,R,"August 8, 1927",ca,"8 G, 10 A, 18 P"
George Gee,,n/a,C,24,5-11,180,L/-,1,"June 28, 1922",ca,"20 G, 20 A, 40 P"
Red Hamill,(C),n/a,LW,30,5-11,180,L/-,7,"January 11, 1917",ca,"21 G, 19 A, 40 P"
Reg Hamilton,,n/a,D,32,5-11,180,L/-,11,"April 29, 1914",ca,"0 G, 3 A, 3 P"
Pete Horeck,,n/a,LW,23,5-9,158,L/-,2,"June 15, 1923",ca,"4 G, 6 A, 10 P"
Jack Jackson,,n/a,D,21,5-10,185,R/-,R,"May 3, 1925",ca,"2 G, 5 A, 7 P"
George Johnston,,n/a,RW,26,5-8,160,R/-,3,"July 30, 1920",ca,"3 G, 1 A, 4 P"
Alex Kaleta,,n/a,RW,27,6-0,175,L/-,2,"November 29, 1919",ca,"24 G, 20 A, 44 P"
John Mariucci,,n/a,D,30,5-10,200,L/-,3,"May 8, 1916",us,"2 G, 9 A, 11 P"
Bill Mosienko,,n/a,RW,25,5-8,160,R/-,5,"November 2, 1921",ca,"25 G, 27 A, 52 P"
Ralph Nattrass,,n/a,D,21,6-0,185,R/-,R,"May 26, 1925",ca,"4 G, 5 A, 9 P"
Leo Reise,,n/a,D,24,6-0,205,L/-,1,"June 7, 1922",ca,"0 G, 0 A, 0 P"
Clint Smith,,n/a,C,33,5-8,165,L/-,10,"December 12, 1913",ca,"9 G, 17 A, 26 P"
Eddie Wares,,n/a,RW,31,5-11,182,R/-,8,"March 19, 1915",ca,"4 G, 7 A, 11 P"
