Detroit Red Wings,DET,nhl
1946-47,1947
30
60
5
GP,Date,Time,Location,Opponent,GF,GA,Result,Game Ended In,W,L,T,Streak
1,1946-10-16,time unavailable,H,Toronto Maple Leafs,3,3,T,REG,0,0,1,T 1
2,1946-10-19,time unavailable,@,Toronto Maple Leafs,3,6,L,REG,0,1,1,L 1
3,1946-10-20,time unavailable,H,New York Rangers,1,3,L,REG,0,2,1,L 2
4,1946-10-23,time unavailable,H,Chicago Black Hawks,5,6,L,REG,0,3,1,L 3
5,1946-10-26,time unavailable,@,Montreal Canadiens,2,7,L,REG,0,4,1,L 4
6,1946-10-27,time unavailable,H,Montreal Canadiens,2,1,W,REG,1,4,1,W 1
7,1946-11-02,time unavailable,@,New York Rangers,4,7,L,REG,1,5,1,L 1
8,1946-11-03,time unavailable,H,New York Rangers,3,1,W,REG,2,5,1,W 1
9,1946-11-06,time unavailable,H,Boston Bruins,3,3,T,REG,2,5,2,T 1
10,1946-11-10,time unavailable,H,Montreal Canadiens,6,3,W,REG,3,5,2,W 1
11,1946-11-13,time unavailable,@,Boston Bruins,2,5,L,REG,3,6,2,L 1
12,1946-11-14,time unavailable,@,Montreal Canadiens,3,4,L,REG,3,7,2,L 2
13,1946-11-17,time unavailable,H,Chicago Black Hawks,5,2,W,REG,4,7,2,W 1
14,1946-11-20,time unavailable,@,Chicago Black Hawks,8,6,W,REG,5,7,2,W 2
15,1946-11-21,time unavailable,H,New York Rangers,3,1,W,REG,6,7,2,W 3
16,1946-11-23,time unavailable,@,Toronto Maple Leafs,4,2,W,REG,7,7,2,W 4
17,1946-11-24,time unavailable,H,Toronto Maple Leafs,0,5,L,REG,7,8,2,L 1
18,1946-11-27,time unavailable,H,Montreal Canadiens,1,6,L,REG,7,9,2,L 2
19,1946-11-30,time unavailable,@,Montreal Canadiens,1,4,L,REG,7,10,2,L 3
20,1946-12-01,time unavailable,@,Boston Bruins,3,3,T,REG,7,10,3,T 1
21,1946-12-04,time unavailable,@,Chicago Black Hawks,0,0,T,REG,7,10,4,T 2
22,1946-12-08,time unavailable,H,Toronto Maple Leafs,4,5,L,REG,7,11,4,L 1
23,1946-12-11,time unavailable,@,New York Rangers,1,1,T,REG,7,11,5,T 1
24,1946-12-15,time unavailable,@,Boston Bruins,2,3,L,REG,7,12,5,L 1
25,1946-12-18,time unavailable,@,Chicago Black Hawks,2,5,L,REG,7,13,5,L 2
26,1946-12-19,time unavailable,@,Toronto Maple Leafs,1,3,L,REG,7,14,5,L 3
27,1946-12-22,time unavailable,H,Montreal Canadiens,2,4,L,REG,7,15,5,L 4
28,1946-12-25,time unavailable,H,Toronto Maple Leafs,1,2,L,REG,7,16,5,L 5
29,1946-12-28,time unavailable,H,New York Rangers,2,2,T,REG,7,16,6,T 1
30,1946-12-31,time unavailable,@,New York Rangers,5,4,W,REG,8,16,6,W 1
31,1947-01-01,time unavailable,@,Toronto Maple Leafs,1,2,L,REG,8,17,6,L 1
32,1947-01-05,time unavailable,H,Boston Bruins,3,1,W,REG,9,17,6,W 1
33,1947-01-08,time unavailable,@,Montreal Canadiens,4,2,W,REG,10,17,6,W 2
34,1947-01-09,time unavailable,H,Chicago Black Hawks,4,6,L,REG,10,18,6,L 1
35,1947-01-12,time unavailable,H,Boston Bruins,5,1,W,REG,11,18,6,W 1
36,1947-01-15,time unavailable,@,New York Rangers,3,4,L,REG,11,19,6,L 1
37,1947-01-18,time unavailable,@,Toronto Maple Leafs,4,7,L,REG,11,20,6,L 2
38,1947-01-19,time unavailable,H,Montreal Canadiens,2,2,T,REG,11,20,7,T 1
39,1947-01-23,time unavailable,H,Chicago Black Hawks,8,2,W,REG,12,20,7,W 1
40,1947-01-26,time unavailable,@,Boston Bruins,3,4,L,REG,12,21,7,L 1
41,1947-01-29,time unavailable,@,Boston Bruins,1,4,L,REG,12,22,7,L 2
42,1947-02-01,time unavailable,H,Boston Bruins,2,2,T,REG,12,22,8,T 1
43,1947-02-08,time unavailable,@,Montreal Canadiens,3,4,L,REG,12,23,8,L 1
44,1947-02-09,time unavailable,H,New York Rangers,5,2,W,REG,13,23,8,W 1
45,1947-02-15,time unavailable,H,Chicago Black Hawks,5,1,W,REG,14,23,8,W 2
46,1947-02-16,time unavailable,@,Chicago Black Hawks,2,3,L,REG,14,24,8,L 1
47,1947-02-20,time unavailable,H,Boston Bruins,3,0,W,REG,15,24,8,W 1
48,1947-02-22,time unavailable,H,Montreal Canadiens,7,3,W,REG,16,24,8,W 2
49,1947-02-23,time unavailable,@,New York Rangers,2,2,T,REG,16,24,9,T 1
50,1947-02-27,time unavailable,H,Toronto Maple Leafs,3,3,T,REG,16,24,10,T 2
51,1947-03-01,time unavailable,@,Toronto Maple Leafs,5,4,W,REG,17,24,10,W 1
52,1947-03-02,time unavailable,@,Chicago Black Hawks,3,1,W,REG,18,24,10,W 2
53,1947-03-06,time unavailable,@,Montreal Canadiens,1,1,T,REG,18,24,11,T 1
54,1947-03-09,time unavailable,@,Boston Bruins,0,6,L,REG,18,25,11,L 1
55,1947-03-12,time unavailable,@,New York Rangers,4,2,W,REG,19,25,11,W 1
56,1947-03-13,time unavailable,H,Boston Bruins,2,3,L,REG,19,26,11,L 1
57,1947-03-15,time unavailable,H,Chicago Black Hawks,8,3,W,REG,20,26,11,W 1
58,1947-03-16,time unavailable,@,Chicago Black Hawks,10,6,W,REG,21,26,11,W 2
59,1947-03-19,time unavailable,H,New York Rangers,2,0,W,REG,22,26,11,W 3
60,1947-03-23,time unavailable,H,Toronto Maple Leafs,3,5,L,REG,22,27,11,L 1

GP,Date,Time,Location,Opponent,GF,GA,Result,Game Ended In,W,L,T,Streak
1,1947-03-26,time unavailable,@,Toronto Maple Leafs,2,3,L,OT,0,1,0,L 1
2,1947-03-29,time unavailable,@,Toronto Maple Leafs,9,1,W,REG,1,1,0,W 1
3,1947-04-01,time unavailable,H,Toronto Maple Leafs,1,4,L,REG,1,2,0,L 1
4,1947-04-03,time unavailable,H,Toronto Maple Leafs,1,4,L,REG,1,3,0,L 2
5,1947-04-05,time unavailable,@,Toronto Maple Leafs,1,6,L,REG,1,4,0,L 3

Sid Abel,(C),n/a,C,28,5-11,170,L/-,6,"February 22, 1918",ca,"19 G, 29 A, 48 P"
Red Almas,,n/a,G,22,5-9,160,-/R,R,"April 26, 1924",ca,"0-1-0, 5.00 GAA"
Doug Baldwin,,n/a,D,24,6-0,175,L/-,1,"November 2, 1922",ca,"0 G, 0 A, 0 P"
Adam Brown,,n/a,LW,26,5-9,175,L/-,3,"February 4, 1920",gb,"8 G, 5 A, 13 P"
Eddie Bruneteau,,n/a,RW,27,5-9,172,R/-,4,"August 1, 1919",ca,"9 G, 14 A, 23 P"
Jim Conacher,,n/a,C,25,5-10,155,L/-,1,"May 5, 1921",gb,"16 G, 13 A, 29 P"
Roy Conacher,,n/a,LW,30,6-2,175,L/-,5,"October 5, 1916",ca,"30 G, 24 A, 54 P"
Gerry Couture,,n/a,RW,21,6-2,185,R/-,1,"August 6, 1925",ca,"5 G, 10 A, 15 P"
Al Dewsbury,,n/a,D,20,6-2,202,L/-,R,"April 12, 1926",ca,"2 G, 1 A, 3 P"
Lloyd Doran,,n/a,C,26,6-0,175,L/-,R,"January 10, 1921",ca,"3 G, 2 A, 5 P"
Les Douglas,,n/a,C,28,5-9,165,L/-,3,"December 5, 1918",ca,"0 G, 2 A, 2 P"
Fern Gauthier,,n/a,RW,27,5-11,175,R/-,3,"August 31, 1919",ca,"1 G, 12 A, 13 P"
Pete Horeck,,n/a,LW,23,5-9,158,L/-,2,"June 15, 1923",ca,"12 G, 13 A, 25 P"
Gordie Howe,,17,RW,18,6-0,205,R/-,R,"March 31, 1928",ca,"7 G, 15 A, 22 P"
Harold Jackson,,n/a,D,28,6-0,195,R/-,7,"August 1, 1918",ca,"1 G, 5 A, 6 P"
Tony Licari,,n/a,RW,25,5-7,147,R/-,R,"April 9, 1921",ca,"0 G, 1 A, 1 P"
Ted Lindsay,,n/a,LW,21,5-8,163,L/-,2,"July 29, 1925",ca,"27 G, 15 A, 42 P"
Harry Lumley,,n/a,G,20,6-0,195,-/L,3,"November 11, 1926",ca,"22-20-10, 3.06 GAA"
Pat Lundy,,n/a,C,22,5-11,170,R/-,1,"May 21, 1924",ca,"17 G, 17 A, 34 P"
Calum MacKay,,n/a,LW,20,5-10,178,L/-,R,"January 1, 1927",ca,"0 G, 0 A, 0 P"
Doug McCaig,,n/a,D,27,6-0,190,R/-,2,"February 24, 1919",ca,"2 G, 4 A, 6 P"
Hugh Millar,,n/a,D,25,5-9,200,L/-,R,"April 3, 1921",ca,"0 G, 0 A, 0 P"
Johnny Mowers,,n/a,G,30,5-11,185,-/L,3,"October 29, 1916",ca,"0-6-1, 4.14 GAA"
Bill Quackenbush,,n/a,D,24,5-11,190,L/-,4,"March 2, 1922",ca,"5 G, 17 A, 22 P"
Leo Reise,,n/a,D,24,6-0,205,L/-,1,"June 7, 1922",ca,"4 G, 6 A, 10 P"
Thain Simon,,n/a,D,24,6-0,200,L/-,R,"April 24, 1922",ca,"0 G, 0 A, 0 P"
Cliff Simpson,,n/a,C,23,5-11,175,R/-,R,"April 4, 1923",ca,"0 G, 1 A, 1 P"
Jack Stewart,,n/a,D,29,5-10,190,L/-,6,"May 6, 1917",ca,"5 G, 9 A, 14 P"
Billy Taylor,,n/a,C,27,5-9,150,R/-,5,"May 3, 1919",ca,"17 G, 46 A, 63 P"
Steve Wojciechowski,,n/a,RW,24,5-8,158,R/-,1,"December 25, 1922",ca,"0 G, 0 A, 0 P"
