Montreal Canadiens,MTL,nhl
1946-47,1947
23
60
5,6
GP,Date,Time,Location,Opponent,GF,GA,Result,Game Ended In,W,L,T,Streak
1,1946-10-17,time unavailable,H,New York Rangers,3,0,W,REG,1,0,0,W 1
2,1946-10-19,time unavailable,H,Boston Bruins,1,1,T,REG,1,0,1,T 1
3,1946-10-23,time unavailable,H,New York Rangers,1,4,L,REG,1,1,1,L 1
4,1946-10-26,time unavailable,H,Detroit Red Wings,7,2,W,REG,2,1,1,W 1
5,1946-10-27,time unavailable,@,Detroit Red Wings,1,2,L,REG,2,2,1,L 1
6,1946-11-01,time unavailable,H,Toronto Maple Leafs,1,1,T,REG,2,2,2,T 1
7,1946-11-07,time unavailable,H,Chicago Black Hawks,4,3,W,REG,3,2,2,W 1
8,1946-11-09,time unavailable,H,Boston Bruins,5,2,W,REG,4,2,2,W 2
9,1946-11-10,time unavailable,@,Detroit Red Wings,3,6,L,REG,4,3,2,L 1
10,1946-11-13,time unavailable,@,New York Rangers,4,4,T,REG,4,3,3,T 1
11,1946-11-14,time unavailable,H,Detroit Red Wings,4,3,W,REG,5,3,3,W 1
12,1946-11-16,time unavailable,@,Toronto Maple Leafs,0,3,L,REG,5,4,3,L 1
13,1946-11-17,time unavailable,@,Boston Bruins,4,1,W,REG,6,4,3,W 1
14,1946-11-23,time unavailable,H,New York Rangers,2,3,L,REG,6,5,3,L 1
15,1946-11-24,time unavailable,@,Boston Bruins,4,2,W,REG,7,5,3,W 1
16,1946-11-27,time unavailable,@,Detroit Red Wings,6,1,W,REG,8,5,3,W 2
17,1946-11-30,time unavailable,H,Detroit Red Wings,4,1,W,REG,9,5,3,W 3
18,1946-12-03,time unavailable,H,Chicago Black Hawks,4,1,W,REG,10,5,3,W 4
19,1946-12-04,time unavailable,@,New York Rangers,1,2,L,REG,10,6,3,L 1
20,1946-12-08,time unavailable,@,Chicago Black Hawks,5,3,W,REG,11,6,3,W 1
21,1946-12-11,time unavailable,@,Toronto Maple Leafs,3,2,W,REG,12,6,3,W 2
22,1946-12-15,time unavailable,@,New York Rangers,5,3,W,REG,13,6,3,W 3
23,1946-12-21,time unavailable,H,Boston Bruins,5,1,W,REG,14,6,3,W 4
24,1946-12-22,time unavailable,@,Detroit Red Wings,4,2,W,REG,15,6,3,W 5
25,1946-12-25,time unavailable,@,New York Rangers,0,2,L,REG,15,7,3,L 1
26,1946-12-26,time unavailable,H,Toronto Maple Leafs,4,1,W,REG,16,7,3,W 1
27,1946-12-28,time unavailable,H,Chicago Black Hawks,8,2,W,REG,17,7,3,W 2
28,1947-01-01,time unavailable,@,Chicago Black Hawks,5,2,W,REG,18,7,3,W 3
29,1947-01-04,time unavailable,H,Boston Bruins,4,1,W,REG,19,7,3,W 4
30,1947-01-08,time unavailable,H,Detroit Red Wings,2,4,L,REG,19,8,3,L 1
31,1947-01-11,time unavailable,H,Chicago Black Hawks,1,2,L,REG,19,9,3,L 2
32,1947-01-12,time unavailable,@,Chicago Black Hawks,1,3,L,REG,19,10,3,L 3
33,1947-01-15,time unavailable,@,Toronto Maple Leafs,1,2,L,REG,19,11,3,L 4
34,1947-01-16,time unavailable,H,Toronto Maple Leafs,1,1,T,REG,19,11,4,T 1
35,1947-01-18,time unavailable,H,New York Rangers,6,2,W,REG,20,11,4,W 1
36,1947-01-19,time unavailable,@,Detroit Red Wings,2,2,T,REG,20,11,5,T 1
37,1947-01-22,time unavailable,@,Boston Bruins,4,3,W,REG,21,11,5,W 1
38,1947-01-25,time unavailable,H,Boston Bruins,4,1,W,REG,22,11,5,W 2
39,1947-01-28,time unavailable,@,Chicago Black Hawks,4,2,W,REG,23,11,5,W 3
40,1947-01-30,time unavailable,H,Toronto Maple Leafs,2,0,W,REG,24,11,5,W 4
41,1947-02-01,time unavailable,H,New York Rangers,2,1,W,REG,25,11,5,W 5
42,1947-02-02,time unavailable,@,New York Rangers,1,7,L,REG,25,12,5,L 1
43,1947-02-05,time unavailable,@,Boston Bruins,3,2,W,REG,26,12,5,W 1
44,1947-02-06,time unavailable,H,Toronto Maple Leafs,8,2,W,REG,27,12,5,W 2
45,1947-02-08,time unavailable,H,Detroit Red Wings,4,3,W,REG,28,12,5,W 3
46,1947-02-12,time unavailable,@,Chicago Black Hawks,1,1,T,REG,28,12,6,T 1
47,1947-02-15,time unavailable,@,Toronto Maple Leafs,4,4,T,REG,28,12,7,T 2
48,1947-02-16,time unavailable,@,Boston Bruins,2,2,T,REG,28,12,8,T 3
49,1947-02-22,time unavailable,@,Detroit Red Wings,3,7,L,REG,28,13,8,L 1
50,1947-02-23,time unavailable,H,Toronto Maple Leafs,2,2,T,REG,28,13,9,T 1
51,1947-02-26,time unavailable,@,Toronto Maple Leafs,1,0,W,REG,29,13,9,W 1
52,1947-02-27,time unavailable,H,Chicago Black Hawks,6,5,W,REG,30,13,9,W 2
53,1947-03-01,time unavailable,H,Boston Bruins,1,2,L,REG,30,14,9,L 1
54,1947-03-06,time unavailable,H,Detroit Red Wings,1,1,T,REG,30,14,10,T 1
55,1947-03-09,time unavailable,@,Chicago Black Hawks,4,1,W,REG,31,14,10,W 1
56,1947-03-15,time unavailable,H,New York Rangers,1,0,W,REG,32,14,10,W 2
57,1947-03-16,time unavailable,@,New York Rangers,4,3,W,REG,33,14,10,W 3
58,1947-03-19,time unavailable,@,Toronto Maple Leafs,4,5,L,REG,33,15,10,L 1
59,1947-03-22,time unavailable,H,Chicago Black Hawks,4,5,L,REG,33,16,10,L 2
60,1947-03-23,time unavailable,@,Boston Bruins,3,2,W,REG,34,16,10,W 1

GP,Date,Time,Location,Opponent,GF,GA,Result,Game Ended In,W,L,T,Streak
1,1947-03-25,time unavailable,H,Boston Bruins,3,1,W,REG,1,0,0,W 1
2,1947-03-27,time unavailable,H,Boston Bruins,2,1,W,OT,2,0,0,W 2
3,1947-03-29,time unavailable,@,Boston Bruins,2,4,L,REG,2,1,0,L 1
4,1947-04-01,time unavailable,@,Boston Bruins,5,1,W,REG,3,1,0,W 1
5,1947-04-03,time unavailable,H,Boston Bruins,4,3,W,2OT,4,1,0,W 2
6,1947-04-08,time unavailable,H,Toronto Maple Leafs,6,0,W,REG,5,1,0,W 3
7,1947-04-10,time unavailable,H,Toronto Maple Leafs,0,4,L,REG,5,2,0,L 1
8,1947-04-12,time unavailable,@,Toronto Maple Leafs,2,4,L,REG,5,3,0,L 2
9,1947-04-15,time unavailable,@,Toronto Maple Leafs,1,2,L,OT,5,4,0,L 3
10,1947-04-17,time unavailable,H,Toronto Maple Leafs,3,1,W,REG,6,4,0,W 1
11,1947-04-19,time unavailable,@,Toronto Maple Leafs,1,2,L,REG,6,5,0,L 1

George Allen,,n/a,LW,32,5-10,162,L/-,7,"July 27, 1914",ca,"7 G, 14 A, 21 P"
Joe Benoit,,n/a,RW,30,5-10,160,R/-,4,"February 27, 1916",ca,"0 G, 0 A, 0 P"
Toe Blake,(C),6,LW,34,5-10,165,L/-,12,"August 21, 1912",ca,"21 G, 29 A, 50 P"
Butch Bouchard,,n/a,D,27,6-2,205,R/-,5,"September 4, 1919",ca,"5 G, 7 A, 12 P"
Murph Chamberlain,,n/a,LW,31,5-11,165,L/-,9,"February 14, 1915",ca,"10 G, 10 A, 20 P"
Bill Durnan,,n/a,G,31,6-0,190,-/R,3,"January 22, 1916",ca,"34-16-10, 2.30 GAA"
Frank Eddolls,,n/a,D,25,5-8,180,L/-,2,"July 5, 1921",ca,"0 G, 0 A, 0 P"
Bob Fillion,,n/a,LW,25,5-10,170,L/-,3,"July 12, 1921",ca,"6 G, 3 A, 9 P"
Leo Gravelle,,n/a,RW,21,5-9,160,R/-,R,"June 10, 1925",ca,"16 G, 14 A, 30 P"
Glen Harmon,,n/a,D,26,5-9,165,L/-,4,"January 2, 1921",ca,"5 G, 9 A, 14 P"
Elmer Lach,,n/a,C,29,5-10,165,L/-,6,"January 22, 1918",ca,"14 G, 16 A, 30 P"
Leo Lamoureux,,n/a,D,30,5-11,175,L/-,5,"October 1, 1916",ca,"2 G, 11 A, 13 P"
Roger Leger,,n/a,D,27,5-11,200,R/-,1,"March 26, 1919",ca,"4 G, 18 A, 22 P"
Doug Lewis,,n/a,LW,25,5-8,155,L/-,R,"March 3, 1921",ca,"0 G, 0 A, 0 P"
Hub Macey,,n/a,LW,25,5-8,178,L/-,2,"April 13, 1921",ca,"0 G, 1 A, 1 P"
Ken Mosdell,,n/a,C,24,6-1,170,L/-,3,"July 13, 1922",ca,"5 G, 10 A, 15 P"
Buddy O'Connor,,n/a,C,30,5-8,142,R/-,5,"June 21, 1916",ca,"10 G, 20 A, 30 P"
George Pargeter,,n/a,LW,23,5-7,168,L/-,R,"February 24, 1923",ca,"0 G, 0 A, 0 P"
Jimmy Peters,,n/a,RW,24,5-11,165,R/-,1,"October 2, 1922",ca,"11 G, 13 A, 24 P"
John Quilty,,n/a,C,26,5-10,175,L/-,2,"January 21, 1921",ca,"1 G, 1 A, 2 P"
Ken Reardon,,n/a,D,25,5-10,180,L/-,3,"April 1, 1921",ca,"5 G, 17 A, 22 P"
Billy Reay,,n/a,C,28,5-7,155,L/-,3,"August 21, 1918",ca,"22 G, 20 A, 42 P"
Maurice Richard,,9,RW,25,5-10,170,L/-,4,"August 4, 1921",ca,"45 G, 26 A, 71 P"
