Boston Bruins,BOS,nhl
1964-65,1965
28
70
0
GP,Date,Time,Location,Opponent,GF,GA,Result,Game Ended In,W,L,T,Streak
1,1964-10-12,time unavailable,H,New York Rangers,2,6,L,REG,0,1,0,L 1
2,1964-10-14,time unavailable,@,Chicago Black Hawks,0,3,L,REG,0,2,0,L 2
3,1964-10-17,time unavailable,@,Toronto Maple Leafs,2,7,L,REG,0,3,0,L 3
4,1964-10-18,time unavailable,H,Montreal Canadiens,1,3,L,REG,0,4,0,L 4
5,1964-10-22,time unavailable,H,Toronto Maple Leafs,2,2,T,REG,0,4,1,T 1
6,1964-10-25,time unavailable,H,Detroit Red Wings,0,4,L,REG,0,5,1,L 1
7,1964-10-28,time unavailable,@,New York Rangers,1,3,L,REG,0,6,1,L 2
8,1964-10-29,time unavailable,@,Detroit Red Wings,0,2,L,REG,0,7,1,L 3
9,1964-10-31,time unavailable,@,Montreal Canadiens,2,6,L,REG,0,8,1,L 4
10,1964-11-01,time unavailable,H,Chicago Black Hawks,5,2,W,REG,1,8,1,W 1
11,1964-11-08,time unavailable,H,Chicago Black Hawks,3,2,W,REG,2,8,1,W 2
12,1964-11-10,time unavailable,H,Detroit Red Wings,3,3,T,REG,2,8,2,T 1
13,1964-11-11,time unavailable,@,New York Rangers,2,4,L,REG,2,9,2,L 1
14,1964-11-14,time unavailable,@,Toronto Maple Leafs,3,1,W,REG,3,9,2,W 1
15,1964-11-15,time unavailable,H,Montreal Canadiens,2,2,T,REG,3,9,3,T 1
16,1964-11-21,time unavailable,H,Detroit Red Wings,1,3,L,REG,3,10,3,L 1
17,1964-11-22,time unavailable,H,Toronto Maple Leafs,1,3,L,REG,3,11,3,L 2
18,1964-11-26,time unavailable,H,New York Rangers,6,1,W,REG,4,11,3,W 1
19,1964-11-28,time unavailable,@,Montreal Canadiens,1,2,L,REG,4,12,3,L 1
20,1964-11-29,time unavailable,@,Chicago Black Hawks,4,3,W,REG,5,12,3,W 1
21,1964-12-03,time unavailable,@,Detroit Red Wings,2,4,L,REG,5,13,3,L 1
22,1964-12-05,time unavailable,H,New York Rangers,3,3,T,REG,5,13,4,T 1
23,1964-12-10,time unavailable,H,Chicago Black Hawks,1,5,L,REG,5,14,4,L 1
24,1964-12-12,time unavailable,@,Toronto Maple Leafs,3,6,L,REG,5,15,4,L 2
25,1964-12-13,time unavailable,H,Montreal Canadiens,4,5,L,REG,5,16,4,L 3
26,1964-12-16,time unavailable,@,Chicago Black Hawks,5,7,L,REG,5,17,4,L 4
27,1964-12-17,time unavailable,@,Detroit Red Wings,5,3,W,REG,6,17,4,W 1
28,1964-12-20,time unavailable,H,Chicago Black Hawks,2,3,L,REG,6,18,4,L 1
29,1964-12-25,time unavailable,H,New York Rangers,0,3,L,REG,6,19,4,L 2
30,1964-12-26,time unavailable,@,New York Rangers,2,0,W,REG,7,19,4,W 1
31,1964-12-27,time unavailable,@,Chicago Black Hawks,2,6,L,REG,7,20,4,L 1
32,1965-01-01,time unavailable,H,Toronto Maple Leafs,3,0,W,REG,8,20,4,W 1
33,1965-01-02,time unavailable,@,Montreal Canadiens,1,3,L,REG,8,21,4,L 1
34,1965-01-03,time unavailable,@,Detroit Red Wings,1,8,L,REG,8,22,4,L 2
35,1965-01-06,time unavailable,@,New York Rangers,2,5,L,REG,8,23,4,L 3
36,1965-01-07,time unavailable,H,Detroit Red Wings,5,2,W,REG,9,23,4,W 1
37,1965-01-09,time unavailable,@,Toronto Maple Leafs,1,2,L,REG,9,24,4,L 1
38,1965-01-14,time unavailable,H,New York Rangers,5,2,W,REG,10,24,4,W 1
39,1965-01-16,time unavailable,@,Montreal Canadiens,2,3,L,REG,10,25,4,L 1
40,1965-01-17,time unavailable,H,Toronto Maple Leafs,1,3,L,REG,10,26,4,L 2
41,1965-01-20,time unavailable,@,Chicago Black Hawks,1,7,L,REG,10,27,4,L 3
42,1965-01-21,time unavailable,@,Detroit Red Wings,0,3,L,REG,10,28,4,L 4
43,1965-01-23,time unavailable,@,Montreal Canadiens,1,5,L,REG,10,29,4,L 5
44,1965-01-24,time unavailable,H,Montreal Canadiens,3,0,W,REG,11,29,4,W 1
45,1965-01-27,time unavailable,@,New York Rangers,2,5,L,REG,11,30,4,L 1
46,1965-01-28,time unavailable,H,Chicago Black Hawks,2,6,L,REG,11,31,4,L 2
47,1965-01-30,time unavailable,@,Toronto Maple Leafs,1,6,L,REG,11,32,4,L 3
48,1965-01-31,time unavailable,H,Toronto Maple Leafs,2,4,L,REG,11,33,4,L 4
49,1965-02-04,time unavailable,H,Detroit Red Wings,3,1,W,REG,12,33,4,W 1
50,1965-02-06,time unavailable,H,New York Rangers,3,2,W,REG,13,33,4,W 2
51,1965-02-07,time unavailable,@,New York Rangers,3,8,L,REG,13,34,4,L 1
52,1965-02-11,time unavailable,H,Montreal Canadiens,1,7,L,REG,13,35,4,L 2
53,1965-02-13,time unavailable,H,Montreal Canadiens,5,4,W,REG,14,35,4,W 1
54,1965-02-14,time unavailable,H,Toronto Maple Leafs,2,2,T,REG,14,35,5,T 1
55,1965-02-20,time unavailable,@,Montreal Canadiens,2,6,L,REG,14,36,5,L 1
56,1965-02-21,time unavailable,@,Chicago Black Hawks,0,7,L,REG,14,37,5,L 2
57,1965-02-24,time unavailable,@,Toronto Maple Leafs,3,1,W,REG,15,37,5,W 1
58,1965-02-27,time unavailable,@,Detroit Red Wings,1,4,L,REG,15,38,5,L 1
59,1965-02-28,time unavailable,@,Chicago Black Hawks,5,4,W,REG,16,38,5,W 1
60,1965-03-03,time unavailable,@,New York Rangers,6,1,W,REG,17,38,5,W 2
61,1965-03-04,time unavailable,H,New York Rangers,3,4,L,REG,17,39,5,L 1
62,1965-03-06,time unavailable,H,Detroit Red Wings,3,4,L,REG,17,40,5,L 2
63,1965-03-07,time unavailable,H,Toronto Maple Leafs,3,3,T,REG,17,40,6,T 1
64,1965-03-13,time unavailable,@,Toronto Maple Leafs,2,0,W,REG,18,40,6,W 1
65,1965-03-14,time unavailable,H,Detroit Red Wings,2,5,L,REG,18,41,6,L 1
66,1965-03-17,time unavailable,H,Chicago Black Hawks,2,1,W,REG,19,41,6,W 1
67,1965-03-18,time unavailable,@,Detroit Red Wings,3,10,L,REG,19,42,6,L 1
68,1965-03-21,time unavailable,H,Montreal Canadiens,2,5,L,REG,19,43,6,L 2
69,1965-03-27,time unavailable,@,Montreal Canadiens,6,2,W,REG,20,43,6,W 1
70,1965-03-28,time unavailable,H,Chicago Black Hawks,3,1,W,REG,21,43,6,W 2

Time,Location,Result,Game Ended In

Don Awrey,,26,D,21,6-0,175,L/-,1,"July 18, 1943",ca,"2 G, 3 A, 5 P"
Murray Balfour,,12,RW,28,5-9,178,R/-,7,"August 24, 1936",ca,"0 G, 2 A, 2 P"
Leo Boivin,(C),20,D,32,5-8,183,L/-,13,"August 2, 1932",ca,"3 G, 10 A, 13 P"
John Bucyk,,9,LW,29,6-0,215,L/-,9,"May 12, 1935",ca,"26 G, 29 A, 55 P"
Wayne Cashman,,12,LW,19,6-1,208,R/-,R,"June 24, 1945",ca,"0 G, 0 A, 0 P"
Gary Dornhoefer,,8,RW,21,6-1,190,R/-,1,"February 2, 1943",ca,"0 G, 1 A, 1 P"
Reggie Fleming,,19,LW,28,5-8,170,L/-,5,"April 21, 1936",ca,"18 G, 23 A, 41 P"
Jeannot Gilbert,,21,C,24,5-10,170,L/-,1,"December 29, 1940",ca,"0 G, 1 A, 1 P"
Bill Goldsworthy,,25,RW,20,6-0,190,R/-,R,"August 24, 1944",ca,"0 G, 0 A, 0 P"
Ted Green,,6,D,24,5-10,200,R/-,4,"March 23, 1940",ca,"8 G, 27 A, 35 P"
Tom Johnson,,10,D,36,6-0,180,L/-,15,"February 18, 1928",ca,"0 G, 9 A, 9 P"
Eddie Johnston,,1,G,29,6-0,190,-/L,2,"November 24, 1935",ca,"11-32-4, 3.47 GAA"
Forbes Kennedy,,14,C,29,5-8,150,L/-,7,"August 18, 1935",ca,"6 G, 4 A, 10 P"
Bill Knibbs,,22,C,23,6-1,180,L/-,R,"January 24, 1942",ca,"7 G, 10 A, 17 P"
Orland Kurtenbach,,7,C,28,6-2,180,L/-,3,"September 7, 1936",ca,"6 G, 20 A, 26 P"
Bobby Leiter,,24,C,23,5-9,175,L/-,2,"March 22, 1941",ca,"3 G, 1 A, 4 P"
Wayne Maxner,,12,LW,22,5-11,180,L/-,R,"September 27, 1942",ca,"7 G, 6 A, 13 P"
Bob McCord,,4,D,30,6-1,202,R/-,1,"March 30, 1934",ca,"0 G, 6 A, 6 P"
Ab McDonald,,21,LW,28,6-3,192,L/-,6,"February 18, 1936",ca,"9 G, 9 A, 18 P"
Jack Norris,,17,G,22,5-10,185,-/L,R,"August 5, 1942",ca,"10-11-2, 3.70 GAA"
Murray Oliver,,16,C,27,5-10,170,L/-,6,"November 14, 1937",ca,"20 G, 23 A, 43 P"
Dean Prentice,,17,LW,32,5-11,180,L/-,12,"October 5, 1932",ca,"14 G, 9 A, 23 P"
Wayne Rivers,,25,RW,22,5-9,177,R/-,2,"February 1, 1942",ca,"6 G, 17 A, 23 P"
Ron Schock,,23,C,21,5-11,180,L/-,1,"December 19, 1943",ca,"4 G, 7 A, 11 P"
Joe Watson,,14,D,21,5-10,185,L/-,R,"July 6, 1943",ca,"0 G, 1 A, 1 P"
Ed Westfall,,18,RW,24,6-1,197,R/-,3,"September 19, 1940",ca,"12 G, 15 A, 27 P"
Tommy Williams,,11,RW,24,5-11,180,R/-,3,"April 17, 1940",us,"13 G, 21 A, 34 P"
Bob Woytowich,,8,D,23,6-0,185,R/-,R,"August 18, 1941",ca,"2 G, 10 A, 12 P"
