Detroit Red Wings,DET,nhl
1964-65,1965
32
70
7
GP,Date,Time,Location,Opponent,GF,GA,Result,Game Ended In,W,L,T,Streak
1,1964-10-15,time unavailable,H,Toronto Maple Leafs,3,5,L,REG,0,1,0,L 1
2,1964-10-17,time unavailable,@,Chicago Black Hawks,2,4,L,REG,0,2,0,L 2
3,1964-10-18,time unavailable,H,Chicago Black Hawks,3,2,W,REG,1,2,0,W 1
4,1964-10-21,time unavailable,@,New York Rangers,1,0,W,REG,2,2,0,W 2
5,1964-10-24,time unavailable,@,Montreal Canadiens,1,1,T,REG,2,2,1,T 1
6,1964-10-25,time unavailable,@,Boston Bruins,4,0,W,REG,3,2,1,W 1
7,1964-10-29,time unavailable,H,Boston Bruins,2,0,W,REG,4,2,1,W 2
8,1964-11-01,time unavailable,H,Toronto Maple Leafs,4,2,W,REG,5,2,1,W 3
9,1964-11-05,time unavailable,H,New York Rangers,3,1,W,REG,6,2,1,W 4
10,1964-11-08,time unavailable,H,Montreal Canadiens,2,1,W,REG,7,2,1,W 5
11,1964-11-10,time unavailable,@,Boston Bruins,3,3,T,REG,7,2,2,T 1
12,1964-11-11,time unavailable,@,Toronto Maple Leafs,1,3,L,REG,7,3,2,L 1
13,1964-11-14,time unavailable,@,Montreal Canadiens,2,4,L,REG,7,4,2,L 2
14,1964-11-15,time unavailable,@,New York Rangers,6,2,W,REG,8,4,2,W 1
15,1964-11-17,time unavailable,H,New York Rangers,1,2,L,REG,8,5,2,L 1
16,1964-11-18,time unavailable,@,Chicago Black Hawks,1,3,L,REG,8,6,2,L 2
17,1964-11-21,time unavailable,@,Boston Bruins,3,1,W,REG,9,6,2,W 1
18,1964-11-22,time unavailable,@,New York Rangers,3,3,T,REG,9,6,3,T 1
19,1964-11-26,time unavailable,H,Montreal Canadiens,3,1,W,REG,10,6,3,W 1
20,1964-11-29,time unavailable,H,Toronto Maple Leafs,1,1,T,REG,10,6,4,T 1
21,1964-12-03,time unavailable,H,Boston Bruins,4,2,W,REG,11,6,4,W 1
22,1964-12-05,time unavailable,@,Toronto Maple Leafs,2,10,L,REG,11,7,4,L 1
23,1964-12-06,time unavailable,H,Montreal Canadiens,4,1,W,REG,12,7,4,W 1
24,1964-12-12,time unavailable,H,Chicago Black Hawks,2,3,L,REG,12,8,4,L 1
25,1964-12-13,time unavailable,@,Chicago Black Hawks,0,5,L,REG,12,9,4,L 2
26,1964-12-16,time unavailable,@,New York Rangers,7,3,W,REG,13,9,4,W 1
27,1964-12-17,time unavailable,H,Boston Bruins,3,5,L,REG,13,10,4,L 1
28,1964-12-20,time unavailable,H,Toronto Maple Leafs,3,1,W,REG,14,10,4,W 1
29,1964-12-25,time unavailable,H,Montreal Canadiens,2,2,T,REG,14,10,5,T 1
30,1964-12-26,time unavailable,@,Montreal Canadiens,3,6,L,REG,14,11,5,L 1
31,1964-12-27,time unavailable,H,New York Rangers,3,1,W,REG,15,11,5,W 1
32,1964-12-31,time unavailable,H,Chicago Black Hawks,1,1,T,REG,15,11,6,T 1
33,1965-01-02,time unavailable,@,Toronto Maple Leafs,1,3,L,REG,15,12,6,L 1
34,1965-01-03,time unavailable,H,Boston Bruins,8,1,W,REG,16,12,6,W 1
35,1965-01-06,time unavailable,@,Montreal Canadiens,5,4,W,REG,17,12,6,W 2
36,1965-01-07,time unavailable,@,Boston Bruins,2,5,L,REG,17,13,6,L 1
37,1965-01-09,time unavailable,H,Chicago Black Hawks,4,7,L,REG,17,14,6,L 2
38,1965-01-10,time unavailable,@,Chicago Black Hawks,2,3,L,REG,17,15,6,L 3
39,1965-01-16,time unavailable,@,Toronto Maple Leafs,4,2,W,REG,18,15,6,W 1
40,1965-01-17,time unavailable,H,New York Rangers,2,4,L,REG,18,16,6,L 1
41,1965-01-21,time unavailable,H,Boston Bruins,3,0,W,REG,19,16,6,W 1
42,1965-01-24,time unavailable,H,Toronto Maple Leafs,4,1,W,REG,20,16,6,W 2
43,1965-01-30,time unavailable,H,Chicago Black Hawks,3,1,W,REG,21,16,6,W 3
44,1965-01-31,time unavailable,@,New York Rangers,4,1,W,REG,22,16,6,W 4
45,1965-02-04,time unavailable,@,Boston Bruins,1,3,L,REG,22,17,6,L 1
46,1965-02-06,time unavailable,@,Montreal Canadiens,3,1,W,REG,23,17,6,W 1
47,1965-02-07,time unavailable,H,Montreal Canadiens,6,0,W,REG,24,17,6,W 2
48,1965-02-10,time unavailable,@,Chicago Black Hawks,2,5,L,REG,24,18,6,L 1
49,1965-02-11,time unavailable,H,Chicago Black Hawks,5,3,W,REG,25,18,6,W 1
50,1965-02-13,time unavailable,@,Toronto Maple Leafs,1,2,L,REG,25,19,6,L 1
51,1965-02-14,time unavailable,H,New York Rangers,6,2,W,REG,26,19,6,W 1
52,1965-02-17,time unavailable,@,Montreal Canadiens,0,2,L,REG,26,20,6,L 1
53,1965-02-20,time unavailable,H,New York Rangers,3,2,W,REG,27,20,6,W 1
54,1965-02-21,time unavailable,H,Toronto Maple Leafs,3,2,W,REG,28,20,6,W 2
55,1965-02-24,time unavailable,@,Chicago Black Hawks,2,3,L,REG,28,21,6,L 1
56,1965-02-27,time unavailable,H,Boston Bruins,4,1,W,REG,29,21,6,W 1
57,1965-02-28,time unavailable,H,Montreal Canadiens,5,1,W,REG,30,21,6,W 2
58,1965-03-03,time unavailable,@,Chicago Black Hawks,2,0,W,REG,31,21,6,W 3
59,1965-03-06,time unavailable,@,Boston Bruins,4,3,W,REG,32,21,6,W 4
60,1965-03-07,time unavailable,@,New York Rangers,6,5,W,REG,33,21,6,W 5
61,1965-03-09,time unavailable,H,Montreal Canadiens,3,2,W,REG,34,21,6,W 6
62,1965-03-10,time unavailable,@,Toronto Maple Leafs,4,2,W,REG,35,21,6,W 7
63,1965-03-13,time unavailable,@,Montreal Canadiens,2,4,L,REG,35,22,6,L 1
64,1965-03-14,time unavailable,@,Boston Bruins,5,2,W,REG,36,22,6,W 1
65,1965-03-18,time unavailable,H,Boston Bruins,10,3,W,REG,37,22,6,W 2
66,1965-03-19,time unavailable,@,New York Rangers,6,6,T,REG,37,22,7,T 1
67,1965-03-21,time unavailable,H,Chicago Black Hawks,5,1,W,REG,38,22,7,W 1
68,1965-03-25,time unavailable,H,New York Rangers,7,4,W,REG,39,22,7,W 2
69,1965-03-27,time unavailable,@,Toronto Maple Leafs,4,1,W,REG,40,22,7,W 3
70,1965-03-28,time unavailable,H,Toronto Maple Leafs,0,4,L,REG,40,23,7,L 1

GP,Date,Time,Location,Opponent,GF,GA,Result,Game Ended In,W,L,T,Streak
1,1965-04-01,time unavailable,H,Chicago Black Hawks,4,3,W,REG,1,0,0,W 1
2,1965-04-04,time unavailable,H,Chicago Black Hawks,6,3,W,REG,2,0,0,W 2
3,1965-04-06,time unavailable,@,Chicago Black Hawks,2,5,L,REG,2,1,0,L 1
4,1965-04-08,time unavailable,@,Chicago Black Hawks,1,2,L,REG,2,2,0,L 2
5,1965-04-11,time unavailable,H,Chicago Black Hawks,4,2,W,REG,3,2,0,W 1
6,1965-04-13,time unavailable,@,Chicago Black Hawks,0,4,L,REG,3,3,0,L 1
7,1965-04-15,time unavailable,H,Chicago Black Hawks,2,4,L,REG,3,4,0,L 2

Doug Barkley,,5,D,28,6-2,185,R/-,4,"January 6, 1937",ca,"5 G, 20 A, 25 P"
Gary Bergman,,18,D,26,5-11,188,L/-,R,"October 7, 1938",ca,"4 G, 7 A, 11 P"
Roger Crozier,,1,G,22,5-8,165,-/R,1,"March 16, 1942",ca,"40-22-7, 2.42 GAA"
Alex Delvecchio,(C),10,C,32,6-0,195,L/-,14,"December 4, 1932",ca,"25 G, 42 A, 67 P"
Bob Dillabough,,11,C,23,5-10,180,L/-,1,"April 27, 1941",ca,"0 G, 0 A, 0 P"
Val Fonteyne,,21,LW,31,5-10,160,L/-,5,"December 2, 1933",ca,"2 G, 5 A, 7 P"
Bill Gadsby,,4,D,37,6-0,180,L/-,18,"August 8, 1927",ca,"0 G, 12 A, 12 P"
Warren Godfrey,,23,D,33,6-1,190,L/-,12,"March 23, 1931",ca,"0 G, 0 A, 0 P"
Pete Goegan,,18,D,30,6-1,195,L/-,7,"March 6, 1934",ca,"1 G, 0 A, 1 P"
Ted Hampson,,17,C,28,5-8,173,L/-,5,"December 11, 1936",ca,"0 G, 0 A, 0 P"
Paul Henderson,,19,RW,22,5-11,180,R/-,2,"January 28, 1943",ca,"8 G, 13 A, 21 P"
Gordie Howe,,9,RW,36,6-0,205,R/-,18,"March 31, 1928",ca,"29 G, 47 A, 76 P"
Larry Jeffrey,,14,LW,24,5-11,189,L/-,3,"October 12, 1940",ca,"4 G, 2 A, 6 P"
Eddie Joyal,,21,C,24,6-0,178,L/-,2,"May 8, 1940",ca,"8 G, 14 A, 22 P"
Claude Laforge,,21,LW,28,5-9,172,L/-,5,"July 1, 1936",ca,"0 G, 0 A, 0 P"
Albert Langlois,,2,D,30,6-0,205,L/-,7,"November 6, 1934",ca,"1 G, 12 A, 13 P"
Ted Lindsay,,15,LW,39,5-8,163,L/-,16,"July 29, 1925",ca,"14 G, 14 A, 28 P"
Lowell MacDonald,,11,LW,23,5-11,185,R/-,3,"August 30, 1941",ca,"2 G, 1 A, 3 P"
Parker MacDonald,,20,LW,31,5-11,160,L/-,9,"June 14, 1933",ca,"13 G, 33 A, 46 P"
Bruce MacGregor,,16,RW,23,5-10,180,R/-,4,"April 26, 1941",ca,"21 G, 20 A, 41 P"
John MacMillan,,11,RW,29,5-10,185,L/-,4,"October 25, 1935",ca,"0 G, 1 A, 1 P"
Pit Martin,,8,C,21,5-9,170,R/-,2,"December 9, 1943",ca,"8 G, 9 A, 17 P"
Ron Murphy,,12,LW,31,5-11,185,L/-,12,"April 10, 1933",ca,"20 G, 19 A, 39 P"
Butch Paul,,14,C,21,5-11,160,R/-,R,"September 11, 1943",ca,"0 G, 0 A, 0 P"
Jimmy Peters,,21,C,20,6-2,185,L/-,R,"June 20, 1944",ca,"0 G, 0 A, 0 P"
Andre Pronovost,,21,LW,28,5-10,188,L/-,8,"July 9, 1936",ca,"0 G, 1 A, 1 P"
Marcel Pronovost,,3,D,34,6-0,190,L/-,14,"June 15, 1930",ca,"1 G, 15 A, 16 P"
Floyd Smith,,17,RW,29,5-10,180,R/-,5,"May 16, 1935",ca,"16 G, 29 A, 45 P"
Norm Ullman,,7,C,29,5-10,175,L/-,9,"December 26, 1935",ca,"42 G, 41 A, 83 P"
Bob Wall,,4,D,22,5-10,171,L/-,R,"December 1, 1942",ca,"0 G, 0 A, 0 P"
Jim Watson,,18,D,21,6-2,186,L/-,1,"June 28, 1943",ca,"0 G, 0 A, 0 P"
Carl Wetzel,,22,G,26,6-1,170,-/L,R,"December 12, 1938",us,"0-1-0, 7.50 GAA"
