Toronto Maple Leafs,TOR,nhl
1964-65,1965
24
70
6
GP,Date,Time,Location,Opponent,GF,GA,Result,Game Ended In,W,L,T,Streak
1,1964-10-15,time unavailable,@,Detroit Red Wings,5,3,W,REG,1,0,0,W 1
2,1964-10-17,time unavailable,H,Boston Bruins,7,2,W,REG,2,0,0,W 2
3,1964-10-18,time unavailable,@,New York Rangers,3,3,T,REG,2,0,1,T 1
4,1964-10-22,time unavailable,@,Boston Bruins,2,2,T,REG,2,0,2,T 2
5,1964-10-24,time unavailable,H,New York Rangers,1,1,T,REG,2,0,3,T 3
6,1964-10-27,time unavailable,@,Chicago Black Hawks,3,2,W,REG,3,0,3,W 1
7,1964-10-28,time unavailable,H,Montreal Canadiens,2,5,L,REG,3,1,3,L 1
8,1964-10-31,time unavailable,H,Chicago Black Hawks,5,1,W,REG,4,1,3,W 1
9,1964-11-01,time unavailable,@,Detroit Red Wings,2,4,L,REG,4,2,3,L 1
10,1964-11-05,time unavailable,@,Montreal Canadiens,2,2,T,REG,4,2,4,T 1
11,1964-11-07,time unavailable,H,New York Rangers,0,1,L,REG,4,3,4,L 1
12,1964-11-11,time unavailable,H,Detroit Red Wings,3,1,W,REG,5,3,4,W 1
13,1964-11-14,time unavailable,H,Boston Bruins,1,3,L,REG,5,4,4,L 1
14,1964-11-15,time unavailable,@,Chicago Black Hawks,2,4,L,REG,5,5,4,L 2
15,1964-11-18,time unavailable,H,Montreal Canadiens,3,1,W,REG,6,5,4,W 1
16,1964-11-21,time unavailable,H,Chicago Black Hawks,1,0,W,REG,7,5,4,W 2
17,1964-11-22,time unavailable,@,Boston Bruins,3,1,W,REG,8,5,4,W 3
18,1964-11-25,time unavailable,@,New York Rangers,3,6,L,REG,8,6,4,L 1
19,1964-11-26,time unavailable,@,Chicago Black Hawks,4,2,W,REG,9,6,4,W 1
20,1964-11-28,time unavailable,H,New York Rangers,1,4,L,REG,9,7,4,L 1
21,1964-11-29,time unavailable,@,Detroit Red Wings,1,1,T,REG,9,7,5,T 1
22,1964-12-03,time unavailable,@,Montreal Canadiens,2,4,L,REG,9,8,5,L 1
23,1964-12-05,time unavailable,H,Detroit Red Wings,10,2,W,REG,10,8,5,W 1
24,1964-12-09,time unavailable,H,Montreal Canadiens,2,3,L,REG,10,9,5,L 1
25,1964-12-12,time unavailable,H,Boston Bruins,6,3,W,REG,11,9,5,W 1
26,1964-12-13,time unavailable,@,New York Rangers,3,3,T,REG,11,9,6,T 1
27,1964-12-17,time unavailable,@,Montreal Canadiens,2,2,T,REG,11,9,7,T 2
28,1964-12-19,time unavailable,H,New York Rangers,6,3,W,REG,12,9,7,W 1
29,1964-12-20,time unavailable,@,Detroit Red Wings,1,3,L,REG,12,10,7,L 1
30,1964-12-25,time unavailable,@,Chicago Black Hawks,3,3,T,REG,12,10,8,T 1
31,1964-12-26,time unavailable,H,Chicago Black Hawks,3,5,L,REG,12,11,8,L 1
32,1964-12-30,time unavailable,H,Montreal Canadiens,3,4,L,REG,12,12,8,L 2
33,1965-01-01,time unavailable,@,Boston Bruins,0,3,L,REG,12,13,8,L 3
34,1965-01-02,time unavailable,H,Detroit Red Wings,3,1,W,REG,13,13,8,W 1
35,1965-01-03,time unavailable,@,New York Rangers,3,3,T,REG,13,13,9,T 1
36,1965-01-06,time unavailable,@,Chicago Black Hawks,3,1,W,REG,14,13,9,W 1
37,1965-01-09,time unavailable,H,Boston Bruins,2,1,W,REG,15,13,9,W 2
38,1965-01-10,time unavailable,@,New York Rangers,6,0,W,REG,16,13,9,W 3
39,1965-01-13,time unavailable,H,Chicago Black Hawks,0,0,T,REG,16,13,10,T 1
40,1965-01-14,time unavailable,@,Montreal Canadiens,5,3,W,REG,17,13,10,W 1
41,1965-01-16,time unavailable,H,Detroit Red Wings,2,4,L,REG,17,14,10,L 1
42,1965-01-17,time unavailable,@,Boston Bruins,3,1,W,REG,18,14,10,W 1
43,1965-01-20,time unavailable,H,Montreal Canadiens,1,2,L,REG,18,15,10,L 1
44,1965-01-23,time unavailable,H,New York Rangers,1,1,T,REG,18,15,11,T 1
45,1965-01-24,time unavailable,@,Detroit Red Wings,1,4,L,REG,18,16,11,L 1
46,1965-01-30,time unavailable,H,Boston Bruins,6,1,W,REG,19,16,11,W 1
47,1965-01-31,time unavailable,@,Boston Bruins,4,2,W,REG,20,16,11,W 2
48,1965-02-04,time unavailable,@,Montreal Canadiens,5,2,W,REG,21,16,11,W 3
49,1965-02-06,time unavailable,H,Chicago Black Hawks,3,6,L,REG,21,17,11,L 1
50,1965-02-07,time unavailable,@,Chicago Black Hawks,2,1,W,REG,22,17,11,W 1
51,1965-02-10,time unavailable,H,Montreal Canadiens,6,2,W,REG,23,17,11,W 2
52,1965-02-13,time unavailable,H,Detroit Red Wings,2,1,W,REG,24,17,11,W 3
53,1965-02-14,time unavailable,@,Boston Bruins,2,2,T,REG,24,17,12,T 1
54,1965-02-20,time unavailable,H,Chicago Black Hawks,4,3,W,REG,25,17,12,W 1
55,1965-02-21,time unavailable,@,Detroit Red Wings,2,3,L,REG,25,18,12,L 1
56,1965-02-24,time unavailable,H,Boston Bruins,1,3,L,REG,25,19,12,L 2
57,1965-02-27,time unavailable,H,New York Rangers,3,4,L,REG,25,20,12,L 3
58,1965-02-28,time unavailable,@,New York Rangers,2,6,L,REG,25,21,12,L 4
59,1965-03-04,time unavailable,@,Montreal Canadiens,2,2,T,REG,25,21,13,T 1
60,1965-03-06,time unavailable,H,Chicago Black Hawks,4,1,W,REG,26,21,13,W 1
61,1965-03-07,time unavailable,@,Boston Bruins,3,3,T,REG,26,21,14,T 1
62,1965-03-10,time unavailable,H,Detroit Red Wings,2,4,L,REG,26,22,14,L 1
63,1965-03-13,time unavailable,H,Boston Bruins,0,2,L,REG,26,23,14,L 2
64,1965-03-14,time unavailable,@,Chicago Black Hawks,3,5,L,REG,26,24,14,L 3
65,1965-03-18,time unavailable,@,Montreal Canadiens,1,4,L,REG,26,25,14,L 4
66,1965-03-20,time unavailable,H,New York Rangers,4,1,W,REG,27,25,14,W 1
67,1965-03-21,time unavailable,@,New York Rangers,10,1,W,REG,28,25,14,W 2
68,1965-03-24,time unavailable,H,Montreal Canadiens,3,2,W,REG,29,25,14,W 3
69,1965-03-27,time unavailable,H,Detroit Red Wings,1,4,L,REG,29,26,14,L 1
70,1965-03-28,time unavailable,@,Detroit Red Wings,4,0,W,REG,30,26,14,W 1

GP,Date,Time,Location,Opponent,GF,GA,Result,Game Ended In,W,L,T,Streak
1,1965-04-01,time unavailable,@,Montreal Canadiens,2,3,L,REG,0,1,0,L 1
2,1965-04-03,time unavailable,@,Montreal Canadiens,1,3,L,REG,0,2,0,L 2
3,1965-04-06,time unavailable,H,Montreal Canadiens,3,2,W,OT,1,2,0,W 1
4,1965-04-08,time unavailable,H,Montreal Canadiens,4,2,W,REG,2,2,0,W 2
5,1965-04-10,time unavailable,@,Montreal Canadiens,1,3,L,REG,2,3,0,L 1
6,1965-04-13,time unavailable,H,Montreal Canadiens,3,4,L,OT,2,4,0,L 2

George Armstrong,(C),10,RW,34,6-1,184,R/-,14,"July 6, 1930",ca,"15 G, 22 A, 37 P"
Andy Bathgate,,9,RW,32,6-0,180,R/-,12,"August 28, 1932",ca,"16 G, 29 A, 45 P"
Bob Baun,,21,D,28,5-9,175,R/-,8,"September 9, 1936",ca,"0 G, 18 A, 18 P"
Johnny Bower,,1,G,40,5-11,189,-/L,9,"November 8, 1924",ca,"13-13-8, 2.38 GAA"
Carl Brewer,,2,D,26,5-9,180,L/-,7,"October 21, 1938",ca,"4 G, 23 A, 27 P"
Kent Douglas,,19,D,28,5-10,180,L/-,2,"February 6, 1936",ca,"5 G, 23 A, 28 P"
Ron Ellis,,11,RW,20,5-9,195,R/-,1,"January 8, 1945",ca,"23 G, 16 A, 39 P"
Billy Harris,,15,C,29,6-0,155,L/-,9,"July 29, 1935",ca,"1 G, 6 A, 7 P"
Larry Hillman,,22,D,27,6-0,185,L/-,10,"February 5, 1937",ca,"0 G, 0 A, 0 P"
Tim Horton,,7,D,35,5-10,180,R/-,14,"January 12, 1930",ca,"12 G, 16 A, 28 P"
Red Kelly,,4,C,37,5-11,180,L/-,17,"July 9, 1927",ca,"18 G, 28 A, 46 P"
Dave Keon,,14,C,24,5-9,165,L/-,4,"March 22, 1940",ca,"21 G, 29 A, 50 P"
Frank Mahovlich,,27,LW,27,6-0,205,L/-,8,"January 10, 1938",ca,"23 G, 28 A, 51 P"
Don McKenney,,17,C,30,6-0,160,L/-,10,"April 30, 1934",ca,"6 G, 13 A, 19 P"
Dickie Moore,,16,LW,34,5-10,168,L/-,12,"January 6, 1931",ca,"2 G, 4 A, 6 P"
Jim Pappin,,18,RW,25,6-0,190,R/-,1,"September 10, 1939",ca,"9 G, 9 A, 18 P"
Bob Pulford,,20,LW,28,5-11,188,L/-,8,"March 31, 1936",ca,"19 G, 20 A, 39 P"
Duane Rupp,,17,D,26,6-1,195,L/-,1,"March 29, 1938",ca,"0 G, 0 A, 0 P"
Terry Sawchuk,,24,G,35,5-11,195,-/L,15,"December 28, 1929",ca,"17-13-6, 2.56 GAA"
Brit Selby,,8,LW,19,5-10,175,L/-,R,"March 27, 1945",ca,"2 G, 0 A, 2 P"
Eddie Shack,,23,LW,27,6-1,200,L/-,6,"February 11, 1937",ca,"5 G, 9 A, 14 P"
Allan Stanley,,26,D,38,6-1,170,L/-,16,"March 1, 1926",ca,"2 G, 15 A, 17 P"
Pete Stemkowski,,25,C,21,6-1,196,L/-,1,"August 25, 1943",ca,"5 G, 15 A, 20 P"
Ron Stewart,,12,RW,32,6-1,197,R/-,12,"July 11, 1932",ca,"16 G, 11 A, 27 P"
