Montreal Maroons,MTM,nhl
1931-32,1932
18
48
2,2
GP,Date,Time,Location,Opponent,GF,GA,Result,Game Ended In,W,L,T,Streak,Notes
1,1931-11-14,time unavailable,H,Boston Bruins,4,1,W,REG,1,0,0,W 1
2,1931-11-17,time unavailable,@,Montreal Canadiens,2,5,L,REG,1,1,0,L 1
3,1931-11-19,time unavailable,@,Detroit Falcons,1,3,L,OT,1,2,0,L 2
4,1931-11-22,time unavailable,@,Chicago Black Hawks,2,4,L,REG,1,3,0,L 3
5,1931-11-24,time unavailable,H,Detroit Falcons,6,1,W,REG,2,3,0,W 1
6,1931-11-26,time unavailable,@,New York Americans,1,1,T,OT,2,3,1,T 1
7,1931-11-28,time unavailable,H,New York Americans,1,3,L,OT,2,4,1,L 1
8,1931-12-01,time unavailable,@,Boston Bruins,3,7,L,REG,2,5,1,L 2
9,1931-12-03,time unavailable,H,Toronto Maple Leafs,8,2,W,REG,3,5,1,W 1
10,1931-12-05,time unavailable,@,Toronto Maple Leafs,0,4,L,REG,3,6,1,L 1
11,1931-12-10,time unavailable,H,New York Rangers,2,3,L,REG,3,7,1,L 2
12,1931-12-12,time unavailable,H,Montreal Canadiens,7,1,W,REG,4,7,1,W 1
13,1931-12-17,time unavailable,@,New York Rangers,4,5,L,OT,4,8,1,L 1
14,1931-12-19,time unavailable,@,Toronto Maple Leafs,2,4,L,REG,4,9,1,L 2
15,1931-12-22,time unavailable,H,Chicago Black Hawks,1,1,T,OT,4,9,2,T 1
16,1931-12-26,time unavailable,H,Boston Bruins,4,4,T,OT,4,9,3,T 2
17,1931-12-29,time unavailable,H,Detroit Falcons,4,2,W,REG,5,9,3,W 1
18,1931-12-31,time unavailable,@,Toronto Maple Leafs,1,3,L,REG,5,10,3,L 1
19,1932-01-02,time unavailable,@,Montreal Canadiens,1,5,L,REG,5,11,3,L 2
20,1932-01-05,time unavailable,@,New York Rangers,0,2,L,REG,5,12,3,L 3
21,1932-01-07,time unavailable,H,New York Rangers,4,3,W,REG,6,12,3,W 1
22,1932-01-09,time unavailable,H,New York Americans,4,2,W,REG,7,12,3,W 2
23,1932-01-12,time unavailable,@,New York Americans,0,2,L,REG,7,13,3,L 1
24,1932-01-14,time unavailable,H,Toronto Maple Leafs,4,6,L,REG,7,14,3,L 2
25,1932-01-17,time unavailable,@,Chicago Black Hawks,3,3,T,OT,7,14,4,T 1
26,1932-01-21,time unavailable,@,Detroit Falcons,3,4,L,REG,7,15,4,L 1
27,1932-01-23,time unavailable,H,Chicago Black Hawks,3,3,T,OT,7,15,5,T 1
28,1932-01-26,time unavailable,@,Boston Bruins,4,3,W,REG,8,15,5,W 1
29,1932-01-28,time unavailable,H,Montreal Canadiens,3,3,T,OT,8,15,6,T 1
30,1932-01-31,time unavailable,@,New York Americans,2,4,L,REG,8,16,6,L 1
31,1932-02-02,time unavailable,H,Detroit Falcons,4,3,W,REG,9,16,6,W 1
32,1932-02-04,time unavailable,@,Montreal Canadiens,5,6,L,OT,9,17,6,L 1
33,1932-02-06,time unavailable,H,New York Americans,3,1,W,REG,10,17,6,W 1
34,1932-02-09,time unavailable,H,Montreal Canadiens,4,1,W,REG,11,17,6,W 2
35,1932-02-11,time unavailable,@,Boston Bruins,7,4,W,REG,12,17,6,W 3
36,1932-02-13,time unavailable,@,Toronto Maple Leafs,0,6,L,REG,12,18,6,L 1
37,1932-02-16,time unavailable,H,New York Americans,7,1,W,REG,13,18,6,W 1
38,1932-02-18,time unavailable,@,New York Americans,3,1,W,REG,14,18,6,W 2
39,1932-02-20,time unavailable,H,Toronto Maple Leafs,3,0,W,REG,15,18,6,W 3
40,1932-02-24,time unavailable,@,Chicago Black Hawks,1,3,L,REG,15,19,6,L 1
41,1932-02-28,time unavailable,@,Detroit Falcons,1,2,L,REG,15,20,6,L 2
42,1932-03-01,time unavailable,H,Chicago Black Hawks,1,0,W,REG,16,20,6,W 1
43,1932-03-03,time unavailable,@,Montreal Canadiens,1,2,L,REG,16,21,6,L 1
44,1932-03-05,time unavailable,H,Boston Bruins,3,1,W,REG,17,21,6,W 1
45,1932-03-10,time unavailable,H,Toronto Maple Leafs,3,1,W,REG,18,21,6,W 2
46,1932-03-13,time unavailable,@,New York Rangers,4,4,T,OT,18,21,7,T 1
47,1932-03-15,time unavailable,H,New York Rangers,4,3,W,REG,19,21,7,W 1
48,1932-03-19,time unavailable,H,Montreal Canadiens,4,6,L,OT,19,22,7,L 1

GP,Date,Time,Location,Opponent,GF,GA,Result,Game Ended In,W,L,T,Streak,Notes
1,1932-03-27,time unavailable,@,Detroit Falcons,1,1,T,REG,0,0,1,T 1
2,1932-03-29,time unavailable,H,Detroit Falcons,2,0,W,REG,1,0,1,W 1
3,1932-03-31,time unavailable,H,Toronto Maple Leafs,1,1,T,REG,1,0,2,T 1
4,1932-04-02,time unavailable,@,Toronto Maple Leafs,2,3,L,OT,1,1,2,L 1

Glenn Brydson,,n/a,RW,21,5-10,170,R/-,1,"November 7, 1910",ca,"12 G, 13 A, 25 P"
Lionel Conacher,,n/a,D,30,6-2,195,L/-,6,"May 24, 1901",ca,"7 G, 9 A, 16 P"
Lorne Duguid,,n/a,LW,21,5-11,185,L/-,R,"April 4, 1910",ca,"0 G, 0 A, 0 P"
John Gallagher,,n/a,D,23,5-11,188,L/-,1,"January 19, 1909",ca,"1 G, 0 A, 1 P"
Paul Haynes,,n/a,C,21,5-10,160,L/-,1,"March 1, 1910",ca,"1 G, 0 A, 1 P"
Jack McVicar,,n/a,D,27,6-0,160,R/-,1,"June 4, 1904",ca,"0 G, 0 A, 0 P"
Baldy Northcott,,n/a,LW,23,6-0,184,L/-,3,"September 7, 1908",ca,"19 G, 6 A, 25 P"
Merlyn Phillips,,n/a,RW,32,5-7,160,R/-,6,"May 24, 1899",ca,"1 G, 1 A, 2 P"
Earl Robinson,,n/a,RW,24,5-10,160,R/-,2,"March 11, 1907",ca,"0 G, 3 A, 3 P"
Babe Siebert,,n/a,LW/D,28,5-10,182,L/-,6,"January 14, 1904",ca,"21 G, 18 A, 39 P"
Hooley Smith,,n/a,C,29,5-10,155,R/-,7,"January 7, 1903",ca,"11 G, 33 A, 44 P"
Normie Smith,,n/a,G,23,5-7,165,-/L,R,"March 18, 1908",ca,"5-12-4, 2.94 GAA"
Harold Starr,,n/a,D,25,5-11,176,L/-,2,"July 6, 1906",ca,"1 G, 2 A, 3 P"
Nels Stewart,,n/a,C,29,6-1,195,L/-,6,"December 29, 1902",ca,"22 G, 11 A, 33 P"
Dave Trottier,,n/a,LW,25,5-10,170,L/-,3,"June 25, 1906",ca,"26 G, 18 A, 44 P"
Flat Walsh,,n/a,G,34,5-11,180,-/L,5,"March 23, 1897",ca,"14-10-3, 2.77 GAA"
Jimmy Ward,,n/a,RW,25,5-11,167,R/-,4,"September 1, 1906",ca,"19 G, 19 A, 38 P"
Archie Wilcox,,n/a,D,28,5-11,195,L/-,2,"May 9, 1903",ca,"3 G, 3 A, 6 P"
