INFO:
teamName,Jsquared Dodgers
teamAbbreviation,Jsquared Dodgers
sportId,n/a
sportName,n/a
sportRules,n/a
leagueId,watMu
levelId,n/a
seasonName,n/a
seasonId,n/a
Roster Size,16
Season Games Played,6
Playoff Round Lengths,1,1,1
END_INFO

SEASON:
Date/Time,Location,Opposing Team,Score,S.O.C.
Tue May 26 @ 7:00 pm,Columbia Icefield: Gym 3,Dons with Balls,won 5 - 0,avg.
Fri May 29 @ 5:00 pm,Columbia Icefield: Gym 3,Weapon X,won 6 - 2,2
Tue Jun 2 @ 7:00 pm,Columbia Icefield: Gym 3,Rowdy Renison,won 5 - 4,0
Tue Jun 9 @ 6:00 pm,Columbia Icefield: Gym 3,Ballociraptors,won 7 - 1,4
Tue Jul 7 @ 7:00 pm,Columbia Icefield: Gym 3,Intermediate Individuals,won 0 - 5,avg.
Wed Jul 8 @ 9:00 pm,Columbia Icefield: Gym 3,Wellesley Dodgeball C,won 3 - 6,4
END_SEASON

PLAYOFFS:
Date/Time,Location,Opposing Team,Score,S.O.C.
Tue Jul 14 @ 5:00 pm,Columbia Icefield: Gym 3,Heisenberg Uncertainty Principle,won 6 - 2,2
Wed Jul 22 @ 9:00 pm,Columbia Icefield: Gym 3,Rowdy Renison,won 6 - 3,2
Fri Jul 24 @ 7:00 pm,Columbia Icefield: Gym 3,Dirty Muckers 3.0,won 0 - 5,2
END_PLAYOFFS

ROSTER:
Player,Captaincy,uwaterloo_email
Eric Cheung,(C),cheung.ec@gmail.com
Kyle Arnott,,
Badr Badawi,,
Xiao Bi,,
Thomas Chan,,
Justin Chu,,
Xiao Cui,,
Sean Holt,,
Hewett Sze,,
Dustin Verhoeve,,
Shaief Wares,,
Abraham Wong,,
Osman Wong,,
Jiong Wu,,
Daniel Ye,,
Adam Yusuf,,
END_ROSTER
