INFO:
teamName,Dons with Balls
teamAbbreviation,Dons with Balls
sportId,n/a
sportName,n/a
sportRules,n/a
leagueId,watMu
levelId,n/a
seasonName,n/a
seasonId,n/a
Roster Size,15
Season Games Played,6
Playoff Round Lengths,1,1
END_INFO

SEASON:
Date/Time,Location,Opposing Team,Score,S.O.C.
Tue May 26 @ 7:00 pm,Columbia Icefield: Gym 3,Jsquared Dodgers,lost 5 - 0,0
Tue May 26 @ 8:00 pm,Columbia Icefield: Gym 3,Manage This!,lost 7 - 1,4
Fri May 29 @ 3:00 pm,Columbia Icefield: Gym 3,Rowdy Renison,lost 0 - 9,4
Tue Jun 23 @ 8:00 pm,Columbia Icefield: Gym 3,Ballociraptors,lost 0 - 5,-2
Tue Jun 30 @ 7:00 pm,Columbia Icefield: Gym 3,Intermediate Individuals,won 5 - 0,avg.
Fri Jul 3 @ 6:00 pm,Columbia Icefield: Gym 3,Weapon X,lost 2 - 7,4
END_SEASON

PLAYOFFS:
Date/Time,Location,Opposing Team,Score,S.O.C.
Fri Jul 10 @ 8:00 pm,Columbia Icefield: Gym 3,Intermediate Individuals,won 0 - 5,0
Fri Jul 17 @ 7:00 pm,Columbia Icefield: Gym 3,Dirty Muckers 3.0,lost 6 - 2,1
END_PLAYOFFS

ROSTER:
Player,Captaincy,uwaterloo_email
Sherri Raymond,(C),s2raymon@uwaterloo.ca
Sean Baker,,
Bounmy Inthavong,,
Marc Johnston,,
Danzhao Liu,,
Tracy Ng Cheong Ton,,
Gagandeep Pabla,,
Saif Rehman,,
Saif Rehman,,
Reema Shah,,
Manpreet Singh,,
Laureena Ssali,,
Andrew Wong,,
Timothy Worboys,,
Haoren Xiu,,
END_ROSTER
