INFO:
teamName,Manage This!
teamAbbreviation,Manage This!
sportId,n/a
sportName,n/a
sportRules,n/a
leagueId,watMu
levelId,n/a
seasonName,n/a
seasonId,n/a
Roster Size,15
Season Games Played,6
Playoff Round Lengths,1
END_INFO

SEASON:
Date/Time,Location,Opposing Team,Score,S.O.C.
Tue May 26 @ 8:00 pm,Columbia Icefield: Gym 3,Dons with Balls,won 7 - 1,4
Wed Jun 10 @ 7:00 pm,Columbia Icefield: Gym 3,Weapon X,lost 4 - 5,4
Tue Jun 23 @ 7:00 pm,Columbia Icefield: Gym 3,Dirty Muckers 3.0,lost 3 - 6,4
Tue Jun 30 @ 6:00 pm,Columbia Icefield: Gym 3,Rowdy Renison,lost 3 - 6,4
Fri Jul 3 @ 7:00 pm,Columbia Icefield: Gym 3,Wellesley Dodgeball C,won 5 - 0,avg.
Wed Jul 8 @ 5:00 pm,Columbia Icefield: Gym 3,Intermediate Individuals,won 5 - 0,avg.
END_SEASON

PLAYOFFS:
Date/Time,Location,Opposing Team,Score,S.O.C.
Fri Jul 10 @ 5:00 pm,Columbia Icefield: Gym 3,Weapon X,lost 5 - 0,-2
END_PLAYOFFS

ROSTER:
Player,Captaincy,uwaterloo_email
Ada Hurst,(C),azacaj@uwaterloo.ca
Hani Alkhouri,,
Jonathan Aycan,,
Lin Chen,,
Jennifer Engels,,
Eric Freure,,
Adam Hurst,,
Mahvash Khan,,
Jason Landry,,
Julio Noriega,,
Mehrdad Pirnia,,
Andrei Radulescu,,
Laura Radulescu,,
Mohammed Shouman,,
Linda Zacaj,,
END_ROSTER
