INFO:
teamName,Heisenberg Uncertainty Principle
teamAbbreviation,Heisenberg Uncertainty Principle
sportId,n/a
sportName,n/a
sportRules,n/a
leagueId,watMu
levelId,n/a
seasonName,n/a
seasonId,n/a
Roster Size,14
Season Games Played,6
Playoff Round Lengths,1
END_INFO

SEASON:
Date/Time,Location,Opposing Team,Score,S.O.C.
Wed May 20 @ 7:00 pm,Columbia Icefield: Gym 3,Weapon X,lost 2 - 6,4
Tue May 26 @ 6:00 pm,Columbia Icefield: Gym 3,Rowdy Renison,lost 1 - 8,4
Tue Jun 2 @ 6:00 pm,Columbia Icefield: Gym 3,Ballociraptors,lost 8 - 1,4
Tue Jun 9 @ 8:00 pm,Columbia Icefield: Gym 3,Intermediate Individuals,won 4 - 5,4
Wed Jun 24 @ 7:00 pm,Columbia Icefield: Gym 3,Wellesley Dodgeball C,won 4 - 5,4
Wed Jul 8 @ 4:00 pm,Columbia Icefield: Gym 3,Dirty Muckers 3.0,lost 6 - 2,4
END_SEASON

PLAYOFFS:
Date/Time,Location,Opposing Team,Score,S.O.C.
Tue Jul 14 @ 5:00 pm,Columbia Icefield: Gym 3,Jsquared Dodgers,lost 6 - 2,2
END_PLAYOFFS

ROSTER:
Player,Captaincy,uwaterloo_email
Joshua Groen,(C),joshua.t.groen@gmail.com
Andrew Alkema,,
Christopher Brnjas,,
Robert Hayes,,
Brent Komer,,
Samantha Krueger,,
Emily Main,,
Christina Martin,,
Eric Postma,,
Amritha Ramakrishnan,,
Jennifer Vanhie,,
Andrew Vermeer,,
Meghan West,,
Matthew Wiebenga,,
END_ROSTER
