INFO:
teamName,Wellesley Dodgeball C
teamAbbreviation,Wellesley Dodgeball C
sportId,n/a
sportName,n/a
sportRules,n/a
leagueId,watMu
levelId,n/a
seasonName,n/a
seasonId,n/a
Roster Size,12
Season Games Played,6
Playoff Round Lengths,0
END_INFO

SEASON:
Date/Time,Location,Opposing Team,Score,S.O.C.
Wed May 20 @ 6:00 pm,Columbia Icefield: Gym 3,Ballociraptors,lost 5 - 3,3
Wed May 27 @ 8:00 pm,Columbia Icefield: Gym 3,Intermediate Individuals,won 0 - 5,avg.
Wed Jun 10 @ 8:00 pm,Columbia Icefield: Gym 3,Dirty Muckers 3.0,lost 0 - 5,-2
Wed Jun 24 @ 7:00 pm,Columbia Icefield: Gym 3,Heisenberg Uncertainty Principle,lost 4 - 5,4
Fri Jul 3 @ 7:00 pm,Columbia Icefield: Gym 3,Manage This!,lost 5 - 0,-2
Wed Jul 8 @ 9:00 pm,Columbia Icefield: Gym 3,Jsquared Dodgers,lost 3 - 6,4
END_SEASON

PLAYOFFS:
Date/Time,Location,Opposing Team,Score,S.O.C.
END_PLAYOFFS

ROSTER:
Player,Captaincy,uwaterloo_email
Ahmed Rashid,(C),ahmed.rshd@gmail.com
Hassaan Aamir,,
Maverick Lee,,
Fred Liu,,
Salomon Ponte,,
Thananjayan Ranganathan,,
Usman Siddiqui,,
Raguparan Sivakumaran,,
Brandon Theobald,,
Zhaowei Wang,,
Christopher Wu,,
Jesus Zozaya,,
END_ROSTER
