INFO:
teamName,Rowdy Renison
teamAbbreviation,Rowdy Renison
sportId,n/a
sportName,n/a
sportRules,n/a
leagueId,watMu
levelId,n/a
seasonName,n/a
seasonId,n/a
Roster Size,11
Season Games Played,6
Playoff Round Lengths,1,1
END_INFO

SEASON:
Date/Time,Location,Opposing Team,Score,S.O.C.
Tue May 26 @ 6:00 pm,Columbia Icefield: Gym 3,Heisenberg Uncertainty Principle,won 1 - 8,4
Fri May 29 @ 3:00 pm,Columbia Icefield: Gym 3,Dons with Balls,won 0 - 9,4
Tue Jun 2 @ 7:00 pm,Columbia Icefield: Gym 3,Jsquared Dodgers,lost 5 - 4,-2
Tue Jun 9 @ 7:00 pm,Columbia Icefield: Gym 3,Dirty Muckers 3.0,lost 3 - 5,4
Fri Jun 19 @ 5:00 pm,Columbia Icefield: Gym 3,Weapon X,lost 5 - 0,-2
Tue Jun 30 @ 6:00 pm,Columbia Icefield: Gym 3,Manage This!,won 3 - 6,4
END_SEASON

PLAYOFFS:
Date/Time,Location,Opposing Team,Score,S.O.C.
Tue Jul 14 @ 6:00 pm,Columbia Icefield: Gym 3,Ballociraptors,won 2 - 6,2
Wed Jul 22 @ 9:00 pm,Columbia Icefield: Gym 3,Jsquared Dodgers,lost 6 - 3,2
END_PLAYOFFS

ROSTER:
Player,Captaincy,uwaterloo_email
Jeffrey Loney,(C),jeff.loney@hotmail.com
Jason Gordon,,
Yijun Gu,,
Andrew Lambert,,
John Neal,,
Mark Potvin,,
Corey Ryckman,,
Christopher Stanford,,
James Stewart,,
Marcel Van Helden,,
Silvestr Zhuk,,
END_ROSTER
