INFO:
teamName,Dirty Muckers 3.0
teamAbbreviation,Dirty Muckers 3.0
sportId,n/a
sportName,n/a
sportRules,n/a
leagueId,watMu
levelId,n/a
seasonName,n/a
seasonId,n/a
Roster Size,13
Season Games Played,6
Playoff Round Lengths,1,1,1
END_INFO

SEASON:
Date/Time,Location,Opposing Team,Score,S.O.C.
Fri May 29 @ 6:00 pm,Columbia Icefield: Gym 3,Ballociraptors,won 4 - 5,1
Tue Jun 2 @ 8:00 pm,Columbia Icefield: Gym 3,Intermediate Individuals,won 0 - 5,avg.
Tue Jun 9 @ 7:00 pm,Columbia Icefield: Gym 3,Rowdy Renison,won 3 - 5,4
Wed Jun 10 @ 8:00 pm,Columbia Icefield: Gym 3,Wellesley Dodgeball C,won 0 - 5,avg.
Tue Jun 23 @ 7:00 pm,Columbia Icefield: Gym 3,Manage This!,won 3 - 6,3
Wed Jul 8 @ 4:00 pm,Columbia Icefield: Gym 3,Heisenberg Uncertainty Principle,won 6 - 2,4
END_SEASON

PLAYOFFS:
Date/Time,Location,Opposing Team,Score,S.O.C.
Fri Jul 17 @ 7:00 pm,Columbia Icefield: Gym 3,Dons with Balls,won 6 - 2,1
Wed Jul 22 @ 8:00 pm,Columbia Icefield: Gym 3,Weapon X,won 3 - 6,2
Fri Jul 24 @ 7:00 pm,Columbia Icefield: Gym 3,Jsquared Dodgers,lost 0 - 5,2
END_PLAYOFFS

ROSTER:
Player,Captaincy,uwaterloo_email
Mark Miltenburg,(C),mbamilte@uwaterloo.ca
Timothy Edmondson,,
Kynan Gallagher,,
Christopher Go,,
Joseph Gold,,
Jessie Ha Kong,,
Liam Hartigan,,
Michael Hartog,,
Graham Lewis,,
Christopher McCracken,,
Spenser Smith,,
Mark Vanspall,,
Cory Welsh,,
END_ROSTER
