INFO:
teamName,Ballociraptors
teamAbbreviation,Ballociraptors
sportId,n/a
sportName,n/a
sportRules,n/a
leagueId,watMu
levelId,n/a
seasonName,n/a
seasonId,n/a
Roster Size,12
Season Games Played,6
Playoff Round Lengths,1
END_INFO

SEASON:
Date/Time,Location,Opposing Team,Score,S.O.C.
Wed May 20 @ 6:00 pm,Columbia Icefield: Gym 3,Wellesley Dodgeball C,won 5 - 3,4
Fri May 29 @ 6:00 pm,Columbia Icefield: Gym 3,Dirty Muckers 3.0,lost 4 - 5,4
Tue Jun 2 @ 6:00 pm,Columbia Icefield: Gym 3,Heisenberg Uncertainty Principle,won 8 - 1,4
Tue Jun 9 @ 6:00 pm,Columbia Icefield: Gym 3,Jsquared Dodgers,lost 7 - 1,4
Tue Jun 23 @ 8:00 pm,Columbia Icefield: Gym 3,Dons with Balls,won 0 - 5,avg.
Wed Jul 8 @ 8:00 pm,Columbia Icefield: Gym 3,Weapon X,won 3 - 5,4
END_SEASON

PLAYOFFS:
Date/Time,Location,Opposing Team,Score,S.O.C.
Tue Jul 14 @ 6:00 pm,Columbia Icefield: Gym 3,Rowdy Renison,lost 2 - 6,2
END_PLAYOFFS

ROSTER:
Player,Captaincy,uwaterloo_email
Casey Devet,(C),little_kc99@hotmail.com
Matthew Bellissimo,,
Philip Bulsink,,
Mark Cachia,,
Patrick Hayes,,
Jacques Hebert,,
Thomas Hudson,,
Dale Lemieux,,
Kelvin Ma,,
Elliott Mestas,,
Matthew Moncur,,
Matthew Viola,,
END_ROSTER
