INFO:
teamName,Weapon X
teamAbbreviation,Weapon X
sportId,n/a
sportName,n/a
sportRules,n/a
leagueId,watMu
levelId,n/a
seasonName,n/a
seasonId,n/a
Roster Size,14
Season Games Played,6
Playoff Round Lengths,1,1
END_INFO

SEASON:
Date/Time,Location,Opposing Team,Score,S.O.C.
Wed May 20 @ 7:00 pm,Columbia Icefield: Gym 3,Heisenberg Uncertainty Principle,won 2 - 6,4
Fri May 29 @ 5:00 pm,Columbia Icefield: Gym 3,Jsquared Dodgers,lost 6 - 2,1
Wed Jun 10 @ 7:00 pm,Columbia Icefield: Gym 3,Manage This!,won 4 - 5,4
Fri Jun 19 @ 5:00 pm,Columbia Icefield: Gym 3,Rowdy Renison,won 5 - 0,avg.
Fri Jul 3 @ 6:00 pm,Columbia Icefield: Gym 3,Dons with Balls,won 2 - 7,3
Wed Jul 8 @ 8:00 pm,Columbia Icefield: Gym 3,Ballociraptors,lost 3 - 5,4
END_SEASON

PLAYOFFS:
Date/Time,Location,Opposing Team,Score,S.O.C.
Fri Jul 10 @ 5:00 pm,Columbia Icefield: Gym 3,Manage This!,won 5 - 0,0
Wed Jul 22 @ 8:00 pm,Columbia Icefield: Gym 3,Dirty Muckers 3.0,lost 3 - 6,2
END_PLAYOFFS

ROSTER:
Player,Captaincy,uwaterloo_email
Jonathan Ong,(C),jko665_000@msn.com
Stanley Au,,
James Bedford,,
Adriana Cameron,,
Hugo Fung,,
Abhinav Iyer,,
Moo Young Jin,,
Crystal Lalonde,,
Craig Maki,,
Yizhou Qi,,
Bryan Sanderson,,
Bryan Scheier,,
James Tink,,
Yu Zhan,,
END_ROSTER
