INFO:
teamName,Intermediate Individuals
teamAbbreviation,Intermediate Individuals
sportId,n/a
sportName,n/a
sportRules,n/a
leagueId,watMu
levelId,n/a
seasonName,n/a
seasonId,n/a
Roster Size,8
Season Games Played,6
Playoff Round Lengths,1
END_INFO

SEASON:
Date/Time,Location,Opposing Team,Score,S.O.C.
Wed May 27 @ 8:00 pm,Columbia Icefield: Gym 3,Wellesley Dodgeball C,lost 0 - 5,0
Tue Jun 2 @ 8:00 pm,Columbia Icefield: Gym 3,Dirty Muckers 3.0,lost 0 - 5,0
Tue Jun 9 @ 8:00 pm,Columbia Icefield: Gym 3,Heisenberg Uncertainty Principle,lost 4 - 5,4
Tue Jun 30 @ 7:00 pm,Columbia Icefield: Gym 3,Dons with Balls,lost 5 - 0,0
Tue Jul 7 @ 7:00 pm,Columbia Icefield: Gym 3,Jsquared Dodgers,lost 0 - 5,0
Wed Jul 8 @ 5:00 pm,Columbia Icefield: Gym 3,Manage This!,lost 5 - 0,0
END_SEASON

PLAYOFFS:
Date/Time,Location,Opposing Team,Score,S.O.C.
Fri Jul 10 @ 8:00 pm,Columbia Icefield: Gym 3,Dons with Balls,lost 0 - 5,-2
END_PLAYOFFS

ROSTER:
Player,Captaincy,uwaterloo_email
Clement Chan,,
Mashrur Chowdhury,,
Dorian Ferreira,,
Martin Gauthier,,
Amber Manzoor,,
Ryota Mine,,
Scott Reid,,
Han Xu,,
END_ROSTER
