Montreal Canadiens,MTL,nhl
1947-48,1948
29
60
0
GP,Date,Time,Location,Opponent,GF,GA,Result,Game Ended In,W,L,T,Streak
1,1947-10-16,time unavailable,H,New York Rangers,1,2,L,REG,0,1,0,L 1
2,1947-10-18,time unavailable,H,Chicago Black Hawks,4,2,W,REG,1,1,0,W 1
3,1947-10-22,time unavailable,@,Boston Bruins,1,3,L,REG,1,2,0,L 1
4,1947-10-25,time unavailable,H,Boston Bruins,5,0,W,REG,2,2,0,W 1
5,1947-10-26,time unavailable,@,Detroit Red Wings,4,2,W,REG,3,2,0,W 2
6,1947-10-29,time unavailable,@,Toronto Maple Leafs,1,3,L,REG,3,3,0,L 1
7,1947-11-02,time unavailable,@,Chicago Black Hawks,4,2,W,REG,4,3,0,W 1
8,1947-11-06,time unavailable,H,Toronto Maple Leafs,3,0,W,REG,5,3,0,W 2
9,1947-11-08,time unavailable,H,Detroit Red Wings,1,3,L,REG,5,4,0,L 1
10,1947-11-13,time unavailable,H,Chicago Black Hawks,5,2,W,REG,6,4,0,W 1
11,1947-11-15,time unavailable,H,Boston Bruins,1,9,L,REG,6,5,0,L 1
12,1947-11-16,time unavailable,@,New York Rangers,2,4,L,REG,6,6,0,L 2
13,1947-11-19,time unavailable,@,Chicago Black Hawks,2,2,T,REG,6,6,1,T 1
14,1947-11-22,time unavailable,H,New York Rangers,3,5,L,REG,6,7,1,L 1
15,1947-11-23,time unavailable,@,Boston Bruins,2,2,T,REG,6,7,2,T 1
16,1947-11-27,time unavailable,H,Toronto Maple Leafs,2,0,W,REG,7,7,2,W 1
17,1947-11-29,time unavailable,@,Toronto Maple Leafs,1,3,L,REG,7,8,2,L 1
18,1947-11-30,time unavailable,@,Detroit Red Wings,1,1,T,REG,7,8,3,T 1
19,1947-12-06,time unavailable,H,Detroit Red Wings,4,0,W,REG,8,8,3,W 1
20,1947-12-07,time unavailable,@,Boston Bruins,0,1,L,REG,8,9,3,L 1
21,1947-12-10,time unavailable,@,New York Rangers,4,4,T,REG,8,9,4,T 1
22,1947-12-11,time unavailable,H,New York Rangers,2,4,L,REG,8,10,4,L 1
23,1947-12-14,time unavailable,@,Chicago Black Hawks,4,3,W,REG,9,10,4,W 1
24,1947-12-20,time unavailable,H,Boston Bruins,2,4,L,REG,9,11,4,L 1
25,1947-12-21,time unavailable,@,New York Rangers,4,3,W,REG,10,11,4,W 1
26,1947-12-25,time unavailable,H,Toronto Maple Leafs,0,3,L,REG,10,12,4,L 1
27,1947-12-27,time unavailable,H,Chicago Black Hawks,3,1,W,REG,11,12,4,W 1
28,1948-01-01,time unavailable,@,Toronto Maple Leafs,1,2,L,REG,11,13,4,L 1
29,1948-01-03,time unavailable,H,Boston Bruins,2,2,T,REG,11,13,5,T 1
30,1948-01-04,time unavailable,@,Detroit Red Wings,2,6,L,REG,11,14,5,L 1
31,1948-01-08,time unavailable,H,Detroit Red Wings,1,1,T,REG,11,14,6,T 1
32,1948-01-10,time unavailable,H,New York Rangers,1,1,T,REG,11,14,7,T 2
33,1948-01-11,time unavailable,@,New York Rangers,1,3,L,REG,11,15,7,L 1
34,1948-01-15,time unavailable,H,Toronto Maple Leafs,8,4,W,REG,12,15,7,W 1
35,1948-01-17,time unavailable,H,Chicago Black Hawks,3,1,W,REG,13,15,7,W 2
36,1948-01-18,time unavailable,@,Boston Bruins,1,1,T,REG,13,15,8,T 1
37,1948-01-21,time unavailable,@,Chicago Black Hawks,1,3,L,REG,13,16,8,L 1
38,1948-01-24,time unavailable,H,Detroit Red Wings,1,5,L,REG,13,17,8,L 2
39,1948-01-25,time unavailable,@,Detroit Red Wings,0,1,L,REG,13,18,8,L 3
40,1948-01-28,time unavailable,@,Toronto Maple Leafs,3,3,T,REG,13,18,9,T 1
41,1948-01-31,time unavailable,H,New York Rangers,2,4,L,REG,13,19,9,L 1
42,1948-02-01,time unavailable,@,Boston Bruins,3,0,W,REG,14,19,9,W 1
43,1948-02-05,time unavailable,H,Chicago Black Hawks,2,7,L,REG,14,20,9,L 1
44,1948-02-07,time unavailable,H,Detroit Red Wings,3,5,L,REG,14,21,9,L 2
45,1948-02-14,time unavailable,@,Toronto Maple Leafs,2,4,L,REG,14,22,9,L 3
46,1948-02-15,time unavailable,@,Chicago Black Hawks,1,2,L,REG,14,23,9,L 4
47,1948-02-19,time unavailable,H,Toronto Maple Leafs,3,1,W,REG,15,23,9,W 1
48,1948-02-21,time unavailable,H,Boston Bruins,1,3,L,REG,15,24,9,L 1
49,1948-02-22,time unavailable,@,Detroit Red Wings,3,4,L,REG,15,25,9,L 2
50,1948-02-28,time unavailable,H,Detroit Red Wings,2,5,L,REG,15,26,9,L 3
51,1948-02-29,time unavailable,@,New York Rangers,3,5,L,REG,15,27,9,L 4
52,1948-03-03,time unavailable,@,Toronto Maple Leafs,3,2,W,REG,16,27,9,W 1
53,1948-03-04,time unavailable,H,Boston Bruins,1,1,T,REG,16,27,10,T 1
54,1948-03-06,time unavailable,@,Detroit Red Wings,2,2,T,REG,16,27,11,T 2
55,1948-03-07,time unavailable,@,Chicago Black Hawks,3,9,L,REG,16,28,11,L 1
56,1948-03-11,time unavailable,H,Toronto Maple Leafs,3,1,W,REG,17,28,11,W 1
57,1948-03-13,time unavailable,H,New York Rangers,3,2,W,REG,18,28,11,W 2
58,1948-03-14,time unavailable,@,New York Rangers,6,3,W,REG,19,28,11,W 3
59,1948-03-20,time unavailable,H,Chicago Black Hawks,7,4,W,REG,20,28,11,W 4
60,1948-03-21,time unavailable,@,Boston Bruins,3,4,L,REG,20,29,11,L 1

Time,Location,Result,Game Ended In

Toe Blake,(C),6,LW,35,5-10,165,L/-,13,"August 21, 1912",ca,"9 G, 15 A, 24 P"
Butch Bouchard,,n/a,D,28,6-2,205,R/-,6,"September 4, 1919",ca,"4 G, 6 A, 10 P"
Tod Campeau,,n/a,C,24,5-11,170,L/-,1,"June 4, 1923",ca,"2 G, 2 A, 4 P"
Bob Carse,,n/a,LW,28,5-9,170,L/-,4,"July 19, 1919",ca,"3 G, 3 A, 6 P"
Joe Carveth,,n/a,RW,29,5-10,180,R/-,7,"March 21, 1918",ca,"1 G, 10 A, 11 P"
Murph Chamberlain,,n/a,LW,32,5-11,165,L/-,10,"February 14, 1915",ca,"6 G, 3 A, 9 P"
Floyd Curry,,n/a,RW,22,5-11,174,R/-,R,"August 11, 1925",ca,"1 G, 5 A, 6 P"
Bill Durnan,(C),n/a,G,32,6-0,190,-/R,4,"January 22, 1916",ca,"20-28-10, 2.77 GAA"
Norm Dussault,,n/a,C,22,5-8,165,L/-,R,"September 26, 1925",us,"5 G, 10 A, 15 P"
Bob Fillion,,n/a,LW,26,5-10,170,L/-,4,"July 12, 1921",ca,"9 G, 9 A, 18 P"
Leo Gravelle,,n/a,RW,22,5-9,160,R/-,1,"June 10, 1925",ca,"0 G, 0 A, 0 P"
Glen Harmon,,n/a,D,27,5-9,165,L/-,5,"January 2, 1921",ca,"10 G, 4 A, 14 P"
Doug Harvey,,n/a,D,23,5-11,187,L/-,R,"December 19, 1924",ca,"4 G, 4 A, 8 P"
Tom Johnson,,n/a,D,19,6-0,180,L/-,R,"February 18, 1928",ca,"0 G, 0 A, 0 P"
Elmer Lach,,n/a,C,30,5-10,165,L/-,7,"January 22, 1918",ca,"30 G, 31 A, 61 P"
Hal Laycoe,,n/a,D,25,6-2,185,L/-,2,"June 23, 1922",ca,"1 G, 2 A, 3 P"
Roger Leger,,n/a,D,28,5-11,200,R/-,2,"March 26, 1919",ca,"4 G, 14 A, 18 P"
Jacques Locas,,n/a,RW,21,5-11,175,R/-,R,"February 12, 1926",ca,"7 G, 8 A, 15 P"
Murdo MacKay,,n/a,C,30,5-11,175,R/-,1,"August 8, 1917",ca,"0 G, 2 A, 2 P"
Gerry McNeil,,n/a,G,21,5-7,155,-/L,R,"April 17, 1926",ca,"0-1-1, 4.42 GAA"
Ken Mosdell,,n/a,C,25,6-1,170,L/-,4,"July 13, 1922",ca,"1 G, 0 A, 1 P"
Jimmy Peters,,n/a,RW,25,5-11,165,R/-,2,"October 2, 1922",ca,"1 G, 3 A, 4 P"
Gerry Plamondon,,n/a,LW,23,5-8,170,L/-,1,"January 5, 1925",ca,"1 G, 1 A, 2 P"
John Quilty,,n/a,C,27,5-10,175,L/-,3,"January 21, 1921",ca,"2 G, 3 A, 5 P"
Ken Reardon,,n/a,D,26,5-10,180,L/-,4,"April 1, 1921",ca,"7 G, 15 A, 22 P"
Billy Reay,,n/a,C,29,5-7,155,L/-,4,"August 21, 1918",ca,"6 G, 14 A, 20 P"
Maurice Richard,,9,RW,26,5-10,170,L/-,5,"August 4, 1921",ca,"28 G, 25 A, 53 P"
Rip Riopelle,,n/a,LW,26,5-11,165,L/-,R,"January 30, 1922",ca,"5 G, 2 A, 7 P"
George Robertson,,n/a,C,19,6-1,172,L/-,R,"May 11, 1928",ca,"0 G, 0 A, 0 P"
