Toronto Maple Leafs,TOR,nhl
1947-48,1948
23
60
5,4
GP,Date,Time,Location,Opponent,GF,GA,Result,Game Ended In,W,L,T,Streak
1,1947-10-18,time unavailable,H,Detroit Red Wings,2,2,T,REG,0,0,1,T 1
2,1947-10-19,time unavailable,@,Detroit Red Wings,0,2,L,REG,0,1,1,L 1
3,1947-10-22,time unavailable,H,New York Rangers,3,1,W,REG,1,1,1,W 1
4,1947-10-25,time unavailable,H,Chicago Black Hawks,5,1,W,REG,2,1,1,W 2
5,1947-10-29,time unavailable,H,Montreal Canadiens,3,1,W,REG,3,1,1,W 3
6,1947-11-01,time unavailable,H,Boston Bruins,1,1,T,REG,3,1,2,T 1
7,1947-11-02,time unavailable,@,New York Rangers,4,7,L,REG,3,2,2,L 1
8,1947-11-06,time unavailable,@,Montreal Canadiens,0,3,L,REG,3,3,2,L 2
9,1947-11-08,time unavailable,H,New York Rangers,7,2,W,REG,4,3,2,W 1
10,1947-11-09,time unavailable,@,Detroit Red Wings,6,0,W,REG,5,3,2,W 2
11,1947-11-12,time unavailable,H,Chicago Black Hawks,4,5,L,REG,5,4,2,L 1
12,1947-11-15,time unavailable,H,Detroit Red Wings,5,3,W,REG,6,4,2,W 1
13,1947-11-16,time unavailable,@,Chicago Black Hawks,5,4,W,REG,7,4,2,W 2
14,1947-11-19,time unavailable,@,Boston Bruins,2,7,L,REG,7,5,2,L 1
15,1947-11-22,time unavailable,H,Boston Bruins,4,3,W,REG,8,5,2,W 1
16,1947-11-27,time unavailable,@,Montreal Canadiens,0,2,L,REG,8,6,2,L 1
17,1947-11-29,time unavailable,H,Montreal Canadiens,3,1,W,REG,9,6,2,W 1
18,1947-11-30,time unavailable,@,Boston Bruins,0,0,T,REG,9,6,3,T 1
19,1947-12-03,time unavailable,@,New York Rangers,4,1,W,REG,10,6,3,W 1
20,1947-12-06,time unavailable,H,Chicago Black Hawks,12,5,W,REG,11,6,3,W 2
21,1947-12-07,time unavailable,@,Chicago Black Hawks,3,2,W,REG,12,6,3,W 3
22,1947-12-10,time unavailable,@,Detroit Red Wings,2,2,T,REG,12,6,4,T 1
23,1947-12-13,time unavailable,H,New York Rangers,1,4,L,REG,12,7,4,L 1
24,1947-12-14,time unavailable,@,Boston Bruins,1,1,T,REG,12,7,5,T 1
25,1947-12-20,time unavailable,H,Detroit Red Wings,4,4,T,REG,12,7,6,T 2
26,1947-12-21,time unavailable,@,Chicago Black Hawks,3,1,W,REG,13,7,6,W 1
27,1947-12-25,time unavailable,@,Montreal Canadiens,3,0,W,REG,14,7,6,W 2
28,1947-12-27,time unavailable,H,Boston Bruins,2,1,W,REG,15,7,6,W 3
29,1947-12-28,time unavailable,@,New York Rangers,1,1,T,REG,15,7,7,T 1
30,1948-01-01,time unavailable,H,Montreal Canadiens,2,1,W,REG,16,7,7,W 1
31,1948-01-03,time unavailable,H,New York Rangers,5,5,T,REG,16,7,8,T 1
32,1948-01-10,time unavailable,H,Chicago Black Hawks,6,4,W,REG,17,7,8,W 1
33,1948-01-11,time unavailable,@,Detroit Red Wings,2,2,T,REG,17,7,9,T 1
34,1948-01-15,time unavailable,@,Montreal Canadiens,4,8,L,REG,17,8,9,L 1
35,1948-01-17,time unavailable,H,Boston Bruins,4,1,W,REG,18,8,9,W 1
36,1948-01-18,time unavailable,@,New York Rangers,2,2,T,REG,18,8,10,T 1
37,1948-01-21,time unavailable,@,Boston Bruins,1,2,L,REG,18,9,10,L 1
38,1948-01-24,time unavailable,H,Chicago Black Hawks,2,1,W,REG,19,9,10,W 1
39,1948-01-25,time unavailable,@,Chicago Black Hawks,4,4,T,REG,19,9,11,T 1
40,1948-01-28,time unavailable,H,Montreal Canadiens,3,3,T,REG,19,9,12,T 2
41,1948-01-31,time unavailable,H,Detroit Red Wings,3,2,W,REG,20,9,12,W 1
42,1948-02-01,time unavailable,@,Detroit Red Wings,0,3,L,REG,20,10,12,L 1
43,1948-02-04,time unavailable,@,Boston Bruins,4,2,W,REG,21,10,12,W 1
44,1948-02-07,time unavailable,H,New York Rangers,3,0,W,REG,22,10,12,W 2
45,1948-02-14,time unavailable,H,Montreal Canadiens,4,2,W,REG,23,10,12,W 3
46,1948-02-15,time unavailable,@,New York Rangers,4,4,T,REG,23,10,13,T 1
47,1948-02-19,time unavailable,@,Montreal Canadiens,1,3,L,REG,23,11,13,L 1
48,1948-02-21,time unavailable,H,Detroit Red Wings,3,2,W,REG,24,11,13,W 1
49,1948-02-22,time unavailable,@,Chicago Black Hawks,3,2,W,REG,25,11,13,W 2
50,1948-02-25,time unavailable,H,Boston Bruins,4,2,W,REG,26,11,13,W 3
51,1948-02-28,time unavailable,H,Chicago Black Hawks,4,3,W,REG,27,11,13,W 4
52,1948-03-02,time unavailable,@,New York Rangers,0,1,L,REG,27,12,13,L 1
53,1948-03-03,time unavailable,H,Montreal Canadiens,2,3,L,REG,27,13,13,L 2
54,1948-03-06,time unavailable,H,New York Rangers,2,1,W,REG,28,13,13,W 1
55,1948-03-07,time unavailable,@,Boston Bruins,1,3,L,REG,28,14,13,L 1
56,1948-03-11,time unavailable,@,Montreal Canadiens,1,3,L,REG,28,15,13,L 2
57,1948-03-13,time unavailable,H,Boston Bruins,5,2,W,REG,29,15,13,W 1
58,1948-03-14,time unavailable,@,Chicago Black Hawks,3,0,W,REG,30,15,13,W 2
59,1948-03-20,time unavailable,H,Detroit Red Wings,5,3,W,REG,31,15,13,W 3
60,1948-03-21,time unavailable,@,Detroit Red Wings,5,2,W,REG,32,15,13,W 4

GP,Date,Time,Location,Opponent,GF,GA,Result,Game Ended In,W,L,T,Streak
1,1948-03-24,time unavailable,H,Boston Bruins,5,4,W,OT,1,0,0,W 1
2,1948-03-27,time unavailable,H,Boston Bruins,5,3,W,REG,2,0,0,W 2
3,1948-03-30,time unavailable,@,Boston Bruins,5,1,W,REG,3,0,0,W 3
4,1948-04-01,time unavailable,@,Boston Bruins,2,3,L,REG,3,1,0,L 1
5,1948-04-03,time unavailable,H,Boston Bruins,3,2,W,REG,4,1,0,W 1
6,1948-04-07,time unavailable,H,Detroit Red Wings,5,3,W,REG,5,1,0,W 2
7,1948-04-10,time unavailable,H,Detroit Red Wings,4,2,W,REG,6,1,0,W 3
8,1948-04-11,time unavailable,@,Detroit Red Wings,2,0,W,REG,7,1,0,W 4
9,1948-04-14,time unavailable,@,Detroit Red Wings,7,2,W,REG,8,1,0,W 5

Syl Apps,(C),n/a,C,33,6-0,185,L/-,9,"January 18, 1915",ca,"26 G, 27 A, 53 P"
Bill Barilko,,n/a,D,20,5-11,180,R/-,1,"March 25, 1927",ca,"5 G, 9 A, 14 P"
Max Bentley,,n/a,C,27,5-10,155,L/-,5,"March 1, 1920",ca,"23 G, 25 A, 48 P"
Garth Boesch,,n/a,D,27,6-0,180,R/-,1,"October 7, 1920",ca,"2 G, 7 A, 9 P"
Turk Broda,,n/a,G,33,5-9,180,-/L,9,"May 15, 1914",ca,"32-15-13, 2.38 GAA"
Bill Ezinicki,,n/a,RW,23,5-10,170,R/-,3,"March 11, 1924",ca,"11 G, 20 A, 31 P"
Ted Kennedy,,n/a,C,22,5-10,170,R/-,5,"December 12, 1925",ca,"25 G, 21 A, 46 P"
Joe Klukay,,n/a,LW,25,6-0,182,L/-,1,"November 6, 1922",ca,"15 G, 15 A, 30 P"
Vic Lynn,,n/a,LW,23,5-10,175,L/-,4,"January 26, 1925",ca,"12 G, 22 A, 34 P"
Fleming MacKell,,n/a,C,18,5-7,156,L/-,R,"April 30, 1929",ca,"0 G, 0 A, 0 P"
John McCormack,,n/a,C,22,6-0,185,L/-,R,"August 2, 1925",ca,"0 G, 1 A, 1 P"
Howie Meeker,,n/a,RW,23,5-9,165,R/-,1,"November 4, 1924",ca,"14 G, 20 A, 34 P"
Don Metz,,n/a,RW,32,5-10,165,R/-,5,"January 10, 1916",ca,"4 G, 6 A, 10 P"
Nick Metz,,n/a,LW,33,5-11,160,L/-,11,"February 16, 1914",ca,"4 G, 8 A, 12 P"
Gus Mortson,,n/a,D,23,5-11,190,L/-,1,"January 24, 1925",ca,"7 G, 11 A, 18 P"
Bud Poile,,n/a,RW,23,6-0,189,R/-,4,"February 10, 1924",ca,"2 G, 0 A, 2 P"
Tod Sloan,,n/a,RW,20,5-10,152,R/-,R,"November 30, 1927",ca,"0 G, 0 A, 0 P"
Sid Smith,,n/a,LW,22,5-10,173,L/-,1,"July 11, 1925",ca,"7 G, 10 A, 17 P"
Wally Stanowski,,n/a,D,28,5-11,180,L/-,6,"April 28, 1919",ca,"2 G, 11 A, 13 P"
Gaye Stewart,,n/a,LW,24,5-11,175,L/-,3,"June 23, 1923",ca,"1 G, 0 A, 1 P"
Cy Thomas,,n/a,LW,21,5-11,185,L/-,R,"August 5, 1926",gb,"1 G, 2 A, 3 P"
Jimmy Thomson,,n/a,D,20,5-11,175,R/-,2,"February 23, 1927",ca,"0 G, 29 A, 29 P"
Harry Watson,,n/a,LW,24,6-1,207,L/-,4,"May 6, 1923",ca,"21 G, 20 A, 41 P"
