New York Rangers,NYR,nhl
1945-46,1946
24
50
0
GP,Date,Time,Location,Opponent,GF,GA,Result,Game Ended In,W,L,T,Streak,Notes
1,1945-10-31,time unavailable,@,Chicago Black Hawks,1,5,L,REG,0,1,0,L 1
2,1945-11-03,time unavailable,@,Toronto Maple Leafs,4,1,W,REG,1,1,0,W 1
3,1945-11-04,time unavailable,@,Detroit Red Wings,1,4,L,REG,1,2,0,L 1
4,1945-11-08,time unavailable,H,Chicago Black Hawks,4,5,L,REG,1,3,0,L 2
5,1945-11-10,time unavailable,H,Detroit Red Wings,2,0,W,REG,2,3,0,W 1
6,1945-11-11,time unavailable,H,Boston Bruins,1,7,L,REG,2,4,0,L 1
7,1945-11-15,time unavailable,@,Montreal Canadiens,0,2,L,REG,2,5,0,L 2
8,1945-11-17,time unavailable,H,Montreal Canadiens,3,7,L,REG,2,6,0,L 3
9,1945-11-18,time unavailable,H,Toronto Maple Leafs,1,3,L,REG,2,7,0,L 4
10,1945-11-22,time unavailable,@,Chicago Black Hawks,3,3,T,REG,2,7,1,T 1
11,1945-11-24,time unavailable,@,Toronto Maple Leafs,3,4,L,REG,2,8,1,L 1
12,1945-11-25,time unavailable,@,Detroit Red Wings,4,1,W,REG,3,8,1,W 1
13,1945-11-28,time unavailable,@,Boston Bruins,1,5,L,REG,3,9,1,L 1
14,1945-12-01,time unavailable,@,Montreal Canadiens,3,4,L,REG,3,10,1,L 2
15,1945-12-09,time unavailable,H,Toronto Maple Leafs,2,1,W,REG,4,10,1,W 1
16,1945-12-13,time unavailable,H,Chicago Black Hawks,4,7,L,REG,4,11,1,L 1
17,1945-12-16,time unavailable,H,Montreal Canadiens,2,4,L,REG,4,12,1,L 2
18,1945-12-19,time unavailable,@,Boston Bruins,7,8,L,REG,4,13,1,L 3
19,1945-12-22,time unavailable,@,Toronto Maple Leafs,5,5,T,REG,4,13,2,T 1
20,1945-12-23,time unavailable,H,Toronto Maple Leafs,3,4,L,REG,4,14,2,L 1
21,1945-12-26,time unavailable,H,Detroit Red Wings,2,3,L,REG,4,15,2,L 2
22,1945-12-30,time unavailable,H,Chicago Black Hawks,3,2,W,REG,5,15,2,W 1
23,1945-12-31,time unavailable,H,Montreal Canadiens,0,0,T,REG,5,15,3,T 1
24,1946-01-03,time unavailable,@,Detroit Red Wings,3,3,T,REG,5,15,4,T 2
25,1946-01-06,time unavailable,H,Boston Bruins,4,2,W,REG,6,15,4,W 1
26,1946-01-12,time unavailable,@,Montreal Canadiens,3,9,L,REG,6,16,4,L 1
27,1946-01-13,time unavailable,H,Chicago Black Hawks,3,2,W,REG,7,16,4,W 1
28,1946-01-16,time unavailable,@,Boston Bruins,2,3,L,REG,7,17,4,L 1
29,1946-01-17,time unavailable,H,Boston Bruins,2,4,L,REG,7,18,4,L 2
30,1946-01-19,time unavailable,@,Toronto Maple Leafs,1,3,L,REG,7,19,4,L 3
31,1946-01-20,time unavailable,@,Chicago Black Hawks,1,9,L,REG,7,20,4,L 4
32,1946-01-26,time unavailable,@,Montreal Canadiens,3,5,L,REG,7,21,4,L 5
33,1946-01-27,time unavailable,H,Detroit Red Wings,5,2,W,REG,8,21,4,W 1
34,1946-02-03,time unavailable,H,Toronto Maple Leafs,6,6,T,REG,8,21,5,T 1
35,1946-02-06,time unavailable,@,Chicago Black Hawks,2,6,L,REG,8,22,5,L 1
36,1946-02-07,time unavailable,@,Detroit Red Wings,2,4,L,REG,8,23,5,L 2
37,1946-02-10,time unavailable,H,Chicago Black Hawks,2,2,T,REG,8,23,6,T 1
38,1946-02-14,time unavailable,H,Boston Bruins,2,2,T,REG,8,23,7,T 2
39,1946-02-16,time unavailable,@,Boston Bruins,6,2,W,REG,9,23,7,W 1
40,1946-02-17,time unavailable,H,Montreal Canadiens,4,5,L,REG,9,24,7,L 1
41,1946-02-21,time unavailable,H,Detroit Red Wings,2,2,T,REG,9,24,8,T 1
42,1946-02-24,time unavailable,@,Chicago Black Hawks,2,2,T,REG,9,24,9,T 2
43,1946-02-27,time unavailable,@,Toronto Maple Leafs,6,4,W,REG,10,24,9,W 1
44,1946-02-28,time unavailable,@,Detroit Red Wings,1,4,L,REG,10,25,9,L 1
45,1946-03-03,time unavailable,H,Toronto Maple Leafs,2,5,L,REG,10,26,9,L 2
46,1946-03-06,time unavailable,@,Montreal Canadiens,3,7,L,REG,10,27,9,L 3
47,1946-03-10,time unavailable,H,Detroit Red Wings,3,2,W,REG,11,27,9,W 1
48,1946-03-12,time unavailable,H,Boston Bruins,2,3,L,REG,11,28,9,L 1
49,1946-03-13,time unavailable,@,Boston Bruins,5,3,W,REG,12,28,9,W 1
50,1946-03-17,time unavailable,H,Montreal Canadiens,8,5,W,REG,13,28,9,W 2

Time,Location,Result,Game Ended In

Harold Brown,,n/a,RW,25,5-10,160,L/-,R,"September 14, 1920",ca,"2 G, 1 A, 3 P"
Mac Colville,,n/a,RW,30,5-9,175,R/-,7,"January 8, 1916",ca,"7 G, 6 A, 13 P"
Neil Colville,(C),n/a,D,31,5-11,175,R/-,8,"August 4, 1914",ca,"5 G, 4 A, 9 P"
Ab DeMarco,,n/a,C,29,6-0,168,R/-,5,"May 10, 1916",ca,"20 G, 27 A, 47 P"
Cal Gardner,,n/a,C,21,6-1,172,L/-,R,"October 30, 1924",ca,"8 G, 2 A, 10 P"
Hank Goldup,,n/a,LW,27,5-11,175,L/-,5,"October 29, 1918",ca,"6 G, 1 A, 7 P"
Ott Heller,,n/a,D,35,6-0,190,R/-,14,"June 2, 1910",ca,"2 G, 3 A, 5 P"
Jim Henry,,n/a,G,25,5-9,165,-/L,1,"October 23, 1920",ca,"1-7-2, 4.04 GAA"
Bryan Hextall,,n/a,RW,32,5-10,180,L/-,8,"July 31, 1913",ca,"0 G, 1 A, 1 P"
Bill Juzda,,n/a,D,25,5-9,190,R/-,2,"October 29, 1920",ca,"1 G, 3 A, 4 P"
Alan Kuntz,,n/a,LW,26,5-11,165,L/-,1,"June 4, 1919",ca,"0 G, 1 A, 1 P"
Edgar Laprade,,n/a,C,26,5-8,160,R/-,R,"October 10, 1919",ca,"15 G, 19 A, 34 P"
Hal Laycoe,,n/a,D,23,6-2,185,L/-,R,"June 23, 1922",ca,"0 G, 2 A, 2 P"
Tony Leswick,,n/a,LW,22,5-7,160,R/-,R,"March 17, 1923",ca,"15 G, 9 A, 24 P"
Bill Moe,,n/a,D,29,5-11,170,L/-,1,"October 2, 1916",us,"4 G, 4 A, 8 P"
Lynn Patrick,,n/a,LW,33,6-1,192,L/-,9,"February 3, 1912",ca,"8 G, 6 A, 14 P"
Muzz Patrick,,n/a,D,30,6-2,200,L/-,4,"June 28, 1915",ca,"0 G, 2 A, 2 P"
Alf Pike,,n/a,LW,28,6-0,187,L/-,4,"September 15, 1917",ca,"7 G, 9 A, 16 P"
Chuck Rayner,,n/a,G,25,5-11,190,-/L,2,"August 11, 1920",ca,"12-21-7, 3.76 GAA"
Church Russell,,n/a,LW,22,5-11,175,L/-,R,"March 16, 1923",ca,"0 G, 5 A, 5 P"
Alex Shibicky,,n/a,RW,31,6-0,180,R/-,7,"May 19, 1914",ca,"10 G, 5 A, 15 P"
Rene Trudell,,n/a,RW,27,5-9,165,R/-,R,"January 31, 1919",ca,"3 G, 5 A, 8 P"
Grant Warwick,,n/a,RW,24,5-6,155,R/-,4,"October 11, 1921",ca,"19 G, 18 A, 37 P"
Phil Watson,,n/a,C,31,5-11,165,R/-,10,"April 24, 1914",ca,"12 G, 14 A, 26 P"
