Chicago Black Hawks,CBH,nhl
1939-40,1940
21
48
2
GP,Date,Time,Location,Opponent,GF,GA,Result,Game Ended In,W,L,T,Streak,Notes
1,1939-11-02,time unavailable,H,Detroit Red Wings,3,2,W,REG,1,0,0,W 1
2,1939-11-05,time unavailable,@,Montreal Canadiens,2,8,L,REG,1,1,0,L 1
3,1939-11-12,time unavailable,H,New York Americans,2,1,W,REG,2,1,0,W 1
4,1939-11-14,time unavailable,@,Boston Bruins,1,3,L,OT,2,2,0,L 1
5,1939-11-16,time unavailable,@,New York Rangers,3,2,W,REG,3,2,0,W 1
6,1939-11-19,time unavailable,H,Boston Bruins,0,2,L,REG,3,3,0,L 1
7,1939-11-26,time unavailable,@,Detroit Red Wings,4,2,W,OT,4,3,0,W 1
8,1939-11-30,time unavailable,H,New York Rangers,2,7,L,REG,4,4,0,L 1
9,1939-12-02,time unavailable,@,Toronto Maple Leafs,3,3,T,OT,4,4,1,T 1
10,1939-12-03,time unavailable,H,Toronto Maple Leafs,1,3,L,OT,4,5,1,L 1
11,1939-12-07,time unavailable,H,New York Americans,2,1,W,REG,5,5,1,W 1
12,1939-12-10,time unavailable,H,Montreal Canadiens,3,2,W,REG,6,5,1,W 2
13,1939-12-12,time unavailable,@,New York Americans,0,4,L,REG,6,6,1,L 1
14,1939-12-17,time unavailable,H,Boston Bruins,2,4,L,REG,6,7,1,L 2
15,1939-12-21,time unavailable,H,Toronto Maple Leafs,3,1,W,REG,7,7,1,W 1
16,1939-12-23,time unavailable,@,New York Rangers,1,7,L,REG,7,8,1,L 1
17,1939-12-25,time unavailable,@,Boston Bruins,3,6,L,REG,7,9,1,L 2
18,1939-12-27,time unavailable,@,New York Americans,2,4,L,OT,7,10,1,L 3
19,1939-12-30,time unavailable,@,Toronto Maple Leafs,2,4,L,REG,7,11,1,L 4
20,1940-01-01,time unavailable,H,Detroit Red Wings,1,0,W,REG,8,11,1,W 1
21,1940-01-04,time unavailable,H,Toronto Maple Leafs,2,1,W,REG,9,11,1,W 2
22,1940-01-07,time unavailable,H,Montreal Canadiens,1,2,L,REG,9,12,1,L 1
23,1940-01-09,time unavailable,@,Montreal Canadiens,2,0,W,REG,10,12,1,W 1
24,1940-01-11,time unavailable,@,New York Rangers,3,5,L,REG,10,13,1,L 1
25,1940-01-14,time unavailable,H,New York Rangers,2,1,W,REG,11,13,1,W 1
26,1940-01-21,time unavailable,H,New York Americans,1,2,L,REG,11,14,1,L 1
27,1940-01-25,time unavailable,H,Boston Bruins,2,2,T,OT,11,14,2,T 1
28,1940-01-26,time unavailable,@,Detroit Red Wings,1,1,T,OT,11,14,3,T 2
29,1940-01-28,time unavailable,H,Montreal Canadiens,8,1,W,REG,12,14,3,W 1
30,1940-01-30,time unavailable,@,Boston Bruins,0,5,L,REG,12,15,3,L 1
31,1940-02-01,time unavailable,@,New York Americans,2,5,L,REG,12,16,3,L 2
32,1940-02-03,time unavailable,@,Toronto Maple Leafs,3,2,W,REG,13,16,3,W 1
33,1940-02-04,time unavailable,H,Detroit Red Wings,1,1,T,OT,13,16,4,T 1
34,1940-02-08,time unavailable,H,New York Americans,3,2,W,REG,14,16,4,W 1
35,1940-02-09,time unavailable,@,Detroit Red Wings,3,0,W,REG,15,16,4,W 2
36,1940-02-11,time unavailable,H,New York Rangers,3,0,W,REG,16,16,4,W 3
37,1940-02-15,time unavailable,@,Montreal Canadiens,1,1,T,OT,16,16,5,T 1
38,1940-02-18,time unavailable,@,New York Americans,1,1,T,OT,16,16,6,T 2
39,1940-02-22,time unavailable,H,Montreal Canadiens,10,1,W,REG,17,16,6,W 1
40,1940-02-25,time unavailable,H,Boston Bruins,3,1,W,REG,18,16,6,W 2
41,1940-02-27,time unavailable,@,Boston Bruins,0,6,L,REG,18,17,6,L 1
42,1940-02-29,time unavailable,@,New York Rangers,2,1,W,REG,19,17,6,W 1
43,1940-03-03,time unavailable,H,New York Rangers,1,2,L,REG,19,18,6,L 1
44,1940-03-07,time unavailable,@,Montreal Canadiens,6,1,W,REG,20,18,6,W 1
45,1940-03-09,time unavailable,@,Toronto Maple Leafs,2,5,L,REG,20,19,6,L 1
46,1940-03-10,time unavailable,H,Toronto Maple Leafs,2,1,W,REG,21,19,6,W 1
47,1940-03-15,time unavailable,@,Detroit Red Wings,4,3,W,REG,22,19,6,W 2
48,1940-03-17,time unavailable,H,Detroit Red Wings,3,1,W,REG,23,19,6,W 3

GP,Date,Time,Location,Opponent,GF,GA,Result,Game Ended In,W,L,T,Streak,Notes
1,1940-03-19,time unavailable,@,Toronto Maple Leafs,2,3,L,OT,0,1,0,L 1
2,1940-03-21,time unavailable,H,Toronto Maple Leafs,1,2,L,REG,0,2,0,L 2

George Allen,,n/a,D,25,5-10,162,L/-,1,"July 27, 1914",ca,"10 G, 12 A, 22 P"
Doug Bentley,,n/a,LW,23,5-8,145,L/-,R,"September 3, 1916",ca,"12 G, 7 A, 19 P"
Bill Carse,,n/a,C,25,5-8,165,L/-,1,"May 29, 1914",ca,"10 G, 13 A, 23 P"
Bob Carse,,n/a,LW,20,5-9,170,L/-,R,"July 19, 1919",ca,"3 G, 5 A, 8 P"
John Chad,,n/a,RW,20,5-10,167,R/-,R,"September 16, 1919",ca,"8 G, 3 A, 11 P"
Joe Cooper,,n/a,D,25,6-2,200,R/-,4,"December 14, 1914",ca,"4 G, 7 A, 11 P"
Les Cunningham,,n/a,C,26,5-8,165,L/-,1,"October 4, 1913",ca,"6 G, 11 A, 17 P"
Cully Dahlstrom,,n/a,C,27,5-11,175,L/-,2,"July 3, 1912",us,"11 G, 19 A, 30 P"
Ab DeMarco,,n/a,C,23,6-0,168,R/-,1,"May 10, 1916",ca,"0 G, 5 A, 5 P"
Joffre Desilets,,n/a,RW,24,5-10,170,R/-,4,"April 16, 1915",ca,"6 G, 7 A, 13 P"
Paul Goodman,,n/a,G,34,5-10,165,-/L,R,"February 25, 1905",ca,"16-10-5, 1.94 GAA"
Johnny Gottselig,(C),n/a,LW,34,5-11,158,L/-,11,"June 24, 1905",ru,"8 G, 15 A, 23 P"
Phil Hergesheimer,,n/a,RW,25,5-10,175,R/-,R,"July 9, 1914",ca,"9 G, 11 A, 20 P"
Mike Karakas,,n/a,G,28,5-11,147,-/L,4,"December 12, 1911",us,"7-9-1, 3.31 GAA"
Bill MacKenzie,,n/a,D,28,5-11,175,R/-,5,"December 12, 1911",ca,"0 G, 1 A, 1 P"
Mush March,,n/a,RW,31,5-5,154,R/-,11,"October 18, 1908",ca,"9 G, 14 A, 23 P"
Jack Portland,,n/a,D,27,6-2,185,L/-,6,"July 30, 1912",ca,"1 G, 4 A, 5 P"
Earl Seibert,,n/a,D,28,6-2,198,R/-,8,"December 7, 1911",ca,"3 G, 7 A, 10 P"
Des Smith,,n/a,D,25,6-0,185,L/-,2,"February 22, 1914",ca,"1 G, 4 A, 5 P"
Bill Thoms,,n/a,C,29,5-9,170,L/-,7,"March 5, 1910",ca,"9 G, 13 A, 22 P"
Art Wiebe,,n/a,D,27,5-10,180,L/-,6,"September 28, 1912",ca,"2 G, 2 A, 4 P"
