Detroit Red Wings,DET,nhl
1939-40,1940
26
48
3,2
GP,Date,Time,Location,Opponent,GF,GA,Result,Game Ended In,W,L,T,Streak,Notes
1,1939-11-02,time unavailable,@,Chicago Black Hawks,2,3,L,REG,0,1,0,L 1
2,1939-11-05,time unavailable,H,New York Rangers,1,1,T,OT,0,1,1,T 1
3,1939-11-12,time unavailable,H,Boston Bruins,2,1,W,REG,1,1,1,W 1
4,1939-11-14,time unavailable,@,New York Americans,4,2,W,REG,2,1,1,W 2
5,1939-11-18,time unavailable,@,Toronto Maple Leafs,0,3,L,REG,2,2,1,L 1
6,1939-11-19,time unavailable,H,Toronto Maple Leafs,1,7,L,REG,2,3,1,L 2
7,1939-11-23,time unavailable,H,New York Americans,3,2,W,REG,3,3,1,W 1
8,1939-11-25,time unavailable,@,Montreal Canadiens,6,4,W,REG,4,3,1,W 2
9,1939-11-26,time unavailable,H,Chicago Black Hawks,2,4,L,OT,4,4,1,L 1
10,1939-11-28,time unavailable,@,New York Rangers,1,4,L,REG,4,5,1,L 2
11,1939-12-03,time unavailable,H,Montreal Canadiens,0,3,L,REG,4,6,1,L 3
12,1939-12-08,time unavailable,H,Boston Bruins,0,3,L,REG,4,7,1,L 4
13,1939-12-10,time unavailable,H,New York Americans,2,3,L,REG,4,8,1,L 5
14,1939-12-12,time unavailable,@,Boston Bruins,1,3,L,REG,4,9,1,L 6
15,1939-12-14,time unavailable,@,New York Rangers,2,2,T,OT,4,9,2,T 1
16,1939-12-17,time unavailable,H,New York Rangers,0,0,T,OT,4,9,3,T 2
17,1939-12-21,time unavailable,@,New York Americans,0,3,L,REG,4,10,3,L 1
18,1939-12-23,time unavailable,@,Toronto Maple Leafs,1,5,L,REG,4,11,3,L 2
19,1939-12-25,time unavailable,H,Montreal Canadiens,3,1,W,REG,5,11,3,W 1
20,1939-12-31,time unavailable,H,Toronto Maple Leafs,2,3,L,REG,5,12,3,L 1
21,1940-01-01,time unavailable,@,Chicago Black Hawks,0,1,L,REG,5,13,3,L 2
22,1940-01-04,time unavailable,@,Montreal Canadiens,3,2,W,REG,6,13,3,W 1
23,1940-01-07,time unavailable,@,New York Rangers,0,3,L,REG,6,14,3,L 1
24,1940-01-09,time unavailable,@,Boston Bruins,1,3,L,REG,6,15,3,L 2
25,1940-01-12,time unavailable,H,New York Americans,4,2,W,REG,7,15,3,W 1
26,1940-01-14,time unavailable,@,New York Americans,0,1,L,REG,7,16,3,L 1
27,1940-01-18,time unavailable,@,Toronto Maple Leafs,2,2,T,OT,7,16,4,T 1
28,1940-01-21,time unavailable,H,Toronto Maple Leafs,3,2,W,REG,8,16,4,W 1
29,1940-01-26,time unavailable,H,Chicago Black Hawks,1,1,T,OT,8,16,5,T 1
30,1940-01-28,time unavailable,H,Boston Bruins,4,2,W,REG,9,16,5,W 1
31,1940-02-01,time unavailable,H,New York Rangers,2,0,W,REG,10,16,5,W 2
32,1940-02-04,time unavailable,@,Chicago Black Hawks,1,1,T,OT,10,16,6,T 1
33,1940-02-06,time unavailable,@,New York Americans,3,1,W,REG,11,16,6,W 1
34,1940-02-08,time unavailable,@,Montreal Canadiens,2,1,W,REG,12,16,6,W 2
35,1940-02-09,time unavailable,H,Chicago Black Hawks,0,3,L,REG,12,17,6,L 1
36,1940-02-11,time unavailable,H,Montreal Canadiens,2,3,L,OT,12,18,6,L 2
37,1940-02-13,time unavailable,@,Boston Bruins,3,10,L,REG,12,19,6,L 3
38,1940-02-15,time unavailable,@,New York Rangers,1,3,L,REG,12,20,6,L 4
39,1940-02-18,time unavailable,H,New York Rangers,2,0,W,REG,13,20,6,W 1
40,1940-02-22,time unavailable,H,Toronto Maple Leafs,1,2,L,REG,13,21,6,L 1
41,1940-02-25,time unavailable,H,New York Americans,4,1,W,REG,14,21,6,W 1
42,1940-02-29,time unavailable,@,Toronto Maple Leafs,1,3,L,REG,14,22,6,L 1
43,1940-03-03,time unavailable,H,Boston Bruins,6,3,W,REG,15,22,6,W 1
44,1940-03-05,time unavailable,@,Boston Bruins,2,7,L,REG,15,23,6,L 1
45,1940-03-09,time unavailable,@,Montreal Canadiens,0,3,L,REG,15,24,6,L 2
46,1940-03-10,time unavailable,H,Montreal Canadiens,5,2,W,REG,16,24,6,W 1
47,1940-03-15,time unavailable,H,Chicago Black Hawks,3,4,L,REG,16,25,6,L 1
48,1940-03-17,time unavailable,@,Chicago Black Hawks,1,3,L,REG,16,26,6,L 2

GP,Date,Time,Location,Opponent,GF,GA,Result,Game Ended In,W,L,T,Streak,Notes
1,1940-03-19,time unavailable,H,New York Americans,2,1,W,OT,1,0,0,W 1
2,1940-03-22,time unavailable,@,New York Americans,4,5,L,REG,1,1,0,L 1
3,1940-03-24,time unavailable,H,New York Americans,3,1,W,REG,2,1,0,W 1
4,1940-03-26,time unavailable,@,Toronto Maple Leafs,1,2,L,REG,2,2,0,L 1
5,1940-03-28,time unavailable,H,Toronto Maple Leafs,1,3,L,REG,2,3,0,L 2

Sid Abel,,n/a,LW,21,5-11,170,L/-,1,"February 22, 1918",ca,"1 G, 5 A, 6 P"
Claude Bourque,,n/a,G,24,5-6,140,-/L,1,"March 31, 1915",ca,"0-1-0, 3.00 GAA"
Ralph Bowman,,n/a,D,28,5-11,190,L/-,6,"June 20, 1911",ca,"0 G, 2 A, 2 P"
Connie Brown,,n/a,C,23,5-7,168,L/-,1,"January 11, 1917",ca,"8 G, 3 A, 11 P"
Mud Bruneteau,,n/a,RW,25,5-11,185,R/-,4,"November 28, 1914",ca,"10 G, 14 A, 24 P"
Don Deacon,,n/a,LW,26,5-9,190,L/-,2,"June 2, 1913",ca,"5 G, 1 A, 6 P"
Cecil Dillon,,n/a,RW,31,5-11,173,L/-,9,"April 26, 1908",us,"7 G, 10 A, 17 P"
Joe Fisher,,n/a,RW,23,6-0,175,R/-,R,"July 4, 1916",ca,"2 G, 4 A, 6 P"
Gus Giesebrecht,,n/a,C,22,6-0,177,L/-,1,"September 14, 1917",ca,"4 G, 7 A, 11 P"
Ebbie Goodfellow,(C),n/a,D,32,6-0,175,L/-,10,"April 9, 1907",ca,"11 G, 17 A, 28 P"
Don Grosso,,n/a,C,24,5-11,170,L/-,1,"April 12, 1915",ca,"2 G, 3 A, 5 P"
Syd Howe,,n/a,C,28,5-9,165,L/-,10,"September 28, 1911",ca,"14 G, 23 A, 37 P"
Ron Hudson,,n/a,RW,28,5-8,148,L/-,1,"July 14, 1911",ca,"0 G, 0 A, 0 P"
Buck Jones,,n/a,D,21,5-11,200,R/-,1,"August 17, 1918",ca,"0 G, 0 A, 0 P"
Jack Keating,,n/a,LW,23,6-0,180,L/-,1,"October 9, 1916",ca,"2 G, 0 A, 2 P"
Hec Kilrea,,n/a,LW,32,5-8,175,L/-,14,"June 11, 1907",ca,"0 G, 0 A, 0 P"
Ken Kilrea,,n/a,LW,21,6-0,170,L/-,1,"January 16, 1919",ca,"10 G, 8 A, 18 P"
Carl Liscombe,,n/a,LW,24,5-7,162,L/-,2,"May 17, 1915",ca,"2 G, 7 A, 9 P"
Butch McDonald,,n/a,LW,23,6-0,185,L/-,R,"November 21, 1916",ca,"1 G, 6 A, 7 P"
Alfie Moore,,n/a,G,34,5-11,155,-/R,2,"December 1, 1905",ca,"0-1-0, 3.00 GAA"
Alex Motter,,n/a,D,26,6-0,175,L/-,4,"June 20, 1913",ca,"7 G, 12 A, 19 P"
Jimmy Orlando,,n/a,D,23,5-11,185,L/-,2,"February 27, 1916",ca,"1 G, 3 A, 4 P"
Bert Peer,,n/a,RW,29,5-11,175,R/-,R,"November 12, 1910",ca,"0 G, 0 A, 0 P"
Jack Stewart,,n/a,D,22,5-10,190,L/-,1,"May 6, 1917",ca,"1 G, 0 A, 1 P"
Tiny Thompson,,n/a,G,36,5-10,160,-/L,11,"May 31, 1903",ca,"16-24-6, 2.54 GAA"
Eddie Wares,,n/a,RW,24,5-11,182,R/-,3,"March 19, 1915",ca,"2 G, 6 A, 8 P"
