New York Americans,NYA,nhl
1939-40,1940
21
48
3
GP,Date,Time,Location,Opponent,GF,GA,Result,Game Ended In,W,L,T,Streak,Notes
1,1939-11-09,time unavailable,@,Montreal Canadiens,0,2,L,REG,0,1,0,L 1
2,1939-11-12,time unavailable,@,Chicago Black Hawks,1,2,L,REG,0,2,0,L 2
3,1939-11-14,time unavailable,H,Detroit Red Wings,2,4,L,REG,0,3,0,L 3
4,1939-11-18,time unavailable,H,New York Rangers,1,3,L,REG,0,4,0,L 4
5,1939-11-23,time unavailable,@,Detroit Red Wings,2,3,L,REG,0,5,0,L 5
6,1939-11-25,time unavailable,@,Toronto Maple Leafs,3,4,L,REG,0,6,0,L 6
7,1939-11-26,time unavailable,H,Toronto Maple Leafs,2,1,W,OT,1,6,0,W 1
8,1939-11-30,time unavailable,H,Montreal Canadiens,5,2,W,REG,2,6,0,W 2
9,1939-12-02,time unavailable,@,New York Rangers,1,1,T,OT,2,6,1,T 1
10,1939-12-03,time unavailable,H,Boston Bruins,2,6,L,REG,2,7,1,L 1
11,1939-12-05,time unavailable,@,Boston Bruins,1,2,L,REG,2,8,1,L 2
12,1939-12-07,time unavailable,@,Chicago Black Hawks,1,2,L,REG,2,9,1,L 3
13,1939-12-10,time unavailable,@,Detroit Red Wings,3,2,W,REG,3,9,1,W 1
14,1939-12-12,time unavailable,H,Chicago Black Hawks,4,0,W,REG,4,9,1,W 2
15,1939-12-14,time unavailable,@,Montreal Canadiens,3,5,L,OT,4,10,1,L 1
16,1939-12-16,time unavailable,@,Toronto Maple Leafs,1,5,L,REG,4,11,1,L 2
17,1939-12-17,time unavailable,H,Toronto Maple Leafs,1,4,L,REG,4,12,1,L 3
18,1939-12-21,time unavailable,H,Detroit Red Wings,3,0,W,REG,5,12,1,W 1
19,1939-12-24,time unavailable,H,Boston Bruins,2,3,L,REG,5,13,1,L 1
20,1939-12-27,time unavailable,H,Chicago Black Hawks,4,2,W,OT,6,13,1,W 1
21,1939-12-31,time unavailable,@,New York Rangers,2,5,L,REG,6,14,1,L 1
22,1940-01-01,time unavailable,H,Montreal Canadiens,1,0,W,REG,7,14,1,W 1
23,1940-01-04,time unavailable,H,New York Rangers,2,6,L,REG,7,15,1,L 1
24,1940-01-07,time unavailable,@,Boston Bruins,2,6,L,REG,7,16,1,L 2
25,1940-01-09,time unavailable,H,Toronto Maple Leafs,2,3,L,REG,7,17,1,L 3
26,1940-01-12,time unavailable,@,Detroit Red Wings,2,4,L,REG,7,18,1,L 4
27,1940-01-14,time unavailable,H,Detroit Red Wings,1,0,W,REG,8,18,1,W 1
28,1940-01-20,time unavailable,@,Toronto Maple Leafs,1,5,L,REG,8,19,1,L 1
29,1940-01-21,time unavailable,@,Chicago Black Hawks,2,1,W,REG,9,19,1,W 1
30,1940-01-23,time unavailable,H,New York Rangers,3,5,L,REG,9,20,1,L 1
31,1940-01-25,time unavailable,@,Montreal Canadiens,2,2,T,OT,9,20,2,T 1
32,1940-01-28,time unavailable,@,New York Rangers,2,4,L,REG,9,21,2,L 1
33,1940-01-30,time unavailable,H,Montreal Canadiens,4,1,W,REG,10,21,2,W 1
34,1940-02-01,time unavailable,H,Chicago Black Hawks,5,2,W,REG,11,21,2,W 2
35,1940-02-04,time unavailable,@,Boston Bruins,1,7,L,REG,11,22,2,L 1
36,1940-02-06,time unavailable,H,Detroit Red Wings,1,3,L,REG,11,23,2,L 2
37,1940-02-08,time unavailable,@,Chicago Black Hawks,2,3,L,REG,11,24,2,L 3
38,1940-02-11,time unavailable,H,Boston Bruins,2,4,L,REG,11,25,2,L 4
39,1940-02-18,time unavailable,H,Chicago Black Hawks,1,1,T,OT,11,25,3,T 1
40,1940-02-22,time unavailable,H,New York Rangers,1,0,W,OT,12,25,3,W 1
41,1940-02-25,time unavailable,@,Detroit Red Wings,1,4,L,REG,12,26,3,L 1
42,1940-03-02,time unavailable,@,Montreal Canadiens,3,3,T,OT,12,26,4,T 1
43,1940-03-03,time unavailable,H,Montreal Canadiens,3,0,W,REG,13,26,4,W 1
44,1940-03-07,time unavailable,H,Boston Bruins,1,2,L,REG,13,27,4,L 1
45,1940-03-09,time unavailable,@,Boston Bruins,4,2,W,REG,14,27,4,W 1
46,1940-03-10,time unavailable,@,New York Rangers,2,4,L,REG,14,28,4,L 1
47,1940-03-16,time unavailable,@,Toronto Maple Leafs,6,8,L,REG,14,29,4,L 2
48,1940-03-17,time unavailable,H,Toronto Maple Leafs,5,2,W,REG,15,29,4,W 1

GP,Date,Time,Location,Opponent,GF,GA,Result,Game Ended In,W,L,T,Streak,Notes
1,1940-03-19,time unavailable,@,Detroit Red Wings,1,2,L,OT,0,1,0,L 1
2,1940-03-22,time unavailable,H,Detroit Red Wings,5,4,W,REG,1,1,0,W 1
3,1940-03-24,time unavailable,@,Detroit Red Wings,1,3,L,REG,1,2,0,L 1

Tom Anderson,,n/a,D,29,5-10,180,L/-,5,"July 9, 1910",gb,"12 G, 19 A, 31 P"
Murray Armstrong,,n/a,C,24,5-10,170,L/-,2,"January 1, 1916",ca,"16 G, 20 A, 36 P"
Frank Beisler,,n/a,D,26,6-2,190,L/-,1,"October 18, 1913",us,"0 G, 0 A, 0 P"
Buzz Boll,,n/a,LW,28,5-10,166,L/-,6,"March 6, 1911",ca,"5 G, 10 A, 15 P"
Lorne Carr,,n/a,RW,29,5-8,161,R/-,6,"July 2, 1910",ca,"8 G, 17 A, 25 P"
Art Chapman,,n/a,C,33,5-10,170,L/-,9,"May 29, 1906",ca,"4 G, 6 A, 10 P"
Charlie Conacher,,n/a,D/RW,30,6-1,195,R/-,10,"December 20, 1909",ca,"10 G, 18 A, 28 P"
Pat Egan,,n/a,D,21,5-10,195,R/-,R,"April 25, 1918",ca,"4 G, 3 A, 7 P"
Wilf Field,,n/a,D,24,5-11,185,R/-,2,"April 29, 1915",ca,"1 G, 3 A, 4 P"
Johnny Gagnon,,n/a,RW,34,5-5,140,R/-,9,"June 8, 1905",ca,"4 G, 3 A, 7 P"
Busher Jackson,,n/a,LW,29,5-11,195,L/-,10,"January 19, 1911",ca,"12 G, 8 A, 20 P"
Allan Murray,,n/a,D,31,5-7,165,L/-,6,"November 10, 1908",ca,"1 G, 4 A, 5 P"
Earl Robertson,,n/a,G,29,5-10,165,-/L,2,"November 24, 1910",ca,"15-29-4, 2.84 GAA"
Doc Romnes,,n/a,C,31,5-11,156,L/-,9,"January 1, 1909",us,"0 G, 1 A, 1 P"
Chuck Shannon,,n/a,D,23,5-11,192,L/-,R,"March 22, 1916",ca,"0 G, 0 A, 0 P"
Eddie Shore,,n/a,D,37,5-11,190,R/-,13,"November 25, 1902",ca,"2 G, 3 A, 5 P"
Hooley Smith,,n/a,RW/C,37,5-10,155,R/-,15,"January 7, 1903",ca,"7 G, 8 A, 15 P"
John Sorrell,,n/a,LW,34,5-11,155,L/-,9,"January 16, 1906",ca,"8 G, 16 A, 24 P"
Nels Stewart,,n/a,C,37,6-1,195,L/-,14,"December 29, 1902",ca,"6 G, 7 A, 13 P"
Jack Tomson,,n/a,D,22,6-1,175,R/-,R,"January 31, 1918",gb,"1 G, 1 A, 2 P"
Eddie Wiseman,,n/a,RW,27,5-7,160,R/-,7,"December 28, 1912",ca,"5 G, 13 A, 18 P"
