Toronto Maple Leafs,TOR,nhl
1939-40,1940
22
48
2,2,6
GP,Date,Time,Location,Opponent,GF,GA,Result,Game Ended In,W,L,T,Streak,Notes
1,1939-11-04,time unavailable,H,Boston Bruins,5,0,W,REG,1,0,0,W 1
2,1939-11-11,time unavailable,H,New York Rangers,1,1,T,OT,1,0,1,T 1
3,1939-11-12,time unavailable,@,New York Rangers,1,0,W,REG,2,0,1,W 1
4,1939-11-18,time unavailable,H,Detroit Red Wings,3,0,W,REG,3,0,1,W 2
5,1939-11-19,time unavailable,@,Detroit Red Wings,7,1,W,REG,4,0,1,W 3
6,1939-11-25,time unavailable,H,New York Americans,4,3,W,REG,5,0,1,W 4
7,1939-11-26,time unavailable,@,New York Americans,1,2,L,OT,5,1,1,L 1
8,1939-11-28,time unavailable,@,Boston Bruins,2,6,L,REG,5,2,1,L 2
9,1939-12-02,time unavailable,H,Chicago Black Hawks,3,3,T,OT,5,2,2,T 1
10,1939-12-03,time unavailable,@,Chicago Black Hawks,3,1,W,OT,6,2,2,W 1
11,1939-12-07,time unavailable,@,Montreal Canadiens,1,4,L,REG,6,3,2,L 1
12,1939-12-09,time unavailable,H,Montreal Canadiens,3,0,W,REG,7,3,2,W 1
13,1939-12-14,time unavailable,H,Boston Bruins,1,1,T,OT,7,3,3,T 1
14,1939-12-16,time unavailable,H,New York Americans,5,1,W,REG,8,3,3,W 1
15,1939-12-17,time unavailable,@,New York Americans,4,1,W,REG,9,3,3,W 2
16,1939-12-19,time unavailable,@,Boston Bruins,2,3,L,OT,9,4,3,L 1
17,1939-12-21,time unavailable,@,Chicago Black Hawks,1,3,L,REG,9,5,3,L 2
18,1939-12-23,time unavailable,H,Detroit Red Wings,5,1,W,REG,10,5,3,W 1
19,1939-12-25,time unavailable,@,New York Rangers,1,4,L,REG,10,6,3,L 1
20,1939-12-28,time unavailable,@,Montreal Canadiens,6,4,W,REG,11,6,3,W 1
21,1939-12-30,time unavailable,H,Chicago Black Hawks,4,2,W,REG,12,6,3,W 2
22,1939-12-31,time unavailable,@,Detroit Red Wings,3,2,W,REG,13,6,3,W 3
23,1940-01-04,time unavailable,@,Chicago Black Hawks,1,2,L,REG,13,7,3,L 1
24,1940-01-06,time unavailable,H,Montreal Canadiens,3,1,W,REG,14,7,3,W 1
25,1940-01-09,time unavailable,@,New York Americans,3,2,W,REG,15,7,3,W 2
26,1940-01-11,time unavailable,H,Boston Bruins,2,5,L,REG,15,8,3,L 1
27,1940-01-13,time unavailable,H,New York Rangers,1,4,L,REG,15,9,3,L 2
28,1940-01-18,time unavailable,H,Detroit Red Wings,2,2,T,OT,15,9,4,T 1
29,1940-01-20,time unavailable,H,New York Americans,5,1,W,REG,16,9,4,W 1
30,1940-01-21,time unavailable,@,Detroit Red Wings,2,3,L,REG,16,10,4,L 1
31,1940-01-23,time unavailable,@,Boston Bruins,1,4,L,REG,16,11,4,L 2
32,1940-01-25,time unavailable,@,New York Rangers,0,3,L,REG,16,12,4,L 3
33,1940-01-27,time unavailable,H,Montreal Canadiens,3,1,W,REG,17,12,4,W 1
34,1940-02-03,time unavailable,H,Chicago Black Hawks,2,3,L,REG,17,13,4,L 1
35,1940-02-08,time unavailable,@,New York Rangers,1,2,L,REG,17,14,4,L 2
36,1940-02-10,time unavailable,H,New York Rangers,4,4,T,OT,17,14,5,T 1
37,1940-02-17,time unavailable,H,Montreal Canadiens,3,1,W,REG,18,14,5,W 1
38,1940-02-18,time unavailable,@,Montreal Canadiens,2,1,W,REG,19,14,5,W 2
39,1940-02-20,time unavailable,@,Boston Bruins,0,5,L,REG,19,15,5,L 1
40,1940-02-22,time unavailable,@,Detroit Red Wings,2,1,W,REG,20,15,5,W 1
41,1940-02-24,time unavailable,H,Boston Bruins,3,1,W,REG,21,15,5,W 2
42,1940-02-29,time unavailable,H,Detroit Red Wings,3,1,W,REG,22,15,5,W 3
43,1940-03-02,time unavailable,H,New York Rangers,1,1,T,OT,22,15,6,T 1
44,1940-03-09,time unavailable,H,Chicago Black Hawks,5,2,W,REG,23,15,6,W 1
45,1940-03-10,time unavailable,@,Chicago Black Hawks,1,2,L,REG,23,16,6,L 1
46,1940-03-14,time unavailable,@,Montreal Canadiens,8,4,W,REG,24,16,6,W 1
47,1940-03-16,time unavailable,H,New York Americans,8,6,W,REG,25,16,6,W 2
48,1940-03-17,time unavailable,@,New York Americans,2,5,L,REG,25,17,6,L 1

GP,Date,Time,Location,Opponent,GF,GA,Result,Game Ended In,W,L,T,Streak,Notes
1,1940-03-19,time unavailable,H,Chicago Black Hawks,3,2,W,OT,1,0,0,W 1
2,1940-03-21,time unavailable,@,Chicago Black Hawks,2,1,W,REG,2,0,0,W 2
3,1940-03-26,time unavailable,H,Detroit Red Wings,2,1,W,REG,3,0,0,W 3
4,1940-03-28,time unavailable,@,Detroit Red Wings,3,1,W,REG,4,0,0,W 4
5,1940-04-02,time unavailable,@,New York Rangers,1,2,L,OT,4,1,0,L 1
6,1940-04-03,time unavailable,@,New York Rangers,2,6,L,REG,4,2,0,L 2
7,1940-04-06,time unavailable,H,New York Rangers,2,1,W,REG,5,2,0,W 1
8,1940-04-09,time unavailable,H,New York Rangers,3,0,W,REG,6,2,0,W 2
9,1940-04-11,time unavailable,H,New York Rangers,1,2,L,2OT,6,3,0,L 1
10,1940-04-13,time unavailable,H,New York Rangers,2,3,L,OT,6,4,0,L 2

Syl Apps,,n/a,C,25,6-0,185,L/-,3,"January 18, 1915",ca,"13 G, 17 A, 30 P"
Turk Broda,,n/a,G,25,5-9,180,-/L,3,"May 15, 1914",ca,"25-17-5, 2.23 GAA"
Murph Chamberlain,,n/a,LW,24,5-11,165,L/-,2,"February 14, 1915",ca,"5 G, 17 A, 22 P"
Lex Chisholm,,n/a,RW,24,5-11,175,R/-,R,"April 1, 1915",ca,"6 G, 8 A, 14 P"
Jack Church,,n/a,D,24,5-11,180,R/-,1,"May 24, 1915",ca,"1 G, 4 A, 5 P"
Bob Davidson,,n/a,C,27,5-11,185,L/-,5,"February 10, 1912",ca,"8 G, 18 A, 26 P"
Gordie Drillon,,n/a,RW,26,6-2,178,R/-,3,"October 23, 1913",ca,"21 G, 19 A, 40 P"
Hank Goldup,,n/a,LW,21,5-11,175,L/-,R,"October 29, 1918",ca,"6 G, 4 A, 10 P"
Reg Hamilton,,n/a,D,25,5-11,180,L/-,4,"April 29, 1914",ca,"2 G, 2 A, 4 P"
Red Heron,,n/a,LW,22,5-11,170,L/-,1,"December 31, 1917",ca,"11 G, 12 A, 23 P"
Red Horner,(C),n/a,D,30,6-0,190,R/-,11,"May 28, 1909",ca,"1 G, 9 A, 10 P"
Bingo Kampman,,n/a,D,25,5-10,187,R/-,2,"March 12, 1914",ca,"6 G, 9 A, 15 P"
Pep Kelly,,n/a,RW,26,5-7,152,R/-,5,"January 17, 1914",ca,"11 G, 9 A, 20 P"
Pete Langelle,,n/a,C,22,5-11,170,L/-,1,"November 4, 1917",ca,"7 G, 14 A, 21 P"
Gus Marker,,n/a,RW,32,5-9,162,R/-,7,"August 1, 1907",ca,"10 G, 9 A, 19 P"
Bucko McDonald,,n/a,D,25,5-10,205,L/-,5,"October 31, 1914",ca,"2 G, 5 A, 7 P"
Don Metz,,n/a,RW,24,5-10,165,R/-,R,"January 10, 1916",ca,"1 G, 1 A, 2 P"
Nick Metz,,n/a,LW,25,5-11,160,L/-,5,"February 16, 1914",ca,"6 G, 5 A, 11 P"
Sweeney Schriner,,n/a,LW,28,6-0,185,L/-,5,"November 30, 1911",ru,"11 G, 15 A, 26 P"
Wally Stanowski,,n/a,D,20,5-11,180,L/-,R,"April 28, 1919",ca,"2 G, 7 A, 9 P"
Phil Stein,,n/a,G,26,5-11,-/L,R,"September 13, 1913","0-0-1, 1.71 GAA",ca
Billy Taylor,,n/a,C,20,5-9,150,R/-,R,"May 3, 1919",ca,"4 G, 6 A, 10 P"
