Chicago Black Hawks,CBH,nhl
1929-30,1930
18
44
2
GP,Date,Time,Location,Opponent,GF,GA,Result,Game Ended In,W,L,T,Streak
1,1929-11-14,time unavailable,@,Toronto Maple Leafs,2,2,T,OT,0,0,1,T 1
2,1929-11-16,time unavailable,@,Montreal Canadiens,4,4,T,OT,0,0,2,T 2
3,1929-11-19,time unavailable,@,New York Americans,5,1,W,REG,1,0,2,W 1
4,1929-11-21,time unavailable,H,Ottawa Senators,5,6,L,OT,1,1,2,L 1
5,1929-11-24,time unavailable,H,Detroit Cougars,4,0,W,REG,2,1,2,W 1
6,1929-11-28,time unavailable,H,New York Rangers,2,3,L,REG,2,2,2,L 1
7,1929-12-01,time unavailable,H,Boston Bruins,3,1,W,REG,3,2,2,W 1
8,1929-12-05,time unavailable,@,Pittsburgh Pirates,5,2,W,REG,4,2,2,W 2
9,1929-12-08,time unavailable,H,New York Americans,4,2,W,REG,5,2,2,W 3
10,1929-12-12,time unavailable,H,Montreal Maroons,4,3,W,REG,6,2,2,W 4
11,1929-12-15,time unavailable,H,Pittsburgh Pirates,3,1,W,REG,7,2,2,W 5
12,1929-12-19,time unavailable,@,Detroit Cougars,3,4,L,REG,7,3,2,L 1
13,1929-12-21,time unavailable,@,Boston Bruins,1,4,L,REG,7,4,2,L 2
14,1929-12-22,time unavailable,@,New York Rangers,1,3,L,REG,7,5,2,L 3
15,1929-12-24,time unavailable,@,Ottawa Senators,3,1,W,REG,8,5,2,W 1
16,1929-12-26,time unavailable,@,Montreal Maroons,4,3,W,REG,9,5,2,W 2
17,1929-12-29,time unavailable,H,Toronto Maple Leafs,3,4,L,REG,9,6,2,L 1
18,1930-01-01,time unavailable,H,Montreal Canadiens,2,3,L,OT,9,7,2,L 2
19,1930-01-05,time unavailable,H,Detroit Cougars,0,4,L,REG,9,8,2,L 3
20,1930-01-09,time unavailable,@,Detroit Cougars,1,1,T,OT,9,8,3,T 1
21,1930-01-12,time unavailable,H,New York Rangers,2,1,W,REG,10,8,3,W 1
22,1930-01-14,time unavailable,H,Pittsburgh Pirates,6,2,W,REG,11,8,3,W 2
23,1930-01-16,time unavailable,H,Boston Bruins,2,1,W,REG,12,8,3,W 3
24,1930-01-19,time unavailable,@,New York Rangers,1,4,L,REG,12,9,3,L 1
25,1930-01-21,time unavailable,@,Boston Bruins,1,5,L,REG,12,10,3,L 2
26,1930-01-25,time unavailable,@,Pittsburgh Pirates,5,2,W,REG,13,10,3,W 1
27,1930-01-28,time unavailable,@,Ottawa Senators,2,1,W,REG,14,10,3,W 2
28,1930-01-30,time unavailable,@,Montreal Canadiens,0,1,L,OT,14,11,3,L 1
29,1930-02-01,time unavailable,@,Toronto Maple Leafs,0,6,L,REG,14,12,3,L 2
30,1930-02-02,time unavailable,@,Detroit Cougars,4,1,W,REG,15,12,3,W 1
31,1930-02-06,time unavailable,H,Montreal Maroons,3,2,W,REG,16,12,3,W 2
32,1930-02-16,time unavailable,H,Montreal Canadiens,1,2,L,OT,16,13,3,L 1
33,1930-02-18,time unavailable,H,New York Americans,4,6,L,OT,16,14,3,L 2
34,1930-02-20,time unavailable,H,Ottawa Senators,2,5,L,REG,16,15,3,L 3
35,1930-02-23,time unavailable,H,Detroit Cougars,1,2,L,REG,16,16,3,L 4
36,1930-02-25,time unavailable,@,Montreal Maroons,2,0,W,REG,17,16,3,W 1
37,1930-02-27,time unavailable,@,New York Rangers,1,1,T,OT,17,16,4,T 1
38,1930-03-02,time unavailable,H,Pittsburgh Pirates,3,0,W,REG,18,16,4,W 1
39,1930-03-04,time unavailable,H,New York Rangers,2,2,T,OT,18,16,5,T 1
40,1930-03-08,time unavailable,@,Pittsburgh Pirates,4,3,W,REG,19,16,5,W 1
41,1930-03-09,time unavailable,@,New York Americans,2,5,L,REG,19,17,5,L 1
42,1930-03-11,time unavailable,@,Boston Bruins,3,4,L,REG,19,18,5,L 2
43,1930-03-13,time unavailable,H,Boston Bruins,3,2,W,OT,20,18,5,W 1
44,1930-03-18,time unavailable,H,Toronto Maple Leafs,4,1,W,REG,21,18,5,W 2

GP,Date,Time,Location,Opponent,GF,GA,Result,Game Ended In,W,L,T,Streak
1,1930-03-23,time unavailable,H,Montreal Canadiens,0,1,L,REG,0,1,0,L 1
2,1930-03-26,time unavailable,@,Montreal Canadiens,2,2,T,3OT,0,1,1,T 1

Clarence Abel,,n/a,D,29,6-1,225,L/-,3,"May 28, 1900",us,"3 G, 3 A, 6 P"
Stew Adams,,n/a,LW,25,5-10,165,L/-,R,"October 16, 1904",ca,"4 G, 6 A, 10 P"
Ty Arbour,,n/a,LW,33,5-7,160,L/-,3,"June 29, 1896",ca,"10 G, 8 A, 18 P"
Helge Bostrom,,n/a,D,36,5-8,185,L/-,R,"January 9, 1894",ca,"0 G, 1 A, 1 P"
Bobby Burns,,n/a,LW,24,5-10,155,L/-,2,"April 4, 1905",ca,"1 G, 0 A, 1 P"
Tom Cook,,n/a,C,22,5-7,140,L/-,R,"May 7, 1907",ca,"14 G, 16 A, 30 P"
Rosie Couture,,n/a,RW,24,5-11,164,R/-,1,"July 24, 1905",ca,"8 G, 8 A, 16 P"
Duke Dukowski,(C),n/a,F/D,27,5-10,185,L/-,1,"August 30, 1902",ca,"7 G, 10 A, 17 P"
Charlie Gardiner,,n/a,G,25,176,-/R,2,"December 31, 1904","21-18-5, 2.42 GAA",gb
Johnny Gottselig,,n/a,LW,24,5-11,158,L/-,1,"June 24, 1905",ru,"21 G, 4 A, 25 P"
Ted Graham,,n/a,D,24,5-8,170,L/-,1,"January 30, 1906",ca,"1 G, 2 A, 3 P"
Frank Ingram,,n/a,RW,22,5-8,185,R/-,R,"September 17, 1907",ca,"6 G, 10 A, 16 P"
Mush March,,n/a,RW,21,5-5,154,R/-,1,"October 18, 1908",ca,"8 G, 7 A, 15 P"
Earl Miller,,n/a,LW,24,5-11,180,L/-,2,"September 12, 1905",ca,"11 G, 5 A, 16 P"
Vic Ripley,,n/a,C,23,5-8,170,L/-,1,"May 30, 1906",ca,"8 G, 8 A, 16 P"
Art Somers,,n/a,C,28,5-5,167,L/-,R,"January 19, 1902",ca,"11 G, 13 A, 24 P"
Ralph Taylor,,n/a,RW,24,5-9,180,R/-,2,"October 2, 1905",ca,"1 G, 0 A, 1 P"
Cy Wentworth,,n/a,D,25,5-10,170,R/-,2,"January 24, 1905",ca,"3 G, 4 A, 7 P"
