Detroit Cougars,DTC,nhl
1929-30,1930
17
44
0
GP,Date,Time,Location,Opponent,GF,GA,Result,Game Ended In,W,L,T,Streak
1,1929-11-14,time unavailable,H,Boston Bruins,2,5,L,REG,0,1,0,L 1
2,1929-11-17,time unavailable,@,New York Rangers,5,5,T,OT,0,1,1,T 1
3,1929-11-19,time unavailable,H,Ottawa Senators,4,6,L,REG,0,2,1,L 1
4,1929-11-24,time unavailable,@,Chicago Black Hawks,0,4,L,REG,0,3,1,L 2
5,1929-11-26,time unavailable,@,Ottawa Senators,3,4,L,OT,0,4,1,L 3
6,1929-11-28,time unavailable,@,Montreal Maroons,7,6,W,REG,1,4,1,W 1
7,1929-11-30,time unavailable,@,Toronto Maple Leafs,0,1,L,REG,1,5,1,L 1
8,1929-12-01,time unavailable,H,New York Rangers,4,3,W,REG,2,5,1,W 1
9,1929-12-05,time unavailable,H,New York Americans,3,2,W,REG,3,5,1,W 2
10,1929-12-07,time unavailable,@,Boston Bruins,1,2,L,REG,3,6,1,L 1
11,1929-12-10,time unavailable,@,Montreal Canadiens,3,5,L,OT,3,7,1,L 2
12,1929-12-15,time unavailable,H,Toronto Maple Leafs,5,3,W,REG,4,7,1,W 1
13,1929-12-19,time unavailable,H,Chicago Black Hawks,4,3,W,REG,5,7,1,W 2
14,1929-12-22,time unavailable,H,Pittsburgh Pirates,6,1,W,REG,6,7,1,W 3
15,1929-12-24,time unavailable,@,New York Americans,3,5,L,REG,6,8,1,L 1
16,1929-12-26,time unavailable,@,Pittsburgh Pirates,1,3,L,REG,6,9,1,L 2
17,1929-12-29,time unavailable,H,Montreal Maroons,2,6,L,REG,6,10,1,L 3
18,1930-01-02,time unavailable,H,Montreal Canadiens,4,0,W,REG,7,10,1,W 1
19,1930-01-05,time unavailable,@,Chicago Black Hawks,4,0,W,REG,8,10,1,W 2
20,1930-01-09,time unavailable,H,Chicago Black Hawks,1,1,T,OT,8,10,2,T 1
21,1930-01-12,time unavailable,H,Pittsburgh Pirates,3,2,W,REG,9,10,2,W 1
22,1930-01-14,time unavailable,@,New York Rangers,0,3,L,REG,9,11,2,L 1
23,1930-01-16,time unavailable,@,Montreal Canadiens,1,6,L,REG,9,12,2,L 2
24,1930-01-19,time unavailable,H,Boston Bruins,4,5,L,REG,9,13,2,L 3
25,1930-01-23,time unavailable,@,Montreal Maroons,2,2,T,OT,9,13,3,T 1
26,1930-01-25,time unavailable,@,Toronto Maple Leafs,2,1,W,REG,10,13,3,W 1
27,1930-01-26,time unavailable,H,New York Rangers,7,3,W,REG,11,13,3,W 2
28,1930-01-30,time unavailable,@,New York Americans,2,3,L,REG,11,14,3,L 1
29,1930-02-01,time unavailable,@,Pittsburgh Pirates,2,3,L,REG,11,15,3,L 2
30,1930-02-02,time unavailable,H,Chicago Black Hawks,1,4,L,REG,11,16,3,L 3
31,1930-02-04,time unavailable,@,Boston Bruins,1,3,L,REG,11,17,3,L 4
32,1930-02-06,time unavailable,@,New York Rangers,1,1,T,OT,11,17,4,T 1
33,1930-02-09,time unavailable,H,Pittsburgh Pirates,8,1,W,REG,12,17,4,W 1
34,1930-02-13,time unavailable,H,Montreal Maroons,3,6,L,REG,12,18,4,L 1
35,1930-02-16,time unavailable,H,Boston Bruins,2,4,L,REG,12,19,4,L 2
36,1930-02-18,time unavailable,H,Montreal Canadiens,0,2,L,REG,12,20,4,L 3
37,1930-02-23,time unavailable,@,Chicago Black Hawks,2,1,W,REG,13,20,4,W 1
38,1930-02-27,time unavailable,H,Ottawa Senators,3,3,T,OT,13,20,5,T 1
39,1930-03-02,time unavailable,H,New York Rangers,2,2,T,OT,13,20,6,T 2
40,1930-03-06,time unavailable,H,New York Americans,0,1,L,REG,13,21,6,L 1
41,1930-03-08,time unavailable,@,Ottawa Senators,2,3,L,REG,13,22,6,L 2
42,1930-03-09,time unavailable,H,Toronto Maple Leafs,1,2,L,REG,13,23,6,L 3
43,1930-03-15,time unavailable,@,Boston Bruins,2,5,L,REG,13,24,6,L 4
44,1930-03-18,time unavailable,@,Pittsburgh Pirates,4,2,W,REG,14,24,6,W 1

Time,Location,Result,Game Ended In

Larry Aurie,,n/a,RW,24,5-6,148,R/-,2,"February 8, 1905",ca,"14 G, 5 A, 19 P"
Pete Bellefeuille,,n/a,RW,28,5-10,180,R/-,3,"October 19, 1901",ca,"5 G, 2 A, 7 P"
Bill Beveridge,,n/a,G,20,5-8,170,-/L,R,"July 1, 1909",ca,"14-20-5, 2.71 GAA"
Bernie Brophy,,n/a,LW,24,5-8,165,L/-,2,"August 9, 1905",ca,"2 G, 0 A, 2 P"
Bob Connors,,n/a,LW,25,5-9,165,L/-,2,"October 19, 1904",gb,"3 G, 7 A, 10 P"
Carson Cooper,,n/a,RW,30,5-7,160,R/-,5,"July 17, 1899",ca,"18 G, 18 A, 36 P"
Dolly Dolson,,n/a,G,32,5-7,160,-/L,1,"May 23, 1897",ca,"0-4-1, 4.50 GAA"
Ebbie Goodfellow,,n/a,C/D,22,6-0,175,L/-,R,"April 9, 1907",ca,"17 G, 17 A, 34 P"
George Hay,,n/a,LW,32,5-10,155,L/-,3,"January 10, 1898",ca,"18 G, 15 A, 33 P"
Jimmy Herbert,,n/a,C,32,5-10,185,R/-,5,"October 31, 1897",ca,"1 G, 3 A, 4 P"
Henry Hicks,,n/a,D,29,5-7,170,L/-,1,"December 10, 1900",ca,"3 G, 2 A, 5 P"
James Hughes,,n/a,D,23,5-9,190,R/-,R,"May 12, 1906",ca,"0 G, 1 A, 1 P"
Herbie Lewis,,n/a,LW,23,5-9,163,L/-,1,"April 17, 1906",ca,"20 G, 11 A, 31 P"
Joe Matte,,n/a,D,20,5-11,178,R/-,R,"March 15, 1909",ca,"0 G, 1 A, 1 P"
Stan McCabe,,n/a,W,21,5-6,165,L/-,R,"June 16, 1908",ca,"7 G, 3 A, 10 P"
Reg Noble,(C),n/a,LW/D,33,5-8,180,L/-,12,"June 23, 1896",ca,"6 G, 4 A, 10 P"
Harvey Rockburn,,n/a,D,21,5-10,180,L/-,R,"August 20, 1908",ca,"4 G, 0 A, 4 P"
