INFO:
teamName,One Hit Wonders
teamAbbreviation,One Hit Wonders
sportId,n/a
sportName,n/a
sportRules,n/a
leagueId,watMu
levelId,n/a
seasonName,n/a
seasonId,n/a
Roster Size,14
Season Games Played,6
Playoff Round Lengths,1
END_INFO

SEASON:
Date/Time,Location,Opposing Team,Score,S.O.C.
Sun May 26 @ 1:00 pm,Columbia Icefield: Field 2,Hot Routes,won 28 - 21,1
Wed May 29 @ 6:00 pm,Columbia Icefield: Warrior Field,Los Polos Hermanos,lost 7 - 42,3
Wed Jun 5 @ 8:00 pm,Columbia Icefield: Warrior Field,Greendale Seven,tie 21 - 21,1
Sun Jun 16 @ 11:30 am,Columbia Icefield: Warrior Field,Human Beings,lost 0 - 14,0
Wed Jun 19 @ 8:00 pm,Columbia Icefield: Warrior Field,Get Off My Lawn,lost 28 - 42,2
Wed Jul 3 @ 7:00 pm,Columbia Icefield: Warrior Field,Los Polos Hermanos,lost 0 - 14,0
END_SEASON

PLAYOFFS:
Date/Time,Location,Opposing Team,Score,S.O.C.
Wed Jul 10 @ 8:00 pm,Columbia Icefield: Warrior Field,Double D’s,lost 42 - 49,2
END_PLAYOFFS

ROSTER:
Player,Captaincy,uwaterloo_email
Michael Blake,(C),mablake@uwaterloo.ca
Ansis Brammanis,,
Nathaniel Buckley,,
Giselle de Sousa,,
Kathleen Dionne,,
Shannon Fernandes,,
Pabek Gany,,
Laura Giesbrecht,,
Aman Gogna,,
Bojan Joncevski,,
Mudit Kalia,,
Kim Nguyen,,
Yazeed Sinan,,
Tajwer Syed,,
END_ROSTER
