INFO:
teamName,Double D’s
teamAbbreviation,Double D’s
sportId,n/a
sportName,n/a
sportRules,n/a
leagueId,watMu
levelId,n/a
seasonName,n/a
seasonId,n/a
Roster Size,14
Season Games Played,6
Playoff Round Lengths,1,1,1
END_INFO

SEASON:
Date/Time,Location,Opposing Team,Score,S.O.C.
Wed May 22 @ 4:00 pm,Columbia Icefield: Warrior Field,Los Polos Hermanos,lost 7 - 42,1
Sun Jun 2 @ 1:00 pm,Columbia Icefield: Field 2,Human Beings,won 14 - 0,avg.
Sun Jun 9 @ 11:30 am,Columbia Icefield: Warrior Field,Nanotech,lost 0 - 35,2
Wed Jun 12 @ 6:00 pm,Columbia Icefield: Warrior Field,Dirty Punts,lost 14 - 42,2
Wed Jun 26 @ 5:00 pm,Columbia Icefield: Warrior Field,Greendale Seven,lost 35 - 21,3
Wed Jul 3 @ 6:00 pm,Columbia Icefield: Warrior Field,Krakens,lost 28 - 56,3
END_SEASON

PLAYOFFS:
Date/Time,Location,Opposing Team,Score,S.O.C.
Wed Jul 10 @ 8:00 pm,Columbia Icefield: Warrior Field,One Hit Wonders,won 42 - 49,2
Sun Jul 21 @ 10:30 am,Columbia Icefield: Warrior Field,Nanotech,won 0 - 14,0
Wed Jul 24 @ 6:00 pm,Columbia Icefield: Warrior Field,Los Polos Hermanos,lost 56 - 28,2
END_PLAYOFFS

ROSTER:
Player,Captaincy,uwaterloo_email
Kyle Brunskill,(C),kmbrunskill10@hotmail.com
Nok Cheung,,
Ben Gao,,
Andrew Greenberg,,
Timothee Haggstrom,,
Justin Hurst,,
Mladen Kliska,,
Scott Macneil,,
Maxwell McKerlie,,
Michelle Morton,,
Siobhan Pereira,,
Rajvir Reehal,,
Lawrence Williams,,
Sida Zhu,,
END_ROSTER
