INFO:
teamName,Dirty Punts
teamAbbreviation,Dirty Punts
sportId,n/a
sportName,n/a
sportRules,n/a
leagueId,watMu
levelId,n/a
seasonName,n/a
seasonId,n/a
Roster Size,15
Season Games Played,6
Playoff Round Lengths,1,1
END_INFO

SEASON:
Date/Time,Location,Opposing Team,Score,S.O.C.
Wed May 29 @ 7:00 pm,Columbia Icefield: Warrior Field,Get Off My Lawn,lost 7 - 42,3
Wed Jun 5 @ 6:00 pm,Columbia Icefield: Warrior Field,Krakens,won 28 - 35,3
Wed Jun 12 @ 6:00 pm,Columbia Icefield: Warrior Field,Double D’s,won 14 - 42,2
Wed Jun 19 @ 6:00 pm,Columbia Icefield: Warrior Field,Greendale Seven,won 14 - 0,avg.
Wed Jun 19 @ 7:00 pm,Columbia Icefield: Warrior Field,Los Polos Hermanos,won 49 - 56,1
Sun Jun 23 @ 1:00 pm,Columbia Icefield: Field 2,Get Off My Lawn,tie 35 - 35,2
END_SEASON

PLAYOFFS:
Date/Time,Location,Opposing Team,Score,S.O.C.
Wed Jul 17 @ 8:00 pm,Columbia Icefield: Warrior Field,Human Beings,won 49 - 21,2
Wed Jul 24 @ 7:00 pm,Columbia Icefield: Warrior Field,Get Off My Lawn,lost 21 - 42,2
END_PLAYOFFS

ROSTER:
Player,Captaincy,uwaterloo_email
Lauren Elliott,(C),anti_flutz@hotmail.com
Scott Campbell,,
David Clark,,
Daniel Dalton,,
Laura Dunn,,
Julian Ellis,,
Carly Fitzsimmons,,
Margaret Gareau,,
Siraj Khan,,
Angie Le,,
Carmen Loucks,,
Nicholas Malian,,
Peter Rempel,,
Andrew Wagner,,
Marc Wilson,,
END_ROSTER
