INFO:
teamName,Krakens
teamAbbreviation,Krakens
sportId,n/a
sportName,n/a
sportRules,n/a
leagueId,watMu
levelId,n/a
seasonName,n/a
seasonId,n/a
Roster Size,16
Season Games Played,6
Playoff Round Lengths,1
END_INFO

SEASON:
Date/Time,Location,Opposing Team,Score,S.O.C.
Sun May 26 @ 3:00 pm,Columbia Icefield: Field 2,Human Beings,lost 28 - 42,2
Sun Jun 2 @ 11:30 am,Columbia Icefield: Warrior Field,Nanotech,lost 0 - 35,2
Wed Jun 5 @ 6:00 pm,Columbia Icefield: Warrior Field,Dirty Punts,lost 28 - 35,3
Wed Jun 12 @ 7:00 pm,Columbia Icefield: Warrior Field,Greendale Seven,won 21 - 35,2
Sun Jun 16 @ 10:30 am,Columbia Icefield: Warrior Field,Hot Routes,lost 35 - 21,2
Wed Jul 3 @ 6:00 pm,Columbia Icefield: Warrior Field,Double D’s,won 28 - 56,3
END_SEASON

PLAYOFFS:
Date/Time,Location,Opposing Team,Score,S.O.C.
Wed Jul 17 @ 7:00 pm,Columbia Icefield: Warrior Field,Los Polos Hermanos,lost 35 - 21,2
END_PLAYOFFS

ROSTER:
Player,Captaincy,uwaterloo_email
Chaitanya Govande,(C),chintu92@gmail.com
Mohannad Alali,,
Firman Bancroft,,
Tirath Dave,,
Arvind Dhinakar,,
Daivik Doshi,,
Ahmed Husain,,
Nikhil Jadhav,,
Ayush Kapur,,
Akram Kassay,,
Arush Kuthiala,,
Deep Shah,,
Chinmaya Sindgikar,,
Sivakumaran Sivanathan,,
Arun Tekkulru Srinivasa,,
Fahad Waseem,,
END_ROSTER
