INFO:
teamName,Nanotech
teamAbbreviation,Nanotech
sportId,n/a
sportName,n/a
sportRules,n/a
leagueId,watMu
levelId,n/a
seasonName,n/a
seasonId,n/a
Roster Size,15
Season Games Played,6
Playoff Round Lengths,1
END_INFO

SEASON:
Date/Time,Location,Opposing Team,Score,S.O.C.
Sun May 26 @ 2:00 pm,Columbia Icefield: Field 2,Human Beings,won 35 - 0,1
Sun Jun 2 @ 10:30 am,Columbia Icefield: Warrior Field,Hot Routes,won 14 - 42,2
Sun Jun 2 @ 11:30 am,Columbia Icefield: Warrior Field,Krakens,won 0 - 35,2
Sun Jun 9 @ 11:30 am,Columbia Icefield: Warrior Field,Double D’s,won 0 - 35,2
Sun Jun 16 @ 1:00 pm,Columbia Icefield: Field 2,Human Beings,won 56 - 21,2
Sun Jun 23 @ 10:30 am,Columbia Icefield: Warrior Field,Hot Routes,won 0 - 14,avg.
END_SEASON

PLAYOFFS:
Date/Time,Location,Opposing Team,Score,S.O.C.
Sun Jul 21 @ 10:30 am,Columbia Icefield: Warrior Field,Double D’s,lost 0 - 14,-2
END_PLAYOFFS

ROSTER:
Player,Captaincy,uwaterloo_email
Adam Koberinski,(C),atkoberi@uwaterloo.ca
Nicholas Anapolsky,,
Brian Chris,,
Bo Deng,,
Ahmed Eltom,,
Namit Khullar,,
Kevin Logan,,
Parth Patel,,
Mitchell Patterson,,
Brandon Potter,,
Benjamin Pries,,
Charles Reid,,
Cameron Richardson,,
Asad Sajjad,,
Rajeev Sarvaria,,
END_ROSTER
