INFO:
teamName,Get Off My Lawn
teamAbbreviation,Get Off My Lawn
sportId,n/a
sportName,n/a
sportRules,n/a
leagueId,watMu
levelId,n/a
seasonName,n/a
seasonId,n/a
Roster Size,12
Season Games Played,6
Playoff Round Lengths,1,1,1
END_INFO

SEASON:
Date/Time,Location,Opposing Team,Score,S.O.C.
Wed May 22 @ 5:00 pm,Columbia Icefield: Warrior Field,Greendale Seven,won 0 - 35,1
Wed May 29 @ 7:00 pm,Columbia Icefield: Warrior Field,Dirty Punts,won 7 - 42,3
Wed Jun 5 @ 7:00 pm,Columbia Icefield: Warrior Field,Los Polos Hermanos,won 28 - 35,2
Wed Jun 19 @ 8:00 pm,Columbia Icefield: Warrior Field,One Hit Wonders,won 28 - 42,2
Sun Jun 23 @ 11:30 am,Columbia Icefield: Warrior Field,Hot Routes,won 21 - 42,2
Sun Jun 23 @ 1:00 pm,Columbia Icefield: Field 2,Dirty Punts,tie 35 - 35,2
END_SEASON

PLAYOFFS:
Date/Time,Location,Opposing Team,Score,S.O.C.
Sun Jul 21 @ 11:30 am,Columbia Icefield: Warrior Field,Hot Routes,won 28 - 42,2
Wed Jul 24 @ 7:00 pm,Columbia Icefield: Warrior Field,Dirty Punts,won 21 - 42,2
Wed Jul 24 @ 8:00 pm,Columbia Icefield: Warrior Field,Los Polos Hermanos,won 56 - 21,1
END_PLAYOFFS

ROSTER:
Player,Captaincy,uwaterloo_email
Joel Leon,(C),jfleon@uwaterloo.ca
Brandon Berlingieri,,
Benjamin Hanley,,
Kacie Leblanc,,
Peter Loudfoot,,
Mackenzie Merritt,,
Hansel Paico-Avilez,,
Stephen Phillips,,
Hayden Siple,,
Sean Watman,,
Kevin Wong,,
Adriano Zaffino,,
END_ROSTER
