INFO:
teamName,Human Beings
teamAbbreviation,Human Beings
sportId,n/a
sportName,n/a
sportRules,n/a
leagueId,watMu
levelId,n/a
seasonName,n/a
seasonId,n/a
Roster Size,9
Season Games Played,6
Playoff Round Lengths,1
END_INFO

SEASON:
Date/Time,Location,Opposing Team,Score,S.O.C.
Sun May 26 @ 2:00 pm,Columbia Icefield: Field 2,Nanotech,lost 35 - 0,2
Sun May 26 @ 3:00 pm,Columbia Icefield: Field 2,Krakens,won 28 - 42,2
Sun Jun 2 @ 1:00 pm,Columbia Icefield: Field 2,Double D’s,lost 14 - 0,0
Sun Jun 9 @ 10:30 am,Columbia Icefield: Warrior Field,Hot Routes,lost 35 - 0,3
Sun Jun 16 @ 11:30 am,Columbia Icefield: Warrior Field,One Hit Wonders,won 0 - 14,avg.
Sun Jun 16 @ 1:00 pm,Columbia Icefield: Field 2,Nanotech,lost 56 - 21,2
END_SEASON

PLAYOFFS:
Date/Time,Location,Opposing Team,Score,S.O.C.
Wed Jul 17 @ 8:00 pm,Columbia Icefield: Warrior Field,Dirty Punts,lost 49 - 21,2
END_PLAYOFFS

ROSTER:
Player,Captaincy,uwaterloo_email
Stuart McColl,(C),smccoll@uwaterloo.ca
Jesse Hayes,,
Samuel Heavenrich,,
Braden Hurl,,
Joel Klassen,,
Jonathan Lum,,
Nicholas O’Hara,,
Ronauq Sabharwal,,
Jacob Waters,,
END_ROSTER
