INFO:
teamName,Greendale Seven
teamAbbreviation,Greendale Seven
sportId,n/a
sportName,n/a
sportRules,n/a
leagueId,watMu
levelId,n/a
seasonName,n/a
seasonId,n/a
Roster Size,13
Season Games Played,6
Playoff Round Lengths,1
END_INFO

SEASON:
Date/Time,Location,Opposing Team,Score,S.O.C.
Wed May 22 @ 5:00 pm,Columbia Icefield: Warrior Field,Get Off My Lawn,lost 0 - 35,1
Wed Jun 5 @ 8:00 pm,Columbia Icefield: Warrior Field,One Hit Wonders,tie 21 - 21,1
Wed Jun 12 @ 5:00 pm,Columbia Icefield: Warrior Field,Los Polos Hermanos,lost 42 - 21,2
Wed Jun 12 @ 7:00 pm,Columbia Icefield: Warrior Field,Krakens,lost 21 - 35,2
Wed Jun 19 @ 6:00 pm,Columbia Icefield: Warrior Field,Dirty Punts,lost 14 - 0,0
Wed Jun 26 @ 5:00 pm,Columbia Icefield: Warrior Field,Double D’s,won 35 - 21,3
END_SEASON

PLAYOFFS:
Date/Time,Location,Opposing Team,Score,S.O.C.
Wed Jul 10 @ 7:00 pm,Columbia Icefield: Warrior Field,Hot Routes,lost 35 - 21,2
END_PLAYOFFS

ROSTER:
Player,Captaincy,uwaterloo_email
William Wong,(C),w36wong@uwaterloo.ca
Zackary Bernholtz,,
Sunil Bhatta,,
Michael Halpern,,
William Ho,,
Riyad Karacic,,
Bo Li,,
Adam Loo,,
Lauren Nelson,,
Soman Panigrahi,,
Zachary Prince,,
Rebecca Thompson,,
Edmund Wong,,
END_ROSTER
