INFO:
teamName,Los Polos Hermanos
teamAbbreviation,Los Polos Hermanos
sportId,n/a
sportName,n/a
sportRules,n/a
leagueId,watMu
levelId,n/a
seasonName,n/a
seasonId,n/a
Roster Size,10
Season Games Played,6
Playoff Round Lengths,1,1,1
END_INFO

SEASON:
Date/Time,Location,Opposing Team,Score,S.O.C.
Wed May 22 @ 4:00 pm,Columbia Icefield: Warrior Field,Double D’s,won 7 - 42,1
Wed May 29 @ 6:00 pm,Columbia Icefield: Warrior Field,One Hit Wonders,won 7 - 42,3
Wed Jun 5 @ 7:00 pm,Columbia Icefield: Warrior Field,Get Off My Lawn,lost 28 - 35,2
Wed Jun 12 @ 5:00 pm,Columbia Icefield: Warrior Field,Greendale Seven,won 42 - 21,2
Wed Jun 19 @ 7:00 pm,Columbia Icefield: Warrior Field,Dirty Punts,lost 49 - 56,2
Wed Jul 3 @ 7:00 pm,Columbia Icefield: Warrior Field,One Hit Wonders,won 0 - 14,avg.
END_SEASON

PLAYOFFS:
Date/Time,Location,Opposing Team,Score,S.O.C.
Wed Jul 17 @ 7:00 pm,Columbia Icefield: Warrior Field,Krakens,won 35 - 21,2
Wed Jul 24 @ 6:00 pm,Columbia Icefield: Warrior Field,Double D’s,won 56 - 28,2
Wed Jul 24 @ 8:00 pm,Columbia Icefield: Warrior Field,Get Off My Lawn,lost 56 - 21,1
END_PLAYOFFS

ROSTER:
Player,Captaincy,uwaterloo_email
Daniel Schissler,(C),dmschiss@uwaterloo.ca
Brandon Caron,,
Daniel Ciliman,,
Gavin Friend,,
John Manore,,
Isaac Nielsen,,
Dexter Shepherd,,
Brandon Szalony,,
Duncan Webster,,
Connor Zaina,,
END_ROSTER
