INFO:
teamName,Hot Routes
teamAbbreviation,Hot Routes
sportId,n/a
sportName,n/a
sportRules,n/a
leagueId,watMu
levelId,n/a
seasonName,n/a
seasonId,n/a
Roster Size,13
Season Games Played,6
Playoff Round Lengths,1,1
END_INFO

SEASON:
Date/Time,Location,Opposing Team,Score,S.O.C.
Sun May 26 @ 1:00 pm,Columbia Icefield: Field 2,One Hit Wonders,lost 28 - 21,0
Sun Jun 2 @ 10:30 am,Columbia Icefield: Warrior Field,Nanotech,lost 14 - 42,2
Sun Jun 9 @ 10:30 am,Columbia Icefield: Warrior Field,Human Beings,won 35 - 0,3
Sun Jun 16 @ 10:30 am,Columbia Icefield: Warrior Field,Krakens,won 35 - 21,2
Sun Jun 23 @ 10:30 am,Columbia Icefield: Warrior Field,Nanotech,lost 0 - 14,0
Sun Jun 23 @ 11:30 am,Columbia Icefield: Warrior Field,Get Off My Lawn,lost 21 - 42,2
END_SEASON

PLAYOFFS:
Date/Time,Location,Opposing Team,Score,S.O.C.
Wed Jul 10 @ 7:00 pm,Columbia Icefield: Warrior Field,Greendale Seven,won 35 - 21,2
Sun Jul 21 @ 11:30 am,Columbia Icefield: Warrior Field,Get Off My Lawn,lost 28 - 42,2
END_PLAYOFFS

ROSTER:
Player,Captaincy,uwaterloo_email
Matthew Michael,(C),mbmichae@uwaterloo.ca
Michael Conroy,,
Riyad Khamis,,
Angad Koacher,,
Kyle Kraft,,
Derek Newcombe,,
Zane Robertson,,
Derek Sargent,,
Sara Scanlon,,
Geoffrey Smeeth,,
Zachary Thompson,,
Drew Woods,,
Eric Zillinger,,
END_ROSTER
