INFO:
teamName,Tron 17
teamAbbreviation,Tron 17
sportId,n/a
sportName,n/a
sportRules,n/a
leagueId,watMu
levelId,n/a
seasonName,n/a
seasonId,n/a
Roster Size,16
Season Games Played,6
Playoff Round Lengths,1,1
END_INFO

SEASON:
Date/Time,Location,Opposing Team,Score,S.O.C.
Wed May 20 @ 5:30 pm,Columbia Icefield: Field 5,Replacements,lost 28 - 21,4
Wed May 27 @ 5:30 pm,Columbia Icefield: Field 5,Touch My TD’s,lost 42 - 35,3
Wed Jun 3 @ 6:30 pm,Columbia Icefield: Field 5,Beta-Blockers,won 7 - 42,3
Wed Jun 10 @ 5:30 pm,Columbia Icefield: Field 5,Replacements,lost 49 - 14,3
Wed Jun 24 @ 4:30 pm,Columbia Icefield: Field 5,Touch My TD’s,won 28 - 35,-2
Fri Jun 26 @ 6:00 pm,Columbia Icefield: Warrior Field,Beta-Blockers,won 42 - 49,3
END_SEASON

PLAYOFFS:
Date/Time,Location,Opposing Team,Score,S.O.C.
Wed Jul 8 @ 5:30 pm,Columbia Icefield: Field 5,Beta-Blockers,won 35 - 21,2
Wed Jul 15 @ 6:30 pm,Columbia Icefield: Field 5,Replacements,lost 42 - 35,2
END_PLAYOFFS

ROSTER:
Player,Captaincy,uwaterloo_email
Sherry Cao,(C),S24CAO@uwaterloo.ca
Chun Hin Andy Au,,
Yu Chen,,
Craig D’Souza,,
Crislita Harsono,,
Rajan Joshi,,
Andrei Lee,,
Dongjae Lee,,
Mihai Listov,,
Vinay Padma,,
Mitchell Roy,,
Hamrit Sidhu,,
Hamid Tahir,,
Lucas Wilkinson,,
Jack Ye,,
Samuel Yuen,,
END_ROSTER
