INFO:
teamName,Replacements
teamAbbreviation,Replacements
sportId,n/a
sportName,n/a
sportRules,n/a
leagueId,watMu
levelId,n/a
seasonName,n/a
seasonId,n/a
Roster Size,15
Season Games Played,6
Playoff Round Lengths,1,1
END_INFO

SEASON:
Date/Time,Location,Opposing Team,Score,S.O.C.
Wed May 20 @ 5:30 pm,Columbia Icefield: Field 5,Tron 17,won 28 - 21,3
Wed May 27 @ 4:30 pm,Columbia Icefield: Field 5,Beta-Blockers,won 14 - 35,3
Wed Jun 3 @ 7:30 pm,Columbia Icefield: Field 5,Touch My TD’s,won 35 - 21,3
Wed Jun 10 @ 5:30 pm,Columbia Icefield: Field 5,Tron 17,won 49 - 14,3
Fri Jun 19 @ 4:00 pm,Columbia Icefield: Warrior Field,Beta-Blockers,lost 35 - 7,2
Wed Jun 24 @ 5:30 pm,Columbia Icefield: Field 5,Touch My TD’s,won 7 - 42,3
END_SEASON

PLAYOFFS:
Date/Time,Location,Opposing Team,Score,S.O.C.
Wed Jul 8 @ 4:30 pm,Columbia Icefield: Field 5,Touch My TD’s,won 49 - 21,3
Wed Jul 15 @ 6:30 pm,Columbia Icefield: Field 5,Tron 17,won 42 - 35,2
END_PLAYOFFS

ROSTER:
Player,Captaincy,uwaterloo_email
Jeffrey Wammes,(C),JWAMMES@uwaterloo.ca
Timothy Dunn,,
Chester Eickmeier,,
Noah Forrin,,
Michael Klein,,
Jeremy Marty-Dugas,,
Melissa Meade,,
Shaylene Nancekivell,,
Gordon Pennycook,,
Madison Pesowski,,
Jordan Rozario,,
Damian Sycz,,
Drew Weatherhead,,
Darcy White,,
Matthew Wilmot,,
END_ROSTER
