INFO:
teamName,Beta-Blockers
teamAbbreviation,Beta-Blockers
sportId,n/a
sportName,n/a
sportRules,n/a
leagueId,watMu
levelId,n/a
seasonName,n/a
seasonId,n/a
Roster Size,13
Season Games Played,6
Playoff Round Lengths,1
END_INFO

SEASON:
Date/Time,Location,Opposing Team,Score,S.O.C.
Wed May 20 @ 4:30 pm,Columbia Icefield: Field 5,Touch My TD’s,won 42 - 35,3
Wed May 27 @ 4:30 pm,Columbia Icefield: Field 5,Replacements,lost 14 - 35,3
Wed Jun 3 @ 6:30 pm,Columbia Icefield: Field 5,Tron 17,lost 7 - 42,3
Wed Jun 10 @ 4:30 pm,Columbia Icefield: Field 5,Touch My TD’s,lost 14 - 28,3
Fri Jun 19 @ 4:00 pm,Columbia Icefield: Warrior Field,Replacements,won 35 - 7,-1
Fri Jun 26 @ 6:00 pm,Columbia Icefield: Warrior Field,Tron 17,lost 42 - 49,3
END_SEASON

PLAYOFFS:
Date/Time,Location,Opposing Team,Score,S.O.C.
Wed Jul 8 @ 5:30 pm,Columbia Icefield: Field 5,Tron 17,lost 35 - 21,2
END_PLAYOFFS

ROSTER:
Player,Captaincy,uwaterloo_email
Joseph Neureuther,(C),jneureut@uwaterloo.ca
Akriti Agrawal,,
Thomas Hanlon,,
Maheen Humayun,,
Nathan Ing,,
Corey Lefebvre,,
Cassandra McLelland,,
Jamie Orlando,,
Selena Pasion,,
Kristen Stypa,,
Stephanie Tran,,
Serena Uppal,,
Colby Weichel,,
END_ROSTER
