INFO:
teamName,Touch My TD’s
teamAbbreviation,Touch My TD’s
sportId,n/a
sportName,n/a
sportRules,n/a
leagueId,watMu
levelId,n/a
seasonName,n/a
seasonId,n/a
Roster Size,17
Season Games Played,6
Playoff Round Lengths,1
END_INFO

SEASON:
Date/Time,Location,Opposing Team,Score,S.O.C.
Wed May 20 @ 4:30 pm,Columbia Icefield: Field 5,Beta-Blockers,lost 42 - 35,3
Wed May 27 @ 5:30 pm,Columbia Icefield: Field 5,Tron 17,won 42 - 35,2
Wed Jun 3 @ 7:30 pm,Columbia Icefield: Field 5,Replacements,lost 35 - 21,3
Wed Jun 10 @ 4:30 pm,Columbia Icefield: Field 5,Beta-Blockers,won 14 - 28,2
Wed Jun 24 @ 4:30 pm,Columbia Icefield: Field 5,Tron 17,lost 28 - 35,0
Wed Jun 24 @ 5:30 pm,Columbia Icefield: Field 5,Replacements,lost 7 - 42,3
END_SEASON

PLAYOFFS:
Date/Time,Location,Opposing Team,Score,S.O.C.
Wed Jul 8 @ 4:30 pm,Columbia Icefield: Field 5,Replacements,lost 49 - 21,3
END_PLAYOFFS

ROSTER:
Player,Captaincy,uwaterloo_email
Saudia Rahamat,(C),s_rahamat92@hotmail.com
Raymond Acebo,,
Jordan Berry,,
Russell Borja,,
Yoon Cho,,
Immanuel Cruz,,
John Friesen,,
John Friesen,,
Aser Gebreselassie,,
Augustine Kong,,
Logan Lewis,,
Keene Libao,,
Frances Salaveria,,
Nicole Van Den Hoogen,,
Roy Wen,,
Eric Yelle,,
Janeille Zagala,,
END_ROSTER
