INFO:
teamName,Swiss Cheese
teamAbbreviation,Swiss Cheese
sportId,n/a
sportName,n/a
sportRules,n/a
leagueId,watMu
levelId,n/a
seasonName,n/a
seasonId,n/a
Roster Size,17
Season Games Played,6
Playoff Round Lengths,1,1
END_INFO

SEASON:
Date/Time,Location,Opposing Team,Score,S.O.C.
Fri May 28 @ 6:00 pm,Columbia Icefield: Gym 1,Dodge Caravans,won 2 - 7,2
Sun May 30 @ 1:30 pm,Columbia Icefield: Gym 1,Phloc it,won 5 - 4,4
Sun May 30 @ 4:30 pm,Columbia Icefield: Gym 1,LCDSB,lost 4 - 5,4
Sun Jun 6 @ 4:30 pm,Columbia Icefield: Gym 1,Team of Champions Pt 2,won 3 - 5,4
Fri Jun 11 @ 6:00 pm,Columbia Icefield: Gym 1,Phloc it,won 5 - 3,4
Sun Jun 13 @ 1:30 pm,Columbia Icefield: Gym 1,LCDSB,lost 6 - 2,0
END_SEASON

PLAYOFFS:
Date/Time,Location,Opposing Team,Score,S.O.C.
Wed Jul 14 @ 6:00 pm,Columbia Icefield: Gym 1,LCDSB,won 5 - 1,1
Fri Jul 16 @ 6:00 pm,Columbia Icefield: Gym 1,Dodge Caravans,lost 5 - 0,2
END_PLAYOFFS

ROSTER:
Player,Captaincy,uwaterloo_email
Pierce Hua,(C),phua@uwaterloo.ca
Sara Al-Tahan,,
Sherman Chiu,,
Daniel Dalton,,
Nishi Gupta,,
John Hass,,
Derek Kwong,,
Samantha Lee,,
Carmen Loucks,,
Nelson Lung,,
Crystal Ng,,
Annick Nguyen,,
Peter Rempel,,
Heidi Stanisic,,
Andrew Wagner,,
Marc Wilson,,
Linda Zhao,,
END_ROSTER
