INFO:
teamName,Phloc it
teamAbbreviation,Phloc it
sportId,n/a
sportName,n/a
sportRules,n/a
leagueId,watMu
levelId,n/a
seasonName,n/a
seasonId,n/a
Roster Size,18
Season Games Played,6
Playoff Round Lengths,1
END_INFO

SEASON:
Date/Time,Location,Opposing Team,Score,S.O.C.
Sun May 30 @ 1:30 pm,Columbia Icefield: Gym 1,Swiss Cheese,lost 5 - 4,4
Sun Jun 6 @ 1:30 pm,Columbia Icefield: Gym 1,LCDSB,lost 6 - 3,4
Fri Jun 11 @ 6:00 pm,Columbia Icefield: Gym 1,Swiss Cheese,lost 5 - 3,4
Sun Jun 20 @ 4:30 pm,Columbia Icefield: Gym 1,Team of Champions Pt 2,won 5 - 0,avg.
Fri Jun 25 @ 6:00 pm,Columbia Icefield: Gym 1,Dodge Caravans,lost 6 - 3,4
Sun Jun 27 @ 1:30 pm,Columbia Icefield: Gym 1,LCDSB,won 4 - 5,4
END_SEASON

PLAYOFFS:
Date/Time,Location,Opposing Team,Score,S.O.C.
Wed Jul 7 @ 6:00 pm,Columbia Icefield: Gym 1,Team of Champions Pt 2,lost 1 - 5,2
END_PLAYOFFS

ROSTER:
Player,Captaincy,uwaterloo_email
Andrew Kwong,(C),a5kwong@uwaterloo.ca
Chelsea Barr,,
John Caluag,,
Lois Chung,,
Parveen Dulku,,
Laura Dunn,,
Julian Ellis,,
David Hughes,,
Karishma Kak,,
Mimi Le,,
Nicholas Malian,,
Robyn McArthur,,
Andrea Ng,,
Julianne Rastin,,
Nicole Seymour,,
Victoria Sun,,
Jessica Tavone,,
Jeffry Tchen,,
END_ROSTER
