INFO:
teamName,Dodge Caravans
teamAbbreviation,Dodge Caravans
sportId,n/a
sportName,n/a
sportRules,n/a
leagueId,watMu
levelId,n/a
seasonName,n/a
seasonId,n/a
Roster Size,17
Season Games Played,6
Playoff Round Lengths,1,1
END_INFO

SEASON:
Date/Time,Location,Opposing Team,Score,S.O.C.
Wed May 26 @ 6:00 pm,Columbia Icefield: Gym 1,Team of Champions Pt 2,won 3 - 5,4
Fri May 28 @ 6:00 pm,Columbia Icefield: Gym 1,Swiss Cheese,lost 2 - 7,4
Wed Jun 2 @ 5:00 pm,Columbia Icefield: Gym 1,Team of Champions Pt 2,won 6 - 3,3
Wed Jun 9 @ 6:00 pm,Columbia Icefield: Gym 1,LCDSB,won 5 - 2,3
Wed Jun 23 @ 5:00 pm,Columbia Icefield: Gym 1,Team of Champions Pt 2,won 6 - 3,4
Fri Jun 25 @ 6:00 pm,Columbia Icefield: Gym 1,Phloc it,won 6 - 3,3
END_SEASON

PLAYOFFS:
Date/Time,Location,Opposing Team,Score,S.O.C.
Fri Jul 9 @ 6:00 pm,Columbia Icefield: Gym 1,Team of Champions Pt 2,won 5 - 1,1
Fri Jul 16 @ 6:00 pm,Columbia Icefield: Gym 1,Swiss Cheese,won 5 - 0,2
END_PLAYOFFS

ROSTER:
Player,Captaincy,uwaterloo_email
Marcus Lam,(C),mlam@uwaterloo.ca
Timothy Cheng,,
Joseph Ho,,
David Huang,,
Tiffany Kan,,
Benjamin Kong,,
Shing-Chun Kwan,,
Brandon Lee,,
Laurence Leung,,
Leo Leung,,
Jennie Liu,,
Wendy Ma,,
Cheuk Mak,,
Aaron Ng,,
Jonathan Sue,,
Gloria Tai,,
Michael Wong,,
END_ROSTER
