INFO:
teamName,Team of Champions Pt 2
teamAbbreviation,Team of Champions Pt 2
sportId,n/a
sportName,n/a
sportRules,n/a
leagueId,watMu
levelId,n/a
seasonName,n/a
seasonId,n/a
Roster Size,19
Season Games Played,6
Playoff Round Lengths,1,1
END_INFO

SEASON:
Date/Time,Location,Opposing Team,Score,S.O.C.
Wed May 26 @ 6:00 pm,Columbia Icefield: Gym 1,Dodge Caravans,lost 3 - 5,4
Fri May 28 @ 6:00 pm,Columbia Icefield: Gym 2,LCDSB,won 3 - 5,4
Wed Jun 2 @ 5:00 pm,Columbia Icefield: Gym 1,Dodge Caravans,lost 6 - 3,4
Sun Jun 6 @ 4:30 pm,Columbia Icefield: Gym 1,Swiss Cheese,lost 3 - 5,4
Sun Jun 20 @ 4:30 pm,Columbia Icefield: Gym 1,Phloc it,lost 5 - 0,0
Wed Jun 23 @ 5:00 pm,Columbia Icefield: Gym 1,Dodge Caravans,lost 6 - 3,4
END_SEASON

PLAYOFFS:
Date/Time,Location,Opposing Team,Score,S.O.C.
Wed Jul 7 @ 6:00 pm,Columbia Icefield: Gym 1,Phloc it,won 1 - 5,2
Fri Jul 9 @ 6:00 pm,Columbia Icefield: Gym 1,Dodge Caravans,lost 5 - 1,1
END_PLAYOFFS

ROSTER:
Player,Captaincy,uwaterloo_email
Jongwon Kim,(C),jjohnkim@gmail.com
Lareina Chan,,
Mary Chan,,
Ho Chau,,
Debbie Chou,,
Robert Joe,,
David Khuu,,
Joline Kwan,,
Jennifer Lai,,
William Leong,,
Derek Ma,,
Janelle Maregmen,,
Ken Phan,,
Alvin Poon,,
Joseph Poon,,
Alfred Shum,,
Jennifer Sze,,
Jessica Wan,,
Athena Yeung,,
END_ROSTER
