INFO:
teamName,LCDSB
teamAbbreviation,LCDSB
sportId,n/a
sportName,n/a
sportRules,n/a
leagueId,watMu
levelId,n/a
seasonName,n/a
seasonId,n/a
Roster Size,17
Season Games Played,6
Playoff Round Lengths,1
END_INFO

SEASON:
Date/Time,Location,Opposing Team,Score,S.O.C.
Fri May 28 @ 6:00 pm,Columbia Icefield: Gym 2,Team of Champions Pt 2,lost 3 - 5,0
Sun May 30 @ 4:30 pm,Columbia Icefield: Gym 1,Swiss Cheese,won 4 - 5,0
Sun Jun 6 @ 1:30 pm,Columbia Icefield: Gym 1,Phloc it,won 6 - 3,3
Wed Jun 9 @ 6:00 pm,Columbia Icefield: Gym 1,Dodge Caravans,lost 5 - 2,4
Sun Jun 13 @ 1:30 pm,Columbia Icefield: Gym 1,Swiss Cheese,won 6 - 2,0
Sun Jun 27 @ 1:30 pm,Columbia Icefield: Gym 1,Phloc it,lost 4 - 5,4
END_SEASON

PLAYOFFS:
Date/Time,Location,Opposing Team,Score,S.O.C.
Wed Jul 14 @ 6:00 pm,Columbia Icefield: Gym 1,Swiss Cheese,lost 5 - 1,2
END_PLAYOFFS

ROSTER:
Player,Captaincy,uwaterloo_email
Dian Huang,(C),victor144s@hotmail.com
Yang Duanmu,,
Jing Gai,,
Yu Han,,
Guangming Hu,,
Ye Hu,,
Boyan Jin,,
Jun Li,,
Chen Liu,,
Qi Liu,,
Yicheng Lu,,
Si Meng,,
Zhenbang Qiao,,
Shaodi Wang,,
Xiaomeng Wei,,
Shihong Yan,,
Mu Zhang,,
END_ROSTER
