INFO:
teamName,ESGA Dodgeball
teamAbbreviation,ESGA Dodgeball
sportId,n/a
sportName,n/a
sportRules,n/a
leagueId,watMu
levelId,n/a
seasonName,n/a
seasonId,n/a
Roster Size,18
Season Games Played,6
Playoff Round Lengths,1,1,1
END_INFO

SEASON:
Date/Time,Location,Opposing Team,Score,S.O.C.
Tue Sep 28 @ 6:30 pm,Columbia Icefield: Gym 3,Eye Ballers,lost 5 - 1,4
Tue Oct 5 @ 5:30 pm,Columbia Icefield: Gym 3,Slum Dodge Millionaires,won 2 - 6,3
Mon Oct 18 @ 3:30 pm,Columbia Icefield: Gym 3,SSA FAUJ,won 2 - 7,3
Tue Oct 26 @ 5:30 pm,Columbia Icefield: Gym 3,Inglorious European Basterds,lost 6 - 3,4
Thu Oct 28 @ 7:30 pm,Columbia Icefield: Gym 3,Dodge Ballin’,won 5 - 1,4
Thu Nov 11 @ 3:30 pm,Columbia Icefield: Gym 3,The Incrediballs,lost 4 - 5,3
END_SEASON

PLAYOFFS:
Date/Time,Location,Opposing Team,Score,S.O.C.
Thu Nov 18 @ 6:30 pm,Columbia Icefield: Gym 3,Eye Ballers,won 3 - 5,2
Sat Nov 27 @ 2:30 pm,Columbia Icefield: Gym 1,Inglorious European Basterds,won 4 - 3,1
Tue Nov 30 @ 8:30 pm,Columbia Icefield: Gym 3,4D Extreme,won 3 - 5,2
END_PLAYOFFS

ROSTER:
Player,Captaincy,uwaterloo_email
Reynold Chow,(C),r2chow@uwaterloo.ca
Jacqueline Brook,,
Melissa Bunn,,
Justin Clark,,
Krista Desrochers,,
Tyler Gale,,
Justin Harbin,,
Fraser Harris,,
Clarence Lo,,
Jeffrey Melchin,,
John Mosquera,,
Awais Rauf,,
Orin Regier,,
Madeline Rosamond,,
Atefeh Shadpour,,
Vahid Sohrabi,,
Colby Steelman,,
David Stevenson,,
END_ROSTER
