INFO:
teamName,SSA FAUJ
teamAbbreviation,SSA FAUJ
sportId,n/a
sportName,n/a
sportRules,n/a
leagueId,watMu
levelId,n/a
seasonName,n/a
seasonId,n/a
Roster Size,31
Season Games Played,6
Playoff Round Lengths,0
END_INFO

SEASON:
Date/Time,Location,Opposing Team,Score,S.O.C.
Tue Oct 12 @ 10:30 pm,Columbia Icefield: Gym 2,Inglorious European Basterds,won 1 - 7,0
Thu Oct 14 @ 4:30 pm,Columbia Icefield: Gym 3,The Incrediballs,won 2 - 6,-1
Mon Oct 18 @ 3:30 pm,Columbia Icefield: Gym 3,ESGA Dodgeball,lost 2 - 7,4
Mon Oct 18 @ 4:30 pm,Columbia Icefield: Gym 3,Team Cool,won 8 - 0,-2
Thu Oct 21 @ 8:30 pm,Columbia Icefield: Gym 3,Slum Dodge Millionaires,won 5 - 4,2
Mon Nov 1 @ 8:30 pm,Columbia Icefield: Gym 3,Eye Ballers,lost 7 - 1,2
END_SEASON

PLAYOFFS:
Date/Time,Location,Opposing Team,Score,S.O.C.
END_PLAYOFFS

ROSTER:
Player,Captaincy,uwaterloo_email
Amritpal Cheema,(C),ak2cheem@uwaterloo.ca
Bir Aulakh,,
Sehaj Bains,,
Sukhjeet Bains,,
Surgeet Bains,,
Taranveer Birk,,
Simar Deol,,
Harjot Dosanjh,,
Kiren Dulku,,
Balmeet Gill,,
Sanjay Grewal,,
Gurlin Hans,,
Kamalpreet Jhajj,,
Simran Kandola,,
Gurmukh Khalsa,,
Gupinder Kler,,
Charanpreet Rai,,
Harmandeep Rai,,
Amrit Sahota,,
Dharamjeet Saini,,
Rupinder Saini,,
Priyanka Sambhi,,
Sundeep Sandher,,
Navjot Sekhon,,
Deepika Sharma,,
Simranjot Shokar,,
Harmanjit Singh,,
Natasha Singh,,
Ravneet Singh,,
Jessica Spaetzel,,
Sharandeep Takhar,,
END_ROSTER
