INFO:
teamName,The Incrediballs
teamAbbreviation,The Incrediballs
sportId,n/a
sportName,n/a
sportRules,n/a
leagueId,watMu
levelId,n/a
seasonName,n/a
seasonId,n/a
Roster Size,16
Season Games Played,6
Playoff Round Lengths,1
END_INFO

SEASON:
Date/Time,Location,Opposing Team,Score,S.O.C.
Thu Sep 30 @ 9:30 pm,Columbia Icefield: Gym 3,Slum Dodge Millionaires,won 0 - 5,3
Thu Oct 14 @ 4:30 pm,Columbia Icefield: Gym 3,SSA FAUJ,lost 2 - 6,-3
Thu Oct 21 @ 4:30 pm,Columbia Icefield: Gym 3,Dodge Ballin’,won 1 - 8,3
Thu Oct 28 @ 6:30 pm,Columbia Icefield: Gym 3,Team Cool,won 5 - 2,3
Thu Nov 4 @ 8:30 pm,Columbia Icefield: Gym 3,Eye Ballers,lost 3 - 5,-1
Thu Nov 11 @ 3:30 pm,Columbia Icefield: Gym 3,ESGA Dodgeball,won 4 - 5,4
END_SEASON

PLAYOFFS:
Date/Time,Location,Opposing Team,Score,S.O.C.
Thu Nov 18 @ 7:30 pm,Columbia Icefield: Gym 3,Inglorious European Basterds,lost 5 - 3,0
END_PLAYOFFS

ROSTER:
Player,Captaincy,uwaterloo_email
Amanda Marsh,(C),a2marsh@uwaterloo.ca
Brandon Bell,,
Brad Bradford,,
Emma Defields,,
Maria Diaz Garduno,,
Rylan Graham,,
Mark Groulx,,
Kent Hakull,,
Hale Jones-Cox,,
Marie-Eve Lafortune,,
Filip Majcherkiewicz,,
Natasha O’Neill,,
Jonathan Pinto,,
Matthew Quick,,
Kathryn Randle,,
Erica Warsh,,
END_ROSTER
