INFO:
teamName,Eye Ballers
teamAbbreviation,Eye Ballers
sportId,n/a
sportName,n/a
sportRules,n/a
leagueId,watMu
levelId,n/a
seasonName,n/a
seasonId,n/a
Roster Size,18
Season Games Played,6
Playoff Round Lengths,1
END_INFO

SEASON:
Date/Time,Location,Opposing Team,Score,S.O.C.
Tue Sep 28 @ 6:30 pm,Columbia Icefield: Gym 3,ESGA Dodgeball,won 5 - 1,4
Thu Oct 14 @ 9:30 pm,Columbia Icefield: Gym 3,Dodge Ballin’,won 7 - 1,4
Tue Oct 19 @ 9:30 pm,Columbia Icefield: Gym 3,Inglorious European Basterds,won 5 - 4,4
Mon Nov 1 @ 8:30 pm,Columbia Icefield: Gym 3,SSA FAUJ,won 7 - 1,2
Tue Nov 2 @ 6:30 pm,Columbia Icefield: Gym 3,Team Cool,won 5 - 1,3
Thu Nov 4 @ 8:30 pm,Columbia Icefield: Gym 3,The Incrediballs,won 3 - 5,-2
END_SEASON

PLAYOFFS:
Date/Time,Location,Opposing Team,Score,S.O.C.
Thu Nov 18 @ 6:30 pm,Columbia Icefield: Gym 3,ESGA Dodgeball,lost 3 - 5,2
END_PLAYOFFS

ROSTER:
Player,Captaincy,uwaterloo_email
Sam Schneider,(C),s3schnei@uwaterloo.ca
Sameer Dedhar,,
Johnathan Field,,
Steven Hoang,,
Alexa Lavigne,,
Victor Lee,,
Khuong Ly,,
Stephen McIntosh,,
Jay Mithani,,
Christina Morettin,,
Ronald Nhan,,
Michael Pedersen,,
Alexander Polczynski,,
Amy Smith,,
Jason Stein,,
Jennifer Swyers,,
Jeffrey Thompson,,
Jason Wan,,
END_ROSTER
