INFO:
teamName,Dodge Ballin’
teamAbbreviation,Dodge Ballin’
sportId,n/a
sportName,n/a
sportRules,n/a
leagueId,watMu
levelId,n/a
seasonName,n/a
seasonId,n/a
Roster Size,22
Season Games Played,6
Playoff Round Lengths,1,1
END_INFO

SEASON:
Date/Time,Location,Opposing Team,Score,S.O.C.
Thu Sep 30 @ 4:30 pm,Columbia Icefield: Gym 3,Team Cool,won 0 - 6,3
Thu Oct 14 @ 9:30 pm,Columbia Icefield: Gym 3,Eye Ballers,lost 7 - 1,4
Thu Oct 21 @ 4:30 pm,Columbia Icefield: Gym 3,The Incrediballs,lost 1 - 8,2
Thu Oct 28 @ 5:30 pm,Columbia Icefield: Gym 3,Slum Dodge Millionaires,won 2 - 6,4
Thu Oct 28 @ 7:30 pm,Columbia Icefield: Gym 3,ESGA Dodgeball,lost 5 - 1,4
Thu Nov 4 @ 9:30 pm,Columbia Icefield: Gym 3,Inglorious European Basterds,lost 4 - 5,4
END_SEASON

PLAYOFFS:
Date/Time,Location,Opposing Team,Score,S.O.C.
Thu Nov 25 @ 5:30 pm,Columbia Icefield: Gym 3,Team Cool,won 5 - 3,0
Mon Nov 29 @ 10:30 pm,Columbia Icefield: Gym 3,We Chu Balls,won 5 - 3,1
END_PLAYOFFS

ROSTER:
Player,Captaincy,uwaterloo_email
Christine White,(C),c5white@uwaterloo.ca
Darin Bloemberg,,
Daniel Gamu,,
Katherine Gibson,,
Karina Graf,,
Erica Hack,,
Felicia Huang,,
Danielle Kofler,,
Liat Kofler,,
Natasha Lane,,
Chenyu Liu,,
Janet McKeown,,
Michael McMillan,,
Andrew Mitchell,,
Simerjeet Mutti,,
Jared Nunn,,
Kathleen O’Beirne,,
Nicholas Packer,,
Lisa Spiering,,
Lana Vanderlee,,
Ashley Wilson,,
Christopher Zehr,,
END_ROSTER
