INFO:
teamName,Eby Dodgers
teamAbbreviation,Eby Dodgers
sportId,n/a
sportName,n/a
sportRules,n/a
leagueId,watMu
levelId,n/a
seasonName,n/a
seasonId,n/a
Roster Size,23
Season Games Played,6
Playoff Round Lengths,1,1
END_INFO

SEASON:
Date/Time,Location,Opposing Team,Score,S.O.C.
Mon Sep 27 @ 4:30 pm,Columbia Icefield: Gym 3,Village 1 North Quad,lost 6 - 2,3
Mon Oct 25 @ 10:30 pm,Columbia Icefield: Gym 3,All Balls,won 5 - 4,1
Tue Oct 26 @ 10:30 pm,Columbia Icefield: Gym 3,Village 1 North Quad,won 0 - 5,4
Mon Nov 1 @ 4:30 pm,Columbia Icefield: Gym 3,We Chu Balls,won 2 - 7,4
Tue Nov 2 @ 4:30 pm,Columbia Icefield: Gym 3,Dodgers,won 3 - 5,2
Tue Nov 9 @ 5:30 pm,Columbia Icefield: Gym 3,4D Extreme,lost 4 - 5,4
END_SEASON

PLAYOFFS:
Date/Time,Location,Opposing Team,Score,S.O.C.
Thu Nov 18 @ 10:30 pm,Columbia Icefield: Gym 3,Dodgers,won 5 - 0,0
Sat Nov 27 @ 1:30 pm,Columbia Icefield: Gym 1,4D Extreme,lost 5 - 2,0
END_PLAYOFFS

ROSTER:
Player,Captaincy,uwaterloo_email
Krista O’Shaughnessy,(C),kmoshaug@uwaterloo.ca
Rafay Adil,,
Kelvin Chan,,
Melissa Chan,,
Zhuoyuan Fan,,
Allan Hamzic,,
Sujeepan Kalanadan,,
Mohammad Khalid,,
Andrew Koo,,
Kysen Leo,,
Victoria Leung,,
Christine Li,,
Peiyi Lu,,
Vithushan Namasivayasivam,,
Mihajlo Nesic,,
Siobhan O’Neill,,
Aaron Pang,,
Andrei Popa,,
Jason Rajasegaram,,
Komal Sandhu,,
Arjun Sethi,,
Prathima Sundaram,,
Philip Van-Lane,,
END_ROSTER
