INFO:
teamName,Nano-sized Targets
teamAbbreviation,Nano-sized Targets
sportId,n/a
sportName,n/a
sportRules,n/a
leagueId,watMu
levelId,n/a
seasonName,n/a
seasonId,n/a
Roster Size,13
Season Games Played,6
Playoff Round Lengths,1
END_INFO

SEASON:
Date/Time,Location,Opposing Team,Score,S.O.C.
Tue Sep 28 @ 5:30 pm,Columbia Icefield: Gym 2,4D Extreme,lost 2 - 7,3
Sat Oct 16 @ 6:30 pm,Columbia Icefield: Gym 1,All Balls,won 5 - 3,1
Mon Nov 1 @ 9:30 pm,Columbia Icefield: Gym 3,4D Extreme,lost 3 - 5,3
Mon Nov 1 @ 10:30 pm,Columbia Icefield: Gym 3,Dodgers,lost 5 - 3,3
Thu Nov 11 @ 5:30 pm,Columbia Icefield: Gym 3,We Chu Balls,lost 3 - 5,4
Thu Nov 11 @ 8:30 pm,Columbia Icefield: Gym 3,Wookies of Watrox,won 2 - 4,4
END_SEASON

PLAYOFFS:
Date/Time,Location,Opposing Team,Score,S.O.C.
Thu Nov 25 @ 8:30 pm,Columbia Icefield: Gym 3,We Chu Balls,lost 1 - 5,0
END_PLAYOFFS

ROSTER:
Player,Captaincy,uwaterloo_email
Joseph Tse,(C),jwtse@uwaterloo.ca
Damon Aboud,,
Wai Chan,,
Steven Hong,,
Alexander Ip,,
Imran Khimji,,
Andrew Ku Ong,,
Jason Kuo,,
Ivan Law,,
David Moon,,
Lathankan Rasenthiram,,
Leon Sihao Ruan,,
Tara Sweeney,,
END_ROSTER
