INFO:
teamName,4D Extreme
teamAbbreviation,4D Extreme
sportId,n/a
sportName,n/a
sportRules,n/a
leagueId,watMu
levelId,n/a
seasonName,n/a
seasonId,n/a
Roster Size,19
Season Games Played,6
Playoff Round Lengths,1,1,1
END_INFO

SEASON:
Date/Time,Location,Opposing Team,Score,S.O.C.
Tue Sep 28 @ 5:30 pm,Columbia Icefield: Gym 2,Nano-sized Targets,won 2 - 7,2
Tue Oct 5 @ 8:30 pm,Columbia Icefield: Gym 3,Dodgers,won 8 - 0,4
Thu Oct 21 @ 6:30 pm,Columbia Icefield: Gym 3,Wookies of Watrox,won 7 - 2,4
Mon Nov 1 @ 9:30 pm,Columbia Icefield: Gym 3,Nano-sized Targets,won 3 - 5,3
Tue Nov 9 @ 5:30 pm,Columbia Icefield: Gym 3,Eby Dodgers,won 4 - 5,4
Tue Nov 9 @ 6:30 pm,Columbia Icefield: Gym 3,All Balls,won 0 - 5,avg.
END_SEASON

PLAYOFFS:
Date/Time,Location,Opposing Team,Score,S.O.C.
Thu Nov 18 @ 9:30 pm,Columbia Icefield: Gym 3,Wookies of Watrox,won 5 - 3,1
Sat Nov 27 @ 1:30 pm,Columbia Icefield: Gym 1,Eby Dodgers,won 5 - 2,2
Tue Nov 30 @ 8:30 pm,Columbia Icefield: Gym 3,ESGA Dodgeball,lost 3 - 5,2
END_PLAYOFFS

ROSTER:
Player,Captaincy,uwaterloo_email
En-Shiun Lee,(C),annie.lee@gmail.com
Alec Azad,,
Prima Chairunnanda,,
Christopher Chan,,
Yu-Ling Chang,,
Francisco Claude,,
Jie Ning Fu,,
Prateek Goel,,
Sebastian Hsieh,,
Derek Hsueh,,
Yushi Hu,,
Abhishek Kumar,,
Chen Li,,
Shih-Yuan Liang,,
Francis Loh,,
Diego Naveiras,,
Patrick Nicholson,,
Hyungtaek Sau,,
Yi Xie,,
END_ROSTER
