INFO:
teamName,Dodgers
teamAbbreviation,Dodgers
sportId,n/a
sportName,n/a
sportRules,n/a
leagueId,watMu
levelId,n/a
seasonName,n/a
seasonId,n/a
Roster Size,18
Season Games Played,6
Playoff Round Lengths,1
END_INFO

SEASON:
Date/Time,Location,Opposing Team,Score,S.O.C.
Sat Oct 2 @ 6:30 pm,Columbia Icefield: Gym 1,We Chu Balls,won 0 - 5,avg.
Tue Oct 5 @ 8:30 pm,Columbia Icefield: Gym 3,4D Extreme,lost 8 - 0,4
Mon Oct 25 @ 9:30 pm,Columbia Icefield: Gym 3,Village 1 North Quad,won 0 - 5,avg.
Mon Nov 1 @ 10:30 pm,Columbia Icefield: Gym 3,Nano-sized Targets,won 5 - 3,4
Tue Nov 2 @ 4:30 pm,Columbia Icefield: Gym 3,Eby Dodgers,lost 3 - 5,3
Thu Nov 4 @ 10:30 pm,Columbia Icefield: Gym 3,Wookies of Watrox,won 4 - 5,1
END_SEASON

PLAYOFFS:
Date/Time,Location,Opposing Team,Score,S.O.C.
Thu Nov 18 @ 10:30 pm,Columbia Icefield: Gym 3,Eby Dodgers,lost 5 - 0,-2
END_PLAYOFFS

ROSTER:
Player,Captaincy,uwaterloo_email
Wookjung Kim,(C),pwjkim@uwaterloo.ca
Harrison Healey,,
Jeffrey Houghton,,
Marc Johnston,,
Chunghu Lee,,
Zhenting Liu,,
Cassandra Miller,,
Sarah Millson,,
Karim Naguib,,
Liane Pereira,,
Jacob Reeb,,
Kenneth Shum,,
Lindsay Simmons,,
Brittany Sinclair,,
Kelly Toms,,
Alexander Walter,,
Juan Yan,,
Ya Zhu,,
END_ROSTER
