INFO:
teamName,Team Cool
teamAbbreviation,Team Cool
sportId,n/a
sportName,n/a
sportRules,n/a
leagueId,watMu
levelId,n/a
seasonName,n/a
seasonId,n/a
Roster Size,21
Season Games Played,6
Playoff Round Lengths,1,1
END_INFO

SEASON:
Date/Time,Location,Opposing Team,Score,S.O.C.
Thu Sep 30 @ 4:30 pm,Columbia Icefield: Gym 3,Dodge Ballin’,lost 0 - 6,2
Thu Oct 7 @ 4:30 pm,Columbia Icefield: Gym 3,Inglorious European Basterds,lost 1 - 8,4
Mon Oct 18 @ 4:30 pm,Columbia Icefield: Gym 3,SSA FAUJ,lost 8 - 0,-2
Mon Oct 25 @ 8:30 pm,Columbia Icefield: Gym 3,Slum Dodge Millionaires,lost 6 - 3,1
Thu Oct 28 @ 6:30 pm,Columbia Icefield: Gym 3,The Incrediballs,lost 5 - 2,3
Tue Nov 2 @ 6:30 pm,Columbia Icefield: Gym 3,Eye Ballers,lost 5 - 1,2
END_SEASON

PLAYOFFS:
Date/Time,Location,Opposing Team,Score,S.O.C.
Mon Nov 22 @ 7:30 pm,Columbia Icefield: Gym 3,Slum Dodge Millionaires,won 0 - 5,0
Thu Nov 25 @ 5:30 pm,Columbia Icefield: Gym 3,Dodge Ballin’,lost 5 - 3,0
END_PLAYOFFS

ROSTER:
Player,Captaincy,uwaterloo_email
Amir Ghods,(C),ahghods@uwaterloo.ca
Farshad Arfaei Malekzadeh,,
Ziwei Bai,,
Barbara Bojko,,
Shirley Ddamba,,
David Duong,,
German Gomez Rios,,
Jun Guo,,
Ruifen Jiang,,
Fatemeh Mirnaghi,,
Akram Nour,,
Raqib Omer,,
Afsoon Pajand Birjandi,,
Mahdi Safa,,
Soroush Salek Moghaddam,,
Arash Shahi,,
Mohammad Sharif Shourijeh,,
Erica Souza Silva,,
Roshanak Taghipour Dizaji,,
Atefeh Zarabadi,,
Weiqiang Zhan,,
END_ROSTER
