INFO:
teamName,Village 1 North Quad
teamAbbreviation,Village 1 North Quad
sportId,n/a
sportName,n/a
sportRules,n/a
leagueId,watMu
levelId,n/a
seasonName,n/a
seasonId,n/a
Roster Size,26
Season Games Played,6
Playoff Round Lengths,0
END_INFO

SEASON:
Date/Time,Location,Opposing Team,Score,S.O.C.
Thu Sep 23 @ 4:30 pm,Columbia Icefield: Gym 3,We Chu Balls,lost 0 - 5,-2
Mon Sep 27 @ 4:30 pm,Columbia Icefield: Gym 3,Eby Dodgers,won 6 - 2,1
Mon Oct 25 @ 9:30 pm,Columbia Icefield: Gym 3,Dodgers,lost 0 - 5,-2
Tue Oct 26 @ 10:30 pm,Columbia Icefield: Gym 3,Eby Dodgers,lost 0 - 5,4
Tue Nov 9 @ 9:30 pm,Columbia Icefield: Gym 3,Wookies of Watrox,lost 0 - 5,-2
Tue Nov 9 @ 10:30 pm,Columbia Icefield: Gym 3,All Balls,lost 0 - 5,-2
END_SEASON

PLAYOFFS:
Date/Time,Location,Opposing Team,Score,S.O.C.
END_PLAYOFFS

ROSTER:
Player,Captaincy,uwaterloo_email
Justin Gimza,(C),gimzajustin@gmail.com
Arielle Alexander,,
Ryan Arnold,,
David Bailie,,
Stephen Burnett,,
Wing Hei Grace Chan,,
Ariel Charleson,,
Jessica D’Angelo,,
Sinead Deokiesingh,,
Kalyna Heffernan,,
Phyllis Ho,,
Ryan Kuo,,
Dylan Lam-Johnson,,
Abel Lim,,
Terrence Maloney,,
Sophia Pelka,,
Sarah Pezzack,,
Zachary Prince,,
Ruzbeh Rohinton,,
Kurt Spivak,,
William Stimpson,,
Casey Tjokrohardjo,,
Tom Wang,,
Pierre Whissel,,
Nicole White,,
Steve Yuen,,
END_ROSTER
