INFO:
teamName,Wookies of Watrox
teamAbbreviation,Wookies of Watrox
sportId,n/a
sportName,n/a
sportRules,n/a
leagueId,watMu
levelId,n/a
seasonName,n/a
seasonId,n/a
Roster Size,17
Season Games Played,6
Playoff Round Lengths,1
END_INFO

SEASON:
Date/Time,Location,Opposing Team,Score,S.O.C.
Thu Oct 7 @ 3:30 pm,Columbia Icefield: Gym 3,All Balls,won 6 - 3,4
Thu Oct 21 @ 6:30 pm,Columbia Icefield: Gym 3,4D Extreme,lost 7 - 2,3
Tue Oct 26 @ 9:30 pm,Columbia Icefield: Gym 3,We Chu Balls,won 3 - 6,3
Thu Nov 4 @ 10:30 pm,Columbia Icefield: Gym 3,Dodgers,lost 4 - 5,2
Tue Nov 9 @ 9:30 pm,Columbia Icefield: Gym 3,Village 1 North Quad,won 0 - 5,avg.
Thu Nov 11 @ 8:30 pm,Columbia Icefield: Gym 3,Nano-sized Targets,lost 2 - 4,4
END_SEASON

PLAYOFFS:
Date/Time,Location,Opposing Team,Score,S.O.C.
Thu Nov 18 @ 9:30 pm,Columbia Icefield: Gym 3,4D Extreme,lost 5 - 3,1
END_PLAYOFFS

ROSTER:
Player,Captaincy,uwaterloo_email
Jason Homewood,(C),jhomewoo@uwaterloo.ca
Amber Blackwell,,
Luke Brough,,
Paul Coulson,,
Thomas Cummings,,
Kevin Flood,,
Sarah Hashmi,,
Melisa Hollingham,,
Evan Keir-Sage,,
Jordan Keir-Sage,,
Littin Modoor,,
Elaine Owens,,
Shawn Scott,,
Timothy Tong,,
Cameron Toy,,
Lenny Trinh,,
Andrew Wehrfritz,,
END_ROSTER
