INFO:
teamName,All Balls
teamAbbreviation,All Balls
sportId,n/a
sportName,n/a
sportRules,n/a
leagueId,watMu
levelId,n/a
seasonName,n/a
seasonId,n/a
Roster Size,12
Season Games Played,6
Playoff Round Lengths,0
END_INFO

SEASON:
Date/Time,Location,Opposing Team,Score,S.O.C.
Thu Oct 7 @ 3:30 pm,Columbia Icefield: Gym 3,Wookies of Watrox,lost 6 - 3,-1
Sat Oct 16 @ 6:30 pm,Columbia Icefield: Gym 1,Nano-sized Targets,lost 5 - 3,-1
Mon Oct 25 @ 10:30 pm,Columbia Icefield: Gym 3,Eby Dodgers,lost 5 - 4,1
Tue Nov 9 @ 6:30 pm,Columbia Icefield: Gym 3,4D Extreme,lost 0 - 5,-2
Tue Nov 9 @ 10:30 pm,Columbia Icefield: Gym 3,Village 1 North Quad,won 0 - 5,avg.
Thu Nov 11 @ 4:30 pm,Columbia Icefield: Gym 3,We Chu Balls,won 3 - 6,-1
END_SEASON

PLAYOFFS:
Date/Time,Location,Opposing Team,Score,S.O.C.
END_PLAYOFFS

ROSTER:
Player,Captaincy,uwaterloo_email
Xintian Li,(C),francisli13@hotmail.com
Suhail Abdul Razzak,,
Michael Cao,,
Erik Chu,,
Veeral Gohil,,
Eileen Jiang,,
Menaka Kiriwattuduwa,,
Monica Ngo,,
Heather Pangilinan,,
Gursharan Sidhu,,
Wing Wong,,
Christine Yang,,
END_ROSTER
