INFO:
teamName,Slum Dodge Millionaires
teamAbbreviation,Slum Dodge Millionaires
sportId,n/a
sportName,n/a
sportRules,n/a
leagueId,watMu
levelId,n/a
seasonName,n/a
seasonId,n/a
Roster Size,16
Season Games Played,6
Playoff Round Lengths,1
END_INFO

SEASON:
Date/Time,Location,Opposing Team,Score,S.O.C.
Thu Sep 30 @ 9:30 pm,Columbia Icefield: Gym 3,The Incrediballs,lost 0 - 5,4
Tue Oct 5 @ 5:30 pm,Columbia Icefield: Gym 3,ESGA Dodgeball,lost 2 - 6,4
Thu Oct 21 @ 8:30 pm,Columbia Icefield: Gym 3,SSA FAUJ,lost 5 - 4,2
Mon Oct 25 @ 8:30 pm,Columbia Icefield: Gym 3,Team Cool,won 6 - 3,1
Thu Oct 28 @ 5:30 pm,Columbia Icefield: Gym 3,Dodge Ballin’,lost 2 - 6,4
Tue Nov 2 @ 5:30 pm,Columbia Icefield: Gym 3,Inglorious European Basterds,lost 1 - 5,4
END_SEASON

PLAYOFFS:
Date/Time,Location,Opposing Team,Score,S.O.C.
Mon Nov 22 @ 7:30 pm,Columbia Icefield: Gym 3,Team Cool,lost 0 - 5,-2
END_PLAYOFFS

ROSTER:
Player,Captaincy,uwaterloo_email
Ester Moher,(C),estermoher@hotmail.com
Martin Day,,
Noah Forrin,,
Sharon Gaine,,
Randall Gillis,,
Christie Haskell,,
David Kille,,
Jesse Langstaff,,
Cecilia Meza,,
Angela Nyhout,,
Jason Ozubko,,
Gordon Pennycook,,
Shawn Stubitz,,
Crystal Tse,,
Amanda Wudarzewski,,
Tracy Xiong,,
END_ROSTER
