INFO:
teamName,Inglorious European Basterds
teamAbbreviation,Inglorious European Basterds
sportId,n/a
sportName,n/a
sportRules,n/a
leagueId,watMu
levelId,n/a
seasonName,n/a
seasonId,n/a
Roster Size,15
Season Games Played,6
Playoff Round Lengths,1,1
END_INFO

SEASON:
Date/Time,Location,Opposing Team,Score,S.O.C.
Thu Oct 7 @ 4:30 pm,Columbia Icefield: Gym 3,Team Cool,won 1 - 8,4
Tue Oct 12 @ 10:30 pm,Columbia Icefield: Gym 2,SSA FAUJ,lost 1 - 7,3
Tue Oct 19 @ 9:30 pm,Columbia Icefield: Gym 3,Eye Ballers,lost 5 - 4,3
Tue Oct 26 @ 5:30 pm,Columbia Icefield: Gym 3,ESGA Dodgeball,won 6 - 3,4
Tue Nov 2 @ 5:30 pm,Columbia Icefield: Gym 3,Slum Dodge Millionaires,won 1 - 5,4
Thu Nov 4 @ 9:30 pm,Columbia Icefield: Gym 3,Dodge Ballin’,won 4 - 5,4
END_SEASON

PLAYOFFS:
Date/Time,Location,Opposing Team,Score,S.O.C.
Thu Nov 18 @ 7:30 pm,Columbia Icefield: Gym 3,The Incrediballs,won 5 - 3,0
Sat Nov 27 @ 2:30 pm,Columbia Icefield: Gym 1,ESGA Dodgeball,lost 4 - 3,2
END_PLAYOFFS

ROSTER:
Player,Captaincy,uwaterloo_email
Patrick Dehning,(C),p.dehning@tu-bs.de
Thomas Boutin,,
Lucas Chambouvet,,
Romain Froidevaux,,
Deborah Gernat,,
Till Hoffmeyer-Zlotnik,,
Benjamin Horowitz,,
Pauline Lambert,,
Vincent Malley,,
Sascha Putzke,,
Matthias Rothschuh,,
Thomas Schmidt,,
Johannes Schreiber,,
Matthias Schulz,,
Andreas Wagner,,
END_ROSTER
