INFO:
teamName,We Chu Balls
teamAbbreviation,We Chu Balls
sportId,n/a
sportName,n/a
sportRules,n/a
leagueId,watMu
levelId,n/a
seasonName,n/a
seasonId,n/a
Roster Size,14
Season Games Played,6
Playoff Round Lengths,1,1
END_INFO

SEASON:
Date/Time,Location,Opposing Team,Score,S.O.C.
Thu Sep 23 @ 4:30 pm,Columbia Icefield: Gym 3,Village 1 North Quad,won 0 - 5,avg.
Sat Oct 2 @ 6:30 pm,Columbia Icefield: Gym 1,Dodgers,lost 0 - 5,0
Tue Oct 26 @ 9:30 pm,Columbia Icefield: Gym 3,Wookies of Watrox,lost 3 - 6,1
Mon Nov 1 @ 4:30 pm,Columbia Icefield: Gym 3,Eby Dodgers,lost 2 - 7,4
Thu Nov 11 @ 4:30 pm,Columbia Icefield: Gym 3,All Balls,lost 3 - 6,0
Thu Nov 11 @ 5:30 pm,Columbia Icefield: Gym 3,Nano-sized Targets,won 3 - 5,4
END_SEASON

PLAYOFFS:
Date/Time,Location,Opposing Team,Score,S.O.C.
Thu Nov 25 @ 8:30 pm,Columbia Icefield: Gym 3,Nano-sized Targets,won 1 - 5,0
Mon Nov 29 @ 10:30 pm,Columbia Icefield: Gym 3,Dodge Ballin’,lost 5 - 3,1
END_PLAYOFFS

ROSTER:
Player,Captaincy,uwaterloo_email
Wesley Chu,(C),wesleychu@netvigator.com
Alan Chalil,,
Makya Corden,,
Jeffrey Gordon,,
Maxime Grandmaison,,
Alyssa Gross,,
Michelle Heneault,,
Daniel Innis,,
Erin Liljestrand,,
Nabeel Sheiban,,
Alexander Stavroullakis,,
Anna Stromenberg,,
Graeme Thomson,,
David Vresk,,
END_ROSTER
