Easton-Fection,winter2009,Ice Hockey: Easton-Fection (All Star Non-Contact)
7,6,6,1,1
Mon Jan 26 @ 9:00 pm,Columbia Icefield Arena,lost,1,4,4,Shockers
Sun Feb 1 @ 10:00 pm,Columbia Icefield Arena,lost,1,7,3,Reservoir Dogs
Mon Feb 2 @ 11:00 pm,Columbia Icefield Arena,lost,0,3,3,Cherry’s Boys
Mon Mar 9 @ 11:00 pm,Columbia Icefield Arena,lost,0,6,4,Shockers
Sun Mar 15 @ 11:00 pm,Columbia Icefield Arena,lost,0,5,4,Reservoir Dogs
Mon Mar 23 @ 11:00 pm,Columbia Icefield Arena,won,5,0,1,Cherry’s Boys
Sun Mar 29 @ 10:00 pm,Columbia Icefield Arena,lost,2,3,2,Worriers

Michael Albanese,Steven Arnott,Mark Barsevskis,Trevor Burns,Duncan Cairns,Reno Genest,Bryan Germann,Marchello Holditch,Robert Howey,Tyler Kostiuk,Jonathon Kotel,Ganesh Nambiar,Kevin Smith,Zachary Watson,Thomas Longo
