Cherry’s Boys,winter2009,Ice Hockey: Cherry’s Boys (All Star Non-Contact)
9,6,6,3,3
Sun Jan 18 @ 9:00 pm,Columbia Icefield Arena,won,3,1,4,Worriers
Sat Jan 31 @ 7:00 pm,Columbia Icefield Arena,won,5,0,4,The Goonies
Mon Feb 2 @ 11:00 pm,Columbia Icefield Arena,won,3,0,3,Easton-Fection
Sun Mar 15 @ 10:00 pm,Columbia Icefield Arena,lost,3,7,4,Worriers
Fri Mar 20 @ 8:00 pm,Columbia Icefield Arena,tie,2,2,-4,The Goonies
Mon Mar 23 @ 11:00 pm,Columbia Icefield Arena,lost,0,5,1,Easton-Fection
Sun Mar 29 @ 11:00 pm,Columbia Icefield Arena,won,3,1,1,The Goonies
Thu Apr 2 @ 10:00 pm,Columbia Icefield Arena,won,2,1,2,Shockers
Sun Apr 5 @ 9:00 pm,Columbia Icefield Arena,lost,3,4,0,Reservoir Dogs

Adam Currins,Jarett Frame,David Henry,Aaron Maclean,Matthew Marlin,Sean Netley,Daniel Pickel,Christian Rosa,Sean Russell,Denby Sadler,Nicholas Solda,Alexander Taylor,Christopher Burnie
