The Goonies,winter2009,Ice Hockey: The Goonies (All Star Non-Contact)
7,6,6,1,1
Mon Jan 19 @ 9:00 pm,Columbia Icefield Arena,lost,0,5,4,Shockers
Sun Jan 25 @ 7:00 pm,Columbia Icefield Arena,lost,1,3,1,Reservoir Dogs
Sat Jan 31 @ 7:00 pm,Columbia Icefield Arena,lost,0,5,4,Cherry’s Boys
Sat Feb 7 @ 5:00 pm,Columbia Icefield Arena,lost,0,3,3,Reservoir Dogs
Sun Mar 15 @ 1:00 pm,Columbia Icefield Arena,lost,0,3,-2,Shockers
Fri Mar 20 @ 8:00 pm,Columbia Icefield Arena,tie,2,2,-4,Cherry’s Boys
Sun Mar 29 @ 11:00 pm,Columbia Icefield Arena,lost,1,3,1,Cherry’s Boys

Elliot Ford,Ryan Hill,James Latta,Russell Mackay,Graydon Porcellato,Michael Seaward,Adam Wilson,Ryan Fines
