INFO:
teamName,Ball Dodgers
teamAbbreviation,Ball Dodgers
sportId,n/a
sportName,n/a
sportRules,n/a
leagueId,watMu
levelId,n/a
seasonName,n/a
seasonId,n/a
Roster Size,10
Season Games Played,6
Playoff Round Lengths,1
END_INFO

SEASON:
Date/Time,Location,Opposing Team,Score,S.O.C.
Sat Jan 23 @ 8:30 pm,Columbia Icefield: Gym 2,Minions,won 5 - 4,1
Sat Jan 23 @ 9:30 pm,Columbia Icefield: Gym 2,Who Let The DODGE Out?,won 1 - 5,3
Sat Jan 30 @ 4:30 pm,Columbia Icefield: Gym 2,Individual 1,won 5 - 1,3
Tue Feb 2 @ 4:00 pm,Columbia Icefield: Gym 2,Spheres in your Visage,won 5 - 3,2
Thu Feb 4 @ 9:30 pm,Columbia Icefield: Gym 3,Tron 2020,won 5 - 4,2
Thu Mar 3 @ 9:30 pm,Columbia Icefield: Gym 3,Kashif If You Can,lost 0 - 9,3
END_SEASON

PLAYOFFS:
Date/Time,Location,Opposing Team,Score,S.O.C.
Sat Mar 12 @ 3:30 pm,Columbia Icefield: Gym 2,Her Majestey’s,lost 4 - 5,0
END_PLAYOFFS

ROSTER:
Player,Captaincy,uwaterloo_email
Adam Cole,(C),agcole@rogers.com
Katelyn Battista,,
Bronson Du,,
Andrea Goddard,,
Alin Herciu-Ivascu,,
Lisa Palubiski,,
Jason Randle,,
Kyle Rogers,,
Jennifer Stefanczyk,,
Kurt Tulsieram,,
END_ROSTER
