INFO:
teamName,Renison!
teamAbbreviation,Renison!
sportId,n/a
sportName,n/a
sportRules,n/a
leagueId,watMu
levelId,n/a
seasonName,n/a
seasonId,n/a
Roster Size,36
Season Games Played,6
Playoff Round Lengths,1,1
END_INFO

SEASON:
Date/Time,Location,Opposing Team,Score,S.O.C.
Sat Jan 16 @ 8:30 pm,Columbia Icefield: Gym 2,untouchaballs,won 0 - 9,3
Thu Jan 21 @ 11:30 pm,Columbia Icefield: Gym 3,Kashif If You Can,won 1 - 5,2
Thu Feb 11 @ 10:30 pm,Columbia Icefield: Gym 3,Minions,won 5 - 2,0
Sat Feb 27 @ 2:30 pm,Columbia Icefield: Gym 2,Space Balls,won 5 - 0,2
Tue Mar 1 @ 5:00 pm,Columbia Icefield: Gym 2,Get Out the Way,won 2 - 6,2
Thu Mar 3 @ 4:30 pm,Columbia Icefield: Gym 3,Balls to the Walls,won 1 - 5,2
END_SEASON

PLAYOFFS:
Date/Time,Location,Opposing Team,Score,S.O.C.
Tue Mar 15 @ 5:00 pm,Columbia Icefield: Gym 2,PLACE_HOLDER,won 5 - 1,1
Thu Mar 24 @ 9:30 pm,Columbia Icefield: Gym 3,Ducking Spies,lost 4 - 1,1
END_PLAYOFFS

ROSTER:
Player,Captaincy,uwaterloo_email
Jesse Stremler,(C),jdstreml@uwaterloo.ca
Tali Barclay,,
Alexandra Brown,,
Kevin Cheng,,
Alexander Couzens-Brown,,
Rachel Curtis,,
Connor Deluca,,
Lindsie Driver,,
Jasleen Dulai,,
Margaret Girodat,,
Erin Hogeveen,,
Andy Horikawa,,
Danielle Kapsimalis,,
Jackie Ketchen,,
Chia-Yi Lee,,
Angel Mak,,
Jeremy Malloch,,
Julia Mallory,,
Jeffrey Mason,,
Sarah McCarrel,,
Viet Pham,,
Leah Picone,,
Ryan Quanz,,
Lindsey Rounds,,
Emma Roy,,
Namanish Singh,,
Callum Spurr,,
Darius Steffler,,
Jonathan Van Der Veen,,
Tristan Vander Hoef,,
Cole Vander Veen,,
Mitchell Vandermey,,
Evelyn Wiegand,,
Richard Wu,,
Sean Yates,,
Daeun Yoon,,
END_ROSTER
