INFO:
teamName,What Do You Mean?
teamAbbreviation,What Do You Mean?
sportId,n/a
sportName,n/a
sportRules,n/a
leagueId,watMu
levelId,n/a
seasonName,n/a
seasonId,n/a
Roster Size,14
Season Games Played,7
Playoff Round Lengths,1
END_INFO

SEASON:
Date/Time,Location,Opposing Team,Score,S.O.C.
Thu Jan 21 @ 10:30 pm,Columbia Icefield: Gym 3,Top Guns,lost 4 - 5,2
Sat Jan 30 @ 7:30 pm,Columbia Icefield: Gym 2,Hermans (dodge) Balls,won 0 - 9,2
Sat Jan 30 @ 9:30 pm,Columbia Icefield: Gym 2,Infiltration,won 5 - 0,avg.
Mon Feb 8 @ 11:30 pm,Columbia Icefield: Gym 3,St. Paul’s Ballz,won 3 - 5,3
Thu Feb 11 @ 9:30 pm,Columbia Icefield: Gym 3,Her Majestey’s,won 1 - 5,2
Mon Feb 29 @ 11:30 pm,Columbia Icefield: Gym 3,Top Guns,won 1 - 5,1
Thu Mar 10 @ 11:30 pm,Columbia Icefield: Gym 3,Ducking Spies,,
END_SEASON

PLAYOFFS:
Date/Time,Location,Opposing Team,Score,S.O.C.
Fri Mar 11 @ 7:00 am,Columbia Icefield: Gym 3,Ducking Spies,lost 5 - 3,1
END_PLAYOFFS

ROSTER:
Player,Captaincy,uwaterloo_email
Jennifer Farlow,(C),jffarlow@uwaterloo.ca
Upneet Bala,,
Benjamin Bonsma,,
Mika Driedger,,
Jesse Friesen,,
Lucas Froese,,
Timothy Greenwood,,
Lauren Hankins,,
Cameron Klassen,,
Ryan Martin,,
Jeremiah McCleary,,
Aaron Oesch,,
Peter Reesor,,
Jacob Rudy-Froese,,
END_ROSTER
