INFO:
teamName,Balls to the Walls
teamAbbreviation,Balls to the Walls
sportId,n/a
sportName,n/a
sportRules,n/a
leagueId,watMu
levelId,n/a
seasonName,n/a
seasonId,n/a
Roster Size,15
Season Games Played,7
Playoff Round Lengths,1
END_INFO

SEASON:
Date/Time,Location,Opposing Team,Score,S.O.C.
Tue Jan 19 @ 4:00 pm,Columbia Icefield: Gym 2,Hermans (dodge) Balls,tie 4 - 4,1
Mon Jan 25 @ 11:30 pm,Columbia Icefield: Gym 3,E=MC Hammer,lost 8 - 1,1
Mon Feb 1 @ 8:30 pm,Columbia Icefield: Gym 3,DC Varadodge Challenger,lost 1 - 5,3
Mon Feb 8 @ 8:30 pm,Columbia Icefield: Gym 3,aFOCalypse,won 7 - 2,1
Mon Feb 22 @ 8:30 pm,Columbia Icefield: Gym 3,Ducking Spies,lost 0 - 6,3
Thu Mar 3 @ 4:30 pm,Columbia Icefield: Gym 3,Renison!,lost 1 - 5,1
Thu Mar 10 @ 10:30 pm,Columbia Icefield: Gym 3,Top Guns,,
END_SEASON

PLAYOFFS:
Date/Time,Location,Opposing Team,Score,S.O.C.
Fri Mar 11 @ 6:00 am,Columbia Icefield: Gym 3,Top Guns,lost 5 - 3,1
END_PLAYOFFS

ROSTER:
Player,Captaincy,uwaterloo_email
Julia Bergevin,(C),jbergevi@uwaterloo.ca
Haley Chow,,
Bryce Claughton,,
Nicole Gabura,,
Madeleine Godin,,
Paloma Gonzales Izquierdo,,
Jack Gunn,,
Taylor Kidd-Milne,,
Celia Kirk,,
Nicholas Loader,,
Megan Macgregor,,
John Scarrow,,
Kaitlin Thompson,,
John Tu,,
Paul Wylie,,
END_ROSTER
