INFO:
teamName,Kashif If You Can
teamAbbreviation,Kashif If You Can
sportId,n/a
sportName,n/a
sportRules,n/a
leagueId,watMu
levelId,n/a
seasonName,n/a
seasonId,n/a
Roster Size,14
Season Games Played,7
Playoff Round Lengths,1
END_INFO

SEASON:
Date/Time,Location,Opposing Team,Score,S.O.C.
Thu Jan 21 @ 11:30 pm,Columbia Icefield: Gym 3,Renison!,lost 1 - 5,2
Mon Jan 25 @ 9:30 pm,Columbia Icefield: Gym 3,St. Paul’s Ballz,won 3 - 7,3
Sat Jan 30 @ 6:30 pm,Columbia Icefield: Gym 2,The West Baes,won 3 - 6,2
Thu Feb 4 @ 4:30 pm,Columbia Icefield: Gym 3,Space Balls,won 0 - 5,avg.
Mon Feb 22 @ 11:30 pm,Columbia Icefield: Gym 3,DC Varadodge Challenger,won 5 - 1,2
Thu Mar 3 @ 9:30 pm,Columbia Icefield: Gym 3,Ball Dodgers,won 0 - 9,3
Thu Mar 10 @ 7:30 pm,Columbia Icefield: Gym 3,Spheres in your Visage,,
END_SEASON

PLAYOFFS:
Date/Time,Location,Opposing Team,Score,S.O.C.
Fri Mar 11 @ 3:00 am,Columbia Icefield: Gym 3,Spheres in your Visage,lost 3 - 5,2
END_PLAYOFFS

ROSTER:
Player,Captaincy,uwaterloo_email
Nadia Gilani,(C),n2gilani@uwaterloo.ca
Joshua Bauman,,
Cara Brereton,,
Matthew Davis,,
Farzaan Hoque,,
Sidra-Tul-Muntaha Khan,,
Nicole Lassel,,
Matthew Lourenco,,
Mickenzie Moore,,
Danny Nguyen,,
Nicholas Sbrocchi,,
Rebecca Terrell,,
Peter Tran,,
Chedy Usita,,
END_ROSTER
