INFO:
teamName,Who Let The DODGE Out?
teamAbbreviation,Who Let The DODGE Out?
sportId,n/a
sportName,n/a
sportRules,n/a
leagueId,watMu
levelId,n/a
seasonName,n/a
seasonId,n/a
Roster Size,16
Season Games Played,6
Playoff Round Lengths,1,1
END_INFO

SEASON:
Date/Time,Location,Opposing Team,Score,S.O.C.
Sat Jan 23 @ 9:30 pm,Columbia Icefield: Gym 2,Ball Dodgers,lost 1 - 5,3
Thu Jan 28 @ 10:30 pm,Columbia Icefield: Gym 3,Infiltration,won 5 - 0,avg.
Tue Feb 2 @ 6:00 pm,Columbia Icefield: Gym 2,Ducking Spies,lost 5 - 4,2
Tue Feb 9 @ 5:00 pm,Columbia Icefield: Gym 2,DC Varadodge Challenger,lost 1 - 5,2
Thu Feb 11 @ 4:30 pm,Columbia Icefield: Gym 3,Get Out the Way,lost 6 - 2,2
Tue Feb 23 @ 4:00 pm,Columbia Icefield: Gym 2,untouchaballs,won 5 - 0,avg.
END_SEASON

PLAYOFFS:
Date/Time,Location,Opposing Team,Score,S.O.C.
Mon Mar 21 @ 11:30 pm,Columbia Icefield: Gym 3,Space Balls,won 5 - 3,0
Thu Mar 31 @ 11:30 pm,Columbia Icefield: Gym 3,Top Guns,lost 5 - 2,0
END_PLAYOFFS

ROSTER:
Player,Captaincy,uwaterloo_email
Jose Idrobo,(C),jaidrobo@uwaterloo.ca
Ana Botorce,,
Hui Xin Dong ,,
Patrick Ellsworth,,
Syed  Hyder,,
Daniel Kolesar,,
Junlan Li,,
Hao Ma,,
Krishal Parikh,,
Natasha Park,,
Behram Qazi,,
Sophie Ru,,
Brianne Taylor,,
Hsiang Yu Tsai,,
Nathan Vanderwindt,,
Arete Zafiriou,,
END_ROSTER
