INFO:
teamName,PLACE_HOLDER
teamAbbreviation,PLACE_HOLDER
sportId,n/a
sportName,n/a
sportRules,n/a
leagueId,watMu
levelId,n/a
seasonName,n/a
seasonId,n/a
Roster Size,10
Season Games Played,6
Playoff Round Lengths,1
END_INFO

SEASON:
Date/Time,Location,Opposing Team,Score,S.O.C.
Sat Jan 16 @ 5:30 pm,Columbia Icefield: Gym 2,Minions,won 5 - 1,2
Sat Jan 23 @ 2:30 pm,Columbia Icefield: Gym 2,Because it’s 2016,won 5 - 4,1
Sat Jan 23 @ 4:30 pm,Columbia Icefield: Gym 2,Individual 1,won 5 - 1,2
Tue Jan 26 @ 4:00 pm,Columbia Icefield: Gym 2,Spheres in your Visage,lost 5 - 3,2
Sat Feb 27 @ 1:30 pm,Columbia Icefield: Gym 2,Tron 2020,won 5 - 3,3
Sat Mar 5 @ 1:30 pm,Columbia Icefield: Gym 2,untouchaballs,lost 0 - 5,2
END_SEASON

PLAYOFFS:
Date/Time,Location,Opposing Team,Score,S.O.C.
Tue Mar 15 @ 5:00 pm,Columbia Icefield: Gym 2,Renison!,lost 5 - 1,0
END_PLAYOFFS

ROSTER:
Player,Captaincy,uwaterloo_email
Mitchell Hatfield,(C),mehatfie@uwaterloo.ca
David Birnbaum,,
Bradley Buren,,
Ann Demaiter,,
Nathaniel Holwell,,
Michael Knight,,
Kacie Leblanc,,
Alexandra Meinzinger,,
Sina Moradian,,
Nicola Muzzin,,
END_ROSTER
