INFO:
teamName,Ducking Spies
teamAbbreviation,Ducking Spies
sportId,n/a
sportName,n/a
sportRules,n/a
leagueId,watMu
levelId,n/a
seasonName,n/a
seasonId,n/a
Roster Size,13
Season Games Played,7
Playoff Round Lengths,1,1,1
END_INFO

SEASON:
Date/Time,Location,Opposing Team,Score,S.O.C.
Tue Jan 19 @ 6:00 pm,Columbia Icefield: Gym 2,Get Out the Way,won 5 - 2,2
Tue Feb 2 @ 6:00 pm,Columbia Icefield: Gym 2,Who Let The DODGE Out?,won 5 - 4,2
Thu Feb 4 @ 8:30 pm,Columbia Icefield: Gym 3,St. Paul’s Ballz,won 2 - 4,2
Mon Feb 22 @ 8:30 pm,Columbia Icefield: Gym 3,Balls to the Walls,won 0 - 6,3
Thu Mar 3 @ 11:30 pm,Columbia Icefield: Gym 3,Infiltration,won 5 - 0,avg.
Mon Mar 7 @ 9:30 pm,Columbia Icefield: Gym 3,Tron 2020,lost 4 - 5,2
Thu Mar 10 @ 11:30 pm,Columbia Icefield: Gym 3,What Do You Mean?,,
END_SEASON

PLAYOFFS:
Date/Time,Location,Opposing Team,Score,S.O.C.
Fri Mar 11 @ 7:00 am,Columbia Icefield: Gym 3,What Do You Mean?,won 5 - 3,1
Thu Mar 24 @ 9:30 pm,Columbia Icefield: Gym 3,Renison!,won 4 - 1,1
Thu Mar 31 @ 10:30 pm,Columbia Icefield: Gym 3,Her Majestey’s,won 5 - 1,0
END_PLAYOFFS

ROSTER:
Player,Captaincy,uwaterloo_email
Ishani Kumar,(C),i2kumar@uwaterloo.ca
Charlotte Chan,,
Thomas Constantin,,
Umesh Khanna,,
Vishal Mathur,,
Yannick Ngana,,
Noorain Noorani,,
Prianka Sivasubramanium,,
Christopher Stern,,
Veronica Sullivan,,
Brenda Truong,,
Hay Yan,,
Nathan Yim,,
END_ROSTER
