INFO:
teamName,Spheres in your Visage
teamAbbreviation,Spheres in your Visage
sportId,n/a
sportName,n/a
sportRules,n/a
leagueId,watMu
levelId,n/a
seasonName,n/a
seasonId,n/a
Roster Size,14
Season Games Played,7
Playoff Round Lengths,1,1
END_INFO

SEASON:
Date/Time,Location,Opposing Team,Score,S.O.C.
Sat Jan 23 @ 5:30 pm,Columbia Icefield: Gym 2,Space Balls,won 1 - 5,2
Sat Jan 23 @ 6:30 pm,Columbia Icefield: Gym 2,The West Baes,won 3 - 5,0
Tue Jan 26 @ 4:00 pm,Columbia Icefield: Gym 2,PLACE_HOLDER,won 5 - 3,-1
Tue Feb 2 @ 4:00 pm,Columbia Icefield: Gym 2,Ball Dodgers,lost 5 - 3,2
Thu Feb 25 @ 11:30 pm,Columbia Icefield: Gym 3,Individual 1,won 0 - 5,avg.
Sat Mar 5 @ 6:30 pm,Columbia Icefield: Gym 2,E=MC Hammer,won 3 - 5,1
Thu Mar 10 @ 7:30 pm,Columbia Icefield: Gym 3,Kashif If You Can,,
END_SEASON

PLAYOFFS:
Date/Time,Location,Opposing Team,Score,S.O.C.
Fri Mar 11 @ 3:00 am,Columbia Icefield: Gym 3,Kashif If You Can,won 3 - 5,2
Thu Mar 24 @ 10:30 pm,Columbia Icefield: Gym 3,Her Majestey’s,lost 2 - 5,1
END_PLAYOFFS

ROSTER:
Player,Captaincy,uwaterloo_email
John Kurelek,(C),john.kurelek@gmail.com
Ajith Airody,,
Christopher Chasse,,
Jonathan Deng,,
Jia Hu,,
Mark Istvan,,
Andrew Katz,,
Andrew Lambert,,
Jeffrey McClure,,
Matthew McMaster,,
Amir Panahi,,
Thelge Pieris,,
Mengxi Zhu,,
Eugene Zivkov,,
END_ROSTER
