INFO:
teamName,Space Balls
teamAbbreviation,Space Balls
sportId,n/a
sportName,n/a
sportRules,n/a
leagueId,watMu
levelId,n/a
seasonName,n/a
seasonId,n/a
Roster Size,14
Season Games Played,6
Playoff Round Lengths,1,1
END_INFO

SEASON:
Date/Time,Location,Opposing Team,Score,S.O.C.
Sat Jan 16 @ 4:30 pm,Columbia Icefield: Gym 2,Because it’s 2016,won 2 - 5,2
Sat Jan 23 @ 5:30 pm,Columbia Icefield: Gym 2,Spheres in your Visage,lost 1 - 5,2
Sat Jan 30 @ 5:30 pm,Columbia Icefield: Gym 2,aFOCalypse,won 0 - 6,1
Thu Feb 4 @ 4:30 pm,Columbia Icefield: Gym 3,Kashif If You Can,lost 0 - 5,-2
Sat Feb 27 @ 2:30 pm,Columbia Icefield: Gym 2,Renison!,lost 5 - 0,2
Sat Mar 5 @ 2:30 pm,Columbia Icefield: Gym 2,The West Baes,lost 5 - 2,2
END_SEASON

PLAYOFFS:
Date/Time,Location,Opposing Team,Score,S.O.C.
Sat Mar 12 @ 1:30 pm,Columbia Icefield: Gym 2,Ball So Hard,won 5 - 0,1
Mon Mar 21 @ 11:30 pm,Columbia Icefield: Gym 3,Who Let The DODGE Out?,lost 5 - 3,0
END_PLAYOFFS

ROSTER:
Player,Captaincy,uwaterloo_email
Steven Sherman,(C),sbsherma@uwaterloo.ca
Gurpreet Chahal,,
Catherine Chong,,
Garima Dua,,
Zeyu Guo,,
Zekarias Kedida,,
Afsanul Khan,,
Hamza Khan,,
Betty Liu,,
Mahdi Mahdi,,
Alexander McKenzie,,
Alice Van Ngo,,
Peter Vandermeer,,
Matthew Warren,,
END_ROSTER
