INFO:
teamName,Because it’s 2016
teamAbbreviation,Because it’s 2016
sportId,n/a
sportName,n/a
sportRules,n/a
leagueId,watMu
levelId,n/a
seasonName,n/a
seasonId,n/a
Roster Size,15
Season Games Played,7
Playoff Round Lengths,1
END_INFO

SEASON:
Date/Time,Location,Opposing Team,Score,S.O.C.
Sat Jan 16 @ 4:30 pm,Columbia Icefield: Gym 2,Space Balls,lost 2 - 5,2
Sat Jan 23 @ 2:30 pm,Columbia Icefield: Gym 2,PLACE_HOLDER,lost 5 - 4,1
Thu Jan 28 @ 9:30 pm,Columbia Icefield: Gym 3,E=MC Hammer,lost 7 - 1,0
Thu Feb 4 @ 10:30 pm,Columbia Icefield: Gym 3,Hermans (dodge) Balls,won 6 - 3,3
Sat Feb 27 @ 4:30 pm,Columbia Icefield: Gym 2,Individual 1,won 1 - 5,2
Sat Feb 27 @ 9:30 pm,Columbia Icefield: Gym 2,Ball So Hard,won 1 - 5,3
Thu Mar 10 @ 8:30 pm,Columbia Icefield: Gym 3,Tron 2020,,
END_SEASON

PLAYOFFS:
Date/Time,Location,Opposing Team,Score,S.O.C.
Fri Mar 11 @ 4:00 am,Columbia Icefield: Gym 3,Tron 2020,lost 5 - 4,0
END_PLAYOFFS

ROSTER:
Player,Captaincy,uwaterloo_email
Nicholas Revington,(C),nwreving@uwaterloo.ca
Robert Babin,,
Katherine Belshaw,,
Samantha Dunlop,,
Ariola Lika,,
Bi Loi,,
Andrea Mikkila,,
Jacob Mitchell,,
Ryan Oxford,,
Jonathan Pounder,,
Matthew Quick,,
Ashley Rudkevitch,,
Evan Sugden,,
Filiz Tamer,,
Karmen Whitbread,,
END_ROSTER
