INFO:
teamName,St. Paul’s Ballz
teamAbbreviation,St. Paul’s Ballz
sportId,n/a
sportName,n/a
sportRules,n/a
leagueId,watMu
levelId,n/a
seasonName,n/a
seasonId,n/a
Roster Size,15
Season Games Played,7
Playoff Round Lengths,1
END_INFO

SEASON:
Date/Time,Location,Opposing Team,Score,S.O.C.
Mon Jan 18 @ 9:30 pm,Columbia Icefield: Gym 3,DC Varadodge Challenger,won 5 - 0,avg.
Mon Jan 25 @ 9:30 pm,Columbia Icefield: Gym 3,Kashif If You Can,lost 3 - 7,3
Thu Feb 4 @ 8:30 pm,Columbia Icefield: Gym 3,Ducking Spies,lost 2 - 4,2
Mon Feb 8 @ 11:30 pm,Columbia Icefield: Gym 3,What Do You Mean?,lost 3 - 5,3
Mon Feb 22 @ 10:30 pm,Columbia Icefield: Gym 3,Her Majestey’s,lost 1 - 4,2
Mon Feb 29 @ 10:30 pm,Columbia Icefield: Gym 3,Top Guns,won 5 - 3,3
Thu Mar 10 @ 6:30 pm,Columbia Icefield: Gym 3,DC Varadodge Challenger,,
END_SEASON

PLAYOFFS:
Date/Time,Location,Opposing Team,Score,S.O.C.
Fri Mar 11 @ 2:00 am,Columbia Icefield: Gym 3,DC Varadodge Challenger,lost 5 - 4,1
END_PLAYOFFS

ROSTER:
Player,Captaincy,uwaterloo_email
Taylor Larking,(C),tlarking@uwaterloo.ca
Brett Abram,,
Joseph Barcellos,,
Shoshannah Byrne-Mamahit,,
Matthew Greenberg,,
Clarese Greig,,
Danielle Hak,,
Dongjin Kang,,
Nathan Lee,,
Lucas Ma,,
Aidan Power,,
Erin Reed,,
Samir Reynolds,,
Samantha Smith,,
Matthew Suski,,
END_ROSTER
