INFO:
teamName,E=MC Hammer
teamAbbreviation,E=MC Hammer
sportId,n/a
sportName,n/a
sportRules,n/a
leagueId,watMu
levelId,n/a
seasonName,n/a
seasonId,n/a
Roster Size,18
Season Games Played,6
Playoff Round Lengths,1,1
END_INFO

SEASON:
Date/Time,Location,Opposing Team,Score,S.O.C.
Mon Jan 25 @ 11:30 pm,Columbia Icefield: Gym 3,Balls to the Walls,won 8 - 1,2
Thu Jan 28 @ 9:30 pm,Columbia Icefield: Gym 3,Because it’s 2016,won 7 - 1,0
Thu Feb 25 @ 8:30 pm,Columbia Icefield: Gym 3,Her Majestey’s,lost 5 - 1,1
Thu Mar 3 @ 7:30 pm,Columbia Icefield: Gym 3,Top Guns,won 3 - 5,3
Sat Mar 5 @ 6:30 pm,Columbia Icefield: Gym 2,Spheres in your Visage,lost 3 - 5,2
Sat Mar 5 @ 9:30 pm,Columbia Icefield: Gym 2,Ball So Hard,won 5 - 2,2
END_SEASON

PLAYOFFS:
Date/Time,Location,Opposing Team,Score,S.O.C.
Thu Mar 17 @ 11:30 pm,Columbia Icefield: Gym 3,untouchaballs,won 4 - 3,1
Thu Mar 24 @ 5:30 pm,Columbia Icefield: Gym 3,Get Out the Way,lost 5 - 1,1
END_PLAYOFFS

ROSTER:
Player,Captaincy,uwaterloo_email
Rainbow Lo,(C),roylo@uwaterloo.ca
Jacob Basso,,
Mercedes Dibernardo,,
Muhammad Furqan,,
Monica Gromala,,
Seynab Hassan,,
Maica Jimenez,,
Akshay Jogoo,,
Thilina Krishnanand,,
Michelle Liang,,
Yuen Lui,,
Gena Markous,,
Parth Midha,,
Chirayu Patel,,
Christina Sandajan,,
Walker Stewart,,
Moiz Zahid,,
Derek Zhang,,
END_ROSTER
