INFO:
teamName,aFOCalypse
teamAbbreviation,aFOCalypse
sportId,n/a
sportName,n/a
sportRules,n/a
leagueId,watMu
levelId,n/a
seasonName,n/a
seasonId,n/a
Roster Size,10
Season Games Played,6
Playoff Round Lengths,1
END_INFO

SEASON:
Date/Time,Location,Opposing Team,Score,S.O.C.
Mon Jan 18 @ 10:30 pm,Columbia Icefield: Gym 3,Her Majestey’s,lost 8 - 0,2
Sat Jan 30 @ 2:30 pm,Columbia Icefield: Gym 2,Tron 2020,lost 5 - 0,-2
Sat Jan 30 @ 5:30 pm,Columbia Icefield: Gym 2,Space Balls,lost 0 - 6,2
Mon Feb 8 @ 8:30 pm,Columbia Icefield: Gym 3,Balls to the Walls,lost 7 - 2,3
Sat Feb 27 @ 8:30 pm,Columbia Icefield: Gym 2,Hermans (dodge) Balls,won 0 - 5,avg.
Mon Feb 29 @ 8:30 pm,Columbia Icefield: Gym 3,Tron 2020,lost 5 - 0,2
END_SEASON

PLAYOFFS:
Date/Time,Location,Opposing Team,Score,S.O.C.
Sat Mar 12 @ 4:30 pm,Columbia Icefield: Gym 2,Individual 1,lost 1 - 5,1
END_PLAYOFFS

ROSTER:
Player,Captaincy,uwaterloo_email
Eric Le Dreff-Kerwin,(C),elledref@uwaterloo.ca
Amreen Babujee,,
Mandeep Bhatwa,,
Shannon Fernandes,,
Eva Ho,,
Saima Hossain,,
Sarah Indris,,
Emily Nafziger,,
Sajani Shah,,
David Weiler,,
END_ROSTER
