INFO:
teamName,Her Majestey’s
teamAbbreviation,Her Majestey’s
sportId,n/a
sportName,n/a
sportRules,n/a
leagueId,watMu
levelId,n/a
seasonName,n/a
seasonId,n/a
Roster Size,17
Season Games Played,6
Playoff Round Lengths,1,1,1
END_INFO

SEASON:
Date/Time,Location,Opposing Team,Score,S.O.C.
Mon Jan 18 @ 10:30 pm,Columbia Icefield: Gym 3,aFOCalypse,won 8 - 0,1
Mon Jan 25 @ 10:30 pm,Columbia Icefield: Gym 3,Top Guns,won 5 - 3,2
Mon Feb 1 @ 11:30 pm,Columbia Icefield: Gym 3,Infiltration,won 5 - 2,2
Thu Feb 11 @ 9:30 pm,Columbia Icefield: Gym 3,What Do You Mean?,lost 1 - 5,2
Mon Feb 22 @ 10:30 pm,Columbia Icefield: Gym 3,St. Paul’s Ballz,won 1 - 4,-1
Thu Feb 25 @ 8:30 pm,Columbia Icefield: Gym 3,E=MC Hammer,won 5 - 1,2
END_SEASON

PLAYOFFS:
Date/Time,Location,Opposing Team,Score,S.O.C.
Sat Mar 12 @ 3:30 pm,Columbia Icefield: Gym 2,Ball Dodgers,won 4 - 5,1
Thu Mar 24 @ 10:30 pm,Columbia Icefield: Gym 3,Spheres in your Visage,won 2 - 5,1
Thu Mar 31 @ 10:30 pm,Columbia Icefield: Gym 3,Ducking Spies,lost 5 - 1,0
END_PLAYOFFS

ROSTER:
Player,Captaincy,uwaterloo_email
Arnaud Maret,(C),amaret@uwaterloo.ca
Harry Aldington,,
Kurtis  Christian,,
James Colalillo,,
Thomas Costelloe,,
Frida Hansson,,
Eleanor Lee,,
Oriane Magnin,,
Dana Matar,,
Arun Mittal,,
Olunuga Oluwasijibomi,,
Hugo Pourcelot,,
Samuel Preston,,
Zubain Sayed,,
Kristian Schneider,,
Clara Weber,,
Louella Wright,,
END_ROSTER
