INFO:
teamName,Minions
teamAbbreviation,Minions
sportId,n/a
sportName,n/a
sportRules,n/a
leagueId,watMu
levelId,n/a
seasonName,n/a
seasonId,n/a
Roster Size,13
Season Games Played,6
Playoff Round Lengths,1
END_INFO

SEASON:
Date/Time,Location,Opposing Team,Score,S.O.C.
Sat Jan 16 @ 5:30 pm,Columbia Icefield: Gym 2,PLACE_HOLDER,lost 5 - 1,2
Sat Jan 23 @ 8:30 pm,Columbia Icefield: Gym 2,Ball Dodgers,lost 5 - 4,1
Thu Jan 28 @ 8:30 pm,Columbia Icefield: Gym 3,Hermans (dodge) Balls,won 5 - 2,2
Sat Jan 30 @ 8:30 pm,Columbia Icefield: Gym 2,Ball So Hard,won 2 - 5,2
Thu Feb 11 @ 10:30 pm,Columbia Icefield: Gym 3,Renison!,lost 5 - 2,1
Tue Mar 8 @ 5:00 pm,Columbia Icefield: Gym 2,Ball So Hard,won 3 - 4,3
END_SEASON

PLAYOFFS:
Date/Time,Location,Opposing Team,Score,S.O.C.
Mon Mar 14 @ 9:30 pm,Columbia Icefield: Gym 3,Get Out the Way,lost 5 - 2,1
END_PLAYOFFS

ROSTER:
Player,Captaincy,uwaterloo_email
Erin Stuart,(C),e2stuart@uwaterloo.ca
William Buder,,
Nicholas Charron,,
Yoo Cho,,
Kevan Farrell,,
Philip Gores,,
Erik Marble,,
Angela Mei,,
Lindsey Pogue,,
Meaghan Quanz,,
Zachary Smith,,
Tomasz Szwiega,,
Joshua Tapia,,
END_ROSTER
