INFO:
teamName,Individual 1
teamAbbreviation,Individual 1
sportId,n/a
sportName,n/a
sportRules,n/a
leagueId,watMu
levelId,n/a
seasonName,n/a
seasonId,n/a
Roster Size,9
Season Games Played,6
Playoff Round Lengths,1,1
END_INFO

SEASON:
Date/Time,Location,Opposing Team,Score,S.O.C.
Sat Jan 23 @ 4:30 pm,Columbia Icefield: Gym 2,PLACE_HOLDER,lost 5 - 1,2
Sat Jan 30 @ 4:30 pm,Columbia Icefield: Gym 2,Ball Dodgers,lost 5 - 1,3
Sat Feb 6 @ 4:30 pm,Columbia Icefield: Gym 2,Ball So Hard,lost 5 - 0,0
Thu Feb 11 @ 6:30 pm,Columbia Icefield: Gym 3,untouchaballs,lost 5 - 0,-2
Thu Feb 25 @ 11:30 pm,Columbia Icefield: Gym 3,Spheres in your Visage,lost 0 - 5,-2
Sat Feb 27 @ 4:30 pm,Columbia Icefield: Gym 2,Because it’s 2016,lost 1 - 5,2
END_SEASON

PLAYOFFS:
Date/Time,Location,Opposing Team,Score,S.O.C.
Sat Mar 12 @ 4:30 pm,Columbia Icefield: Gym 2,aFOCalypse,won 1 - 5,1
Thu Mar 31 @ 7:30 pm,Columbia Icefield: Gym 3,Infiltration,won 5 - 0,0
END_PLAYOFFS

ROSTER:
Player,Captaincy,uwaterloo_email
Philip Boutin,,
Xiao Chen,,
Kshitij Jain,,
James Quiambao,,
Suyash Singh,,
Jason Sinn,,
Aaron Wong,,
Kai Yang,,
Christopher Yau,,
END_ROSTER
