INFO:
teamName,Tron 2020
teamAbbreviation,Tron 2020
sportId,n/a
sportName,n/a
sportRules,n/a
leagueId,watMu
levelId,n/a
seasonName,n/a
seasonId,n/a
Roster Size,18
Season Games Played,7
Playoff Round Lengths,1,1,1
END_INFO

SEASON:
Date/Time,Location,Opposing Team,Score,S.O.C.
Thu Jan 21 @ 9:30 pm,Columbia Icefield: Gym 3,Get Out the Way,lost 5 - 2,2
Sat Jan 30 @ 2:30 pm,Columbia Icefield: Gym 2,aFOCalypse,won 5 - 0,avg.
Thu Feb 4 @ 9:30 pm,Columbia Icefield: Gym 3,Ball Dodgers,lost 5 - 4,1
Sat Feb 27 @ 1:30 pm,Columbia Icefield: Gym 2,PLACE_HOLDER,lost 5 - 3,3
Mon Feb 29 @ 8:30 pm,Columbia Icefield: Gym 3,aFOCalypse,won 5 - 0,2
Mon Mar 7 @ 9:30 pm,Columbia Icefield: Gym 3,Ducking Spies,won 4 - 5,2
Thu Mar 10 @ 8:30 pm,Columbia Icefield: Gym 3,Because it’s 2016,,
END_SEASON

PLAYOFFS:
Date/Time,Location,Opposing Team,Score,S.O.C.
Fri Mar 11 @ 4:00 am,Columbia Icefield: Gym 3,Because it’s 2016,won 5 - 4,1
Tue Mar 22 @ 6:00 pm,Columbia Icefield: Gym 2,DC Varadodge Challenger,won 4 - 5,1
Mon Mar 28 @ 8:30 pm,Columbia Icefield: Gym 3,Get Out the Way,lost 0 - 5,1
END_PLAYOFFS

ROSTER:
Player,Captaincy,uwaterloo_email
Xin Song,(C),x24song@uwaterloo.ca
Hazel Babu,,
Michael Beauchemin,,
Raniel Chan,,
Patricia Duong,,
Colin Evans,,
Rawle Groothuizen,,
Daniel Harrold,,
Solgang Im,,
Yunsheng Jiang,,
Jordan Killen,,
Jeeyoung Kim,,
Sean Kim,,
Tuan Le,,
Nathan Lee,,
Caiyin Li,,
Wei Yu Liu,,
Hsin Lo,,
END_ROSTER
