INFO:
teamName,The West Baes
teamAbbreviation,The West Baes
sportId,n/a
sportName,n/a
sportRules,n/a
leagueId,watMu
levelId,n/a
seasonName,n/a
seasonId,n/a
Roster Size,17
Season Games Played,6
Playoff Round Lengths,1
END_INFO

SEASON:
Date/Time,Location,Opposing Team,Score,S.O.C.
Sat Jan 23 @ 6:30 pm,Columbia Icefield: Gym 2,Spheres in your Visage,lost 3 - 5,0
Sat Jan 30 @ 6:30 pm,Columbia Icefield: Gym 2,Kashif If You Can,lost 3 - 6,2
Sat Feb 6 @ 5:30 pm,Columbia Icefield: Gym 2,untouchaballs,won 5 - 3,2
Thu Feb 25 @ 10:30 pm,Columbia Icefield: Gym 3,untouchaballs,lost 2 - 5,4
Thu Mar 3 @ 5:30 pm,Columbia Icefield: Gym 3,DC Varadodge Challenger,lost 2 - 5,2
Sat Mar 5 @ 2:30 pm,Columbia Icefield: Gym 2,Space Balls,won 5 - 2,2
END_SEASON

PLAYOFFS:
Date/Time,Location,Opposing Team,Score,S.O.C.
Mon Mar 21 @ 8:30 pm,Columbia Icefield: Gym 3,Top Guns,lost 5 - 3,0
END_PLAYOFFS

ROSTER:
Player,Captaincy,uwaterloo_email
Alitsia Sturges,(C),alitsias@gmail.com
Natalie Choi,,
Harrison Cooper,,
Mitchel Crombeen,,
Tareef Dedhar,,
Sophie Gagnon,,
Courtney Hepburn,,
Paul Jalbert,,
Jerusan Jegatheeswaran,,
Ji Kim,,
Laura Latorre,,
Taylor Macdonald,,
Christine Nielsen,,
Jamie Struthers,,
Russell Sweeney,,
Jonathan Tran,,
Sing Wong,,
END_ROSTER
