INFO:
teamName,Infiltration
teamAbbreviation,Infiltration
sportId,n/a
sportName,n/a
sportRules,n/a
leagueId,watMu
levelId,n/a
seasonName,n/a
seasonId,n/a
Roster Size,17
Season Games Played,6
Playoff Round Lengths,1,1
END_INFO

SEASON:
Date/Time,Location,Opposing Team,Score,S.O.C.
Thu Jan 28 @ 10:30 pm,Columbia Icefield: Gym 3,Who Let The DODGE Out?,lost 5 - 0,-2
Sat Jan 30 @ 9:30 pm,Columbia Icefield: Gym 2,What Do You Mean?,lost 5 - 0,-2
Mon Feb 1 @ 11:30 pm,Columbia Icefield: Gym 3,Her Majestey’s,lost 5 - 2,2
Tue Feb 23 @ 5:00 pm,Columbia Icefield: Gym 2,Get Out the Way,lost 0 - 5,2
Thu Mar 3 @ 11:30 pm,Columbia Icefield: Gym 3,Ducking Spies,lost 5 - 0,-2
Mon Mar 7 @ 8:30 pm,Columbia Icefield: Gym 3,Top Guns,lost 8 - 1,2
END_SEASON

PLAYOFFS:
Date/Time,Location,Opposing Team,Score,S.O.C.
Thu Mar 17 @ 7:30 pm,Columbia Icefield: Gym 3,Hermans (dodge) Balls,won 0 - 5,0
Thu Mar 31 @ 7:30 pm,Columbia Icefield: Gym 3,Individual 1,lost 5 - 0,0
END_PLAYOFFS

ROSTER:
Player,Captaincy,uwaterloo_email
Anna Yu,(C),a37yu@uwaterloo.ca
Tony Bao,,
Nicole Chen,,
Jongsha Han,,
Michael Hosue,,
Enya Huang,,
Jeremy Lan Hing Po,,
Monica Miranda,,
Asiya Patel,,
Joseph Reusing,,
Kristin So,,
Hayden Tsui,,
Stephanie Van,,
Stephanie Wen,,
Man Loong Yip,,
David Zhou,,
Rina Zhou,,
END_ROSTER
