INFO:
teamName,Get Out the Way
teamAbbreviation,Get Out the Way
sportId,n/a
sportName,n/a
sportRules,n/a
leagueId,watMu
levelId,n/a
seasonName,n/a
seasonId,n/a
Roster Size,13
Season Games Played,6
Playoff Round Lengths,1,1,1
END_INFO

SEASON:
Date/Time,Location,Opposing Team,Score,S.O.C.
Tue Jan 19 @ 6:00 pm,Columbia Icefield: Gym 2,Ducking Spies,lost 5 - 2,2
Thu Jan 21 @ 9:30 pm,Columbia Icefield: Gym 3,Tron 2020,won 5 - 2,2
Thu Jan 28 @ 4:30 pm,Columbia Icefield: Gym 3,DC Varadodge Challenger,lost 5 - 2,3
Thu Feb 11 @ 4:30 pm,Columbia Icefield: Gym 3,Who Let The DODGE Out?,won 6 - 2,3
Tue Feb 23 @ 5:00 pm,Columbia Icefield: Gym 2,Infiltration,won 0 - 5,3
Tue Mar 1 @ 5:00 pm,Columbia Icefield: Gym 2,Renison!,lost 2 - 6,2
END_SEASON

PLAYOFFS:
Date/Time,Location,Opposing Team,Score,S.O.C.
Mon Mar 14 @ 9:30 pm,Columbia Icefield: Gym 3,Minions,won 5 - 2,1
Thu Mar 24 @ 5:30 pm,Columbia Icefield: Gym 3,E=MC Hammer,won 5 - 1,1
Mon Mar 28 @ 8:30 pm,Columbia Icefield: Gym 3,Tron 2020,won 0 - 5,1
END_PLAYOFFS

ROSTER:
Player,Captaincy,uwaterloo_email
Daniel Viggiani,(C),dan.viggiani@gmail.com
Alan Cudlip,,
Michal Glinka,,
Frederick Goh,,
Kristina Gruevski,,
David Kingston,,
Benoit Lafleur,,
Murielle Landry,,
Carmen Liang,,
Gary Mangan,,
Graham Mayberry,,
Tyler Weaver,,
Taylor Winberg,,
END_ROSTER
