INFO:
teamName,DC Varadodge Challenger
teamAbbreviation,DC Varadodge Challenger
sportId,n/a
sportName,n/a
sportRules,n/a
leagueId,watMu
levelId,n/a
seasonName,n/a
seasonId,n/a
Roster Size,14
Season Games Played,7
Playoff Round Lengths,1,1
END_INFO

SEASON:
Date/Time,Location,Opposing Team,Score,S.O.C.
Mon Jan 18 @ 9:30 pm,Columbia Icefield: Gym 3,St. Paul’s Ballz,lost 5 - 0,-2
Thu Jan 28 @ 4:30 pm,Columbia Icefield: Gym 3,Get Out the Way,won 5 - 2,3
Mon Feb 1 @ 8:30 pm,Columbia Icefield: Gym 3,Balls to the Walls,won 1 - 5,3
Tue Feb 9 @ 5:00 pm,Columbia Icefield: Gym 2,Who Let The DODGE Out?,won 1 - 5,3
Mon Feb 22 @ 11:30 pm,Columbia Icefield: Gym 3,Kashif If You Can,lost 5 - 1,2
Thu Mar 3 @ 5:30 pm,Columbia Icefield: Gym 3,The West Baes,won 2 - 5,2
Thu Mar 10 @ 6:30 pm,Columbia Icefield: Gym 3,St. Paul’s Ballz,,
END_SEASON

PLAYOFFS:
Date/Time,Location,Opposing Team,Score,S.O.C.
Fri Mar 11 @ 2:00 am,Columbia Icefield: Gym 3,St. Paul’s Ballz,won 5 - 4,1
Tue Mar 22 @ 6:00 pm,Columbia Icefield: Gym 2,Tron 2020,lost 4 - 5,0
END_PLAYOFFS

ROSTER:
Player,Captaincy,uwaterloo_email
Hendrik Walther,(C),hendrik.walther@uwaterloo.ca
Emmanuel Alabi,,
Mohammed Althomali,,
Ian Erkelens,,
Akshay Gurdita,,
Yuan-Hao Ho,,
Varadharajan Jayakumar,,
Karli Kilkus,,
Vivek Labhishetty,,
William Ngo,,
Chau-Minh Phan,,
Andrea Reman,,
Christina Viscardi,,
Gah-Jone Won,,
END_ROSTER
