INFO:
teamName,untouchaballs
teamAbbreviation,untouchaballs
sportId,n/a
sportName,n/a
sportRules,n/a
leagueId,watMu
levelId,n/a
seasonName,n/a
seasonId,n/a
Roster Size,14
Season Games Played,6
Playoff Round Lengths,1
END_INFO

SEASON:
Date/Time,Location,Opposing Team,Score,S.O.C.
Sat Jan 16 @ 8:30 pm,Columbia Icefield: Gym 2,Renison!,lost 0 - 9,3
Sat Feb 6 @ 5:30 pm,Columbia Icefield: Gym 2,The West Baes,lost 5 - 3,1
Thu Feb 11 @ 6:30 pm,Columbia Icefield: Gym 3,Individual 1,won 5 - 0,avg.
Tue Feb 23 @ 4:00 pm,Columbia Icefield: Gym 2,Who Let The DODGE Out?,lost 5 - 0,-2
Thu Feb 25 @ 10:30 pm,Columbia Icefield: Gym 3,The West Baes,won 2 - 5,4
Sat Mar 5 @ 1:30 pm,Columbia Icefield: Gym 2,PLACE_HOLDER,won 0 - 5,2
END_SEASON

PLAYOFFS:
Date/Time,Location,Opposing Team,Score,S.O.C.
Thu Mar 17 @ 11:30 pm,Columbia Icefield: Gym 3,E=MC Hammer,lost 4 - 3,1
END_PLAYOFFS

ROSTER:
Player,Captaincy,uwaterloo_email
Anthony Ho,(C),ahhho@uwaterloo.ca
Dongqi Chen,,
Danny Eng,,
Kyle Fung,,
Nicholas Hon,,
Felix Lam,,
Philip Lau,,
Carrie Law,,
Andrew Lee,,
Wilbur Luong,,
Rochelle Tang,,
Cliff Tuen,,
Ernest Wong,,
Caitlin Yee,,
END_ROSTER
