INFO:
teamName,Ball So Hard
teamAbbreviation,Ball So Hard
sportId,n/a
sportName,n/a
sportRules,n/a
leagueId,watMu
levelId,n/a
seasonName,n/a
seasonId,n/a
Roster Size,14
Season Games Played,6
Playoff Round Lengths,1
END_INFO

SEASON:
Date/Time,Location,Opposing Team,Score,S.O.C.
Thu Jan 21 @ 5:30 pm,Columbia Icefield: Gym 3,Hermans (dodge) Balls,tie 4 - 4,3
Sat Jan 30 @ 8:30 pm,Columbia Icefield: Gym 2,Minions,lost 2 - 5,2
Sat Feb 6 @ 4:30 pm,Columbia Icefield: Gym 2,Individual 1,won 5 - 0,avg.
Sat Feb 27 @ 9:30 pm,Columbia Icefield: Gym 2,Because it’s 2016,lost 1 - 5,3
Sat Mar 5 @ 9:30 pm,Columbia Icefield: Gym 2,E=MC Hammer,lost 5 - 2,2
Tue Mar 8 @ 5:00 pm,Columbia Icefield: Gym 2,Minions,lost 3 - 4,3
END_SEASON

PLAYOFFS:
Date/Time,Location,Opposing Team,Score,S.O.C.
Sat Mar 12 @ 1:30 pm,Columbia Icefield: Gym 2,Space Balls,lost 5 - 0,1
END_PLAYOFFS

ROSTER:
Player,Captaincy,uwaterloo_email
Craig D’Souza,(C),C4DSOUZA@uwaterloo.ca
Chun Hin Andy Au,,
Joshua Bell,,
Si Te Feng,,
Crislita Harsono,,
Samarth Kochhar,,
Beomyoung Lee,,
Dongjae Lee,,
Kathryn Lynch,,
Francesco Macchione,,
Wesley McCloy,,
Hamrit Sidhu,,
Cary Sit,,
Ze Zhao,,
END_ROSTER
