INFO:
teamName,Top Guns
teamAbbreviation,Top Guns
sportId,n/a
sportName,n/a
sportRules,n/a
leagueId,watMu
levelId,n/a
seasonName,n/a
seasonId,n/a
Roster Size,14
Season Games Played,7
Playoff Round Lengths,1,1,1
END_INFO

SEASON:
Date/Time,Location,Opposing Team,Score,S.O.C.
Thu Jan 21 @ 10:30 pm,Columbia Icefield: Gym 3,What Do You Mean?,won 4 - 5,2
Mon Jan 25 @ 10:30 pm,Columbia Icefield: Gym 3,Her Majestey’s,lost 5 - 3,2
Mon Feb 29 @ 10:30 pm,Columbia Icefield: Gym 3,St. Paul’s Ballz,lost 5 - 3,2
Mon Feb 29 @ 11:30 pm,Columbia Icefield: Gym 3,What Do You Mean?,lost 1 - 5,0
Thu Mar 3 @ 7:30 pm,Columbia Icefield: Gym 3,E=MC Hammer,lost 3 - 5,2
Mon Mar 7 @ 8:30 pm,Columbia Icefield: Gym 3,Infiltration,won 8 - 1,2
Thu Mar 10 @ 10:30 pm,Columbia Icefield: Gym 3,Balls to the Walls,,
END_SEASON

PLAYOFFS:
Date/Time,Location,Opposing Team,Score,S.O.C.
Fri Mar 11 @ 6:00 am,Columbia Icefield: Gym 3,Balls to the Walls,won 5 - 3,1
Mon Mar 21 @ 8:30 pm,Columbia Icefield: Gym 3,The West Baes,won 5 - 3,0
Thu Mar 31 @ 11:30 pm,Columbia Icefield: Gym 3,Who Let The DODGE Out?,won 5 - 2,0
END_PLAYOFFS

ROSTER:
Player,Captaincy,uwaterloo_email
Michael Slegers,(C),MJSLEGER@uwaterloo.ca
David Bookhout,,
Eric Cheng,,
Brieuc De Vuyst,,
Jeffrey Dixon,,
Chelsea-Anne Edwards,,
Cameron Fuchs,,
Brian Ho,,
Yo Jang,,
Alfonso Jardeleza,,
Cody Labreche,,
Christopher Recker,,
Alexander Smook,,
Andrew Spanton,,
END_ROSTER
