INFO:
teamName,Hermans (dodge) Balls
teamAbbreviation,Hermans (dodge) Balls
sportId,n/a
sportName,n/a
sportRules,n/a
leagueId,watMu
levelId,n/a
seasonName,n/a
seasonId,n/a
Roster Size,16
Season Games Played,6
Playoff Round Lengths,1
END_INFO

SEASON:
Date/Time,Location,Opposing Team,Score,S.O.C.
Tue Jan 19 @ 4:00 pm,Columbia Icefield: Gym 2,Balls to the Walls,tie 4 - 4,2
Thu Jan 21 @ 5:30 pm,Columbia Icefield: Gym 3,Ball So Hard,tie 4 - 4,3
Thu Jan 28 @ 8:30 pm,Columbia Icefield: Gym 3,Minions,lost 5 - 2,1
Sat Jan 30 @ 7:30 pm,Columbia Icefield: Gym 2,What Do You Mean?,lost 0 - 9,2
Thu Feb 4 @ 10:30 pm,Columbia Icefield: Gym 3,Because it’s 2016,lost 6 - 3,3
Sat Feb 27 @ 8:30 pm,Columbia Icefield: Gym 2,aFOCalypse,lost 0 - 5,-2
END_SEASON

PLAYOFFS:
Date/Time,Location,Opposing Team,Score,S.O.C.
Thu Mar 17 @ 7:30 pm,Columbia Icefield: Gym 3,Infiltration,lost 0 - 5,-2
END_PLAYOFFS

ROSTER:
Player,Captaincy,uwaterloo_email
Yu He,(C),y54he@uwaterloo.ca
Jackie Baek,,
Lisa Gao,,
Yuxiang Gao,,
Yunan Gu,,
Zhengyang Gu,,
Brittany Lee,,
Herman Li,,
Chih Lin,,
Willis Liu,,
Jessica Nicastro,,
Kerui Qiu,,
Shaina Reid,,
Bo Yin,,
Qin Yuan,,
Brendan Zhao,,
END_ROSTER
