New York Rangers,NYR,nhl
1948-49,1949
27
60
0
GP,Date,Time,Location,Opponent,GF,GA,Result,Game Ended In,W,L,T,Streak,Notes
1,1948-10-14,time unavailable,@,Montreal Canadiens,1,1,T,REG,0,0,1,T 1
2,1948-10-17,time unavailable,@,Detroit Red Wings,0,7,L,REG,0,1,1,L 1
3,1948-10-24,time unavailable,@,Boston Bruins,1,4,L,REG,0,2,1,L 2
4,1948-10-27,time unavailable,H,Detroit Red Wings,2,3,L,REG,0,3,1,L 3
5,1948-10-31,time unavailable,H,Boston Bruins,2,0,W,REG,1,3,1,W 1
6,1948-11-06,time unavailable,@,Toronto Maple Leafs,3,3,T,REG,1,3,2,T 1
7,1948-11-07,time unavailable,@,Chicago Black Hawks,2,4,L,REG,1,4,2,L 1
8,1948-11-10,time unavailable,H,Chicago Black Hawks,4,3,W,REG,2,4,2,W 1
9,1948-11-13,time unavailable,H,Montreal Canadiens,1,3,L,REG,2,5,2,L 1
10,1948-11-14,time unavailable,H,Toronto Maple Leafs,4,4,T,REG,2,5,3,T 1
11,1948-11-17,time unavailable,@,Detroit Red Wings,4,4,T,REG,2,5,4,T 2
12,1948-11-21,time unavailable,@,Boston Bruins,4,1,W,REG,3,5,4,W 1
13,1948-11-25,time unavailable,@,Chicago Black Hawks,4,6,L,REG,3,6,4,L 1
14,1948-11-27,time unavailable,@,Toronto Maple Leafs,0,3,L,REG,3,7,4,L 2
15,1948-11-30,time unavailable,H,Chicago Black Hawks,2,4,L,REG,3,8,4,L 3
16,1948-12-04,time unavailable,@,Montreal Canadiens,1,3,L,REG,3,9,4,L 4
17,1948-12-05,time unavailable,H,Detroit Red Wings,1,3,L,REG,3,10,4,L 5
18,1948-12-07,time unavailable,H,Boston Bruins,2,2,T,REG,3,10,5,T 1
19,1948-12-11,time unavailable,@,Detroit Red Wings,3,5,L,REG,3,11,5,L 1
20,1948-12-12,time unavailable,H,Detroit Red Wings,2,0,W,REG,4,11,5,W 1
21,1948-12-15,time unavailable,H,Toronto Maple Leafs,3,1,W,REG,5,11,5,W 2
22,1948-12-18,time unavailable,@,Toronto Maple Leafs,3,3,T,REG,5,11,6,T 1
23,1948-12-19,time unavailable,H,Montreal Canadiens,3,2,W,REG,6,11,6,W 1
24,1948-12-23,time unavailable,@,Chicago Black Hawks,3,2,W,REG,7,11,6,W 2
25,1948-12-25,time unavailable,@,Montreal Canadiens,2,0,W,REG,8,11,6,W 3
26,1948-12-26,time unavailable,H,Chicago Black Hawks,1,2,L,REG,8,12,6,L 1
27,1948-12-31,time unavailable,H,Boston Bruins,2,2,T,REG,8,12,7,T 1
28,1949-01-01,time unavailable,@,Boston Bruins,1,4,L,REG,8,13,7,L 1
29,1949-01-02,time unavailable,H,Toronto Maple Leafs,4,2,W,REG,9,13,7,W 1
30,1949-01-05,time unavailable,H,Chicago Black Hawks,3,1,W,REG,10,13,7,W 2
31,1949-01-09,time unavailable,H,Montreal Canadiens,1,1,T,REG,10,13,8,T 1
32,1949-01-12,time unavailable,H,Detroit Red Wings,1,4,L,REG,10,14,8,L 1
33,1949-01-15,time unavailable,@,Toronto Maple Leafs,1,2,L,REG,10,15,8,L 2
34,1949-01-16,time unavailable,H,Toronto Maple Leafs,4,0,W,REG,11,15,8,W 1
35,1949-01-19,time unavailable,H,Boston Bruins,2,5,L,REG,11,16,8,L 1
36,1949-01-20,time unavailable,@,Montreal Canadiens,1,2,L,REG,11,17,8,L 2
37,1949-01-23,time unavailable,@,Chicago Black Hawks,2,2,T,REG,11,17,9,T 1
38,1949-01-26,time unavailable,@,Detroit Red Wings,5,1,W,REG,12,17,9,W 1
39,1949-01-30,time unavailable,H,Montreal Canadiens,9,0,W,REG,13,17,9,W 2
40,1949-02-02,time unavailable,@,Boston Bruins,3,5,L,REG,13,18,9,L 1
41,1949-02-05,time unavailable,@,Toronto Maple Leafs,1,1,T,REG,13,18,10,T 1
42,1949-02-06,time unavailable,@,Chicago Black Hawks,2,0,W,REG,14,18,10,W 1
43,1949-02-09,time unavailable,@,Detroit Red Wings,0,8,L,REG,14,19,10,L 1
44,1949-02-10,time unavailable,H,Chicago Black Hawks,1,3,L,REG,14,20,10,L 2
45,1949-02-12,time unavailable,@,Boston Bruins,2,4,L,REG,14,21,10,L 3
46,1949-02-13,time unavailable,H,Toronto Maple Leafs,0,3,L,REG,14,22,10,L 4
47,1949-02-16,time unavailable,H,Detroit Red Wings,4,0,W,REG,15,22,10,W 1
48,1949-02-19,time unavailable,@,Montreal Canadiens,1,3,L,REG,15,23,10,L 1
49,1949-02-20,time unavailable,H,Montreal Canadiens,3,2,W,REG,16,23,10,W 1
50,1949-02-23,time unavailable,H,Boston Bruins,2,3,L,REG,16,24,10,L 1
51,1949-02-27,time unavailable,H,Detroit Red Wings,3,2,W,REG,17,24,10,W 1
52,1949-03-02,time unavailable,@,Chicago Black Hawks,2,5,L,REG,17,25,10,L 1
53,1949-03-05,time unavailable,@,Toronto Maple Leafs,1,7,L,REG,17,26,10,L 2
54,1949-03-06,time unavailable,H,Toronto Maple Leafs,3,4,L,REG,17,27,10,L 3
55,1949-03-09,time unavailable,@,Boston Bruins,1,8,L,REG,17,28,10,L 4
56,1949-03-12,time unavailable,@,Montreal Canadiens,0,3,L,REG,17,29,10,L 5
57,1949-03-13,time unavailable,H,Montreal Canadiens,1,1,T,REG,17,29,11,T 1
58,1949-03-15,time unavailable,H,Boston Bruins,2,4,L,REG,17,30,11,L 1
59,1949-03-16,time unavailable,@,Detroit Red Wings,2,6,L,REG,17,31,11,L 2
60,1949-03-20,time unavailable,H,Chicago Black Hawks,5,1,W,REG,18,31,11,W 1

Time,Location,Result,Game Ended In

Clint Albright,,n/a,C,22,6-2,180,L/-,R,"February 28, 1926",ca,"14 G, 5 A, 19 P"
Bucky Buchanan,,n/a,RW,26,5-9,172,R/-,R,"December 28, 1922",ca,"0 G, 0 A, 0 P"
Neil Colville,(C),n/a,D,34,5-11,175,R/-,11,"August 4, 1914",ca,"0 G, 5 A, 5 P"
Val Delory,,n/a,LW,21,5-10,160,L/-,R,"February 14, 1927",ca,"0 G, 0 A, 0 P"
Frank Eddolls,,n/a,D,27,5-8,180,L/-,4,"July 5, 1921",ca,"4 G, 2 A, 6 P"
Jack Evans,,n/a,D,20,6-0,185,L/-,R,"April 21, 1928",gb,"0 G, 0 A, 0 P"
Dunc Fisher,,n/a,RW,21,5-7,170,R/-,R,"August 30, 1927",ca,"9 G, 16 A, 25 P"
Emile Francis,,n/a,G,22,5-6,145,-/L,2,"September 13, 1926",ca,"2-0-0, 2.00 GAA"
Jack Gordon,,n/a,C,20,5-9,154,R/-,R,"March 3, 1928",ca,"3 G, 9 A, 12 P"
Alex Kaleta,,n/a,LW,29,6-0,175,L/-,4,"November 29, 1919",ca,"12 G, 19 A, 31 P"
Eddie Kullman,,n/a,RW,25,5-7,165,R/-,1,"December 12, 1923",ca,"4 G, 5 A, 9 P"
Edgar Laprade,,n/a,C,29,5-8,160,R/-,3,"October 10, 1919",ca,"18 G, 12 A, 30 P"
Tony Leswick,,n/a,RW,25,5-7,160,R/-,3,"March 17, 1923",ca,"13 G, 14 A, 27 P"
Pentti Lund,,n/a,RW,23,6-0,185,R/-,R,"December 6, 1925",fi,"14 G, 16 A, 30 P"
Ray Manson,,n/a,LW,22,5-11,180,L/-,1,"December 3, 1926",ca,"0 G, 1 A, 1 P"
Nick Mickoski,,n/a,LW,21,6-1,183,L/-,R,"December 7, 1927",ca,"13 G, 9 A, 22 P"
Bill Moe,,n/a,D,32,5-11,170,L/-,4,"October 2, 1916",us,"0 G, 9 A, 9 P"
Moe Morris,,n/a,D,28,5-8,187,L/-,3,"January 3, 1921",ca,"0 G, 1 A, 1 P"
Buddy O'Connor,,n/a,C,32,5-8,142,R/-,7,"June 21, 1916",ca,"11 G, 24 A, 35 P"
Don Raleigh,,n/a,C,22,5-11,150,L/-,2,"June 27, 1926",ca,"10 G, 16 A, 26 P"
Chuck Rayner,,n/a,G,28,5-11,190,-/L,5,"August 11, 1920",ca,"16-31-11, 2.90 GAA"
Fred Shero,,n/a,D,23,5-10,175,L/-,1,"October 23, 1925",ca,"3 G, 6 A, 9 P"
Ed Slowinski,,n/a,RW,26,5-11,195,R/-,1,"November 18, 1922",ca,"1 G, 1 A, 2 P"
Al Staley,,n/a,C,20,6-1,175,R/-,R,"September 21, 1928",ca,"0 G, 1 A, 1 P"
Allan Stanley,,n/a,D,22,6-1,170,L/-,R,"March 1, 1926",ca,"2 G, 8 A, 10 P"
Wally Stanowski,,n/a,D,29,5-11,180,L/-,7,"April 28, 1919",ca,"1 G, 8 A, 9 P"
Wes Trainor,,n/a,LW,26,5-8,180,R/-,R,"September 11, 1922",ca,"1 G, 2 A, 3 P"
