Detroit Red Wings,DET,nhl
1968-69,1969
30
76
0
GP,Date,Time,Location,Opponent,GF,GA,Result,Game Ended In,W,L,T,Streak,Notes
1,1968-10-11,time unavailable,@,Boston Bruins,2,4,L,REG,0,1,0,L 1
2,1968-10-13,time unavailable,H,Toronto Maple Leafs,1,2,L,REG,0,2,0,L 2
3,1968-10-17,time unavailable,H,New York Rangers,7,2,W,REG,1,2,0,W 1
4,1968-10-20,time unavailable,H,Montreal Canadiens,2,4,L,REG,1,3,0,L 1
5,1968-10-27,time unavailable,H,Chicago Black Hawks,4,3,W,REG,2,3,0,W 1
6,1968-10-31,time unavailable,H,Boston Bruins,7,5,W,REG,3,3,0,W 2
7,1968-11-02,time unavailable,@,Montreal Canadiens,1,2,L,REG,3,4,0,L 1
8,1968-11-03,time unavailable,H,St. Louis Blues,4,4,T,REG,3,4,1,T 1
9,1968-11-06,time unavailable,@,Chicago Black Hawks,6,5,W,REG,4,4,1,W 1
10,1968-11-07,time unavailable,H,Minnesota North Stars,5,2,W,REG,5,4,1,W 2
11,1968-11-09,time unavailable,@,Minnesota North Stars,4,6,L,REG,5,5,1,L 1
12,1968-11-10,time unavailable,H,Montreal Canadiens,4,4,T,REG,5,5,2,T 1
13,1968-11-13,time unavailable,@,Oakland Seals,1,2,L,REG,5,6,2,L 1
14,1968-11-14,time unavailable,@,Los Angeles Kings,5,2,W,REG,6,6,2,W 1
15,1968-11-16,time unavailable,@,St. Louis Blues,1,1,T,REG,6,6,3,T 1
16,1968-11-20,time unavailable,@,Montreal Canadiens,2,3,L,REG,6,7,3,L 1
17,1968-11-23,time unavailable,@,Toronto Maple Leafs,5,2,W,REG,7,7,3,W 1
18,1968-11-27,time unavailable,@,Philadelphia Flyers,5,2,W,REG,8,7,3,W 2
19,1968-11-28,time unavailable,H,St. Louis Blues,1,3,L,REG,8,8,3,L 1
20,1968-12-01,time unavailable,H,Philadelphia Flyers,3,3,T,REG,8,8,4,T 1
21,1968-12-04,time unavailable,@,Pittsburgh Penguins,7,2,W,REG,9,8,4,W 1
22,1968-12-05,time unavailable,H,New York Rangers,4,2,W,REG,10,8,4,W 2
23,1968-12-07,time unavailable,@,Boston Bruins,1,4,L,REG,10,9,4,L 1
24,1968-12-08,time unavailable,@,New York Rangers,5,2,W,REG,11,9,4,W 1
25,1968-12-11,time unavailable,@,Los Angeles Kings,3,6,L,REG,11,10,4,L 1
26,1968-12-12,time unavailable,@,Oakland Seals,0,6,L,REG,11,11,4,L 2
27,1968-12-14,time unavailable,H,Oakland Seals,3,1,W,REG,12,11,4,W 1
28,1968-12-15,time unavailable,H,Minnesota North Stars,5,2,W,REG,13,11,4,W 2
29,1968-12-19,time unavailable,H,Chicago Black Hawks,0,2,L,REG,13,12,4,L 1
30,1968-12-21,time unavailable,@,Toronto Maple Leafs,3,8,L,REG,13,13,4,L 2
31,1968-12-22,time unavailable,H,Toronto Maple Leafs,3,2,W,REG,14,13,4,W 1
32,1968-12-25,time unavailable,@,Pittsburgh Penguins,3,6,L,REG,14,14,4,L 1
33,1968-12-27,time unavailable,H,Philadelphia Flyers,3,3,T,REG,14,14,5,T 1
34,1968-12-29,time unavailable,H,Boston Bruins,3,3,T,REG,14,14,6,T 2
35,1968-12-31,time unavailable,H,Minnesota North Stars,6,3,W,REG,15,14,6,W 1
36,1969-01-01,time unavailable,@,Chicago Black Hawks,1,4,L,REG,15,15,6,L 1
37,1969-01-04,time unavailable,@,St. Louis Blues,1,3,L,REG,15,16,6,L 2
38,1969-01-05,time unavailable,H,Pittsburgh Penguins,2,1,W,REG,16,16,6,W 1
39,1969-01-09,time unavailable,H,Los Angeles Kings,6,2,W,REG,17,16,6,W 2
40,1969-01-11,time unavailable,H,New York Rangers,3,2,W,REG,18,16,6,W 3
41,1969-01-12,time unavailable,H,Oakland Seals,5,1,W,REG,19,16,6,W 4
42,1969-01-15,time unavailable,@,Montreal Canadiens,4,0,W,REG,20,16,6,W 5
43,1969-01-16,time unavailable,H,Pittsburgh Penguins,3,2,W,REG,21,16,6,W 6
44,1969-01-18,time unavailable,@,Toronto Maple Leafs,1,1,T,REG,21,16,7,T 1
45,1969-01-19,time unavailable,@,Philadelphia Flyers,1,3,L,REG,21,17,7,L 1
46,1969-01-23,time unavailable,H,Boston Bruins,2,2,T,REG,21,17,8,T 1
47,1969-01-25,time unavailable,H,Oakland Seals,5,3,W,REG,22,17,8,W 1
48,1969-01-26,time unavailable,H,Toronto Maple Leafs,3,2,W,REG,23,17,8,W 2
49,1969-01-29,time unavailable,@,New York Rangers,0,2,L,REG,23,18,8,L 1
50,1969-02-01,time unavailable,H,St. Louis Blues,0,2,L,REG,23,19,8,L 2
51,1969-02-02,time unavailable,@,Boston Bruins,2,4,L,REG,23,20,8,L 3
52,1969-02-04,time unavailable,@,Philadelphia Flyers,2,0,W,REG,24,20,8,W 1
53,1969-02-06,time unavailable,H,Chicago Black Hawks,6,1,W,REG,25,20,8,W 2
54,1969-02-08,time unavailable,@,Chicago Black Hawks,3,1,W,REG,26,20,8,W 3
55,1969-02-09,time unavailable,H,Los Angeles Kings,5,0,W,REG,27,20,8,W 4
56,1969-02-13,time unavailable,H,Montreal Canadiens,1,3,L,REG,27,21,8,L 1
57,1969-02-15,time unavailable,@,Minnesota North Stars,2,6,L,REG,27,22,8,L 2
58,1969-02-16,time unavailable,H,Los Angeles Kings,6,3,W,REG,28,22,8,W 1
59,1969-02-19,time unavailable,@,New York Rangers,1,1,T,REG,28,22,9,T 1
60,1969-02-20,time unavailable,H,Pittsburgh Penguins,3,0,W,REG,29,22,9,W 1
61,1969-02-22,time unavailable,@,Pittsburgh Penguins,2,3,L,REG,29,23,9,L 1
62,1969-02-23,time unavailable,H,Philadelphia Flyers,9,1,W,REG,30,23,9,W 1
63,1969-02-26,time unavailable,@,Montreal Canadiens,2,7,L,REG,30,24,9,L 1
64,1969-03-01,time unavailable,@,Minnesota North Stars,4,2,W,REG,31,24,9,W 1
65,1969-03-02,time unavailable,H,Montreal Canadiens,4,2,W,REG,32,24,9,W 2
66,1969-03-05,time unavailable,@,Boston Bruins,2,2,T,REG,32,24,10,T 1
67,1969-03-06,time unavailable,H,New York Rangers,1,4,L,REG,32,25,10,L 1
68,1969-03-08,time unavailable,H,Boston Bruins,7,4,W,REG,33,25,10,W 1
69,1969-03-15,time unavailable,@,St. Louis Blues,2,3,L,REG,33,26,10,L 1
70,1969-03-16,time unavailable,@,New York Rangers,4,6,L,REG,33,27,10,L 2
71,1969-03-19,time unavailable,@,Oakland Seals,4,4,T,REG,33,27,11,T 1
72,1969-03-20,time unavailable,@,Los Angeles Kings,2,4,L,REG,33,28,11,L 1
73,1969-03-22,time unavailable,@,Toronto Maple Leafs,1,3,L,REG,33,29,11,L 2
74,1969-03-27,time unavailable,H,Toronto Maple Leafs,2,4,L,REG,33,30,11,L 3
75,1969-03-29,time unavailable,H,Chicago Black Hawks,1,1,T,REG,33,30,12,T 1
76,1969-03-30,time unavailable,@,Chicago Black Hawks,5,9,L,REG,33,31,12,L 1

Time,Location,Result,Game Ended In

Ron Anderson,,15,RW,23,6-0,170,R/-,1,"July 29, 1945",ca,"0 G, 0 A, 0 P"
Bob Baun,,4,D,32,5-9,175,R/-,12,"September 9, 1936",ca,"4 G, 16 A, 20 P"
Gary Bergman,,2,D,30,5-11,188,L/-,4,"October 7, 1938",ca,"7 G, 30 A, 37 P"
Wayne Connelly,,17,RW,29,5-10,170,R/-,6,"December 16, 1939",ca,"4 G, 9 A, 13 P"
Bart Crashley,,8,D,22,6-0,180,R/-,3,"June 15, 1946",ca,"0 G, 0 A, 0 P"
Roger Crozier,,1,G,26,5-8,165,-/R,5,"March 16, 1942",ca,"12-16-3, 3.33 GAA"
Alex Delvecchio,(C),10,C,36,6-0,195,L/-,18,"December 4, 1932",ca,"25 G, 58 A, 83 P"
Kent Douglas,,5,D,32,5-10,180,L/-,6,"February 6, 1936",ca,"2 G, 29 A, 31 P"
Roy Edwards,,30,G,31,5-8,165,-/R,1,"March 12, 1937",ca,"18-11-6, 2.54 GAA"
Bob Falkenberg,,3,D,23,6-0,185,R/-,2,"January 1, 1946",ca,"0 G, 0 A, 0 P"
Ron Harris,,16,D,26,5-10,190,R/-,3,"June 30, 1942",ca,"3 G, 13 A, 16 P"
Gerry Hart,,21,D,21,5-9,190,L/-,R,"January 1, 1948",ca,"0 G, 0 A, 0 P"
Ed Hatoum,,18,RW,21,5-10,180,R/-,R,"December 7, 1947",lb,"2 G, 1 A, 3 P"
Gordie Howe,,9,RW,40,6-0,205,R/-,22,"March 31, 1928",ca,"44 G, 59 A, 103 P"
Danny Lawson,,18,RW,21,5-11,180,R/-,1,"October 30, 1947",ca,"5 G, 7 A, 12 P"
Rene Leclerc,,8,RW,21,5-11,165,R/-,R,"November 12, 1947",ca,"2 G, 3 A, 5 P"
Nick Libett,,14,LW,23,6-1,195,L/-,1,"December 9, 1945",ca,"10 G, 14 A, 24 P"
Bruce MacGregor,,12,RW,27,5-10,180,R/-,8,"April 26, 1941",ca,"18 G, 23 A, 41 P"
Frank Mahovlich,,27,LW,31,6-0,205,L/-,12,"January 10, 1938",ca,"49 G, 29 A, 78 P"
Pete Mahovlich,,11,C,22,6-5,210,L/-,3,"October 10, 1946",ca,"2 G, 2 A, 4 P"
Rick McCann,,8,C,24,5-9,178,L/-,1,"May 27, 1944",ca,"0 G, 0 A, 0 P"
Hank Monteith,,15,LW,23,5-10,170,L/-,R,"October 2, 1945",ca,"1 G, 9 A, 10 P"
Poul Popiel,,3,D,25,5-10,175,L/-,2,"February 28, 1943",dk,"2 G, 13 A, 15 P"
Dean Prentice,,20,LW,36,5-11,180,L/-,16,"October 5, 1932",ca,"14 G, 20 A, 34 P"
Terry Sawchuk,,29,G,39,5-11,195,-/L,19,"December 28, 1929",ca,"3-4-3, 2.62 GAA"
Sandy Snow,,15,RW,22,6-0,175,R/-,R,"November 11, 1946",ca,"0 G, 0 A, 0 P"
Fred Speck,,15,C,21,5-9,160,L/-,R,"July 22, 1947",ca,"0 G, 0 A, 0 P"
Pete Stemkowski,,19,C,25,6-1,196,L/-,5,"August 25, 1943",ca,"21 G, 31 A, 52 P"
Garry Unger,,7,C,21,5-11,170,L/-,1,"December 7, 1947",ca,"24 G, 20 A, 44 P"
Jim Watson,,21,D,25,6-2,186,L/-,4,"June 28, 1943",ca,"0 G, 1 A, 1 P"
