New York Rangers,NYR,nhl
1968-69,1969
27
76
4
GP,Date,Time,Location,Opponent,GF,GA,Result,Game Ended In,W,L,T,Streak,Notes
1,1968-10-13,time unavailable,@,Chicago Black Hawks,2,5,L,REG,0,1,0,L 1
2,1968-10-16,time unavailable,H,Philadelphia Flyers,3,1,W,REG,1,1,0,W 1
3,1968-10-17,time unavailable,@,Detroit Red Wings,2,7,L,REG,1,2,0,L 1
4,1968-10-20,time unavailable,H,Los Angeles Kings,7,0,W,REG,2,2,0,W 1
5,1968-10-23,time unavailable,H,Oakland Seals,6,1,W,REG,3,2,0,W 2
6,1968-10-26,time unavailable,@,Minnesota North Stars,3,0,W,REG,4,2,0,W 3
7,1968-10-27,time unavailable,H,Toronto Maple Leafs,3,5,L,REG,4,3,0,L 1
8,1968-10-30,time unavailable,H,Pittsburgh Penguins,7,3,W,REG,5,3,0,W 1
9,1968-10-31,time unavailable,@,Philadelphia Flyers,2,1,W,REG,6,3,0,W 2
10,1968-11-03,time unavailable,H,Minnesota North Stars,2,1,W,REG,7,3,0,W 3
11,1968-11-06,time unavailable,@,Los Angeles Kings,0,2,L,REG,7,4,0,L 1
12,1968-11-08,time unavailable,@,Oakland Seals,3,2,W,REG,8,4,0,W 1
13,1968-11-10,time unavailable,@,Chicago Black Hawks,4,2,W,REG,9,4,0,W 2
14,1968-11-13,time unavailable,H,St. Louis Blues,1,3,L,REG,9,5,0,L 1
15,1968-11-16,time unavailable,@,Pittsburgh Penguins,2,1,W,REG,10,5,0,W 1
16,1968-11-17,time unavailable,H,Montreal Canadiens,3,2,W,REG,11,5,0,W 2
17,1968-11-20,time unavailable,H,Los Angeles Kings,4,2,W,REG,12,5,0,W 3
18,1968-11-23,time unavailable,@,Boston Bruins,1,5,L,REG,12,6,0,L 1
19,1968-11-24,time unavailable,H,Oakland Seals,3,2,W,REG,13,6,0,W 1
20,1968-11-27,time unavailable,H,Chicago Black Hawks,2,4,L,REG,13,7,0,L 1
21,1968-11-30,time unavailable,@,Boston Bruins,4,1,W,REG,14,7,0,W 1
22,1968-12-01,time unavailable,H,Toronto Maple Leafs,3,1,W,REG,15,7,0,W 2
23,1968-12-04,time unavailable,@,Montreal Canadiens,4,2,W,REG,16,7,0,W 3
24,1968-12-05,time unavailable,@,Detroit Red Wings,2,4,L,REG,16,8,0,L 1
25,1968-12-07,time unavailable,@,Toronto Maple Leafs,2,5,L,REG,16,9,0,L 2
26,1968-12-08,time unavailable,H,Detroit Red Wings,2,5,L,REG,16,10,0,L 3
27,1968-12-11,time unavailable,H,Boston Bruins,2,2,T,REG,16,10,1,T 1
28,1968-12-14,time unavailable,@,Minnesota North Stars,1,4,L,REG,16,11,1,L 1
29,1968-12-15,time unavailable,H,Philadelphia Flyers,1,3,L,REG,16,12,1,L 2
30,1968-12-18,time unavailable,H,Chicago Black Hawks,1,3,L,REG,16,13,1,L 3
31,1968-12-21,time unavailable,@,St. Louis Blues,2,2,T,REG,16,13,2,T 1
32,1968-12-22,time unavailable,H,Minnesota North Stars,4,2,W,REG,17,13,2,W 1
33,1968-12-25,time unavailable,@,Philadelphia Flyers,2,2,T,REG,17,13,3,T 1
34,1968-12-26,time unavailable,H,Oakland Seals,3,1,W,REG,18,13,3,W 1
35,1968-12-28,time unavailable,@,Montreal Canadiens,3,5,L,REG,18,14,3,L 1
36,1968-12-29,time unavailable,H,Montreal Canadiens,3,1,W,REG,19,14,3,W 1
37,1969-01-02,time unavailable,H,Boston Bruins,2,4,L,REG,19,15,3,L 1
38,1969-01-04,time unavailable,@,Toronto Maple Leafs,3,5,L,REG,19,16,3,L 2
39,1969-01-05,time unavailable,H,Minnesota North Stars,5,1,W,REG,20,16,3,W 1
40,1969-01-09,time unavailable,@,Philadelphia Flyers,3,1,W,REG,21,16,3,W 2
41,1969-01-11,time unavailable,@,Detroit Red Wings,2,3,L,REG,21,17,3,L 1
42,1969-01-14,time unavailable,@,Los Angeles Kings,1,3,L,REG,21,18,3,L 2
43,1969-01-17,time unavailable,@,Oakland Seals,3,1,W,REG,22,18,3,W 1
44,1969-01-18,time unavailable,@,St. Louis Blues,2,2,T,REG,22,18,4,T 1
45,1969-01-23,time unavailable,H,Los Angeles Kings,3,1,W,REG,23,18,4,W 1
46,1969-01-25,time unavailable,H,Chicago Black Hawks,3,0,W,REG,24,18,4,W 2
47,1969-01-26,time unavailable,H,Montreal Canadiens,3,2,W,REG,25,18,4,W 3
48,1969-01-29,time unavailable,H,Detroit Red Wings,2,0,W,REG,26,18,4,W 4
49,1969-01-30,time unavailable,@,St. Louis Blues,4,3,W,REG,27,18,4,W 5
50,1969-02-01,time unavailable,@,Montreal Canadiens,2,6,L,REG,27,19,4,L 1
51,1969-02-02,time unavailable,H,Pittsburgh Penguins,7,3,W,REG,28,19,4,W 1
52,1969-02-05,time unavailable,@,Pittsburgh Penguins,2,3,L,REG,28,20,4,L 1
53,1969-02-08,time unavailable,H,St. Louis Blues,2,0,W,REG,29,20,4,W 1
54,1969-02-09,time unavailable,H,Philadelphia Flyers,3,3,T,REG,29,20,5,T 1
55,1969-02-12,time unavailable,@,Oakland Seals,2,3,L,REG,29,21,5,L 1
56,1969-02-13,time unavailable,@,Los Angeles Kings,1,4,L,REG,29,22,5,L 2
57,1969-02-15,time unavailable,@,Toronto Maple Leafs,2,6,L,REG,29,23,5,L 3
58,1969-02-16,time unavailable,H,Toronto Maple Leafs,4,2,W,REG,30,23,5,W 1
59,1969-02-19,time unavailable,H,Detroit Red Wings,1,1,T,REG,30,23,6,T 1
60,1969-02-23,time unavailable,H,Boston Bruins,9,0,W,REG,31,23,6,W 1
61,1969-02-26,time unavailable,H,Chicago Black Hawks,5,3,W,REG,32,23,6,W 2
62,1969-03-01,time unavailable,@,Boston Bruins,5,8,L,REG,32,24,6,L 1
63,1969-03-02,time unavailable,H,St. Louis Blues,2,1,W,REG,33,24,6,W 1
64,1969-03-05,time unavailable,@,Chicago Black Hawks,4,4,T,REG,33,24,7,T 1
65,1969-03-06,time unavailable,@,Detroit Red Wings,4,1,W,REG,34,24,7,W 1
66,1969-03-08,time unavailable,@,Pittsburgh Penguins,5,3,W,REG,35,24,7,W 2
67,1969-03-09,time unavailable,H,Montreal Canadiens,2,2,T,REG,35,24,8,T 1
68,1969-03-12,time unavailable,H,Pittsburgh Penguins,4,3,W,REG,36,24,8,W 1
69,1969-03-16,time unavailable,H,Detroit Red Wings,6,4,W,REG,37,24,8,W 2
70,1969-03-19,time unavailable,@,Minnesota North Stars,4,2,W,REG,38,24,8,W 3
71,1969-03-22,time unavailable,@,Montreal Canadiens,1,3,L,REG,38,25,8,L 1
72,1969-03-23,time unavailable,H,Boston Bruins,4,2,W,REG,39,25,8,W 1
73,1969-03-26,time unavailable,@,Chicago Black Hawks,4,6,L,REG,39,26,8,L 1
74,1969-03-27,time unavailable,@,Boston Bruins,3,3,T,REG,39,26,9,T 1
75,1969-03-29,time unavailable,@,Toronto Maple Leafs,4,2,W,REG,40,26,9,W 1
76,1969-03-30,time unavailable,H,Toronto Maple Leafs,4,0,W,REG,41,26,9,W 2

GP,Date,Time,Location,Opponent,GF,GA,Result,Game Ended In,W,L,T,Streak,Notes
1,1969-04-02,time unavailable,@,Montreal Canadiens,1,3,L,REG,0,1,0,L 1
2,1969-04-03,time unavailable,@,Montreal Canadiens,2,5,L,REG,0,2,0,L 2
3,1969-04-05,time unavailable,H,Montreal Canadiens,1,4,L,REG,0,3,0,L 3
4,1969-04-06,time unavailable,H,Montreal Canadiens,3,4,L,REG,0,4,0,L 4

Dave Balon,,17,LW,30,5-10,180,L/-,9,"August 2, 1938",ca,"10 G, 21 A, 31 P"
Bob Blackburn,,6,D,30,5-11,198,L/-,R,"February 1, 1938",ca,"0 G, 0 A, 0 P"
Arnie Brown,,4,D,27,6-1,185,L/-,6,"January 28, 1942",ca,"10 G, 12 A, 22 P"
Bill Fairbairn,,14,RW,22,5-10,170,R/-,R,"January 7, 1947",ca,"0 G, 0 A, 0 P"
Reggie Fleming,,9,LW,32,5-8,170,L/-,9,"April 21, 1936",ca,"8 G, 12 A, 20 P"
Ed Giacomin,,1,G,29,5-11,180,-/L,3,"June 6, 1939",ca,"37-23-7, 2.55 GAA"
Rod Gilbert,,7,RW,27,5-9,180,R/-,8,"July 1, 1941",ca,"28 G, 49 A, 77 P"
Phil Goyette,,20,C,35,5-11,170,L/-,12,"October 31, 1933",ca,"13 G, 32 A, 45 P"
Vic Hadfield,,11,LW,28,6-0,190,L/-,7,"October 4, 1940",ca,"26 G, 40 A, 66 P"
Al Hamilton,,6,D,22,6-1,195,R/-,2,"August 20, 1946",ca,"0 G, 0 A, 0 P"
Dennis Hextall,,21,C,25,5-11,175,L/-,R,"April 17, 1943",ca,"1 G, 4 A, 5 P"
Harry Howell,,3,D,36,6-1,195,L/-,16,"December 28, 1932",ca,"4 G, 7 A, 11 P"
Larry Jeffrey,,10,LW,28,5-11,189,L/-,7,"October 12, 1940",ca,"1 G, 6 A, 7 P"
Bob Jones,,6,LW,23,6-1,185,L/-,R,"November 27, 1945",ca,"0 G, 0 A, 0 P"
Orland Kurtenbach,,25,C,32,6-2,180,L/-,7,"September 7, 1936",ca,"0 G, 0 A, 0 P"
Don Marshall,,22,C,36,5-10,160,L/-,15,"March 23, 1932",ca,"20 G, 19 A, 39 P"
Jim Neilson,,15,D,28,6-2,205,L/-,6,"November 28, 1940",ca,"10 G, 34 A, 44 P"
Bob Nevin,(C),8,RW,30,6-0,185,R/-,10,"March 18, 1938",ca,"31 G, 25 A, 56 P"
Brad Park,,2,D,20,6-0,200,L/-,R,"July 6, 1948",ca,"3 G, 23 A, 26 P"
Jean Ratelle,,19,C,28,6-1,180,L/-,8,"October 3, 1940",ca,"32 G, 46 A, 78 P"
Wayne Rivers,,21,RW,26,5-9,177,R/-,6,"February 1, 1942",ca,"0 G, 0 A, 0 P"
Rod Seiling,,16,D,24,6-0,195,L/-,6,"November 14, 1944",ca,"4 G, 17 A, 21 P"
Don Simmons,,30,G,37,5-10,150,-/R,10,"September 13, 1931",ca,"2-2-1, 2.33 GAA"
Ron Stewart,,12,RW,36,6-1,197,R/-,16,"July 11, 1932",ca,"18 G, 11 A, 29 P"
Walt Tkaczuk,,18,C,21,6-0,185,L/-,1,"September 29, 1947",de,"12 G, 24 A, 36 P"
Guy Trottier,,14,RW,27,5-8,165,R/-,R,"April 1, 1941",ca,"0 G, 0 A, 0 P"
Gilles Villemure,,30,G,28,5-8,185,-/R,2,"May 30, 1940",ca,"2-1-1, 2.25 GAA"
