St. Louis Blues,STL,nhl
1968-69,1969
28
76
4,4,4
GP,Date,Time,Location,Opponent,GF,GA,Result,Game Ended In,W,L,T,Streak,Notes
1,1968-10-11,time unavailable,@,Chicago Black Hawks,3,4,L,REG,0,1,0,L 1
2,1968-10-12,time unavailable,H,Los Angeles Kings,6,0,W,REG,1,1,0,W 1
3,1968-10-16,time unavailable,H,Montreal Canadiens,2,4,L,REG,1,2,0,L 1
4,1968-10-19,time unavailable,H,Oakland Seals,4,1,W,REG,2,2,0,W 1
5,1968-10-23,time unavailable,@,Toronto Maple Leafs,4,6,L,REG,2,3,0,L 1
6,1968-10-24,time unavailable,@,Boston Bruins,2,1,W,REG,3,3,0,W 1
7,1968-10-26,time unavailable,@,Pittsburgh Penguins,2,4,L,REG,3,4,0,L 1
8,1968-10-30,time unavailable,H,Philadelphia Flyers,4,1,W,REG,4,4,0,W 1
9,1968-11-02,time unavailable,H,Minnesota North Stars,0,2,L,REG,4,5,0,L 1
10,1968-11-03,time unavailable,@,Detroit Red Wings,4,4,T,REG,4,5,1,T 1
11,1968-11-06,time unavailable,@,Pittsburgh Penguins,3,1,W,REG,5,5,1,W 1
12,1968-11-07,time unavailable,@,Philadelphia Flyers,8,0,W,REG,6,5,1,W 2
13,1968-11-09,time unavailable,@,Montreal Canadiens,1,4,L,REG,6,6,1,L 1
14,1968-11-10,time unavailable,@,Boston Bruins,1,1,T,REG,6,6,2,T 1
15,1968-11-13,time unavailable,@,New York Rangers,3,1,W,REG,7,6,2,W 1
16,1968-11-16,time unavailable,H,Detroit Red Wings,1,1,T,REG,7,6,3,T 1
17,1968-11-17,time unavailable,H,Minnesota North Stars,3,3,T,REG,7,6,4,T 2
18,1968-11-20,time unavailable,H,Oakland Seals,7,0,W,REG,8,6,4,W 1
19,1968-11-23,time unavailable,H,Chicago Black Hawks,1,0,W,REG,9,6,4,W 2
20,1968-11-27,time unavailable,H,Boston Bruins,4,4,T,REG,9,6,5,T 1
21,1968-11-28,time unavailable,@,Detroit Red Wings,3,1,W,REG,10,6,5,W 1
22,1968-11-30,time unavailable,H,Philadelphia Flyers,1,0,W,REG,11,6,5,W 2
23,1968-12-04,time unavailable,H,Chicago Black Hawks,3,3,T,REG,11,6,6,T 1
24,1968-12-07,time unavailable,H,Pittsburgh Penguins,1,1,T,REG,11,6,7,T 2
25,1968-12-08,time unavailable,@,Philadelphia Flyers,4,4,T,REG,11,6,8,T 3
26,1968-12-11,time unavailable,@,Chicago Black Hawks,3,6,L,REG,11,7,8,L 1
27,1968-12-12,time unavailable,@,Montreal Canadiens,4,5,L,REG,11,8,8,L 2
28,1968-12-14,time unavailable,@,Toronto Maple Leafs,2,3,L,REG,11,9,8,L 3
29,1968-12-15,time unavailable,H,Los Angeles Kings,3,1,W,REG,12,9,8,W 1
30,1968-12-20,time unavailable,@,Oakland Seals,1,0,W,REG,13,9,8,W 2
31,1968-12-21,time unavailable,H,New York Rangers,2,2,T,REG,13,9,9,T 1
32,1968-12-25,time unavailable,@,Minnesota North Stars,2,0,W,REG,14,9,9,W 1
33,1968-12-26,time unavailable,H,Pittsburgh Penguins,3,2,W,REG,15,9,9,W 2
34,1968-12-28,time unavailable,H,Boston Bruins,2,6,L,REG,15,10,9,L 1
35,1969-01-01,time unavailable,@,Los Angeles Kings,0,0,T,REG,15,10,10,T 1
36,1969-01-03,time unavailable,@,Oakland Seals,3,1,W,REG,16,10,10,W 1
37,1969-01-04,time unavailable,H,Detroit Red Wings,3,1,W,REG,17,10,10,W 2
38,1969-01-07,time unavailable,H,Los Angeles Kings,5,0,W,REG,18,10,10,W 3
39,1969-01-08,time unavailable,@,Chicago Black Hawks,1,3,L,REG,18,11,10,L 1
40,1969-01-11,time unavailable,H,Chicago Black Hawks,6,1,W,REG,19,11,10,W 1
41,1969-01-12,time unavailable,@,Minnesota North Stars,2,0,W,REG,20,11,10,W 2
42,1969-01-15,time unavailable,H,Philadelphia Flyers,4,3,W,REG,21,11,10,W 3
43,1969-01-18,time unavailable,H,New York Rangers,2,2,T,REG,21,11,11,T 1
44,1969-01-19,time unavailable,@,Minnesota North Stars,3,1,W,REG,22,11,11,W 1
45,1969-01-23,time unavailable,H,Toronto Maple Leafs,2,3,L,REG,22,12,11,L 1
46,1969-01-25,time unavailable,@,Boston Bruins,0,4,L,REG,22,13,11,L 2
47,1969-01-26,time unavailable,H,Oakland Seals,3,1,W,REG,23,13,11,W 1
48,1969-01-29,time unavailable,@,Pittsburgh Penguins,2,1,W,REG,24,13,11,W 2
49,1969-01-30,time unavailable,H,New York Rangers,3,4,L,REG,24,14,11,L 1
50,1969-02-01,time unavailable,@,Detroit Red Wings,2,0,W,REG,25,14,11,W 1
51,1969-02-02,time unavailable,H,Toronto Maple Leafs,5,3,W,REG,26,14,11,W 2
52,1969-02-04,time unavailable,@,Los Angeles Kings,2,4,L,REG,26,15,11,L 1
53,1969-02-06,time unavailable,H,Boston Bruins,3,1,W,REG,27,15,11,W 1
54,1969-02-08,time unavailable,@,New York Rangers,0,2,L,REG,27,16,11,L 1
55,1969-02-09,time unavailable,H,Montreal Canadiens,4,4,T,REG,27,16,12,T 1
56,1969-02-12,time unavailable,H,Pittsburgh Penguins,2,0,W,REG,28,16,12,W 1
57,1969-02-13,time unavailable,@,Philadelphia Flyers,2,1,W,REG,29,16,12,W 2
58,1969-02-15,time unavailable,H,Los Angeles Kings,4,1,W,REG,30,16,12,W 3
59,1969-02-16,time unavailable,H,Minnesota North Stars,6,0,W,REG,31,16,12,W 4
60,1969-02-19,time unavailable,H,Philadelphia Flyers,3,1,W,REG,32,16,12,W 5
61,1969-02-21,time unavailable,@,Oakland Seals,2,3,L,REG,32,17,12,L 1
62,1969-02-22,time unavailable,@,Los Angeles Kings,3,1,W,REG,33,17,12,W 1
63,1969-02-26,time unavailable,@,Toronto Maple Leafs,2,3,L,REG,33,18,12,L 1
64,1969-03-01,time unavailable,@,Montreal Canadiens,0,3,L,REG,33,19,12,L 2
65,1969-03-02,time unavailable,@,New York Rangers,1,2,L,REG,33,20,12,L 3
66,1969-03-05,time unavailable,@,Pittsburgh Penguins,2,4,L,REG,33,21,12,L 4
67,1969-03-08,time unavailable,H,Oakland Seals,5,2,W,REG,34,21,12,W 1
68,1969-03-09,time unavailable,@,Minnesota North Stars,2,2,T,REG,34,21,13,T 1
69,1969-03-11,time unavailable,H,Montreal Canadiens,0,3,L,REG,34,22,13,L 1
70,1969-03-15,time unavailable,H,Detroit Red Wings,3,2,W,REG,35,22,13,W 1
71,1969-03-16,time unavailable,H,Minnesota North Stars,2,3,L,REG,35,23,13,L 1
72,1969-03-19,time unavailable,H,Toronto Maple Leafs,1,1,T,REG,35,23,14,T 1
73,1969-03-22,time unavailable,H,Pittsburgh Penguins,1,2,L,REG,35,24,14,L 1
74,1969-03-23,time unavailable,@,Philadelphia Flyers,3,4,L,REG,35,25,14,L 2
75,1969-03-26,time unavailable,@,Oakland Seals,5,3,W,REG,36,25,14,W 1
76,1969-03-29,time unavailable,@,Los Angeles Kings,3,1,W,REG,37,25,14,W 2

GP,Date,Time,Location,Opponent,GF,GA,Result,Game Ended In,W,L,T,Streak,Notes
1,1969-04-02,time unavailable,H,Philadelphia Flyers,5,2,W,REG,1,0,0,W 1
2,1969-04-03,time unavailable,H,Philadelphia Flyers,5,0,W,REG,2,0,0,W 2
3,1969-04-05,time unavailable,@,Philadelphia Flyers,3,0,W,REG,3,0,0,W 3
4,1969-04-06,time unavailable,@,Philadelphia Flyers,4,1,W,REG,4,0,0,W 4
5,1969-04-15,time unavailable,H,Los Angeles Kings,4,0,W,REG,5,0,0,W 5
6,1969-04-17,time unavailable,H,Los Angeles Kings,3,2,W,REG,6,0,0,W 6
7,1969-04-19,time unavailable,@,Los Angeles Kings,5,2,W,REG,7,0,0,W 7
8,1969-04-20,time unavailable,@,Los Angeles Kings,4,1,W,REG,8,0,0,W 8
9,1969-04-27,time unavailable,@,Montreal Canadiens,1,3,L,REG,8,1,0,L 1
10,1969-04-29,time unavailable,@,Montreal Canadiens,1,3,L,REG,8,2,0,L 2
11,1969-05-01,time unavailable,H,Montreal Canadiens,0,4,L,REG,8,3,0,L 3
12,1969-05-04,time unavailable,H,Montreal Canadiens,1,2,L,REG,8,4,0,L 4

Al Arbour,(C),3,D,36,6-0,180,L/-,11,"November 1, 1932",ca,"1 G, 6 A, 7 P"
Red Berenson,,7,C,29,6-0,185,L/-,7,"December 8, 1939",ca,"35 G, 47 A, 82 P"
Craig Cameron,,16-19,RW,23,6-0,200,R/-,2,"July 19, 1945",ca,"11 G, 5 A, 16 P"
Terry Crisp,,12,C,25,5-10,180,L/-,2,"May 28, 1943",ca,"6 G, 9 A, 15 P"
Norm Dennis,,22,C,26,5-10,175,L/-,R,"December 10, 1942",ca,"0 G, 0 A, 0 P"
Tim Ecclestone,,14,LW,21,5-10,195,R/-,1,"September 24, 1947",ca,"11 G, 23 A, 34 P"
Gary Edwards,,30,G,21,5-9,165,-/L,R,"October 5, 1947",ca,"0-0-0, 0.00 GAA"
Ray Fortin,,19,D,27,5-8,180,L/-,1,"March 11, 1941",ca,"1 G, 0 A, 1 P"
Terry Gray,,22,RW,30,6-0,175,R/-,3,"March 21, 1938",ca,"4 G, 0 A, 4 P"
Glenn Hall,,1,G,37,5-11,180,-/L,15,"October 3, 1931",ca,"19-12-8, 2.17 GAA"
Doug Harvey,,2,D,44,5-11,187,L/-,18,"December 19, 1924",ca,"2 G, 20 A, 22 P"
Camille Henry,,21,C,36,5-9,152,L/-,12,"January 31, 1933",ca,"17 G, 22 A, 39 P"
Robbie Irons,,1,G,22,5-8,150,-/L,R,"November 19, 1946",ca,"0-0-0, 0.00 GAA"
Larry Keenan,,18,LW,28,5-11,175,L/-,2,"October 1, 1940",ca,"5 G, 9 A, 14 P"
Bill McCreary,,15,LW,34,5-10,172,L/-,5,"December 2, 1934",ca,"13 G, 17 A, 30 P"
Ab McDonald,,20,LW,32,6-3,192,L/-,10,"February 18, 1936",ca,"21 G, 21 A, 42 P"
Ted Ouimet,,30,G,21,5-9,165,-/-,R,"July 6, 1947",ca,"0-1-0, 2.00 GAA"
Noel Picard,,4,D,30,6-1,185,R/-,2,"December 25, 1938",ca,"5 G, 19 A, 24 P"
Barclay Plager,,8,D,27,5-11,175,L/-,1,"March 26, 1941",ca,"4 G, 26 A, 30 P"
Bill Plager,,23,D,23,5-9,175,R/-,1,"July 6, 1945",ca,"0 G, 0 A, 0 P"
Bob Plager,,5,D,25,5-11,195,L/-,4,"March 11, 1943",ca,"0 G, 7 A, 7 P"
Jacques Plante,,30,G,40,6-0,175,-/L,13,"January 17, 1929",ca,"18-12-6, 1.96 GAA"
Jimmy Roberts,,6,RW,28,5-10,185,R/-,5,"April 9, 1940",ca,"14 G, 19 A, 33 P"
Gary Sabourin,,11,RW,25,5-11,180,R/-,1,"December 4, 1943",ca,"25 G, 23 A, 48 P"
Ron Schock,,10,C,25,5-11,180,L/-,5,"December 19, 1943",ca,"12 G, 27 A, 39 P"
Frank St. Marseille,,9,RW,29,5-11,180,R/-,1,"December 14, 1939",ca,"12 G, 26 A, 38 P"
Myron Stankiewicz,,22,LW,33,5-11,185,L/-,R,"December 4, 1935",ca,"0 G, 2 A, 2 P"
Jean-Guy Talbot,,17,D,36,5-11,170,L/-,14,"July 11, 1932",ca,"5 G, 4 A, 9 P"
