Toronto Maple Leafs,TOR,nhl
1968-69,1969
29
76
4
GP,Date,Time,Location,Opponent,GF,GA,Result,Game Ended In,W,L,T,Streak,Notes
1,1968-10-13,time unavailable,@,Detroit Red Wings,2,1,W,REG,1,0,0,W 1
2,1968-10-16,time unavailable,H,Pittsburgh Penguins,2,2,T,REG,1,0,1,T 1
3,1968-10-19,time unavailable,H,Chicago Black Hawks,1,3,L,REG,1,1,1,L 1
4,1968-10-23,time unavailable,H,St. Louis Blues,6,4,W,REG,2,1,1,W 1
5,1968-10-26,time unavailable,H,Boston Bruins,2,0,W,REG,3,1,1,W 2
6,1968-10-27,time unavailable,@,New York Rangers,5,3,W,REG,4,1,1,W 3
7,1968-10-30,time unavailable,H,Montreal Canadiens,0,5,L,REG,4,2,1,L 1
8,1968-11-02,time unavailable,H,Philadelphia Flyers,2,3,L,REG,4,3,1,L 2
9,1968-11-06,time unavailable,@,Minnesota North Stars,1,0,W,REG,5,3,1,W 1
10,1968-11-09,time unavailable,@,Los Angeles Kings,1,3,L,REG,5,4,1,L 1
11,1968-11-10,time unavailable,@,Oakland Seals,3,1,W,REG,6,4,1,W 1
12,1968-11-13,time unavailable,H,Boston Bruins,1,1,T,REG,6,4,2,T 1
13,1968-11-14,time unavailable,@,Montreal Canadiens,5,3,W,REG,7,4,2,W 1
14,1968-11-16,time unavailable,H,Chicago Black Hawks,3,1,W,REG,8,4,2,W 2
15,1968-11-17,time unavailable,@,Chicago Black Hawks,1,1,T,REG,8,4,3,T 1
16,1968-11-20,time unavailable,H,Pittsburgh Penguins,5,2,W,REG,9,4,3,W 1
17,1968-11-23,time unavailable,H,Detroit Red Wings,2,5,L,REG,9,5,3,L 1
18,1968-11-24,time unavailable,@,Boston Bruins,4,7,L,REG,9,6,3,L 2
19,1968-11-27,time unavailable,@,Pittsburgh Penguins,3,3,T,REG,9,6,4,T 1
20,1968-11-30,time unavailable,H,Minnesota North Stars,3,3,T,REG,9,6,5,T 2
21,1968-12-01,time unavailable,@,New York Rangers,1,3,L,REG,9,7,5,L 1
22,1968-12-04,time unavailable,@,Minnesota North Stars,4,2,W,REG,10,7,5,W 1
23,1968-12-07,time unavailable,H,New York Rangers,5,2,W,REG,11,7,5,W 2
24,1968-12-08,time unavailable,@,Pittsburgh Penguins,4,1,W,REG,12,7,5,W 3
25,1968-12-11,time unavailable,H,Montreal Canadiens,4,4,T,REG,12,7,6,T 1
26,1968-12-12,time unavailable,@,Philadelphia Flyers,1,0,W,REG,13,7,6,W 1
27,1968-12-14,time unavailable,H,St. Louis Blues,3,2,W,REG,14,7,6,W 2
28,1968-12-18,time unavailable,H,Oakland Seals,5,2,W,REG,15,7,6,W 3
29,1968-12-21,time unavailable,H,Detroit Red Wings,8,3,W,REG,16,7,6,W 4
30,1968-12-22,time unavailable,@,Detroit Red Wings,2,3,L,REG,16,8,6,L 1
31,1968-12-25,time unavailable,@,Chicago Black Hawks,4,3,W,REG,17,8,6,W 1
32,1968-12-26,time unavailable,@,Montreal Canadiens,2,4,L,REG,17,9,6,L 1
33,1968-12-28,time unavailable,H,Los Angeles Kings,1,4,L,REG,17,10,6,L 2
34,1969-01-01,time unavailable,H,Oakland Seals,7,3,W,REG,18,10,6,W 1
35,1969-01-04,time unavailable,H,New York Rangers,5,3,W,REG,19,10,6,W 2
36,1969-01-05,time unavailable,@,Philadelphia Flyers,2,2,T,REG,19,10,7,T 1
37,1969-01-08,time unavailable,H,Philadelphia Flyers,4,4,T,REG,19,10,8,T 2
38,1969-01-09,time unavailable,@,Boston Bruins,2,3,L,REG,19,11,8,L 1
39,1969-01-11,time unavailable,H,Los Angeles Kings,4,2,W,REG,20,11,8,W 1
40,1969-01-15,time unavailable,H,Boston Bruins,5,5,T,REG,20,11,9,T 1
41,1969-01-18,time unavailable,H,Detroit Red Wings,1,1,T,REG,20,11,10,T 2
42,1969-01-19,time unavailable,@,Boston Bruins,3,5,L,REG,20,12,10,L 1
43,1969-01-23,time unavailable,@,St. Louis Blues,3,2,W,REG,21,12,10,W 1
44,1969-01-25,time unavailable,@,Pittsburgh Penguins,2,0,W,REG,22,12,10,W 2
45,1969-01-26,time unavailable,@,Detroit Red Wings,2,3,L,REG,22,13,10,L 1
46,1969-01-29,time unavailable,@,Los Angeles Kings,1,3,L,REG,22,14,10,L 2
47,1969-01-31,time unavailable,@,Oakland Seals,4,5,L,REG,22,15,10,L 3
48,1969-02-02,time unavailable,@,St. Louis Blues,3,5,L,REG,22,16,10,L 4
49,1969-02-05,time unavailable,H,Minnesota North Stars,5,5,T,REG,22,16,11,T 1
50,1969-02-08,time unavailable,H,Oakland Seals,1,4,L,REG,22,17,11,L 1
51,1969-02-09,time unavailable,@,Chicago Black Hawks,5,3,W,REG,23,17,11,W 1
52,1969-02-12,time unavailable,H,Minnesota North Stars,7,1,W,REG,24,17,11,W 2
53,1969-02-15,time unavailable,H,New York Rangers,6,2,W,REG,25,17,11,W 3
54,1969-02-16,time unavailable,@,New York Rangers,2,4,L,REG,25,18,11,L 1
55,1969-02-19,time unavailable,H,Montreal Canadiens,5,1,W,REG,26,18,11,W 1
56,1969-02-20,time unavailable,@,Montreal Canadiens,1,2,L,REG,26,19,11,L 1
57,1969-02-22,time unavailable,H,Chicago Black Hawks,2,4,L,REG,26,20,11,L 2
58,1969-02-23,time unavailable,@,Minnesota North Stars,2,7,L,REG,26,21,11,L 3
59,1969-02-26,time unavailable,H,St. Louis Blues,3,2,W,REG,27,21,11,W 1
60,1969-02-27,time unavailable,@,Philadelphia Flyers,1,1,T,REG,27,21,12,T 1
61,1969-03-01,time unavailable,H,Pittsburgh Penguins,3,3,T,REG,27,21,13,T 2
62,1969-03-02,time unavailable,H,Chicago Black Hawks,2,1,W,REG,28,21,13,W 1
63,1969-03-05,time unavailable,H,Los Angeles Kings,6,4,W,REG,29,21,13,W 2
64,1969-03-06,time unavailable,@,Montreal Canadiens,3,5,L,REG,29,22,13,L 1
65,1969-03-08,time unavailable,H,Philadelphia Flyers,2,2,T,REG,29,22,14,T 1
66,1969-03-12,time unavailable,@,Los Angeles Kings,4,0,W,REG,30,22,14,W 1
67,1969-03-13,time unavailable,@,Oakland Seals,3,1,W,REG,31,22,14,W 2
68,1969-03-15,time unavailable,H,Boston Bruins,7,4,W,REG,32,22,14,W 3
69,1969-03-16,time unavailable,@,Boston Bruins,3,11,L,REG,32,23,14,L 1
70,1969-03-19,time unavailable,@,St. Louis Blues,1,1,T,REG,32,23,15,T 1
71,1969-03-22,time unavailable,H,Detroit Red Wings,3,1,W,REG,33,23,15,W 1
72,1969-03-23,time unavailable,@,Chicago Black Hawks,1,4,L,REG,33,24,15,L 1
73,1969-03-26,time unavailable,H,Montreal Canadiens,6,4,W,REG,34,24,15,W 1
74,1969-03-27,time unavailable,@,Detroit Red Wings,4,2,W,REG,35,24,15,W 2
75,1969-03-29,time unavailable,H,New York Rangers,2,4,L,REG,35,25,15,L 1
76,1969-03-30,time unavailable,@,New York Rangers,0,4,L,REG,35,26,15,L 2

GP,Date,Time,Location,Opponent,GF,GA,Result,Game Ended In,W,L,T,Streak,Notes
1,1969-04-02,time unavailable,@,Boston Bruins,0,10,L,REG,0,1,0,L 1
2,1969-04-03,time unavailable,@,Boston Bruins,0,7,L,REG,0,2,0,L 2
3,1969-04-05,time unavailable,H,Boston Bruins,3,4,L,REG,0,3,0,L 3
4,1969-04-06,time unavailable,H,Boston Bruins,2,3,L,REG,0,4,0,L 4

George Armstrong,(C),10,RW,38,6-1,184,R/-,18,"July 6, 1930",ca,"11 G, 16 A, 27 P"
Johnny Bower,,1,G,44,5-11,189,-/L,13,"November 8, 1924",ca,"5-4-3, 2.85 GAA"
Mike Byers,,24,RW,22,5-10,185,R/-,1,"September 11, 1946",ca,"0 G, 0 A, 0 P"
Wayne Carleton,,25,LW,22,6-3,212,L/-,3,"August 4, 1946",ca,"1 G, 3 A, 4 P"
Terry Clancy,,21,RW,25,5-11,195,L/-,1,"April 2, 1943",ca,"0 G, 0 A, 0 P"
Jim Dorey,,8,D,21,6-1,190,L/-,R,"August 17, 1947",ca,"8 G, 22 A, 30 P"
Ron Ellis,,6,RW,24,5-9,195,R/-,5,"January 8, 1945",ca,"25 G, 21 A, 46 P"
Bruce Gamble,,30,G,30,5-9,200,-/L,6,"May 24, 1938",ca,"28-20-11, 2.80 GAA"
Paul Henderson,,19,LW,26,5-11,180,R/-,6,"January 28, 1943",ca,"27 G, 32 A, 59 P"
Tim Horton,,7,D,39,5-10,180,R/-,18,"January 12, 1930",ca,"11 G, 29 A, 40 P"
Forbes Kennedy,,22,C,33,5-8,150,L/-,10,"August 18, 1935",ca,"0 G, 3 A, 3 P"
Dave Keon,,14,C,28,5-9,165,L/-,8,"March 22, 1940",ca,"27 G, 34 A, 61 P"
Rick Ley,,26,D,20,5-9,190,L/-,R,"November 2, 1948",ca,"1 G, 11 A, 12 P"
Gary Marsh,,18,LW,22,5-10,172,L/-,1,"March 9, 1946",ca,"0 G, 0 A, 0 P"
Jim McKenny,,17,D,22,5-11,192,R/-,3,"December 1, 1946",ca,"0 G, 0 A, 0 P"
Gerry Meehan,,27,C,22,6-2,200,L/-,R,"September 3, 1946",ca,"0 G, 2 A, 2 P"
Larry Mickey,,12,RW,25,5-11,175,R/-,4,"October 21, 1943",ca,"8 G, 19 A, 27 P"
Murray Oliver,,11,C,31,5-10,170,L/-,10,"November 14, 1937",ca,"14 G, 36 A, 50 P"
Mike Pelyk,,4,D,21,6-1,190,L/-,1,"September 29, 1947",ca,"3 G, 9 A, 12 P"
Pierre Pilote,,2,D,37,5-10,178,L/-,13,"December 11, 1931",ca,"3 G, 18 A, 21 P"
Marcel Pronovost,,3,D,38,6-0,190,L/-,18,"June 15, 1930",ca,"1 G, 2 A, 3 P"
Bob Pulford,,20,LW,32,5-11,188,L/-,12,"March 31, 1936",ca,"11 G, 23 A, 34 P"
Pat Quinn,,23,D,26,6-3,205,L/-,R,"January 29, 1943",ca,"2 G, 7 A, 9 P"
Brit Selby,,15,LW,23,5-10,175,L/-,4,"March 27, 1945",ca,"2 G, 2 A, 4 P"
Al Smith,,31,G,23,6-1,200,-/L,2,"November 10, 1945",ca,"2-2-1, 2.87 GAA"
Floyd Smith,,17,RW,33,5-10,180,R/-,9,"May 16, 1935",ca,"15 G, 19 A, 34 P"
Bill Sutherland,,15,LW,34,5-10,160,L/-,1,"November 10, 1934",ca,"7 G, 5 A, 12 P"
Norm Ullman,,9,C,33,5-10,175,L/-,13,"December 26, 1935",ca,"35 G, 42 A, 77 P"
Mike Walton,,16,C,24,5-10,175,L/-,3,"January 3, 1945",ca,"22 G, 21 A, 43 P"
