SJU Lions,winter2014,Ice Hockey: SJU Lions (Advanced)
7,6,6,1,1
Mon Jan 20 @ 10:00 pm,Columbia Icefield Arena,won,4,3,1,Blades of Steel
Sat Jan 25 @ 7:00 pm,Columbia Icefield Arena,won,5,1,1,Sci Hawks
Sat Feb 1 @ 10:00 pm,Columbia Icefield Arena,won,4,0,1,Advanced Indies 1
Sat Feb 8 @ 11:00 am,Columbia Icefield Arena,lost,1,6,2,Debbies Dingleshow
Mon Feb 24 @ 11:00 pm,Columbia Icefield Arena,won,7,2,2,The Shockers
Thu Mar 6 @ 9:00 pm,Columbia Icefield Arena,lost,0,2,-2,Jagr Bombs
Sat Mar 22 @ 1:00 pm,Columbia Icefield Arena,lost,3,4,0,Blades of Steel

Matthew Cimetta,Adam Fujita,Paul Greco,Zachary Haime,Mitchell Laing,Nicholas Langlois,Keegan Morrissey,Aiden Mossop,Andrew Terletsky,Christian Twarog,Robert Burke
