Blades of Steel,winter2014,Ice Hockey: Blades of Steel (Advanced)
9,6,6,3,3
Sat Jan 18 @ 7:00 pm,Columbia Icefield Arena,lost,4,5,2,Scissors Me Timbers
Mon Jan 20 @ 10:00 pm,Columbia Icefield Arena,lost,3,4,1,SJU Lions
Sun Feb 9 @ 10:00 pm,Columbia Icefield: Field 5,lost,2,4,1,Multiple Scorgasms
Sun Mar 9 @ 10:00 pm,Columbia Icefield Arena,won,4,2,1,Pimp’n Ain’t Parise
Thu Mar 13 @ 11:00 pm,Columbia Icefield Arena,won,4,2,2,Slot Rockets
Sun Mar 16 @ 9:00 am,Columbia Icefield Arena,lost,4,5,3,Boats and Hossas
Sat Mar 22 @ 1:00 pm,Columbia Icefield Arena,won,4,3,0,SJU Lions
Wed Mar 26 @ 11:00 pm,Columbia Icefield Arena,won,4,0,1,Boats and Hossas
Sat Mar 29 @ 1:00 pm,Columbia Icefield Arena,lost,4,8,0,Pimp’n Ain’t Parise

Boyd Badiuk,Tyler Barnes,Kristopher Beyer,Darin Bloemberg,Luke Denomme,Robert Enouy,Odum Idika,Scott Janssen,Colin McKinnon,Ben Norris,Jeff Perttula,Steven Phillips,Jonathan Thacker,Matthew Brown
