Jagr Bombs,winter2014,Ice Hockey: Jagr Bombs (Advanced)
7,6,6,1,1
Wed Jan 15 @ 9:00 pm,Columbia Icefield Arena,lost,0,6,3,Linthuanian Lugers
Sun Jan 26 @ 10:00 am,Columbia Icefield Arena,won,2,1,4,Fighting Mongoose
Sat Feb 1 @ 12:00 pm,Columbia Icefield Arena,won,4,1,2,The Earwigs
Sat Feb 1 @ 6:00 pm,Columbia Icefield Arena,lost,3,5,2,The Jesters
Sun Mar 9 @ 1:00 pm,Columbia Icefield Arena,lost,0,2,2,Advanced Indies 3
Sat Mar 15 @ 3:00 pm,Columbia Icefield Arena,lost,0,5,3,Slot Rockets
Thu Mar 20 @ 10:00 pm,Columbia Icefield Arena,lost,1,3,0,Boats and Hossas

Brandon Brock,Steven Buckrell,Lindsay Chatterson,Matthew Cook,Myles Coolen,Jonathan Ellsworth,Tyler Frankland,Connor Kendel,Benjamin Sawicki,Marcus Sjolin,Bradley Zecchino,Keagan Gillies
