The Earwigs,winter2014,Ice Hockey: The Earwigs (Advanced)
9,6,6,3,3
Sat Jan 18 @ 9:00 pm,Columbia Icefield Arena,lost,5,7,2,Advanced Indies 2
Sun Jan 26 @ 12:00 pm,Columbia Icefield Arena,lost,1,4,3,Advanced Indies 2
Sat Feb 1 @ 12:00 pm,Columbia Icefield Arena,lost,1,4,2,Jagr Bombs
Sun Feb 9 @ 3:00 pm,Columbia Icefield Arena,tie,1,1,0,Advanced Indies 3
Sat Mar 8 @ 1:00 pm,Columbia Icefield Arena,lost,0,2,3,The Jesters
Sat Mar 15 @ 2:00 pm,Columbia Icefield Arena,won,2,1,3,Bendy Garden Gnomes
Sat Mar 22 @ 4:00 pm,Columbia Icefield Arena,won,5,2,2,The Shockers
Thu Mar 27 @ 7:00 pm,Columbia Icefield Arena,won,5,0,2,Fighting Mongoose
Sat Mar 29 @ 4:00 pm,Columbia Icefield Arena,lost,1,2,0,Busch League

Cameron Curran,Adam Freeman,Thomas Huijbregts,Travis Jansen,Ryan Kinghorn,Matthew Leblanc,Brandon Lum,James MacDonald,Sachin Manucha,Justin Ongaro,David Robinson,Kate Sinclair,Paul Socka,Mitchell Voss,Jesse Woo,Ian Fraser
