Pimp’n Ain’t Parise,winter2014,Ice Hockey: Pimp’n Ain’t Parise (Advanced)
9,6,6,3,3
Tue Jan 21 @ 9:00 pm,Columbia Icefield Arena,won,6,0,2,Boats and Hossas
Tue Jan 28 @ 9:00 pm,Columbia Icefield Arena,tie,2,2,-2,Sci Hawks
Wed Feb 5 @ 9:00 pm,Columbia Icefield Arena,tie,1,1,3,Multiple Scorgasms
Sun Feb 9 @ 5:00 pm,Columbia Icefield Arena,won,3,0,avg.,Advanced Indies 1
Sun Mar 9 @ 10:00 pm,Columbia Icefield Arena,lost,2,4,2,Blades of Steel
Fri Mar 14 @ 8:00 pm,Columbia Icefield Arena,won,4,1,3,Debbies Dingleshow
Sun Mar 23 @ 4:00 pm,Columbia Icefield Arena,won,4,2,1,St. Paul Predators
Wed Mar 26 @ 10:00 pm,Columbia Icefield Arena,won,5,4,0,Slot Rockets
Sat Mar 29 @ 1:00 pm,Columbia Icefield Arena,won,8,4,2,Blades of Steel

Benjamin Balfour,Thomas Black,David Drewery,Joshua Edmondstone,David Gu,Abid Karmali,Brett Macdonald,Brent Moore,Daniel Ohashi,John Ohashi,Adam Seeto,Gregory Mittler
