Busch League,winter2014,Ice Hockey: Busch League (Advanced)
8,6,6,2,2
Wed Jan 15 @ 10:00 pm,Columbia Icefield Arena,lost,1,2,1,Advanced Indies 1
Sat Jan 25 @ 8:00 pm,Columbia Icefield Arena,tie,3,3,3,Debbies Dingleshow
Thu Jan 30 @ 11:00 pm,Columbia Icefield Arena,tie,3,3,0,Jagr Bombs
Wed Feb 5 @ 10:00 pm,Columbia Icefield Arena,won,5,1,0,The Shockers
Sun Feb 9 @ 9:00 am,Columbia Icefield Arena,lost,2,3,1,Boats and Hossas
Fri Mar 14 @ 6:00 pm,Columbia Icefield Arena,lost,2,4,2,Scissors Me Timbers
Tue Mar 25 @ 11:00 pm,Columbia Icefield Arena,won,4,1,1,Advanced Indies 1
Sat Mar 29 @ 4:00 pm,Columbia Icefield Arena,won,2,1,0,The Earwigs

Tyler Cunningham,Joel Furlan,Eric Gooley,Brandon Hong,Tyler Hull,Tyler Keller,Jeffrey Kuipers,Anthony Lalingo,Nicholas Loader,Maxsym Lysyk,Cole Roddick,Chris Sayers,Evan Way,William Yan,William Politis-Barber
