Scissors Me Timbers,winter2014,Ice Hockey: Scissors Me Timbers (Advanced)
9,6,6,3,3
Sat Jan 18 @ 7:00 pm,Columbia Icefield Arena,won,5,4,2,Blades of Steel
Tue Jan 21 @ 8:00 pm,Columbia Icefield Arena,won,7,1,3,Advanced Indies 1
Sat Feb 1 @ 9:00 pm,Columbia Icefield Arena,won,7,3,3,Debbies Dingleshow
Thu Feb 6 @ 9:00 pm,Columbia Icefield Arena,tie,3,3,3,Jagr Bombs
Sat Feb 8 @ 10:00 am,Columbia Icefield Arena,won,7,4,3,The Shockers
Fri Mar 14 @ 6:00 pm,Columbia Icefield Arena,won,4,2,1,Busch League
Sat Mar 22 @ 8:00 pm,Columbia Icefield Arena,won,2,1,1,Linthuanian Lugers
Thu Mar 27 @ 9:00 pm,Columbia Icefield Arena,won,4,2,1,Advanced Indies 2
Sun Mar 30 @ 1:00 pm,Columbia Icefield Arena,won,4,3,1,Jagr Bombs

Jan Franssen,Tyler Harper,Jonathan Howarth,Ryan Jenken,Shayne Liukkonen,Clyde Noronha,Riku Pekkola,Nolan Pettipiece,Adam Poertner,Scott Shaw,Michael McClure
