The Jesters,winter2014,Ice Hockey: The Jesters (Advanced)
7,6,6,1,1
Wed Jan 22 @ 9:00 pm,Columbia Icefield Arena,won,6,4,3,Linthuanian Lugers
Sat Jan 25 @ 11:00 am,Columbia Icefield Arena,won,8,2,2,St. Paul Predators
Wed Jan 29 @ 11:00 pm,Columbia Icefield Arena,tie,4,4,3,Fighting Mongoose
Sat Feb 1 @ 6:00 pm,Columbia Icefield Arena,won,5,3,3,Jagr Bombs
Tue Feb 11 @ 9:00 pm,Columbia Icefield Arena,lost,0,3,2,Advanced Indies 2
Sat Mar 8 @ 1:00 pm,Columbia Icefield Arena,won,2,0,3,The Earwigs
Fri Mar 21 @ 7:00 pm,Columbia Icefield Arena,lost,2,7,1,Jagr Bombs

Thomas Abdallah,Derek Ditner,Michael Fujiwara,Karan Malik,Matthew McLeod,Kyle Parks,Ryan Santos,Nathan Siniowski,Caleb Yee,Stephen Murch
