Fighting Mongoose,winter2014,Ice Hockey: Fighting Mongoose (Advanced)
8,6,6,2,2
Tue Jan 14 @ 11:00 pm,Columbia Icefield Arena,lost,1,4,0,Slot Rockets
Sun Jan 26 @ 10:00 am,Columbia Icefield Arena,lost,1,2,3,Jagr Bombs
Wed Jan 29 @ 11:00 pm,Columbia Icefield Arena,tie,4,4,3,The Jesters
Sun Mar 9 @ 2:00 pm,Columbia Icefield Arena,lost,2,4,3,Bendy Garden Gnomes
Wed Mar 12 @ 11:00 pm,Columbia Icefield Arena,lost,2,3,2,Captain Strab and the Phoria’s
Sat Mar 15 @ 10:00 am,Columbia Icefield Arena,lost,2,6,3,Advanced Indies 3
Wed Mar 19 @ 9:00 pm,Columbia Icefield Arena,won,2,1,1,Bendy Garden Gnomes
Thu Mar 27 @ 7:00 pm,Columbia Icefield Arena,lost,0,5,2,The Earwigs

Duncan Li,Benjamin McIntyre,William Murdoch,Jarrett Neal,Patrick O’Brien,Michael Sheremeta,Ben Tinklin,Brandon Semus
