Debbies Dingleshow,winter2014,Ice Hockey: Debbies Dingleshow (Advanced)
7,6,6,1,1
Sat Jan 18 @ 10:00 am,Columbia Icefield Arena,lost,1,5,3,Jagr Bombs
Sat Jan 25 @ 8:00 pm,Columbia Icefield Arena,tie,3,3,3,Busch League
Sat Feb 1 @ 9:00 pm,Columbia Icefield Arena,lost,3,7,3,Scissors Me Timbers
Sat Feb 8 @ 11:00 am,Columbia Icefield Arena,won,6,1,3,SJU Lions
Tue Feb 25 @ 10:00 pm,Columbia Icefield Arena,tie,3,3,3,Multiple Scorgasms
Fri Mar 14 @ 8:00 pm,Columbia Icefield Arena,lost,1,4,3,Pimp’n Ain’t Parise
Sat Mar 22 @ 3:00 pm,Columbia Icefield Arena,lost,1,7,2,Slot Rockets

Daniel Armstrong,Jordan Daoust,Evan Earl,Nicholas Fergusson,Andrew Holliday,Bradley Latchford,Tyler Macgillivray,Brent Rae,Nickolas Sarantakos,Adam Silvestro,Paul Taillon,Dishan Thayaparan,John Walker,Joseph Spohn
