Slot Rockets,winter2014,Ice Hockey: Slot Rockets (Advanced)
8,6,6,2,2
Tue Jan 14 @ 11:00 pm,Columbia Icefield Arena,won,4,1,0,Fighting Mongoose
Wed Jan 22 @ 10:00 pm,Columbia Icefield Arena,lost,1,4,1,Captain Strab and the Phoria’s
Sun Jan 26 @ 9:00 am,Columbia Icefield Arena,tie,0,0,0,Bendy Garden Gnomes
Sat Feb 8 @ 3:00 pm,Columbia Icefield Arena,lost,0,3,-2,Linthuanian Lugers
Thu Mar 13 @ 11:00 pm,Columbia Icefield Arena,lost,2,4,3,Blades of Steel
Sat Mar 15 @ 3:00 pm,Columbia Icefield Arena,won,5,0,3,Jagr Bombs
Sat Mar 22 @ 3:00 pm,Columbia Icefield Arena,won,7,1,2,Debbies Dingleshow
Wed Mar 26 @ 10:00 pm,Columbia Icefield Arena,lost,4,5,1,Pimp’n Ain’t Parise

Jody Brooks,Kenneth Burns,Alexander Carducci,Steven Crone,Owain Graham,Bradley Hallman,Michael Holtom,Thomas Jilek,Kacie Lunn,Todd Richardson,Jennifer Sparks,Evan Steed,Mitchell Zorzit,Paul Stefan
