Linthuanian Lugers,winter2014,Ice Hockey: Linthuanian Lugers (Advanced)
7,6,6,1,1
Wed Jan 15 @ 9:00 pm,Columbia Icefield Arena,won,6,0,3,Jagr Bombs
Wed Jan 22 @ 9:00 pm,Columbia Icefield Arena,lost,4,6,3,The Jesters
Sun Jan 26 @ 11:00 am,Columbia Icefield Arena,won,4,3,3,Bendy Garden Gnomes
Mon Feb 3 @ 11:00 pm,Columbia Icefield Arena,lost,0,4,1,Captain Strab and the Phoria’s
Sat Feb 8 @ 3:00 pm,Columbia Icefield Arena,won,3,0,avg.,Slot Rockets
Sun Mar 9 @ 9:00 am,Columbia Icefield Arena,won,3,0,avg.,St. Paul Predators
Sat Mar 22 @ 8:00 pm,Columbia Icefield Arena,lost,1,2,1,Scissors Me Timbers

Micah Brubaker-Zehr,Jesse Burt,P. Andrew Clubine,Benjamin Craig,Matthew Craig,Alexander Gee,Jeffrey Hagen,Sawyer Hogenkamp,Brett Kropf,Ryan McLaughlin,Adrian Neufeld,Mackenzie Wallace,Wesley Winder,Mackenzie Gingerich
