Boston Bruins,BOS,nhl
1972-73,1973
27
78
5
GP,Date,Time,Location,Opponent,GF,GA,Result,Game Ended In,W,L,T,Streak
1,1972-10-08,time unavailable,H,Los Angeles Kings,2,4,L,REG,0,1,0,L 1
2,1972-10-11,time unavailable,@,Detroit Red Wings,3,4,L,REG,0,2,0,L 2
3,1972-10-14,time unavailable,@,New York Islanders,7,4,W,REG,1,2,0,W 1
4,1972-10-15,time unavailable,H,Pittsburgh Penguins,8,4,W,REG,2,2,0,W 2
5,1972-10-18,time unavailable,@,New York Rangers,1,7,L,REG,2,3,0,L 1
6,1972-10-21,time unavailable,@,Pittsburgh Penguins,4,2,W,REG,3,3,0,W 1
7,1972-10-22,time unavailable,H,Vancouver Canucks,4,5,L,REG,3,4,0,L 1
8,1972-10-25,time unavailable,@,Buffalo Sabres,2,2,T,REG,3,4,1,T 1
9,1972-10-26,time unavailable,H,Chicago Black Hawks,3,6,L,REG,3,5,1,L 1
10,1972-10-28,time unavailable,@,Toronto Maple Leafs,3,2,W,REG,4,5,1,W 1
11,1972-10-29,time unavailable,H,New York Islanders,9,1,W,REG,5,5,1,W 2
12,1972-11-02,time unavailable,@,Los Angeles Kings,2,5,L,REG,5,6,1,L 1
13,1972-11-03,time unavailable,@,California Golden Seals,6,6,T,REG,5,6,2,T 1
14,1972-11-05,time unavailable,@,Vancouver Canucks,4,2,W,REG,6,6,2,W 1
15,1972-11-09,time unavailable,H,Detroit Red Wings,8,3,W,REG,7,6,2,W 2
16,1972-11-12,time unavailable,H,Montreal Canadiens,3,5,L,REG,7,7,2,L 1
17,1972-11-16,time unavailable,H,St. Louis Blues,4,0,W,REG,8,7,2,W 1
18,1972-11-18,time unavailable,@,New York Islanders,7,3,W,REG,9,7,2,W 2
19,1972-11-19,time unavailable,H,Toronto Maple Leafs,6,5,W,REG,10,7,2,W 3
20,1972-11-23,time unavailable,H,California Golden Seals,4,2,W,REG,11,7,2,W 4
21,1972-11-24,time unavailable,@,Atlanta Flames,4,0,W,REG,12,7,2,W 5
22,1972-11-26,time unavailable,H,Philadelphia Flyers,6,4,W,REG,13,7,2,W 6
23,1972-11-29,time unavailable,@,Montreal Canadiens,3,3,T,REG,13,7,3,T 1
24,1972-11-30,time unavailable,H,Buffalo Sabres,5,4,W,REG,14,7,3,W 1
25,1972-12-03,time unavailable,H,New York Islanders,5,1,W,REG,15,7,3,W 2
26,1972-12-07,time unavailable,H,St. Louis Blues,5,0,W,REG,16,7,3,W 3
27,1972-12-09,time unavailable,@,Philadelphia Flyers,4,3,W,REG,17,7,3,W 4
28,1972-12-10,time unavailable,H,California Golden Seals,8,4,W,REG,18,7,3,W 5
29,1972-12-13,time unavailable,@,Buffalo Sabres,3,7,L,REG,18,8,3,L 1
30,1972-12-14,time unavailable,H,New York Rangers,4,2,W,REG,19,8,3,W 1
31,1972-12-17,time unavailable,@,Philadelphia Flyers,5,3,W,REG,20,8,3,W 2
32,1972-12-19,time unavailable,@,Pittsburgh Penguins,3,2,W,REG,21,8,3,W 3
33,1972-12-21,time unavailable,H,Detroit Red Wings,8,1,W,REG,22,8,3,W 4
34,1972-12-23,time unavailable,H,Atlanta Flames,3,1,W,REG,23,8,3,W 5
35,1972-12-27,time unavailable,@,Atlanta Flames,3,1,W,REG,24,8,3,W 6
36,1972-12-29,time unavailable,@,Minnesota North Stars,2,0,W,REG,25,8,3,W 7
37,1973-01-01,time unavailable,@,Vancouver Canucks,8,2,W,REG,26,8,3,W 8
38,1973-01-04,time unavailable,@,St. Louis Blues,2,4,L,REG,26,9,3,L 1
39,1973-01-07,time unavailable,@,Chicago Black Hawks,4,5,L,REG,26,10,3,L 2
40,1973-01-11,time unavailable,H,Minnesota North Stars,1,1,T,REG,26,10,4,T 1
41,1973-01-13,time unavailable,@,Toronto Maple Leafs,4,1,W,REG,27,10,4,W 1
42,1973-01-14,time unavailable,H,Buffalo Sabres,6,0,W,REG,28,10,4,W 2
43,1973-01-18,time unavailable,H,New York Islanders,7,9,L,REG,28,11,4,L 1
44,1973-01-20,time unavailable,@,Pittsburgh Penguins,0,3,L,REG,28,12,4,L 2
45,1973-01-21,time unavailable,H,California Golden Seals,5,2,W,REG,29,12,4,W 1
46,1973-01-24,time unavailable,@,New York Rangers,2,4,L,REG,29,13,4,L 1
47,1973-01-25,time unavailable,H,Detroit Red Wings,2,4,L,REG,29,14,4,L 2
48,1973-01-27,time unavailable,H,Chicago Black Hawks,2,4,L,REG,29,15,4,L 3
49,1973-01-28,time unavailable,H,Los Angeles Kings,6,5,W,REG,30,15,4,W 1
50,1973-02-01,time unavailable,H,Toronto Maple Leafs,5,2,W,REG,31,15,4,W 2
51,1973-02-03,time unavailable,H,New York Rangers,3,7,L,REG,31,16,4,L 1
52,1973-02-04,time unavailable,H,Philadelphia Flyers,2,2,T,REG,31,16,5,T 1
53,1973-02-07,time unavailable,@,Minnesota North Stars,3,2,W,REG,32,16,5,W 1
54,1973-02-10,time unavailable,H,Pittsburgh Penguins,6,3,W,REG,33,16,5,W 2
55,1973-02-11,time unavailable,H,Los Angeles Kings,2,0,W,REG,34,16,5,W 3
56,1973-02-13,time unavailable,H,Vancouver Canucks,7,3,W,REG,35,16,5,W 4
57,1973-02-15,time unavailable,@,Philadelphia Flyers,3,1,W,REG,36,16,5,W 5
58,1973-02-17,time unavailable,@,Minnesota North Stars,2,5,L,REG,36,17,5,L 1
59,1973-02-18,time unavailable,@,Chicago Black Hawks,4,1,W,REG,37,17,5,W 1
60,1973-02-20,time unavailable,@,Vancouver Canucks,7,6,W,REG,38,17,5,W 2
61,1973-02-21,time unavailable,@,California Golden Seals,6,2,W,REG,39,17,5,W 3
62,1973-02-24,time unavailable,@,Los Angeles Kings,7,5,W,REG,40,17,5,W 4
63,1973-03-01,time unavailable,H,St. Louis Blues,3,4,L,REG,40,18,5,L 1
64,1973-03-03,time unavailable,@,Montreal Canadiens,1,5,L,REG,40,19,5,L 2
65,1973-03-04,time unavailable,H,Chicago Black Hawks,4,0,W,REG,41,19,5,W 1
66,1973-03-07,time unavailable,@,St. Louis Blues,2,5,L,REG,41,20,5,L 1
67,1973-03-09,time unavailable,@,Atlanta Flames,3,2,W,REG,42,20,5,W 1
68,1973-03-11,time unavailable,H,Montreal Canadiens,5,3,W,REG,43,20,5,W 2
69,1973-03-13,time unavailable,@,New York Islanders,3,0,W,REG,44,20,5,W 3
70,1973-03-15,time unavailable,@,Buffalo Sabres,4,1,W,REG,45,20,5,W 4
71,1973-03-16,time unavailable,@,Detroit Red Wings,5,4,W,REG,46,20,5,W 5
72,1973-03-18,time unavailable,H,Atlanta Flames,7,1,W,REG,47,20,5,W 6
73,1973-03-22,time unavailable,H,Minnesota North Stars,5,3,W,REG,48,20,5,W 7
74,1973-03-24,time unavailable,H,New York Rangers,3,0,W,REG,49,20,5,W 8
75,1973-03-25,time unavailable,H,Buffalo Sabres,6,1,W,REG,50,20,5,W 9
76,1973-03-28,time unavailable,@,New York Rangers,6,3,W,REG,51,20,5,W 10
77,1973-03-31,time unavailable,@,Toronto Maple Leafs,3,7,L,REG,51,21,5,L 1
78,1973-04-01,time unavailable,H,Montreal Canadiens,3,5,L,REG,51,22,5,L 2

GP,Date,Time,Location,Opponent,GF,GA,Result,Game Ended In,W,L,T,Streak
1,1973-04-04,time unavailable,H,New York Rangers,2,6,L,REG,0,1,0,L 1
2,1973-04-05,time unavailable,H,New York Rangers,2,4,L,REG,0,2,0,L 2
3,1973-04-07,time unavailable,@,New York Rangers,4,2,W,REG,1,2,0,W 1
4,1973-04-08,time unavailable,@,New York Rangers,0,4,L,REG,1,3,0,L 1
5,1973-04-10,time unavailable,H,New York Rangers,3,6,L,REG,1,4,0,L 2

John Adams,,31,G,26,6-0,200,-/L,R,"July 27, 1946",ca,"9-3-1, 3.00 GAA"
Don Awrey,,26,D,29,6-0,175,L/-,9,"July 18, 1943",ca,"2 G, 17 A, 19 P"
Ace Bailey,,14,LW,24,5-11,192,L/-,4,"June 13, 1948",ca,"8 G, 13 A, 21 P"
Nick Beverley,,6,D,25,6-2,185,R/-,3,"April 21, 1947",ca,"1 G, 10 A, 11 P"
Ross Brooks,,30,G,35,5-8,173,-/L,R,"October 17, 1937",ca,"11-1-3, 2.64 GAA"
John Bucyk,,9,LW,37,6-0,215,L/-,17,"May 12, 1935",ca,"40 G, 53 A, 93 P"
Wayne Cashman,,12,LW,27,6-1,208,R/-,6,"June 24, 1945",ca,"29 G, 39 A, 68 P"
Gary Doak,,25,D,26,5-11,175,R/-,7,"February 26, 1946",ca,"0 G, 0 A, 0 P"
Phil Esposito,,7,C,30,6-1,205,L/-,9,"February 20, 1942",ca,"55 G, 75 A, 130 P"
Ken Hodge,,8,RW,28,6-2,210,R/-,8,"June 25, 1944",gb,"37 G, 44 A, 81 P"
Eddie Johnston,,1,G,37,6-0,190,-/L,10,"November 24, 1935",ca,"24-17-1, 3.27 GAA"
Ron Jones,,29,D,21,6-1,195,L/-,1,"April 11, 1951",ca,"0 G, 0 A, 0 P"
Rich LeDuc,,18,C,21,5-11,170,L/-,R,"August 24, 1951",ca,"1 G, 1 A, 2 P"
Don Marcotte,,21,LW,25,5-11,183,L/-,5,"April 15, 1947",ca,"24 G, 31 A, 55 P"
Fred O'Donnell,,16,RW,23,5-10,175,R/-,R,"December 6, 1949",ca,"10 G, 4 A, 14 P"
Terry O'Reilly,,24,RW,21,6-1,200,R/-,1,"June 7, 1951",ca,"5 G, 22 A, 27 P"
Chris Oddleifson,,22,C,22,6-2,185,R/-,R,"September 7, 1950",ca,"0 G, 0 A, 0 P"
Bobby Orr,,4,D,24,6-0,197,L/-,6,"March 20, 1948",ca,"29 G, 72 A, 101 P"
Jacques Plante,,31,G,44,6-0,175,-/L,17,"January 17, 1929",ca,"7-1-0, 2.00 GAA"
Matt Ravlich,,23,D,34,5-10,185,L/-,8,"July 12, 1938",ca,"0 G, 1 A, 1 P"
Doug Roberts,,28,RW,30,6-2,212,R/-,7,"October 28, 1942",us,"4 G, 7 A, 11 P"
Derek Sanderson,,27,C,26,6-0,185,L/-,7,"June 16, 1946",ca,"5 G, 10 A, 15 P"
Gregg Sheppard,,19,C,23,5-8,170,L/-,R,"April 23, 1949",ca,"24 G, 26 A, 50 P"
Dallas Smith,,20,D,31,5-11,180,L/-,10,"October 10, 1941",ca,"4 G, 27 A, 31 P"
Fred Stanfield,,17,C,28,5-10,185,L/-,8,"May 4, 1944",ca,"20 G, 58 A, 78 P"
Carol Vadnais,,10,D,27,6-1,185,L/-,6,"September 25, 1945",ca,"7 G, 24 A, 31 P"
Mike Walton,,11,C,28,5-10,175,L/-,7,"January 3, 1945",ca,"25 G, 22 A, 47 P"
