Chicago Black Hawks,CBH,nhl
1972-73,1973
25
78
5,5,6
GP,Date,Time,Location,Opponent,GF,GA,Result,Game Ended In,W,L,T,Streak
1,1972-10-07,time unavailable,@,Toronto Maple Leafs,3,1,W,REG,1,0,0,W 1
2,1972-10-08,time unavailable,H,New York Rangers,5,1,W,REG,2,0,0,W 2
3,1972-10-11,time unavailable,H,Atlanta Flames,4,1,W,REG,3,0,0,W 3
4,1972-10-14,time unavailable,@,St. Louis Blues,4,2,W,REG,4,0,0,W 4
5,1972-10-15,time unavailable,H,St. Louis Blues,1,3,L,REG,4,1,0,L 1
6,1972-10-17,time unavailable,@,Vancouver Canucks,3,6,L,REG,4,2,0,L 2
7,1972-10-21,time unavailable,@,Los Angeles Kings,1,3,L,REG,4,3,0,L 3
8,1972-10-22,time unavailable,@,California Golden Seals,4,2,W,REG,5,3,0,W 1
9,1972-10-26,time unavailable,@,Boston Bruins,6,3,W,REG,6,3,0,W 2
10,1972-10-28,time unavailable,@,New York Islanders,4,4,T,REG,6,3,1,T 1
11,1972-10-29,time unavailable,@,New York Rangers,1,7,L,REG,6,4,1,L 1
12,1972-11-01,time unavailable,H,New York Rangers,2,3,L,REG,6,5,1,L 2
13,1972-11-04,time unavailable,@,Minnesota North Stars,3,5,L,REG,6,6,1,L 3
14,1972-11-05,time unavailable,H,California Golden Seals,3,3,T,REG,6,6,2,T 1
15,1972-11-08,time unavailable,H,New York Islanders,6,1,W,REG,7,6,2,W 1
16,1972-11-09,time unavailable,@,Philadelphia Flyers,3,5,L,REG,7,7,2,L 1
17,1972-11-12,time unavailable,H,Detroit Red Wings,5,1,W,REG,8,7,2,W 1
18,1972-11-18,time unavailable,@,Montreal Canadiens,5,3,W,REG,9,7,2,W 2
19,1972-11-19,time unavailable,H,Minnesota North Stars,1,5,L,REG,9,8,2,L 1
20,1972-11-22,time unavailable,H,Vancouver Canucks,5,2,W,REG,10,8,2,W 1
21,1972-11-25,time unavailable,@,St. Louis Blues,4,2,W,REG,11,8,2,W 2
22,1972-11-26,time unavailable,H,Montreal Canadiens,3,2,W,REG,12,8,2,W 3
23,1972-11-29,time unavailable,H,Detroit Red Wings,8,3,W,REG,13,8,2,W 4
24,1972-12-02,time unavailable,@,Pittsburgh Penguins,2,3,L,REG,13,9,2,L 1
25,1972-12-03,time unavailable,H,Pittsburgh Penguins,4,2,W,REG,14,9,2,W 1
26,1972-12-06,time unavailable,H,Los Angeles Kings,6,0,W,REG,15,9,2,W 2
27,1972-12-10,time unavailable,H,Minnesota North Stars,5,1,W,REG,16,9,2,W 3
28,1972-12-12,time unavailable,@,Vancouver Canucks,5,1,W,REG,17,9,2,W 4
29,1972-12-13,time unavailable,@,Los Angeles Kings,1,3,L,REG,17,10,2,L 1
30,1972-12-15,time unavailable,@,California Golden Seals,9,4,W,REG,18,10,2,W 1
31,1972-12-17,time unavailable,H,Los Angeles Kings,2,0,W,REG,19,10,2,W 2
32,1972-12-20,time unavailable,H,Philadelphia Flyers,4,1,W,REG,20,10,2,W 3
33,1972-12-23,time unavailable,@,Toronto Maple Leafs,3,5,L,REG,20,11,2,L 1
34,1972-12-24,time unavailable,H,Toronto Maple Leafs,5,1,W,REG,21,11,2,W 1
35,1972-12-27,time unavailable,H,St. Louis Blues,3,5,L,REG,21,12,2,L 1
36,1972-12-28,time unavailable,@,Buffalo Sabres,2,8,L,REG,21,13,2,L 2
37,1972-12-31,time unavailable,H,Buffalo Sabres,4,2,W,REG,22,13,2,W 1
38,1973-01-03,time unavailable,H,Pittsburgh Penguins,3,5,L,REG,22,14,2,L 1
39,1973-01-06,time unavailable,@,Minnesota North Stars,2,0,W,REG,23,14,2,W 1
40,1973-01-07,time unavailable,H,Boston Bruins,5,4,W,REG,24,14,2,W 2
41,1973-01-10,time unavailable,@,Atlanta Flames,2,5,L,REG,24,15,2,L 1
42,1973-01-13,time unavailable,H,Philadelphia Flyers,2,3,L,REG,24,16,2,L 2
43,1973-01-14,time unavailable,H,California Golden Seals,6,6,T,REG,24,16,3,T 1
44,1973-01-17,time unavailable,@,Detroit Red Wings,6,4,W,REG,25,16,3,W 1
45,1973-01-18,time unavailable,@,Buffalo Sabres,1,5,L,REG,25,17,3,L 1
46,1973-01-20,time unavailable,@,Minnesota North Stars,3,3,T,REG,25,17,4,T 1
47,1973-01-21,time unavailable,H,Pittsburgh Penguins,9,3,W,REG,26,17,4,W 1
48,1973-01-24,time unavailable,H,Vancouver Canucks,3,3,T,REG,26,17,5,T 1
49,1973-01-27,time unavailable,@,Boston Bruins,4,2,W,REG,27,17,5,W 1
50,1973-01-28,time unavailable,H,Minnesota North Stars,5,1,W,REG,28,17,5,W 2
51,1973-02-01,time unavailable,@,New York Islanders,5,3,W,REG,29,17,5,W 3
52,1973-02-03,time unavailable,@,Philadelphia Flyers,2,2,T,REG,29,17,6,T 1
53,1973-02-04,time unavailable,H,St. Louis Blues,5,2,W,REG,30,17,6,W 1
54,1973-02-07,time unavailable,H,Buffalo Sabres,2,1,W,REG,31,17,6,W 2
55,1973-02-09,time unavailable,@,Atlanta Flames,4,3,W,REG,32,17,6,W 3
56,1973-02-11,time unavailable,H,Philadelphia Flyers,7,2,W,REG,33,17,6,W 4
57,1973-02-14,time unavailable,H,New York Islanders,4,2,W,REG,34,17,6,W 5
58,1973-02-17,time unavailable,@,St. Louis Blues,3,4,L,REG,34,18,6,L 1
59,1973-02-18,time unavailable,H,Boston Bruins,1,4,L,REG,34,19,6,L 2
60,1973-02-21,time unavailable,H,Montreal Canadiens,2,4,L,REG,34,20,6,L 3
61,1973-02-24,time unavailable,@,Pittsburgh Penguins,0,2,L,REG,34,21,6,L 4
62,1973-02-25,time unavailable,H,Atlanta Flames,4,2,W,REG,35,21,6,W 1
63,1973-02-27,time unavailable,@,New York Islanders,5,3,W,REG,36,21,6,W 2
64,1973-02-28,time unavailable,@,New York Rangers,3,3,T,REG,36,21,7,T 1
65,1973-03-03,time unavailable,@,Toronto Maple Leafs,3,3,T,REG,36,21,8,T 2
66,1973-03-04,time unavailable,@,Boston Bruins,0,4,L,REG,36,22,8,L 1
67,1973-03-08,time unavailable,@,Los Angeles Kings,1,4,L,REG,36,23,8,L 2
68,1973-03-10,time unavailable,@,Vancouver Canucks,4,2,W,REG,37,23,8,W 1
69,1973-03-11,time unavailable,@,California Golden Seals,5,1,W,REG,38,23,8,W 2
70,1973-03-14,time unavailable,H,New York Rangers,4,2,W,REG,39,23,8,W 3
71,1973-03-17,time unavailable,@,Atlanta Flames,2,3,L,REG,39,24,8,L 1
72,1973-03-18,time unavailable,H,Detroit Red Wings,0,2,L,REG,39,25,8,L 2
73,1973-03-21,time unavailable,H,Buffalo Sabres,6,2,W,REG,40,25,8,W 1
74,1973-03-24,time unavailable,H,Atlanta Flames,7,0,W,REG,41,25,8,W 2
75,1973-03-25,time unavailable,H,Montreal Canadiens,6,5,W,REG,42,25,8,W 3
76,1973-03-28,time unavailable,@,Montreal Canadiens,3,4,L,REG,42,26,8,L 1
77,1973-03-31,time unavailable,@,Detroit Red Wings,2,4,L,REG,42,27,8,L 2
78,1973-04-01,time unavailable,H,Toronto Maple Leafs,4,4,T,REG,42,27,9,T 1

GP,Date,Time,Location,Opponent,GF,GA,Result,Game Ended In,W,L,T,Streak
1,1973-04-04,time unavailable,H,St. Louis Blues,7,1,W,REG,1,0,0,W 1
2,1973-04-05,time unavailable,H,St. Louis Blues,1,0,W,REG,2,0,0,W 2
3,1973-04-07,time unavailable,@,St. Louis Blues,5,2,W,REG,3,0,0,W 3
4,1973-04-08,time unavailable,@,St. Louis Blues,3,5,L,REG,3,1,0,L 1
5,1973-04-10,time unavailable,H,St. Louis Blues,6,1,W,REG,4,1,0,W 1
6,1973-04-12,time unavailable,H,New York Rangers,1,4,L,REG,4,2,0,L 1
7,1973-04-15,time unavailable,H,New York Rangers,5,4,W,REG,5,2,0,W 1
8,1973-04-17,time unavailable,@,New York Rangers,2,1,W,REG,6,2,0,W 2
9,1973-04-19,time unavailable,@,New York Rangers,3,1,W,REG,7,2,0,W 3
10,1973-04-24,time unavailable,H,New York Rangers,4,1,W,REG,8,2,0,W 4
11,1973-04-29,time unavailable,@,Montreal Canadiens,3,8,L,REG,8,3,0,L 1
12,1973-05-01,time unavailable,@,Montreal Canadiens,1,4,L,REG,8,4,0,L 2
13,1973-05-03,time unavailable,H,Montreal Canadiens,7,4,W,REG,9,4,0,W 1
14,1973-05-06,time unavailable,H,Montreal Canadiens,0,4,L,REG,9,5,0,L 1
15,1973-05-08,time unavailable,@,Montreal Canadiens,8,7,W,REG,10,5,0,W 1
16,1973-05-10,time unavailable,H,Montreal Canadiens,4,6,L,REG,10,6,0,L 1

Lou Angotti,,6,C,35,5-9,170,R/-,8,"January 16, 1938",ca,"15 G, 22 A, 37 P"
Ralph Backstrom,,14,C,35,5-10,165,L/-,16,"September 18, 1937",ca,"6 G, 3 A, 9 P"
J.P. Bordeleau,,23,RW,23,6-1,175,R/-,1,"June 13, 1949",ca,"15 G, 15 A, 30 P"
Tony Esposito,,35,G,29,5-11,185,-/R,4,"April 23, 1943",ca,"32-17-7, 2.51 GAA"
Dennis Hull,,10,LW,28,5-11,198,L/-,8,"November 19, 1944",ca,"39 G, 51 A, 90 P"
Doug Jarrett,,4,D,28,6-3,205,L/-,8,"April 22, 1944",ca,"2 G, 11 A, 13 P"
Jerry Korab,,22,D,24,6-3,220,L/-,2,"September 15, 1948",ca,"12 G, 15 A, 27 P"
Cliff Koroll,,20,RW,26,6-1,195,R/-,3,"October 1, 1946",ca,"33 G, 24 A, 57 P"
Dave Kryskow,,17,LW,21,5-10,175,L/-,R,"December 25, 1951",ca,"1 G, 0 A, 1 P"
Moe L'Abbe,,18,RW,25,5-9,170,L/-,R,"August 12, 1947",ca,"0 G, 1 A, 1 P"
Walt Ledingham,,24,LW,22,5-11,180,L/-,R,"October 26, 1950",ca,"0 G, 1 A, 1 P"
Darryl Maggs,,17,D,23,6-2,195,R/-,1,"April 6, 1949",ca,"0 G, 0 A, 0 P"
Keith Magnuson,,3,D,25,6-0,185,R/-,3,"April 27, 1947",ca,"0 G, 19 A, 19 P"
Chico Maki,,16,RW,33,5-10,170,R/-,11,"August 17, 1939",ca,"13 G, 19 A, 32 P"
Dan Maloney,,19,LW,22,6-2,195,L/-,1,"September 24, 1950",ca,"13 G, 17 A, 30 P"
John Marks,,11,D,24,6-2,200,L/-,R,"March 22, 1948",ca,"3 G, 10 A, 13 P"
Pit Martin,,7,C,29,5-9,170,R/-,10,"December 9, 1943",ca,"29 G, 61 A, 90 P"
Stan Mikita,,21,C,32,5-9,169,R/-,14,"May 20, 1940",cs,"27 G, 56 A, 83 P"
Brian Ogilvie,,18,C,21,5-11,186,R/-,R,"January 30, 1952",ca,"1 G, 2 A, 3 P"
Jim Pappin,,8,RW,33,6-0,190,R/-,9,"September 10, 1939",ca,"41 G, 51 A, 92 P"
Dick Redmond,,15,LW,23,5-11,178,L/-,3,"August 14, 1949",ca,"9 G, 19 A, 28 P"
Phil Russell,,5,D,20,6-2,205,L/-,R,"July 21, 1952",ca,"6 G, 19 A, 25 P"
Gary Smith,,1,G,28,6-4,215,-/L,7,"February 4, 1944",ca,"10-10-2, 3.54 GAA"
Pat Stapleton,,12,D,32,5-8,180,L/-,9,"July 4, 1940",ca,"10 G, 21 A, 31 P"
Bill White,,2,D,33,6-2,195,R/-,5,"August 26, 1939",ca,"9 G, 38 A, 47 P"
