Montreal Canadiens,MTL,nhl
1972-73,1973
27
78
6,5,6
GP,Date,Time,Location,Opponent,GF,GA,Result,Game Ended In,W,L,T,Streak
1,1972-10-07,time unavailable,H,Minnesota North Stars,3,0,W,REG,1,0,0,W 1
2,1972-10-11,time unavailable,@,Toronto Maple Leafs,2,2,T,REG,1,0,1,T 1
3,1972-10-12,time unavailable,H,Atlanta Flames,3,0,W,REG,2,0,1,W 1
4,1972-10-14,time unavailable,H,New York Rangers,6,1,W,REG,3,0,1,W 2
5,1972-10-18,time unavailable,@,St. Louis Blues,4,4,T,REG,3,0,2,T 1
6,1972-10-21,time unavailable,H,Vancouver Canucks,5,3,W,REG,4,0,2,W 1
7,1972-10-22,time unavailable,@,New York Rangers,1,1,T,REG,4,0,3,T 1
8,1972-10-24,time unavailable,@,New York Islanders,4,3,W,REG,5,0,3,W 1
9,1972-10-26,time unavailable,H,St. Louis Blues,7,0,W,REG,6,0,3,W 2
10,1972-10-28,time unavailable,H,Buffalo Sabres,3,3,T,REG,6,0,4,T 1
11,1972-10-29,time unavailable,@,Detroit Red Wings,2,1,W,REG,7,0,4,W 1
12,1972-11-01,time unavailable,@,Pittsburgh Penguins,7,1,W,REG,8,0,4,W 2
13,1972-11-02,time unavailable,@,Atlanta Flames,6,1,W,REG,9,0,4,W 3
14,1972-11-04,time unavailable,H,Detroit Red Wings,2,4,L,REG,9,1,4,L 1
15,1972-11-08,time unavailable,H,Toronto Maple Leafs,5,2,W,REG,10,1,4,W 1
16,1972-11-11,time unavailable,H,Los Angeles Kings,5,2,W,REG,11,1,4,W 2
17,1972-11-12,time unavailable,@,Boston Bruins,5,3,W,REG,12,1,4,W 3
18,1972-11-14,time unavailable,@,New York Islanders,7,2,W,REG,13,1,4,W 4
19,1972-11-16,time unavailable,H,Philadelphia Flyers,6,5,W,REG,14,1,4,W 5
20,1972-11-18,time unavailable,H,Chicago Black Hawks,3,5,L,REG,14,2,4,L 1
21,1972-11-22,time unavailable,@,Los Angeles Kings,3,3,T,REG,14,2,5,T 1
22,1972-11-24,time unavailable,@,Vancouver Canucks,9,1,W,REG,15,2,5,W 1
23,1972-11-26,time unavailable,@,Chicago Black Hawks,2,3,L,REG,15,3,5,L 1
24,1972-11-29,time unavailable,H,Boston Bruins,3,3,T,REG,15,3,6,T 1
25,1972-12-02,time unavailable,H,Atlanta Flames,4,4,T,REG,15,3,7,T 2
26,1972-12-03,time unavailable,@,Philadelphia Flyers,2,5,L,REG,15,4,7,L 1
27,1972-12-06,time unavailable,H,Minnesota North Stars,6,3,W,REG,16,4,7,W 1
28,1972-12-09,time unavailable,H,California Golden Seals,2,1,W,REG,17,4,7,W 2
29,1972-12-10,time unavailable,@,Buffalo Sabres,2,4,L,REG,17,5,7,L 1
30,1972-12-13,time unavailable,@,California Golden Seals,2,2,T,REG,17,5,8,T 1
31,1972-12-15,time unavailable,@,Vancouver Canucks,4,2,W,REG,18,5,8,W 1
32,1972-12-16,time unavailable,@,Los Angeles Kings,3,1,W,REG,19,5,8,W 2
33,1972-12-20,time unavailable,H,New York Islanders,4,2,W,REG,20,5,8,W 3
34,1972-12-23,time unavailable,H,Pittsburgh Penguins,6,3,W,REG,21,5,8,W 4
35,1972-12-26,time unavailable,@,St. Louis Blues,4,1,W,REG,22,5,8,W 5
36,1972-12-27,time unavailable,@,Minnesota North Stars,2,3,L,REG,22,6,8,L 1
37,1972-12-30,time unavailable,H,Atlanta Flames,1,1,T,REG,22,6,9,T 1
38,1973-01-03,time unavailable,@,Toronto Maple Leafs,8,4,W,REG,23,6,9,W 1
39,1973-01-06,time unavailable,H,California Golden Seals,5,0,W,REG,24,6,9,W 2
40,1973-01-08,time unavailable,H,Minnesota North Stars,3,3,T,REG,24,6,10,T 1
41,1973-01-10,time unavailable,@,Minnesota North Stars,6,0,W,REG,25,6,10,W 1
42,1973-01-12,time unavailable,@,California Golden Seals,3,3,T,REG,25,6,11,T 1
43,1973-01-14,time unavailable,@,Vancouver Canucks,3,0,W,REG,26,6,11,W 1
44,1973-01-17,time unavailable,H,Pittsburgh Penguins,6,4,W,REG,27,6,11,W 2
45,1973-01-18,time unavailable,@,Pittsburgh Penguins,5,2,W,REG,28,6,11,W 3
46,1973-01-20,time unavailable,H,Philadelphia Flyers,6,3,W,REG,29,6,11,W 4
47,1973-01-21,time unavailable,@,Atlanta Flames,3,2,W,REG,30,6,11,W 5
48,1973-01-24,time unavailable,H,New York Islanders,6,1,W,REG,31,6,11,W 6
49,1973-01-27,time unavailable,H,Toronto Maple Leafs,4,2,W,REG,32,6,11,W 7
50,1973-01-28,time unavailable,H,Detroit Red Wings,2,4,L,REG,32,7,11,L 1
51,1973-02-01,time unavailable,@,St. Louis Blues,3,3,T,REG,32,7,12,T 1
52,1973-02-03,time unavailable,@,Los Angeles Kings,7,1,W,REG,33,7,12,W 1
53,1973-02-04,time unavailable,@,California Golden Seals,6,1,W,REG,34,7,12,W 2
54,1973-02-07,time unavailable,H,Pittsburgh Penguins,5,2,W,REG,35,7,12,W 3
55,1973-02-10,time unavailable,H,Buffalo Sabres,2,1,W,REG,36,7,12,W 4
56,1973-02-11,time unavailable,@,New York Rangers,2,2,T,REG,36,7,13,T 1
57,1973-02-14,time unavailable,H,New York Rangers,6,3,W,REG,37,7,13,W 1
58,1973-02-17,time unavailable,H,Philadelphia Flyers,6,7,L,REG,37,8,13,L 1
59,1973-02-18,time unavailable,@,Toronto Maple Leafs,2,1,W,REG,38,8,13,W 1
60,1973-02-21,time unavailable,@,Chicago Black Hawks,4,2,W,REG,39,8,13,W 2
61,1973-02-22,time unavailable,@,Detroit Red Wings,3,3,T,REG,39,8,14,T 1
62,1973-02-24,time unavailable,H,Vancouver Canucks,7,3,W,REG,40,8,14,W 1
63,1973-02-28,time unavailable,H,Los Angeles Kings,5,2,W,REG,41,8,14,W 2
64,1973-03-03,time unavailable,H,Boston Bruins,5,1,W,REG,42,8,14,W 3
65,1973-03-04,time unavailable,@,Buffalo Sabres,4,2,W,REG,43,8,14,W 4
66,1973-03-06,time unavailable,@,New York Islanders,3,2,W,REG,44,8,14,W 5
67,1973-03-07,time unavailable,H,Toronto Maple Leafs,4,1,W,REG,45,8,14,W 6
68,1973-03-10,time unavailable,H,Detroit Red Wings,2,0,W,REG,46,8,14,W 7
69,1973-03-11,time unavailable,@,Boston Bruins,3,5,L,REG,46,9,14,L 1
70,1973-03-14,time unavailable,@,Detroit Red Wings,5,3,W,REG,47,9,14,W 1
71,1973-03-17,time unavailable,H,Buffalo Sabres,3,3,T,REG,47,9,15,T 1
72,1973-03-18,time unavailable,@,Philadelphia Flyers,4,4,T,REG,47,9,16,T 2
73,1973-03-21,time unavailable,H,Vancouver Canucks,3,2,W,REG,48,9,16,W 1
74,1973-03-24,time unavailable,H,St. Louis Blues,11,4,W,REG,49,9,16,W 2
75,1973-03-25,time unavailable,@,Chicago Black Hawks,5,6,L,REG,49,10,16,L 1
76,1973-03-28,time unavailable,H,Chicago Black Hawks,4,3,W,REG,50,10,16,W 1
77,1973-03-31,time unavailable,H,New York Rangers,5,1,W,REG,51,10,16,W 2
78,1973-04-01,time unavailable,@,Boston Bruins,5,3,W,REG,52,10,16,W 3

GP,Date,Time,Location,Opponent,GF,GA,Result,Game Ended In,W,L,T,Streak
1,1973-04-04,time unavailable,H,Buffalo Sabres,2,1,W,REG,1,0,0,W 1
2,1973-04-05,time unavailable,H,Buffalo Sabres,7,3,W,REG,2,0,0,W 2
3,1973-04-07,time unavailable,@,Buffalo Sabres,5,2,W,REG,3,0,0,W 3
4,1973-04-08,time unavailable,@,Buffalo Sabres,1,5,L,REG,3,1,0,L 1
5,1973-04-10,time unavailable,H,Buffalo Sabres,2,3,L,OT,3,2,0,L 2
6,1973-04-12,time unavailable,@,Buffalo Sabres,4,2,W,REG,4,2,0,W 1
7,1973-04-14,time unavailable,H,Philadelphia Flyers,4,5,L,OT,4,3,0,L 1
8,1973-04-17,time unavailable,H,Philadelphia Flyers,4,3,W,OT,5,3,0,W 1
9,1973-04-19,time unavailable,@,Philadelphia Flyers,2,1,W,REG,6,3,0,W 2
10,1973-04-22,time unavailable,@,Philadelphia Flyers,4,1,W,REG,7,3,0,W 3
11,1973-04-24,time unavailable,H,Philadelphia Flyers,5,3,W,REG,8,3,0,W 4
12,1973-04-29,time unavailable,H,Chicago Black Hawks,8,3,W,REG,9,3,0,W 5
13,1973-05-01,time unavailable,H,Chicago Black Hawks,4,1,W,REG,10,3,0,W 6
14,1973-05-03,time unavailable,@,Chicago Black Hawks,4,7,L,REG,10,4,0,L 1
15,1973-05-06,time unavailable,@,Chicago Black Hawks,4,0,W,REG,11,4,0,W 1
16,1973-05-08,time unavailable,H,Chicago Black Hawks,7,8,L,REG,11,5,0,L 1
17,1973-05-10,time unavailable,@,Chicago Black Hawks,6,4,W,REG,12,5,0,W 1

Chuck Arnason,,8,RW,21,5-10,183,R/-,1,"July 15, 1951",ca,"1 G, 1 A, 2 P"
Pierre Bouchard,,26,D,24,6-2,205,L/-,2,"February 20, 1948",ca,"0 G, 7 A, 7 P"
Yvan Cournoyer,,12,RW,29,5-7,178,L/-,9,"November 22, 1943",ca,"40 G, 39 A, 79 P"
Ken Dryden,,29,G,25,6-4,205,-/L,2,"August 8, 1947",ca,"33-7-13, 2.26 GAA"
Dave Gardner,,21,C,20,6-0,185,R/-,R,"August 23, 1952",ca,"1 G, 1 A, 2 P"
Dale Hoganson,,3,D,23,5-10,190,L/-,3,"July 8, 1949",ca,"0 G, 2 A, 2 P"
Rejean Houle,,14,LW,23,5-11,170,L/-,3,"October 25, 1949",ca,"13 G, 35 A, 48 P"
Guy Lafleur,,10,RW,21,6-0,185,R/-,1,"September 20, 1951",ca,"28 G, 27 A, 55 P"
Yvon Lambert,,21,LW,22,6-2,200,L/-,R,"May 20, 1950",ca,"0 G, 0 A, 0 P"
Jacques Laperriere,,2,D,31,6-2,190,L/-,10,"November 22, 1941",ca,"7 G, 16 A, 23 P"
Guy Lapointe,,5,D,24,6-0,205,L/-,4,"March 18, 1948",ca,"19 G, 35 A, 54 P"
Claude Larose,,15,RW,30,6-0,180,R/-,10,"March 2, 1942",ca,"11 G, 23 A, 34 P"
Chuck Lefley,,24,C,23,6-2,185,L/-,2,"January 20, 1950",ca,"21 G, 25 A, 46 P"
Jacques Lemaire,,25,C,27,5-10,180,L/-,5,"September 7, 1945",ca,"44 G, 51 A, 95 P"
Frank Mahovlich,,27,LW,35,6-0,205,L/-,16,"January 10, 1938",ca,"38 G, 55 A, 93 P"
Pete Mahovlich,,20,C,26,6-5,210,L/-,7,"October 10, 1946",ca,"21 G, 38 A, 59 P"
Bob Murdoch,,23,D,26,6-0,200,R/-,2,"November 20, 1946",ca,"2 G, 22 A, 24 P"
Michel Plasse,,1,G,24,5-11,172,-/L,1,"June 1, 1948",ca,"11-2-3, 2.58 GAA"
Henri Richard,(C),16,C,36,5-7,160,R/-,17,"February 29, 1936",ca,"8 G, 35 A, 43 P"
Jimmy Roberts,,6,RW,32,5-10,185,R/-,9,"April 9, 1940",ca,"14 G, 18 A, 32 P"
Larry Robinson,,19,D,21,6-4,225,L/-,R,"June 2, 1951",ca,"2 G, 4 A, 6 P"
Randy Rota,,21,LW,22,5-8,170,L/-,R,"August 16, 1950",ca,"1 G, 1 A, 2 P"
Serge Savard,,18,D,27,6-3,210,L/-,6,"January 22, 1946",ca,"7 G, 32 A, 39 P"
Steve Shutt,,22,LW,20,5-11,185,L/-,R,"July 1, 1952",ca,"8 G, 8 A, 16 P"
Marc Tardif,,11,LW,23,6-0,195,L/-,3,"June 12, 1949",ca,"25 G, 25 A, 50 P"
Wayne Thomas,,30,G,25,6-2,195,-/L,R,"October 9, 1947",ca,"8-1-0, 2.37 GAA"
Murray Wilson,,17,LW,21,6-1,185,L/-,R,"November 7, 1951",ca,"18 G, 9 A, 27 P"
