Toronto Maple Leafs,TOR,nhl
1966-67,1967
30
70
6,6
GP,Date,Time,Location,Opponent,GF,GA,Result,Game Ended In,W,L,T,Streak,Notes
1,1966-10-22,time unavailable,H,New York Rangers,4,4,T,REG,0,0,1,T 1
2,1966-10-23,time unavailable,@,New York Rangers,0,1,L,REG,0,1,1,L 1
3,1966-10-26,time unavailable,H,Detroit Red Wings,3,2,W,REG,1,1,1,W 1
4,1966-10-29,time unavailable,H,Boston Bruins,3,3,T,REG,1,1,2,T 1
5,1966-11-02,time unavailable,H,Montreal Canadiens,2,2,T,REG,1,1,3,T 2
6,1966-11-03,time unavailable,@,Detroit Red Wings,2,2,T,REG,1,1,4,T 3
7,1966-11-05,time unavailable,H,New York Rangers,3,1,W,REG,2,1,4,W 1
8,1966-11-06,time unavailable,@,New York Rangers,3,3,T,REG,2,1,5,T 1
9,1966-11-09,time unavailable,@,Montreal Canadiens,3,2,W,REG,3,1,5,W 1
10,1966-11-10,time unavailable,@,Boston Bruins,0,4,L,REG,3,2,5,L 1
11,1966-11-12,time unavailable,@,Detroit Red Wings,3,3,T,REG,3,2,6,T 1
12,1966-11-13,time unavailable,@,Chicago Black Hawks,1,6,L,REG,3,3,6,L 1
13,1966-11-19,time unavailable,H,Montreal Canadiens,5,1,W,REG,4,3,6,W 1
14,1966-11-20,time unavailable,@,Chicago Black Hawks,2,2,T,REG,4,3,7,T 1
15,1966-11-23,time unavailable,H,Chicago Black Hawks,6,3,W,REG,5,3,7,W 1
16,1966-11-26,time unavailable,H,Boston Bruins,4,2,W,REG,6,3,7,W 2
17,1966-11-27,time unavailable,@,New York Rangers,0,5,L,REG,6,4,7,L 1
18,1966-11-30,time unavailable,H,Montreal Canadiens,3,2,W,REG,7,4,7,W 1
19,1966-12-03,time unavailable,H,Detroit Red Wings,5,2,W,REG,8,4,7,W 2
20,1966-12-04,time unavailable,@,Boston Bruins,8,3,W,REG,9,4,7,W 3
21,1966-12-07,time unavailable,@,Montreal Canadiens,3,6,L,REG,9,5,7,L 1
22,1966-12-10,time unavailable,H,Chicago Black Hawks,5,3,W,REG,10,5,7,W 1
23,1966-12-11,time unavailable,@,Detroit Red Wings,1,4,L,REG,10,6,7,L 1
24,1966-12-14,time unavailable,H,Boston Bruins,2,1,W,REG,11,6,7,W 1
25,1966-12-17,time unavailable,H,New York Rangers,1,3,L,REG,11,7,7,L 1
26,1966-12-18,time unavailable,@,Chicago Black Hawks,1,3,L,REG,11,8,7,L 2
27,1966-12-21,time unavailable,@,Montreal Canadiens,2,6,L,REG,11,9,7,L 3
28,1966-12-24,time unavailable,H,Boston Bruins,3,0,W,REG,12,9,7,W 1
29,1966-12-25,time unavailable,@,Boston Bruins,4,2,W,REG,13,9,7,W 2
30,1966-12-31,time unavailable,H,Chicago Black Hawks,1,5,L,REG,13,10,7,L 1
31,1967-01-01,time unavailable,@,New York Rangers,2,1,W,REG,14,10,7,W 1
32,1967-01-04,time unavailable,H,New York Rangers,1,1,T,REG,14,10,8,T 1
33,1967-01-07,time unavailable,H,Boston Bruins,5,2,W,REG,15,10,8,W 1
34,1967-01-08,time unavailable,@,Detroit Red Wings,1,3,L,REG,15,11,8,L 1
35,1967-01-11,time unavailable,@,Montreal Canadiens,2,1,W,REG,16,11,8,W 1
36,1967-01-14,time unavailable,H,Detroit Red Wings,5,2,W,REG,17,11,8,W 2
37,1967-01-15,time unavailable,@,Chicago Black Hawks,0,4,L,REG,17,12,8,L 1
38,1967-01-19,time unavailable,@,Detroit Red Wings,2,6,L,REG,17,13,8,L 2
39,1967-01-21,time unavailable,H,Detroit Red Wings,4,5,L,REG,17,14,8,L 3
40,1967-01-22,time unavailable,@,Boston Bruins,1,3,L,REG,17,15,8,L 4
41,1967-01-25,time unavailable,H,Montreal Canadiens,1,3,L,REG,17,16,8,L 5
42,1967-01-28,time unavailable,H,Chicago Black Hawks,2,5,L,REG,17,17,8,L 6
43,1967-01-29,time unavailable,@,Chicago Black Hawks,1,5,L,REG,17,18,8,L 7
44,1967-02-01,time unavailable,@,Montreal Canadiens,1,7,L,REG,17,19,8,L 8
45,1967-02-05,time unavailable,@,New York Rangers,1,4,L,REG,17,20,8,L 9
46,1967-02-08,time unavailable,H,Detroit Red Wings,2,5,L,REG,17,21,8,L 10
47,1967-02-11,time unavailable,H,Chicago Black Hawks,4,4,T,REG,17,21,9,T 1
48,1967-02-12,time unavailable,@,Boston Bruins,2,1,W,REG,18,21,9,W 1
49,1967-02-15,time unavailable,H,New York Rangers,6,0,W,REG,19,21,9,W 2
50,1967-02-18,time unavailable,H,Boston Bruins,5,3,W,REG,20,21,9,W 3
51,1967-02-22,time unavailable,H,Montreal Canadiens,5,2,W,REG,21,21,9,W 4
52,1967-02-23,time unavailable,@,Detroit Red Wings,4,2,W,REG,22,21,9,W 5
53,1967-02-25,time unavailable,H,Detroit Red Wings,4,0,W,REG,23,21,9,W 6
54,1967-02-26,time unavailable,@,New York Rangers,4,2,W,REG,24,21,9,W 7
55,1967-03-01,time unavailable,@,Montreal Canadiens,1,1,T,REG,24,21,10,T 1
56,1967-03-04,time unavailable,H,Chicago Black Hawks,3,0,W,REG,25,21,10,W 1
57,1967-03-05,time unavailable,@,Chicago Black Hawks,2,5,L,REG,25,22,10,L 1
58,1967-03-08,time unavailable,H,Montreal Canadiens,6,4,W,REG,26,22,10,W 1
59,1967-03-11,time unavailable,H,New York Rangers,2,2,T,REG,26,22,11,T 1
60,1967-03-12,time unavailable,@,Chicago Black Hawks,0,5,L,REG,26,23,11,L 1
61,1967-03-15,time unavailable,H,Detroit Red Wings,2,4,L,REG,26,24,11,L 2
62,1967-03-18,time unavailable,H,Chicago Black Hawks,9,5,W,REG,27,24,11,W 1
63,1967-03-19,time unavailable,@,Detroit Red Wings,6,5,W,REG,28,24,11,W 2
64,1967-03-22,time unavailable,H,Montreal Canadiens,3,5,L,REG,28,25,11,L 1
65,1967-03-23,time unavailable,@,Boston Bruins,5,3,W,REG,29,25,11,W 1
66,1967-03-25,time unavailable,H,Boston Bruins,4,3,W,REG,30,25,11,W 2
67,1967-03-26,time unavailable,@,New York Rangers,0,4,L,REG,30,26,11,L 1
68,1967-03-29,time unavailable,@,Montreal Canadiens,3,5,L,REG,30,27,11,L 2
69,1967-04-01,time unavailable,H,New York Rangers,5,1,W,REG,31,27,11,W 1
70,1967-04-02,time unavailable,@,Boston Bruins,5,2,W,REG,32,27,11,W 2

GP,Date,Time,Location,Opponent,GF,GA,Result,Game Ended In,W,L,T,Streak,Notes
1,1967-04-06,time unavailable,@,Chicago Black Hawks,2,5,L,REG,0,1,0,L 1
2,1967-04-09,time unavailable,@,Chicago Black Hawks,3,1,W,REG,1,1,0,W 1
3,1967-04-11,time unavailable,H,Chicago Black Hawks,3,1,W,REG,2,1,0,W 2
4,1967-04-13,time unavailable,H,Chicago Black Hawks,3,4,L,REG,2,2,0,L 1
5,1967-04-15,time unavailable,@,Chicago Black Hawks,4,2,W,REG,3,2,0,W 1
6,1967-04-18,time unavailable,H,Chicago Black Hawks,3,1,W,REG,4,2,0,W 2
7,1967-04-20,time unavailable,@,Montreal Canadiens,2,6,L,REG,4,3,0,L 1
8,1967-04-22,time unavailable,@,Montreal Canadiens,3,0,W,REG,5,3,0,W 1
9,1967-04-25,time unavailable,H,Montreal Canadiens,3,2,W,2OT,6,3,0,W 2
10,1967-04-27,time unavailable,H,Montreal Canadiens,2,6,L,REG,6,4,0,L 1
11,1967-04-29,time unavailable,@,Montreal Canadiens,4,1,W,REG,7,4,0,W 1
12,1967-05-02,time unavailable,H,Montreal Canadiens,3,1,W,REG,8,4,0,W 2

George Armstrong,(C),10,RW,36,6-1,184,R/-,16,"July 6, 1930",ca,"9 G, 24 A, 33 P"
Bob Baun,,21,D,30,5-9,175,R/-,10,"September 9, 1936",ca,"2 G, 8 A, 10 P"
Johnny Bower,,1,G,42,5-11,189,-/L,11,"November 8, 1924",ca,"12-9-3, 2.64 GAA"
John Brenneman,,24,LW,24,5-10,175,L/-,2,"January 5, 1943",ca,"6 G, 4 A, 10 P"
Wayne Carleton,,25,LW,20,6-3,212,L/-,1,"August 4, 1946",ca,"1 G, 0 A, 1 P"
Brian Conacher,,22,C,25,6-3,197,L/-,2,"August 31, 1941",ca,"14 G, 13 A, 27 P"
Kent Douglas,,19,D,30,5-10,180,L/-,4,"February 6, 1936",ca,"2 G, 12 A, 14 P"
Ron Ellis,,8,RW,22,5-9,195,R/-,3,"January 8, 1945",ca,"22 G, 23 A, 45 P"
Bruce Gamble,,30,G,28,5-9,200,-/L,4,"May 24, 1938",ca,"5-10-4, 3.39 GAA"
Dick Gamble,,9,LW,38,6-0,178,L/-,7,"November 16, 1928",ca,"0 G, 0 A, 0 P"
Larry Hillman,,2,D,29,6-0,185,L/-,12,"February 5, 1937",ca,"4 G, 19 A, 23 P"
Tim Horton,,7,D,37,5-10,180,R/-,16,"January 12, 1930",ca,"8 G, 17 A, 25 P"
Brent Imlach,,9,C,20,5-8,160,L/-,1,"November 16, 1946",ca,"0 G, 0 A, 0 P"
Larry Jeffrey,,15,LW,26,5-11,189,L/-,5,"October 12, 1940",ca,"11 G, 17 A, 28 P"
Red Kelly,,4,C,39,5-11,180,L/-,19,"July 9, 1927",ca,"14 G, 24 A, 38 P"
Dave Keon,,14,C,26,5-9,165,L/-,6,"March 22, 1940",ca,"19 G, 33 A, 52 P"
Frank Mahovlich,,27,LW,29,6-0,205,L/-,10,"January 10, 1938",ca,"18 G, 28 A, 46 P"
Jim McKenny,,17,D,20,5-11,192,R/-,1,"December 1, 1946",ca,"1 G, 0 A, 1 P"
Jim Pappin,,18,RW,27,6-0,190,R/-,3,"September 10, 1939",ca,"21 G, 11 A, 32 P"
Marcel Pronovost,,3,D,36,6-0,190,L/-,16,"June 15, 1930",ca,"2 G, 12 A, 14 P"
Bob Pulford,,20,LW,30,5-11,188,L/-,10,"March 31, 1936",ca,"17 G, 28 A, 45 P"
Duane Rupp,,17,D,28,6-1,195,L/-,3,"March 29, 1938",ca,"0 G, 0 A, 0 P"
Terry Sawchuk,,30,G,37,5-11,195,-/L,17,"December 28, 1929",ca,"15-5-4, 2.81 GAA"
Brit Selby,,11,LW,21,5-10,175,L/-,2,"March 27, 1945",ca,"1 G, 1 A, 2 P"
Eddie Shack,,23,LW,29,6-1,200,L/-,8,"February 11, 1937",ca,"11 G, 14 A, 25 P"
Al Smith,,30,G,21,6-1,200,-/L,1,"November 10, 1945",ca,"0-1-0, 5.00 GAA"
Gary Smith,,1,G,22,6-4,215,-/L,1,"February 4, 1944",ca,"0-2-0, 3.65 GAA"
Allan Stanley,,26,D,40,6-1,170,L/-,18,"March 1, 1926",ca,"1 G, 12 A, 13 P"
Pete Stemkowski,,12,C,23,6-1,196,L/-,3,"August 25, 1943",ca,"13 G, 22 A, 35 P"
Mike Walton,,16,C,22,5-10,175,L/-,1,"January 3, 1945",ca,"7 G, 10 A, 17 P"
