Boston Bruins,BOS,nhl
1930-31,1931
18
44
5
GP,Date,Time,Location,Opponent,GF,GA,Result,Game Ended In,W,L,T,Streak,Notes
1,1930-11-11,time unavailable,H,New York Americans,1,0,W,REG,1,0,0,W 1
2,1930-11-18,time unavailable,H,Montreal Canadiens,5,2,W,REG,2,0,0,W 2
3,1930-11-20,time unavailable,@,Chicago Black Hawks,0,1,L,REG,2,1,0,L 1
4,1930-11-23,time unavailable,@,Detroit Falcons,2,2,T,OT,2,1,1,T 1
5,1930-11-25,time unavailable,H,Chicago Black Hawks,3,4,L,OT,2,2,1,L 1
6,1930-11-27,time unavailable,@,Ottawa Senators,2,1,W,REG,3,2,1,W 1
7,1930-11-29,time unavailable,@,Montreal Canadiens,2,3,L,REG,3,3,1,L 1
8,1930-12-02,time unavailable,H,Toronto Maple Leafs,3,2,W,REG,4,3,1,W 1
9,1930-12-06,time unavailable,@,Philadelphia Quakers,4,3,W,REG,5,3,1,W 2
10,1930-12-09,time unavailable,H,Montreal Maroons,2,1,W,REG,6,3,1,W 3
11,1930-12-11,time unavailable,@,New York Americans,1,2,L,REG,6,4,1,L 1
12,1930-12-13,time unavailable,@,Toronto Maple Leafs,7,3,W,REG,7,4,1,W 1
13,1930-12-16,time unavailable,H,Detroit Falcons,3,2,W,REG,8,4,1,W 2
14,1930-12-18,time unavailable,@,New York Rangers,4,2,W,REG,9,4,1,W 3
15,1930-12-20,time unavailable,H,New York Rangers,2,2,T,OT,9,4,2,T 1
16,1930-12-25,time unavailable,H,Philadelphia Quakers,8,0,W,REG,10,4,2,W 1
17,1930-12-30,time unavailable,H,Ottawa Senators,7,3,W,REG,11,4,2,W 2
18,1931-01-01,time unavailable,@,New York Rangers,4,3,W,OT,12,4,2,W 3
19,1931-01-03,time unavailable,@,Montreal Maroons,3,5,L,REG,12,5,2,L 1
20,1931-01-06,time unavailable,H,Chicago Black Hawks,5,2,W,REG,13,5,2,W 1
21,1931-01-08,time unavailable,@,Ottawa Senators,3,1,W,REG,14,5,2,W 2
22,1931-01-11,time unavailable,@,Detroit Falcons,4,1,W,REG,15,5,2,W 3
23,1931-01-13,time unavailable,H,New York Rangers,2,2,T,OT,15,5,3,T 1
24,1931-01-15,time unavailable,@,Chicago Black Hawks,0,2,L,REG,15,6,3,L 1
25,1931-01-20,time unavailable,H,Ottawa Senators,4,2,W,REG,16,6,3,W 1
26,1931-01-22,time unavailable,@,New York Americans,1,2,L,REG,16,7,3,L 1
27,1931-01-24,time unavailable,@,Philadelphia Quakers,4,2,W,REG,17,7,3,W 1
28,1931-01-27,time unavailable,H,Philadelphia Quakers,3,3,T,OT,17,7,4,T 1
29,1931-01-29,time unavailable,@,New York Rangers,4,3,W,REG,18,7,4,W 1
30,1931-02-03,time unavailable,H,Detroit Falcons,7,2,W,REG,19,7,4,W 2
31,1931-02-07,time unavailable,@,Montreal Canadiens,2,1,W,REG,20,7,4,W 3
32,1931-02-10,time unavailable,H,Chicago Black Hawks,2,1,W,OT,21,7,4,W 4
33,1931-02-14,time unavailable,@,Montreal Maroons,4,2,W,REG,22,7,4,W 5
34,1931-02-17,time unavailable,H,New York Americans,2,0,W,REG,23,7,4,W 6
35,1931-02-19,time unavailable,H,Montreal Canadiens,1,1,T,OT,23,7,5,T 1
36,1931-02-21,time unavailable,@,Toronto Maple Leafs,2,4,L,REG,23,8,5,L 1
37,1931-02-24,time unavailable,@,Philadelphia Quakers,5,1,W,REG,24,8,5,W 1
38,1931-03-03,time unavailable,H,New York Rangers,4,1,W,REG,25,8,5,W 2
39,1931-03-07,time unavailable,H,Philadelphia Quakers,7,2,W,REG,26,8,5,W 3
40,1931-03-10,time unavailable,H,Toronto Maple Leafs,3,3,T,OT,26,8,6,T 1
41,1931-03-12,time unavailable,@,Chicago Black Hawks,2,3,L,REG,26,9,6,L 1
42,1931-03-15,time unavailable,@,Detroit Falcons,2,5,L,OT,26,10,6,L 2
43,1931-03-17,time unavailable,H,Detroit Falcons,4,2,W,REG,27,10,6,W 1
44,1931-03-21,time unavailable,H,Montreal Maroons,3,1,W,REG,28,10,6,W 2

GP,Date,Time,Location,Opponent,GF,GA,Result,Game Ended In,W,L,T,Streak,Notes
1,1931-03-24,time unavailable,H,Montreal Canadiens,5,4,W,OT,1,0,0,W 1
2,1931-03-26,time unavailable,H,Montreal Canadiens,0,1,L,REG,1,1,0,L 1
3,1931-03-28,time unavailable,@,Montreal Canadiens,3,4,L,OT,1,2,0,L 2
4,1931-03-30,time unavailable,@,Montreal Canadiens,3,1,W,REG,2,2,0,W 1
5,1931-04-01,time unavailable,@,Montreal Canadiens,2,3,L,OT,2,3,0,L 1

Marty Barry,,n/a,C,25,5-11,175,L/-,2,"December 8, 1905",ca,"20 G, 11 A, 31 P"
Red Beattie,,n/a,C/LW,23,5-9,170,L/-,R,"October 2, 1907",gb,"10 G, 11 A, 21 P"
Art Chapman,,n/a,C,24,5-10,170,L/-,R,"May 29, 1906",ca,"7 G, 7 A, 14 P"
Dit Clapper,,n/a,RW/D,23,6-2,195,R/-,3,"February 9, 1907",ca,"22 G, 8 A, 30 P"
Harold Darragh,,n/a,RW,28,5-10,145,R/-,5,"September 13, 1902",ca,"2 G, 4 A, 6 P"
Dutch Gainor,,n/a,C,26,6-1,170,L/-,3,"April 10, 1904",ca,"8 G, 3 A, 11 P"
Percy Galbraith,,n/a,LW,32,5-10,162,L/-,4,"December 5, 1898",ca,"2 G, 3 A, 5 P"
Henry Harris,,n/a,LW,24,5-11,185,L/-,R,"April 28, 1906",ca,"2 G, 4 A, 6 P"
Lionel Hitchman,(C),n/a,D,29,6-1,167,L/-,8,"November 3, 1901",ca,"0 G, 2 A, 2 P"
Bill Hutton,,n/a,RW,21,5-11,165,R/-,1,"January 28, 1910",ca,"0 G, 0 A, 0 P"
Ron Lyons,,n/a,LW,21,5-11,170,L/-,R,"February 15, 1909",ca,"0 G, 0 A, 0 P"
Harry Oliver,,n/a,RW,32,5-8,155,R/-,4,"October 26, 1898",ca,"16 G, 14 A, 30 P"
George Owen,,n/a,D,29,5-11,190,L/-,2,"February 12, 1901",ca,"12 G, 13 A, 25 P"
Jack Pratt,,n/a,C,24,6-0,190,R/-,R,"April 13, 1906",gb,"2 G, 0 A, 2 P"
Paul Runge,,n/a,LW,22,5-11,167,L/-,R,"September 10, 1908",ca,"0 G, 0 A, 0 P"
Eddie Shore,,n/a,D,28,5-11,190,R/-,4,"November 25, 1902",ca,"15 G, 16 A, 31 P"
Tiny Thompson,,n/a,G,27,5-10,160,-/L,2,"May 31, 1903",ca,"28-10-6, 1.98 GAA"
Cooney Weiland,,n/a,C,26,5-7,150,L/-,2,"November 5, 1904",ca,"25 G, 13 A, 38 P"
