Detroit Falcons,DTF,nhl
1930-31,1931
19
44
0
GP,Date,Time,Location,Opponent,GF,GA,Result,Game Ended In,W,L,T,Streak,Notes
1,1930-11-13,time unavailable,H,New York Rangers,1,0,W,REG,1,0,0,W 1
2,1930-11-16,time unavailable,H,Philadelphia Quakers,5,1,W,REG,2,0,0,W 2
3,1930-11-20,time unavailable,@,Ottawa Senators,0,1,L,REG,2,1,0,L 1
4,1930-11-23,time unavailable,H,Boston Bruins,2,2,T,OT,2,1,1,T 1
5,1930-11-27,time unavailable,H,Montreal Canadiens,3,2,W,REG,3,1,1,W 1
6,1930-11-29,time unavailable,@,Toronto Maple Leafs,2,4,L,REG,3,2,1,L 1
7,1930-11-30,time unavailable,H,New York Americans,2,2,T,OT,3,2,2,T 1
8,1930-12-07,time unavailable,@,Chicago Black Hawks,2,3,L,REG,3,3,2,L 1
9,1930-12-09,time unavailable,H,Chicago Black Hawks,1,0,W,REG,4,3,2,W 1
10,1930-12-11,time unavailable,@,Montreal Maroons,2,3,L,REG,4,4,2,L 1
11,1930-12-13,time unavailable,@,Philadelphia Quakers,3,2,W,REG,5,4,2,W 1
12,1930-12-14,time unavailable,@,New York Rangers,0,3,L,REG,5,5,2,L 1
13,1930-12-16,time unavailable,@,Boston Bruins,2,3,L,REG,5,6,2,L 2
14,1930-12-18,time unavailable,H,Ottawa Senators,3,0,W,REG,6,6,2,W 1
15,1930-12-21,time unavailable,@,New York Americans,4,6,L,REG,6,7,2,L 1
16,1930-12-25,time unavailable,H,Toronto Maple Leafs,10,1,W,REG,7,7,2,W 1
17,1930-12-28,time unavailable,H,Montreal Maroons,2,2,T,OT,7,7,3,T 1
18,1931-01-04,time unavailable,@,Chicago Black Hawks,2,1,W,REG,8,7,3,W 1
19,1931-01-06,time unavailable,@,Montreal Canadiens,6,2,W,REG,9,7,3,W 2
20,1931-01-08,time unavailable,H,New York Rangers,0,1,L,REG,9,8,3,L 1
21,1931-01-11,time unavailable,H,Boston Bruins,1,4,L,REG,9,9,3,L 2
22,1931-01-13,time unavailable,@,Montreal Maroons,1,6,L,REG,9,10,3,L 3
23,1931-01-17,time unavailable,@,Philadelphia Quakers,5,2,W,REG,10,10,3,W 1
24,1931-01-18,time unavailable,@,New York Americans,2,2,T,OT,10,10,4,T 1
25,1931-01-20,time unavailable,H,Philadelphia Quakers,5,2,W,REG,11,10,4,W 1
26,1931-01-25,time unavailable,@,New York Rangers,1,0,W,REG,12,10,4,W 2
27,1931-01-27,time unavailable,H,Montreal Maroons,1,2,L,REG,12,11,4,L 1
28,1931-02-01,time unavailable,H,Toronto Maple Leafs,2,0,W,REG,13,11,4,W 1
29,1931-02-03,time unavailable,@,Boston Bruins,2,7,L,REG,13,12,4,L 1
30,1931-02-05,time unavailable,@,Ottawa Senators,4,5,L,REG,13,13,4,L 2
31,1931-02-08,time unavailable,H,Ottawa Senators,2,0,W,REG,14,13,4,W 1
32,1931-02-12,time unavailable,H,New York Rangers,1,1,T,OT,14,13,5,T 1
33,1931-02-14,time unavailable,@,Toronto Maple Leafs,1,1,T,OT,14,13,6,T 2
34,1931-02-17,time unavailable,H,Philadelphia Quakers,0,2,L,REG,14,14,6,L 1
35,1931-02-20,time unavailable,@,Chicago Black Hawks,5,4,W,OT,15,14,6,W 1
36,1931-02-22,time unavailable,H,Chicago Black Hawks,1,1,T,OT,15,14,7,T 1
37,1931-02-26,time unavailable,@,Montreal Canadiens,0,5,L,REG,15,15,7,L 1
38,1931-03-01,time unavailable,H,New York Americans,1,2,L,OT,15,16,7,L 2
39,1931-03-08,time unavailable,H,Montreal Canadiens,0,2,L,REG,15,17,7,L 3
40,1931-03-10,time unavailable,@,New York Rangers,2,3,L,OT,15,18,7,L 4
41,1931-03-12,time unavailable,@,Philadelphia Quakers,5,7,L,REG,15,19,7,L 5
42,1931-03-15,time unavailable,H,Boston Bruins,5,2,W,OT,16,19,7,W 1
43,1931-03-17,time unavailable,@,Boston Bruins,2,4,L,REG,16,20,7,L 1
44,1931-03-22,time unavailable,H,Chicago Black Hawks,1,2,L,REG,16,21,7,L 2

Time,Location,Result,Game Ended In

Larry Aurie,,n/a,RW,25,5-6,148,R/-,3,"February 8, 1905",ca,"12 G, 6 A, 18 P"
Carson Cooper,,n/a,RW,31,5-7,160,R/-,6,"July 17, 1899",ca,"14 G, 14 A, 28 P"
Jimmy Creighton,,n/a,F,25,5-9,150,L/-,R,"November 18, 1905",ca,"1 G, 0 A, 1 P"
Dolly Dolson,,n/a,G,33,5-7,160,-/L,2,"May 23, 1897",ca,"16-21-7, 2.29 GAA"
Stewart Evans,,n/a,D,22,5-10,170,L/-,R,"June 19, 1908",ca,"1 G, 4 A, 5 P"
Tommy Filmore,,n/a,RW,24,5-11,189,R/-,R,"March 14, 1906",ca,"6 G, 2 A, 8 P"
Frank Fredrickson,,n/a,C,35,5-11,180,L/-,4,"June 11, 1895",ca,"1 G, 2 A, 3 P"
Leroy Goldsworthy,,n/a,RW,24,6-0,165,R/-,1,"October 18, 1906",us,"1 G, 0 A, 1 P"
Ebbie Goodfellow,,n/a,C/D,23,6-0,175,L/-,1,"April 9, 1907",ca,"25 G, 23 A, 48 P"
George Hay,(C),n/a,LW,33,5-10,155,L/-,4,"January 10, 1898",ca,"8 G, 10 A, 18 P"
Henry Hicks,,n/a,D,30,5-7,170,L/-,2,"December 10, 1900",ca,"2 G, 0 A, 2 P"
Herbie Lewis,,n/a,LW,24,5-9,163,L/-,2,"April 17, 1906",ca,"15 G, 6 A, 21 P"
Stan McCabe,,n/a,W,22,5-6,165,L/-,1,"June 16, 1908",ca,"2 G, 1 A, 3 P"
Bert McInenly,,n/a,D,24,5-9,160,L/-,R,"May 6, 1906",ca,"3 G, 5 A, 8 P"
John Newman,,n/a,C,20,5-8,155,L/-,R,"April 24, 1910",ca,"1 G, 1 A, 2 P"
Reg Noble,,n/a,LW/D,34,5-8,180,L/-,13,"June 23, 1896",ca,"2 G, 5 A, 7 P"
Harvey Rockburn,,n/a,D,22,5-10,180,L/-,1,"August 20, 1908",ca,"0 G, 1 A, 1 P"
John Sorrell,,n/a,LW,25,5-11,155,L/-,R,"January 16, 1906",ca,"9 G, 7 A, 16 P"
Frank Steele,,n/a,D,25,5-11,170,R/-,R,"March 19, 1905",ca,"0 G, 0 A, 0 P"
