Ottawa Senators,OTS,nhl
1920-21,1921
10
24
2
GP,Date,Time,Location,Opponent,GF,GA,Result,Game Ended In,W,L,T,Streak
1,1920-12-22,time unavailable,H,Toronto St. Patricks,6,3,W,REG,1,0,0,W 1
2,1920-12-27,time unavailable,H,Hamilton Tigers,3,1,W,REG,2,0,0,W 2
3,1920-12-29,time unavailable,@,Toronto St. Patricks,8,1,W,REG,3,0,0,W 3
4,1921-01-03,time unavailable,H,Montreal Canadiens,8,2,W,REG,4,0,0,W 4
5,1921-01-06,time unavailable,@,Hamilton Tigers,5,1,W,REG,5,0,0,W 5
6,1921-01-08,time unavailable,@,Montreal Canadiens,4,5,L,REG,5,1,0,L 1
7,1921-01-12,time unavailable,H,Montreal Canadiens,2,0,W,REG,6,1,0,W 1
8,1921-01-15,time unavailable,@,Toronto St. Patricks,5,2,W,REG,7,1,0,W 2
9,1921-01-19,time unavailable,H,Hamilton Tigers,4,3,W,REG,8,1,0,W 3
10,1921-01-22,time unavailable,H,Toronto St. Patricks,4,5,L,OT,8,2,0,L 1
11,1921-01-26,time unavailable,@,Montreal Canadiens,3,5,L,REG,8,3,0,L 2
12,1921-01-29,time unavailable,@,Hamilton Tigers,2,1,W,REG,9,3,0,W 1
13,1921-02-02,time unavailable,H,Toronto St. Patricks,4,3,W,REG,10,3,0,W 2
14,1921-02-05,time unavailable,@,Hamilton Tigers,7,3,W,REG,11,3,0,W 3
15,1921-02-09,time unavailable,H,Hamilton Tigers,7,4,W,REG,12,3,0,W 4
16,1921-02-12,time unavailable,H,Montreal Canadiens,1,3,L,REG,12,4,0,L 1
17,1921-02-16,time unavailable,@,Toronto St. Patricks,3,4,L,REG,12,5,0,L 2
18,1921-02-19,time unavailable,@,Montreal Canadiens,1,8,L,REG,12,6,0,L 3
19,1921-02-23,time unavailable,H,Montreal Canadiens,1,3,L,REG,12,7,0,L 4
20,1921-02-26,time unavailable,@,Toronto St. Patricks,2,4,L,REG,12,8,0,L 5
21,1921-02-28,time unavailable,@,Hamilton Tigers,2,6,L,REG,12,9,0,L 6
22,1921-03-02,time unavailable,H,Toronto St. Patricks,2,3,L,REG,12,10,0,L 7
23,1921-03-05,time unavailable,@,Montreal Canadiens,1,0,W,REG,13,10,0,W 1
24,1921-03-07,time unavailable,H,Hamilton Tigers,12,5,W,REG,14,10,0,W 2

GP,Date,Time,Location,Opponent,GF,GA,Result,Game Ended In,W,L,T,Streak
1,1921-03-10,time unavailable,H,Toronto St. Patricks,5,0,W,REG,1,0,0,W 1
2,1921-03-14,time unavailable,@,Toronto St. Patricks,2,0,W,REG,2,0,0,W 2

Clint Benedict,,n/a,G,28,-/L,3,"September 26, 1892","14-10-0, 3.08 GAA",ca
Georges Boucher,,n/a,D,24,5-9,169,L/-,3,"August 17, 1896",ca,"11 G, 8 A, 19 P"
Punch Broadbent,,n/a,RW,28,5-7,183,R/-,2,"July 13, 1892",ca,"4 G, 1 A, 5 P"
Morley Bruce,,n/a,F,26,5-9,170,R/-,2,"March 7, 1894",ca,"3 G, 1 A, 4 P"
Jack Darragh,,n/a,RW/LW,30,5-10,168,R/-,3,"December 4, 1890",ca,"11 G, 15 A, 26 P"
Cy Denneny,,n/a,LW,29,5-7,168,L/-,3,"December 23, 1891",ca,"34 G, 5 A, 39 P"
Eddie Gerard,,n/a,D,30,5-9,168,L/-,3,"February 22, 1890",ca,"11 G, 4 A, 15 P"
Leth Graham,,n/a,LW,26,5-9,150,L/-,R,"October 10, 1894",ca,"0 G, 0 A, 0 P"
Jack MacKell,,n/a,F,24,5-7,150,R/-,1,"April 12, 1896",ca,"2 G, 1 A, 3 P"
Frank Nighbor,,n/a,C,28,5-9,160,R/-,3,"January 26, 1893",ca,"19 G, 10 A, 29 P"
