Chicago Black Hawks,CBH,nhl
1950-51,1951
33
70
0
GP,Date,Time,Location,Opponent,GF,GA,Result,Game Ended In,W,L,T,Streak,Notes
1,1950-10-12,time unavailable,@,Montreal Canadiens,3,3,T,REG,0,0,1,T 1
2,1950-10-14,time unavailable,@,Toronto Maple Leafs,2,1,W,REG,1,0,1,W 1
3,1950-10-15,time unavailable,H,New York Rangers,2,3,L,REG,1,1,1,L 1
4,1950-10-22,time unavailable,H,Toronto Maple Leafs,3,5,L,REG,1,2,1,L 2
5,1950-10-26,time unavailable,H,Montreal Canadiens,5,1,W,REG,2,2,1,W 1
6,1950-10-28,time unavailable,@,Detroit Red Wings,1,3,L,REG,2,3,1,L 1
7,1950-10-29,time unavailable,H,Toronto Maple Leafs,3,3,T,REG,2,3,2,T 1
8,1950-11-02,time unavailable,H,Boston Bruins,5,2,W,REG,3,3,2,W 1
9,1950-11-05,time unavailable,H,New York Rangers,3,1,W,REG,4,3,2,W 2
10,1950-11-09,time unavailable,H,Montreal Canadiens,2,1,W,REG,5,3,2,W 3
11,1950-11-11,time unavailable,@,Boston Bruins,4,2,W,REG,6,3,2,W 4
12,1950-11-12,time unavailable,@,New York Rangers,4,1,W,REG,7,3,2,W 5
13,1950-11-16,time unavailable,H,Detroit Red Wings,1,5,L,REG,7,4,2,L 1
14,1950-11-18,time unavailable,@,Montreal Canadiens,2,3,L,REG,7,5,2,L 2
15,1950-11-19,time unavailable,H,Montreal Canadiens,0,3,L,REG,7,6,2,L 3
16,1950-11-22,time unavailable,@,Toronto Maple Leafs,2,5,L,REG,7,7,2,L 4
17,1950-11-23,time unavailable,H,Boston Bruins,4,1,W,REG,8,7,2,W 1
18,1950-11-25,time unavailable,@,Detroit Red Wings,1,4,L,REG,8,8,2,L 1
19,1950-11-26,time unavailable,H,Detroit Red Wings,5,0,W,REG,9,8,2,W 1
20,1950-11-29,time unavailable,@,New York Rangers,1,1,T,REG,9,8,3,T 1
21,1950-12-02,time unavailable,@,Toronto Maple Leafs,0,0,T,REG,9,8,4,T 2
22,1950-12-03,time unavailable,H,Toronto Maple Leafs,3,3,T,REG,9,8,5,T 3
23,1950-12-06,time unavailable,@,Boston Bruins,4,5,L,REG,9,9,5,L 1
24,1950-12-09,time unavailable,@,Montreal Canadiens,5,0,W,REG,10,9,5,W 1
25,1950-12-10,time unavailable,H,New York Rangers,3,3,T,REG,10,9,6,T 1
26,1950-12-14,time unavailable,H,Toronto Maple Leafs,1,7,L,REG,10,10,6,L 1
27,1950-12-16,time unavailable,@,Toronto Maple Leafs,3,2,W,REG,11,10,6,W 1
28,1950-12-17,time unavailable,H,Montreal Canadiens,3,7,L,REG,11,11,6,L 1
29,1950-12-19,time unavailable,@,Detroit Red Wings,1,6,L,REG,11,12,6,L 2
30,1950-12-21,time unavailable,H,Boston Bruins,1,3,L,REG,11,13,6,L 3
31,1950-12-24,time unavailable,@,New York Rangers,1,6,L,REG,11,14,6,L 4
32,1950-12-25,time unavailable,@,Boston Bruins,4,7,L,REG,11,15,6,L 5
33,1950-12-27,time unavailable,@,Boston Bruins,4,4,T,REG,11,15,7,T 1
34,1950-12-30,time unavailable,@,Montreal Canadiens,3,4,L,REG,11,16,7,L 1
35,1951-01-01,time unavailable,H,Montreal Canadiens,3,3,T,REG,11,16,8,T 1
36,1951-01-04,time unavailable,@,Detroit Red Wings,0,1,L,REG,11,17,8,L 1
37,1951-01-07,time unavailable,@,New York Rangers,2,3,L,REG,11,18,8,L 2
38,1951-01-09,time unavailable,H,Boston Bruins,4,5,L,REG,11,19,8,L 3
39,1951-01-11,time unavailable,@,Montreal Canadiens,1,4,L,REG,11,20,8,L 4
40,1951-01-13,time unavailable,@,Toronto Maple Leafs,3,3,T,REG,11,20,9,T 1
41,1951-01-14,time unavailable,@,Boston Bruins,1,5,L,REG,11,21,9,L 1
42,1951-01-17,time unavailable,H,Detroit Red Wings,2,4,L,REG,11,22,9,L 2
43,1951-01-18,time unavailable,@,Detroit Red Wings,2,3,L,REG,11,23,9,L 3
44,1951-01-21,time unavailable,H,Montreal Canadiens,2,3,L,REG,11,24,9,L 4
45,1951-01-23,time unavailable,H,Detroit Red Wings,2,8,L,REG,11,25,9,L 5
46,1951-01-25,time unavailable,H,New York Rangers,1,2,L,REG,11,26,9,L 6
47,1951-01-27,time unavailable,@,Montreal Canadiens,2,4,L,REG,11,27,9,L 7
48,1951-01-28,time unavailable,H,Toronto Maple Leafs,3,4,L,REG,11,28,9,L 8
49,1951-02-01,time unavailable,H,Boston Bruins,5,2,W,REG,12,28,9,W 1
50,1951-02-03,time unavailable,@,Toronto Maple Leafs,3,6,L,REG,12,29,9,L 1
51,1951-02-04,time unavailable,H,New York Rangers,4,4,T,REG,12,29,10,T 1
52,1951-02-07,time unavailable,@,Detroit Red Wings,3,11,L,REG,12,30,10,L 1
53,1951-02-08,time unavailable,H,Detroit Red Wings,3,4,L,REG,12,31,10,L 2
54,1951-02-11,time unavailable,H,Toronto Maple Leafs,3,5,L,REG,12,32,10,L 3
55,1951-02-14,time unavailable,@,New York Rangers,1,5,L,REG,12,33,10,L 4
56,1951-02-15,time unavailable,H,New York Rangers,3,7,L,REG,12,34,10,L 5
57,1951-02-18,time unavailable,H,Boston Bruins,3,7,L,REG,12,35,10,L 6
58,1951-02-22,time unavailable,H,Montreal Canadiens,3,2,W,REG,13,35,10,W 1
59,1951-02-25,time unavailable,H,Boston Bruins,2,3,L,REG,13,36,10,L 1
60,1951-03-01,time unavailable,H,New York Rangers,1,4,L,REG,13,37,10,L 2
61,1951-03-03,time unavailable,@,Toronto Maple Leafs,0,3,L,REG,13,38,10,L 3
62,1951-03-04,time unavailable,@,Boston Bruins,2,10,L,REG,13,39,10,L 4
63,1951-03-07,time unavailable,@,New York Rangers,1,3,L,REG,13,40,10,L 5
64,1951-03-10,time unavailable,@,Montreal Canadiens,2,12,L,REG,13,41,10,L 6
65,1951-03-11,time unavailable,H,Detroit Red Wings,0,7,L,REG,13,42,10,L 7
66,1951-03-15,time unavailable,H,Toronto Maple Leafs,3,5,L,REG,13,43,10,L 8
67,1951-03-17,time unavailable,@,Detroit Red Wings,2,8,L,REG,13,44,10,L 9
68,1951-03-18,time unavailable,H,Detroit Red Wings,3,4,L,REG,13,45,10,L 10
69,1951-03-21,time unavailable,@,Boston Bruins,5,6,L,REG,13,46,10,L 11
70,1951-03-25,time unavailable,@,New York Rangers,2,5,L,REG,13,47,10,L 12

Time,Location,Result,Game Ended In

Red Almas,,1,G,26,5-9,160,-/R,1,"April 26, 1924",ca,"0-1-0, 5.00 GAA"
Pete Babando,,10,LW,25,5-9,187,L/-,3,"May 10, 1925",us,"18 G, 19 A, 37 P"
James Bedard,,21,D,23,6-0,180,L/-,1,"November 19, 1927",ca,"1 G, 1 A, 2 P"
Doug Bentley,,7,C,34,5-8,145,L/-,10,"September 3, 1916",ca,"9 G, 23 A, 32 P"
Steve Black,,17,LW,23,6-0,185,L/-,1,"March 31, 1927",ca,"4 G, 6 A, 10 P"
Gus Bodnar,,12,RW,27,5-11,160,R/-,7,"April 24, 1923",ca,"8 G, 12 A, 20 P"
Adam Brown,,11,LW,30,5-9,175,L/-,7,"February 4, 1920",gb,"10 G, 12 A, 22 P"
Hugh Coflin,,2,D,22,6-0,190,L/-,R,"December 15, 1928",ca,"0 G, 3 A, 3 P"
Jim Conacher,,14,C,29,5-10,155,L/-,5,"May 5, 1921",gb,"10 G, 27 A, 37 P"
Roy Conacher,,9,LW,34,6-2,175,L/-,9,"October 5, 1916",ca,"26 G, 24 A, 50 P"
Al Dewsbury,,22,D,24,6-2,202,L/-,2,"April 12, 1926",ca,"5 G, 14 A, 19 P"
Ernie Dickens,,3,D,29,6-0,175,L/-,5,"June 25, 1921",ca,"2 G, 8 A, 10 P"
Gordie Fashoway,,11,LW,24,5-11,180,L/-,R,"June 16, 1926",ca,"3 G, 2 A, 5 P"
Guyle Fielder,,16,C,20,5-9,165,L/-,R,"November 21, 1930",us,"0 G, 0 A, 0 P"
Lee Fogolin,,20,D,24,5-11,195,L/-,2,"February 27, 1926",ca,"3 G, 10 A, 13 P"
Bill Gadsby,,4,D,23,6-0,180,L/-,4,"August 8, 1927",ca,"3 G, 7 A, 10 P"
Bep Guidolin,,16,LW,25,5-8,175,L/-,7,"December 9, 1925",ca,"12 G, 22 A, 34 P"
Red Hamill,,15,LW,34,5-11,180,L/-,11,"January 11, 1917",ca,"0 G, 0 A, 0 P"
Fred Hucul,,11,D,19,5-10,170,L/-,R,"December 4, 1931",ca,"1 G, 0 A, 1 P"
Edward Leier,,18,C,23,5-11,175,R/-,1,"November 3, 1927",pl,"2 G, 0 A, 2 P"
Harry Lumley,,1,G,24,6-0,195,-/L,7,"November 11, 1926",ca,"12-41-10, 3.90 GAA"
Pat Lundy,,18,C,26,5-11,170,R/-,4,"May 21, 1924",ca,"9 G, 9 A, 18 P"
Doug McCaig,,6,D,31,6-0,190,R/-,6,"February 24, 1919",ca,"2 G, 5 A, 7 P"
John Michaluk,,17,LW,22,5-10,155,L/-,R,"November 2, 1928",ca,"0 G, 0 A, 0 P"
Jack Miller,,14,C,25,5-8,155,L/-,1,"September 16, 1925",ca,"0 G, 0 A, 0 P"
Don Morrison,,5,C,27,5-10,165,R/-,2,"July 14, 1923",ca,"8 G, 12 A, 20 P"
Bill Mosienko,,8,RW,29,5-8,160,R/-,9,"November 2, 1921",ca,"21 G, 15 A, 36 P"
Bert Olmstead,,19,RW,24,6-1,180,L/-,2,"September 4, 1926",ca,"2 G, 1 A, 3 P"
Marcel Pelletier,,1,G,23,5-11,180,-/R,R,"December 6, 1927",ca,"1-5-0, 4.90 GAA"
Ray Powell,,18,RW,25,6-0,170,L/-,R,"November 16, 1925",ca,"7 G, 15 A, 22 P"
Glen Smith,,1,RW,19,5-8,155,R/-,R,"March 19, 1931",ca,"0 G, 0 A, 0 P"
Vic Stasiuk,,17,RW,21,6-0,185,L/-,1,"May 23, 1929",ca,"5 G, 3 A, 8 P"
Jack Stewart,(C),2,D,33,5-10,190,L/-,10,"May 6, 1917",ca,"0 G, 2 A, 2 P"
