Boston Bruins,BOS,nhl
2010-11,2011
31
82
7,4,7,7
GP,Date,Time,Location,Opponent,GF,GA,Result,Game Ended In,W,L,OL,Streak,S,PIM,PPG,SHG,S,PIM,PPG,SHG,Notes
1,2010-10-09,time unavailable,H,Phoenix Coyotes,2,5,L,REG,0,1,0,L 1,42,9,1,0,37,13,1,0,"at Prague, CZ"
2,2010-10-10,time unavailable,@,Phoenix Coyotes,3,0,W,REG,1,1,0,W 1,37,6,0,0,29,12,0,0,"at Prague, CZ"
3,2010-10-16,time unavailable,@,New Jersey Devils,4,1,W,REG,2,1,0,W 2,35,8,0,0,32,6,0,0
4,2010-10-19,time unavailable,@,Washington Capitals,3,1,W,REG,3,1,0,W 3,21,20,0,0,36,18,0,0
5,2010-10-21,time unavailable,H,Washington Capitals,4,1,W,REG,4,1,0,W 4,34,8,3,0,39,6,0,0
6,2010-10-23,time unavailable,H,New York Rangers,2,3,L,REG,4,2,0,L 1,37,27,1,0,30,37,1,0
7,2010-10-28,time unavailable,H,Toronto Maple Leafs,2,0,W,REG,5,2,0,W 1,32,25,1,0,20,11,0,0
8,2010-10-30,time unavailable,@,Ottawa Senators,4,0,W,REG,6,2,0,W 2,25,11,1,0,29,11,0,0
9,2010-11-03,time unavailable,@,Buffalo Sabres,5,2,W,REG,7,2,0,W 3,26,21,0,2,35,37,1,0
10,2010-11-05,time unavailable,@,Washington Capitals,3,5,L,REG,7,3,0,L 1,18,11,2,0,39,11,0,1
11,2010-11-06,time unavailable,H,St. Louis Blues,1,2,L,SO,7,3,1,L 2,34,30,0,0,35,18,0,0
12,2010-11-10,time unavailable,@,Pittsburgh Penguins,7,4,W,REG,8,3,1,W 1,33,19,1,0,46,21,1,0
13,2010-11-11,time unavailable,H,Montreal Canadiens,1,3,L,REG,8,4,1,L 1,35,12,0,0,41,10,2,0
14,2010-11-13,time unavailable,H,Ottawa Senators,0,2,L,REG,8,5,1,L 2,31,16,0,0,33,16,0,0
15,2010-11-15,time unavailable,H,New Jersey Devils,3,0,W,REG,9,5,1,W 1,24,11,1,0,28,19,0,0
16,2010-11-17,time unavailable,@,New York Rangers,3,2,W,REG,10,5,1,W 2,20,10,0,0,36,4,1,0
17,2010-11-18,time unavailable,H,Florida Panthers,4,0,W,REG,11,5,1,W 3,40,15,0,0,41,9,0,0
18,2010-11-20,time unavailable,H,Los Angeles Kings,3,4,L,SO,11,5,2,L 1,41,10,1,0,26,10,0,0
19,2010-11-22,time unavailable,@,Tampa Bay Lightning,1,3,L,REG,11,6,2,L 2,27,4,0,0,36,2,0,0
20,2010-11-24,time unavailable,@,Florida Panthers,3,1,W,REG,12,6,2,W 1,37,4,1,1,32,8,0,0
21,2010-11-26,time unavailable,H,Carolina Hurricanes,0,3,L,REG,12,7,2,L 1,37,6,0,0,21,8,3,0
22,2010-11-28,time unavailable,@,Atlanta Thrashers,1,4,L,REG,12,8,2,L 2,41,20,0,0,26,22,1,0
23,2010-12-01,time unavailable,@,Philadelphia Flyers,3,0,W,REG,13,8,2,W 1,32,15,1,0,41,11,0,0
24,2010-12-02,time unavailable,H,Tampa Bay Lightning,8,1,W,REG,14,8,2,W 2,32,2,1,0,38,8,0,0
25,2010-12-04,time unavailable,@,Toronto Maple Leafs,2,3,L,SO,14,8,3,L 1,27,15,0,0,40,11,1,0
26,2010-12-07,time unavailable,H,Buffalo Sabres,3,2,W,OT,15,8,3,W 1,36,7,1,0,30,15,0,0
27,2010-12-09,time unavailable,H,New York Islanders,5,2,W,REG,16,8,3,W 2,37,16,2,1,35,20,0,1
28,2010-12-11,time unavailable,H,Philadelphia Flyers,1,2,L,OT,16,8,4,L 1,36,2,0,0,33,17,0,0
29,2010-12-15,time unavailable,@,Buffalo Sabres,2,3,L,REG,16,9,4,L 2,34,16,1,0,35,14,2,0
30,2010-12-16,time unavailable,@,Montreal Canadiens,3,4,L,REG,16,10,4,L 3,37,9,1,0,41,13,0,0
31,2010-12-18,time unavailable,H,Washington Capitals,3,2,W,REG,17,10,4,W 1,21,7,0,0,41,5,0,0
32,2010-12-20,time unavailable,H,Anaheim Ducks,0,3,L,REG,17,11,4,L 1,45,7,0,0,25,9,0,1
33,2010-12-23,time unavailable,H,Atlanta Thrashers,4,1,W,REG,18,11,4,W 1,36,66,1,1,27,52,0,0
34,2010-12-27,time unavailable,@,Florida Panthers,3,2,W,SO,19,11,4,W 2,42,6,0,0,34,4,0,0
35,2010-12-28,time unavailable,@,Tampa Bay Lightning,4,3,W,REG,20,11,4,W 3,29,14,2,0,34,14,1,0
36,2010-12-30,time unavailable,@,Atlanta Thrashers,2,3,L,SO,20,11,5,L 1,44,12,0,0,32,8,2,0
37,2011-01-01,time unavailable,@,Buffalo Sabres,6,7,L,SO,20,11,6,L 2,40,13,0,1,35,9,1,0
38,2011-01-03,time unavailable,@,Toronto Maple Leafs,2,1,W,REG,21,11,6,W 1,33,4,0,0,37,4,0,0
39,2011-01-06,time unavailable,H,Minnesota Wild,1,3,L,REG,21,12,6,L 1,36,4,0,0,34,8,1,0
40,2011-01-08,time unavailable,@,Montreal Canadiens,2,3,L,OT,21,12,7,L 2,29,21,0,0,42,21,1,0
41,2011-01-10,time unavailable,@,Pittsburgh Penguins,4,2,W,REG,22,12,7,W 1,32,14,2,0,25,12,1,0
42,2011-01-11,time unavailable,H,Ottawa Senators,6,0,W,REG,23,12,7,W 2,39,21,0,0,31,21,0,0
43,2011-01-13,time unavailable,H,Philadelphia Flyers,7,5,W,REG,24,12,7,W 3,37,5,1,0,35,15,0,0
44,2011-01-15,time unavailable,H,Pittsburgh Penguins,2,3,L,REG,24,13,7,L 1,46,7,0,0,36,13,0,0
45,2011-01-17,time unavailable,H,Carolina Hurricanes,7,0,W,REG,25,13,7,W 1,38,25,2,0,31,15,0,0
46,2011-01-18,time unavailable,@,Carolina Hurricanes,3,2,W,REG,26,13,7,W 2,28,10,2,0,45,12,1,0
47,2011-01-20,time unavailable,H,Buffalo Sabres,2,4,L,REG,26,14,7,L 1,40,6,0,0,33,8,1,0
48,2011-01-22,time unavailable,@,Colorado Avalanche,6,2,W,REG,27,14,7,W 1,40,15,1,1,34,23,0,0
49,2011-01-24,time unavailable,@,Los Angeles Kings,0,2,L,REG,27,15,7,L 1,34,11,0,0,34,11,1,0
50,2011-01-26,time unavailable,H,Florida Panthers,2,1,W,REG,28,15,7,W 1,35,2,0,0,35,2,0,0
51,2011-02-01,time unavailable,@,Carolina Hurricanes,3,2,W,REG,29,15,7,W 2,33,13,0,0,26,5,1,0
52,2011-02-03,time unavailable,H,Dallas Stars,6,3,W,REG,30,15,7,W 3,35,51,0,0,33,38,0,1
53,2011-02-05,time unavailable,H,San Jose Sharks,0,2,L,REG,30,16,7,L 1,26,7,0,0,18,13,1,0
54,2011-02-09,time unavailable,H,Montreal Canadiens,8,6,W,REG,31,16,7,W 1,34,92,1,0,33,90,4,0
55,2011-02-11,time unavailable,H,Detroit Red Wings,1,6,L,REG,31,17,7,L 1,26,14,1,0,34,6,2,0
56,2011-02-13,time unavailable,@,Detroit Red Wings,2,4,L,REG,31,18,7,L 2,25,6,1,0,36,6,0,0
57,2011-02-15,time unavailable,H,Toronto Maple Leafs,3,4,L,REG,31,19,7,L 3,35,6,1,0,28,8,2,0
58,2011-02-17,time unavailable,@,New York Islanders,6,3,W,REG,32,19,7,W 1,34,7,1,0,37,17,0,0
59,2011-02-18,time unavailable,@,Ottawa Senators,4,2,W,REG,33,19,7,W 2,33,6,1,0,34,10,1,0
60,2011-02-22,time unavailable,@,Calgary Flames,3,1,W,REG,34,19,7,W 3,29,4,0,0,29,4,1,0
61,2011-02-26,time unavailable,@,Vancouver Canucks,3,1,W,REG,35,19,7,W 4,25,6,0,0,28,4,0,0
62,2011-02-27,time unavailable,@,Edmonton Oilers,3,2,W,REG,36,19,7,W 5,40,17,0,0,17,19,0,0
63,2011-03-01,time unavailable,@,Ottawa Senators,1,0,W,REG,37,19,7,W 6,21,4,0,0,33,4,0,0
64,2011-03-03,time unavailable,H,Tampa Bay Lightning,2,1,W,REG,38,19,7,W 7,28,23,0,0,28,21,0,0
65,2011-03-05,time unavailable,H,Pittsburgh Penguins,2,3,L,OT,38,19,8,L 1,31,12,0,0,39,12,0,0
66,2011-03-08,time unavailable,@,Montreal Canadiens,1,4,L,REG,38,20,8,L 2,31,28,0,0,26,21,2,0
67,2011-03-10,time unavailable,H,Buffalo Sabres,3,4,L,OT,38,20,9,L 3,29,31,0,0,45,21,2,0
68,2011-03-11,time unavailable,@,New York Islanders,2,4,L,REG,38,21,9,L 4,28,6,1,0,41,8,1,0
69,2011-03-15,time unavailable,@,Columbus Blue Jackets,3,2,W,SO,39,21,9,W 1,29,10,0,1,36,2,0,0
70,2011-03-17,time unavailable,@,Nashville Predators,3,4,L,OT,39,21,10,L 1,38,8,0,0,31,19,1,0
71,2011-03-19,time unavailable,@,Toronto Maple Leafs,2,5,L,REG,39,22,10,L 2,37,9,0,0,29,9,0,0
72,2011-03-22,time unavailable,H,New Jersey Devils,4,1,W,REG,40,22,10,W 1,30,4,1,0,31,10,1,0
73,2011-03-24,time unavailable,H,Montreal Canadiens,7,0,W,REG,41,22,10,W 2,41,17,1,1,24,19,0,0
74,2011-03-26,time unavailable,H,New York Rangers,0,1,L,REG,41,23,10,L 1,26,13,0,0,23,7,0,0
75,2011-03-27,time unavailable,@,Philadelphia Flyers,2,1,W,REG,42,23,10,W 1,36,2,2,0,28,6,0,0
76,2011-03-29,time unavailable,H,Chicago Blackhawks,3,0,W,REG,43,23,10,W 2,34,4,0,0,32,0,0,0
77,2011-03-31,time unavailable,H,Toronto Maple Leafs,3,4,L,SO,43,23,11,L 1,38,17,0,1,31,17,1,0
78,2011-04-02,time unavailable,H,Atlanta Thrashers,3,2,W,REG,44,23,11,W 1,24,6,0,1,30,2,1,0
79,2011-04-04,time unavailable,@,New York Rangers,3,5,L,REG,44,24,11,L 1,30,8,0,0,26,2,0,0
80,2011-04-06,time unavailable,H,New York Islanders,3,2,W,REG,45,24,11,W 1,33,6,0,0,32,12,1,1
81,2011-04-09,time unavailable,H,Ottawa Senators,3,1,W,REG,46,24,11,W 2,29,11,1,0,32,13,0,0
82,2011-04-10,time unavailable,@,New Jersey Devils,2,3,L,REG,46,25,11,L 1,26,2,0,0,32,4,0,0

GP,Date,Time,Location,Opponent,GF,GA,Result,Game Ended In,W,L,Streak,S,PIM,PPG,SHG,S,PIM,PPG,SHG,Notes
1,2011-04-14,time unavailable,H,Montreal Canadiens,0,2,L,REG,0,1,L 1,31,8,0,0,20,6,0,0
2,2011-04-16,time unavailable,H,Montreal Canadiens,1,3,L,REG,0,2,L 2,35,11,0,0,26,13,1,0
3,2011-04-18,time unavailable,@,Montreal Canadiens,4,2,W,REG,1,2,W 1,25,13,0,0,36,11,0,0
4,2011-04-21,time unavailable,@,Montreal Canadiens,5,4,W,OT,2,2,W 2,35,4,0,0,38,2,1,0
5,2011-04-23,time unavailable,H,Montreal Canadiens,2,1,W,2OT,3,2,W 3,51,6,0,0,45,8,0,0
6,2011-04-26,time unavailable,@,Montreal Canadiens,1,2,L,REG,3,3,L 1,32,25,0,0,27,6,2,0
7,2011-04-27,time unavailable,H,Montreal Canadiens,4,3,W,OT,4,3,W 1,34,8,0,0,37,4,2,1
8,2011-04-30,time unavailable,@,Philadelphia Flyers,7,3,W,REG,5,3,W 2,33,24,0,0,34,24,1,0
9,2011-05-02,time unavailable,@,Philadelphia Flyers,3,2,W,OT,6,3,W 3,41,10,0,0,54,6,1,0
10,2011-05-04,time unavailable,H,Philadelphia Flyers,5,1,W,REG,7,3,W 4,28,9,1,0,38,13,0,0
11,2011-05-06,time unavailable,H,Philadelphia Flyers,5,1,W,REG,8,3,W 5,27,12,1,0,23,16,0,0
12,2011-05-14,time unavailable,H,Tampa Bay Lightning,2,5,L,REG,8,4,L 1,33,30,0,0,34,8,1,0
13,2011-05-17,time unavailable,H,Tampa Bay Lightning,6,5,W,REG,9,4,W 1,35,12,2,0,41,16,1,0
14,2011-05-19,time unavailable,@,Tampa Bay Lightning,2,0,W,REG,10,4,W 2,25,8,0,0,31,6,0,0
15,2011-05-21,time unavailable,@,Tampa Bay Lightning,3,5,L,REG,10,5,L 1,30,11,0,1,37,21,0,0
16,2011-05-23,time unavailable,H,Tampa Bay Lightning,3,1,W,REG,11,5,W 1,20,10,0,0,34,10,0,0
17,2011-05-25,time unavailable,@,Tampa Bay Lightning,4,5,L,REG,11,6,L 1,20,10,1,0,26,10,3,0
18,2011-05-27,time unavailable,H,Tampa Bay Lightning,1,0,W,REG,12,6,W 1,38,0,0,0,24,0,0,0
19,2011-06-01,time unavailable,@,Vancouver Canucks,0,1,L,REG,12,7,L 1,36,14,0,0,34,14,0,0
20,2011-06-04,time unavailable,@,Vancouver Canucks,2,3,L,OT,12,8,L 2,30,4,1,0,33,6,1,0
21,2011-06-06,time unavailable,H,Vancouver Canucks,8,1,W,REG,13,8,W 1,38,75,2,2,41,70,0,0
22,2011-06-08,time unavailable,H,Vancouver Canucks,4,0,W,REG,14,8,W 2,29,40,0,0,38,26,0,0
23,2011-06-10,time unavailable,@,Vancouver Canucks,0,1,L,REG,14,9,L 1,31,8,0,0,25,10,0,0
24,2011-06-13,time unavailable,H,Vancouver Canucks,5,2,W,REG,15,9,W 1,40,36,2,0,38,32,1,0
25,2011-06-15,time unavailable,@,Vancouver Canucks,4,0,W,REG,16,9,W 2,21,4,0,1,37,2,0,0

Jamie Arniel,,72,C,21,5-11,183,R/-,R,"November 16, 1989",ca,"0 G, 0 A, 0 P"
Matt Bartkowski,,43,D,22,6-1,196,L/-,R,"June 4, 1988",us,"0 G, 0 A, 0 P"
Patrice Bergeron,,37,C,25,6-1,195,R/-,6,"July 24, 1985",ca,"22 G, 35 A, 57 P"
Johnny Boychuk,,55,D,27,6-2,227,R/-,3,"January 19, 1984",ca,"3 G, 13 A, 16 P"
Gregory Campbell,,11,C,27,6-0,197,L/-,6,"December 17, 1983",ca,"13 G, 16 A, 29 P"
Jordan Caron,,38,RW,20,6-3,204,L/-,R,"November 2, 1990",ca,"3 G, 4 A, 7 P"
Zdeno Chara,(C),33,D,33,6-9,250,L/-,12,"March 18, 1977",cs,"14 G, 30 A, 44 P"
Andrew Ference,,21,D,31,5-11,182,L/-,10,"March 17, 1979",ca,"3 G, 12 A, 15 P"
Zach Hamill,,52,C,22,5-11,180,R/-,1,"September 23, 1988",ca,"0 G, 1 A, 1 P"
Shane Hnidy,,34,D,35,6-2,204,R/-,9,"November 8, 1975",ca,"0 G, 0 A, 0 P"
Nathan Horton,,18,C,25,6-2,229,R/-,6,"May 29, 1985",ca,"26 G, 27 A, 53 P"
Matt Hunwick,,48,D,25,5-11,194,L/-,3,"May 21, 1985",us,"1 G, 2 A, 3 P"
Tomas Kaberle,,12,D,32,6-1,212,L/-,11,"March 2, 1978",cs,"1 G, 8 A, 9 P"
Steven Kampfer,,47,D,22,5-11,192,R/-,R,"September 24, 1988",us,"5 G, 5 A, 10 P"
Chris Kelly,,23,C,30,6-0,193,L/-,6,"November 11, 1980",ca,"2 G, 3 A, 5 P"
David Krejci,,46,C,24,6-0,186,R/-,4,"April 28, 1986",cs,"13 G, 49 A, 62 P"
Milan Lucic,,17,LW,22,6-3,233,L/-,3,"June 7, 1988",ca,"30 G, 32 A, 62 P"
Brad Marchand,,63,C,22,5-9,181,L/-,1,"May 11, 1988",ca,"21 G, 20 A, 41 P"
Adam McQuaid,,54,D,24,6-4,212,R/-,1,"October 12, 1986",ca,"3 G, 12 A, 15 P"
Daniel Paille,,20,LW,26,6-1,200,L/-,5,"April 15, 1984",ca,"6 G, 7 A, 13 P"
Rich Peverley,,49,C,28,5-11,195,R/-,4,"July 8, 1982",ca,"4 G, 3 A, 7 P"
Tuukka Rask,,40,G,23,6-3,176,L/L,3,"March 10, 1987",fi,"11-14-2, 2.67 GAA"
Mark Recchi,,28,RW,42,5-10,195,L/-,21,"February 1, 1968",ca,"14 G, 34 A, 48 P"
Michael Ryder,,73,RW,30,6-1,200,R/-,6,"March 31, 1980",ca,"18 G, 23 A, 41 P"
Marc Savard,,91,C,33,5-10,191,L/-,12,"July 17, 1977",ca,"2 G, 8 A, 10 P"
Tyler Seguin,,19,C,19,6-1,200,R/-,R,"January 31, 1992",ca,"11 G, 11 A, 22 P"
Dennis Seidenberg,,44,D,29,6-0,198,L/-,7,"July 18, 1981",de,"7 G, 25 A, 32 P"
Mark Stuart,,45,D,26,6-2,215,L/-,5,"April 27, 1984",us,"1 G, 4 A, 5 P"
Tim Thomas,,30,G,36,5-11,201,-/L,6,"April 15, 1974",us,"35-11-9, 2.00 GAA"
Shawn Thornton,,22,RW,33,6-2,217,R/-,7,"July 23, 1977",ca,"10 G, 10 A, 20 P"
Blake Wheeler,,26,RW,24,6-5,225,R/-,2,"August 31, 1986",us,"11 G, 16 A, 27 P"
