Buffalo Sabres,BUF,nhl
2010-11,2011
32
82
7
GP,Date,Time,Location,Opponent,GF,GA,Result,Game Ended In,W,L,OL,Streak,S,PIM,PPG,SHG,S,PIM,PPG,SHG,Notes
1,2010-10-08,time unavailable,@,Ottawa Senators,2,1,W,REG,1,0,0,W 1,36,12,1,0,26,10,0,0
2,2010-10-09,time unavailable,H,New York Rangers,3,6,L,REG,1,1,0,L 1,36,18,1,0,28,10,0,1
3,2010-10-11,time unavailable,H,Chicago Blackhawks,3,4,L,REG,1,2,0,L 2,35,11,0,0,30,26,1,0
4,2010-10-13,time unavailable,H,New Jersey Devils,0,1,L,OT,1,2,1,L 3,24,11,0,0,35,9,0,0
5,2010-10-15,time unavailable,H,Montreal Canadiens,1,2,L,REG,1,3,1,L 4,23,6,0,0,28,2,1,0
6,2010-10-16,time unavailable,@,Chicago Blackhawks,3,4,L,REG,1,4,1,L 5,41,12,0,0,21,16,1,0
7,2010-10-20,time unavailable,@,Atlanta Thrashers,4,1,W,REG,2,4,1,W 1,42,8,1,0,18,12,1,0
8,2010-10-22,time unavailable,H,Ottawa Senators,2,4,L,REG,2,5,1,L 1,36,10,0,0,32,4,2,0
9,2010-10-23,time unavailable,@,New Jersey Devils,6,1,W,REG,3,5,1,W 1,29,6,1,0,27,8,0,0
10,2010-10-26,time unavailable,@,Philadelphia Flyers,3,6,L,REG,3,6,1,L 1,35,15,2,0,34,11,3,0
11,2010-10-29,time unavailable,@,Atlanta Thrashers,3,4,L,OT,3,6,2,L 2,28,14,0,0,22,10,2,0
12,2010-10-30,time unavailable,@,Dallas Stars,0,4,L,REG,3,7,2,L 3,34,12,0,0,41,4,2,1
13,2010-11-03,time unavailable,H,Boston Bruins,2,5,L,REG,3,8,2,L 4,35,37,1,0,26,21,0,2
14,2010-11-05,time unavailable,H,Montreal Canadiens,2,3,L,REG,3,9,2,L 5,31,8,0,0,32,8,0,0
15,2010-11-06,time unavailable,@,Toronto Maple Leafs,3,2,W,SO,4,9,2,W 1,31,9,0,0,25,11,0,0
16,2010-11-10,time unavailable,@,New Jersey Devils,5,4,W,SO,5,9,2,W 2,42,4,0,0,32,4,1,0
17,2010-11-11,time unavailable,@,New York Rangers,2,3,L,OT,5,9,3,L 1,31,12,0,0,28,6,0,0
18,2010-11-13,time unavailable,H,Washington Capitals,3,2,W,OT,6,9,3,W 1,27,4,1,0,25,14,0,0
19,2010-11-15,time unavailable,H,Vancouver Canucks,4,3,W,OT,7,9,3,W 2,39,8,0,0,39,10,2,0
20,2010-11-17,time unavailable,@,Washington Capitals,2,4,L,REG,7,10,3,L 1,33,4,1,0,29,8,1,0
21,2010-11-19,time unavailable,H,Los Angeles Kings,4,2,W,REG,8,10,3,W 1,26,22,2,0,36,24,0,0
22,2010-11-20,time unavailable,H,Tampa Bay Lightning,1,2,L,REG,8,11,3,L 1,30,8,0,0,22,6,0,0
23,2010-11-24,time unavailable,H,Pittsburgh Penguins,0,1,L,REG,8,12,3,L 2,30,12,0,0,29,10,0,0
24,2010-11-26,time unavailable,H,Toronto Maple Leafs,3,1,W,REG,9,12,3,W 1,28,19,2,1,36,15,0,1
25,2010-11-27,time unavailable,@,Montreal Canadiens,1,3,L,REG,9,13,3,L 1,36,21,0,0,33,29,1,0
26,2010-12-03,time unavailable,H,Columbus Blue Jackets,5,0,W,REG,10,13,3,W 1,37,63,3,0,19,49,0,0
27,2010-12-04,time unavailable,@,Ottawa Senators,1,0,W,SO,11,13,3,W 2,31,6,0,0,32,8,0,0
28,2010-12-07,time unavailable,@,Boston Bruins,2,3,L,OT,11,13,4,L 1,30,15,0,0,36,7,1,0
29,2010-12-09,time unavailable,H,San Jose Sharks,6,3,W,REG,12,13,4,W 1,37,4,0,1,29,2,1,0
30,2010-12-11,time unavailable,H,Pittsburgh Penguins,2,5,L,REG,12,14,4,L 1,36,19,1,0,24,21,0,0
31,2010-12-15,time unavailable,H,Boston Bruins,3,2,W,REG,13,14,4,W 1,35,14,2,0,34,16,1,0
32,2010-12-17,time unavailable,@,Florida Panthers,2,6,L,REG,13,15,4,L 1,43,14,1,0,26,14,1,1
33,2010-12-18,time unavailable,@,Tampa Bay Lightning,1,3,L,REG,13,16,4,L 2,23,8,0,0,37,10,1,0
34,2010-12-21,time unavailable,H,Anaheim Ducks,5,2,W,REG,14,16,4,W 1,42,23,2,0,23,34,2,0
35,2010-12-23,time unavailable,H,Florida Panthers,3,4,L,REG,14,17,4,L 1,48,22,1,0,29,14,1,0
36,2010-12-27,time unavailable,@,Calgary Flames,2,5,L,REG,14,18,4,L 2,27,12,0,0,33,12,1,0
37,2010-12-28,time unavailable,@,Edmonton Oilers,4,2,W,REG,15,18,4,W 1,21,8,0,0,31,2,0,0
38,2011-01-01,time unavailable,H,Boston Bruins,7,6,W,SO,16,18,4,W 2,35,9,1,0,40,13,0,1
39,2011-01-04,time unavailable,@,Colorado Avalanche,3,4,L,OT,16,18,5,L 1,40,12,1,0,34,14,1,1
40,2011-01-06,time unavailable,@,San Jose Sharks,3,0,W,REG,17,18,5,W 1,22,15,1,0,36,13,0,0
41,2011-01-08,time unavailable,@,Phoenix Coyotes,2,1,W,OT,18,18,5,W 2,32,8,1,0,34,4,0,0
42,2011-01-11,time unavailable,H,Philadelphia Flyers,2,5,L,REG,18,19,5,L 1,40,11,0,0,33,11,1,0
43,2011-01-13,time unavailable,H,Carolina Hurricanes,3,2,W,REG,19,19,5,W 1,35,11,1,0,29,9,1,0
44,2011-01-15,time unavailable,@,New York Islanders,3,5,L,REG,19,20,5,L 1,43,6,2,0,37,10,1,1
45,2011-01-18,time unavailable,H,Montreal Canadiens,2,1,W,OT,20,20,5,W 1,39,10,2,0,30,12,1,0
46,2011-01-20,time unavailable,@,Boston Bruins,4,2,W,REG,21,20,5,W 2,33,8,1,0,40,6,0,0
47,2011-01-21,time unavailable,H,New York Islanders,2,5,L,REG,21,21,5,L 1,38,4,0,0,29,6,1,0
48,2011-01-23,time unavailable,@,New York Islanders,5,3,W,REG,22,21,5,W 1,23,10,1,0,34,6,1,0
49,2011-01-25,time unavailable,@,Ottawa Senators,3,2,W,OT,23,21,5,W 2,26,8,0,0,29,2,1,0
50,2011-02-04,time unavailable,@,Pittsburgh Penguins,2,3,L,REG,23,22,5,L 1,29,14,0,0,39,16,0,0
51,2011-02-05,time unavailable,H,Toronto Maple Leafs,6,2,W,REG,24,22,5,W 1,43,13,2,0,25,15,0,1
52,2011-02-08,time unavailable,@,Tampa Bay Lightning,7,4,W,REG,25,22,5,W 2,28,16,1,0,34,26,1,0
53,2011-02-10,time unavailable,@,Florida Panthers,3,2,W,OT,26,22,5,W 3,27,7,0,0,26,9,1,0
54,2011-02-13,time unavailable,H,New York Islanders,6,7,L,OT,26,22,6,L 1,28,12,0,0,26,16,2,0
55,2011-02-15,time unavailable,@,Montreal Canadiens,3,2,W,SO,27,22,6,W 1,32,10,1,0,34,4,1,0
56,2011-02-16,time unavailable,H,Toronto Maple Leafs,1,2,L,REG,27,23,6,L 1,24,8,0,0,30,8,0,1
57,2011-02-18,time unavailable,H,St. Louis Blues,0,3,L,REG,27,24,6,L 2,25,8,0,0,24,6,1,0
58,2011-02-20,time unavailable,H,Washington Capitals,1,2,L,REG,27,25,6,L 3,29,10,1,0,39,4,1,0
59,2011-02-23,time unavailable,H,Atlanta Thrashers,4,1,W,REG,28,25,6,W 1,39,18,0,0,41,16,1,0
60,2011-02-25,time unavailable,H,Ottawa Senators,4,2,W,REG,29,25,6,W 2,39,8,0,0,31,4,0,0
61,2011-02-26,time unavailable,H,Detroit Red Wings,2,3,L,SO,29,25,7,L 1,32,4,0,0,37,2,1,0
62,2011-03-01,time unavailable,@,New York Rangers,3,2,W,REG,30,25,7,W 1,26,8,2,0,31,8,1,0
63,2011-03-03,time unavailable,@,Carolina Hurricanes,2,3,L,OT,30,25,8,L 1,29,6,0,0,24,12,0,0
64,2011-03-05,time unavailable,@,Philadelphia Flyers,5,3,W,REG,31,25,8,W 1,35,10,0,0,36,10,1,1
65,2011-03-06,time unavailable,@,Minnesota Wild,3,2,W,OT,32,25,8,W 2,33,9,0,0,26,9,1,0
66,2011-03-08,time unavailable,@,Pittsburgh Penguins,1,3,L,REG,32,26,8,L 1,30,14,0,0,31,6,0,0
67,2011-03-10,time unavailable,@,Boston Bruins,4,3,W,OT,33,26,8,W 1,45,21,2,0,29,31,0,0
68,2011-03-12,time unavailable,@,Toronto Maple Leafs,3,4,L,REG,33,27,8,L 1,42,4,1,0,29,2,0,0
69,2011-03-13,time unavailable,H,Ottawa Senators,6,4,W,REG,34,27,8,W 1,33,10,0,0,38,6,1,0
70,2011-03-15,time unavailable,H,Carolina Hurricanes,0,1,L,REG,34,28,8,L 1,40,12,0,0,33,8,0,0
71,2011-03-19,time unavailable,H,Atlanta Thrashers,8,2,W,REG,35,28,8,W 1,28,14,3,0,31,30,0,0
72,2011-03-20,time unavailable,H,Nashville Predators,3,4,L,OT,35,28,9,L 1,38,0,1,0,26,4,0,0
73,2011-03-22,time unavailable,@,Montreal Canadiens,2,0,W,REG,36,28,9,W 1,24,4,0,0,31,10,0,0
74,2011-03-25,time unavailable,H,Florida Panthers,4,2,W,REG,37,28,9,W 2,32,6,1,0,24,6,0,0
75,2011-03-26,time unavailable,H,New Jersey Devils,2,0,W,REG,38,28,9,W 3,28,4,0,0,30,4,0,0
76,2011-03-29,time unavailable,@,Toronto Maple Leafs,3,4,L,REG,38,29,9,L 1,31,14,0,0,35,8,0,0
77,2011-03-30,time unavailable,H,New York Rangers,1,0,W,REG,39,29,9,W 1,35,16,1,0,23,4,0,0
78,2011-04-02,time unavailable,@,Washington Capitals,4,5,L,OT,39,29,10,L 1,38,4,1,0,35,2,2,0
79,2011-04-03,time unavailable,@,Carolina Hurricanes,2,1,W,OT,40,29,10,W 1,31,12,0,0,36,6,0,0
80,2011-04-05,time unavailable,H,Tampa Bay Lightning,4,2,W,REG,41,29,10,W 2,24,9,1,0,25,11,0,0
81,2011-04-08,time unavailable,H,Philadelphia Flyers,4,3,W,OT,42,29,10,W 3,29,4,0,0,27,6,0,1
82,2011-04-09,time unavailable,@,Columbus Blue Jackets,5,4,W,REG,43,29,10,W 4,30,10,2,0,36,19,1,0

GP,Date,Time,Location,Opponent,GF,GA,Result,Game Ended In,W,L,Streak,S,PIM,PPG,SHG,S,PIM,PPG,SHG,Notes
1,2011-04-14,time unavailable,@,Philadelphia Flyers,1,0,W,REG,1,0,W 1,25,12,0,0,35,4,0,0
2,2011-04-16,time unavailable,@,Philadelphia Flyers,4,5,L,REG,1,1,L 1,28,27,2,0,34,23,1,0
3,2011-04-18,time unavailable,H,Philadelphia Flyers,2,4,L,REG,1,2,L 2,37,10,1,0,26,16,1,0
4,2011-04-20,time unavailable,H,Philadelphia Flyers,1,0,W,REG,2,2,W 1,29,12,0,0,32,15,0,0
5,2011-04-22,time unavailable,@,Philadelphia Flyers,4,3,W,OT,3,2,W 2,32,12,1,0,39,8,0,0
6,2011-04-24,time unavailable,H,Philadelphia Flyers,4,5,L,OT,3,3,L 1,33,12,2,0,49,12,1,0
7,2011-04-26,time unavailable,@,Philadelphia Flyers,2,5,L,REG,3,4,L 2,28,22,1,0,36,32,2,0

Luke Adam,,72,LW,20,6-2,206,L/-,R,"June 18, 1990",ca,"3 G, 1 A, 4 P"
Brad Boyes,,22,C,28,6-0,198,R/-,6,"April 17, 1982",ca,"5 G, 9 A, 14 P"
Chris Butler,,34,D,24,6-1,196,L/-,2,"October 27, 1986",us,"2 G, 7 A, 9 P"
Paul Byron,,24,C,21,5-8,158,L/-,R,"April 27, 1989",ca,"1 G, 1 A, 2 P"
Tim Connolly,,19,C,29,6-1,190,R/-,9,"May 7, 1981",us,"13 G, 29 A, 42 P"
Matt Ellis,,37,LW,29,6-0,208,L/-,4,"August 31, 1981",ca,"0 G, 0 A, 0 P"
Tyler Ennis,,63,C,21,5-9,160,L/-,1,"October 6, 1989",ca,"20 G, 29 A, 49 P"
Jhonas Enroth,,1,G,22,5-10,171,-/L,1,"June 25, 1988",se,"9-2-2, 2.73 GAA"
Paul Gaustad,,28,C,28,6-5,227,L/-,6,"February 3, 1982",us,"12 G, 19 A, 31 P"
Nathan Gerbe,,42,C,23,5-5,178,L/-,2,"July 24, 1987",us,"16 G, 15 A, 31 P"
Marc-Andre Gragnani,,17,LW,23,6-2,201,L/-,2,"March 11, 1987",ca,"1 G, 2 A, 3 P"
Mike Grier,,25,RW,36,6-1,224,R/-,13,"January 5, 1975",us,"5 G, 11 A, 16 P"
Jochen Hecht,,55,C,33,6-1,198,L/-,11,"June 21, 1977",de,"12 G, 17 A, 29 P"
Patrick Kaleta,,36,RW,24,6-1,198,R/-,4,"June 8, 1986",us,"4 G, 5 A, 9 P"
Patrick Lalime,,40,G,36,6-3,192,-/L,11,"July 7, 1974",ca,"0-5-0, 2.96 GAA"
Jordan Leopold,,3,D,30,6-1,206,L/-,7,"August 3, 1980",us,"13 G, 22 A, 35 P"
Mark Mancari,,12,RW,25,6-3,225,R/-,3,"July 11, 1985",ca,"1 G, 7 A, 8 P"
Cody McCormick,,8,C,27,6-2,224,R/-,5,"April 18, 1983",ca,"8 G, 12 A, 20 P"
Ryan Miller,,30,G,30,6-2,168,-/L,7,"July 17, 1980",us,"34-22-8, 2.59 GAA"
Steve Montador,,4,D,31,6-0,210,R/-,8,"December 21, 1979",ca,"5 G, 21 A, 26 P"
Shaone Morrisonn,,27,D,28,6-4,210,L/-,7,"December 23, 1982",ca,"1 G, 4 A, 5 P"
Tyler Myers,,57,D,20,6-8,229,R/-,1,"February 1, 1990",us,"10 G, 27 A, 37 P"
Rob Niedermayer,,20,C,36,6-2,203,L/-,16,"December 28, 1974",ca,"5 G, 14 A, 19 P"
Mark Parrish,,10,RW,33,5-11,199,R/-,11,"February 2, 1977",us,"0 G, 0 A, 0 P"
Jason Pominville,,29,RW,28,6-0,184,R/-,6,"November 30, 1982",ca,"22 G, 30 A, 52 P"
Craig Rivet,(C),52,D,36,6-2,207,R/-,15,"September 13, 1974",ca,"1 G, 2 A, 3 P"
Derek Roy,,9,C,27,5-9,184,L/-,6,"May 4, 1983",ca,"10 G, 25 A, 35 P"
Andrej Sekera,,44,D,24,6-0,198,L/-,4,"June 8, 1986",cs,"3 G, 26 A, 29 P"
Drew Stafford,,21,RW,25,6-2,214,R/-,4,"October 30, 1985",us,"31 G, 21 A, 52 P"
Colin Stuart,,23,LW,28,6-2,205,L/-,2,"July 8, 1982",us,"0 G, 0 A, 0 P"
Thomas Vanek,,26,LW,27,6-2,214,R/-,5,"January 19, 1984",at,"32 G, 41 A, 73 P"
Mike Weber,,6,D,23,6-2,217,L/-,2,"December 16, 1987",us,"4 G, 13 A, 17 P"
