Carolina Hurricanes,CAR,nhl
2010-11,2011
34
82
0
GP,Date,Time,Location,Opponent,GF,GA,Result,Game Ended In,W,L,OL,Streak,S,PIM,PPG,SHG,S,PIM,PPG,SHG,Notes
1,2010-10-07,time unavailable,@,Minnesota Wild,4,3,W,REG,1,0,0,W 1,31,10,2,0,29,10,2,0,"at Helsinki, FI"
2,2010-10-08,time unavailable,H,Minnesota Wild,2,1,W,SO,2,0,0,W 2,37,19,0,0,42,19,1,0,"at Helsinki, FI"
3,2010-10-14,time unavailable,@,Ottawa Senators,2,3,L,REG,2,1,0,L 1,24,8,1,0,39,8,1,0
4,2010-10-17,time unavailable,@,Vancouver Canucks,1,5,L,REG,2,2,0,L 2,33,14,0,0,28,14,2,0
5,2010-10-19,time unavailable,@,San Jose Sharks,5,2,W,REG,3,2,0,W 1,31,12,0,1,43,10,1,0
6,2010-10-20,time unavailable,@,Los Angeles Kings,3,4,L,REG,3,3,0,L 1,30,8,0,0,27,6,0,0
7,2010-10-23,time unavailable,@,Phoenix Coyotes,4,3,W,OT,4,3,0,W 1,41,7,1,1,39,11,0,0
8,2010-10-27,time unavailable,H,Washington Capitals,0,3,L,REG,4,4,0,L 1,29,6,0,0,33,10,0,1
9,2010-10-29,time unavailable,@,New York Rangers,4,3,W,REG,5,4,0,W 1,38,12,2,0,43,10,2,0
10,2010-10-30,time unavailable,H,Pittsburgh Penguins,0,3,L,REG,5,5,0,L 1,33,6,0,0,31,16,0,0
11,2010-11-01,time unavailable,@,Philadelphia Flyers,2,3,L,REG,5,6,0,L 2,28,10,0,0,37,6,1,0
12,2010-11-03,time unavailable,H,New York Islanders,7,2,W,REG,6,6,0,W 1,32,13,1,0,33,13,1,0
13,2010-11-05,time unavailable,@,Florida Panthers,4,7,L,REG,6,7,0,L 1,31,4,0,0,50,14,0,0
14,2010-11-06,time unavailable,H,Florida Panthers,3,2,W,REG,7,7,0,W 1,29,4,1,0,20,10,0,0
15,2010-11-09,time unavailable,H,Edmonton Oilers,7,1,W,REG,8,7,0,W 2,42,8,3,0,22,24,0,0
16,2010-11-11,time unavailable,H,Philadelphia Flyers,1,8,L,REG,8,8,0,L 1,36,9,0,0,26,13,2,1
17,2010-11-13,time unavailable,@,Montreal Canadiens,2,7,L,REG,8,9,0,L 2,30,34,1,0,33,24,3,0
18,2010-11-17,time unavailable,H,Ottawa Senators,7,1,W,REG,9,9,0,W 1,28,12,2,0,24,18,1,0
19,2010-11-19,time unavailable,@,Pittsburgh Penguins,4,5,L,SO,9,9,1,L 1,34,4,0,0,36,4,1,0
20,2010-11-20,time unavailable,H,Nashville Predators,1,2,L,SO,9,9,2,L 2,22,6,0,0,27,4,0,0
21,2010-11-24,time unavailable,H,Washington Capitals,2,3,L,REG,9,10,2,L 3,32,17,1,0,38,17,1,0
22,2010-11-26,time unavailable,@,Boston Bruins,3,0,W,REG,10,10,2,W 1,21,8,3,0,37,6,0,0
23,2010-11-28,time unavailable,@,Washington Capitals,2,3,L,SO,10,10,3,L 1,28,2,0,0,40,6,0,0
24,2010-11-29,time unavailable,H,Dallas Stars,1,4,L,REG,10,11,3,L 2,28,12,0,0,33,16,0,0
25,2010-12-03,time unavailable,H,Colorado Avalanche,2,1,W,OT,11,11,3,W 1,30,6,0,0,35,4,0,0
26,2010-12-04,time unavailable,@,Nashville Predators,2,5,L,REG,11,12,3,L 1,30,2,0,0,39,8,0,0
27,2010-12-10,time unavailable,@,Dallas Stars,1,2,L,SO,11,12,4,L 2,23,8,0,0,29,10,0,0
28,2010-12-11,time unavailable,@,St. Louis Blues,2,1,W,SO,12,12,4,W 1,29,15,0,0,39,9,1,0
29,2010-12-15,time unavailable,@,Florida Panthers,4,3,W,REG,13,12,4,W 2,34,6,1,0,27,6,1,0
30,2010-12-16,time unavailable,@,Atlanta Thrashers,3,2,W,SO,14,12,4,W 3,29,13,0,0,47,19,1,0
31,2010-12-18,time unavailable,H,Anaheim Ducks,4,2,W,REG,15,12,4,W 4,32,16,2,1,45,20,1,0
32,2010-12-20,time unavailable,@,Tampa Bay Lightning,1,5,L,REG,15,13,4,L 1,22,13,1,0,34,17,2,0
33,2010-12-23,time unavailable,H,Montreal Canadiens,2,3,L,REG,15,14,4,L 2,24,9,0,1,29,6,2,0
34,2010-12-26,time unavailable,H,Washington Capitals,2,3,L,REG,15,15,4,L 3,35,17,0,0,30,8,0,0
35,2010-12-28,time unavailable,@,Toronto Maple Leafs,4,3,W,REG,16,15,4,W 1,27,16,1,0,37,10,2,0
36,2010-12-29,time unavailable,@,Ottawa Senators,4,0,W,REG,17,15,4,W 2,31,11,1,0,37,23,0,0
37,2011-01-01,time unavailable,H,New Jersey Devils,6,3,W,REG,18,15,4,W 3,25,4,3,0,28,14,0,0
38,2011-01-03,time unavailable,H,Florida Panthers,3,4,L,OT,18,15,5,L 1,37,6,0,0,28,10,0,0
39,2011-01-05,time unavailable,@,New York Rangers,1,2,L,OT,18,15,6,L 2,32,11,0,0,35,11,0,0
40,2011-01-07,time unavailable,@,Florida Panthers,5,3,W,REG,19,15,6,W 1,35,4,0,1,35,4,0,0
41,2011-01-09,time unavailable,H,Atlanta Thrashers,4,3,W,OT,20,15,6,W 2,34,8,2,0,28,8,2,0
42,2011-01-11,time unavailable,H,Calgary Flames,6,5,W,SO,21,15,6,W 3,30,6,0,0,32,12,0,0
43,2011-01-13,time unavailable,@,Buffalo Sabres,2,3,L,REG,21,16,6,L 1,29,9,1,0,35,11,1,0
44,2011-01-15,time unavailable,H,Tampa Bay Lightning,6,4,W,REG,22,16,6,W 1,31,10,4,1,34,20,0,0
45,2011-01-17,time unavailable,@,Boston Bruins,0,7,L,REG,22,17,6,L 1,31,15,0,0,38,25,2,0
46,2011-01-18,time unavailable,H,Boston Bruins,2,3,L,REG,22,18,6,L 2,45,12,1,0,28,10,2,0
47,2011-01-20,time unavailable,H,New York Rangers,4,1,W,REG,23,18,6,W 1,39,24,1,0,40,24,0,0
48,2011-01-22,time unavailable,@,Pittsburgh Penguins,2,3,L,REG,23,19,6,L 1,26,22,0,0,31,24,1,1
49,2011-01-24,time unavailable,H,Toronto Maple Leafs,6,4,W,REG,24,19,6,W 1,28,32,2,0,30,25,1,1
50,2011-01-26,time unavailable,@,New York Islanders,4,2,W,REG,25,19,6,W 2,31,15,0,0,25,15,0,0
51,2011-02-01,time unavailable,H,Boston Bruins,2,3,L,REG,25,20,6,L 1,26,5,1,0,33,13,0,0
52,2011-02-03,time unavailable,@,Toronto Maple Leafs,0,3,L,REG,25,21,6,L 2,27,11,0,0,41,13,0,0
53,2011-02-05,time unavailable,H,Atlanta Thrashers,4,3,W,OT,26,21,6,W 1,37,16,1,0,37,14,0,0
54,2011-02-08,time unavailable,@,New Jersey Devils,2,3,L,OT,26,21,7,L 1,22,5,2,0,34,11,0,0
55,2011-02-10,time unavailable,@,Philadelphia Flyers,1,2,L,REG,26,22,7,L 2,32,12,0,0,25,10,2,0
56,2011-02-12,time unavailable,@,Tampa Bay Lightning,3,4,L,OT,26,22,8,L 3,34,14,1,0,41,16,1,0
57,2011-02-13,time unavailable,@,Atlanta Thrashers,3,2,W,REG,27,22,8,W 1,17,4,0,0,43,6,0,0
58,2011-02-16,time unavailable,@,New Jersey Devils,2,3,L,REG,27,23,8,L 1,27,9,0,0,22,11,0,0
59,2011-02-18,time unavailable,H,Philadelphia Flyers,3,2,W,REG,28,23,8,W 1,29,6,0,0,23,14,0,1
60,2011-02-19,time unavailable,H,New Jersey Devils,1,4,L,REG,28,24,8,L 1,25,15,0,0,25,15,0,0
61,2011-02-22,time unavailable,H,New York Rangers,3,4,L,SO,28,24,9,L 2,33,8,0,0,46,6,1,0
62,2011-02-25,time unavailable,H,Pittsburgh Penguins,4,1,W,REG,29,24,9,W 1,21,6,1,0,34,8,0,0
63,2011-02-26,time unavailable,@,Montreal Canadiens,3,4,L,REG,29,25,9,L 1,31,2,0,0,27,8,1,0
64,2011-03-01,time unavailable,H,Florida Panthers,2,1,W,REG,30,25,9,W 1,22,7,1,0,42,9,0,0
65,2011-03-03,time unavailable,H,Buffalo Sabres,3,2,W,OT,31,25,9,W 2,24,12,0,0,29,6,0,0
66,2011-03-04,time unavailable,@,Chicago Blackhawks,2,5,L,REG,31,26,9,L 1,20,9,0,0,29,9,0,0
67,2011-03-09,time unavailable,H,Atlanta Thrashers,2,3,L,OT,31,26,10,L 2,37,4,0,0,29,6,1,0
68,2011-03-11,time unavailable,@,Washington Capitals,1,2,L,REG,31,27,10,L 3,41,4,0,0,26,10,0,0
69,2011-03-12,time unavailable,H,Columbus Blue Jackets,2,3,L,REG,31,28,10,L 4,31,12,0,0,28,20,0,1
70,2011-03-15,time unavailable,@,Buffalo Sabres,1,0,W,REG,32,28,10,W 1,33,8,0,0,40,12,0,0
71,2011-03-16,time unavailable,H,Toronto Maple Leafs,1,3,L,REG,32,29,10,L 1,37,6,1,0,19,10,2,0
72,2011-03-18,time unavailable,H,New York Islanders,3,2,W,OT,33,29,10,W 1,35,8,0,0,37,4,0,0
73,2011-03-22,time unavailable,H,Ottawa Senators,4,3,W,REG,34,29,10,W 2,24,8,0,0,39,8,0,0
74,2011-03-25,time unavailable,@,Tampa Bay Lightning,4,3,W,REG,35,29,10,W 3,39,12,2,0,21,24,2,0
75,2011-03-26,time unavailable,H,Tampa Bay Lightning,2,4,L,REG,35,30,10,L 1,35,13,1,0,32,15,1,0
76,2011-03-29,time unavailable,@,Washington Capitals,3,2,W,SO,36,30,10,W 1,26,8,1,0,40,12,0,0
77,2011-03-30,time unavailable,H,Montreal Canadiens,6,2,W,REG,37,30,10,W 2,35,16,1,0,40,28,2,0
78,2011-04-02,time unavailable,@,New York Islanders,4,2,W,REG,38,30,10,W 3,26,8,0,1,31,8,0,0
79,2011-04-03,time unavailable,H,Buffalo Sabres,1,2,L,OT,38,30,11,L 1,36,6,0,0,31,12,0,0
80,2011-04-06,time unavailable,H,Detroit Red Wings,3,0,W,REG,39,30,11,W 1,32,6,1,0,42,8,0,0
81,2011-04-08,time unavailable,@,Atlanta Thrashers,6,1,W,REG,40,30,11,W 2,32,4,2,0,19,26,0,0
82,2011-04-09,time unavailable,H,Tampa Bay Lightning,2,6,L,REG,40,31,11,L 1,44,2,1,0,35,14,0,0

Time,Location,Result,Game Ended In

Bryan Allen,,5,D,30,6-5,223,L/-,9,"August 21, 1980",ca,"0 G, 5 A, 5 P"
Anton Babchuk,,33,D,26,6-5,200,R/-,4,"May 6, 1984",su,"3 G, 5 A, 8 P"
Troy Bodie,,20,RW,26,6-5,226,R/-,2,"January 25, 1985",ca,"1 G, 2 A, 3 P"
Drayson Bowman,,21,C,21,6-1,195,L/-,1,"March 8, 1989",us,"0 G, 1 A, 1 P"
Zach Boychuk,,11,C,21,5-10,185,L/-,2,"October 4, 1989",ca,"4 G, 3 A, 7 P"
Brett Carson,,27,D,25,6-4,220,R/-,2,"November 29, 1985",ca,"0 G, 0 A, 0 P"
Ryan Carter,,29,C,27,6-1,202,L/-,3,"August 3, 1983",us,"0 G, 3 A, 3 P"
Erik Cole,,26,LW,32,6-2,210,L/-,8,"November 6, 1978",us,"26 G, 26 A, 52 P"
Joe Corvo,,77,D,33,6-0,204,R/-,7,"June 20, 1977",us,"11 G, 29 A, 40 P"
Zac Dalpe,,22,C,21,6-1,195,R/-,R,"November 1, 1989",ca,"3 G, 1 A, 4 P"
Patrick Dwyer,,39,RW,27,5-11,175,R/-,2,"June 22, 1983",us,"8 G, 10 A, 18 P"
Tim Gleason,,6,D,28,6-0,217,L/-,6,"January 29, 1983",us,"2 G, 14 A, 16 P"
Jay Harrison,,44,D,28,6-4,220,L/-,4,"November 3, 1982",ca,"3 G, 7 A, 10 P"
Jussi Jokinen,,36,LW,27,5-11,198,L/-,5,"April 1, 1983",fi,"19 G, 33 A, 52 P"
Derek Joslin,,33,D,23,6-1,210,L/-,2,"March 17, 1987",ca,"1 G, 4 A, 5 P"
Tom Kostopoulos,,29,RW,32,6-0,200,R/-,8,"January 24, 1979",ca,"1 G, 3 A, 4 P"
Chad Larose,,59,RW,28,5-10,181,R/-,5,"March 27, 1982",us,"16 G, 15 A, 31 P"
Jon Matsumoto,,18,C,24,6-0,184,L/-,R,"October 13, 1986",ca,"2 G, 0 A, 2 P"
Jamie McBain,,4,D,22,6-1,193,R/-,1,"February 25, 1988",us,"7 G, 23 A, 30 P"
Patrick O'Sullivan,,8,C,25,5-11,190,L/-,4,"February 1, 1985",ca,"1 G, 0 A, 1 P"
Justin Peters,,60,G,24,6-1,210,-/L,1,"August 30, 1986",ca,"3-5-1, 3.98 GAA"
Joni Pitkanen,,25,D,27,6-3,220,L/-,6,"September 19, 1983",fi,"5 G, 30 A, 35 P"
Bryan Rodney,,28,D,26,6-0,204,R/-,2,"April 22, 1984",ca,"0 G, 0 A, 0 P"
Tuomo Ruutu,,15,C,27,6-0,200,L/-,6,"February 16, 1983",fi,"19 G, 38 A, 57 P"
Jerome Samson,,71,RW,23,6-0,195,-/-,1,"September 4, 1987",unknown,"0 G, 2 A, 2 P"
Sergei Samsonov,,14,LW,32,5-8,188,R/-,12,"October 27, 1978",su,"10 G, 16 A, 26 P"
Jeff Skinner,,53,RW,18,5-11,200,L/-,R,"May 16, 1992",ca,"31 G, 32 A, 63 P"
Eric Staal,(C),12,C,26,6-4,205,L/-,6,"October 29, 1984",ca,"33 G, 43 A, 76 P"
Cory Stillman,,61,LW,37,6-0,200,L/-,15,"December 20, 1973",ca,"5 G, 11 A, 16 P"
Brandon Sutter,,16,C,21,6-3,190,R/-,2,"February 14, 1989",us,"14 G, 15 A, 29 P"
Brett Sutter,,42,C,23,6-0,200,L/-,2,"June 2, 1987",ca,"0 G, 0 A, 0 P"
Jiri Tlusty,,19,C,22,6-0,205,L/-,3,"March 16, 1988",cs,"6 G, 6 A, 12 P"
Cam Ward,,30,G,26,6-1,185,-/L,5,"February 29, 1984",ca,"37-26-10, 2.56 GAA"
Ian White,,7,D,26,5-10,191,R/-,5,"June 4, 1984",ca,"0 G, 10 A, 10 P"
