Dallas Stars,DAL,nhl
2010-11,2011
34
82
0
GP,Date,Time,Location,Opponent,GF,GA,Result,Game Ended In,W,L,OL,Streak,S,PIM,PPG,SHG,S,PIM,PPG,SHG,Notes
1,2010-10-08,time unavailable,@,New Jersey Devils,4,3,W,OT,1,0,0,W 1,28,6,0,0,30,6,1,0
2,2010-10-09,time unavailable,@,New York Islanders,5,4,W,SO,2,0,0,W 2,22,16,1,0,47,12,3,0
3,2010-10-14,time unavailable,H,Detroit Red Wings,4,1,W,REG,3,0,0,W 3,15,10,1,0,26,6,1,0
4,2010-10-16,time unavailable,H,St. Louis Blues,3,2,W,SO,4,0,0,W 4,25,12,0,0,43,10,1,0
5,2010-10-18,time unavailable,@,Tampa Bay Lightning,4,5,L,REG,4,1,0,L 1,19,10,0,1,44,10,4,0
6,2010-10-21,time unavailable,@,Florida Panthers,4,1,W,REG,5,1,0,W 1,29,21,0,0,28,9,0,0
7,2010-10-23,time unavailable,H,Nashville Predators,0,1,L,REG,5,2,0,L 1,30,4,0,0,24,4,0,0
8,2010-10-26,time unavailable,H,Anaheim Ducks,2,5,L,REG,5,3,0,L 2,37,19,1,0,26,10,1,0
9,2010-10-28,time unavailable,H,Los Angeles Kings,2,5,L,REG,5,4,0,L 3,32,13,1,0,24,19,1,1
10,2010-10-30,time unavailable,H,Buffalo Sabres,4,0,W,REG,6,4,0,W 1,41,4,2,1,34,12,0,0
11,2010-11-03,time unavailable,H,Pittsburgh Penguins,5,2,W,REG,7,4,0,W 2,29,32,0,0,23,34,0,0
12,2010-11-05,time unavailable,H,Phoenix Coyotes,6,3,W,REG,8,4,0,W 3,31,12,4,0,28,12,1,0
13,2010-11-06,time unavailable,@,Colorado Avalanche,0,5,L,REG,8,5,0,L 1,31,17,0,0,45,19,0,1
14,2010-11-11,time unavailable,@,Los Angeles Kings,1,3,L,REG,8,6,0,L 2,28,49,0,0,29,42,2,0
15,2010-11-12,time unavailable,@,Anaheim Ducks,2,4,L,REG,8,7,0,L 3,29,6,0,0,37,4,1,0
16,2010-11-16,time unavailable,H,Anaheim Ducks,2,1,W,REG,9,7,0,W 1,26,24,1,0,27,22,1,0
17,2010-11-18,time unavailable,H,San Jose Sharks,5,4,W,OT,10,7,0,W 2,41,35,1,0,39,33,0,0
18,2010-11-20,time unavailable,H,Colorado Avalanche,3,4,L,SO,10,7,1,L 1,29,10,1,0,26,10,2,0
19,2010-11-22,time unavailable,@,Toronto Maple Leafs,1,4,L,REG,10,8,1,L 2,22,7,0,0,26,9,0,0
20,2010-11-24,time unavailable,@,Ottawa Senators,2,1,W,REG,11,8,1,W 1,26,6,0,0,19,10,0,0
21,2010-11-26,time unavailable,H,St. Louis Blues,3,2,W,REG,12,8,1,W 2,22,12,0,1,27,16,0,1
22,2010-11-27,time unavailable,@,St. Louis Blues,2,1,W,REG,13,8,1,W 3,23,11,1,0,36,13,0,0
23,2010-11-29,time unavailable,@,Carolina Hurricanes,4,1,W,REG,14,8,1,W 4,33,16,0,0,28,12,0,0
24,2010-12-02,time unavailable,H,Washington Capitals,2,1,W,REG,15,8,1,W 5,21,11,1,0,38,15,1,0
25,2010-12-04,time unavailable,H,Minnesota Wild,4,3,W,OT,16,8,1,W 6,33,8,2,0,31,14,0,0
26,2010-12-06,time unavailable,@,Columbus Blue Jackets,2,3,L,SO,16,8,2,L 1,18,6,0,0,29,8,1,0
27,2010-12-08,time unavailable,@,Chicago Blackhawks,3,5,L,REG,16,9,2,L 2,31,17,0,0,25,5,1,0
28,2010-12-10,time unavailable,H,Carolina Hurricanes,2,1,W,SO,17,9,2,W 1,29,10,0,0,23,8,0,0
29,2010-12-11,time unavailable,@,Phoenix Coyotes,2,5,L,REG,17,10,2,L 1,35,13,1,0,34,19,1,1
30,2010-12-13,time unavailable,@,San Jose Sharks,3,2,W,SO,18,10,2,W 1,31,2,1,0,33,6,0,0
31,2010-12-16,time unavailable,H,San Jose Sharks,3,4,L,OT,18,10,3,L 1,18,14,2,0,43,4,1,0
32,2010-12-18,time unavailable,@,Columbus Blue Jackets,2,1,W,REG,19,10,3,W 1,23,38,1,0,36,48,0,0
33,2010-12-19,time unavailable,@,Detroit Red Wings,4,3,W,OT,20,10,3,W 2,32,13,1,0,31,17,1,0
34,2010-12-21,time unavailable,H,Montreal Canadiens,5,2,W,REG,21,10,3,W 3,17,15,1,1,29,11,0,1
35,2010-12-23,time unavailable,H,Calgary Flames,2,3,L,SO,21,10,4,L 1,16,18,1,0,33,16,1,0
36,2010-12-26,time unavailable,H,Phoenix Coyotes,0,1,L,REG,21,11,4,L 2,30,13,0,0,25,9,0,0
37,2010-12-28,time unavailable,@,Nashville Predators,4,2,W,REG,22,11,4,W 1,25,24,0,0,46,20,1,0
38,2010-12-29,time unavailable,H,Detroit Red Wings,3,7,L,REG,22,12,4,L 1,31,6,0,0,26,8,2,0
39,2010-12-31,time unavailable,H,Vancouver Canucks,1,4,L,REG,22,13,4,L 2,45,22,1,0,22,20,3,0
40,2011-01-02,time unavailable,@,St. Louis Blues,4,2,W,REG,23,13,4,W 1,27,14,1,0,30,14,0,0
41,2011-01-05,time unavailable,@,Chicago Blackhawks,4,2,W,REG,24,13,4,W 2,22,6,3,1,37,6,0,0
42,2011-01-07,time unavailable,H,New York Rangers,2,3,L,SO,24,13,5,L 1,30,11,1,0,31,13,1,1
43,2011-01-09,time unavailable,@,Minnesota Wild,4,0,W,REG,25,13,5,W 1,28,4,0,0,26,6,0,0
44,2011-01-11,time unavailable,H,Edmonton Oilers,3,2,W,REG,26,13,5,W 2,20,15,0,0,41,15,0,0
45,2011-01-15,time unavailable,H,Atlanta Thrashers,6,1,W,REG,27,13,5,W 3,27,16,4,0,30,30,0,0
46,2011-01-17,time unavailable,H,Los Angeles Kings,2,1,W,REG,28,13,5,W 4,27,4,2,0,24,10,0,0
47,2011-01-20,time unavailable,@,Edmonton Oilers,4,2,W,REG,29,13,5,W 5,24,8,1,0,32,6,0,1
48,2011-01-21,time unavailable,@,Calgary Flames,4,7,L,REG,29,14,5,L 1,21,11,0,0,19,11,1,0
49,2011-01-24,time unavailable,@,Vancouver Canucks,1,7,L,REG,29,15,5,L 2,26,32,0,0,36,26,3,0
50,2011-01-26,time unavailable,H,Edmonton Oilers,3,1,W,REG,30,15,5,W 1,21,54,1,0,35,46,1,0
51,2011-02-01,time unavailable,H,Vancouver Canucks,1,4,L,REG,30,16,5,L 1,26,6,0,0,26,10,2,1
52,2011-02-03,time unavailable,@,Boston Bruins,3,6,L,REG,30,17,5,L 2,33,38,0,1,35,51,0,0
53,2011-02-05,time unavailable,@,Philadelphia Flyers,1,3,L,REG,30,18,5,L 3,31,6,0,0,32,6,0,1
54,2011-02-09,time unavailable,H,Phoenix Coyotes,2,3,L,OT,30,18,6,L 4,18,12,0,0,35,8,2,0
55,2011-02-11,time unavailable,H,Chicago Blackhawks,4,3,W,SO,31,18,6,W 1,35,14,1,0,26,12,1,0
56,2011-02-13,time unavailable,H,Columbus Blue Jackets,1,2,L,REG,31,19,6,L 1,30,2,1,0,39,12,0,0
57,2011-02-15,time unavailable,@,Edmonton Oilers,1,4,L,REG,31,20,6,L 2,25,10,1,0,30,6,2,0
58,2011-02-16,time unavailable,@,Calgary Flames,2,4,L,REG,31,21,6,L 3,24,6,0,0,31,4,1,1
59,2011-02-19,time unavailable,@,Vancouver Canucks,2,5,L,REG,31,22,6,L 4,24,11,0,0,38,13,0,0
60,2011-02-22,time unavailable,H,New Jersey Devils,0,1,L,REG,31,23,6,L 5,19,8,0,0,23,6,1,0
61,2011-02-24,time unavailable,@,Detroit Red Wings,4,1,W,REG,32,23,6,W 1,25,33,0,1,39,27,1,0
62,2011-02-26,time unavailable,H,Nashville Predators,3,2,W,REG,33,23,6,W 2,25,6,1,0,27,10,0,0
63,2011-03-01,time unavailable,@,Phoenix Coyotes,3,2,W,REG,34,23,6,W 3,30,4,1,0,27,30,0,0
64,2011-03-04,time unavailable,@,Anaheim Ducks,3,4,L,OT,34,23,7,L 1,26,10,1,0,29,10,2,0
65,2011-03-05,time unavailable,@,San Jose Sharks,3,2,W,REG,35,23,7,W 1,28,12,0,1,31,8,0,0
66,2011-03-07,time unavailable,@,Los Angeles Kings,4,3,W,OT,36,23,7,W 2,22,23,0,1,23,10,0,0
67,2011-03-09,time unavailable,H,Calgary Flames,3,4,L,SO,36,23,8,L 1,34,2,1,0,34,6,0,0
68,2011-03-11,time unavailable,H,Minnesota Wild,4,0,W,REG,37,23,8,W 1,31,6,0,0,14,4,0,0
69,2011-03-13,time unavailable,H,Los Angeles Kings,2,3,L,REG,37,24,8,L 1,23,8,0,0,30,8,1,0
70,2011-03-15,time unavailable,H,San Jose Sharks,3,6,L,REG,37,25,8,L 2,37,21,1,1,39,13,1,2
71,2011-03-17,time unavailable,H,Chicago Blackhawks,5,0,W,REG,38,25,8,W 1,27,13,0,0,23,25,0,0
72,2011-03-19,time unavailable,H,Philadelphia Flyers,2,3,L,SO,38,25,9,L 1,30,4,0,0,30,10,0,0
73,2011-03-23,time unavailable,H,Anaheim Ducks,3,4,L,OT,38,25,10,L 2,26,8,1,0,26,6,1,0
74,2011-03-26,time unavailable,@,Nashville Predators,2,4,L,REG,38,26,10,L 3,30,4,1,0,32,8,0,1
75,2011-03-29,time unavailable,@,Phoenix Coyotes,1,2,L,SO,38,26,11,L 4,45,2,1,0,27,4,0,0
76,2011-03-31,time unavailable,@,San Jose Sharks,0,6,L,REG,38,27,11,L 5,29,4,0,0,52,6,1,0
77,2011-04-02,time unavailable,@,Los Angeles Kings,1,3,L,REG,38,28,11,L 6,25,2,0,0,32,2,0,0
78,2011-04-03,time unavailable,@,Anaheim Ducks,4,3,W,REG,39,28,11,W 1,31,6,1,0,27,12,0,1
79,2011-04-05,time unavailable,H,Columbus Blue Jackets,3,0,W,REG,40,28,11,W 2,30,6,1,0,23,12,0,0
80,2011-04-07,time unavailable,H,Colorado Avalanche,4,2,W,REG,41,28,11,W 3,37,2,1,0,23,10,0,0
81,2011-04-08,time unavailable,@,Colorado Avalanche,3,2,W,REG,42,28,11,W 4,28,2,0,0,17,4,0,1
82,2011-04-10,time unavailable,@,Minnesota Wild,3,5,L,REG,42,29,11,L 1,29,4,2,0,23,10,1,0

Time,Location,Result,Game Ended In

Richard Bachman,,31,G,23,5-10,183,-/L,R,"July 25, 1987",us,"0-0-0, 0.00 GAA"
Krys Barch,,13,RW,30,6-2,210,L/-,4,"March 26, 1980",ca,"2 G, 1 A, 3 P"
Jamie Benn,,14,LW,21,6-2,210,L/-,1,"July 18, 1989",ca,"22 G, 34 A, 56 P"
Adam Burish,,16,C,28,6-1,195,R/-,4,"January 6, 1983",us,"8 G, 6 A, 14 P"
Trevor Daley,,6,D,27,5-11,195,L/-,6,"October 9, 1983",ca,"8 G, 19 A, 27 P"
Loui Eriksson,,21,LW,25,6-2,183,L/-,4,"July 17, 1985",se,"27 G, 46 A, 73 P"
Mark Fistric,,28,D,24,6-2,225,L/-,3,"June 1, 1986",ca,"2 G, 3 A, 5 P"
Aaron Gagnon,,11,C,24,5-10,185,R/-,1,"April 24, 1986",ca,"0 G, 2 A, 2 P"
Alex Goligoski,,33,D,25,5-11,185,L/-,3,"July 30, 1985",us,"5 G, 10 A, 15 P"
Nicklas Grossmann,,2,D,26,6-4,230,L/-,4,"January 22, 1985",se,"1 G, 9 A, 10 P"
Jamie Langenbrunner,,15,RW,35,6-1,205,R/-,15,"July 24, 1975",us,"5 G, 13 A, 18 P"
Philip Larsen,,36,D,21,6-0,190,R/-,1,"December 7, 1989",dk,"0 G, 2 A, 2 P"
Kari Lehtonen,,32,G,27,6-4,205,-/L,6,"November 16, 1983",fi,"34-24-11, 2.55 GAA"
Brad Lukowich,,73,D,34,6-1,200,L/-,12,"August 12, 1976",ca,"0 G, 0 A, 0 P"
Travis Morin,,39,C,27,6-1,195,L/-,R,"January 9, 1984",us,"0 G, 0 A, 0 P"
Brenden Morrow,(C),10,LW,32,6-0,205,L/-,10,"January 16, 1979",ca,"33 G, 23 A, 56 P"
James Neal,,18,LW,23,6-2,221,L/-,2,"September 3, 1987",ca,"21 G, 18 A, 39 P"
Matt Niskanen,,5,D,24,6-0,200,R/-,3,"December 6, 1986",us,"0 G, 6 A, 6 P"
Steve Ott,,29,C,28,6-0,189,L/-,7,"August 19, 1982",ca,"12 G, 20 A, 32 P"
Toby Petersen,,17,C,32,5-10,198,L/-,6,"October 27, 1978",us,"2 G, 4 A, 6 P"
Andrew Raycroft,,30,G,30,6-1,178,-/L,9,"May 4, 1980",ca,"8-5-0, 2.83 GAA"
Mike Ribeiro,,63,C,30,6-0,179,L/-,10,"February 10, 1980",ca,"19 G, 52 A, 71 P"
Brad Richards,,91,C,30,6-0,199,L/-,9,"May 2, 1980",ca,"28 G, 49 A, 77 P"
Stephane Robidas,,3,D,33,5-11,190,R/-,10,"March 3, 1977",ca,"5 G, 25 A, 30 P"
Raymond Sawada,,12,RW,25,6-2,207,R/-,2,"February 19, 1985",ca,"0 G, 0 A, 0 P"
Colton Sceviour,,22,C,21,6-0,195,R/-,R,"April 20, 1989",ca,"0 G, 0 A, 0 P"
Brandon Segal,,24,RW,27,6-2,215,R/-,2,"July 12, 1983",ca,"5 G, 5 A, 10 P"
Karlis Skrastins,,37,D,36,6-2,208,L/-,11,"July 9, 1974",su,"3 G, 5 A, 8 P"
Brian Sutherby,,20,C,28,6-2,208,L/-,8,"March 1, 1982",ca,"2 G, 2 A, 4 P"
Tomas Vincour,,81,C,20,6-2,204,R/-,R,"November 19, 1990",cs,"1 G, 1 A, 2 P"
Tom Wandell,,23,C,24,6-1,200,L/-,2,"January 29, 1987",se,"7 G, 2 A, 9 P"
Francis Wathier,,48,LW,26,6-4,218,L/-,1,"December 7, 1984",ca,"0 G, 0 A, 0 P"
Jason Williams,,27,C,30,5-11,192,R/-,9,"August 11, 1980",ca,"2 G, 3 A, 5 P"
Jeff Woywitka,,44,D,27,6-3,227,L/-,5,"September 1, 1983",ca,"2 G, 9 A, 11 P"
