New Jersey Devils,NJD,nhl
2010-11,2011
38
82
0
GP,Date,Time,Location,Opponent,GF,GA,Result,Game Ended In,W,L,OL,Streak,S,PIM,PPG,SHG,S,PIM,PPG,SHG,Notes
1,2010-10-08,time unavailable,H,Dallas Stars,3,4,L,OT,0,0,1,L 1,30,6,1,0,28,6,0,0
2,2010-10-09,time unavailable,@,Washington Capitals,2,7,L,REG,0,1,1,L 2,33,45,0,1,29,38,1,1
3,2010-10-11,time unavailable,H,Pittsburgh Penguins,1,3,L,REG,0,2,1,L 3,31,12,0,0,31,4,1,0
4,2010-10-13,time unavailable,@,Buffalo Sabres,1,0,W,OT,1,2,1,W 1,35,9,0,0,24,11,0,0
5,2010-10-15,time unavailable,H,Colorado Avalanche,2,3,L,REG,1,3,1,L 1,43,15,1,0,22,26,1,0
6,2010-10-16,time unavailable,H,Boston Bruins,1,4,L,REG,1,4,1,L 2,32,6,0,0,35,8,0,0
7,2010-10-21,time unavailable,@,Montreal Canadiens,3,0,W,REG,2,4,1,W 1,20,11,0,0,29,13,0,0
8,2010-10-23,time unavailable,H,Buffalo Sabres,1,6,L,REG,2,5,1,L 1,27,8,0,0,29,6,1,0
9,2010-10-24,time unavailable,@,New York Rangers,1,3,L,REG,2,6,1,L 2,28,14,0,0,34,8,1,0
10,2010-10-27,time unavailable,@,San Jose Sharks,2,5,L,REG,2,7,1,L 3,29,36,1,0,39,22,1,0
11,2010-10-29,time unavailable,@,Anaheim Ducks,2,1,W,REG,3,7,1,W 1,27,8,0,0,28,8,1,0
12,2010-10-30,time unavailable,@,Los Angeles Kings,1,3,L,REG,3,8,1,L 1,40,4,0,0,23,4,1,0
13,2010-11-01,time unavailable,@,Vancouver Canucks,0,3,L,REG,3,9,1,L 2,30,13,0,0,23,11,0,0
14,2010-11-03,time unavailable,@,Chicago Blackhawks,5,3,W,REG,4,9,1,W 1,24,13,0,0,32,9,1,0
15,2010-11-05,time unavailable,H,New York Rangers,0,3,L,REG,4,10,1,L 1,33,13,0,0,20,6,1,1
16,2010-11-10,time unavailable,H,Buffalo Sabres,4,5,L,SO,4,10,2,L 2,32,4,1,0,42,4,0,0
17,2010-11-12,time unavailable,H,Edmonton Oilers,4,3,W,OT,5,10,2,W 1,39,19,2,0,24,11,0,0
18,2010-11-15,time unavailable,@,Boston Bruins,0,3,L,REG,5,11,2,L 1,28,19,0,0,24,11,1,0
19,2010-11-18,time unavailable,@,Toronto Maple Leafs,1,3,L,REG,5,12,2,L 2,30,6,0,0,27,4,2,0
20,2010-11-20,time unavailable,@,St. Louis Blues,2,3,L,REG,5,13,2,L 3,37,6,0,0,27,4,1,0
21,2010-11-22,time unavailable,H,Washington Capitals,5,0,W,REG,6,13,2,W 1,23,13,1,0,30,11,0,0
22,2010-11-24,time unavailable,H,Calgary Flames,2,1,W,SO,7,13,2,W 2,21,4,0,0,26,6,0,0
23,2010-11-26,time unavailable,@,New York Islanders,0,2,L,REG,7,14,2,L 1,29,14,0,0,20,25,0,0
24,2010-11-27,time unavailable,H,Philadelphia Flyers,2,1,W,SO,8,14,2,W 1,25,4,0,0,41,6,1,0
25,2010-12-02,time unavailable,H,Montreal Canadiens,1,5,L,REG,8,15,2,L 1,28,4,0,0,32,6,1,0
26,2010-12-04,time unavailable,@,Philadelphia Flyers,3,5,L,REG,8,16,2,L 2,26,10,2,0,34,10,0,0
27,2010-12-06,time unavailable,@,Pittsburgh Penguins,1,2,L,REG,8,17,2,L 3,28,19,1,0,34,15,0,0
28,2010-12-10,time unavailable,@,Ottawa Senators,2,3,L,REG,8,18,2,L 4,31,8,2,0,29,6,0,0
29,2010-12-11,time unavailable,H,Detroit Red Wings,1,4,L,REG,8,19,2,L 5,34,11,1,0,23,15,0,0
30,2010-12-15,time unavailable,H,Phoenix Coyotes,3,0,W,REG,9,19,2,W 1,29,6,1,0,29,10,0,0
31,2010-12-17,time unavailable,H,Nashville Predators,1,3,L,REG,9,20,2,L 1,16,10,1,0,20,6,2,0
32,2010-12-18,time unavailable,@,Atlanta Thrashers,1,7,L,REG,9,21,2,L 2,27,11,1,0,22,13,0,0
33,2010-12-21,time unavailable,@,Washington Capitals,1,5,L,REG,9,22,2,L 3,36,10,1,0,28,8,0,0
34,2010-12-23,time unavailable,H,New York Islanders,1,5,L,REG,9,23,2,L 4,35,12,0,0,14,18,1,1
35,2010-12-26,time unavailable,H,Toronto Maple Leafs,1,4,L,REG,9,24,2,L 5,30,15,1,0,22,15,0,0
36,2010-12-29,time unavailable,H,New York Rangers,1,3,L,REG,9,25,2,L 6,44,13,0,0,26,13,0,0
37,2010-12-31,time unavailable,H,Atlanta Thrashers,3,1,W,REG,10,25,2,W 1,28,9,0,0,29,9,0,0
38,2011-01-01,time unavailable,@,Carolina Hurricanes,3,6,L,REG,10,26,2,L 1,28,14,0,0,25,4,3,0
39,2011-01-04,time unavailable,H,Minnesota Wild,1,2,L,REG,10,27,2,L 2,22,4,0,0,18,10,0,0
40,2011-01-06,time unavailable,H,Philadelphia Flyers,2,4,L,REG,10,28,2,L 3,20,8,0,0,20,2,0,0
41,2011-01-08,time unavailable,@,Philadelphia Flyers,1,2,L,REG,10,29,2,L 4,35,10,0,0,29,8,1,0
42,2011-01-09,time unavailable,H,Tampa Bay Lightning,6,3,W,REG,11,29,2,W 1,26,8,1,0,36,8,1,0
43,2011-01-14,time unavailable,@,Tampa Bay Lightning,5,2,W,REG,12,29,2,W 2,25,11,0,1,32,7,1,0
44,2011-01-15,time unavailable,@,Florida Panthers,2,3,L,OT,12,29,3,L 1,35,8,0,0,22,6,2,0
45,2011-01-17,time unavailable,@,New York Islanders,5,2,W,REG,13,29,3,W 1,27,12,1,0,29,14,0,0
46,2011-01-20,time unavailable,H,Pittsburgh Penguins,2,0,W,REG,14,29,3,W 2,20,7,0,0,23,13,0,0
47,2011-01-22,time unavailable,@,Philadelphia Flyers,3,1,W,REG,15,29,3,W 3,22,6,1,0,27,8,0,0
48,2011-01-23,time unavailable,H,Florida Panthers,5,2,W,REG,16,29,3,W 4,23,2,2,0,26,6,0,0
49,2011-01-26,time unavailable,@,Detroit Red Wings,1,3,L,REG,16,30,3,L 1,24,6,0,0,29,6,0,0
50,2011-02-01,time unavailable,H,Ottawa Senators,2,1,W,REG,17,30,3,W 1,33,6,0,0,16,2,1,0
51,2011-02-03,time unavailable,@,New York Rangers,3,2,W,REG,18,30,3,W 2,18,17,0,0,27,11,1,0
52,2011-02-04,time unavailable,H,Florida Panthers,3,4,L,OT,18,30,4,L 1,31,4,0,0,29,6,1,1
53,2011-02-06,time unavailable,@,Montreal Canadiens,4,1,W,REG,19,30,4,W 1,30,2,0,0,26,14,0,0
54,2011-02-08,time unavailable,H,Carolina Hurricanes,3,2,W,OT,20,30,4,W 2,34,11,0,0,22,5,2,0
55,2011-02-10,time unavailable,@,Toronto Maple Leafs,2,1,W,OT,21,30,4,W 3,39,19,0,0,32,15,0,0
56,2011-02-11,time unavailable,H,San Jose Sharks,2,1,W,REG,22,30,4,W 4,23,4,1,0,32,8,0,0
57,2011-02-16,time unavailable,H,Carolina Hurricanes,3,2,W,REG,23,30,4,W 5,22,11,0,0,27,9,0,0
58,2011-02-18,time unavailable,H,New York Rangers,1,0,W,REG,24,30,4,W 6,28,4,0,0,16,2,0,0
59,2011-02-19,time unavailable,@,Carolina Hurricanes,4,1,W,REG,25,30,4,W 7,25,15,0,0,25,15,0,0
60,2011-02-22,time unavailable,@,Dallas Stars,1,0,W,REG,26,30,4,W 8,23,6,1,0,19,8,0,0
61,2011-02-25,time unavailable,@,Tampa Bay Lightning,1,2,L,REG,26,31,4,L 1,20,4,0,0,30,2,0,0
62,2011-02-27,time unavailable,@,Florida Panthers,2,1,W,REG,27,31,4,W 1,26,2,1,0,26,6,0,0
63,2011-03-02,time unavailable,H,Tampa Bay Lightning,2,1,W,REG,28,31,4,W 2,27,4,0,0,16,4,1,0
64,2011-03-04,time unavailable,H,Pittsburgh Penguins,2,1,W,OT,29,31,4,W 3,30,9,1,0,26,17,0,0
65,2011-03-06,time unavailable,@,New York Islanders,3,2,W,SO,30,31,4,W 4,29,8,1,0,22,4,1,0
66,2011-03-08,time unavailable,H,Ottawa Senators,1,2,L,REG,30,32,4,L 1,32,6,0,0,21,8,0,0
67,2011-03-11,time unavailable,@,Atlanta Thrashers,3,2,W,OT,31,32,4,W 1,30,8,3,0,26,10,1,0
68,2011-03-12,time unavailable,H,New York Islanders,3,2,W,OT,32,32,4,W 2,35,7,0,0,15,25,0,1
69,2011-03-15,time unavailable,H,Atlanta Thrashers,4,2,W,REG,33,32,4,W 3,24,2,0,0,20,4,0,0
70,2011-03-17,time unavailable,@,Ottawa Senators,1,3,L,REG,33,33,4,L 1,34,6,1,0,25,6,1,0
71,2011-03-18,time unavailable,H,Washington Capitals,0,3,L,REG,33,34,4,L 2,33,0,0,0,12,8,0,0
72,2011-03-20,time unavailable,@,Columbus Blue Jackets,3,0,W,REG,34,34,4,W 1,31,0,0,0,13,8,0,0
73,2011-03-22,time unavailable,@,Boston Bruins,1,4,L,REG,34,35,4,L 1,31,10,1,0,30,4,1,0
74,2011-03-25,time unavailable,@,Pittsburgh Penguins,0,1,L,SO,34,35,5,L 2,21,4,0,0,26,8,0,0
75,2011-03-26,time unavailable,@,Buffalo Sabres,0,2,L,REG,34,36,5,L 3,30,4,0,0,28,4,0,0
76,2011-03-30,time unavailable,H,New York Islanders,3,2,W,REG,35,36,5,W 1,20,16,0,0,29,22,0,1
77,2011-04-01,time unavailable,H,Philadelphia Flyers,4,2,W,REG,36,36,5,W 2,24,2,0,1,36,22,0,0
78,2011-04-02,time unavailable,H,Montreal Canadiens,1,3,L,REG,36,37,5,L 1,21,6,0,0,29,4,1,0
79,2011-04-05,time unavailable,@,Pittsburgh Penguins,2,4,L,REG,36,38,5,L 2,24,6,0,0,27,4,1,1
80,2011-04-06,time unavailable,H,Toronto Maple Leafs,4,2,W,REG,37,38,5,W 1,33,2,1,0,24,8,1,1
81,2011-04-09,time unavailable,@,New York Rangers,2,5,L,REG,37,39,5,L 1,26,2,0,0,29,2,0,0
82,2011-04-10,time unavailable,H,Boston Bruins,3,2,W,REG,38,39,5,W 1,32,4,0,0,26,2,0,0

Time,Location,Result,Game Ended In

Jason Arnott,,25,C,36,6-5,220,R/-,16,"October 11, 1974",ca,"13 G, 11 A, 24 P"
Martin Brodeur,,30,G,38,6-2,220,-/L,17,"May 6, 1972",ca,"23-26-3, 2.45 GAA"
David Clarkson,,23,RW,26,6-0,207,R/-,4,"March 31, 1984",ca,"12 G, 6 A, 18 P"
Matthew Corrente,,22,D,22,6-0,205,-/-,1,"March 17, 1988",unknown,"0 G, 6 A, 6 P"
Tyler Eckford,,21,D,25,6-1,205,L/-,1,"September 8, 1985",ca,"0 G, 0 A, 0 P"
Patrik Elias,,26,LW,34,6-1,190,L/-,14,"April 13, 1976",cs,"21 G, 41 A, 62 P"
Mark Fayne,,34,D,23,6-3,212,R/-,R,"May 15, 1987",us,"4 G, 10 A, 14 P"
Mark Fraser,,2,D,24,6-4,220,L/-,2,"September 29, 1986",ca,"0 G, 2 A, 2 P"
Stephen Gionta,,14,RW,27,5-7,175,R/-,R,"October 9, 1983",us,"0 G, 0 A, 0 P"
Andy Greene,,6,D,28,5-11,190,L/-,4,"October 30, 1982",us,"4 G, 19 A, 23 P"
Johan Hedberg,,1,G,37,6-0,190,-/L,9,"May 5, 1973",se,"15-12-2, 2.38 GAA"
Adam Henrique,,14,C,20,6-0,195,L/-,R,"February 6, 1990",ca,"0 G, 0 A, 0 P"
Jacob Josefson,,16,C,19,6-0,190,L/-,R,"March 2, 1991",se,"3 G, 7 A, 10 P"
Ilya Kovalchuk,,17,LW,27,6-3,230,R/-,8,"April 15, 1983",su,"31 G, 29 A, 60 P"
Jamie Langenbrunner,(C),15,RW,35,6-1,205,R/-,15,"July 24, 1975",us,"4 G, 10 A, 14 P"
Jay Leach,,33,D,31,6-5,220,L/-,4,"September 2, 1979",us,"0 G, 0 A, 0 P"
Pierre-Luc Letourneau-Leblond,,22,RW,25,6-2,210,-/-,2,"June 4, 1985",unknown,"0 G, 0 A, 0 P"
Olivier Magnan,,29,D,24,6-2,210,L/-,R,"May 1, 1986",ca,"0 G, 0 A, 0 P"
Adam Mair,,11,C,31,6-1,208,R/-,10,"February 15, 1979",ca,"1 G, 3 A, 4 P"
Mike McKenna,,40,G,27,6-3,195,-/R,1,"April 11, 1983",us,"0-1-0, 3.05 GAA"
Brad Mills,,22,C,27,6-0,195,-/-,R,"May 3, 1983",unknown,"1 G, 0 A, 1 P"
Nick Palmieri,,32,RW,21,6-3,220,-/-,1,"July 12, 1989",us,"9 G, 8 A, 17 P"
Zach Parise,,9,C,26,5-11,196,L/-,5,"July 28, 1984",us,"3 G, 3 A, 6 P"
Rod Pelley,,10,C,26,5-11,200,L/-,3,"September 1, 1984",ca,"3 G, 7 A, 10 P"
Brian Rolston,,12,C,37,6-2,215,L/-,15,"February 21, 1973",us,"14 G, 20 A, 34 P"
Anssi Salmela,,29,D,26,6-1,200,L/-,2,"August 13, 1984",fi,"1 G, 6 A, 7 P"
Tim Sestito,,14,LW,26,5-11,195,L/-,2,"August 28, 1984",us,"0 G, 2 A, 2 P"
David Steckel,,25,C,28,6-6,215,L/-,5,"March 15, 1982",us,"1 G, 0 A, 1 P"
Henrik Tallinder,,7,D,32,6-4,215,L/-,8,"January 10, 1979",se,"5 G, 11 A, 16 P"
Matt Taormina,,20,D,24,5-10,182,L/-,R,"October 20, 1986",us,"3 G, 2 A, 5 P"
Mattias Tedenby,,21,LW,20,5-9,175,L/-,R,"February 21, 1990",se,"8 G, 14 A, 22 P"
Alexander Urbom,,33,D,20,6-5,215,L/-,R,"December 20, 1990",se,"1 G, 0 A, 1 P"
Alexander Vasyunov,,18,LW,22,6-1,205,R/-,R,"April 22, 1988",su,"1 G, 4 A, 5 P"
Anton Volchenkov,,28,D,28,6-1,220,L/-,7,"February 25, 1982",su,"0 G, 8 A, 8 P"
Colin White,,5,D,33,6-4,215,L/-,10,"December 12, 1977",ca,"0 G, 6 A, 6 P"
Travis Zajac,,19,C,25,6-2,185,R/-,4,"May 13, 1985",ca,"13 G, 31 A, 44 P"
Vladimir Zharkov,,18,RW,23,6-1,205,L/-,1,"January 10, 1988",su,"2 G, 2 A, 4 P"
Dainius Zubrus,,8,RW,32,6-5,225,L/-,13,"June 16, 1978",su,"13 G, 17 A, 30 P"
