New York Islanders,NYI,nhl
2010-11,2011
42
82
0
GP,Date,Time,Location,Opponent,GF,GA,Result,Game Ended In,W,L,OL,Streak,S,PIM,PPG,SHG,S,PIM,PPG,SHG,Notes
1,2010-10-09,time unavailable,H,Dallas Stars,4,5,L,SO,0,0,1,L 1,47,12,3,0,22,16,1,0
2,2010-10-11,time unavailable,H,New York Rangers,6,4,W,REG,1,0,1,W 1,32,11,2,0,33,17,2,0
3,2010-10-13,time unavailable,@,Washington Capitals,1,2,L,REG,1,1,1,L 1,24,13,0,0,26,11,1,0
4,2010-10-15,time unavailable,@,Pittsburgh Penguins,2,3,L,OT,1,1,2,L 2,24,19,1,0,29,28,1,0
5,2010-10-16,time unavailable,H,Colorado Avalanche,5,2,W,REG,2,1,2,W 1,25,13,1,1,30,19,0,0
6,2010-10-18,time unavailable,@,Toronto Maple Leafs,2,1,W,OT,3,1,2,W 2,20,11,1,0,30,11,1,0
7,2010-10-21,time unavailable,@,Tampa Bay Lightning,3,2,W,OT,4,1,2,W 3,25,8,1,0,30,10,0,0
8,2010-10-23,time unavailable,@,Florida Panthers,3,4,L,REG,4,2,2,L 1,33,12,2,0,30,10,0,0
9,2010-10-27,time unavailable,@,Montreal Canadiens,3,5,L,REG,4,3,2,L 2,21,11,2,0,35,13,0,1
10,2010-10-29,time unavailable,H,Montreal Canadiens,1,3,L,REG,4,4,2,L 3,31,11,0,0,26,19,1,0
11,2010-10-30,time unavailable,@,Philadelphia Flyers,1,6,L,REG,4,5,2,L 4,31,71,0,1,29,47,2,0
12,2010-11-03,time unavailable,@,Carolina Hurricanes,2,7,L,REG,4,6,2,L 5,33,13,1,0,32,13,1,0
13,2010-11-04,time unavailable,@,Ottawa Senators,1,4,L,REG,4,7,2,L 6,29,11,1,0,27,14,0,0
14,2010-11-06,time unavailable,H,Philadelphia Flyers,1,2,L,REG,4,8,2,L 7,32,4,1,0,26,12,0,0
15,2010-11-10,time unavailable,@,Anaheim Ducks,0,1,L,REG,4,9,2,L 8,27,29,0,0,14,17,0,0
16,2010-11-11,time unavailable,@,San Jose Sharks,1,2,L,SO,4,9,3,L 9,25,10,0,0,38,2,1,0
17,2010-11-13,time unavailable,@,Los Angeles Kings,1,5,L,REG,4,10,3,L 10,19,18,0,0,34,20,1,0
18,2010-11-17,time unavailable,H,Tampa Bay Lightning,2,4,L,REG,4,11,3,L 11,36,20,0,0,40,11,2,0
19,2010-11-20,time unavailable,H,Florida Panthers,1,4,L,REG,4,12,3,L 12,40,12,0,0,31,8,0,0
20,2010-11-21,time unavailable,@,Atlanta Thrashers,1,2,L,OT,4,12,4,L 13,29,8,0,0,35,8,1,0
21,2010-11-24,time unavailable,H,Columbus Blue Jackets,3,4,L,OT,4,12,5,L 14,24,27,0,0,38,13,1,0
22,2010-11-26,time unavailable,H,New Jersey Devils,2,0,W,REG,5,12,5,W 1,20,25,0,0,29,14,0,0
23,2010-12-02,time unavailable,H,New York Rangers,5,6,L,REG,5,13,5,L 1,32,14,0,0,26,12,1,0
24,2010-12-03,time unavailable,@,New York Rangers,0,2,L,REG,5,14,5,L 2,17,29,0,0,21,23,1,0
25,2010-12-05,time unavailable,H,Philadelphia Flyers,2,3,L,REG,5,15,5,L 3,30,8,0,0,27,8,1,0
26,2010-12-09,time unavailable,@,Boston Bruins,2,5,L,REG,5,16,5,L 4,35,20,0,1,37,16,2,1
27,2010-12-11,time unavailable,H,Atlanta Thrashers,4,5,L,REG,5,17,5,L 5,29,15,1,0,35,17,0,1
28,2010-12-13,time unavailable,@,Nashville Predators,0,5,L,REG,5,18,5,L 6,28,8,0,0,26,6,2,0
29,2010-12-16,time unavailable,H,Anaheim Ducks,3,2,W,REG,6,18,5,W 1,29,22,1,0,32,18,1,0
30,2010-12-18,time unavailable,H,Phoenix Coyotes,3,4,L,SO,6,18,6,L 1,44,19,1,0,35,21,1,0
31,2010-12-22,time unavailable,H,Tampa Bay Lightning,2,1,W,OT,7,18,6,W 1,28,12,0,0,35,4,1,0
32,2010-12-23,time unavailable,@,New Jersey Devils,5,1,W,REG,8,18,6,W 2,14,18,1,1,35,12,0,0
33,2010-12-26,time unavailable,H,Montreal Canadiens,4,1,W,REG,9,18,6,W 3,25,6,2,0,39,29,0,0
34,2010-12-27,time unavailable,@,New York Rangers,2,7,L,REG,9,19,6,L 1,20,14,0,0,52,10,2,0
35,2010-12-29,time unavailable,H,Pittsburgh Penguins,2,1,W,SO,10,19,6,W 1,26,23,0,0,38,17,0,0
36,2010-12-31,time unavailable,@,Detroit Red Wings,4,3,W,OT,11,19,6,W 2,23,10,2,0,41,4,0,0
37,2011-01-03,time unavailable,@,Calgary Flames,5,2,W,REG,12,19,6,W 3,26,9,2,0,43,9,0,0
38,2011-01-06,time unavailable,@,Edmonton Oilers,1,2,L,REG,12,20,6,L 1,31,4,0,0,22,16,0,1
39,2011-01-08,time unavailable,@,Colorado Avalanche,4,3,W,OT,13,20,6,W 1,27,6,3,0,37,8,0,0
40,2011-01-09,time unavailable,@,Chicago Blackhawks,0,5,L,REG,13,21,6,L 1,29,12,0,0,45,6,1,0
41,2011-01-11,time unavailable,H,Vancouver Canucks,3,4,L,SO,13,21,7,L 2,41,9,1,0,51,9,0,0
42,2011-01-13,time unavailable,H,Ottawa Senators,4,6,L,REG,13,22,7,L 3,24,8,0,0,38,6,0,1
43,2011-01-15,time unavailable,H,Buffalo Sabres,5,3,W,REG,14,22,7,W 1,37,10,1,1,43,6,2,0
44,2011-01-17,time unavailable,H,New Jersey Devils,2,5,L,REG,14,23,7,L 1,29,14,0,0,27,12,1,0
45,2011-01-20,time unavailable,H,Washington Capitals,1,2,L,REG,14,24,7,L 2,25,4,0,0,24,12,0,0
46,2011-01-21,time unavailable,@,Buffalo Sabres,5,2,W,REG,15,24,7,W 1,29,6,1,0,38,4,0,0
47,2011-01-23,time unavailable,H,Buffalo Sabres,3,5,L,REG,15,25,7,L 1,34,6,1,0,23,10,1,0
48,2011-01-25,time unavailable,@,Pittsburgh Penguins,0,1,L,REG,15,26,7,L 2,29,16,0,0,31,16,0,0
49,2011-01-26,time unavailable,H,Carolina Hurricanes,2,4,L,REG,15,27,7,L 3,25,15,0,0,31,15,0,0
50,2011-02-01,time unavailable,@,Atlanta Thrashers,4,1,W,REG,16,27,7,W 1,33,2,1,0,26,2,0,0
51,2011-02-02,time unavailable,@,Pittsburgh Penguins,0,3,L,REG,16,28,7,L 1,20,58,0,0,23,46,1,0
52,2011-02-05,time unavailable,H,Ottawa Senators,5,3,W,REG,17,28,7,W 1,38,23,1,1,23,19,0,0
53,2011-02-08,time unavailable,H,Toronto Maple Leafs,3,5,L,REG,17,29,7,L 1,34,10,1,0,26,8,0,0
54,2011-02-10,time unavailable,@,Montreal Canadiens,4,3,W,SO,18,29,7,W 1,33,8,0,0,40,10,0,0
55,2011-02-11,time unavailable,H,Pittsburgh Penguins,9,3,W,REG,19,29,7,W 2,36,181,2,1,38,161,3,0
56,2011-02-13,time unavailable,@,Buffalo Sabres,7,6,W,OT,20,29,7,W 3,26,16,2,0,28,12,0,0
57,2011-02-15,time unavailable,@,Ottawa Senators,4,3,W,SO,21,29,7,W 4,28,10,0,1,31,8,2,0
58,2011-02-17,time unavailable,H,Boston Bruins,3,6,L,REG,21,30,7,L 1,37,17,0,0,34,7,1,0
59,2011-02-19,time unavailable,H,Los Angeles Kings,3,0,W,REG,22,30,7,W 1,23,15,0,1,35,13,0,0
60,2011-02-21,time unavailable,H,Florida Panthers,5,1,W,REG,23,30,7,W 2,37,25,1,0,21,26,1,0
61,2011-02-22,time unavailable,@,Toronto Maple Leafs,1,2,L,REG,23,31,7,L 1,29,30,1,0,25,32,0,0
62,2011-02-24,time unavailable,@,Philadelphia Flyers,3,4,L,OT,23,31,8,L 2,35,2,0,0,43,2,0,0
63,2011-02-26,time unavailable,H,Washington Capitals,2,3,L,REG,23,32,8,L 3,31,9,0,0,22,13,0,0
64,2011-03-01,time unavailable,@,Washington Capitals,1,2,L,OT,23,32,9,L 4,29,2,0,0,42,8,0,0
65,2011-03-02,time unavailable,H,Minnesota Wild,4,1,W,REG,24,32,9,W 1,41,34,2,0,34,23,0,0
66,2011-03-05,time unavailable,H,St. Louis Blues,5,2,W,REG,25,32,9,W 2,22,11,0,0,23,15,1,0
67,2011-03-06,time unavailable,H,New Jersey Devils,2,3,L,SO,25,32,10,L 1,22,4,1,0,29,8,1,0
68,2011-03-08,time unavailable,H,Toronto Maple Leafs,4,3,W,OT,26,32,10,W 1,40,6,0,0,27,4,0,0
69,2011-03-11,time unavailable,H,Boston Bruins,4,2,W,REG,27,32,10,W 2,41,8,1,0,28,6,1,0
70,2011-03-12,time unavailable,@,New Jersey Devils,2,3,L,OT,27,32,11,L 1,15,25,0,1,35,7,0,0
71,2011-03-15,time unavailable,@,New York Rangers,3,6,L,REG,27,33,11,L 2,28,23,1,0,47,19,3,1
72,2011-03-18,time unavailable,@,Carolina Hurricanes,2,3,L,OT,27,33,12,L 3,37,4,0,0,35,8,0,0
73,2011-03-19,time unavailable,@,Florida Panthers,4,3,W,SO,28,33,12,W 1,21,14,0,1,32,16,0,0
74,2011-03-22,time unavailable,@,Tampa Bay Lightning,5,2,W,REG,29,33,12,W 2,28,18,1,2,38,10,1,0
75,2011-03-24,time unavailable,H,Atlanta Thrashers,1,2,L,REG,29,34,12,L 1,15,13,0,0,34,15,1,0
76,2011-03-26,time unavailable,H,Philadelphia Flyers,1,4,L,REG,29,35,12,L 2,37,27,0,0,22,23,1,0
77,2011-03-30,time unavailable,@,New Jersey Devils,2,3,L,REG,29,36,12,L 3,29,22,0,1,20,16,0,0
78,2011-03-31,time unavailable,H,New York Rangers,6,2,W,REG,30,36,12,W 1,33,62,0,0,27,50,0,0
79,2011-04-02,time unavailable,H,Carolina Hurricanes,2,4,L,REG,30,37,12,L 1,31,8,0,0,26,8,0,1
80,2011-04-06,time unavailable,@,Boston Bruins,2,3,L,REG,30,38,12,L 2,32,12,1,1,33,6,0,0
81,2011-04-08,time unavailable,H,Pittsburgh Penguins,3,4,L,SO,30,38,13,L 3,38,42,1,0,38,34,1,0
82,2011-04-09,time unavailable,@,Philadelphia Flyers,4,7,L,REG,30,39,13,L 4,36,42,2,0,39,24,1,0

Time,Location,Result,Game Ended In

Josh Bailey,,12,C,21,6-1,210,L/-,2,"October 2, 1989",ca,"11 G, 17 A, 28 P"
Matt Campanale,,55,D,22,5-11,200,L/-,R,"February 14, 1988",us,"0 G, 0 A, 0 P"
Jeremy Colliton,,37,C,26,6-2,195,R/-,4,"January 13, 1985",ca,"2 G, 1 A, 3 P"
Blake Comeau,,57,RW,24,6-1,202,R/-,4,"February 18, 1986",ca,"24 G, 22 A, 46 P"
Justin Dibenedetto,,81,LW,22,6-0,198,L/-,R,"August 25, 1988",ca,"0 G, 1 A, 1 P"
Rick DiPietro,,39,G,29,6-0,185,-/R,8,"September 19, 1981",us,"8-14-4, 3.44 GAA"
Jamie Doornbosch,,29,D,20,6-2,190,L/-,R,"February 1, 1990",ca,"0 G, 0 A, 0 P"
Mark Eaton,,4,D,33,6-1,215,L/-,10,"May 6, 1977",us,"0 G, 3 A, 3 P"
Bruno Gervais,,8,D,26,6-1,200,R/-,5,"October 3, 1984",ca,"0 G, 6 A, 6 P"
Trevor Gillies,,14,LW,32,6-3,231,-/-,2,"January 30, 1979",ca,"2 G, 0 A, 2 P"
Michael Grabner,,40,RW,23,6-1,185,L/-,1,"October 5, 1987",at,"34 G, 18 A, 52 P"
Micheal Haley,,59,C,24,5-10,205,L/-,1,"March 30, 1986",ca,"2 G, 1 A, 3 P"
Travis Hamonic,,36,D,20,6-2,205,R/-,R,"August 16, 1990",ca,"5 G, 21 A, 26 P"
Jack Hillen,,38,D,25,5-10,190,L/-,3,"January 24, 1986",us,"4 G, 18 A, 22 P"
Trent Hunter,,7,RW,30,6-3,217,R/-,7,"July 5, 1980",ca,"1 G, 3 A, 4 P"
Jesse Joensuu,,58,RW,23,6-4,210,L/-,2,"October 5, 1987",fi,"6 G, 3 A, 9 P"
Milan Jurcina,,27,D,27,6-4,253,R/-,5,"June 7, 1983",cs,"4 G, 13 A, 17 P"
Mark Katic,,71,D,21,5-10,191,L/-,R,"May 9, 1989",ca,"0 G, 1 A, 1 P"
Zenon Konopka,,28,C,30,6-0,209,L/-,5,"January 2, 1981",ca,"2 G, 7 A, 9 P"
Mikko Koskinen,,1,G,22,6-6,205,-/L,R,"July 18, 1988",fi,"2-1-0, 4.33 GAA"
Nathan Lawson,,52,G,27,6-2,203,-/L,R,"September 29, 1983",ca,"1-4-2, 4.06 GAA"
Andrew MacDonald,,47,D,24,6-0,204,L/-,2,"September 7, 1986",ca,"4 G, 23 A, 27 P"
Matt Martin,,17,LW,21,6-3,220,L/-,1,"May 8, 1989",ca,"5 G, 9 A, 14 P"
Radek Martinek,,24,D,34,6-0,206,R/-,8,"August 31, 1976",cs,"3 G, 13 A, 16 P"
Al Montoya,,35,G,25,6-2,203,-/L,1,"February 13, 1985",us,"9-5-5, 2.39 GAA"
Mike Mottau,,10,D,32,6-0,190,L/-,6,"March 19, 1978",us,"0 G, 3 A, 3 P"
Matt Moulson,,26,LW,27,6-1,212,L/-,3,"November 1, 1983",ca,"31 G, 22 A, 53 P"
Nino Niederreiter,,25,RW,18,6-2,211,L/-,R,"September 8, 1992",ch,"1 G, 1 A, 2 P"
Frans Nielsen,,51,C,26,6-1,188,L/-,4,"April 24, 1984",dk,"13 G, 31 A, 44 P"
Kyle Okposo,,21,RW,22,6-0,217,R/-,3,"April 16, 1988",us,"5 G, 15 A, 20 P"
P.A. Parenteau,,15,LW,27,6-0,198,R/-,2,"March 24, 1983",ca,"20 G, 33 A, 53 P"
Kevin Poulin,,60,G,20,6-2,211,-/L,R,"April 12, 1990",ca,"4-2-1, 2.44 GAA"
Rhett Rakhshani,,49,RW,22,5-10,182,R/-,R,"March 6, 1988",us,"0 G, 0 A, 0 P"
Dylan Reese,,42,D,26,6-1,201,R/-,1,"August 29, 1984",us,"0 G, 6 A, 6 P"
Dwayne Roloson,,30,G,41,6-1,170,-/L,12,"October 12, 1969",ca,"6-13-1, 2.64 GAA"
Rob Schremp,,44,C,24,5-10,184,L/-,4,"July 1, 1986",us,"10 G, 12 A, 22 P"
Jon Sim,,16,LW,33,5-10,195,L/-,11,"September 29, 1977",ca,"1 G, 3 A, 4 P"
Shane Sims,,55,D,22,6-1,195,R/-,R,"April 30, 1988",us,"0 G, 0 A, 0 P"
John Tavares,,91,C,20,6-1,211,L/-,1,"September 20, 1990",ca,"29 G, 38 A, 67 P"
Doug Weight,(C),93,C,40,5-11,202,L/-,18,"January 21, 1971",us,"2 G, 7 A, 9 P"
Ty Wishart,,6,D,22,6-4,225,L/-,1,"May 19, 1988",ca,"1 G, 4 A, 5 P"
James Wisniewski,,20,D,26,5-11,203,R/-,5,"February 21, 1984",us,"3 G, 18 A, 21 P"
