New York Rangers,NYR,nhl
2010-11,2011
35
82
5
GP,Date,Time,Location,Opponent,GF,GA,Result,Game Ended In,W,L,OL,Streak,S,PIM,PPG,SHG,S,PIM,PPG,SHG,Notes
1,2010-10-09,time unavailable,@,Buffalo Sabres,6,3,W,REG,1,0,0,W 1,28,10,0,1,36,18,1,0
2,2010-10-11,time unavailable,@,New York Islanders,4,6,L,REG,1,1,0,L 1,33,17,2,0,32,11,2,0
3,2010-10-15,time unavailable,H,Toronto Maple Leafs,3,4,L,OT,1,1,1,L 2,24,21,0,0,38,17,1,0
4,2010-10-18,time unavailable,H,Colorado Avalanche,1,3,L,REG,1,2,1,L 3,32,8,0,0,34,14,2,0
5,2010-10-21,time unavailable,@,Toronto Maple Leafs,2,1,W,REG,2,2,1,W 1,32,15,0,0,25,9,0,0
6,2010-10-23,time unavailable,@,Boston Bruins,3,2,W,REG,3,2,1,W 2,30,37,1,0,37,27,1,0
7,2010-10-24,time unavailable,H,New Jersey Devils,3,1,W,REG,4,2,1,W 3,34,8,1,0,28,14,0,0
8,2010-10-27,time unavailable,H,Atlanta Thrashers,4,6,L,REG,4,3,1,L 1,28,6,0,0,26,2,1,0
9,2010-10-29,time unavailable,H,Carolina Hurricanes,3,4,L,REG,4,4,1,L 2,43,10,2,0,38,12,2,0
10,2010-10-30,time unavailable,@,Toronto Maple Leafs,2,0,W,REG,5,4,1,W 1,24,11,0,0,36,7,0,0
11,2010-11-01,time unavailable,H,Chicago Blackhawks,3,2,W,REG,6,4,1,W 2,23,6,1,0,35,6,1,0
12,2010-11-04,time unavailable,@,Philadelphia Flyers,1,4,L,REG,6,5,1,L 1,21,20,1,0,21,18,2,0
13,2010-11-05,time unavailable,@,New Jersey Devils,3,0,W,REG,7,5,1,W 1,20,6,1,1,33,13,0,0
14,2010-11-07,time unavailable,H,St. Louis Blues,0,2,L,REG,7,6,1,L 1,27,13,0,0,22,16,0,0
15,2010-11-09,time unavailable,H,Washington Capitals,3,5,L,REG,7,7,1,L 2,28,15,1,0,24,15,1,0
16,2010-11-11,time unavailable,H,Buffalo Sabres,3,2,W,OT,8,7,1,W 1,28,6,0,0,31,12,0,0
17,2010-11-14,time unavailable,H,Edmonton Oilers,8,2,W,REG,9,7,1,W 2,31,73,0,0,21,81,0,0
18,2010-11-15,time unavailable,@,Pittsburgh Penguins,3,2,W,OT,10,7,1,W 3,25,23,0,1,39,11,0,0
19,2010-11-17,time unavailable,H,Boston Bruins,2,3,L,REG,10,8,1,L 1,36,4,1,0,20,10,0,0
20,2010-11-19,time unavailable,@,Colorado Avalanche,1,5,L,REG,10,9,1,L 2,26,12,0,0,26,20,0,0
21,2010-11-20,time unavailable,@,Minnesota Wild,5,2,W,REG,11,9,1,W 1,30,8,1,0,28,10,0,1
22,2010-11-22,time unavailable,H,Calgary Flames,2,1,W,REG,12,9,1,W 2,24,16,1,0,32,16,0,0
23,2010-11-24,time unavailable,@,Tampa Bay Lightning,3,5,L,REG,12,10,1,L 1,20,31,1,1,34,17,3,0
24,2010-11-26,time unavailable,@,Florida Panthers,3,0,W,REG,13,10,1,W 1,19,15,1,1,40,11,0,0
25,2010-11-27,time unavailable,@,Nashville Predators,2,1,W,SO,14,10,1,W 2,24,18,0,0,30,20,0,0
26,2010-11-29,time unavailable,H,Pittsburgh Penguins,1,3,L,REG,14,11,1,L 1,26,14,0,0,27,18,0,0
27,2010-12-02,time unavailable,@,New York Islanders,6,5,W,REG,15,11,1,W 1,26,12,1,0,32,14,0,0
28,2010-12-03,time unavailable,H,New York Islanders,2,0,W,REG,16,11,1,W 2,21,23,1,0,17,29,0,0
29,2010-12-05,time unavailable,H,Ottawa Senators,1,3,L,REG,16,12,1,L 1,26,2,0,1,25,8,0,1
30,2010-12-09,time unavailable,@,Ottawa Senators,5,3,W,REG,17,12,1,W 1,28,13,1,0,27,23,2,0
31,2010-12-11,time unavailable,@,Columbus Blue Jackets,1,3,L,REG,17,13,1,L 1,33,4,1,0,23,10,1,0
32,2010-12-12,time unavailable,H,Washington Capitals,7,0,W,REG,18,13,1,W 1,20,37,1,1,31,35,0,0
33,2010-12-15,time unavailable,@,Pittsburgh Penguins,4,1,W,REG,19,13,1,W 2,22,11,1,0,28,11,0,0
34,2010-12-16,time unavailable,H,Phoenix Coyotes,4,3,W,SO,20,13,1,W 3,36,8,1,1,33,10,2,0
35,2010-12-18,time unavailable,@,Philadelphia Flyers,1,4,L,REG,20,14,1,L 1,25,13,0,0,39,13,1,0
36,2010-12-23,time unavailable,H,Tampa Bay Lightning,3,4,L,SO,20,14,2,L 2,37,2,0,0,24,2,0,0
37,2010-12-27,time unavailable,H,New York Islanders,7,2,W,REG,21,14,2,W 1,52,10,2,0,20,14,0,0
38,2010-12-29,time unavailable,@,New Jersey Devils,3,1,W,REG,22,14,2,W 2,26,13,0,0,44,13,0,0
39,2011-01-01,time unavailable,@,Tampa Bay Lightning,1,2,L,OT,22,14,3,L 1,35,6,0,0,33,4,0,0
40,2011-01-02,time unavailable,@,Florida Panthers,0,3,L,REG,22,15,3,L 2,32,6,0,0,36,4,1,1
41,2011-01-05,time unavailable,H,Carolina Hurricanes,2,1,W,OT,23,15,3,W 1,35,11,0,0,32,11,0,0
42,2011-01-07,time unavailable,@,Dallas Stars,3,2,W,SO,24,15,3,W 2,31,13,1,1,30,11,1,0
43,2011-01-08,time unavailable,@,St. Louis Blues,2,1,W,REG,25,15,3,W 3,24,10,0,0,25,8,0,0
44,2011-01-11,time unavailable,H,Montreal Canadiens,1,2,L,REG,25,16,3,L 1,26,6,0,0,38,6,0,0
45,2011-01-13,time unavailable,H,Vancouver Canucks,1,0,W,REG,26,16,3,W 1,35,6,1,0,31,6,0,0
46,2011-01-15,time unavailable,@,Montreal Canadiens,2,3,L,REG,26,17,3,L 1,33,15,0,0,41,17,2,0
47,2011-01-16,time unavailable,H,Philadelphia Flyers,2,3,L,REG,26,18,3,L 2,36,17,0,0,27,15,0,1
48,2011-01-19,time unavailable,H,Toronto Maple Leafs,7,0,W,REG,27,18,3,W 1,28,28,2,0,22,43,0,0
49,2011-01-20,time unavailable,@,Carolina Hurricanes,1,4,L,REG,27,19,3,L 1,40,24,0,0,39,24,1,0
50,2011-01-22,time unavailable,@,Atlanta Thrashers,3,2,W,SO,28,19,3,W 1,31,11,0,0,22,9,0,0
51,2011-01-24,time unavailable,@,Washington Capitals,2,1,W,SO,29,19,3,W 2,29,6,0,0,23,6,0,0
52,2011-01-25,time unavailable,H,Florida Panthers,3,4,L,REG,29,20,3,L 1,35,2,1,0,17,8,0,0
53,2011-02-01,time unavailable,H,Pittsburgh Penguins,3,4,L,SO,29,20,4,L 2,29,11,1,0,26,23,1,0
54,2011-02-03,time unavailable,H,New Jersey Devils,2,3,L,REG,29,21,4,L 3,27,11,1,0,18,17,0,0
55,2011-02-05,time unavailable,@,Montreal Canadiens,0,2,L,REG,29,22,4,L 4,35,13,0,0,29,17,0,0
56,2011-02-07,time unavailable,@,Detroit Red Wings,2,3,L,REG,29,23,4,L 5,47,4,0,0,35,10,0,0
57,2011-02-11,time unavailable,@,Atlanta Thrashers,2,3,L,REG,29,24,4,L 6,29,17,1,0,35,13,1,0
58,2011-02-13,time unavailable,H,Pittsburgh Penguins,5,3,W,REG,30,24,4,W 1,31,12,3,0,29,12,1,0
59,2011-02-17,time unavailable,H,Los Angeles Kings,4,3,W,SO,31,24,4,W 2,37,8,0,0,28,8,1,0
60,2011-02-18,time unavailable,@,New Jersey Devils,0,1,L,REG,31,25,4,L 1,16,2,0,0,28,4,0,0
61,2011-02-20,time unavailable,H,Philadelphia Flyers,2,4,L,REG,31,26,4,L 2,39,6,0,0,24,0,1,0
62,2011-02-22,time unavailable,@,Carolina Hurricanes,4,3,W,SO,32,26,4,W 1,46,6,1,0,33,8,0,0
63,2011-02-25,time unavailable,@,Washington Capitals,6,0,W,REG,33,26,4,W 2,28,13,2,0,35,13,0,0
64,2011-02-27,time unavailable,H,Tampa Bay Lightning,1,2,L,REG,33,27,4,L 1,23,12,0,1,19,8,1,0
65,2011-03-01,time unavailable,H,Buffalo Sabres,2,3,L,REG,33,28,4,L 2,31,8,1,0,26,8,2,0
66,2011-03-03,time unavailable,H,Minnesota Wild,1,3,L,REG,33,29,4,L 3,41,2,0,0,19,10,1,0
67,2011-03-04,time unavailable,@,Ottawa Senators,4,1,W,REG,34,29,4,W 1,27,8,0,0,29,10,1,0
68,2011-03-06,time unavailable,H,Philadelphia Flyers,7,0,W,REG,35,29,4,W 2,36,32,2,0,24,22,0,0
69,2011-03-09,time unavailable,@,Anaheim Ducks,2,5,L,REG,35,30,4,L 1,32,6,1,0,33,4,0,0
70,2011-03-12,time unavailable,@,San Jose Sharks,3,2,W,SO,36,30,4,W 1,22,13,0,0,33,9,1,0
71,2011-03-15,time unavailable,H,New York Islanders,6,3,W,REG,37,30,4,W 2,47,19,3,1,28,23,1,0
72,2011-03-18,time unavailable,H,Montreal Canadiens,6,3,W,REG,38,30,4,W 3,31,17,1,0,25,19,1,0
73,2011-03-20,time unavailable,@,Pittsburgh Penguins,5,2,W,REG,39,30,4,W 4,27,6,2,0,40,21,0,1
74,2011-03-22,time unavailable,H,Florida Panthers,1,0,W,REG,40,30,4,W 5,33,0,0,0,22,2,0,0
75,2011-03-24,time unavailable,H,Ottawa Senators,1,2,L,SO,40,30,5,L 1,30,15,0,0,30,15,0,0
76,2011-03-26,time unavailable,@,Boston Bruins,1,0,W,REG,41,30,5,W 1,23,7,0,0,26,13,0,0
77,2011-03-30,time unavailable,@,Buffalo Sabres,0,1,L,REG,41,31,5,L 1,23,4,0,0,35,16,1,0
78,2011-03-31,time unavailable,@,New York Islanders,2,6,L,REG,41,32,5,L 2,27,50,0,0,33,62,0,0
79,2011-04-03,time unavailable,@,Philadelphia Flyers,3,2,W,SO,42,32,5,W 1,34,18,1,0,34,18,0,0
80,2011-04-04,time unavailable,H,Boston Bruins,5,3,W,REG,43,32,5,W 2,26,2,0,0,30,8,0,0
81,2011-04-07,time unavailable,H,Atlanta Thrashers,0,3,L,REG,43,33,5,L 1,29,4,0,0,26,8,0,0
82,2011-04-09,time unavailable,H,New Jersey Devils,5,2,W,REG,44,33,5,W 1,29,2,0,0,26,2,0,0

GP,Date,Time,Location,Opponent,GF,GA,Result,Game Ended In,W,L,Streak,S,PIM,PPG,SHG,S,PIM,PPG,SHG,Notes
1,2011-04-13,time unavailable,@,Washington Capitals,1,2,L,OT,0,1,L 1,25,2,0,0,33,4,0,0
2,2011-04-15,time unavailable,@,Washington Capitals,0,2,L,REG,0,2,L 2,22,8,0,0,18,4,1,0
3,2011-04-17,time unavailable,H,Washington Capitals,3,2,W,REG,1,2,W 1,35,8,1,0,25,16,1,0
4,2011-04-20,time unavailable,H,Washington Capitals,3,4,L,2OT,1,3,L 1,39,8,0,0,53,12,0,0
5,2011-04-23,time unavailable,@,Washington Capitals,1,3,L,REG,1,4,L 2,27,32,0,0,27,10,1,0

Artem Anisimov,,42,C,22,6-4,198,L/-,2,"May 24, 1988",su,"18 G, 26 A, 44 P"
Sean Avery,,16,C,30,5-10,195,L/-,8,"April 10, 1980",ca,"3 G, 21 A, 24 P"
Martin Biron,,43,G,33,6-2,186,-/L,12,"August 15, 1977",ca,"8-6-0, 2.13 GAA"
Derek Boogaard,,94,LW,28,6-7,265,R/-,5,"June 23, 1982",ca,"1 G, 1 A, 2 P"
Brian Boyle,,22,C,26,6-7,243,L/-,3,"December 18, 1984",us,"21 G, 14 A, 35 P"
Ryan Callahan,,24,RW,25,5-10,186,R/-,4,"March 21, 1985",us,"23 G, 25 A, 48 P"
Erik Christensen,,26,C,27,6-1,200,L/-,5,"December 17, 1983",ca,"11 G, 16 A, 27 P"
Michael Del Zotto,,4,D,20,6-0,195,L/-,1,"June 24, 1990",ca,"2 G, 9 A, 11 P"
Chris Drury,(C),23,C,34,5-10,191,R/-,11,"August 20, 1976",us,"1 G, 4 A, 5 P"
Brandon Dubinsky,,17,C,24,6-2,216,L/-,4,"April 29, 1986",us,"24 G, 30 A, 54 P"
Brodie Dupont,,39,C,23,6-2,212,L/-,R,"February 17, 1987",ca,"0 G, 0 A, 0 P"
Steve Eminger,,44,D,27,6-2,207,R/-,7,"October 31, 1983",ca,"2 G, 4 A, 6 P"
Ruslan Fedotenko,,19,LW,32,6-1,200,L/-,9,"January 18, 1979",su,"10 G, 15 A, 25 P"
Alex Frolov,,31,LW,28,6-2,210,R/-,7,"June 19, 1982",su,"7 G, 9 A, 16 P"
Marian Gaborik,,10,RW,28,6-1,205,L/-,9,"February 14, 1982",cs,"22 G, 26 A, 48 P"
Matt Gilroy,,97,D,26,6-1,199,R/-,1,"July 30, 1984",us,"3 G, 8 A, 11 P"
Dan Girardi,,5,D,26,6-1,208,R/-,4,"April 29, 1984",ca,"4 G, 27 A, 31 P"
Evgeny Grachev,,91,C,20,6-4,225,L/-,R,"February 21, 1990",su,"0 G, 0 A, 0 P"
Chad Johnson,,29,G,24,6-3,196,-/L,1,"June 10, 1986",ca,"0-0-0, 6.00 GAA"
Chad Kolarik,,25,RW,25,5-11,185,R/-,1,"January 26, 1986",us,"0 G, 1 A, 1 P"
Henrik Lundqvist,,30,G,28,6-1,188,-/L,5,"March 2, 1982",se,"36-27-5, 2.28 GAA"
Bryan McCabe,,28,D,35,6-2,220,L/-,14,"June 8, 1975",ca,"2 G, 4 A, 6 P"
Ryan McDonagh,,27,D,21,6-1,216,L/-,R,"June 13, 1989",us,"1 G, 8 A, 9 P"
Kris Newbury,,45,C,28,5-11,205,-/-,4,"February 19, 1982",ca,"0 G, 1 A, 1 P"
Vinny Prospal,,20,C,35,6-2,191,L/-,13,"February 17, 1975",cs,"9 G, 14 A, 23 P"
Brandon Prust,,8,LW,26,6-0,195,L/-,3,"March 16, 1984",ca,"13 G, 16 A, 29 P"
Michal Rozsival,,33,D,32,6-1,210,R/-,9,"September 3, 1978",cs,"3 G, 12 A, 15 P"
Michael Sauer,,38,D,23,6-3,213,R/-,1,"August 7, 1987",us,"3 G, 12 A, 15 P"
Marc Staal,,18,D,24,6-4,207,L/-,3,"January 13, 1987",ca,"7 G, 22 A, 29 P"
Derek Stepan,,21,C,20,6-0,196,R/-,R,"June 18, 1990",us,"21 G, 24 A, 45 P"
Dale Weise,,32,RW,22,6-2,206,R/-,R,"August 5, 1988",ca,"0 G, 0 A, 0 P"
Todd White,,12,C,35,5-10,198,L/-,12,"May 21, 1975",ca,"1 G, 1 A, 2 P"
Jeremy Williams,,86,RW,27,6-0,191,R/-,4,"January 26, 1984",ca,"0 G, 0 A, 0 P"
Wojtek Wolski,,86,LW,24,6-3,215,L/-,5,"February 24, 1986",pl,"6 G, 13 A, 19 P"
Mats Zuccarello,,36,LW,23,5-7,179,L/-,R,"September 1, 1987",no,"6 G, 17 A, 23 P"
