Phoenix Coyotes,PHX,nhl
2010-11,2011
33
82
4
GP,Date,Time,Location,Opponent,GF,GA,Result,Game Ended In,W,L,OL,Streak,S,PIM,PPG,SHG,S,PIM,PPG,SHG,Notes
1,2010-10-09,time unavailable,@,Boston Bruins,5,2,W,REG,1,0,0,W 1,37,13,1,0,42,9,1,0,"at Prague, CZ"
2,2010-10-10,time unavailable,H,Boston Bruins,0,3,L,REG,1,1,0,L 1,29,12,0,0,37,6,0,0,"at Prague, CZ"
3,2010-10-16,time unavailable,H,Detroit Red Wings,1,2,L,OT,1,1,1,L 2,26,18,0,0,33,10,1,0
4,2010-10-17,time unavailable,@,Anaheim Ducks,2,3,L,REG,1,2,1,L 3,38,8,0,0,35,6,0,0
5,2010-10-21,time unavailable,H,Los Angeles Kings,4,2,W,REG,2,2,1,W 1,27,4,0,1,30,6,0,0
6,2010-10-23,time unavailable,H,Carolina Hurricanes,3,4,L,OT,2,2,2,L 1,39,11,0,0,41,7,1,1
7,2010-10-25,time unavailable,@,Montreal Canadiens,2,3,L,OT,2,2,3,L 2,29,10,1,0,29,10,1,0
8,2010-10-26,time unavailable,@,Ottawa Senators,2,5,L,REG,2,3,3,L 3,30,10,0,0,36,14,2,0
9,2010-10-28,time unavailable,@,Detroit Red Wings,4,2,W,REG,3,3,3,W 1,36,12,1,1,45,10,1,0
10,2010-10-30,time unavailable,H,Tampa Bay Lightning,0,3,L,REG,3,4,3,L 1,23,33,0,0,23,15,0,0
11,2010-11-03,time unavailable,H,Nashville Predators,4,3,W,REG,4,4,3,W 1,28,10,2,0,31,6,1,0
12,2010-11-05,time unavailable,@,Dallas Stars,3,6,L,REG,4,5,3,L 1,28,12,1,0,31,12,4,0
13,2010-11-06,time unavailable,H,Pittsburgh Penguins,3,4,L,SO,4,5,4,L 2,28,15,0,0,36,13,1,0
14,2010-11-08,time unavailable,@,Detroit Red Wings,2,3,L,OT,4,5,5,L 3,31,8,0,0,40,6,0,0
15,2010-11-10,time unavailable,@,Chicago Blackhawks,2,1,W,REG,5,5,5,W 1,22,7,0,0,36,5,0,0
16,2010-11-12,time unavailable,H,Calgary Flames,5,4,W,REG,6,5,5,W 2,26,8,0,0,35,0,1,0
17,2010-11-13,time unavailable,H,St. Louis Blues,5,3,W,REG,7,5,5,W 3,27,9,3,0,38,17,1,0
18,2010-11-17,time unavailable,@,Calgary Flames,3,1,W,REG,8,5,5,W 4,31,17,1,0,40,36,0,0
19,2010-11-19,time unavailable,@,Edmonton Oilers,4,3,W,SO,9,5,5,W 5,42,12,1,0,30,23,1,1
20,2010-11-21,time unavailable,@,Vancouver Canucks,3,2,W,REG,10,5,5,W 6,28,0,0,0,27,6,0,0
21,2010-11-23,time unavailable,H,Edmonton Oilers,5,0,W,REG,11,5,5,W 7,34,4,1,0,23,4,0,0
22,2010-11-27,time unavailable,H,Anaheim Ducks,4,6,L,REG,11,6,5,L 1,34,6,1,0,25,12,0,0
23,2010-11-30,time unavailable,@,Nashville Predators,0,3,L,REG,11,7,5,L 2,33,14,0,0,23,6,2,0
24,2010-12-01,time unavailable,@,Minnesota Wild,4,2,W,REG,12,7,5,W 1,36,8,0,0,35,6,0,0
25,2010-12-04,time unavailable,H,Florida Panthers,1,2,L,SO,12,7,6,L 1,41,6,1,0,37,6,0,0
26,2010-12-05,time unavailable,@,Anaheim Ducks,3,0,W,REG,13,7,6,W 1,39,15,1,0,26,21,0,0
27,2010-12-09,time unavailable,H,Minnesota Wild,2,3,L,REG,13,8,6,L 1,35,6,1,0,33,4,1,0
28,2010-12-11,time unavailable,H,Dallas Stars,5,2,W,REG,14,8,6,W 1,34,19,1,1,35,13,1,0
29,2010-12-15,time unavailable,@,New Jersey Devils,0,3,L,REG,14,9,6,L 1,29,10,0,0,29,6,1,0
30,2010-12-16,time unavailable,@,New York Rangers,3,4,L,SO,14,9,7,L 2,33,10,2,0,36,8,1,1
31,2010-12-18,time unavailable,@,New York Islanders,4,3,W,SO,15,9,7,W 1,35,21,1,0,44,19,1,0
32,2010-12-20,time unavailable,@,Pittsburgh Penguins,1,6,L,REG,15,10,7,L 1,27,39,0,0,38,35,3,0
33,2010-12-23,time unavailable,@,San Jose Sharks,1,4,L,REG,15,11,7,L 2,25,16,1,0,39,6,3,0
34,2010-12-26,time unavailable,@,Dallas Stars,1,0,W,REG,16,11,7,W 1,25,9,0,0,30,13,0,0
35,2010-12-28,time unavailable,H,Anaheim Ducks,1,3,L,REG,16,12,7,L 1,32,11,1,0,24,17,0,0
36,2010-12-29,time unavailable,H,Los Angeles Kings,6,3,W,REG,17,12,7,W 1,31,9,2,0,26,15,1,0
37,2010-12-31,time unavailable,@,St. Louis Blues,3,4,L,REG,17,13,7,L 1,33,4,0,0,22,6,1,1
38,2011-01-02,time unavailable,@,Minnesota Wild,5,6,L,OT,17,13,8,L 2,44,4,0,0,29,6,1,0
39,2011-01-04,time unavailable,H,Columbus Blue Jackets,4,2,W,REG,18,13,8,W 1,33,8,0,0,28,12,1,0
40,2011-01-06,time unavailable,@,Colorado Avalanche,2,0,W,REG,19,13,8,W 2,33,2,0,0,34,2,0,0
41,2011-01-08,time unavailable,H,Buffalo Sabres,1,2,L,OT,19,13,9,L 1,34,4,0,0,32,8,1,0
42,2011-01-10,time unavailable,@,St. Louis Blues,4,3,W,REG,20,13,9,W 1,33,11,0,0,36,11,0,0
43,2011-01-11,time unavailable,@,Columbus Blue Jackets,4,3,W,REG,21,13,9,W 2,28,10,0,1,40,8,1,0
44,2011-01-13,time unavailable,H,Toronto Maple Leafs,5,1,W,REG,22,13,9,W 3,21,16,2,0,29,16,0,0
45,2011-01-15,time unavailable,H,Anaheim Ducks,6,2,W,REG,23,13,9,W 4,34,11,0,0,28,15,1,0
46,2011-01-17,time unavailable,H,San Jose Sharks,2,4,L,REG,23,14,9,L 1,36,6,0,0,36,8,1,0
47,2011-01-18,time unavailable,H,Nashville Predators,2,5,L,REG,23,15,9,L 2,34,4,1,0,21,10,0,0
48,2011-01-20,time unavailable,@,Los Angeles Kings,2,0,W,REG,24,15,9,W 1,15,12,1,0,36,6,0,0
49,2011-01-22,time unavailable,H,Los Angeles Kings,3,4,L,REG,24,16,9,L 1,26,6,1,0,33,4,0,0
50,2011-01-25,time unavailable,H,Edmonton Oilers,3,4,L,REG,24,17,9,L 2,27,6,1,0,35,6,1,0
51,2011-01-26,time unavailable,@,Colorado Avalanche,5,2,W,REG,25,17,9,W 1,37,10,1,0,31,20,0,0
52,2011-02-01,time unavailable,@,San Jose Sharks,3,5,L,REG,25,18,9,L 1,36,6,1,0,38,16,1,1
53,2011-02-02,time unavailable,H,Vancouver Canucks,0,6,L,REG,25,19,9,L 2,23,12,0,0,33,4,0,0
54,2011-02-05,time unavailable,H,Minnesota Wild,1,0,W,REG,26,19,9,W 1,41,8,0,0,25,6,0,0
55,2011-02-07,time unavailable,H,Colorado Avalanche,3,0,W,REG,27,19,9,W 2,26,17,1,0,26,15,0,0
56,2011-02-09,time unavailable,@,Dallas Stars,3,2,W,OT,28,19,9,W 3,35,8,2,0,18,12,0,0
57,2011-02-12,time unavailable,H,Chicago Blackhawks,3,2,W,SO,29,19,9,W 4,25,8,0,0,33,6,2,0
58,2011-02-14,time unavailable,H,Washington Capitals,3,2,W,REG,30,19,9,W 5,18,10,1,0,31,6,0,0
59,2011-02-17,time unavailable,H,Atlanta Thrashers,4,3,W,REG,31,19,9,W 6,32,6,0,1,36,2,2,0
60,2011-02-19,time unavailable,@,Nashville Predators,3,2,W,REG,32,19,9,W 7,26,10,0,0,32,8,1,0
61,2011-02-22,time unavailable,@,Philadelphia Flyers,3,2,W,OT,33,19,9,W 8,29,15,1,0,39,13,0,0
62,2011-02-23,time unavailable,@,Tampa Bay Lightning,3,8,L,REG,33,20,9,L 1,28,10,0,0,39,6,3,0
63,2011-02-25,time unavailable,@,Columbus Blue Jackets,3,5,L,REG,33,21,9,L 2,28,23,0,0,34,17,3,0
64,2011-02-27,time unavailable,@,Chicago Blackhawks,3,4,L,SO,33,21,10,L 3,29,6,2,0,41,8,2,0
65,2011-03-01,time unavailable,H,Dallas Stars,2,3,L,REG,33,22,10,L 4,27,30,0,0,30,4,1,0
66,2011-03-03,time unavailable,@,Los Angeles Kings,0,1,L,REG,33,23,10,L 5,25,4,0,0,18,6,1,0
67,2011-03-05,time unavailable,H,Detroit Red Wings,5,4,W,SO,34,23,10,W 1,36,6,0,0,26,10,1,1
68,2011-03-08,time unavailable,H,Vancouver Canucks,3,4,L,OT,34,23,11,L 1,34,4,1,0,39,6,1,0
69,2011-03-10,time unavailable,H,Calgary Flames,3,0,W,REG,35,23,11,W 1,32,6,0,0,39,4,0,0
70,2011-03-13,time unavailable,@,Anaheim Ducks,5,2,W,REG,36,23,11,W 2,31,10,0,0,38,6,1,0
71,2011-03-15,time unavailable,@,Calgary Flames,4,3,W,REG,37,23,11,W 3,25,6,0,0,27,4,1,0
72,2011-03-17,time unavailable,@,Edmonton Oilers,3,1,W,REG,38,23,11,W 4,17,18,1,0,36,10,1,0
73,2011-03-18,time unavailable,@,Vancouver Canucks,3,1,W,REG,39,23,11,W 5,29,12,2,0,47,25,0,0
74,2011-03-20,time unavailable,H,Chicago Blackhawks,1,2,L,REG,39,24,11,L 1,23,4,0,0,28,2,2,0
75,2011-03-22,time unavailable,H,St. Louis Blues,2,1,W,REG,40,24,11,W 1,23,12,0,0,30,18,0,0
76,2011-03-24,time unavailable,H,Columbus Blue Jackets,3,0,W,REG,41,24,11,W 2,23,13,1,0,28,15,0,0
77,2011-03-26,time unavailable,H,San Jose Sharks,1,4,L,REG,41,25,11,L 1,27,7,0,0,32,9,0,0
78,2011-03-29,time unavailable,H,Dallas Stars,2,1,W,SO,42,25,11,W 1,27,4,0,0,45,2,1,0
79,2011-04-01,time unavailable,H,Colorado Avalanche,3,4,L,SO,42,25,12,L 1,38,6,1,0,20,12,0,0
80,2011-04-06,time unavailable,@,Los Angeles Kings,2,3,L,SO,42,25,13,L 2,35,6,0,0,33,4,0,0
81,2011-04-08,time unavailable,H,San Jose Sharks,4,3,W,REG,43,25,13,W 1,26,8,1,0,27,12,0,0
82,2011-04-09,time unavailable,@,San Jose Sharks,1,3,L,REG,43,26,13,L 1,36,10,0,0,37,12,2,0

GP,Date,Time,Location,Opponent,GF,GA,Result,Game Ended In,W,L,Streak,S,PIM,PPG,SHG,S,PIM,PPG,SHG,Notes
1,2011-04-13,time unavailable,@,Detroit Red Wings,2,4,L,REG,0,1,L 1,28,11,0,0,36,17,1,0
2,2011-04-16,time unavailable,@,Detroit Red Wings,3,4,L,REG,0,2,L 2,33,14,3,0,31,18,2,0
3,2011-04-18,time unavailable,H,Detroit Red Wings,2,4,L,REG,0,3,L 3,30,10,2,0,34,8,0,0
4,2011-04-20,time unavailable,H,Detroit Red Wings,3,6,L,REG,0,4,L 4,27,6,1,0,39,4,1,0

Adrian Aucoin,,33,D,37,6-2,215,R/-,15,"July 3, 1973",ca,"3 G, 19 A, 22 P"
Eric Belanger,,20,C,33,5-11,185,L/-,9,"December 16, 1977",ca,"13 G, 27 A, 40 P"
Paul Bissonnette,,12,LW,25,6-2,216,L/-,2,"March 11, 1985",ca,"1 G, 0 A, 1 P"
Mikkel Boedker,,89,LW,21,6-0,211,L/-,2,"December 16, 1989",dk,"4 G, 10 A, 14 P"
Ilya Bryzgalov,,30,G,30,6-3,213,-/L,7,"June 22, 1980",su,"36-20-10, 2.48 GAA"
Matt Climie,,31,G,27,6-3,194,-/-,2,"February 11, 1983",unknown,"0-0-0, 1.88 GAA"
Shane Doan,(C),19,RW,34,6-1,223,R/-,14,"October 10, 1976",ca,"20 G, 40 A, 60 P"
Andrew Ebbett,,26,C,28,5-9,174,L/-,3,"January 2, 1983",ca,"2 G, 3 A, 5 P"
Oliver Ekman-Larsson,,23,D,19,6-2,200,L/-,R,"July 17, 1991",se,"1 G, 10 A, 11 P"
Vernon Fiddler,,38,C,30,5-11,205,L/-,7,"May 9, 1980",ca,"6 G, 16 A, 22 P"
Martin Hanzal,,11,C,23,6-6,226,L/-,3,"February 20, 1987",cs,"16 G, 10 A, 26 P"
Ryan Hollweg,,15,C,27,5-10,212,L/-,4,"April 23, 1983",us,"0 G, 0 A, 0 P"
Ed Jovanovski,,55,D,34,6-3,220,L/-,14,"June 26, 1976",ca,"5 G, 9 A, 14 P"
Rostislav Klesla,,16,D,28,6-3,223,L/-,9,"March 21, 1982",cs,"1 G, 0 A, 1 P"
Lauri Korpikoski,,28,LW,24,6-1,193,L/-,2,"July 28, 1986",fi,"19 G, 21 A, 40 P"
Jason LaBarbera,,1,G,31,6-3,232,-/L,6,"January 18, 1980",ca,"7-6-3, 3.26 GAA"
Sami Lepisto,,18,D,26,6-0,193,L/-,3,"October 17, 1984",fi,"4 G, 7 A, 11 P"
Brett Maclean,,39,LW,22,6-2,201,R/-,R,"December 24, 1988",ca,"2 G, 1 A, 3 P"
Derek Morris,,53,D,32,6-0,200,R/-,12,"August 24, 1978",ca,"5 G, 11 A, 16 P"
Petr Prucha,,16,C,28,6-0,175,R/-,5,"September 14, 1982",cs,"0 G, 1 A, 1 P"
Taylor Pyatt,,14,LW,29,6-4,230,L/-,9,"August 19, 1981",ca,"18 G, 13 A, 31 P"
Michal Rozsival,,32,D,32,6-1,210,R/-,9,"September 3, 1978",cs,"3 G, 3 A, 6 P"
David Schlemko,,6,D,23,6-0,190,L/-,2,"May 7, 1987",ca,"4 G, 10 A, 14 P"
Garrett Stafford,,29,D,31,6-1,207,R/-,2,"January 28, 1980",us,"0 G, 0 A, 0 P"
Lee Stempniak,,22,RW,27,5-11,195,R/-,5,"February 4, 1983",us,"19 G, 19 A, 38 P"
Chris Summers,,5,D,22,6-2,209,L/-,R,"February 5, 1988",us,"0 G, 0 A, 0 P"
Kyle Turris,,91,C,21,6-1,190,R/-,2,"August 14, 1989",ca,"11 G, 14 A, 25 P"
Scottie Upshall,,8,RW,27,6-0,200,L/-,7,"October 7, 1983",ca,"16 G, 11 A, 27 P"
Radim Vrbata,,17,RW,29,6-1,194,R/-,8,"June 13, 1981",cs,"19 G, 29 A, 48 P"
Ray Whitney,,13,LW,38,5-10,180,R/-,18,"May 8, 1972",ca,"17 G, 40 A, 57 P"
Wojtek Wolski,,86,LW,24,6-3,215,L/-,5,"February 24, 1986",pl,"6 G, 10 A, 16 P"
Keith Yandle,,3,D,24,6-1,196,L/-,4,"September 9, 1986",us,"11 G, 48 A, 59 P"
Nolan Yonkman,,52,D,29,6-6,253,-/-,3,"April 1, 1981",ca,"0 G, 1 A, 1 P"
