St. Louis Blues,STL,nhl
2010-11,2011
36
82
0
GP,Date,Time,Location,Opponent,GF,GA,Result,Game Ended In,W,L,OL,Streak,S,PIM,PPG,SHG,S,PIM,PPG,SHG,Notes
1,2010-10-09,time unavailable,H,Philadelphia Flyers,2,1,W,OT,1,0,0,W 1,25,23,1,0,30,41,0,0
2,2010-10-11,time unavailable,H,Anaheim Ducks,5,1,W,REG,2,0,0,W 2,53,65,1,1,14,78,1,0
3,2010-10-14,time unavailable,@,Nashville Predators,3,4,L,REG,2,1,0,L 1,35,13,2,0,22,17,2,0
4,2010-10-16,time unavailable,@,Dallas Stars,2,3,L,SO,2,1,1,L 2,43,10,1,0,25,12,0,0
5,2010-10-18,time unavailable,@,Chicago Blackhawks,2,3,L,OT,2,1,2,L 3,34,11,0,0,33,7,1,0
6,2010-10-22,time unavailable,H,Chicago Blackhawks,4,2,W,REG,3,1,2,W 1,28,18,1,0,25,18,1,0
7,2010-10-23,time unavailable,H,Pittsburgh Penguins,1,0,W,OT,4,1,2,W 2,24,13,0,0,31,11,0,0
8,2010-10-28,time unavailable,@,Nashville Predators,3,0,W,REG,5,1,2,W 3,34,8,1,1,24,21,0,0
9,2010-10-30,time unavailable,H,Atlanta Thrashers,4,3,W,SO,6,1,2,W 4,35,14,0,0,28,6,2,0
10,2010-11-04,time unavailable,H,San Jose Sharks,2,0,W,REG,7,1,2,W 5,29,20,0,0,25,41,0,0
11,2010-11-06,time unavailable,@,Boston Bruins,2,1,W,SO,8,1,2,W 6,35,18,0,0,34,30,0,0
12,2010-11-07,time unavailable,@,New York Rangers,2,0,W,REG,9,1,2,W 7,22,16,0,0,27,13,0,0
13,2010-11-10,time unavailable,@,Columbus Blue Jackets,1,8,L,REG,9,2,2,L 1,30,46,0,0,35,46,0,0
14,2010-11-11,time unavailable,H,Nashville Predators,2,3,L,SO,9,2,3,L 2,23,12,0,0,26,12,0,0
15,2010-11-13,time unavailable,@,Phoenix Coyotes,3,5,L,REG,9,3,3,L 3,38,17,1,0,27,9,3,0
16,2010-11-15,time unavailable,@,Colorado Avalanche,3,6,L,REG,9,4,3,L 4,30,37,1,0,23,23,1,0
17,2010-11-17,time unavailable,@,Detroit Red Wings,3,7,L,REG,9,5,3,L 5,36,12,1,0,31,8,2,0
18,2010-11-19,time unavailable,H,Ottawa Senators,5,2,W,REG,10,5,3,W 1,33,8,2,0,20,14,0,0
19,2010-11-20,time unavailable,H,New Jersey Devils,3,2,W,REG,11,5,3,W 2,27,4,1,0,37,6,0,0
20,2010-11-24,time unavailable,@,Nashville Predators,2,1,W,SO,12,5,3,W 3,15,6,0,0,30,6,0,0
21,2010-11-26,time unavailable,@,Dallas Stars,2,3,L,REG,12,6,3,L 1,27,16,0,1,22,12,0,1
22,2010-11-27,time unavailable,H,Dallas Stars,1,2,L,REG,12,7,3,L 2,36,13,0,0,23,11,1,0
23,2010-11-30,time unavailable,@,Chicago Blackhawks,5,7,L,REG,12,8,3,L 3,26,29,0,0,24,27,3,0
24,2010-12-01,time unavailable,H,Washington Capitals,1,4,L,REG,12,9,3,L 4,38,2,0,0,26,8,1,0
25,2010-12-04,time unavailable,@,Edmonton Oilers,1,2,L,OT,12,9,4,L 5,32,9,0,0,26,9,0,0
26,2010-12-05,time unavailable,@,Vancouver Canucks,3,2,W,REG,13,9,4,W 1,28,15,0,0,23,15,0,0
27,2010-12-09,time unavailable,H,Columbus Blue Jackets,4,1,W,REG,14,9,4,W 2,24,19,3,0,28,11,0,0
28,2010-12-11,time unavailable,H,Carolina Hurricanes,1,2,L,SO,14,9,5,L 1,39,9,1,0,29,15,0,0
29,2010-12-15,time unavailable,@,Detroit Red Wings,2,5,L,REG,14,10,5,L 2,21,10,1,0,37,6,2,0
30,2010-12-16,time unavailable,H,Los Angeles Kings,6,4,W,REG,15,10,5,W 1,31,29,2,0,29,35,2,0
31,2010-12-18,time unavailable,H,San Jose Sharks,1,4,L,REG,15,11,5,L 1,22,27,0,0,34,21,1,0
32,2010-12-20,time unavailable,H,Vancouver Canucks,1,3,L,REG,15,12,5,L 2,16,10,0,0,29,6,1,0
33,2010-12-21,time unavailable,@,Atlanta Thrashers,4,2,W,REG,16,12,5,W 1,27,8,0,1,39,8,0,0
34,2010-12-23,time unavailable,H,Detroit Red Wings,4,3,W,REG,17,12,5,W 2,25,8,1,0,38,8,1,0
35,2010-12-26,time unavailable,H,Nashville Predators,2,0,W,REG,18,12,5,W 3,26,0,0,0,32,2,0,0
36,2010-12-28,time unavailable,H,Chicago Blackhawks,3,1,W,REG,19,12,5,W 4,43,9,0,0,26,13,0,0
37,2010-12-31,time unavailable,H,Phoenix Coyotes,4,3,W,REG,20,12,5,W 5,22,6,1,1,33,4,0,0
38,2011-01-02,time unavailable,H,Dallas Stars,2,4,L,REG,20,13,5,L 1,30,14,0,0,27,14,1,0
39,2011-01-06,time unavailable,@,Toronto Maple Leafs,5,6,L,SO,20,13,6,L 2,44,4,0,0,31,2,0,0
40,2011-01-08,time unavailable,H,New York Rangers,1,2,L,REG,20,14,6,L 3,25,8,0,0,24,10,0,0
41,2011-01-10,time unavailable,H,Phoenix Coyotes,3,4,L,REG,20,15,6,L 4,36,11,0,0,33,11,0,0
42,2011-01-12,time unavailable,@,Anaheim Ducks,4,7,L,REG,20,16,6,L 5,34,38,1,0,24,40,3,0
43,2011-01-13,time unavailable,@,Los Angeles Kings,3,1,W,REG,21,16,6,W 1,21,4,0,0,25,2,0,0
44,2011-01-15,time unavailable,@,San Jose Sharks,2,4,L,REG,21,17,6,L 1,30,22,0,0,29,16,2,0
45,2011-01-18,time unavailable,H,Los Angeles Kings,2,1,W,REG,22,17,6,W 1,26,13,1,0,27,15,0,0
46,2011-01-20,time unavailable,H,Detroit Red Wings,3,4,L,OT,22,17,7,L 1,29,2,0,0,29,4,0,0
47,2011-01-22,time unavailable,H,Columbus Blue Jackets,2,5,L,REG,22,18,7,L 2,21,39,1,0,30,25,1,0
48,2011-01-24,time unavailable,@,Colorado Avalanche,3,4,L,REG,22,19,7,L 3,24,15,0,0,32,11,2,0
49,2011-01-26,time unavailable,@,Calgary Flames,1,4,L,REG,22,20,7,L 4,29,6,0,0,20,4,2,0
50,2011-02-04,time unavailable,H,Edmonton Oilers,5,3,W,REG,23,20,7,W 1,26,13,1,0,32,13,0,0
51,2011-02-06,time unavailable,@,Tampa Bay Lightning,3,4,L,OT,23,20,8,L 1,32,10,1,0,40,8,1,0
52,2011-02-08,time unavailable,@,Florida Panthers,2,1,W,REG,24,20,8,W 1,28,13,0,0,31,15,1,0
53,2011-02-11,time unavailable,H,Minnesota Wild,4,5,L,SO,24,20,9,L 1,35,7,0,0,27,11,0,0
54,2011-02-12,time unavailable,@,Minnesota Wild,1,3,L,REG,24,21,9,L 2,25,39,1,0,31,35,1,0
55,2011-02-14,time unavailable,H,Vancouver Canucks,3,2,W,REG,25,21,9,W 1,34,2,2,0,25,10,0,0
56,2011-02-18,time unavailable,@,Buffalo Sabres,3,0,W,REG,26,21,9,W 2,24,6,1,0,25,8,0,0
57,2011-02-19,time unavailable,H,Anaheim Ducks,9,3,W,REG,27,21,9,W 3,23,18,3,1,25,38,0,0
58,2011-02-21,time unavailable,H,Chicago Blackhawks,3,5,L,REG,27,22,9,L 1,34,2,1,0,26,4,1,0
59,2011-02-22,time unavailable,H,Colorado Avalanche,3,4,L,REG,27,23,9,L 2,45,10,1,0,27,4,1,0
60,2011-02-24,time unavailable,@,Vancouver Canucks,2,3,L,REG,27,24,9,L 3,30,7,1,0,27,13,0,0
61,2011-02-25,time unavailable,@,Edmonton Oilers,5,0,W,REG,28,24,9,W 1,22,13,2,0,39,29,0,0
62,2011-02-27,time unavailable,@,Calgary Flames,0,1,L,REG,28,25,9,L 1,27,8,0,0,20,6,0,0
63,2011-03-01,time unavailable,H,Calgary Flames,0,6,L,REG,28,26,9,L 2,25,13,0,0,29,9,2,0
64,2011-03-03,time unavailable,@,Washington Capitals,2,3,L,REG,28,27,9,L 3,27,7,0,0,30,11,0,0
65,2011-03-05,time unavailable,@,New York Islanders,2,5,L,REG,28,28,9,L 4,23,15,1,0,22,11,0,0
66,2011-03-07,time unavailable,H,Columbus Blue Jackets,5,4,W,SO,29,28,9,W 1,36,28,2,0,28,16,1,0
67,2011-03-09,time unavailable,@,Columbus Blue Jackets,4,3,W,OT,30,28,9,W 2,26,8,0,0,22,4,1,0
68,2011-03-10,time unavailable,H,Montreal Canadiens,4,1,W,REG,31,28,9,W 3,27,13,0,1,28,13,0,0
69,2011-03-12,time unavailable,H,Detroit Red Wings,3,5,L,REG,31,29,9,L 1,29,4,0,0,27,8,1,0
70,2011-03-16,time unavailable,@,Anaheim Ducks,1,2,L,REG,31,30,9,L 2,31,6,1,0,24,4,0,0
71,2011-03-17,time unavailable,@,Los Angeles Kings,4,0,W,REG,32,30,9,W 1,39,12,0,0,17,16,0,0
72,2011-03-19,time unavailable,@,San Jose Sharks,3,5,L,REG,32,31,9,L 1,45,6,0,0,34,6,2,0
73,2011-03-22,time unavailable,@,Phoenix Coyotes,1,2,L,REG,32,32,9,L 2,30,18,0,0,23,12,0,0
74,2011-03-24,time unavailable,H,Edmonton Oilers,4,0,W,REG,33,32,9,W 1,30,25,2,0,12,29,0,0
75,2011-03-26,time unavailable,@,Minnesota Wild,6,3,W,REG,34,32,9,W 2,47,2,0,0,16,10,1,0
76,2011-03-29,time unavailable,H,Minnesota Wild,2,3,L,SO,34,32,10,L 1,29,12,1,0,28,12,0,0
77,2011-03-30,time unavailable,@,Detroit Red Wings,10,3,W,REG,35,32,10,W 1,47,6,2,0,44,10,1,0
78,2011-04-01,time unavailable,H,Calgary Flames,2,3,L,REG,35,33,10,L 1,27,14,1,0,25,8,0,0
79,2011-04-03,time unavailable,@,Columbus Blue Jackets,6,1,W,REG,36,33,10,W 1,33,26,1,0,24,26,1,0
80,2011-04-05,time unavailable,H,Colorado Avalanche,3,1,W,REG,37,33,10,W 2,29,70,1,0,27,62,0,0
81,2011-04-06,time unavailable,@,Chicago Blackhawks,3,4,L,OT,37,33,11,L 1,24,8,1,0,39,2,0,0
82,2011-04-09,time unavailable,H,Nashville Predators,2,0,W,REG,38,33,11,W 1,25,2,0,0,24,2,0,0

Time,Location,Result,Game Ended In

David Backes,,42,RW,26,6-3,221,R/-,4,"May 1, 1984",us,"31 G, 31 A, 62 P"
Patrik Berglund,,21,C,22,6-3,217,L/-,2,"June 2, 1988",se,"22 G, 30 A, 52 P"
Ben Bishop,,30,G,24,6-7,216,L/L,1,"November 21, 1986",us,"3-4-0, 2.76 GAA"
Brad Boyes,,22,C,28,6-0,198,R/-,6,"April 17, 1982",ca,"12 G, 29 A, 41 P"
Eric Brewer,(C),4,D,31,6-4,216,L/-,11,"April 17, 1979",ca,"8 G, 6 A, 14 P"
Carlo Colaiacovo,,28,D,28,6-1,202,L/-,7,"January 27, 1983",ca,"6 G, 20 A, 26 P"
Ian Cole,,23,D,21,6-1,219,L/-,R,"February 21, 1989",us,"1 G, 3 A, 4 P"
Ty Conklin,,29,G,34,6-1,185,-/L,7,"March 30, 1976",us,"8-8-4, 3.22 GAA"
Adam Cracknell,,79,RW,25,6-2,210,R/-,R,"July 15, 1985",ca,"3 G, 4 A, 7 P"
B.J. Crombeen,,26,RW,25,6-2,209,R/-,3,"July 10, 1985",us,"7 G, 7 A, 14 P"
Matt D'Agostini,,36,RW,24,6-0,198,R/-,3,"October 23, 1986",ca,"21 G, 25 A, 46 P"
Stefan Della Rovere,,19,LW,20,5-11,205,L/-,R,"February 25, 1990",ca,"0 G, 0 A, 0 P"
Nick Drazenovic,,47,C,24,6-0,192,L/-,R,"January 14, 1987",ca,"0 G, 0 A, 0 P"
Jaroslav Halak,,41,G,25,5-11,181,-/L,4,"May 13, 1985",cs,"27-21-7, 2.48 GAA"
T.J. Hensick,,77,C,25,5-10,190,R/-,3,"December 10, 1985",us,"1 G, 2 A, 3 P"
Barret Jackman,,5,D,29,6-0,203,L/-,8,"March 5, 1981",ca,"0 G, 13 A, 13 P"
Cam Janssen,,55,RW,26,6-0,215,R/-,5,"April 15, 1984",us,"1 G, 3 A, 4 P"
Erik Johnson,,6,D,22,6-4,232,R/-,2,"March 21, 1988",us,"5 G, 14 A, 19 P"
Jay McClement,,18,C,27,6-1,205,L/-,5,"March 2, 1983",ca,"6 G, 10 A, 16 P"
Andy McDonald,,10,C,33,5-10,175,L/-,9,"August 25, 1977",ca,"20 G, 30 A, 50 P"
Philip McRae,,38,C,20,6-2,200,-/-,R,"March 15, 1990",unknown,"1 G, 2 A, 3 P"
Nikita Nikitin,,64,D,24,6-4,217,L/-,R,"June 16, 1986",su,"1 G, 8 A, 9 P"
T.J. Oshie,,74,C,24,5-11,189,R/-,2,"December 23, 1986",us,"12 G, 22 A, 34 P"
Nathan Oystrick,,37,D,28,6-0,210,L/-,2,"December 17, 1982",ca,"1 G, 2 A, 3 P"
David Perron,,57,LW,22,6-0,200,R/-,3,"May 28, 1988",ca,"5 G, 2 A, 7 P"
Alex Pietrangelo,,27,D,21,6-3,210,R/-,2,"January 18, 1990",ca,"11 G, 32 A, 43 P"
Roman Polak,,46,D,24,6-0,237,R/-,4,"April 28, 1986",cs,"3 G, 9 A, 12 P"
Chris Porter,,32,C,26,6-1,206,L/-,1,"May 29, 1984",ca,"3 G, 4 A, 7 P"
Ryan Reaves,,75,RW,24,6-1,224,R/-,R,"January 20, 1987",ca,"2 G, 2 A, 4 P"
Dave Scatchard,,38,C,34,6-3,220,R/-,10,"February 20, 1976",ca,"0 G, 1 A, 1 P"
Kevin Shattenkirk,,12,D,22,6-0,202,R/-,R,"January 29, 1989",us,"2 G, 15 A, 17 P"
Vladimir Sobotka,,17,C,23,5-10,197,L/-,3,"July 2, 1987",cs,"7 G, 22 A, 29 P"
Alex Steen,,20,C,26,5-11,212,L/-,5,"March 1, 1984",ca,"20 G, 31 A, 51 P"
Chris Stewart,,25,RW,23,6-2,231,R/-,2,"October 30, 1987",ca,"15 G, 8 A, 23 P"
Tyson Strachan,,33,RW,26,6-3,215,R/-,2,"October 30, 1984",ca,"0 G, 1 A, 1 P"
Brad Winchester,,15,LW,29,6-5,230,L/-,5,"March 1, 1981",us,"9 G, 5 A, 14 P"
