Vancouver Canucks,VAN,nhl
2010-11,2011
39
82
7,6,5,7
GP,Date,Time,Location,Opponent,GF,GA,Result,Game Ended In,W,L,OL,Streak,S,PIM,PPG,SHG,S,PIM,PPG,SHG,Notes
1,2010-10-09,time unavailable,H,Los Angeles Kings,1,2,L,SO,0,0,1,L 1,24,10,1,0,32,10,1,0
2,2010-10-11,time unavailable,H,Florida Panthers,2,1,W,REG,1,0,1,W 1,35,6,0,0,42,0,0,0
3,2010-10-13,time unavailable,@,Anaheim Ducks,3,4,L,REG,1,1,1,L 1,39,25,2,0,32,11,2,0
4,2010-10-15,time unavailable,@,Los Angeles Kings,1,4,L,REG,1,2,1,L 2,26,25,0,0,19,15,0,0
5,2010-10-17,time unavailable,H,Carolina Hurricanes,5,1,W,REG,2,2,1,W 1,28,14,2,0,33,14,0,0
6,2010-10-19,time unavailable,@,Minnesota Wild,2,6,L,REG,2,3,1,L 1,27,23,1,0,24,19,3,0
7,2010-10-20,time unavailable,@,Chicago Blackhawks,1,2,L,SO,2,3,2,L 2,37,8,1,0,32,8,0,0
8,2010-10-22,time unavailable,H,Minnesota Wild,5,1,W,REG,3,3,2,W 1,35,13,0,0,24,15,0,0
9,2010-10-26,time unavailable,H,Colorado Avalanche,4,3,W,OT,4,3,2,W 2,31,9,1,0,39,11,0,0
10,2010-11-01,time unavailable,H,New Jersey Devils,3,0,W,REG,5,3,2,W 3,23,11,0,0,30,13,0,0
11,2010-11-02,time unavailable,@,Edmonton Oilers,4,3,W,REG,6,3,2,W 4,30,6,2,0,26,8,0,0
12,2010-11-04,time unavailable,@,Colorado Avalanche,3,1,W,REG,7,3,2,W 5,36,9,3,0,34,13,0,0
13,2010-11-06,time unavailable,H,Detroit Red Wings,6,4,W,REG,8,3,2,W 6,34,11,2,1,28,15,1,0
14,2010-11-09,time unavailable,@,Montreal Canadiens,0,2,L,REG,8,4,2,L 1,34,8,0,0,29,8,1,0
15,2010-11-11,time unavailable,@,Ottawa Senators,6,2,W,REG,9,4,2,W 1,33,22,0,0,35,18,0,0
16,2010-11-13,time unavailable,@,Toronto Maple Leafs,5,3,W,REG,10,4,2,W 2,32,13,2,0,32,13,1,0
17,2010-11-15,time unavailable,@,Buffalo Sabres,3,4,L,OT,10,4,3,L 1,39,10,2,0,39,8,0,0
18,2010-11-17,time unavailable,@,Pittsburgh Penguins,1,3,L,REG,10,5,3,L 2,30,9,0,0,29,15,0,1
19,2010-11-20,time unavailable,H,Chicago Blackhawks,1,7,L,REG,10,6,3,L 3,28,16,1,0,41,8,1,0
20,2010-11-21,time unavailable,H,Phoenix Coyotes,2,3,L,REG,10,7,3,L 4,27,6,0,0,28,0,0,0
21,2010-11-24,time unavailable,H,Colorado Avalanche,4,2,W,REG,11,7,3,W 1,19,10,0,0,23,8,1,0
22,2010-11-26,time unavailable,H,San Jose Sharks,6,1,W,REG,12,7,3,W 2,32,2,0,0,33,2,0,0
23,2010-12-01,time unavailable,@,Calgary Flames,7,2,W,REG,13,7,3,W 3,36,13,3,1,20,36,0,0
24,2010-12-03,time unavailable,@,Chicago Blackhawks,3,0,W,REG,14,7,3,W 4,18,8,1,0,32,10,0,0
25,2010-12-05,time unavailable,H,St. Louis Blues,2,3,L,REG,14,8,3,L 1,23,15,0,0,28,15,0,0
26,2010-12-08,time unavailable,H,Anaheim Ducks,5,4,W,SO,15,8,3,W 1,40,18,2,0,20,34,2,0
27,2010-12-11,time unavailable,H,Tampa Bay Lightning,4,5,L,OT,15,8,4,L 1,27,6,2,0,23,6,2,0
28,2010-12-12,time unavailable,@,Edmonton Oilers,2,1,W,REG,16,8,4,W 1,32,8,0,0,12,8,1,0
29,2010-12-15,time unavailable,H,Columbus Blue Jackets,3,2,W,OT,17,8,4,W 2,30,6,1,0,30,10,1,0
30,2010-12-18,time unavailable,H,Toronto Maple Leafs,4,1,W,REG,18,8,4,W 3,29,8,0,0,28,12,0,0
31,2010-12-20,time unavailable,@,St. Louis Blues,3,1,W,REG,19,8,4,W 4,29,6,1,0,16,10,0,0
32,2010-12-22,time unavailable,@,Detroit Red Wings,4,5,L,OT,19,8,5,L 1,39,8,2,0,45,6,1,0
33,2010-12-23,time unavailable,@,Columbus Blue Jackets,7,3,W,REG,20,8,5,W 1,30,6,1,0,27,14,0,0
34,2010-12-26,time unavailable,H,Edmonton Oilers,3,2,W,REG,21,8,5,W 2,33,8,0,0,21,8,0,0
35,2010-12-28,time unavailable,H,Philadelphia Flyers,6,2,W,REG,22,8,5,W 3,49,19,1,0,37,23,1,0
36,2010-12-31,time unavailable,@,Dallas Stars,4,1,W,REG,23,8,5,W 4,22,20,3,0,45,22,1,0
37,2011-01-02,time unavailable,@,Colorado Avalanche,2,1,W,REG,24,8,5,W 5,29,18,0,0,32,14,0,0
38,2011-01-03,time unavailable,@,San Jose Sharks,4,3,W,REG,25,8,5,W 6,47,14,1,0,35,16,1,0
39,2011-01-05,time unavailable,H,Calgary Flames,3,1,W,REG,26,8,5,W 7,21,6,0,0,44,4,0,0
40,2011-01-07,time unavailable,H,Edmonton Oilers,6,1,W,REG,27,8,5,W 8,34,14,2,0,24,14,0,0
41,2011-01-08,time unavailable,H,Detroit Red Wings,1,2,L,SO,27,8,6,L 1,35,10,1,0,33,10,1,0
42,2011-01-11,time unavailable,@,New York Islanders,4,3,W,SO,28,8,6,W 1,51,9,0,0,41,9,1,0
43,2011-01-13,time unavailable,@,New York Rangers,0,1,L,REG,28,9,6,L 1,31,6,0,0,35,6,1,0
44,2011-01-14,time unavailable,@,Washington Capitals,4,2,W,REG,29,9,6,W 1,35,6,1,0,27,4,0,0
45,2011-01-16,time unavailable,@,Minnesota Wild,0,4,L,REG,29,10,6,L 1,32,16,0,0,25,18,1,1
46,2011-01-18,time unavailable,@,Colorado Avalanche,3,4,L,OT,29,10,7,L 2,43,10,2,0,30,6,3,0
47,2011-01-20,time unavailable,H,San Jose Sharks,1,2,L,SO,29,10,8,L 3,37,9,0,0,46,15,0,0
48,2011-01-22,time unavailable,H,Calgary Flames,3,4,L,SO,29,10,9,L 4,44,17,0,1,33,13,1,0
49,2011-01-24,time unavailable,H,Dallas Stars,7,1,W,REG,30,10,9,W 1,36,26,3,0,26,32,0,0
50,2011-01-26,time unavailable,H,Nashville Predators,2,1,W,REG,31,10,9,W 2,35,10,0,0,27,8,0,0
51,2011-02-01,time unavailable,@,Dallas Stars,4,1,W,REG,32,10,9,W 3,26,10,2,1,26,6,0,0
52,2011-02-02,time unavailable,@,Phoenix Coyotes,6,0,W,REG,33,10,9,W 4,33,4,0,0,23,12,0,0
53,2011-02-04,time unavailable,H,Chicago Blackhawks,4,3,W,REG,34,10,9,W 5,32,12,2,0,45,10,0,0
54,2011-02-07,time unavailable,H,Ottawa Senators,4,2,W,REG,35,10,9,W 6,30,23,0,0,33,11,0,0
55,2011-02-09,time unavailable,H,Anaheim Ducks,3,4,L,REG,35,11,9,L 1,38,4,1,0,24,2,0,0
56,2011-02-12,time unavailable,H,Calgary Flames,4,2,W,REG,36,11,9,W 1,33,6,2,0,26,6,0,0
57,2011-02-14,time unavailable,@,St. Louis Blues,2,3,L,REG,36,12,9,L 1,25,10,0,0,34,2,2,0
58,2011-02-15,time unavailable,@,Minnesota Wild,4,1,W,REG,37,12,9,W 1,14,10,1,1,29,4,1,0
59,2011-02-17,time unavailable,@,Nashville Predators,1,3,L,REG,37,13,9,L 1,36,4,1,0,26,8,0,0
60,2011-02-19,time unavailable,H,Dallas Stars,5,2,W,REG,38,13,9,W 1,38,13,0,0,24,11,0,0
61,2011-02-22,time unavailable,H,Montreal Canadiens,2,3,L,REG,38,14,9,L 1,39,6,2,0,25,12,0,0
62,2011-02-24,time unavailable,H,St. Louis Blues,3,2,W,REG,39,14,9,W 1,27,13,0,0,30,7,1,0
63,2011-02-26,time unavailable,H,Boston Bruins,1,3,L,REG,39,15,9,L 1,28,4,0,0,25,6,0,0
64,2011-03-01,time unavailable,H,Columbus Blue Jackets,2,1,W,SO,40,15,9,W 1,26,10,0,0,31,8,0,0
65,2011-03-03,time unavailable,H,Nashville Predators,0,3,L,REG,40,16,9,L 1,29,4,0,0,29,4,0,0
66,2011-03-05,time unavailable,@,Los Angeles Kings,3,1,W,REG,41,16,9,W 1,36,16,0,0,22,26,0,0
67,2011-03-06,time unavailable,@,Anaheim Ducks,3,0,W,REG,42,16,9,W 2,16,14,1,0,26,12,0,0
68,2011-03-08,time unavailable,@,Phoenix Coyotes,4,3,W,OT,43,16,9,W 3,39,6,1,0,34,4,1,0
69,2011-03-10,time unavailable,@,San Jose Sharks,5,4,W,SO,44,16,9,W 4,28,20,2,0,48,18,1,0
70,2011-03-12,time unavailable,@,Calgary Flames,4,3,W,REG,45,16,9,W 5,32,4,2,0,23,4,0,0
71,2011-03-14,time unavailable,H,Minnesota Wild,4,2,W,REG,46,16,9,W 6,22,12,2,0,35,4,0,0
72,2011-03-16,time unavailable,H,Colorado Avalanche,4,2,W,REG,47,16,9,W 7,40,2,0,0,29,2,1,0
73,2011-03-18,time unavailable,H,Phoenix Coyotes,1,3,L,REG,47,17,9,L 1,47,25,0,0,29,12,2,0
74,2011-03-23,time unavailable,@,Detroit Red Wings,2,1,W,REG,48,17,9,W 1,33,8,1,0,40,8,1,0
75,2011-03-25,time unavailable,@,Atlanta Thrashers,3,1,W,REG,49,17,9,W 2,26,8,0,1,31,2,0,0
76,2011-03-27,time unavailable,@,Columbus Blue Jackets,4,1,W,REG,50,17,9,W 3,24,10,2,0,40,8,0,0
77,2011-03-29,time unavailable,@,Nashville Predators,3,1,W,REG,51,17,9,W 4,32,10,0,0,17,8,0,0
78,2011-03-31,time unavailable,H,Los Angeles Kings,3,1,W,REG,52,17,9,W 5,35,6,1,0,19,23,0,0
79,2011-04-02,time unavailable,H,Edmonton Oilers,1,4,L,REG,52,18,9,L 1,41,11,0,0,34,13,2,0
80,2011-04-05,time unavailable,@,Edmonton Oilers,0,2,L,REG,52,19,9,L 2,26,34,0,0,22,13,2,0
81,2011-04-07,time unavailable,H,Minnesota Wild,5,0,W,REG,53,19,9,W 1,28,8,1,0,29,16,0,0
82,2011-04-09,time unavailable,@,Calgary Flames,3,2,W,OT,54,19,9,W 2,39,20,1,0,36,10,2,0

GP,Date,Time,Location,Opponent,GF,GA,Result,Game Ended In,W,L,Streak,S,PIM,PPG,SHG,S,PIM,PPG,SHG,Notes
1,2011-04-13,time unavailable,H,Chicago Blackhawks,2,0,W,REG,1,0,W 1,33,8,0,0,32,6,0,0
2,2011-04-15,time unavailable,H,Chicago Blackhawks,4,3,W,REG,2,0,W 2,27,4,1,0,26,4,0,0
3,2011-04-17,time unavailable,@,Chicago Blackhawks,3,2,W,REG,3,0,W 3,26,14,1,0,32,4,2,0
4,2011-04-19,time unavailable,@,Chicago Blackhawks,2,7,L,REG,3,1,L 1,23,59,2,0,35,37,2,0
5,2011-04-21,time unavailable,H,Chicago Blackhawks,0,5,L,REG,3,2,L 2,36,27,0,0,26,15,2,0
6,2011-04-24,time unavailable,@,Chicago Blackhawks,3,4,L,OT,3,3,L 3,35,10,0,0,33,6,0,0
7,2011-04-26,time unavailable,H,Chicago Blackhawks,2,1,W,OT,4,3,W 1,38,4,0,0,32,4,0,1
8,2011-04-28,time unavailable,H,Nashville Predators,1,0,W,REG,5,3,W 2,30,8,0,0,20,10,0,0
9,2011-04-30,time unavailable,H,Nashville Predators,1,2,L,2OT,5,4,L 1,33,6,0,1,46,2,0,0
10,2011-05-03,time unavailable,@,Nashville Predators,3,2,W,OT,6,4,W 1,47,6,2,0,30,8,0,1
11,2011-05-05,time unavailable,@,Nashville Predators,4,2,W,REG,7,4,W 2,28,8,1,0,21,8,1,0
12,2011-05-07,time unavailable,H,Nashville Predators,3,4,L,REG,7,5,L 1,34,4,0,0,23,8,0,1
13,2011-05-09,time unavailable,@,Nashville Predators,2,1,W,REG,8,5,W 1,19,12,1,0,24,8,0,0
14,2011-05-15,time unavailable,H,San Jose Sharks,3,2,W,REG,9,5,W 2,38,4,1,0,29,10,1,0
15,2011-05-18,time unavailable,H,San Jose Sharks,7,3,W,REG,10,5,W 3,38,41,3,0,31,51,2,0
16,2011-05-20,time unavailable,@,San Jose Sharks,3,4,L,REG,10,6,L 1,30,32,2,0,38,23,3,0
17,2011-05-22,time unavailable,@,San Jose Sharks,4,2,W,REG,11,6,W 1,13,10,3,0,35,10,0,0
18,2011-05-24,time unavailable,H,San Jose Sharks,3,2,W,2OT,12,6,W 2,34,6,0,0,56,2,1,0
19,2011-06-01,time unavailable,H,Boston Bruins,1,0,W,REG,13,6,W 3,34,14,0,0,36,14,0,0
20,2011-06-04,time unavailable,H,Boston Bruins,3,2,W,OT,14,6,W 4,33,6,1,0,30,4,1,0
21,2011-06-06,time unavailable,@,Boston Bruins,1,8,L,REG,14,7,L 1,41,70,0,0,38,75,2,2
22,2011-06-08,time unavailable,@,Boston Bruins,0,4,L,REG,14,8,L 2,38,26,0,0,29,40,0,0
23,2011-06-10,time unavailable,H,Boston Bruins,1,0,W,REG,15,8,W 1,25,10,0,0,31,8,0,0
24,2011-06-13,time unavailable,@,Boston Bruins,2,5,L,REG,15,9,L 1,38,32,1,0,40,36,2,0
25,2011-06-15,time unavailable,H,Boston Bruins,0,4,L,REG,15,10,L 2,37,2,0,0,21,4,0,1

Andrew Alberts,,41,D,29,6-5,206,L/-,5,"June 30, 1981",us,"1 G, 6 A, 7 P"
Jonas Andersson,,24,RW,29,6-3,204,L/-,1,"February 24, 1981",se,"0 G, 0 A, 0 P"
Keith Ballard,,4,D,28,5-11,208,L/-,5,"November 26, 1982",us,"2 G, 5 A, 7 P"
Kevin Bieksa,,3,D,29,6-1,200,R/-,5,"June 16, 1981",ca,"6 G, 16 A, 22 P"
Mario Bliznak,,62,C,23,6-0,185,L/-,1,"March 6, 1987",cs,"1 G, 0 A, 1 P"
Alexandre Bolduc,,49,C,25,6-3,200,L/-,2,"June 26, 1985",ca,"2 G, 2 A, 4 P"
Alexandre Burrows,,14,LW,29,6-1,188,L/-,5,"April 11, 1981",ca,"26 G, 22 A, 48 P"
Guillaume Desbiens,,34,D,25,6-3,216,R/-,1,"April 20, 1985",ca,"0 G, 0 A, 0 P"
Alexander Edler,,23,D,24,6-3,215,L/-,4,"April 21, 1986",se,"8 G, 25 A, 33 P"
Christian Ehrhoff,,5,D,28,6-2,201,L/-,6,"July 6, 1982",de,"14 G, 36 A, 50 P"
Tanner Glass,,15,LW,27,6-1,213,L/-,3,"November 29, 1983",ca,"3 G, 7 A, 10 P"
Dan Hamhuis,,2,D,28,6-1,209,L/-,6,"December 13, 1982",ca,"6 G, 17 A, 23 P"
Jannik Hansen,,36,LW,24,6-1,195,R/-,3,"March 15, 1986",dk,"9 G, 20 A, 29 P"
Chris Higgins,,20,C,27,6-0,205,L/-,6,"June 2, 1983",us,"2 G, 3 A, 5 P"
Cody Hodgson,,39,C,20,6-0,192,R/-,R,"February 18, 1990",ca,"1 G, 1 A, 2 P"
Ryan Kesler,,17,C,26,6-2,202,R/-,6,"August 31, 1984",us,"41 G, 32 A, 73 P"
Maxim Lapierre,,40,C,25,6-2,215,R/-,5,"March 29, 1985",ca,"1 G, 0 A, 1 P"
Roberto Luongo,,1,G,31,6-3,217,-/L,10,"April 4, 1979",ca,"38-15-7, 2.11 GAA"
Manny Malhotra,,27,C,30,6-2,220,L/-,11,"May 18, 1980",ca,"11 G, 19 A, 30 P"
Evan Oberg,,64,D,22,6-0,165,-/-,1,"February 16, 1988",unknown,"0 G, 0 A, 0 P"
Victor Oreskovich,,38,D,24,6-3,215,R/-,1,"August 15, 1986",ca,"0 G, 3 A, 3 P"
Ryan Parent,,20,D,23,6-3,198,L/-,4,"March 17, 1987",ca,"0 G, 0 A, 0 P"
Joel Perrault,,32,C,27,6-2,212,R/-,5,"April 6, 1983",ca,"0 G, 0 A, 0 P"
Mason Raymond,,21,LW,25,6-1,179,L/-,3,"September 17, 1985",ca,"15 G, 24 A, 39 P"
Aaron Rome,,29,D,27,6-1,218,L/-,4,"September 27, 1983",ca,"1 G, 4 A, 5 P"
Rick Rypien,,37,C,26,5-11,190,R/-,5,"May 16, 1984",ca,"0 G, 1 A, 1 P"
Sami Salo,,6,D,36,6-3,215,R/-,11,"September 2, 1974",fi,"3 G, 4 A, 7 P"
Mikael Samuelsson,,26,RW,34,6-2,218,R/-,9,"December 23, 1976",se,"18 G, 32 A, 50 P"
Yann Sauve,,47,D,20,6-3,213,L/-,R,"February 18, 1990",ca,"0 G, 0 A, 0 P"
Peter Schaefer,,18,LW,33,6-1,200,L/-,8,"July 12, 1977",ca,"1 G, 1 A, 2 P"
Cory Schneider,,35,G,24,6-3,205,-/L,2,"March 18, 1986",us,"16-4-2, 2.23 GAA"
Daniel Sedin,,22,LW,30,6-1,187,L/-,9,"September 26, 1980",se,"41 G, 63 A, 104 P"
Henrik Sedin,(C),33,C,30,6-2,188,L/-,9,"September 26, 1980",se,"19 G, 75 A, 94 P"
Sergei Shirokov,,25,LW,24,5-10,195,R/-,1,"March 10, 1986",su,"1 G, 0 A, 1 P"
Lee Sweatt,,57,D,25,5-9,195,R/-,R,"August 13, 1985",us,"1 G, 1 A, 2 P"
Jeff Tambellini,,10,LW,26,5-11,186,L/-,5,"April 13, 1984",ca,"9 G, 8 A, 17 P"
Chris Tanev,,18,D,21,6-2,185,R/-,R,"December 20, 1989",ca,"0 G, 1 A, 1 P"
Raffi Torres,,13,LW,29,6-0,210,L/-,8,"October 8, 1981",ca,"14 G, 15 A, 29 P"
Aaron Volpatti,,54,RW,25,6-0,215,L/-,R,"May 30, 1985",ca,"1 G, 1 A, 2 P"
