Chiefs,fall2014,Ice Hockey: Chiefs (All Star)
7,6,6,1,1
Sun Sep 21 @ 10:00 pm,Columbia Icefield Arena,won,4,1,3,Worriers
Sun Oct 5 @ 11:00 pm,Columbia Icefield Arena,won,4,2,3,AM Lumber 2.0
Tue Oct 7 @ 10:00 pm,Columbia Icefield Arena,won,7,1,3,All Star Indies 1
Wed Oct 22 @ 11:00 pm,Columbia Icefield Arena,won,5,4,3,Sharp Dressed Men
Sun Oct 26 @ 12:00 pm,Columbia Icefield Arena,won,3,0,avg.,All-Star Indies 2
Mon Nov 3 @ 11:00 pm,Columbia Icefield Arena,won,7,1,3,All Star Indies 1
Tue Nov 18 @ 10:00 pm,Columbia Icefield Arena,lost,3,4,2,Sharp Dressed Men

Timothy Abraham,Jacob Adams,Douglas Allingham,Taishi Asama,Douglas Bonar,Gregory Degroote,Tyler Green,Sam Hogenhout,Robert Little,Lucas McKernan,Clyde Noronha,Joseph Pendleton,Jack St Louis,Philip Stalder,Ryan Murdoch
