Squirtin’ Tunas,fall2014,Ice Hockey: Squirtin’ Tunas (All Star)
8,6,6,2,2
Thu Sep 18 @ 11:00 pm,Columbia Icefield Arena,tie,0,0,1,Sharp Dressed Men
Thu Sep 25 @ 11:00 pm,Columbia Icefield Arena,won,7,4,3,All-Star Indies 2
Sun Oct 19 @ 9:00 pm,Columbia Icefield Arena,won,6,0,3,Worriers
Thu Oct 23 @ 11:00 pm,Columbia Icefield Arena,lost,2,8,3,AM Lumber 2.0
Sun Nov 2 @ 9:00 pm,Columbia Icefield Arena,won,6,2,3,Worriers
Thu Nov 6 @ 11:00 pm,Columbia Icefield Arena,won,7,1,3,All Star Indies 1
Sun Nov 16 @ 9:00 pm,Columbia Icefield Arena,won,6,1,1,Worriers
Thu Nov 20 @ 9:00 pm,Columbia Icefield Arena,lost,2,4,2,AM Lumber 2.0

Benjamin Balfour,Jason Baum,Jordan Bentz,Adam Birch,Jon Bundrea,Adam Cranley,Daniel Gottfried,Carson Low,Curtis Mosier,Cole Nelson,Cameron Richardson,Coby Samuels,Michael Vitelli,Liam Stanfield
