All Star Indies 1,fall2014,Ice Hockey: All Star Indies 1 (All Star)
7,6,6,1,1
Mon Sep 22 @ 10:00 pm,Columbia Icefield Arena,lost,1,6,3,AM Lumber 2.0
Tue Oct 7 @ 10:00 pm,Columbia Icefield Arena,lost,1,7,3,Chiefs
Tue Oct 14 @ 11:00 pm,Columbia Icefield Arena,lost,2,7,3,Sharp Dressed Men
Sun Oct 19 @ 10:00 pm,Columbia Icefield Arena,lost,2,3,0,All-Star Indies 2
Mon Nov 3 @ 11:00 pm,Columbia Icefield Arena,lost,1,7,3,Chiefs
Thu Nov 6 @ 11:00 pm,Columbia Icefield Arena,lost,1,7,3,Squirtin’ Tunas
Wed Nov 12 @ 9:00 pm,Columbia Icefield Arena,lost,0,3,0,AM Lumber 2.0

Sean Chih,Nicholas Doucette,Marie-Elizabeth Duguay,Brianne Hofstede,Adam Hunter,James Jones,Lukas Marek,Julian Rossi,Wade Shields,Jesse Stremler,Evan Uba,Dylan Yip-Chuck
