Chicago Black Hawks,CBH,nhl
1927-28,1928
24
44
0
GP,Date,Time,Location,Opponent,GF,GA,Result,Game Ended In,W,L,T,Streak,Notes
1,1927-11-15,time unavailable,@,Boston Bruins,1,1,T,OT,0,0,1,T 1
2,1927-11-17,time unavailable,@,Montreal Maroons,3,2,W,REG,1,0,1,W 1
3,1927-11-19,time unavailable,@,Toronto Maple Leafs,2,4,L,REG,1,1,1,L 1
4,1927-11-23,time unavailable,H,Ottawa Senators,0,2,L,REG,1,2,1,L 2
5,1927-11-26,time unavailable,H,Detroit Cougars,0,0,T,OT,1,2,2,T 1
6,1927-11-30,time unavailable,H,Montreal Canadiens,2,5,L,REG,1,3,2,L 1
7,1927-12-01,time unavailable,@,Detroit Cougars,1,3,L,REG,1,4,2,L 2
8,1927-12-03,time unavailable,H,New York Rangers,4,2,W,REG,2,4,2,W 1
9,1927-12-07,time unavailable,H,New York Americans,1,2,L,REG,2,5,2,L 1
10,1927-12-10,time unavailable,H,Boston Bruins,0,2,L,REG,2,6,2,L 2
11,1927-12-14,time unavailable,H,Toronto Maple Leafs,2,4,L,REG,2,7,2,L 3
12,1927-12-17,time unavailable,@,Pittsburgh Pirates,5,2,W,REG,3,7,2,W 1
13,1927-12-18,time unavailable,@,New York Americans,0,2,L,REG,3,8,2,L 1
14,1927-12-22,time unavailable,@,Montreal Canadiens,2,5,L,REG,3,9,2,L 2
15,1927-12-25,time unavailable,@,New York Rangers,0,2,L,REG,3,10,2,L 3
16,1927-12-28,time unavailable,H,Montreal Maroons,3,4,L,REG,3,11,2,L 4
17,1928-01-02,time unavailable,H,Toronto Maple Leafs,1,4,L,REG,3,12,2,L 5
18,1928-01-04,time unavailable,H,Montreal Canadiens,1,3,L,REG,3,13,2,L 6
19,1928-01-08,time unavailable,@,New York Rangers,0,5,L,REG,3,14,2,L 7
20,1928-01-10,time unavailable,@,Boston Bruins,1,3,L,REG,3,15,2,L 8
21,1928-01-12,time unavailable,@,Pittsburgh Pirates,0,2,L,REG,3,16,2,L 9
22,1928-01-16,time unavailable,H,Pittsburgh Pirates,1,2,L,REG,3,17,2,L 10
23,1928-01-18,time unavailable,H,Detroit Cougars,2,0,W,REG,4,17,2,W 1
24,1928-01-21,time unavailable,H,Boston Bruins,1,1,T,OT,4,17,3,T 1
25,1928-01-24,time unavailable,@,Montreal Canadiens,0,10,L,REG,4,18,3,L 1
26,1928-01-26,time unavailable,@,Ottawa Senators,6,9,L,REG,4,19,3,L 2
27,1928-01-28,time unavailable,@,Toronto Maple Leafs,1,4,L,REG,4,20,3,L 3
28,1928-01-29,time unavailable,@,Detroit Cougars,2,4,L,REG,4,21,3,L 4
29,1928-02-05,time unavailable,@,New York Americans,6,0,W,REG,5,21,3,W 1
30,1928-02-08,time unavailable,H,Pittsburgh Pirates,1,2,L,REG,5,22,3,L 1
31,1928-02-10,time unavailable,H,Montreal Maroons,2,3,L,REG,5,23,3,L 2
32,1928-02-12,time unavailable,@,New York Rangers,3,0,W,REG,6,23,3,W 1
33,1928-02-14,time unavailable,@,Boston Bruins,0,1,L,REG,6,24,3,L 1
34,1928-02-19,time unavailable,@,Detroit Cougars,2,1,W,REG,7,24,3,W 1
35,1928-02-22,time unavailable,H,Ottawa Senators,2,3,L,REG,7,25,3,L 1
36,1928-02-25,time unavailable,H,New York Rangers,0,1,L,REG,7,26,3,L 2
37,1928-02-28,time unavailable,H,New York Americans,1,2,L,REG,7,27,3,L 3
38,1928-03-01,time unavailable,@,Montreal Maroons,3,6,L,REG,7,28,3,L 4
39,1928-03-03,time unavailable,@,Ottawa Senators,1,3,L,REG,7,29,3,L 5
40,1928-03-10,time unavailable,@,Pittsburgh Pirates,2,5,L,REG,7,30,3,L 6
41,1928-03-12,time unavailable,H,Pittsburgh Pirates,1,2,L,REG,7,31,3,L 7
42,1928-03-15,time unavailable,H,Boston Bruins,1,3,L,REG,7,32,3,L 8
43,1928-03-17,time unavailable,H,Detroit Cougars,0,7,L,REG,7,33,3,L 9
44,1928-03-21,time unavailable,H,New York Rangers,1,6,L,REG,7,34,3,L 10

Time,Location,Result,Game Ended In

Ty Arbour,,n/a,LW,31,5-7,160,L/-,1,"June 29, 1896",ca,"5 G, 5 A, 10 P"
Cecil Browne,,n/a,LW,31,6-0,165,L/-,R,"February 13, 1896",ca,"2 G, 0 A, 2 P"
Bobby Burns,,n/a,LW,22,5-10,155,L/-,R,"April 4, 1905",ca,"0 G, 0 A, 0 P"
Corb Denneny,,n/a,C,34,5-8,160,R/-,8,"January 25, 1894",ca,"5 G, 0 A, 5 P"
Babe Dye,,n/a,RW,29,5-8,150,R/-,8,"May 13, 1898",ca,"0 G, 0 A, 0 P"
Gord Fraser,,n/a,D,26,6-0,180,L/-,1,"January 3, 1902",ca,"1 G, 1 A, 2 P"
Charlie Gardiner,,n/a,G,23,176,-/R,R,"December 31, 1904","6-32-2, 2.83 GAA",gb
Ted Graham,,n/a,D,22,5-8,170,L/-,R,"January 30, 1906",ca,"1 G, 0 A, 1 P"
Val Hoffinger,,n/a,D,27,5-6,190,L/-,R,"January 1, 1901",ru,"0 G, 1 A, 1 P"
Dick Irvin,(C),n/a,C,35,5-9,162,L/-,1,"July 19, 1892",ca,"5 G, 4 A, 9 P"
Duke Keats,,n/a,C,32,5-11,195,R/-,1,"March 21, 1895",ca,"14 G, 8 A, 22 P"
Leo Lafrance,,n/a,C/LW,25,5-8,160,L/-,1,"November 3, 1902",ca,"1 G, 0 A, 1 P"
Hugh Lehman,,n/a,G,42,5-8,168,-/L,1,"October 27, 1885",ca,"1-2-1, 4.80 GAA"
Mickey MacKay,,n/a,C,33,5-9,162,L/-,1,"May 25, 1894",ca,"17 G, 4 A, 21 P"
Eddie McCalmon,,n/a,RW,25,5-8,170,R/-,R,"May 30, 1902",ca,"2 G, 0 A, 2 P"
Charley McVeigh,,n/a,RW,29,5-6,145,L/-,1,"March 29, 1898",ca,"6 G, 7 A, 13 P"
Earl Miller,,n/a,LW,22,5-11,180,L/-,R,"September 12, 1905",ca,"1 G, 1 A, 2 P"
Amby Moran,,n/a,D,32,6-0,200,L/-,1,"April 3, 1895",ca,"1 G, 1 A, 2 P"
Eddie Rodden,,n/a,RW,26,5-7,150,R/-,1,"March 22, 1901",ca,"0 G, 2 A, 2 P"
Barney Stanley,,n/a,F,35,6-0,175,L/-,R,"January 1, 1893",ca,"0 G, 0 A, 0 P"
Ralph Taylor,,n/a,RW,22,5-9,180,R/-,R,"October 2, 1905",ca,"1 G, 1 A, 2 P"
Bob Trapp,,n/a,D,28,5-10,170,L/-,1,"December 16, 1899",ca,"0 G, 2 A, 2 P"
Nick Wasnie,,n/a,RW,24,5-11,174,R/-,R,"January 1, 1904",ca,"1 G, 0 A, 1 P"
Cy Wentworth,,n/a,D,23,5-10,170,R/-,R,"January 24, 1905",ca,"5 G, 5 A, 10 P"
