New York Rangers,NYR,nhl
1927-28,1928
13
44
2,2,5
GP,Date,Time,Location,Opponent,GF,GA,Result,Game Ended In,W,L,T,Streak,Notes
1,1927-11-15,time unavailable,@,Toronto Maple Leafs,4,2,W,REG,1,0,0,W 1
2,1927-11-17,time unavailable,H,Ottawa Senators,3,2,W,REG,2,0,0,W 2
3,1927-11-20,time unavailable,@,New York Americans,2,1,W,REG,3,0,0,W 3
4,1927-11-22,time unavailable,H,Montreal Maroons,3,4,L,REG,3,1,0,L 1
5,1927-11-27,time unavailable,H,Boston Bruins,1,1,T,OT,3,1,1,T 1
6,1927-11-29,time unavailable,@,Ottawa Senators,2,1,W,REG,4,1,1,W 1
7,1927-12-01,time unavailable,@,Montreal Maroons,1,1,T,OT,4,1,2,T 1
8,1927-12-03,time unavailable,@,Chicago Black Hawks,2,4,L,REG,4,2,2,L 1
9,1927-12-04,time unavailable,@,Detroit Cougars,3,1,W,REG,5,2,2,W 1
10,1927-12-06,time unavailable,@,Pittsburgh Pirates,2,2,T,OT,5,2,3,T 1
11,1927-12-11,time unavailable,H,Montreal Canadiens,0,2,L,REG,5,3,3,L 1
12,1927-12-13,time unavailable,@,Boston Bruins,3,2,W,REG,6,3,3,W 1
13,1927-12-15,time unavailable,H,Detroit Cougars,1,2,L,REG,6,4,3,L 1
14,1927-12-20,time unavailable,H,Pittsburgh Pirates,2,0,W,REG,7,4,3,W 1
15,1927-12-25,time unavailable,H,Chicago Black Hawks,2,0,W,REG,8,4,3,W 2
16,1927-12-27,time unavailable,@,Boston Bruins,0,2,L,REG,8,5,3,L 1
17,1927-12-29,time unavailable,H,New York Americans,3,3,T,OT,8,5,4,T 1
18,1927-12-31,time unavailable,@,Montreal Canadiens,0,1,L,REG,8,6,4,L 1
19,1928-01-03,time unavailable,H,Detroit Cougars,2,4,L,REG,8,7,4,L 2
20,1928-01-08,time unavailable,H,Chicago Black Hawks,5,0,W,REG,9,7,4,W 1
21,1928-01-12,time unavailable,H,Boston Bruins,2,2,T,OT,9,7,5,T 1
22,1928-01-14,time unavailable,@,Toronto Maple Leafs,1,6,L,REG,9,8,5,L 1
23,1928-01-15,time unavailable,@,Detroit Cougars,2,1,W,REG,10,8,5,W 1
24,1928-01-17,time unavailable,H,Toronto Maple Leafs,1,2,L,REG,10,9,5,L 1
25,1928-01-22,time unavailable,H,Pittsburgh Pirates,4,1,W,REG,11,9,5,W 1
26,1928-01-26,time unavailable,H,Detroit Cougars,3,0,W,REG,12,9,5,W 2
27,1928-01-29,time unavailable,@,New York Americans,7,0,W,REG,13,9,5,W 3
28,1928-01-31,time unavailable,H,Montreal Maroons,3,1,W,REG,14,9,5,W 4
29,1928-02-04,time unavailable,@,Pittsburgh Pirates,2,4,L,REG,14,10,5,L 1
30,1928-02-07,time unavailable,H,Ottawa Senators,0,0,T,OT,14,10,6,T 1
31,1928-02-09,time unavailable,@,Ottawa Senators,0,0,T,OT,14,10,7,T 2
32,1928-02-12,time unavailable,H,Chicago Black Hawks,0,3,L,REG,14,11,7,L 1
33,1928-02-19,time unavailable,H,Boston Bruins,0,2,L,REG,14,12,7,L 2
34,1928-02-23,time unavailable,H,Pittsburgh Pirates,3,0,W,REG,15,12,7,W 1
35,1928-02-25,time unavailable,@,Chicago Black Hawks,1,0,W,REG,16,12,7,W 2
36,1928-02-26,time unavailable,@,Detroit Cougars,0,0,T,OT,16,12,8,T 1
37,1928-02-28,time unavailable,H,Toronto Maple Leafs,1,0,W,REG,17,12,8,W 1
38,1928-03-06,time unavailable,@,Montreal Maroons,1,3,L,REG,17,13,8,L 1
39,1928-03-08,time unavailable,@,Montreal Canadiens,3,4,L,REG,17,14,8,L 2
40,1928-03-10,time unavailable,@,Boston Bruins,3,3,T,OT,17,14,9,T 1
41,1928-03-13,time unavailable,H,Montreal Canadiens,1,4,L,REG,17,15,9,L 1
42,1928-03-18,time unavailable,H,New York Americans,7,3,W,REG,18,15,9,W 1
43,1928-03-21,time unavailable,@,Chicago Black Hawks,6,1,W,REG,19,15,9,W 2
44,1928-03-24,time unavailable,@,Pittsburgh Pirates,2,4,L,REG,19,16,9,L 1

GP,Date,Time,Location,Opponent,GF,GA,Result,Game Ended In,W,L,T,Streak,Notes
1,1928-03-27,time unavailable,H,Pittsburgh Pirates,4,0,W,REG,1,0,0,W 1
2,1928-03-29,time unavailable,H,Pittsburgh Pirates,2,4,L,REG,1,1,0,L 1
3,1928-03-31,time unavailable,H,Boston Bruins,1,1,T,REG,1,1,1,T 1
4,1928-04-03,time unavailable,@,Boston Bruins,4,1,W,REG,2,1,1,W 1
5,1928-04-05,time unavailable,@,Montreal Maroons,0,2,L,REG,2,2,1,L 1
6,1928-04-07,time unavailable,@,Montreal Maroons,2,1,W,OT,3,2,1,W 1
7,1928-04-10,time unavailable,@,Montreal Maroons,0,2,L,REG,3,3,1,L 1
8,1928-04-12,time unavailable,@,Montreal Maroons,1,0,W,REG,4,3,1,W 1
9,1928-04-14,time unavailable,@,Montreal Maroons,2,1,W,REG,5,3,1,W 2

Clarence Abel,,n/a,D,27,6-1,225,L/-,1,"May 28, 1900",us,"0 G, 1 A, 1 P"
Frank Boucher,,n/a,C,26,5-9,185,L/-,2,"October 7, 1901",ca,"23 G, 12 A, 35 P"
Leo Bourgeault,,n/a,D/RW,25,5-6,165,L/-,1,"January 17, 1903",ca,"7 G, 0 A, 7 P"
Bill Boyd,,n/a,RW,29,5-10,185,R/-,1,"May 15, 1898",ca,"4 G, 0 A, 4 P"
Patsy Callighen,,n/a,D,21,5-6,175,L/-,R,"February 13, 1906",ca,"0 G, 0 A, 0 P"
Lorne Chabot,,n/a,G,27,6-1,185,-/L,1,"October 5, 1900",ca,"19-16-9, 1.74 GAA"
Bill Cook,(C),n/a,RW,31,5-10,170,R/-,1,"October 9, 1896",ca,"18 G, 6 A, 24 P"
Bun Cook,,n/a,LW,24,5-11,180,L/-,1,"September 18, 1903",ca,"14 G, 14 A, 28 P"
Alex Gray,,n/a,C,28,5-10,170,R/-,R,"June 21, 1899",gb,"7 G, 0 A, 7 P"
Ching Johnson,,n/a,D,29,5-11,210,L/-,1,"December 7, 1898",ca,"10 G, 6 A, 16 P"
Murray Murdoch,,n/a,C/LW,23,5-10,180,L/-,1,"May 19, 1904",ca,"7 G, 3 A, 10 P"
Laurie Scott,,n/a,LW,27,5-6,155,L/-,1,"June 19, 1900",ca,"0 G, 1 A, 1 P"
Paul Thompson,,n/a,LW,21,5-11,180,L/-,1,"November 2, 1906",ca,"4 G, 4 A, 8 P"
