Ottawa Senators,OTS,nhl
1927-28,1928
14
44
2
GP,Date,Time,Location,Opponent,GF,GA,Result,Game Ended In,W,L,T,Streak,Notes
1,1927-11-15,time unavailable,H,Montreal Maroons,1,2,L,REG,0,1,0,L 1
2,1927-11-17,time unavailable,@,New York Rangers,2,3,L,REG,0,2,0,L 2
3,1927-11-19,time unavailable,H,Pittsburgh Pirates,3,1,W,REG,1,2,0,W 1
4,1927-11-22,time unavailable,@,Detroit Cougars,2,1,W,REG,2,2,0,W 2
5,1927-11-23,time unavailable,@,Chicago Black Hawks,2,0,W,REG,3,2,0,W 3
6,1927-11-26,time unavailable,@,Montreal Maroons,0,1,L,REG,3,3,0,L 1
7,1927-11-29,time unavailable,H,New York Rangers,1,2,L,REG,3,4,0,L 2
8,1927-12-03,time unavailable,H,Boston Bruins,3,2,W,REG,4,4,0,W 1
9,1927-12-06,time unavailable,H,Toronto Maple Leafs,0,0,T,OT,4,4,1,T 1
10,1927-12-10,time unavailable,@,Toronto Maple Leafs,0,0,T,OT,4,4,2,T 2
11,1927-12-13,time unavailable,@,New York Americans,1,2,L,OT,4,5,2,L 1
12,1927-12-15,time unavailable,H,New York Americans,4,1,W,REG,5,5,2,W 1
13,1927-12-17,time unavailable,H,Montreal Maroons,1,0,W,REG,6,5,2,W 2
14,1927-12-20,time unavailable,@,Boston Bruins,0,1,L,REG,6,6,2,L 1
15,1927-12-24,time unavailable,H,Toronto Maple Leafs,1,1,T,OT,6,6,3,T 1
16,1927-12-27,time unavailable,H,Montreal Canadiens,0,0,T,OT,6,6,4,T 2
17,1927-12-31,time unavailable,H,Detroit Cougars,6,2,W,REG,7,6,4,W 1
18,1928-01-07,time unavailable,H,New York Americans,4,1,W,REG,8,6,4,W 2
19,1928-01-10,time unavailable,@,Montreal Canadiens,0,3,L,REG,8,7,4,L 1
20,1928-01-14,time unavailable,H,Boston Bruins,2,4,L,REG,8,8,4,L 2
21,1928-01-17,time unavailable,@,Montreal Maroons,1,1,T,OT,8,8,5,T 1
22,1928-01-19,time unavailable,@,Pittsburgh Pirates,1,3,L,REG,8,9,5,L 1
23,1928-01-21,time unavailable,@,Toronto Maple Leafs,1,2,L,REG,8,10,5,L 2
24,1928-01-24,time unavailable,@,New York Americans,2,0,W,REG,9,10,5,W 1
25,1928-01-26,time unavailable,H,Chicago Black Hawks,9,6,W,REG,10,10,5,W 2
26,1928-01-28,time unavailable,@,Montreal Canadiens,2,1,W,REG,11,10,5,W 3
27,1928-01-31,time unavailable,H,Toronto Maple Leafs,4,0,W,REG,12,10,5,W 4
28,1928-02-02,time unavailable,H,Montreal Maroons,1,0,W,OT,13,10,5,W 5
29,1928-02-07,time unavailable,@,New York Rangers,0,0,T,OT,13,10,6,T 1
30,1928-02-09,time unavailable,H,New York Rangers,0,0,T,OT,13,10,7,T 2
31,1928-02-16,time unavailable,H,Pittsburgh Pirates,0,0,T,OT,13,10,8,T 3
32,1928-02-18,time unavailable,H,Montreal Canadiens,1,0,W,REG,14,10,8,W 1
33,1928-02-22,time unavailable,@,Chicago Black Hawks,3,2,W,REG,15,10,8,W 2
34,1928-02-23,time unavailable,@,Detroit Cougars,0,0,T,OT,15,10,9,T 1
35,1928-02-25,time unavailable,@,Pittsburgh Pirates,2,0,W,REG,16,10,9,W 1
36,1928-02-28,time unavailable,H,Montreal Canadiens,0,2,L,REG,16,11,9,L 1
37,1928-03-03,time unavailable,H,Chicago Black Hawks,3,1,W,REG,17,11,9,W 1
38,1928-03-06,time unavailable,@,Boston Bruins,0,1,L,REG,17,12,9,L 1
39,1928-03-10,time unavailable,H,Detroit Cougars,3,1,W,REG,18,12,9,W 1
40,1928-03-13,time unavailable,@,Toronto Maple Leafs,1,1,T,OT,18,12,10,T 1
41,1928-03-15,time unavailable,@,New York Americans,5,2,W,REG,19,12,10,W 1
42,1928-03-17,time unavailable,@,Montreal Maroons,1,3,L,REG,19,13,10,L 1
43,1928-03-22,time unavailable,H,New York Americans,5,0,W,REG,20,13,10,W 1
44,1928-03-24,time unavailable,@,Montreal Canadiens,0,4,L,REG,20,14,10,L 1

GP,Date,Time,Location,Opponent,GF,GA,Result,Game Ended In,W,L,T,Streak,Notes
1,1928-03-27,time unavailable,H,Montreal Maroons,0,1,L,REG,0,1,0,L 1
2,1928-03-29,time unavailable,@,Montreal Maroons,1,2,L,REG,0,2,0,L 2

Georges Boucher,,n/a,D,31,5-9,169,L/-,10,"August 17, 1896",ca,"7 G, 5 A, 12 P"
Punch Broadbent,,n/a,RW,35,5-7,183,R/-,9,"July 13, 1892",ca,"3 G, 2 A, 5 P"
Gene Chouinard,,n/a,D,26,5-6,160,L/-,R,"January 5, 1902",ca,"0 G, 0 A, 0 P"
King Clancy,,n/a,D,24,5-7,155,L/-,6,"February 25, 1903",ca,"8 G, 7 A, 15 P"
Alec Connell,,n/a,G,25,5-9,150,-/R,3,"February 8, 1902",ca,"20-14-10, 1.24 GAA"
Cy Denneny,,n/a,LW,36,5-7,168,L/-,10,"December 23, 1891",ca,"3 G, 0 A, 3 P"
Frank Finnigan,,n/a,RW,24,5-9,165,R/-,4,"July 9, 1903",ca,"20 G, 5 A, 25 P"
Sam Godin,,n/a,W,18,5-10,156,R/-,R,"September 20, 1909",ca,"0 G, 0 A, 0 P"
Len Grosvenor,,n/a,C,22,5-9,172,R/-,R,"July 21, 1905",ca,"1 G, 2 A, 3 P"
Milt Halliday,,n/a,F/D,21,5-10,180,L/-,1,"September 21, 1906",ca,"0 G, 0 A, 0 P"
Hec Kilrea,,n/a,LW,20,5-8,175,L/-,2,"June 11, 1907",ca,"19 G, 4 A, 23 P"
Frank Nighbor,,n/a,C,35,5-9,160,R/-,10,"January 26, 1893",ca,"8 G, 5 A, 13 P"
Al Shields,,n/a,D,20,6-0,188,R/-,R,"May 10, 1907",ca,"0 G, 1 A, 1 P"
Alex Smith,,n/a,D,25,5-11,176,L/-,3,"April 2, 1902",gb,"9 G, 4 A, 13 P"
