Chicago Black Hawks,CBH,nhl
1931-32,1932
21
48
2
GP,Date,Time,Location,Opponent,GF,GA,Result,Game Ended In,W,L,T,Streak
1,1931-11-12,time unavailable,@,Toronto Maple Leafs,2,1,W,REG,1,0,0,W 1
2,1931-11-15,time unavailable,H,New York Americans,1,1,T,OT,1,0,1,T 1
3,1931-11-18,time unavailable,H,Toronto Maple Leafs,1,1,T,OT,1,0,2,T 2
4,1931-11-22,time unavailable,H,Montreal Maroons,4,2,W,REG,2,0,2,W 1
5,1931-11-24,time unavailable,@,New York Rangers,1,1,T,OT,2,0,3,T 1
6,1931-11-26,time unavailable,@,Boston Bruins,0,1,L,REG,2,1,3,L 1
7,1931-11-29,time unavailable,H,New York Rangers,0,5,L,REG,2,2,3,L 2
8,1931-12-02,time unavailable,H,Montreal Canadiens,2,1,W,REG,3,2,3,W 1
9,1931-12-06,time unavailable,@,New York Americans,0,2,L,REG,3,3,3,L 1
10,1931-12-08,time unavailable,@,Montreal Canadiens,1,1,T,OT,3,3,4,T 1
11,1931-12-13,time unavailable,H,Boston Bruins,0,3,L,REG,3,4,4,L 1
12,1931-12-16,time unavailable,H,Detroit Falcons,4,1,W,OT,4,4,4,W 1
13,1931-12-17,time unavailable,@,Detroit Falcons,1,4,L,REG,4,5,4,L 1
14,1931-12-20,time unavailable,H,Toronto Maple Leafs,1,0,W,OT,5,5,4,W 1
15,1931-12-22,time unavailable,@,Montreal Maroons,1,1,T,OT,5,5,5,T 1
16,1931-12-27,time unavailable,@,New York Rangers,1,3,L,REG,5,6,5,L 1
17,1931-12-29,time unavailable,@,Boston Bruins,3,3,T,OT,5,6,6,T 1
18,1932-01-01,time unavailable,H,New York Americans,3,2,W,REG,6,6,6,W 1
19,1932-01-03,time unavailable,H,New York Rangers,1,1,T,OT,6,6,7,T 1
20,1932-01-06,time unavailable,H,Detroit Falcons,4,2,W,REG,7,6,7,W 1
21,1932-01-10,time unavailable,H,Boston Bruins,1,1,T,OT,7,6,8,T 1
22,1932-01-13,time unavailable,H,Montreal Canadiens,1,2,L,REG,7,7,8,L 1
23,1932-01-14,time unavailable,@,Detroit Falcons,0,2,L,REG,7,8,8,L 2
24,1932-01-17,time unavailable,H,Montreal Maroons,3,3,T,OT,7,8,9,T 1
25,1932-01-19,time unavailable,@,Boston Bruins,3,2,W,REG,8,8,9,W 1
26,1932-01-21,time unavailable,@,New York Americans,1,0,W,REG,9,8,9,W 2
27,1932-01-23,time unavailable,@,Montreal Maroons,3,3,T,OT,9,8,10,T 1
28,1932-01-27,time unavailable,H,Detroit Falcons,2,1,W,OT,10,8,10,W 1
29,1932-01-28,time unavailable,@,Detroit Falcons,2,4,L,REG,10,9,10,L 1
30,1932-01-31,time unavailable,H,New York Rangers,0,3,L,REG,10,10,10,L 2
31,1932-02-03,time unavailable,H,Toronto Maple Leafs,7,0,W,REG,11,10,10,W 1
32,1932-02-07,time unavailable,@,New York Rangers,0,1,L,REG,11,11,10,L 1
33,1932-02-09,time unavailable,@,New York Americans,3,1,W,REG,12,11,10,W 1
34,1932-02-11,time unavailable,@,Montreal Canadiens,1,4,L,REG,12,12,10,L 1
35,1932-02-14,time unavailable,@,Detroit Falcons,1,3,L,REG,12,13,10,L 2
36,1932-02-17,time unavailable,H,Montreal Canadiens,1,3,L,REG,12,14,10,L 3
37,1932-02-20,time unavailable,H,Boston Bruins,2,1,W,REG,13,14,10,W 1
38,1932-02-24,time unavailable,H,Montreal Maroons,3,1,W,REG,14,14,10,W 2
39,1932-02-27,time unavailable,@,Toronto Maple Leafs,2,4,L,REG,14,15,10,L 1
40,1932-03-01,time unavailable,@,Montreal Maroons,0,1,L,REG,14,16,10,L 2
41,1932-03-04,time unavailable,H,New York Americans,6,1,W,REG,15,16,10,W 1
42,1932-03-06,time unavailable,H,New York Rangers,4,3,W,OT,16,16,10,W 2
43,1932-03-08,time unavailable,@,New York Rangers,1,6,L,REG,16,17,10,L 1
44,1932-03-10,time unavailable,@,Boston Bruins,3,2,W,REG,17,17,10,W 1
45,1932-03-11,time unavailable,@,Montreal Canadiens,0,1,L,REG,17,18,10,L 1
46,1932-03-16,time unavailable,H,Detroit Falcons,1,1,T,OT,17,18,11,T 1
47,1932-03-19,time unavailable,@,Toronto Maple Leafs,3,11,L,REG,17,19,11,L 1
48,1932-03-20,time unavailable,H,Boston Bruins,1,0,W,REG,18,19,11,W 1

GP,Date,Time,Location,Opponent,GF,GA,Result,Game Ended In,W,L,T,Streak
1,1932-03-27,time unavailable,H,Toronto Maple Leafs,1,0,W,REG,1,0,0,W 1
2,1932-03-29,time unavailable,@,Toronto Maple Leafs,1,6,L,REG,1,1,0,L 1

Clarence Abel,,n/a,D,31,6-1,225,L/-,5,"May 28, 1900",us,"3 G, 3 A, 6 P"
Stew Adams,,n/a,LW,27,5-10,165,L/-,2,"October 16, 1904",ca,"0 G, 5 A, 5 P"
Helge Bostrom,,n/a,D,38,5-8,185,L/-,2,"January 9, 1894",ca,"0 G, 0 A, 0 P"
Georges Boucher,,n/a,D,35,5-9,169,L/-,14,"August 17, 1896",ca,"1 G, 5 A, 6 P"
Tom Cook,,n/a,C,24,5-7,140,L/-,2,"May 7, 1907",ca,"12 G, 13 A, 25 P"
Art Coulter,,n/a,D,22,5-11,185,R/-,R,"May 31, 1909",ca,"0 G, 1 A, 1 P"
Rosie Couture,,n/a,RW,26,5-11,164,R/-,3,"July 24, 1905",ca,"9 G, 9 A, 18 P"
Wilf Cude,,n/a,G,21,5-9,146,-/L,1,"July 4, 1910",gb,"0-0-0, 13.17 GAA"
Charlie Gardiner,,n/a,G,27,176,-/R,4,"December 31, 1904","18-19-11, 1.85 GAA",gb
Johnny Gottselig,,n/a,LW,26,5-11,158,L/-,3,"June 24, 1905",ru,"13 G, 15 A, 28 P"
Ted Graham,,n/a,D,26,5-8,170,L/-,3,"January 30, 1906",ca,"0 G, 3 A, 3 P"
Lou Holmes,,n/a,C,21,5-10,150,L/-,R,"January 29, 1911",gb,"1 G, 4 A, 5 P"
Frank Ingram,,n/a,RW,24,5-8,185,R/-,2,"September 17, 1907",ca,"1 G, 2 A, 3 P"
Gerry Lowrey,,n/a,C,25,5-8,150,L/-,4,"February 14, 1906",ca,"8 G, 3 A, 11 P"
Mush March,,n/a,RW,23,5-5,154,R/-,3,"October 18, 1908",ca,"12 G, 10 A, 22 P"
Earl Miller,,n/a,LW,26,5-11,180,L/-,4,"September 12, 1905",ca,"0 G, 0 A, 0 P"
Vic Ripley,,n/a,C,25,5-8,170,L/-,3,"May 30, 1906",ca,"12 G, 6 A, 18 P"
Doc Romnes,,n/a,LW/C,23,5-11,156,L/-,1,"January 1, 1909",us,"1 G, 0 A, 1 P"
Pat Shea,,n/a,D,19,5-10,190,L/-,R,"October 29, 1912",us,"1 G, 0 A, 1 P"
Paul Thompson,,n/a,LW,25,5-11,180,L/-,5,"November 2, 1906",ca,"8 G, 14 A, 22 P"
Cy Wentworth,(C),n/a,D,27,5-10,170,R/-,4,"January 24, 1905",ca,"3 G, 10 A, 13 P"
