Montreal Canadiens,MTL,nhl
1931-32,1932
17
48
4
GP,Date,Time,Location,Opponent,GF,GA,Result,Game Ended In,W,L,T,Streak
1,1931-11-12,time unavailable,H,New York Rangers,1,4,L,REG,0,1,0,L 1
2,1931-11-14,time unavailable,@,Toronto Maple Leafs,1,1,T,OT,0,1,1,T 1
3,1931-11-17,time unavailable,H,Montreal Maroons,5,2,W,REG,1,1,1,W 1
4,1931-11-21,time unavailable,H,Boston Bruins,3,0,W,REG,2,1,1,W 2
5,1931-11-24,time unavailable,@,Boston Bruins,1,7,L,REG,2,2,1,L 1
6,1931-11-26,time unavailable,H,Toronto Maple Leafs,3,2,W,REG,3,2,1,W 1
7,1931-11-29,time unavailable,@,Detroit Falcons,2,3,L,OT,3,3,1,L 1
8,1931-12-02,time unavailable,@,Chicago Black Hawks,1,2,L,REG,3,4,1,L 2
9,1931-12-05,time unavailable,H,Detroit Falcons,4,0,W,REG,4,4,1,W 1
10,1931-12-08,time unavailable,H,Chicago Black Hawks,1,1,T,OT,4,4,2,T 1
11,1931-12-10,time unavailable,@,New York Americans,3,0,W,REG,5,4,2,W 1
12,1931-12-12,time unavailable,@,Montreal Maroons,1,7,L,REG,5,5,2,L 1
13,1931-12-17,time unavailable,H,New York Americans,1,0,W,REG,6,5,2,W 1
14,1931-12-19,time unavailable,H,New York Rangers,2,2,T,OT,6,5,3,T 1
15,1931-12-22,time unavailable,@,New York Rangers,2,6,L,REG,6,6,3,L 1
16,1931-12-24,time unavailable,H,Toronto Maple Leafs,1,2,L,OT,6,7,3,L 2
17,1931-12-26,time unavailable,@,Toronto Maple Leafs,2,0,W,OT,7,7,3,W 1
18,1931-12-31,time unavailable,@,Boston Bruins,0,5,L,REG,7,8,3,L 1
19,1932-01-02,time unavailable,H,Montreal Maroons,5,1,W,REG,8,8,3,W 1
20,1932-01-05,time unavailable,H,New York Americans,1,2,L,OT,8,9,3,L 1
21,1932-01-07,time unavailable,@,New York Americans,0,1,L,REG,8,10,3,L 2
22,1932-01-10,time unavailable,@,Detroit Falcons,1,3,L,REG,8,11,3,L 3
23,1932-01-13,time unavailable,@,Chicago Black Hawks,2,1,W,REG,9,11,3,W 1
24,1932-01-16,time unavailable,H,Boston Bruins,2,2,T,OT,9,11,4,T 1
25,1932-01-19,time unavailable,@,New York Rangers,5,3,W,REG,10,11,4,W 1
26,1932-01-21,time unavailable,H,Toronto Maple Leafs,3,1,W,REG,11,11,4,W 2
27,1932-01-23,time unavailable,@,Toronto Maple Leafs,0,2,L,REG,11,12,4,L 1
28,1932-01-26,time unavailable,@,New York Americans,2,3,L,REG,11,13,4,L 2
29,1932-01-28,time unavailable,@,Montreal Maroons,3,3,T,OT,11,13,5,T 1
30,1932-01-30,time unavailable,H,Detroit Falcons,4,3,W,REG,12,13,5,W 1
31,1932-02-02,time unavailable,@,New York Rangers,4,1,W,REG,13,13,5,W 2
32,1932-02-04,time unavailable,H,Montreal Maroons,6,5,W,OT,14,13,5,W 3
33,1932-02-09,time unavailable,@,Montreal Maroons,1,4,L,REG,14,14,5,L 1
34,1932-02-11,time unavailable,H,Chicago Black Hawks,4,1,W,REG,15,14,5,W 1
35,1932-02-13,time unavailable,H,New York Rangers,3,1,W,REG,16,14,5,W 2
36,1932-02-17,time unavailable,@,Chicago Black Hawks,3,1,W,REG,17,14,5,W 3
37,1932-02-21,time unavailable,@,Detroit Falcons,1,1,T,OT,17,14,6,T 1
38,1932-02-23,time unavailable,H,Detroit Falcons,2,1,W,REG,18,14,6,W 1
39,1932-02-27,time unavailable,H,Boston Bruins,4,2,W,REG,19,14,6,W 2
40,1932-03-01,time unavailable,@,Boston Bruins,6,7,L,REG,19,15,6,L 1
41,1932-03-03,time unavailable,H,Montreal Maroons,2,1,W,REG,20,15,6,W 1
42,1932-03-05,time unavailable,@,Toronto Maple Leafs,1,1,T,OT,20,15,7,T 1
43,1932-03-08,time unavailable,H,New York Americans,6,1,W,REG,21,15,7,W 1
44,1932-03-11,time unavailable,H,Chicago Black Hawks,1,0,W,REG,22,15,7,W 2
45,1932-03-15,time unavailable,@,New York Americans,2,5,L,REG,22,16,7,L 1
46,1932-03-17,time unavailable,H,New York Americans,10,4,W,REG,23,16,7,W 1
47,1932-03-19,time unavailable,@,Montreal Maroons,6,4,W,OT,24,16,7,W 2
48,1932-03-22,time unavailable,H,Toronto Maple Leafs,4,2,W,REG,25,16,7,W 3

GP,Date,Time,Location,Opponent,GF,GA,Result,Game Ended In,W,L,T,Streak
1,1932-03-24,time unavailable,H,New York Rangers,4,3,W,REG,1,0,0,W 1
2,1932-03-26,time unavailable,H,New York Rangers,3,4,L,3OT,1,1,0,L 1
3,1932-03-27,time unavailable,@,New York Rangers,0,1,L,REG,1,2,0,L 2
4,1932-03-29,time unavailable,@,New York Rangers,2,5,L,REG,1,3,0,L 3

Art Alexandre,,n/a,C,22,5-5,150,R/-,R,"March 2, 1909",ca,"0 G, 2 A, 2 P"
Marty Burke,,n/a,D,27,5-8,160,L/-,4,"January 28, 1905",ca,"3 G, 6 A, 9 P"
Johnny Gagnon,,n/a,RW,26,5-5,140,R/-,1,"June 8, 1905",ca,"19 G, 18 A, 37 P"
George Hainsworth,,n/a,G,36,5-6,150,-/L,5,"June 26, 1895",ca,"25-16-7, 2.20 GAA"
Aurele Joliat,,4,LW,30,5-7,136,L/-,9,"August 29, 1901",ca,"15 G, 24 A, 39 P"
Wildor Larochelle,,n/a,RW,25,5-8,158,R/-,6,"September 23, 1906",ca,"18 G, 8 A, 26 P"
Albert Leduc,,n/a,D,29,5-9,180,R/-,6,"November 22, 1902",ca,"5 G, 3 A, 8 P"
Pit Lepine,,n/a,C,30,5-11,168,L/-,6,"July 30, 1901",ca,"19 G, 11 A, 30 P"
Art Lesieur,,n/a,D,24,5-11,191,R/-,2,"September 13, 1907",us,"1 G, 2 A, 3 P"
Georges Mantha,,n/a,LW,23,5-8,165,L/-,3,"November 29, 1908",ca,"1 G, 7 A, 8 P"
Sylvio Mantha,(C),2,D,29,5-10,178,R/-,8,"April 14, 1902",ca,"5 G, 5 A, 10 P"
Armand Mondou,,n/a,C/LW,26,5-10,175,L/-,3,"June 27, 1905",ca,"6 G, 12 A, 18 P"
Howie Morenz,,7,C,29,5-9,165,L/-,8,"September 21, 1902",ca,"24 G, 25 A, 49 P"
Dunc Munro,,n/a,D,31,5-8,190,L/-,7,"January 19, 1901",gb,"1 G, 1 A, 2 P"
Jean Pusie,,n/a,D,21,6-0,205,L/-,1,"October 15, 1910",ca,"0 G, 0 A, 0 P"
Gus Rivers,,n/a,RW,22,5-11,180,R/-,2,"November 19, 1909",ca,"1 G, 0 A, 1 P"
Nick Wasnie,,n/a,RW,28,5-11,174,R/-,3,"January 1, 1904",ca,"10 G, 2 A, 12 P"
