New York Americans,NYA,nhl
1931-32,1932
26
48
0
GP,Date,Time,Location,Opponent,GF,GA,Result,Game Ended In,W,L,T,Streak
1,1931-11-12,time unavailable,@,Detroit Falcons,5,2,W,REG,1,0,0,W 1
2,1931-11-15,time unavailable,@,Chicago Black Hawks,1,1,T,OT,1,0,1,T 1
3,1931-11-17,time unavailable,@,New York Rangers,0,3,L,REG,1,1,1,L 1
4,1931-11-22,time unavailable,H,Detroit Falcons,2,1,W,REG,2,1,1,W 1
5,1931-11-26,time unavailable,H,Montreal Maroons,1,1,T,OT,2,1,2,T 1
6,1931-11-28,time unavailable,@,Montreal Maroons,3,1,W,OT,3,1,2,W 1
7,1931-12-01,time unavailable,@,Toronto Maple Leafs,2,2,T,OT,3,1,3,T 1
8,1931-12-06,time unavailable,H,Chicago Black Hawks,2,0,W,REG,4,1,3,W 1
9,1931-12-08,time unavailable,@,Boston Bruins,3,2,W,REG,5,1,3,W 2
10,1931-12-10,time unavailable,H,Montreal Canadiens,0,3,L,REG,5,2,3,L 1
11,1931-12-13,time unavailable,H,New York Rangers,1,2,L,REG,5,3,3,L 2
12,1931-12-15,time unavailable,H,Toronto Maple Leafs,2,2,T,OT,5,3,4,T 1
13,1931-12-17,time unavailable,@,Montreal Canadiens,0,1,L,REG,5,4,4,L 1
14,1931-12-20,time unavailable,H,Detroit Falcons,2,2,T,OT,5,4,5,T 1
15,1931-12-22,time unavailable,@,Toronto Maple Leafs,3,9,L,REG,5,5,5,L 1
16,1931-12-25,time unavailable,@,New York Rangers,0,6,L,REG,5,6,5,L 2
17,1931-12-27,time unavailable,@,Detroit Falcons,0,1,L,REG,5,7,5,L 3
18,1931-12-29,time unavailable,H,Toronto Maple Leafs,0,5,L,REG,5,8,5,L 4
19,1932-01-01,time unavailable,@,Chicago Black Hawks,2,3,L,REG,5,9,5,L 5
20,1932-01-03,time unavailable,H,Boston Bruins,0,0,T,OT,5,9,6,T 1
21,1932-01-05,time unavailable,@,Montreal Canadiens,2,1,W,OT,6,9,6,W 1
22,1932-01-07,time unavailable,H,Montreal Canadiens,1,0,W,REG,7,9,6,W 2
23,1932-01-09,time unavailable,@,Montreal Maroons,2,4,L,REG,7,10,6,L 1
24,1932-01-12,time unavailable,H,Montreal Maroons,2,0,W,REG,8,10,6,W 1
25,1932-01-17,time unavailable,H,Toronto Maple Leafs,4,0,W,REG,9,10,6,W 2
26,1932-01-19,time unavailable,@,Toronto Maple Leafs,3,11,L,REG,9,11,6,L 1
27,1932-01-21,time unavailable,H,Chicago Black Hawks,0,1,L,REG,9,12,6,L 2
28,1932-01-26,time unavailable,H,Montreal Canadiens,3,2,W,REG,10,12,6,W 1
29,1932-01-31,time unavailable,H,Montreal Maroons,4,2,W,REG,11,12,6,W 2
30,1932-02-02,time unavailable,@,Boston Bruins,4,3,W,REG,12,12,6,W 3
31,1932-02-04,time unavailable,H,Boston Bruins,0,5,L,REG,12,13,6,L 1
32,1932-02-06,time unavailable,@,Montreal Maroons,1,3,L,REG,12,14,6,L 2
33,1932-02-09,time unavailable,H,Chicago Black Hawks,1,3,L,REG,12,15,6,L 3
34,1932-02-14,time unavailable,H,Boston Bruins,1,3,L,REG,12,16,6,L 4
35,1932-02-16,time unavailable,@,Montreal Maroons,1,7,L,REG,12,17,6,L 5
36,1932-02-18,time unavailable,H,Montreal Maroons,1,3,L,REG,12,18,6,L 6
37,1932-02-21,time unavailable,@,New York Rangers,3,2,W,REG,13,18,6,W 1
38,1932-02-23,time unavailable,H,Toronto Maple Leafs,4,4,T,OT,13,18,7,T 1
39,1932-03-01,time unavailable,@,Toronto Maple Leafs,1,3,L,REG,13,19,7,L 1
40,1932-03-04,time unavailable,@,Chicago Black Hawks,1,6,L,REG,13,20,7,L 2
41,1932-03-06,time unavailable,H,Detroit Falcons,2,2,T,OT,13,20,8,T 1
42,1932-03-08,time unavailable,@,Montreal Canadiens,1,6,L,REG,13,21,8,L 1
43,1932-03-10,time unavailable,H,New York Rangers,5,1,W,REG,14,21,8,W 1
44,1932-03-13,time unavailable,@,Detroit Falcons,0,1,L,REG,14,22,8,L 1
45,1932-03-15,time unavailable,H,Montreal Canadiens,5,2,W,REG,15,22,8,W 1
46,1932-03-17,time unavailable,@,Montreal Canadiens,4,10,L,REG,15,23,8,L 1
47,1932-03-20,time unavailable,H,New York Rangers,2,4,L,REG,15,24,8,L 2
48,1932-03-22,time unavailable,@,Boston Bruins,8,6,W,REG,16,24,8,W 1

Time,Location,Result,Game Ended In

Vern Ayres,,n/a,D,22,6-2,220,L/-,1,"April 27, 1909",ca,"2 G, 4 A, 6 P"
Bill Brydge,,n/a,D,30,5-9,195,R/-,4,"October 22, 1901",ca,"2 G, 8 A, 10 P"
Billy Burch,,n/a,C,31,6-0,200,L/-,9,"November 20, 1900",us,"7 G, 15 A, 22 P"
Roy Burmister,,n/a,LW,25,5-10,155,L/-,2,"August 12, 1906",ca,"3 G, 2 A, 5 P"
Eddie Convey,,n/a,C,21,5-11,165,L/-,1,"December 16, 1910",ca,"1 G, 0 A, 1 P"
Red Dutton,,n/a,D,34,6-0,185,R/-,5,"July 23, 1897",ca,"3 G, 5 A, 8 P"
Hap Emms,,n/a,LW/D,27,6-0,190,L/-,3,"January 12, 1905",ca,"1 G, 0 A, 1 P"
Tommy Filmore,,n/a,RW,25,5-11,189,R/-,1,"March 14, 1906",ca,"8 G, 6 A, 14 P"
Jake Forbes,,n/a,G,34,5-6,140,-/L,11,"July 4, 1897",ca,"3-3-0, 2.67 GAA"
Len Grosvenor,,n/a,F,26,5-9,172,R/-,4,"July 21, 1905",ca,"0 G, 0 A, 0 P"
Normie Himes,,n/a,C,28,5-9,145,R/-,5,"April 13, 1903",ca,"7 G, 21 A, 28 P"
Albert Hughes,,n/a,C,30,5-9,165,R/-,1,"May 13, 1901",ca,"1 G, 1 A, 2 P"
Ed Jeremiah,,n/a,D,26,5-9,160,R/-,R,"November 4, 1905",us,"0 G, 1 A, 1 P"
John Keating,,n/a,C,23,5-7,145,L/-,R,"February 12, 1908",ca,"5 G, 3 A, 8 P"
Dave Kerr,,n/a,G,22,5-10,160,-/R,1,"January 11, 1910",ca,"0-1-0, 6.00 GAA"
Wally Kilrea,,n/a,C,22,5-7,150,R/-,2,"February 18, 1909",ca,"3 G, 8 A, 11 P"
Joe Lamb,,n/a,C/RW,25,5-10,170,R/-,4,"June 18, 1906",ca,"14 G, 11 A, 25 P"
George Massecar,,n/a,LW,27,5-9,165,L/-,2,"July 10, 1904",ca,"1 G, 1 A, 2 P"
Bert McInenly,,n/a,D,25,5-9,160,L/-,1,"May 6, 1906",ca,"12 G, 6 A, 18 P"
Charley McVeigh,,n/a,RW,33,5-6,145,L/-,5,"March 29, 1898",ca,"12 G, 15 A, 27 P"
George Patterson,,n/a,RW,25,6-1,176,R/-,5,"May 22, 1906",ca,"6 G, 0 A, 6 P"
Moe Roberts,,n/a,G,26,5-9,165,-/R,1,"December 13, 1905",us,"1-0-0, 1.00 GAA"
Johnny Sheppard,,n/a,C,28,5-7,165,L/-,5,"July 23, 1903",ca,"1 G, 0 A, 1 P"
Al Shields,,n/a,D,24,6-0,188,R/-,4,"May 10, 1907",ca,"4 G, 1 A, 5 P"
Hub Wilson,,n/a,LW,22,5-10,180,L/-,R,"May 13, 1909",ca,"0 G, 0 A, 0 P"
Roy Worters,,n/a,G,31,5-3,135,-/L,6,"October 19, 1900",ca,"12-20-8, 2.68 GAA"
