Quebec Nordiques,QBN,wha
1978-79,1979
27
80
4
GP,Date,Time,Location,Opponent,GF,GA,Result,Game Ended In,W,L,T,Streak
1,1978-10-15,time unavailable,H,New England Whalers,5,6,L,REG,0,1,0,L 1
2,1978-10-17,time unavailable,H,Cincinnati Stingers,5,5,T,REG,0,1,1,T 1
3,1978-10-18,time unavailable,H,Indianapolis Racers,0,4,L,REG,0,2,1,L 1
4,1978-10-21,time unavailable,@,New England Whalers,1,7,L,REG,0,3,1,L 2
5,1978-10-22,time unavailable,H,Birmingham Bulls,5,8,L,REG,0,4,1,L 3
6,1978-10-25,time unavailable,H,Cincinnati Stingers,4,3,W,REG,1,4,1,W 1
7,1978-10-26,time unavailable,H,New England Whalers,8,5,W,REG,2,4,1,W 2
8,1978-10-28,time unavailable,@,Cincinnati Stingers,3,4,L,REG,2,5,1,L 1
9,1978-10-29,time unavailable,@,Edmonton Oilers,6,2,W,REG,3,5,1,W 1
10,1978-10-31,time unavailable,@,Edmonton Oilers,5,4,W,REG,4,5,1,W 2
11,1978-11-03,time unavailable,@,Birmingham Bulls,3,2,W,REG,5,5,1,W 3
12,1978-11-04,time unavailable,@,Birmingham Bulls,4,1,W,REG,6,5,1,W 4
13,1978-11-05,time unavailable,H,Edmonton Oilers,2,0,W,REG,7,5,1,W 5
14,1978-11-07,time unavailable,H,Winnipeg Jets,1,2,L,REG,7,6,1,L 1
15,1978-11-08,time unavailable,H,Edmonton Oilers,5,6,L,REG,7,7,1,L 2
16,1978-11-11,time unavailable,H,Indianapolis Racers,8,2,W,REG,8,7,1,W 1
17,1978-11-12,time unavailable,@,Winnipeg Jets,6,4,W,REG,9,7,1,W 2
18,1978-11-15,time unavailable,H,Winnipeg Jets,5,2,W,REG,10,7,1,W 3
19,1978-11-21,time unavailable,@,Edmonton Oilers,1,4,L,REG,10,8,1,L 1
20,1978-11-24,time unavailable,@,Edmonton Oilers,3,4,L,OT,10,9,1,L 2
21,1978-11-26,time unavailable,H,Winnipeg Jets,2,2,T,REG,10,9,2,T 1
22,1978-11-29,time unavailable,H,Birmingham Bulls,7,4,W,REG,11,9,2,W 1
23,1978-12-02,time unavailable,H,Cincinnati Stingers,2,0,W,REG,12,9,2,W 2
24,1978-12-03,time unavailable,H,Winnipeg Jets,5,3,W,REG,13,9,2,W 3
25,1978-12-06,time unavailable,H,Edmonton Oilers,6,3,W,REG,14,9,2,W 4
26,1978-12-09,time unavailable,H,Cincinnati Stingers,4,3,W,REG,15,9,2,W 5
27,1978-12-10,time unavailable,@,Winnipeg Jets,4,4,T,REG,15,9,3,T 1
28,1978-12-12,time unavailable,H,Soviet All-Stars,3,6,L,REG,15,10,3,L 1
29,1978-12-14,time unavailable,H,Birmingham Bulls,3,2,W,REG,16,10,3,W 1
30,1978-12-16,time unavailable,@,New England Whalers,1,2,L,REG,16,11,3,L 1
31,1978-12-17,time unavailable,H,New England Whalers,4,4,T,REG,16,11,4,T 1
32,1978-12-22,time unavailable,@,Birmingham Bulls,5,1,W,REG,17,11,4,W 1
33,1978-12-23,time unavailable,@,Cincinnati Stingers,2,6,L,REG,17,12,4,L 1
34,1978-12-28,time unavailable,H,Czechoslovakia,4,0,W,REG,18,12,4,W 1
35,1978-12-30,time unavailable,H,Birmingham Bulls,3,2,W,REG,19,12,4,W 2
36,1979-01-07,time unavailable,@,Winnipeg Jets,2,3,L,REG,19,13,4,L 1
37,1979-01-09,time unavailable,@,Cincinnati Stingers,4,3,W,REG,20,13,4,W 1
38,1979-01-12,time unavailable,@,Cincinnati Stingers,2,1,W,REG,21,13,4,W 2
39,1979-01-18,time unavailable,@,New England Whalers,4,2,W,REG,22,13,4,W 3
40,1979-01-20,time unavailable,H,Winnipeg Jets,10,1,W,REG,23,13,4,W 4
41,1979-01-21,time unavailable,@,Winnipeg Jets,1,3,L,REG,23,14,4,L 1
42,1979-01-23,time unavailable,@,Birmingham Bulls,7,5,W,REG,24,14,4,W 1
43,1979-01-27,time unavailable,H,Winnipeg Jets,2,4,L,REG,24,15,4,L 1
44,1979-01-30,time unavailable,@,Birmingham Bulls,1,2,L,REG,24,16,4,L 2
45,1979-02-01,time unavailable,@,Birmingham Bulls,5,7,L,REG,24,17,4,L 3
46,1979-02-02,time unavailable,@,New England Whalers,1,4,L,REG,24,18,4,L 4
47,1979-02-04,time unavailable,H,Edmonton Oilers,6,3,W,REG,25,18,4,W 1
48,1979-02-06,time unavailable,H,New England Whalers,3,5,L,REG,25,19,4,L 1
49,1979-02-09,time unavailable,@,Edmonton Oilers,0,3,L,REG,25,20,4,L 2
50,1979-02-13,time unavailable,@,Edmonton Oilers,1,6,L,REG,25,21,4,L 3
51,1979-02-17,time unavailable,@,New England Whalers,1,4,L,REG,25,22,4,L 4
52,1979-02-18,time unavailable,@,Cincinnati Stingers,4,2,W,REG,26,22,4,W 1
53,1979-02-20,time unavailable,@,Birmingham Bulls,7,3,W,REG,27,22,4,W 2
54,1979-02-23,time unavailable,@,New England Whalers,4,5,L,OT,27,23,4,L 1
55,1979-02-24,time unavailable,H,New England Whalers,6,0,W,REG,28,23,4,W 1
56,1979-02-25,time unavailable,H,Cincinnati Stingers,1,1,T,REG,28,23,5,T 1
57,1979-03-03,time unavailable,H,Birmingham Bulls,3,2,W,REG,29,23,5,W 1
58,1979-03-04,time unavailable,H,Birmingham Bulls,5,4,W,REG,30,23,5,W 2
59,1979-03-06,time unavailable,H,Edmonton Oilers,4,3,W,REG,31,23,5,W 3
60,1979-03-07,time unavailable,H,Edmonton Oilers,6,3,W,REG,32,23,5,W 4
61,1979-03-09,time unavailable,@,New England Whalers,3,1,W,REG,33,23,5,W 5
62,1979-03-10,time unavailable,@,Cincinnati Stingers,2,5,L,REG,33,24,5,L 1
63,1979-03-11,time unavailable,@,Winnipeg Jets,2,7,L,REG,33,25,5,L 2
64,1979-03-14,time unavailable,@,Winnipeg Jets,4,2,W,REG,34,25,5,W 1
65,1979-03-16,time unavailable,@,Edmonton Oilers,1,6,L,REG,34,26,5,L 1
66,1979-03-18,time unavailable,@,Edmonton Oilers,7,2,W,REG,35,26,5,W 1
67,1979-03-20,time unavailable,H,New England Whalers,6,7,L,OT,35,27,5,L 1
68,1979-03-23,time unavailable,@,New England Whalers,3,5,L,REG,35,28,5,L 2
69,1979-03-24,time unavailable,@,Cincinnati Stingers,5,2,W,REG,36,28,5,W 1
70,1979-03-25,time unavailable,H,Birmingham Bulls,3,2,W,REG,37,28,5,W 2
71,1979-03-28,time unavailable,H,Edmonton Oilers,3,0,W,REG,38,28,5,W 3
72,1979-03-30,time unavailable,@,Winnipeg Jets,2,0,W,REG,39,28,5,W 4
73,1979-04-01,time unavailable,H,Winnipeg Jets,3,7,L,REG,39,29,5,L 1
74,1979-04-03,time unavailable,@,Birmingham Bulls,3,5,L,REG,39,30,5,L 2
75,1979-04-04,time unavailable,H,Edmonton Oilers,4,2,W,REG,40,30,5,W 1
76,1979-04-07,time unavailable,@,Cincinnati Stingers,2,6,L,REG,40,31,5,L 1
77,1979-04-10,time unavailable,H,New England Whalers,2,5,L,REG,40,32,5,L 2
78,1979-04-11,time unavailable,H,Cincinnati Stingers,2,6,L,REG,40,33,5,L 3
79,1979-04-15,time unavailable,H,Cincinnati Stingers,4,2,W,REG,41,33,5,W 1
80,1979-04-17,time unavailable,H,New England Whalers,2,3,L,REG,41,34,5,L 1

GP,Date,Time,Location,Opponent,GF,GA,Result,Game Ended In,W,L,T,Streak
1,1979-04-23,time unavailable,H,Winnipeg Jets,3,6,L,REG,0,1,0,L 1
2,1979-04-25,time unavailable,H,Winnipeg Jets,2,9,L,REG,0,2,0,L 2
3,1979-04-27,time unavailable,@,Winnipeg Jets,5,9,L,REG,0,3,0,L 3
4,1979-04-29,time unavailable,@,Winnipeg Jets,2,6,L,REG,0,4,0,L 4

Paul Baxter,,n/a,D,23,5-11,200,R/-,4,"October 28, 1955",ca,"10 G, 36 A, 46 P"
Serge Bernier,,n/a,C,31,6-1,190,R/-,5,"April 29, 1947",ca,"36 G, 46 A, 82 P"
Gilles Bilodeau,,n/a,LW,23,6-1,220,L/-,3,"July 31, 1955",ca,"3 G, 6 A, 9 P"
Christian Bordeleau,,n/a,LW,31,5-8,172,L/-,6,"September 23, 1947",ca,"5 G, 12 A, 17 P"
Paulin Bordeleau,,n/a,RW,26,5-9,162,R/-,2,"January 29, 1953",ca,"17 G, 12 A, 29 P"
Curt Brackenbury,,n/a,RW,27,5-10,200,R/-,5,"January 31, 1952",ca,"13 G, 13 A, 26 P"
Richard Brodeur,,n/a,G,26,5-7,160,-/L,6,"September 15, 1952",ca,", 3.11 GAA"
Real Cloutier,,n/a,RW,22,5-10,185,L/-,4,"July 30, 1956",ca,"75 G, 54 A, 129 P"
Jim Corsi,,n/a,G,24,5-10,180,-/L,1,"June 19, 1954",ca,", 3.30 GAA"
Alain Cote,,n/a,LW,21,5-10,203,L/-,1,"May 3, 1957",ca,"14 G, 13 A, 27 P"
Richard David,,n/a,LW,20,6-0,195,L/-,R,"April 8, 1958",ca,"0 G, 4 A, 4 P"
Kevin Devine,,n/a,LW,24,5-8,165,L/-,4,"December 9, 1954",ca,"0 G, 0 A, 0 P"
Jim Dorey,,n/a,D,31,6-1,190,L/-,6,"August 17, 1947",ca,"0 G, 2 A, 2 P"
Norm Dube,,n/a,LW,27,5-11,185,L/-,2,"September 12, 1951",ca,"2 G, 13 A, 15 P"
Bob Fitchner,,n/a,C,28,6-0,190,L/-,5,"December 22, 1950",ca,"10 G, 35 A, 45 P"
Danny Geoffrion,,n/a,RW,21,5-10,185,R/-,R,"January 24, 1958",ca,"12 G, 14 A, 26 P"
Dale Hoganson,,n/a,D,29,5-10,190,L/-,5,"July 8, 1949",ca,"2 G, 19 A, 21 P"
Francois Lacombe,,n/a,D,30,5-10,185,L/-,6,"February 24, 1948",ca,"3 G, 21 A, 24 P"
Pierre Lagace,,n/a,C,21,6-2,210,L/-,1,"October 27, 1957",ca,"0 G, 1 A, 1 P"
Garry Lariviere,,n/a,D,24,6-0,190,R/-,4,"December 6, 1954",ca,"5 G, 33 A, 38 P"
Rene Leclerc,,n/a,RW,31,5-11,165,R/-,6,"November 12, 1947",ca,"0 G, 0 A, 0 P"
Rich LeDuc,,n/a,C,27,5-11,170,L/-,4,"August 24, 1951",ca,"30 G, 32 A, 62 P"
Jean-Louis Levasseur,,n/a,G,29,5-10,160,-/L,3,"June 16, 1949",ca,", 6.00 GAA"
Kevin Morrison,,n/a,D,29,6-0,202,L/-,5,"October 28, 1949",ca,"2 G, 5 A, 7 P"
Marc Tardif,,n/a,LW,29,6-0,195,L/-,5,"June 12, 1949",ca,"41 G, 55 A, 96 P"
J.C. Tremblay,,n/a,D,40,5-11,170,L/-,6,"January 22, 1939",ca,"6 G, 38 A, 44 P"
Wally Weir,,n/a,D,24,6-2,200,L/-,2,"June 3, 1954",ca,"2 G, 7 A, 9 P"
