INFO:
teamName,Child Please
teamAbbreviation,Child Please
sportId,n/a
sportName,n/a
sportRules,n/a
leagueId,watMu
levelId,n/a
seasonName,n/a
seasonId,n/a
Roster Size,10
Season Games Played,6
Playoff Round Lengths,1,1,1
END_INFO

SEASON:
Date/Time,Location,Opposing Team,Score,S.O.C.
Sat Sep 24 @ 10:00 am,Village Green,Goon Sqwodd,won 49 - 21,4
Sat Oct 1 @ 4:00 pm,Village Green,Radical,won 7 - 42,4
Sat Oct 15 @ 10:00 am,Columbia Icefield: Warrior Field,KINdestructible,won 14 - 49,4
Sat Oct 15 @ 11:00 am,Columbia Icefield: Warrior Field,Drug Lords,won 28 - 7,-1
Sat Oct 22 @ 1:00 pm,Columbia Icefield: Warrior Field,Individuals Intermediate 1,won 28 - 56,3
Sat Oct 29 @ 2:00 pm,Columbia Icefield: Field 5A,7 Girls 1 Ball,won 49 - 14,3
END_SEASON

PLAYOFFS:
Date/Time,Location,Opposing Team,Score,S.O.C.
Sat Nov 5 @ 10:00 am,Columbia Icefield: Warrior Field,Radical,won 56 - 21,2
Sat Nov 12 @ 12:00 pm,Columbia Icefield: Warrior Field,Touchdown There,won 35 - 14,1
Sat Nov 12 @ 4:00 pm,Columbia Icefield: Warrior Field,KINdestructible,won 42 - 49,2
END_PLAYOFFS

ROSTER:
Player,Captaincy,uwaterloo_email
Riyad Khamis,(C),riyad_khamis@hotmail.com
Troy Campbell,,
Daniel Da Silva,,
Imran Khamis,,
Immad Khan,,
Saad Khan,,
Jeremy Luymes,,
Charles Pickard,,
Adnan Somani,,
Jason Tan,,
END_ROSTER
