INFO:
teamName,Mac1ve Yard5
teamAbbreviation,Mac1ve Yard5
sportId,n/a
sportName,n/a
sportRules,n/a
leagueId,watMu
levelId,n/a
seasonName,n/a
seasonId,n/a
Roster Size,13
Season Games Played,6
Playoff Round Lengths,1,1
END_INFO

SEASON:
Date/Time,Location,Opposing Team,Score,S.O.C.
Sat Oct 1 @ 12:00 pm,Village Green,UWFH,tie 49 - 49,4
Sat Oct 1 @ 5:00 pm,Village Green,Individuals Intermediate 2,won 35 - 70,4
Sat Oct 15 @ 12:00 pm,Columbia Icefield: Field 5A,White Chocolate,won 42 - 21,4
Sat Oct 15 @ 3:00 pm,Columbia Icefield: Field 5A,Touchdown There,won 35 - 14,4
Sat Oct 29 @ 1:00 pm,Columbia Icefield: Field 5A,Goon Sqwodd,won 0 - 14,avg.
Sat Oct 29 @ 3:00 pm,Columbia Icefield: Field 5A,The Ents,won 42 - 56,4
END_SEASON

PLAYOFFS:
Date/Time,Location,Opposing Team,Score,S.O.C.
Sat Nov 5 @ 3:00 pm,Columbia Icefield: Warrior Field,Individuals Intermediate 1,won 70 - 35,2
Sat Nov 12 @ 1:00 pm,Columbia Icefield: Warrior Field,KINdestructible,lost 35 - 28,2
END_PLAYOFFS

ROSTER:
Player,Captaincy,uwaterloo_email
Dustin Van Heck,(C),van.heck.d@gmail.com
Matthew Benson,,
Jessica Deslippe,,
Ryan Hawkins,,
Patrick McLellan,,
Adam Morrison,,
Ted Paul,,
Zachary Richards,,
Bradley Souter,,
Emily Wartman,,
Joshua Weavers,,
Noah Wolfe,,
Adam Wood,,
END_ROSTER
