INFO:
teamName,7 Girls 1 Ball
teamAbbreviation,7 Girls 1 Ball
sportId,n/a
sportName,n/a
sportRules,n/a
leagueId,watMu
levelId,n/a
seasonName,n/a
seasonId,n/a
Roster Size,16
Season Games Played,6
Playoff Round Lengths,1
END_INFO

SEASON:
Date/Time,Location,Opposing Team,Score,S.O.C.
Sat Oct 1 @ 6:00 pm,Village Green,Individuals Intermediate 1,lost 49 - 21,4
Sat Oct 22 @ 3:00 pm,Columbia Icefield: Warrior Field,KINdestructible,lost 49 - 14,4
Sat Oct 22 @ 5:00 pm,Columbia Icefield: Field 5A,The Ents,lost 49 - 28,4
Sat Oct 29 @ 12:00 pm,Columbia Icefield: Warrior Field,Drug Lords,lost 35 - 70,4
Sat Oct 29 @ 2:00 pm,Columbia Icefield: Field 5A,Child Please,lost 49 - 14,4
Sat Oct 29 @ 5:00 pm,Columbia Icefield: Field 5A,Touchdown There,lost 35 - 49,4
END_SEASON

PLAYOFFS:
Date/Time,Location,Opposing Team,Score,S.O.C.
Sat Nov 5 @ 4:00 pm,Columbia Icefield: Warrior Field,White Chocolate,lost 21 - 28,2
END_PLAYOFFS

ROSTER:
Player,Captaincy,uwaterloo_email
Shayla Le Blanc,(C),seleblanc3@hotmail.com
Christina Apreda,,
David Ashton,,
Kevin Bishop,,
Janessa Chambers,,
Victoria De Luna,,
Jessica Diep,,
Chantelle Eckenswiller,,
Martyn Gabel,,
Mercedes Grzenda,,
Isaac Morgan,,
Julia Schreiber,,
Jamil Seaidoun,,
Brooke Thompson,,
Alison Trinh,,
Shanae Vander Togt,,
END_ROSTER
