INFO:
teamName,Touchdown There
teamAbbreviation,Touchdown There
sportId,n/a
sportName,n/a
sportRules,n/a
leagueId,watMu
levelId,n/a
seasonName,n/a
seasonId,n/a
Roster Size,14
Season Games Played,6
Playoff Round Lengths,1,1
END_INFO

SEASON:
Date/Time,Location,Opposing Team,Score,S.O.C.
Sat Oct 1 @ 2:00 pm,Village Green,White Chocolate,won 28 - 0,4
Thu Oct 6 @ 5:00 pm,Village Green,KINdestructible,lost 35 - 28,3
Sat Oct 15 @ 1:00 pm,Columbia Icefield: Field 5A,Goon Sqwodd,won 14 - 35,4
Sat Oct 15 @ 3:00 pm,Columbia Icefield: Field 5A,Mac1ve Yard5,lost 35 - 14,4
Sat Oct 22 @ 12:00 pm,Columbia Icefield: Warrior Field,Radical,won 21 - 35,4
Sat Oct 29 @ 5:00 pm,Columbia Icefield: Field 5A,7 Girls 1 Ball,won 35 - 49,3
END_SEASON

PLAYOFFS:
Date/Time,Location,Opposing Team,Score,S.O.C.
Sat Nov 12 @ 10:00 am,Columbia Icefield: Field 5A,Drug Lords,won 49 - 14,2
Sat Nov 12 @ 12:00 pm,Columbia Icefield: Warrior Field,Child Please,lost 35 - 14,2
END_PLAYOFFS

ROSTER:
Player,Captaincy,uwaterloo_email
Matthew Heather,(C),matt_heather89@hotmail.com
Casey Auty,,
Nicholas Dale,,
Stuart David,,
Trevor David,,
Alexander Flanagan,,
Shane Hedderson,,
Gregory Hougham,,
Kyle Johnson,,
Kyle McCall,,
Benjamin McDonald,,
Robert McIntosh,,
Nicholas Philip,,
John-Lauren Zondo,,
END_ROSTER
