INFO:
teamName,Goon Sqwodd
teamAbbreviation,Goon Sqwodd
sportId,n/a
sportName,n/a
sportRules,n/a
leagueId,watMu
levelId,n/a
seasonName,n/a
seasonId,n/a
Roster Size,11
Season Games Played,6
Playoff Round Lengths,1,1
END_INFO

SEASON:
Date/Time,Location,Opposing Team,Score,S.O.C.
Sat Sep 24 @ 10:00 am,Village Green,Child Please,lost 49 - 21,4
Sat Oct 1 @ 1:00 pm,Village Green,UWFH,lost 42 - 35,4
Sat Oct 1 @ 3:00 pm,Village Green,Individuals Intermediate 2,won 35 - 42,4
Sat Oct 15 @ 1:00 pm,Columbia Icefield: Field 5A,Touchdown There,lost 14 - 35,4
Sat Oct 22 @ 2:00 pm,Columbia Icefield: Field 5A,White Chocolate,won 28 - 14,4
Sat Oct 29 @ 1:00 pm,Columbia Icefield: Field 5A,Mac1ve Yard5,lost 0 - 14,-2
END_SEASON

PLAYOFFS:
Date/Time,Location,Opposing Team,Score,S.O.C.
Sat Nov 12 @ 11:00 am,Columbia Icefield: Field 5A,White Chocolate,won 14 - 0,0
Sat Nov 12 @ 2:00 pm,Columbia Icefield: Warrior Field,Individuals Intermediate 2,lost 49 - 56,2
END_PLAYOFFS

ROSTER:
Player,Captaincy,uwaterloo_email
Joel Leon,(C),jfleon@uwaterloo.ca
Christopher Baron,,
Salomon Borjas Hasbun,,
Kevin Carmichael,,
Gabriella Ghanem,,
Kian Gordanifar,,
Kacie Leblanc,,
Mackenzie Merritt,,
Edgar Tsang,,
Kristopher Wagner,,
Adriano Zaffino,,
END_ROSTER
