INFO:
teamName,Drug Lords
teamAbbreviation,Drug Lords
sportId,n/a
sportName,n/a
sportRules,n/a
leagueId,watMu
levelId,n/a
seasonName,n/a
seasonId,n/a
Roster Size,13
Season Games Played,6
Playoff Round Lengths,1
END_INFO

SEASON:
Date/Time,Location,Opposing Team,Score,S.O.C.
Sat Sep 24 @ 3:00 pm,Village Green,Individuals Intermediate 1,lost 70 - 49,2
Sat Oct 15 @ 11:00 am,Columbia Icefield: Warrior Field,Child Please,lost 28 - 7,3
Sat Oct 22 @ 3:00 pm,Columbia Icefield: Field 5A,The Ents,won 21 - 56,4
Sat Oct 22 @ 4:00 pm,Columbia Icefield: Field 5A,White Chocolate,won 49 - 28,4
Sat Oct 29 @ 10:00 am,Columbia Icefield: Warrior Field,UWFH,won 49 - 56,4
Sat Oct 29 @ 12:00 pm,Columbia Icefield: Warrior Field,7 Girls 1 Ball,won 35 - 70,4
END_SEASON

PLAYOFFS:
Date/Time,Location,Opposing Team,Score,S.O.C.
Sat Nov 12 @ 10:00 am,Columbia Icefield: Field 5A,Touchdown There,lost 49 - 14,2
END_PLAYOFFS

ROSTER:
Player,Captaincy,uwaterloo_email
Daniel Dalton,(C),ddalton@uwaterloo.ca
Emily Blake,,
Scott Campbell,,
Kiel Cattle,,
Steven Celetti,,
Lauren Elliott,,
John Hass,,
Manmohan Joshi,,
Andrew Kwong,,
Angie Le,,
Carmen Loucks,,
Nicholas Malian,,
Peter Rempel,,
END_ROSTER
