INFO:
teamName,The Ents
teamAbbreviation,The Ents
sportId,n/a
sportName,n/a
sportRules,n/a
leagueId,watMu
levelId,n/a
seasonName,n/a
seasonId,n/a
Roster Size,10
Season Games Played,6
Playoff Round Lengths,1
END_INFO

SEASON:
Date/Time,Location,Opposing Team,Score,S.O.C.
Sat Sep 24 @ 4:00 pm,Village Green,Radical,lost 63 - 35,4
Thu Oct 6 @ 4:00 pm,Village Green,Individuals Intermediate 1,lost 49 - 14,2
Sat Oct 15 @ 12:00 pm,Columbia Icefield: Warrior Field,KINdestructible,lost 28 - 21,4
Sat Oct 22 @ 3:00 pm,Columbia Icefield: Field 5A,Drug Lords,lost 21 - 56,4
Sat Oct 22 @ 5:00 pm,Columbia Icefield: Field 5A,7 Girls 1 Ball,won 49 - 28,4
Sat Oct 29 @ 3:00 pm,Columbia Icefield: Field 5A,Mac1ve Yard5,lost 42 - 56,4
END_SEASON

PLAYOFFS:
Date/Time,Location,Opposing Team,Score,S.O.C.
Sat Nov 12 @ 12:00 pm,Columbia Icefield: Field 5A,Individuals Intermediate 2,lost 0 - 14,-2
END_PLAYOFFS

ROSTER:
Player,Captaincy,uwaterloo_email
Laurence Marshall,(C),laurence.a.marshall@gmail.com
Lisa Bauman,,
Matthew Bogart,,
Benjamin Carr,,
Hannah Dabrowski,,
Martha Evans-Hanna,,
Rebecca Lyon,,
Katherine Moes,,
Erin Scott,,
Stephanie West,,
END_ROSTER
