INFO:
teamName,UWFH
teamAbbreviation,UWFH
sportId,n/a
sportName,n/a
sportRules,n/a
leagueId,watMu
levelId,n/a
seasonName,n/a
seasonId,n/a
Roster Size,10
Season Games Played,6
Playoff Round Lengths,1
END_INFO

SEASON:
Date/Time,Location,Opposing Team,Score,S.O.C.
Sat Sep 24 @ 11:00 am,Village Green,Individuals Intermediate 2,tie 56 - 56,4
Sat Oct 1 @ 12:00 pm,Village Green,Mac1ve Yard5,tie 49 - 49,3
Sat Oct 1 @ 1:00 pm,Village Green,Goon Sqwodd,won 42 - 35,3
Sat Oct 22 @ 1:00 pm,Columbia Icefield: Field 5A,Radical,won 56 - 28,3
Thu Oct 27 @ 4:00 pm,Columbia Icefield: Field 5A,Individuals Intermediate 1,won 0 - 14,avg.
Sat Oct 29 @ 10:00 am,Columbia Icefield: Warrior Field,Drug Lords,lost 49 - 56,4
END_SEASON

PLAYOFFS:
Date/Time,Location,Opposing Team,Score,S.O.C.
Sat Nov 5 @ 2:00 pm,Columbia Icefield: Warrior Field,KINdestructible,lost 63 - 49,2
END_PLAYOFFS

ROSTER:
Player,Captaincy,uwaterloo_email
Thomas Choi,(C),t4choi@uwaterloo.ca
Christopher Baughman,,
Cameron Dunning,,
Cyril Francis,,
Jeffrey Gryguc,,
Kyle Keats,,
Dieter Kusel,,
Bolun Liu,,
Ethan Maiolo,,
Yu Zhang,,
END_ROSTER
