INFO:
teamName,KINdestructible
teamAbbreviation,KINdestructible
sportId,n/a
sportName,n/a
sportRules,n/a
leagueId,watMu
levelId,n/a
seasonName,n/a
seasonId,n/a
Roster Size,9
Season Games Played,6
Playoff Round Lengths,1,1,1
END_INFO

SEASON:
Date/Time,Location,Opposing Team,Score,S.O.C.
Thu Oct 6 @ 5:00 pm,Village Green,Touchdown There,won 35 - 28,4
Sat Oct 15 @ 10:00 am,Columbia Icefield: Warrior Field,Child Please,lost 14 - 49,4
Sat Oct 15 @ 12:00 pm,Columbia Icefield: Warrior Field,The Ents,won 28 - 21,4
Sat Oct 22 @ 2:00 pm,Columbia Icefield: Warrior Field,Individuals Intermediate 2,won 0 - 14,avg.
Sat Oct 22 @ 3:00 pm,Columbia Icefield: Warrior Field,7 Girls 1 Ball,won 49 - 14,4
Sat Oct 29 @ 4:00 pm,Columbia Icefield: Field 5A,White Chocolate,won 42 - 14,2
END_SEASON

PLAYOFFS:
Date/Time,Location,Opposing Team,Score,S.O.C.
Sat Nov 5 @ 2:00 pm,Columbia Icefield: Warrior Field,UWFH,won 63 - 49,2
Sat Nov 12 @ 1:00 pm,Columbia Icefield: Warrior Field,Mac1ve Yard5,won 35 - 28,2
Sat Nov 12 @ 4:00 pm,Columbia Icefield: Warrior Field,Child Please,lost 42 - 49,2
END_PLAYOFFS

ROSTER:
Player,Captaincy,uwaterloo_email
Terence Boateng,(C),boateng16@msn.com
Laszlo Asztalos,,
Attila Bajus,,
Andrei Bucur,,
Allyssa Kaplan,,
Kathleen McDonald,,
Alberto Pagano,,
Nicholas Paolini,,
Alexander Scherger,,
END_ROSTER
