INFO:
teamName,White Chocolate
teamAbbreviation,White Chocolate
sportId,n/a
sportName,n/a
sportRules,n/a
leagueId,watMu
levelId,n/a
seasonName,n/a
seasonId,n/a
Roster Size,13
Season Games Played,6
Playoff Round Lengths,1,1
END_INFO

SEASON:
Date/Time,Location,Opposing Team,Score,S.O.C.
Sat Oct 1 @ 2:00 pm,Village Green,Touchdown There,lost 28 - 0,4
Sat Oct 15 @ 12:00 pm,Columbia Icefield: Field 5A,Mac1ve Yard5,lost 42 - 21,4
Sat Oct 22 @ 2:00 pm,Columbia Icefield: Field 5A,Goon Sqwodd,lost 28 - 14,4
Sat Oct 22 @ 4:00 pm,Columbia Icefield: Field 5A,Drug Lords,lost 49 - 28,4
Sat Oct 29 @ 2:00 pm,Columbia Icefield: Warrior Field,Radical,lost 35 - 28,4
Sat Oct 29 @ 4:00 pm,Columbia Icefield: Field 5A,KINdestructible,lost 42 - 14,3
END_SEASON

PLAYOFFS:
Date/Time,Location,Opposing Team,Score,S.O.C.
Sat Nov 5 @ 4:00 pm,Columbia Icefield: Warrior Field,7 Girls 1 Ball,won 21 - 28,2
Sat Nov 12 @ 11:00 am,Columbia Icefield: Field 5A,Goon Sqwodd,lost 14 - 0,-2
END_PLAYOFFS

ROSTER:
Player,Captaincy,uwaterloo_email
Deanna Andreatta,(C),dsandrea@uwaterloo.ca
Pierre Arys-Wyszomirski,,
Ryan Burton,,
Robert Dziarmaga,,
Ryan Erickson,,
Garrett Gottlieb,,
Emanuel Katsnelson,,
Ronald Kielstra,,
Bryant Klassen,,
Max Louis-Juste,,
Sean Sexton,,
Christopher St. Onge,,
Kevin Widmer,,
END_ROSTER
