INFO:
teamName,Radical
teamAbbreviation,Radical
sportId,n/a
sportName,n/a
sportRules,n/a
leagueId,watMu
levelId,n/a
seasonName,n/a
seasonId,n/a
Roster Size,13
Season Games Played,6
Playoff Round Lengths,1
END_INFO

SEASON:
Date/Time,Location,Opposing Team,Score,S.O.C.
Sat Sep 24 @ 4:00 pm,Village Green,The Ents,won 63 - 35,4
Sat Oct 1 @ 4:00 pm,Village Green,Child Please,lost 7 - 42,4
Sat Oct 15 @ 2:00 pm,Columbia Icefield: Field 5A,Individuals Intermediate 2,won 0 - 14,avg.
Sat Oct 22 @ 12:00 pm,Columbia Icefield: Warrior Field,Touchdown There,lost 21 - 35,4
Sat Oct 22 @ 1:00 pm,Columbia Icefield: Field 5A,UWFH,lost 56 - 28,4
Sat Oct 29 @ 2:00 pm,Columbia Icefield: Warrior Field,White Chocolate,won 35 - 28,4
END_SEASON

PLAYOFFS:
Date/Time,Location,Opposing Team,Score,S.O.C.
Sat Nov 5 @ 10:00 am,Columbia Icefield: Warrior Field,Child Please,lost 56 - 21,2
END_PLAYOFFS

ROSTER:
Player,Captaincy,uwaterloo_email
Andrew Jung,(C),a2jung@uwaterloo.ca
Christopher Chan,,
Li Chen,,
Harkaran Gill,,
Timothee Haggstrom,,
Joshua Kung,,
David McLaughlin,,
Spencer Moore,,
Wai Tsai,,
Lucas Whalen,,
Matthew Wong,,
Yuan Zhang,,
Sida Zhu,,
END_ROSTER
