INFO:
teamName,Individuals Intermediate 1
teamAbbreviation,Individuals Intermediate 1
sportId,n/a
sportName,n/a
sportRules,n/a
leagueId,watMu
levelId,n/a
seasonName,n/a
seasonId,n/a
Roster Size,10
Season Games Played,6
Playoff Round Lengths,1
END_INFO

SEASON:
Date/Time,Location,Opposing Team,Score,S.O.C.
Sat Sep 24 @ 3:00 pm,Village Green,Drug Lords,won 70 - 49,2
Sat Oct 1 @ 6:00 pm,Village Green,7 Girls 1 Ball,won 49 - 21,4
Thu Oct 6 @ 4:00 pm,Village Green,The Ents,won 49 - 14,3
Sat Oct 22 @ 1:00 pm,Columbia Icefield: Warrior Field,Child Please,lost 28 - 56,4
Thu Oct 27 @ 4:00 pm,Columbia Icefield: Field 5A,UWFH,lost 0 - 14,-2
Sat Oct 29 @ 3:00 pm,Columbia Icefield: Warrior Field,Individuals Intermediate 2,won 56 - 49,4
END_SEASON

PLAYOFFS:
Date/Time,Location,Opposing Team,Score,S.O.C.
Sat Nov 5 @ 3:00 pm,Columbia Icefield: Warrior Field,Mac1ve Yard5,lost 70 - 35,2
END_PLAYOFFS

ROSTER:
Player,Captaincy,uwaterloo_email
Richard Huynh,,
Leaundra Lewis,,
Xiang Li,,
Jesse Randhawa,,
Scott Ross,,
Saurabh Saluja,,
Brian Studer,,
Brian Wong,,
Matthew Yong,,
Yihe Zhang,,
END_ROSTER
