INFO:
teamName,Individuals Intermediate 2
teamAbbreviation,Individuals Intermediate 2
sportId,n/a
sportName,n/a
sportRules,n/a
leagueId,watMu
levelId,n/a
seasonName,n/a
seasonId,n/a
Roster Size,10
Season Games Played,6
Playoff Round Lengths,1,1
END_INFO

SEASON:
Date/Time,Location,Opposing Team,Score,S.O.C.
Sat Sep 24 @ 11:00 am,Village Green,UWFH,tie 56 - 56,4
Sat Oct 1 @ 3:00 pm,Village Green,Goon Sqwodd,lost 35 - 42,4
Sat Oct 1 @ 5:00 pm,Village Green,Mac1ve Yard5,lost 35 - 70,4
Sat Oct 15 @ 2:00 pm,Columbia Icefield: Field 5A,Radical,lost 0 - 14,-2
Sat Oct 22 @ 2:00 pm,Columbia Icefield: Warrior Field,KINdestructible,lost 0 - 14,-2
Sat Oct 29 @ 3:00 pm,Columbia Icefield: Warrior Field,Individuals Intermediate 1,lost 56 - 49,4
END_SEASON

PLAYOFFS:
Date/Time,Location,Opposing Team,Score,S.O.C.
Sat Nov 12 @ 12:00 pm,Columbia Icefield: Field 5A,The Ents,won 0 - 14,0
Sat Nov 12 @ 2:00 pm,Columbia Icefield: Warrior Field,Goon Sqwodd,won 49 - 56,2
END_PLAYOFFS

ROSTER:
Player,Captaincy,uwaterloo_email
Allison Archer,,
Brandon Cho,,
Jordan Daoust,,
Imtiaz Hussain,,
Keene Libao,,
Rupinder Rahal,,
Joshua Sepulveda,,
Jonathan Sparling,,
Kevin Tejadipura,,
Jia Zhang,,
END_ROSTER
