Toronto Maple Leafs,TOR,nhl
1944-45,1945
19
50
6,7
GP,Date,Time,Location,Opponent,GF,GA,Result,Game Ended In,W,L,T,Streak,Notes
1,1944-10-28,time unavailable,H,New York Rangers,2,1,W,REG,1,0,0,W 1
2,1944-10-29,time unavailable,@,Chicago Black Hawks,11,5,W,REG,2,0,0,W 2
3,1944-11-02,time unavailable,@,Montreal Canadiens,4,1,W,REG,3,0,0,W 3
4,1944-11-04,time unavailable,H,Boston Bruins,7,2,W,REG,4,0,0,W 4
5,1944-11-09,time unavailable,@,New York Rangers,6,3,W,REG,5,0,0,W 5
6,1944-11-11,time unavailable,H,Montreal Canadiens,3,1,W,REG,6,0,0,W 6
7,1944-11-12,time unavailable,@,Detroit Red Wings,2,4,L,REG,6,1,0,L 1
8,1944-11-15,time unavailable,H,Detroit Red Wings,4,8,L,REG,6,2,0,L 2
9,1944-11-18,time unavailable,H,Chicago Black Hawks,5,4,W,REG,7,2,0,W 1
10,1944-11-19,time unavailable,@,Chicago Black Hawks,4,3,W,REG,8,2,0,W 2
11,1944-11-23,time unavailable,@,Boston Bruins,1,5,L,REG,8,3,0,L 1
12,1944-11-25,time unavailable,H,Montreal Canadiens,2,0,W,REG,9,3,0,W 1
13,1944-11-26,time unavailable,@,Montreal Canadiens,1,4,L,REG,9,4,0,L 1
14,1944-12-02,time unavailable,H,New York Rangers,4,3,W,REG,10,4,0,W 1
15,1944-12-03,time unavailable,@,Boston Bruins,4,5,L,REG,10,5,0,L 1
16,1944-12-09,time unavailable,H,Boston Bruins,3,5,L,REG,10,6,0,L 2
17,1944-12-14,time unavailable,@,Montreal Canadiens,2,2,T,REG,10,6,1,T 1
18,1944-12-16,time unavailable,H,Detroit Red Wings,1,1,T,REG,10,6,2,T 2
19,1944-12-23,time unavailable,H,Detroit Red Wings,4,5,L,REG,10,7,2,L 1
20,1944-12-25,time unavailable,@,Detroit Red Wings,4,6,L,REG,10,8,2,L 2
21,1944-12-27,time unavailable,@,New York Rangers,8,2,W,REG,11,8,2,W 1
22,1944-12-30,time unavailable,H,Chicago Black Hawks,4,0,W,REG,12,8,2,W 2
23,1945-01-04,time unavailable,H,Montreal Canadiens,4,2,W,REG,13,8,2,W 3
24,1945-01-06,time unavailable,H,Detroit Red Wings,2,5,L,REG,13,9,2,L 1
25,1945-01-09,time unavailable,H,New York Rangers,4,5,L,REG,13,10,2,L 2
26,1945-01-11,time unavailable,@,Montreal Canadiens,4,7,L,REG,13,11,2,L 3
27,1945-01-13,time unavailable,H,Boston Bruins,2,1,W,REG,14,11,2,W 1
28,1945-01-14,time unavailable,@,Detroit Red Wings,0,3,L,REG,14,12,2,L 1
29,1945-01-16,time unavailable,@,Boston Bruins,3,5,L,REG,14,13,2,L 2
30,1945-01-20,time unavailable,H,Chicago Black Hawks,8,4,W,REG,15,13,2,W 1
31,1945-01-21,time unavailable,@,Chicago Black Hawks,0,4,L,REG,15,14,2,L 1
32,1945-01-27,time unavailable,H,New York Rangers,3,0,W,REG,16,14,2,W 1
33,1945-01-28,time unavailable,@,New York Rangers,7,0,W,REG,17,14,2,W 2
34,1945-02-03,time unavailable,H,Boston Bruins,2,4,L,REG,17,15,2,L 1
35,1945-02-04,time unavailable,@,Chicago Black Hawks,4,3,W,REG,18,15,2,W 1
36,1945-02-06,time unavailable,@,Boston Bruins,5,1,W,REG,19,15,2,W 2
37,1945-02-10,time unavailable,H,Chicago Black Hawks,1,2,L,REG,19,16,2,L 1
38,1945-02-11,time unavailable,@,Chicago Black Hawks,1,2,L,REG,19,17,2,L 2
39,1945-02-17,time unavailable,H,Montreal Canadiens,3,4,L,REG,19,18,2,L 3
40,1945-02-18,time unavailable,@,Detroit Red Wings,1,6,L,REG,19,19,2,L 4
41,1945-02-24,time unavailable,H,New York Rangers,4,4,T,REG,19,19,3,T 1
42,1945-02-25,time unavailable,@,Montreal Canadiens,2,5,L,REG,19,20,3,L 1
43,1945-02-27,time unavailable,H,Chicago Black Hawks,3,3,T,REG,19,20,4,T 1
44,1945-03-03,time unavailable,H,Montreal Canadiens,3,2,W,REG,20,20,4,W 1
45,1945-03-04,time unavailable,@,New York Rangers,6,3,W,REG,21,20,4,W 2
46,1945-03-06,time unavailable,@,Boston Bruins,5,2,W,REG,22,20,4,W 3
47,1945-03-10,time unavailable,H,Boston Bruins,9,2,W,REG,23,20,4,W 4
48,1945-03-11,time unavailable,@,Detroit Red Wings,3,2,W,REG,24,20,4,W 5
49,1945-03-17,time unavailable,H,Detroit Red Wings,3,4,L,REG,24,21,4,L 1
50,1945-03-18,time unavailable,@,New York Rangers,5,6,L,REG,24,22,4,L 2

GP,Date,Time,Location,Opponent,GF,GA,Result,Game Ended In,W,L,T,Streak,Notes
1,1945-03-20,time unavailable,@,Montreal Canadiens,1,0,W,REG,1,0,0,W 1
2,1945-03-22,time unavailable,@,Montreal Canadiens,3,2,W,REG,2,0,0,W 2
3,1945-03-24,time unavailable,H,Montreal Canadiens,1,4,L,REG,2,1,0,L 1
4,1945-03-27,time unavailable,H,Montreal Canadiens,4,3,W,OT,3,1,0,W 1
5,1945-03-29,time unavailable,@,Montreal Canadiens,3,10,L,REG,3,2,0,L 1
6,1945-03-31,time unavailable,H,Montreal Canadiens,3,2,W,REG,4,2,0,W 1
7,1945-04-06,time unavailable,@,Detroit Red Wings,1,0,W,REG,5,2,0,W 2
8,1945-04-08,time unavailable,@,Detroit Red Wings,2,0,W,REG,6,2,0,W 3
9,1945-04-12,time unavailable,H,Detroit Red Wings,1,0,W,REG,7,2,0,W 4
10,1945-04-14,time unavailable,H,Detroit Red Wings,3,5,L,REG,7,3,0,L 1
11,1945-04-19,time unavailable,@,Detroit Red Wings,0,2,L,REG,7,4,0,L 2
12,1945-04-21,time unavailable,H,Detroit Red Wings,0,1,L,OT,7,5,0,L 3
13,1945-04-22,time unavailable,@,Detroit Red Wings,2,1,W,REG,8,5,0,W 1

Pete Backor,,n/a,D,25,6-0,190,L/-,R,"April 29, 1919",ca,"4 G, 5 A, 9 P"
Gus Bodnar,,n/a,C,21,5-11,160,R/-,1,"April 24, 1923",ca,"8 G, 36 A, 44 P"
Lorne Carr,,n/a,RW,34,5-8,161,R/-,11,"July 2, 1910",ca,"21 G, 25 A, 46 P"
Bob Davidson,(C),n/a,LW,32,5-11,185,L/-,10,"February 10, 1912",ca,"17 G, 18 A, 35 P"
Bill Ezinicki,,n/a,RW,20,5-10,170,R/-,R,"March 11, 1924",ca,"1 G, 4 A, 5 P"
Reg Hamilton,,n/a,D,30,5-11,180,L/-,9,"April 29, 1914",ca,"3 G, 12 A, 15 P"
Mel Hill,,n/a,RW,30,5-10,175,R/-,7,"February 15, 1914",ca,"18 G, 17 A, 35 P"
Art Jackson,,n/a,C,29,5-8,165,L/-,10,"December 15, 1915",ca,"9 G, 13 A, 22 P"
Ross Johnstone,,n/a,D,18,6-0,185,L/-,1,"April 7, 1926",ca,"3 G, 4 A, 7 P"
Ted Kennedy,,n/a,C,19,5-10,170,R/-,2,"December 12, 1925",ca,"29 G, 25 A, 54 P"
Frank McCool,,n/a,G,26,6-0,170,-/L,R,"October 27, 1918",ca,"24-22-4, 3.22 GAA"
John McCreedy,,n/a,RW,33,5-9,160,R/-,1,"March 23, 1911",ca,"2 G, 4 A, 6 P"
Jack McLean,,n/a,C,22,5-8,165,R/-,2,"January 31, 1923",ca,"2 G, 1 A, 3 P"
Nick Metz,,n/a,LW,30,5-11,160,L/-,8,"February 16, 1914",ca,"22 G, 13 A, 35 P"
Moe Morris,,n/a,D,24,5-8,187,L/-,1,"January 3, 1921",ca,"0 G, 2 A, 2 P"
Tom O'Neill,,n/a,RW,21,5-10,155,R/-,1,"September 28, 1923",ca,"2 G, 5 A, 7 P"
Babe Pratt,,n/a,D,29,6-3,212,L/-,9,"January 7, 1916",ca,"18 G, 23 A, 41 P"
Sweeney Schriner,,n/a,LW,33,6-0,185,L/-,9,"November 30, 1911",ru,"22 G, 15 A, 37 P"
Wally Stanowski,,n/a,D,25,5-11,180,L/-,3,"April 28, 1919",ca,"2 G, 9 A, 11 P"
