Columbus Blue Jackets,CBJ,nhl
2009-10,2010
37
82
0
GP,Date,Time,Location,Opponent,GF,GA,Result,Game Ended In,W,L,OL,Streak,S,PIM,PPG,SHG,S,PIM,PPG,SHG,Notes
1,2009-10-03,time unavailable,H,Minnesota Wild,2,1,W,REG,1,0,0,W 1,39,8,0,1,33,6,1,0
2,2009-10-05,time unavailable,@,Vancouver Canucks,5,3,W,REG,2,0,0,W 2,24,8,1,0,43,8,0,0
3,2009-10-08,time unavailable,@,San Jose Sharks,3,6,L,REG,2,1,0,L 1,27,20,1,0,28,20,0,0
4,2009-10-10,time unavailable,@,Phoenix Coyotes,2,0,W,REG,3,1,0,W 1,19,16,0,0,36,6,0,0
5,2009-10-13,time unavailable,H,Calgary Flames,2,1,W,REG,4,1,0,W 2,33,11,1,0,23,17,0,0
6,2009-10-17,time unavailable,H,Los Angeles Kings,4,1,W,REG,5,1,0,W 3,24,12,2,1,28,14,0,0
7,2009-10-20,time unavailable,@,Calgary Flames,3,6,L,REG,5,2,0,L 1,30,15,2,1,22,21,0,0
8,2009-10-22,time unavailable,@,Edmonton Oilers,4,6,L,REG,5,3,0,L 2,32,16,1,0,32,10,3,0
9,2009-10-24,time unavailable,@,Anaheim Ducks,6,4,W,REG,6,3,0,W 1,37,6,0,0,36,6,2,0
10,2009-10-25,time unavailable,@,Los Angeles Kings,2,6,L,REG,6,4,0,L 1,27,26,1,0,25,8,2,0
11,2009-10-28,time unavailable,H,Phoenix Coyotes,1,4,L,REG,6,5,0,L 2,32,24,1,0,23,24,3,0
12,2009-10-30,time unavailable,H,Pittsburgh Penguins,3,4,L,SO,6,5,1,L 3,32,12,1,0,32,16,0,1
13,2009-11-01,time unavailable,@,Washington Capitals,5,4,W,OT,7,5,1,W 1,32,22,2,0,36,14,1,0
14,2009-11-04,time unavailable,H,San Jose Sharks,2,3,L,SO,7,5,2,L 1,28,14,1,0,38,22,1,0
15,2009-11-05,time unavailable,@,Atlanta Thrashers,4,3,W,REG,8,5,2,W 1,21,16,0,0,35,4,2,0
16,2009-11-07,time unavailable,H,Carolina Hurricanes,3,2,W,REG,9,5,2,W 2,26,10,0,0,26,6,0,0
17,2009-11-11,time unavailable,H,Detroit Red Wings,1,9,L,REG,9,6,2,L 1,26,13,0,0,39,9,2,0
18,2009-11-13,time unavailable,H,Anaheim Ducks,3,2,W,SO,10,6,2,W 1,29,10,1,0,34,10,0,0
19,2009-11-16,time unavailable,H,Edmonton Oilers,3,2,W,SO,11,6,2,W 2,32,24,2,0,25,22,2,0
20,2009-11-19,time unavailable,@,Dallas Stars,4,1,W,REG,12,6,2,W 3,28,29,3,1,26,44,0,0
21,2009-11-21,time unavailable,@,Nashville Predators,3,4,L,SO,12,6,3,L 1,29,16,1,0,48,6,2,1
22,2009-11-23,time unavailable,@,New York Rangers,4,7,L,REG,12,7,3,L 2,30,18,0,0,33,12,1,0
23,2009-11-24,time unavailable,@,Montreal Canadiens,3,5,L,REG,12,8,3,L 3,36,6,2,0,29,8,0,0
24,2009-11-26,time unavailable,@,Ottawa Senators,1,2,L,REG,12,9,3,L 4,33,8,1,0,36,12,1,0
25,2009-11-28,time unavailable,H,Calgary Flames,3,4,L,SO,12,9,4,L 5,32,6,1,0,32,4,1,0
26,2009-11-30,time unavailable,H,St. Louis Blues,5,2,W,REG,13,9,4,W 1,27,8,0,0,29,10,1,0
27,2009-12-01,time unavailable,@,Chicago Blackhawks,3,4,L,SO,13,9,5,L 1,23,8,0,0,26,6,2,1
28,2009-12-03,time unavailable,H,Toronto Maple Leafs,3,6,L,REG,13,10,5,L 2,36,13,2,0,25,17,0,1
29,2009-12-05,time unavailable,H,Colorado Avalanche,2,3,L,REG,13,11,5,L 3,31,11,0,0,19,13,0,0
30,2009-12-09,time unavailable,H,Florida Panthers,3,0,W,REG,14,11,5,W 1,32,6,0,0,32,14,0,0
31,2009-12-10,time unavailable,@,Nashville Predators,3,4,L,SO,14,11,6,L 1,31,6,1,0,39,4,0,0
32,2009-12-12,time unavailable,H,Anaheim Ducks,1,3,L,REG,14,12,6,L 2,36,16,0,0,25,20,1,0
33,2009-12-14,time unavailable,H,Nashville Predators,3,5,L,REG,14,13,6,L 3,31,8,2,0,32,16,0,0
34,2009-12-15,time unavailable,@,Minnesota Wild,1,2,L,REG,14,14,6,L 4,22,2,0,0,23,2,0,0
35,2009-12-17,time unavailable,H,Phoenix Coyotes,1,2,L,SO,14,14,7,L 5,39,19,1,0,27,15,0,0
36,2009-12-19,time unavailable,@,Colorado Avalanche,2,5,L,REG,14,15,7,L 6,30,10,2,0,31,6,2,0
37,2009-12-21,time unavailable,@,Phoenix Coyotes,2,5,L,REG,14,16,7,L 7,27,36,0,0,23,16,1,0
38,2009-12-23,time unavailable,@,Dallas Stars,1,3,L,REG,14,17,7,L 8,34,17,0,0,28,17,0,0
39,2009-12-26,time unavailable,@,Detroit Red Wings,1,2,L,REG,14,18,7,L 9,29,12,0,0,27,10,1,0
40,2009-12-28,time unavailable,H,Detroit Red Wings,1,0,W,OT,15,18,7,W 1,40,20,0,0,34,18,0,0
41,2009-12-29,time unavailable,@,New York Islanders,1,2,L,SO,15,18,8,L 1,42,8,0,0,25,6,0,0
42,2009-12-31,time unavailable,H,Nashville Predators,1,2,L,OT,15,18,9,L 2,32,4,0,0,29,2,0,0
43,2010-01-02,time unavailable,H,Colorado Avalanche,2,3,L,REG,15,19,9,L 3,28,17,1,0,37,13,1,0
44,2010-01-05,time unavailable,@,Vancouver Canucks,3,7,L,REG,15,20,9,L 4,32,6,0,0,24,10,1,1
45,2010-01-07,time unavailable,@,Edmonton Oilers,4,2,W,REG,16,20,9,W 1,29,8,1,0,26,6,0,0
46,2010-01-08,time unavailable,@,Calgary Flames,3,2,W,REG,17,20,9,W 2,22,6,0,0,22,4,0,0
47,2010-01-10,time unavailable,H,Dallas Stars,2,0,W,REG,18,20,9,W 3,41,8,1,0,26,10,0,0
48,2010-01-12,time unavailable,@,St. Louis Blues,1,4,L,REG,18,21,9,L 1,27,38,1,0,23,42,1,0
49,2010-01-14,time unavailable,@,Chicago Blackhawks,0,3,L,REG,18,22,9,L 2,24,4,0,0,36,4,0,0
50,2010-01-16,time unavailable,H,Chicago Blackhawks,5,6,L,REG,18,23,9,L 3,26,4,0,0,31,8,2,0
51,2010-01-18,time unavailable,H,St. Louis Blues,4,2,W,REG,19,23,9,W 1,30,8,1,0,32,8,1,0
52,2010-01-19,time unavailable,@,Philadelphia Flyers,3,5,L,REG,19,24,9,L 1,28,15,2,0,37,11,1,0
53,2010-01-21,time unavailable,@,Boston Bruins,3,2,W,REG,20,24,9,W 1,25,11,1,0,34,13,0,0
54,2010-01-23,time unavailable,@,Minnesota Wild,2,4,L,REG,20,25,9,L 1,24,22,0,0,28,16,0,0
55,2010-01-26,time unavailable,H,Nashville Predators,3,2,W,REG,21,25,9,W 1,17,6,1,0,31,8,0,0
56,2010-01-28,time unavailable,H,Los Angeles Kings,1,4,L,REG,21,26,9,L 1,30,6,0,0,18,6,1,0
57,2010-01-30,time unavailable,@,St. Louis Blues,3,2,W,OT,22,26,9,W 1,19,15,1,0,27,25,2,0
58,2010-02-02,time unavailable,@,Colorado Avalanche,1,5,L,REG,22,27,9,L 1,21,6,0,1,26,12,0,2
59,2010-02-04,time unavailable,H,Dallas Stars,2,1,W,REG,23,27,9,W 1,26,6,0,0,23,0,0,0
60,2010-02-06,time unavailable,H,Buffalo Sabres,4,0,W,REG,24,27,9,W 2,25,20,2,0,28,22,0,0
61,2010-02-10,time unavailable,H,San Jose Sharks,3,0,W,REG,25,27,9,W 3,21,6,0,0,40,6,0,0
62,2010-02-12,time unavailable,H,Vancouver Canucks,3,4,L,REG,25,28,9,L 1,35,8,0,0,35,4,1,0
63,2010-02-14,time unavailable,H,Chicago Blackhawks,4,5,L,SO,25,28,10,L 2,28,15,2,0,37,27,1,0
64,2010-03-02,time unavailable,H,Vancouver Canucks,3,4,L,OT,25,28,11,L 3,30,12,0,0,31,16,1,0
65,2010-03-06,time unavailable,@,San Jose Sharks,1,2,L,REG,25,29,11,L 4,22,21,0,0,44,13,1,0
66,2010-03-08,time unavailable,@,Los Angeles Kings,0,6,L,REG,25,30,11,L 5,11,27,0,0,35,10,3,0
67,2010-03-09,time unavailable,@,Anaheim Ducks,5,2,W,REG,26,30,11,W 1,29,33,3,0,38,43,0,0
68,2010-03-11,time unavailable,H,Atlanta Thrashers,2,1,W,REG,27,30,11,W 2,21,6,1,0,29,10,0,0
69,2010-03-13,time unavailable,H,St. Louis Blues,1,5,L,REG,27,31,11,L 1,25,12,0,0,36,16,2,1
70,2010-03-15,time unavailable,H,Edmonton Oilers,5,3,W,REG,28,31,11,W 1,29,13,0,0,32,11,0,0
71,2010-03-19,time unavailable,H,Minnesota Wild,4,2,W,REG,29,31,11,W 2,32,6,0,0,20,10,0,0
72,2010-03-20,time unavailable,@,Nashville Predators,0,1,L,OT,29,31,12,L 1,33,6,0,0,31,4,0,0
73,2010-03-23,time unavailable,@,New Jersey Devils,3,6,L,REG,29,32,12,L 2,22,19,0,0,30,23,3,0
74,2010-03-25,time unavailable,H,Chicago Blackhawks,8,3,W,REG,30,32,12,W 1,32,15,1,0,41,9,1,0
75,2010-03-27,time unavailable,H,New York Islanders,3,4,L,OT,30,32,13,L 1,37,0,1,0,28,8,0,0
76,2010-03-28,time unavailable,@,Chicago Blackhawks,4,2,W,REG,31,32,13,W 1,20,8,0,0,35,8,0,1
77,2010-03-30,time unavailable,H,Tampa Bay Lightning,3,2,W,REG,32,32,13,W 2,25,18,1,0,18,22,1,0
78,2010-04-01,time unavailable,@,Detroit Red Wings,2,3,L,REG,32,33,13,L 1,22,6,1,0,32,4,1,0
79,2010-04-03,time unavailable,H,Washington Capitals,2,3,L,REG,32,34,13,L 2,36,12,0,1,27,6,1,0
80,2010-04-05,time unavailable,@,St. Louis Blues,1,2,L,OT,32,34,14,L 3,28,14,1,0,34,14,1,0
81,2010-04-07,time unavailable,@,Detroit Red Wings,3,4,L,REG,32,35,14,L 4,24,27,0,0,35,9,2,0
82,2010-04-09,time unavailable,H,Detroit Red Wings,0,1,L,SO,32,35,15,L 5,22,10,0,0,45,10,0,0

Time,Location,Result,Game Ended In

Mike Blunden,,12,RW,23,6-4,216,R/-,2,"December 15, 1986",ca,"2 G, 2 A, 4 P"
Jared Boll,,40,RW,23,6-3,209,R/-,2,"May 13, 1986",us,"4 G, 3 A, 7 P"
Derick Brassard,,16,C,22,6-1,205,L/-,2,"September 22, 1987",ca,"9 G, 27 A, 36 P"
Jason Chimera,,25,LW,30,6-3,216,L/-,8,"May 2, 1979",ca,"8 G, 9 A, 17 P"
Chris Clark,,11,RW,33,6-0,191,R/-,9,"March 8, 1976",us,"3 G, 2 A, 5 P"
Grant Clitsome,,44,D,24,5-11,215,L/-,R,"April 14, 1985",ca,"1 G, 2 A, 3 P"
Mike Commodore,,22,D,30,6-4,227,R/-,8,"November 7, 1979",ca,"2 G, 9 A, 11 P"
Derek Dorsett,,15,RW,23,6-0,192,R/-,1,"December 20, 1986",ca,"4 G, 10 A, 14 P"
Nikita Filatov,,28,LW,19,6-0,190,R/-,1,"May 25, 1990",su,"2 G, 0 A, 2 P"
Trevor Frischmon,,38,C,28,6-0,202,L/-,R,"August 5, 1981",us,"0 G, 0 A, 0 P"
Mathieu Garon,,32,G,32,6-1,206,-/R,8,"January 9, 1978",ca,"12-9-6, 2.81 GAA"
Jan Hejda,,8,D,31,6-4,237,L/-,3,"June 18, 1978",cs,"3 G, 10 A, 13 P"
Kristian Huselius,,20,LW,31,6-2,184,L/-,7,"November 10, 1978",se,"23 G, 40 A, 63 P"
Milan Jurcina,,23,D,26,6-4,253,R/-,4,"June 7, 1983",cs,"1 G, 2 A, 3 P"
Tomas Kana,,46,C,22,6-0,204,R/-,R,"November 29, 1987",cs,"0 G, 2 A, 2 P"
Rostislav Klesla,,97,D,27,6-3,223,L/-,8,"March 21, 1982",cs,"2 G, 6 A, 8 P"
Chad Kolarik,,42,RW,24,5-11,185,R/-,R,"January 26, 1986",us,"0 G, 0 A, 0 P"
Derek MacKenzie,,24,C,28,5-11,181,L/-,6,"June 11, 1981",ca,"1 G, 3 A, 4 P"
Steve Mason,,1,G,21,6-4,210,-/R,1,"May 29, 1988",ca,"20-26-9, 3.06 GAA"
Maksim Mayorov,,43,LW,20,6-2,202,L/-,1,"March 26, 1989",su,"0 G, 0 A, 0 P"
Marc Methot,,3,D,24,6-3,228,L/-,3,"June 21, 1985",ca,"2 G, 6 A, 8 P"
Fredrik Modin,,33,LW,35,6-4,220,L/-,12,"October 8, 1974",se,"2 G, 4 A, 6 P"
Greg Moore,,39,RW,25,6-1,225,R/-,1,"March 26, 1984",us,"0 G, 0 A, 0 P"
Andrew Murray,,17,C,28,6-2,210,L/-,2,"November 6, 1981",ca,"5 G, 2 A, 7 P"
Rick Nash,(C),61,LW,25,6-4,220,L/-,6,"June 16, 1984",ca,"33 G, 34 A, 67 P"
Nathan Paetsch,,4,D,26,6-0,195,L/-,4,"March 30, 1983",ca,"0 G, 0 A, 0 P"
Samuel Pahlsson,,26,C,32,6-0,202,L/-,8,"December 17, 1977",se,"3 G, 13 A, 16 P"
Alexandre Picard,,21,LW,24,6-2,206,L/-,4,"October 9, 1985",ca,"0 G, 0 A, 0 P"
Mathieu Roy,,36,D,26,6-2,214,R/-,3,"August 10, 1983",ca,"0 G, 10 A, 10 P"
Kris Russell,,10,D,22,5-10,170,L/-,2,"May 2, 1987",ca,"7 G, 15 A, 22 P"
Tom Sestito,,23,LW,22,6-5,228,L/-,1,"September 28, 1987",us,"0 G, 0 A, 0 P"
Anton Stralman,,6,D,23,5-11,190,R/-,2,"August 1, 1986",se,"6 G, 28 A, 34 P"
Raffi Torres,,14,LW,28,6-0,210,L/-,7,"October 8, 1981",ca,"19 G, 12 A, 31 P"
Fedor Tyutin,,51,D,26,6-2,221,L/-,5,"July 19, 1983",su,"6 G, 26 A, 32 P"
R.J. Umberger,,18,C,27,6-2,214,L/-,4,"May 3, 1982",us,"23 G, 32 A, 55 P"
Antoine Vermette,,50,C,27,6-1,198,L/-,5,"July 20, 1982",ca,"27 G, 38 A, 65 P"
Jakub Voracek,,93,RW,20,6-2,214,L/-,1,"August 15, 1989",cs,"16 G, 34 A, 50 P"
