New York Rangers,NYR,nhl
1960-61,1961
39
70
0
GP,Date,Time,Location,Opponent,GF,GA,Result,Game Ended In,W,L,T,Streak,Notes
1,1960-10-05,time unavailable,H,Boston Bruins,2,1,W,REG,1,0,0,W 1
2,1960-10-08,time unavailable,@,Toronto Maple Leafs,5,2,W,REG,2,0,0,W 2
3,1960-10-09,time unavailable,@,Chicago Black Hawks,2,3,L,REG,2,1,0,L 1
4,1960-10-11,time unavailable,H,Montreal Canadiens,2,3,L,REG,2,2,0,L 2
5,1960-10-15,time unavailable,@,Montreal Canadiens,4,8,L,REG,2,3,0,L 3
6,1960-10-16,time unavailable,H,Toronto Maple Leafs,2,7,L,REG,2,4,0,L 4
7,1960-10-19,time unavailable,H,Chicago Black Hawks,2,0,W,REG,3,4,0,W 1
8,1960-10-23,time unavailable,H,Montreal Canadiens,2,4,L,REG,3,5,0,L 1
9,1960-10-26,time unavailable,H,Detroit Red Wings,4,3,W,REG,4,5,0,W 1
10,1960-10-27,time unavailable,@,Boston Bruins,4,6,L,REG,4,6,0,L 1
11,1960-10-30,time unavailable,H,Toronto Maple Leafs,1,3,L,REG,4,7,0,L 2
12,1960-11-02,time unavailable,@,Chicago Black Hawks,4,4,T,REG,4,7,1,T 1
13,1960-11-05,time unavailable,@,Toronto Maple Leafs,3,7,L,REG,4,8,1,L 1
14,1960-11-06,time unavailable,@,Detroit Red Wings,2,5,L,REG,4,9,1,L 2
15,1960-11-09,time unavailable,H,Detroit Red Wings,3,4,L,REG,4,10,1,L 3
16,1960-11-10,time unavailable,@,Montreal Canadiens,7,9,L,REG,4,11,1,L 4
17,1960-11-13,time unavailable,H,Montreal Canadiens,1,2,L,REG,4,12,1,L 5
18,1960-11-16,time unavailable,H,Boston Bruins,4,3,W,REG,5,12,1,W 1
19,1960-11-20,time unavailable,H,Detroit Red Wings,3,4,L,REG,5,13,1,L 1
20,1960-11-23,time unavailable,H,Boston Bruins,6,3,W,REG,6,13,1,W 1
21,1960-11-24,time unavailable,@,Boston Bruins,5,3,W,REG,7,13,1,W 2
22,1960-11-27,time unavailable,H,Chicago Black Hawks,3,3,T,REG,7,13,2,T 1
23,1960-12-03,time unavailable,@,Toronto Maple Leafs,2,5,L,REG,7,14,2,L 1
24,1960-12-04,time unavailable,@,Detroit Red Wings,4,1,W,REG,8,14,2,W 1
25,1960-12-07,time unavailable,H,Detroit Red Wings,1,3,L,REG,8,15,2,L 1
26,1960-12-10,time unavailable,@,Boston Bruins,3,0,W,REG,9,15,2,W 1
27,1960-12-11,time unavailable,H,Boston Bruins,2,2,T,REG,9,15,3,T 1
28,1960-12-14,time unavailable,@,Chicago Black Hawks,0,4,L,REG,9,16,3,L 1
29,1960-12-15,time unavailable,@,Detroit Red Wings,1,1,T,REG,9,16,4,T 1
30,1960-12-17,time unavailable,@,Montreal Canadiens,0,2,L,REG,9,17,4,L 1
31,1960-12-18,time unavailable,H,Toronto Maple Leafs,2,3,L,REG,9,18,4,L 2
32,1960-12-21,time unavailable,H,Chicago Black Hawks,2,2,T,REG,9,18,5,T 1
33,1960-12-25,time unavailable,H,Montreal Canadiens,4,1,W,REG,10,18,5,W 1
34,1960-12-28,time unavailable,H,Detroit Red Wings,3,4,L,REG,10,19,5,L 1
35,1960-12-31,time unavailable,@,Toronto Maple Leafs,1,2,L,REG,10,20,5,L 2
36,1961-01-01,time unavailable,H,Toronto Maple Leafs,1,4,L,REG,10,21,5,L 3
37,1961-01-04,time unavailable,H,Chicago Black Hawks,2,3,L,REG,10,22,5,L 4
38,1961-01-07,time unavailable,@,Montreal Canadiens,3,6,L,REG,10,23,5,L 5
39,1961-01-08,time unavailable,H,Montreal Canadiens,4,2,W,REG,11,23,5,W 1
40,1961-01-12,time unavailable,@,Boston Bruins,4,4,T,REG,11,23,6,T 1
41,1961-01-14,time unavailable,@,Detroit Red Wings,2,2,T,REG,11,23,7,T 2
42,1961-01-15,time unavailable,@,Chicago Black Hawks,3,1,W,REG,12,23,7,W 1
43,1961-01-18,time unavailable,@,Toronto Maple Leafs,4,4,T,REG,12,23,8,T 1
44,1961-01-21,time unavailable,@,Chicago Black Hawks,3,5,L,REG,12,24,8,L 1
45,1961-01-22,time unavailable,@,Detroit Red Wings,5,3,W,REG,13,24,8,W 1
46,1961-01-25,time unavailable,H,Boston Bruins,2,1,W,REG,14,24,8,W 2
47,1961-01-29,time unavailable,H,Toronto Maple Leafs,1,4,L,REG,14,25,8,L 1
48,1961-02-01,time unavailable,H,Chicago Black Hawks,3,1,W,REG,15,25,8,W 1
49,1961-02-02,time unavailable,@,Montreal Canadiens,5,7,L,REG,15,26,8,L 1
50,1961-02-04,time unavailable,@,Boston Bruins,2,1,W,REG,16,26,8,W 1
51,1961-02-05,time unavailable,H,Boston Bruins,5,2,W,REG,17,26,8,W 2
52,1961-02-08,time unavailable,@,Toronto Maple Leafs,3,5,L,REG,17,27,8,L 1
53,1961-02-09,time unavailable,@,Detroit Red Wings,2,4,L,REG,17,28,8,L 2
54,1961-02-11,time unavailable,H,Montreal Canadiens,3,3,T,REG,17,28,9,T 1
55,1961-02-12,time unavailable,@,Boston Bruins,3,8,L,REG,17,29,9,L 1
56,1961-02-15,time unavailable,@,Chicago Black Hawks,2,5,L,REG,17,30,9,L 2
57,1961-02-18,time unavailable,@,Montreal Canadiens,4,7,L,REG,17,31,9,L 3
58,1961-02-19,time unavailable,H,Toronto Maple Leafs,4,2,W,REG,18,31,9,W 1
59,1961-02-22,time unavailable,H,Chicago Black Hawks,4,2,W,REG,19,31,9,W 2
60,1961-02-26,time unavailable,H,Montreal Canadiens,1,3,L,REG,19,32,9,L 1
61,1961-03-01,time unavailable,H,Boston Bruins,3,1,W,REG,20,32,9,W 1
62,1961-03-02,time unavailable,@,Chicago Black Hawks,1,7,L,REG,20,33,9,L 1
63,1961-03-04,time unavailable,@,Toronto Maple Leafs,4,5,L,REG,20,34,9,L 2
64,1961-03-05,time unavailable,H,Detroit Red Wings,8,3,W,REG,21,34,9,W 1
65,1961-03-08,time unavailable,H,Chicago Black Hawks,3,4,L,REG,21,35,9,L 1
66,1961-03-09,time unavailable,@,Montreal Canadiens,1,6,L,REG,21,36,9,L 2
67,1961-03-12,time unavailable,H,Detroit Red Wings,7,3,W,REG,22,36,9,W 1
68,1961-03-14,time unavailable,@,Detroit Red Wings,2,5,L,REG,22,37,9,L 1
69,1961-03-15,time unavailable,@,Boston Bruins,2,6,L,REG,22,38,9,L 2
70,1961-03-19,time unavailable,H,Toronto Maple Leafs,2,2,T,REG,22,38,10,T 1

Time,Location,Result,Game Ended In

Dave Balon,,11,LW,22,5-10,180,L/-,1,"August 2, 1938",ca,"1 G, 2 A, 3 P"
Andy Bathgate,,9,RW,28,6-0,180,R/-,8,"August 28, 1932",ca,"29 G, 48 A, 77 P"
Danny Belisle,,19,RW,23,5-10,164,R/-,R,"May 9, 1937",ca,"2 G, 0 A, 2 P"
Brian Cullen,,14,C,27,5-10,160,L/-,6,"November 11, 1933",ca,"11 G, 19 A, 30 P"
Bob Cunningham,,19,C/LW,19,5-11,168,L/-,R,"February 26, 1941",ca,"0 G, 1 A, 1 P"
Lou Fontinato,,8,D,29,6-1,195,L/-,6,"January 20, 1932",ca,"2 G, 3 A, 5 P"
Bill Gadsby,,4,D,33,6-0,180,L/-,14,"August 8, 1927",ca,"9 G, 26 A, 35 P"
Rod Gilbert,,16,RW,19,5-9,180,R/-,R,"July 1, 1941",ca,"0 G, 1 A, 1 P"
Wayne Hall,,19,LW,21,5-9,165,L/-,R,"May 22, 1939",ca,"0 G, 0 A, 0 P"
Ted Hampson,,22,C,24,5-8,173,L/-,1,"December 11, 1936",ca,"6 G, 14 A, 20 P"
John Hanna,,2,D,25,5-11,175,R/-,2,"April 5, 1935",ca,"1 G, 8 A, 9 P"
Pat Hannigan,,6,LW,24,5-10,183,R/-,1,"March 5, 1936",ca,"11 G, 9 A, 20 P"
Andy Hebenton,,12,RW,31,5-9,180,L/-,5,"October 3, 1929",ca,"26 G, 28 A, 54 P"
Camille Henry,,21,C,28,5-9,152,L/-,6,"January 31, 1933",ca,"28 G, 25 A, 53 P"
Harry Howell,,3,D,28,6-1,195,L/-,8,"December 28, 1932",ca,"7 G, 10 A, 17 P"
Ron Hutchinson,,11,C,24,5-10,165,L/-,R,"October 24, 1936",ca,"0 G, 0 A, 0 P"
Earl Ingarfield,,10,C,26,5-11,185,L/-,2,"October 25, 1934",ca,"13 G, 21 A, 34 P"
Don Johns,,5,D,23,6-0,180,R/-,R,"December 13, 1937",ca,"1 G, 7 A, 8 P"
Bob Kabel,,11,C,26,6-0,183,R/-,1,"November 11, 1934",ca,"0 G, 2 A, 2 P"
Orland Kurtenbach,,25,C,24,6-2,180,L/-,R,"September 7, 1936",ca,"0 G, 6 A, 6 P"
Phil Latreille,,18,RW,22,5-10,185,R/-,R,"April 22, 1938",ca,"0 G, 0 A, 0 P"
Al LeBrun,,18,D,20,6-0,185,R/-,R,"December 1, 1940",ca,"0 G, 2 A, 2 P"
Jack McCartan,,1,G,25,6-1,195,L/-,1,"August 5, 1935",us,"1-6-1, 4.77 GAA"
Jim Morrison,,2,D,29,5-10,183,L/-,9,"October 11, 1931",ca,"1 G, 6 A, 7 P"
Marcel Paille,,1,G,28,5-8,175,-/L,3,"December 8, 1932",ca,"1-2-1, 4.00 GAA"
Larry Popein,,19,C,30,5-10,165,L/-,6,"August 11, 1930",ca,"0 G, 1 A, 1 P"
Dean Prentice,,17,LW,28,5-11,180,L/-,8,"October 5, 1932",ca,"20 G, 25 A, 45 P"
Noel Price,,15,D,25,6-0,190,L/-,3,"December 9, 1935",ca,"0 G, 0 A, 0 P"
Jean Ratelle,,14,C,20,6-1,180,L/-,R,"October 3, 1940",ca,"2 G, 1 A, 3 P"
Leon Rochefort,,16,RW,21,6-0,185,R/-,R,"May 4, 1939",ca,"0 G, 0 A, 0 P"
Len Ronson,,19,LW,24,5-9,175,L/-,R,"July 8, 1936",ca,"2 G, 1 A, 3 P"
Joe Schaefer,,1,G,36,5-8,165,-/L,1,"December 21, 1924",us,"0-1-0, 3.83 GAA"
Ken Schinkel,,18,RW,28,5-10,172,R/-,1,"November 27, 1932",ca,"2 G, 6 A, 8 P"
Eddie Shack,,6,LW,23,6-1,200,L/-,2,"February 11, 1937",ca,"1 G, 2 A, 3 P"
Floyd Smith,,19,RW,25,5-10,180,R/-,2,"May 16, 1935",ca,"5 G, 9 A, 14 P"
Irv Spencer,,15,D,23,5-10,180,L/-,1,"December 4, 1937",ca,"1 G, 8 A, 9 P"
Red Sullivan,(C),7,C,31,5-11,155,L/-,9,"December 24, 1929",ca,"9 G, 31 A, 40 P"
Johnny Wilson,,16,LW,31,5-11,168,L/-,10,"June 14, 1929",ca,"14 G, 12 A, 26 P"
Gump Worsley,,1,G,31,5-7,180,-/L,7,"May 14, 1929",ca,"20-29-8, 3.28 GAA"
