Detroit Red Wings,DET,nhl
1938-39,1939
33
48
3,3
GP,Date,Time,Location,Opponent,GF,GA,Result,Game Ended In,W,L,T,Streak,Notes
1,1938-11-06,time unavailable,H,Boston Bruins,1,4,L,REG,0,1,0,L 1
2,1938-11-10,time unavailable,H,New York Americans,1,2,L,REG,0,2,0,L 2
3,1938-11-13,time unavailable,H,New York Rangers,3,4,L,REG,0,3,0,L 3
4,1938-11-15,time unavailable,@,New York Rangers,0,2,L,REG,0,4,0,L 4
5,1938-11-17,time unavailable,@,Montreal Canadiens,7,1,W,REG,1,4,0,W 1
6,1938-11-20,time unavailable,@,Boston Bruins,1,4,L,REG,1,5,0,L 1
7,1938-11-24,time unavailable,H,Chicago Black Hawks,4,2,W,REG,2,5,0,W 1
8,1938-11-26,time unavailable,@,Toronto Maple Leafs,0,5,L,REG,2,6,0,L 1
9,1938-11-27,time unavailable,H,Montreal Canadiens,2,3,L,REG,2,7,0,L 2
10,1938-12-01,time unavailable,@,Chicago Black Hawks,4,1,W,REG,3,7,0,W 1
11,1938-12-04,time unavailable,H,Toronto Maple Leafs,1,0,W,REG,4,7,0,W 2
12,1938-12-08,time unavailable,H,New York Americans,1,1,T,OT,4,7,1,T 1
13,1938-12-11,time unavailable,@,Montreal Canadiens,2,4,L,REG,4,8,1,L 1
14,1938-12-13,time unavailable,@,New York Americans,1,5,L,REG,4,9,1,L 2
15,1938-12-18,time unavailable,H,Boston Bruins,0,2,L,REG,4,10,1,L 3
16,1938-12-20,time unavailable,@,New York Rangers,2,6,L,REG,4,11,1,L 4
17,1938-12-22,time unavailable,@,Chicago Black Hawks,3,3,T,OT,4,11,2,T 1
18,1938-12-24,time unavailable,@,Toronto Maple Leafs,0,2,L,REG,4,12,2,L 1
19,1938-12-25,time unavailable,H,Montreal Canadiens,4,1,W,REG,5,12,2,W 1
20,1938-12-29,time unavailable,H,Chicago Black Hawks,4,1,W,REG,6,12,2,W 2
21,1939-01-01,time unavailable,@,Boston Bruins,1,4,L,REG,6,13,2,L 1
22,1939-01-02,time unavailable,@,New York Rangers,0,3,L,REG,6,14,2,L 2
23,1939-01-05,time unavailable,@,New York Americans,6,6,T,OT,6,14,3,T 1
24,1939-01-08,time unavailable,@,Montreal Canadiens,1,1,T,OT,6,14,4,T 2
25,1939-01-10,time unavailable,H,Montreal Canadiens,3,0,W,REG,7,14,4,W 1
26,1939-01-15,time unavailable,H,Toronto Maple Leafs,1,0,W,REG,8,14,4,W 2
27,1939-01-19,time unavailable,H,New York Rangers,4,3,W,REG,9,14,4,W 3
28,1939-01-22,time unavailable,H,Boston Bruins,0,5,L,REG,9,15,4,L 1
29,1939-01-26,time unavailable,@,Chicago Black Hawks,1,0,W,REG,10,15,4,W 1
30,1939-01-28,time unavailable,@,Toronto Maple Leafs,0,6,L,REG,10,16,4,L 1
31,1939-01-29,time unavailable,H,Toronto Maple Leafs,2,2,T,OT,10,16,5,T 1
32,1939-02-05,time unavailable,H,New York Americans,7,3,W,REG,11,16,5,W 1
33,1939-02-09,time unavailable,H,Chicago Black Hawks,2,4,L,REG,11,17,5,L 1
34,1939-02-12,time unavailable,@,New York Americans,0,1,L,REG,11,18,5,L 2
35,1939-02-14,time unavailable,@,Boston Bruins,1,2,L,REG,11,19,5,L 3
36,1939-02-16,time unavailable,@,Chicago Black Hawks,1,1,T,OT,11,19,6,T 1
37,1939-02-19,time unavailable,H,Boston Bruins,4,1,W,REG,12,19,6,W 1
38,1939-02-21,time unavailable,@,New York Rangers,3,7,L,REG,12,20,6,L 1
39,1939-02-23,time unavailable,H,New York Rangers,2,4,L,REG,12,21,6,L 2
40,1939-02-26,time unavailable,H,Toronto Maple Leafs,5,1,W,REG,13,21,6,W 1
41,1939-03-02,time unavailable,H,New York Americans,7,3,W,REG,14,21,6,W 2
42,1939-03-05,time unavailable,@,New York Americans,4,2,W,REG,15,21,6,W 3
43,1939-03-07,time unavailable,@,Boston Bruins,0,3,L,REG,15,22,6,L 1
44,1939-03-09,time unavailable,@,Montreal Canadiens,2,3,L,REG,15,23,6,L 2
45,1939-03-11,time unavailable,@,Toronto Maple Leafs,1,5,L,REG,15,24,6,L 3
46,1939-03-12,time unavailable,H,Montreal Canadiens,2,1,W,REG,16,24,6,W 1
47,1939-03-14,time unavailable,H,New York Rangers,3,2,W,REG,17,24,6,W 2
48,1939-03-19,time unavailable,H,Chicago Black Hawks,3,2,W,REG,18,24,6,W 3

GP,Date,Time,Location,Opponent,GF,GA,Result,Game Ended In,W,L,T,Streak,Notes
1,1939-03-21,time unavailable,@,Montreal Canadiens,0,2,L,REG,0,1,0,L 1
2,1939-03-23,time unavailable,H,Montreal Canadiens,7,3,W,REG,1,1,0,W 1
3,1939-03-26,time unavailable,H,Montreal Canadiens,1,0,W,OT,2,1,0,W 2
4,1939-03-28,time unavailable,@,Toronto Maple Leafs,1,4,L,REG,2,2,0,L 1
5,1939-03-30,time unavailable,H,Toronto Maple Leafs,3,1,W,REG,3,2,0,W 1
6,1939-04-01,time unavailable,@,Toronto Maple Leafs,4,5,L,OT,3,3,0,L 1

Sid Abel,,n/a,LW,20,5-11,170,L/-,R,"February 22, 1918",ca,"1 G, 1 A, 2 P"
Larry Aurie,,n/a,RW,33,5-6,148,R/-,11,"February 8, 1905",ca,"1 G, 0 A, 1 P"
Marty Barry,,n/a,C,33,5-11,175,L/-,10,"December 8, 1905",ca,"13 G, 28 A, 41 P"
Phil Besler,,n/a,RW,25,5-11,180,R/-,1,"December 9, 1913",ca,"0 G, 1 A, 1 P"
Ralph Bowman,,n/a,D,27,5-11,190,L/-,5,"June 20, 1911",ca,"2 G, 3 A, 5 P"
Connie Brown,,n/a,C,22,5-7,168,L/-,R,"January 11, 1917",ca,"1 G, 0 A, 1 P"
Mud Bruneteau,,n/a,RW,24,5-11,185,R/-,3,"November 28, 1914",ca,"3 G, 7 A, 10 P"
Eddie Bush,,n/a,D,20,6-1,195,R/-,R,"July 11, 1918",ca,"0 G, 0 A, 0 P"
Charlie Conacher,,n/a,RW,29,6-1,195,R/-,9,"December 20, 1909",ca,"8 G, 15 A, 23 P"
Don Deacon,,n/a,LW,25,5-9,190,L/-,1,"June 2, 1913",ca,"1 G, 3 A, 4 P"
Gus Giesebrecht,,n/a,C,21,6-0,177,L/-,R,"September 14, 1917",ca,"10 G, 10 A, 20 P"
Ebbie Goodfellow,(C),n/a,D,31,6-0,175,L/-,9,"April 9, 1907",ca,"8 G, 8 A, 16 P"
Don Grosso,,n/a,C,23,5-11,170,L/-,R,"April 12, 1915",ca,"1 G, 1 A, 2 P"
Syd Howe,,n/a,LW,27,5-9,165,L/-,9,"September 28, 1911",ca,"16 G, 20 A, 36 P"
Buck Jones,,n/a,D,20,5-11,200,R/-,R,"August 17, 1918",ca,"0 G, 1 A, 1 P"
Jack Keating,,n/a,LW,22,6-0,180,L/-,R,"October 9, 1916",ca,"1 G, 0 A, 1 P"
Pete Kelly,,n/a,RW,25,5-11,170,R/-,4,"May 22, 1913",ca,"4 G, 9 A, 13 P"
Hec Kilrea,,n/a,LW,31,5-8,175,L/-,13,"June 11, 1907",ca,"8 G, 9 A, 17 P"
Ken Kilrea,,n/a,LW,20,6-0,170,L/-,R,"January 16, 1919",ca,"0 G, 0 A, 0 P"
Herbie Lewis,,n/a,LW,32,5-9,163,L/-,10,"April 17, 1906",ca,"6 G, 10 A, 16 P"
Carl Liscombe,,n/a,LW,23,5-7,162,L/-,1,"May 17, 1915",ca,"8 G, 18 A, 26 P"
Charley Mason,,n/a,RW,26,5-10,160,R/-,3,"February 1, 1912",ca,"0 G, 1 A, 1 P"
Bucko McDonald,,n/a,D,24,5-10,205,L/-,4,"October 31, 1914",ca,"0 G, 0 A, 0 P"
Alex Motter,,n/a,C,25,6-0,175,L/-,3,"June 20, 1913",ca,"5 G, 11 A, 16 P"
John Sherf,,n/a,LW,25,5-11,178,L/-,3,"April 8, 1913",us,"0 G, 0 A, 0 P"
Normie Smith,,n/a,G,30,5-7,165,-/L,5,"March 18, 1908",ca,"0-4-0, 3.00 GAA"
Jack Stewart,,n/a,D,21,5-10,190,L/-,R,"May 6, 1917",ca,"0 G, 1 A, 1 P"
Harvey Teno,,n/a,G,23,5-7,175,-/L,R,"February 15, 1915",ca,"2-3-0, 3.00 GAA"
Tiny Thompson,,n/a,G,35,5-10,160,-/L,10,"May 31, 1903",ca,"16-17-6, 2.53 GAA"
Bill Thomson,,n/a,RW,24,5-9,162,R/-,R,"March 23, 1914",gb,"0 G, 0 A, 0 P"
Dave Trottier,,n/a,C,32,5-10,170,L/-,10,"June 25, 1906",ca,"1 G, 1 A, 2 P"
Eddie Wares,,n/a,RW,23,5-11,182,R/-,2,"March 19, 1915",ca,"8 G, 8 A, 16 P"
Doug Young,,n/a,D,30,5-10,190,R/-,7,"October 1, 1908",ca,"1 G, 5 A, 6 P"
