Montreal Canadiens,MTL,nhl
1938-39,1939
25
48
3
GP,Date,Time,Location,Opponent,GF,GA,Result,Game Ended In,W,L,T,Streak,Notes
1,1938-11-06,time unavailable,H,Chicago Black Hawks,2,3,L,REG,0,1,0,L 1
2,1938-11-10,time unavailable,H,Toronto Maple Leafs,0,2,L,REG,0,2,0,L 2
3,1938-11-12,time unavailable,@,Toronto Maple Leafs,1,4,L,REG,0,3,0,L 3
4,1938-11-13,time unavailable,@,Chicago Black Hawks,3,4,L,REG,0,4,0,L 4
5,1938-11-17,time unavailable,H,Detroit Red Wings,1,7,L,REG,0,5,0,L 5
6,1938-11-20,time unavailable,@,New York Rangers,1,2,L,REG,0,6,0,L 6
7,1938-11-22,time unavailable,@,New York Americans,3,7,L,REG,0,7,0,L 7
8,1938-11-24,time unavailable,H,New York Americans,2,2,T,OT,0,7,1,T 1
9,1938-11-27,time unavailable,@,Detroit Red Wings,3,2,W,REG,1,7,1,W 1
10,1938-12-01,time unavailable,H,Boston Bruins,2,0,W,REG,2,7,1,W 2
11,1938-12-03,time unavailable,@,Toronto Maple Leafs,3,1,W,REG,3,7,1,W 3
12,1938-12-08,time unavailable,H,New York Rangers,5,6,L,REG,3,8,1,L 1
13,1938-12-11,time unavailable,H,Detroit Red Wings,4,2,W,REG,4,8,1,W 1
14,1938-12-13,time unavailable,@,Boston Bruins,2,3,L,REG,4,9,1,L 1
15,1938-12-15,time unavailable,H,Boston Bruins,0,1,L,REG,4,10,1,L 2
16,1938-12-18,time unavailable,@,New York Americans,2,5,L,REG,4,11,1,L 3
17,1938-12-22,time unavailable,H,New York Rangers,2,5,L,REG,4,12,1,L 4
18,1938-12-25,time unavailable,@,Detroit Red Wings,1,4,L,REG,4,13,1,L 5
19,1938-12-27,time unavailable,H,Chicago Black Hawks,1,4,L,REG,4,14,1,L 6
20,1939-01-01,time unavailable,@,Chicago Black Hawks,4,3,W,OT,5,14,1,W 1
21,1939-01-03,time unavailable,@,Toronto Maple Leafs,2,2,T,OT,5,14,2,T 1
22,1939-01-05,time unavailable,H,New York Rangers,2,2,T,OT,5,14,3,T 2
23,1939-01-08,time unavailable,H,Detroit Red Wings,1,1,T,OT,5,14,4,T 3
24,1939-01-10,time unavailable,@,Detroit Red Wings,0,3,L,REG,5,15,4,L 1
25,1939-01-12,time unavailable,H,Toronto Maple Leafs,4,9,L,REG,5,16,4,L 2
26,1939-01-14,time unavailable,H,New York Americans,1,1,T,OT,5,16,5,T 1
27,1939-01-15,time unavailable,@,New York Americans,1,1,T,OT,5,16,6,T 2
28,1939-01-19,time unavailable,H,Boston Bruins,1,0,W,REG,6,16,6,W 1
29,1939-01-22,time unavailable,@,New York Rangers,3,7,L,REG,6,17,6,L 1
30,1939-01-24,time unavailable,@,Boston Bruins,4,6,L,REG,6,18,6,L 2
31,1939-01-29,time unavailable,@,Chicago Black Hawks,1,0,W,REG,7,18,6,W 1
32,1939-02-02,time unavailable,H,Chicago Black Hawks,2,4,L,REG,7,19,6,L 1
33,1939-02-09,time unavailable,H,New York Americans,5,2,W,REG,8,19,6,W 1
34,1939-02-11,time unavailable,@,Toronto Maple Leafs,3,3,T,OT,8,19,7,T 1
35,1939-02-12,time unavailable,H,Toronto Maple Leafs,3,4,L,REG,8,20,7,L 1
36,1939-02-16,time unavailable,H,Boston Bruins,1,5,L,REG,8,21,7,L 2
37,1939-02-18,time unavailable,H,New York Americans,7,2,W,REG,9,21,7,W 1
38,1939-02-19,time unavailable,@,New York Americans,5,4,W,REG,10,21,7,W 2
39,1939-02-25,time unavailable,H,New York Rangers,1,1,T,OT,10,21,8,T 1
40,1939-02-26,time unavailable,@,New York Rangers,3,0,W,REG,11,21,8,W 1
41,1939-02-28,time unavailable,@,Boston Bruins,2,6,L,REG,11,22,8,L 1
42,1939-03-02,time unavailable,H,Toronto Maple Leafs,3,1,W,REG,12,22,8,W 1
43,1939-03-05,time unavailable,@,Chicago Black Hawks,2,1,W,OT,13,22,8,W 2
44,1939-03-07,time unavailable,@,New York Rangers,2,2,T,OT,13,22,9,T 1
45,1939-03-09,time unavailable,H,Detroit Red Wings,3,2,W,REG,14,22,9,W 1
46,1939-03-12,time unavailable,@,Detroit Red Wings,1,2,L,REG,14,23,9,L 1
47,1939-03-16,time unavailable,H,Chicago Black Hawks,5,1,W,REG,15,23,9,W 1
48,1939-03-19,time unavailable,@,Boston Bruins,5,7,L,OT,15,24,9,L 1

GP,Date,Time,Location,Opponent,GF,GA,Result,Game Ended In,W,L,T,Streak,Notes
1,1939-03-21,time unavailable,H,Detroit Red Wings,2,0,W,REG,1,0,0,W 1
2,1939-03-23,time unavailable,@,Detroit Red Wings,3,7,L,REG,1,1,0,L 1
3,1939-03-26,time unavailable,@,Detroit Red Wings,0,1,L,OT,1,2,0,L 2

Toe Blake,,6,LW,26,5-10,165,L/-,4,"August 21, 1912",ca,"24 G, 23 A, 47 P"
Claude Bourque,,n/a,G,23,5-6,140,-/L,R,"March 31, 1915",ca,"7-13-5, 2.65 GAA"
George Brown,,n/a,C,26,5-11,185,L/-,2,"May 17, 1912",ca,"1 G, 9 A, 10 P"
Walt Buswell,,n/a,D,31,5-11,170,L/-,6,"November 6, 1907",ca,"3 G, 7 A, 10 P"
Herb Cain,,n/a,LW,26,5-11,180,L/-,5,"December 24, 1912",ca,"13 G, 14 A, 27 P"
Wilf Cude,,n/a,G,28,5-9,146,-/L,7,"July 4, 1910",gb,"8-11-4, 3.21 GAA"
Polly Drouin,,n/a,LW,23,5-7,160,L/-,4,"January 16, 1916",ca,"7 G, 11 A, 18 P"
Stewart Evans,,n/a,D,30,5-10,170,L/-,7,"June 19, 1908",ca,"2 G, 7 A, 9 P"
Johnny Gagnon,,n/a,RW,33,5-5,140,R/-,8,"June 8, 1905",ca,"12 G, 22 A, 34 P"
Red Goupille,,n/a,D,23,6-0,190,L/-,3,"September 2, 1915",ca,"0 G, 2 A, 2 P"
Bob Gracie,,n/a,C,28,5-9,155,L/-,8,"November 8, 1910",ca,"0 G, 1 A, 1 P"
Paul Haynes,,n/a,C,28,5-10,160,L/-,8,"March 1, 1910",ca,"5 G, 33 A, 38 P"
Rod Lorrain,,n/a,RW,24,5-5,156,R/-,3,"July 26, 1914",ca,"10 G, 9 A, 19 P"
Gus Mancuso,,n/a,RW,24,5-7,160,L/-,1,"April 11, 1914",ca,"0 G, 0 A, 0 P"
Georges Mantha,,n/a,C,30,5-8,165,L/-,10,"November 29, 1908",ca,"5 G, 5 A, 10 P"
Armand Mondou,,n/a,LW,33,5-10,175,L/-,10,"June 27, 1905",ca,"3 G, 7 A, 10 P"
Paul Raymond,,n/a,RW,25,5-8,150,R/-,3,"February 27, 1913",ca,"0 G, 2 A, 2 P"
Babe Siebert,(C),n/a,D,35,5-10,182,L/-,13,"January 14, 1904",ca,"9 G, 7 A, 16 P"
Des Smith,,n/a,D,24,6-0,185,L/-,1,"February 22, 1914",ca,"3 G, 3 A, 6 P"
Bill Summerhill,,n/a,RW,23,5-9,170,R/-,R,"July 9, 1915",ca,"6 G, 10 A, 16 P"
Marcel Tremblay,,n/a,RW,23,5-11,165,R/-,R,"July 4, 1915",ca,"0 G, 2 A, 2 P"
Lou Trudel,,n/a,LW,26,5-11,167,L/-,5,"July 21, 1912",us,"8 G, 13 A, 21 P"
Jimmy Ward,,n/a,RW,32,5-11,167,R/-,11,"September 1, 1906",ca,"4 G, 3 A, 7 P"
Cy Wentworth,,n/a,D,34,5-10,170,R/-,11,"January 24, 1905",ca,"0 G, 3 A, 3 P"
Don Willson,,n/a,C,25,5-8,157,L/-,1,"January 1, 1914",ca,"0 G, 0 A, 0 P"
