Montreal Canadiens,MTL,nhl
1917-18,1918
12
22
2
GP,Date,Time,Location,Opponent,GF,GA,Result,Game Ended In,W,L,T,Streak
1,1917-12-19,time unavailable,@,Ottawa Senators,7,4,W,REG,1,0,0,W 1
2,1917-12-22,time unavailable,@,Montreal Wanderers,11,2,W,REG,2,0,0,W 2
3,1917-12-26,time unavailable,@,Toronto Arenas,5,7,L,REG,2,1,0,L 1
4,1917-12-29,time unavailable,H,Toronto Arenas,9,2,W,REG,3,1,0,W 1
5,1918-01-02,time unavailable,H,Montreal Wanderers,1,0,W,REG,4,1,0,W 2
6,1918-01-05,time unavailable,H,Ottawa Senators,6,5,W,OT,5,1,0,W 3
7,1918-01-09,time unavailable,@,Toronto Arenas,4,6,L,REG,5,2,0,L 1
8,1918-01-12,time unavailable,H,Ottawa Senators,9,4,W,REG,6,2,0,W 1
9,1918-01-19,time unavailable,H,Toronto Arenas,5,1,W,REG,7,2,0,W 2
10,1918-01-21,time unavailable,@,Ottawa Senators,5,3,W,REG,8,2,0,W 3
11,1918-01-23,time unavailable,H,Ottawa Senators,3,4,L,REG,8,3,0,L 1
12,1918-01-28,time unavailable,@,Toronto Arenas,1,5,L,REG,8,4,0,L 2
13,1918-01-30,time unavailable,@,Ottawa Senators,5,2,W,REG,9,4,0,W 1
14,1918-02-02,time unavailable,H,Toronto Arenas,11,2,W,REG,10,4,0,W 2
15,1918-02-06,time unavailable,@,Ottawa Senators,3,6,L,REG,10,5,0,L 1
16,1918-02-09,time unavailable,H,Toronto Arenas,3,7,L,REG,10,6,0,L 2
17,1918-02-16,time unavailable,H,Ottawa Senators,10,4,W,REG,11,6,0,W 1
18,1918-02-18,time unavailable,@,Toronto Arenas,9,0,W,REG,12,6,0,W 2
19,1918-02-20,time unavailable,H,Toronto Arenas,5,4,W,OT,13,6,0,W 3
20,1918-02-25,time unavailable,@,Ottawa Senators,0,8,L,REG,13,7,0,L 1
21,1918-02-27,time unavailable,H,Ottawa Senators,1,3,L,REG,13,8,0,L 2
22,1918-03-02,time unavailable,@,Toronto Arenas,3,5,L,REG,13,9,0,L 3

GP,Date,Time,Location,Opponent,GF,GA,Result,Game Ended In,W,L,T,Streak
1,1918-03-11,time unavailable,@,Toronto Arenas,3,7,L,REG,0,1,0,L 1
2,1918-03-13,time unavailable,H,Toronto Arenas,4,3,W,REG,1,1,0,W 1

Billy Bell,,10,F,26,5-10,180,R/-,R,"June 10, 1891",ca,"0 G, 0 A, 0 P"
Louis Berlinguette,,8,LW,30,5-11,175,L/-,R,"May 26, 1887",ca,"2 G, 1 A, 3 P"
Bert Corbeau,,2,D,23,5-11,200,R/-,R,"February 9, 1894",ca,"8 G, 8 A, 16 P"
Billy Coutu,,9,D,25,5-11,190,L/-,R,"March 1, 1892",ca,"2 G, 2 A, 4 P"
Joe Hall,,3,D,36,5-10,175,R/-,R,"May 3, 1881",gb,"8 G, 7 A, 15 P"
Newsy Lalonde,(C),4,C,30,5-9,168,R/-,R,"October 31, 1887",ca,"23 G, 7 A, 30 P"
Jack Laviolette,,6,LW,38,5-11,170,R/-,R,"July 27, 1879",ca,"2 G, 1 A, 3 P"
Joe Malone,,7,LW/C,27,5-10,150,L/-,R,"February 28, 1890",ca,"44 G, 4 A, 48 P"
Jack McDonald,,n/a,11,C,30,-/-,R,"February 28, 1887","9 G, 1 A, 10 P",ca
Evariste Payer,,12,F,30,5-6,150,L/-,R,"December 12, 1887",ca,"0 G, 0 A, 0 P"
Didier Pitre,,5,RW,34,5-11,185,R/-,R,"September 1, 1883",ca,"17 G, 6 A, 23 P"
Georges Vezina,,1,G,31,5-6,185,-/L,R,"January 21, 1887",ca,"12-9-0, 3.93 GAA"
