Toronto Arenas,TRA,nhl
1917-18,1918
14
22
2
GP,Date,Time,Location,Opponent,GF,GA,Result,Game Ended In,W,L,T,Streak
1,1917-12-19,time unavailable,@,Montreal Wanderers,9,10,L,REG,0,1,0,L 1
2,1917-12-22,time unavailable,H,Ottawa Senators,11,4,W,REG,1,1,0,W 1
3,1917-12-26,time unavailable,H,Montreal Canadiens,7,5,W,REG,2,1,0,W 2
4,1917-12-29,time unavailable,@,Montreal Canadiens,2,9,L,REG,2,2,0,L 1
5,1918-01-02,time unavailable,@,Ottawa Senators,6,5,W,REG,3,2,0,W 1
6,1918-01-05,time unavailable,H,Montreal Wanderers,1,0,W,REG,4,2,0,W 2
7,1918-01-09,time unavailable,H,Montreal Canadiens,6,4,W,REG,5,2,0,W 3
8,1918-01-14,time unavailable,@,Ottawa Senators,6,9,L,REG,5,3,0,L 1
9,1918-01-16,time unavailable,H,Ottawa Senators,5,4,W,REG,6,3,0,W 1
10,1918-01-19,time unavailable,@,Montreal Canadiens,1,5,L,REG,6,4,0,L 1
11,1918-01-26,time unavailable,@,Ottawa Senators,3,6,L,REG,6,5,0,L 2
12,1918-01-28,time unavailable,H,Montreal Canadiens,5,1,W,REG,7,5,0,W 1
13,1918-02-02,time unavailable,@,Montreal Canadiens,2,11,L,REG,7,6,0,L 1
14,1918-02-04,time unavailable,H,Ottawa Senators,8,2,W,REG,8,6,0,W 1
15,1918-02-09,time unavailable,@,Montreal Canadiens,7,3,W,REG,9,6,0,W 2
16,1918-02-11,time unavailable,H,Ottawa Senators,3,1,W,REG,10,6,0,W 3
17,1918-02-13,time unavailable,@,Ottawa Senators,6,1,W,REG,11,6,0,W 4
18,1918-02-18,time unavailable,H,Montreal Canadiens,0,9,L,REG,11,7,0,L 1
19,1918-02-20,time unavailable,@,Montreal Canadiens,4,5,L,OT,11,8,0,L 2
20,1918-02-23,time unavailable,H,Ottawa Senators,9,3,W,REG,12,8,0,W 1
21,1918-03-02,time unavailable,H,Montreal Canadiens,5,3,W,REG,13,8,0,W 2
22,1918-03-06,time unavailable,@,Ottawa Senators,3,9,L,REG,13,9,0,L 1

GP,Date,Time,Location,Opponent,GF,GA,Result,Game Ended In,W,L,T,Streak
1,1918-03-11,time unavailable,H,Montreal Canadiens,7,3,W,REG,1,0,0,W 1
2,1918-03-13,time unavailable,@,Montreal Canadiens,3,4,L,REG,1,1,0,L 1

Jack Adams,,n/a,C,22,5-9,175,R/-,R,"June 14, 1895",ca,"0 G, 0 A, 0 P"
Art Brooks,,n/a,G,28,-/-,R,"February 4, 1889","2-2-0, 6.27 GAA",ca
Harry Cameron,,n/a,D,27,5-10,155,R/-,R,"February 6, 1890",ca,"17 G, 10 A, 27 P"
Jack Coughlin,,n/a,F,25,5-10,170,R/-,R,"June 6, 1892",ca,"2 G, 0 A, 2 P"
Rusty Crawford,,n/a,LW,32,5-11,165,L/-,R,"November 7, 1885",ca,"1 G, 2 A, 3 P"
Corb Denneny,,n/a,LW/C,24,5-8,160,R/-,R,"January 25, 1894",ca,"20 G, 9 A, 29 P"
Sammy Hebert,,n/a,G,23,5-10,145,-/R,R,"March 31, 1894",ca,"1-0-0, 7.50 GAA"
Hap Holmes,,n/a,G,29,5-10,170,-/L,R,"February 21, 1888",ca,"9-7-0, 4.73 GAA"
Jack Marks,,n/a,LW,32,6-0,180,L/-,R,"June 11, 1885",ca,"0 G, 0 A, 0 P"
Harry Meeking,,n/a,LW,23,5-7,160,L/-,R,"November 4, 1894",ca,"10 G, 9 A, 19 P"
Harry Mummery,,n/a,D,28,5-11,220,L/-,R,"August 25, 1889",us,"3 G, 3 A, 6 P"
Reg Noble,,n/a,LW,21,5-8,180,L/-,R,"June 23, 1896",ca,"30 G, 10 A, 40 P"
Ken Randall,,n/a,RW/D,29,5-10,180,R/-,R,"December 14, 1888",ca,"12 G, 2 A, 14 P"
Alf Skinner,,n/a,RW,22,5-10,180,R/-,R,"January 26, 1896",ca,"13 G, 5 A, 18 P"
