Cincinnati Stingers,CNS,wha
1975-76,1976
31
80
0
GP,Date,Time,Location,Opponent,GF,GA,Result,Game Ended In,W,L,T,Streak
1,1975-10-11,time unavailable,@,Cleveland Crusaders,1,0,W,REG,1,0,0,W 1
2,1975-10-17,time unavailable,@,Calgary Cowboys,6,2,W,REG,2,0,0,W 2
3,1975-10-19,time unavailable,@,Edmonton Oilers,2,4,L,REG,2,1,0,L 1
4,1975-10-21,time unavailable,@,Winnipeg Jets,0,7,L,REG,2,2,0,L 2
5,1975-10-23,time unavailable,H,Edmonton Oilers,6,4,W,REG,3,2,0,W 1
6,1975-10-25,time unavailable,H,Houston Aeros,7,4,W,REG,4,2,0,W 2
7,1975-10-29,time unavailable,@,Minnesota Fighting Saints,6,4,W,REG,5,2,0,W 3
8,1975-10-30,time unavailable,@,Winnipeg Jets,0,4,L,REG,5,3,0,L 1
9,1975-11-01,time unavailable,H,Calgary Cowboys,3,2,W,REG,6,3,0,W 1
10,1975-11-06,time unavailable,@,New England Whalers,3,8,L,REG,6,4,0,L 1
11,1975-11-08,time unavailable,H,San Diego Mariners,7,4,W,REG,7,4,0,W 1
12,1975-11-09,time unavailable,H,New England Whalers,4,2,W,REG,8,4,0,W 2
13,1975-11-15,time unavailable,H,Houston Aeros,8,5,W,REG,9,4,0,W 3
14,1975-11-16,time unavailable,H,Minnesota Fighting Saints,2,3,L,REG,9,5,0,L 1
15,1975-11-18,time unavailable,@,Quebec Nordiques,4,6,L,REG,9,6,0,L 2
16,1975-11-21,time unavailable,@,Toronto Toros,7,8,L,REG,9,7,0,L 3
17,1975-11-22,time unavailable,H,Quebec Nordiques,6,9,L,REG,9,8,0,L 4
18,1975-11-23,time unavailable,@,Denver Spurs/Ottawa Civics,3,5,L,REG,9,9,0,L 5
19,1975-11-26,time unavailable,H,Winnipeg Jets,3,11,L,REG,9,10,0,L 6
20,1975-11-27,time unavailable,@,Minnesota Fighting Saints,3,5,L,REG,9,11,0,L 7
21,1975-11-29,time unavailable,H,Toronto Toros,5,9,L,REG,9,12,0,L 8
22,1975-12-03,time unavailable,@,Cleveland Crusaders,5,3,W,REG,10,12,0,W 1
23,1975-12-04,time unavailable,@,Indianapolis Racers,1,7,L,REG,10,13,0,L 1
24,1975-12-06,time unavailable,H,Denver Spurs/Ottawa Civics,3,2,W,REG,11,13,0,W 1
25,1975-12-07,time unavailable,H,Cleveland Crusaders,3,1,W,REG,12,13,0,W 2
26,1975-12-09,time unavailable,@,Houston Aeros,4,6,L,REG,12,14,0,L 1
27,1975-12-12,time unavailable,@,Phoenix Roadrunners,4,2,W,REG,13,14,0,W 1
28,1975-12-13,time unavailable,@,San Diego Mariners,3,3,T,REG,13,14,1,T 1
29,1975-12-16,time unavailable,@,Denver Spurs/Ottawa Civics,2,3,L,OT,13,15,1,L 1
30,1975-12-18,time unavailable,@,San Diego Mariners,3,7,L,REG,13,16,1,L 2
31,1975-12-20,time unavailable,H,New England Whalers,4,2,W,REG,14,16,1,W 1
32,1975-12-21,time unavailable,H,Quebec Nordiques,11,7,W,REG,15,16,1,W 2
33,1975-12-23,time unavailable,H,Phoenix Roadrunners,3,5,L,REG,15,17,1,L 1
34,1975-12-26,time unavailable,@,New England Whalers,3,4,L,REG,15,18,1,L 2
35,1975-12-27,time unavailable,@,Indianapolis Racers,1,2,L,REG,15,19,1,L 3
36,1975-12-28,time unavailable,H,Indianapolis Racers,4,1,W,REG,16,19,1,W 1
37,1976-01-02,time unavailable,H,Denver Spurs/Ottawa Civics,2,1,W,REG,17,19,1,W 2
38,1976-01-03,time unavailable,H,San Diego Mariners,5,3,W,REG,18,19,1,W 3
39,1976-01-06,time unavailable,@,Houston Aeros,3,7,L,REG,18,20,1,L 1
40,1976-01-08,time unavailable,@,Phoenix Roadrunners,1,7,L,REG,18,21,1,L 2
41,1976-01-11,time unavailable,H,Minnesota Fighting Saints,4,7,L,REG,18,22,1,L 3
42,1976-01-15,time unavailable,@,New England Whalers,2,5,L,REG,18,23,1,L 4
43,1976-01-17,time unavailable,@,Indianapolis Racers,4,0,W,REG,19,23,1,W 1
44,1976-01-21,time unavailable,H,Cleveland Crusaders,8,2,W,REG,20,23,1,W 2
45,1976-01-23,time unavailable,@,Indianapolis Racers,3,4,L,REG,20,24,1,L 1
46,1976-01-24,time unavailable,H,New England Whalers,6,3,W,REG,21,24,1,W 1
47,1976-01-27,time unavailable,@,Quebec Nordiques,1,9,L,REG,21,25,1,L 1
48,1976-01-28,time unavailable,H,Cleveland Crusaders,4,6,L,REG,21,26,1,L 2
49,1976-01-31,time unavailable,H,Winnipeg Jets,2,5,L,REG,21,27,1,L 3
50,1976-02-01,time unavailable,@,Edmonton Oilers,2,5,L,REG,21,28,1,L 4
51,1976-02-03,time unavailable,@,Calgary Cowboys,2,3,L,REG,21,29,1,L 5
52,1976-02-06,time unavailable,H,Edmonton Oilers,7,0,W,REG,22,29,1,W 1
53,1976-02-07,time unavailable,@,Indianapolis Racers,1,5,L,REG,22,30,1,L 1
54,1976-02-11,time unavailable,@,Cleveland Crusaders,2,4,L,REG,22,31,1,L 2
55,1976-02-13,time unavailable,@,New England Whalers,5,1,W,REG,23,31,1,W 1
56,1976-02-14,time unavailable,H,Indianapolis Racers,3,2,W,REG,24,31,1,W 2
57,1976-02-15,time unavailable,H,Calgary Cowboys,5,4,W,OT,25,31,1,W 3
58,1976-02-20,time unavailable,H,Phoenix Roadrunners,4,1,W,REG,26,31,1,W 4
59,1976-02-21,time unavailable,H,San Diego Mariners,3,2,W,REG,27,31,1,W 5
60,1976-02-24,time unavailable,@,Toronto Toros,9,6,W,REG,28,31,1,W 6
61,1976-02-25,time unavailable,H,New England Whalers,5,2,W,REG,29,31,1,W 7
62,1976-02-28,time unavailable,H,Houston Aeros,2,4,L,REG,29,32,1,L 1
63,1976-02-29,time unavailable,H,Indianapolis Racers,2,5,L,REG,29,33,1,L 2
64,1976-03-03,time unavailable,H,Cleveland Crusaders,4,3,W,OT,30,33,1,W 1
65,1976-03-04,time unavailable,@,Indianapolis Racers,1,3,L,REG,30,34,1,L 1
66,1976-03-06,time unavailable,H,Indianapolis Racers,2,3,L,REG,30,35,1,L 2
67,1976-03-07,time unavailable,H,New England Whalers,5,3,W,REG,31,35,1,W 1
68,1976-03-10,time unavailable,@,Cleveland Crusaders,2,5,L,REG,31,36,1,L 1
69,1976-03-12,time unavailable,H,Indianapolis Racers,3,6,L,REG,31,37,1,L 2
70,1976-03-13,time unavailable,H,New England Whalers,1,5,L,REG,31,38,1,L 3
71,1976-03-17,time unavailable,H,Toronto Toros,5,4,W,REG,32,38,1,W 1
72,1976-03-19,time unavailable,@,New England Whalers,5,6,L,OT,32,39,1,L 1
73,1976-03-20,time unavailable,H,Houston Aeros,2,1,W,REG,33,39,1,W 1
74,1976-03-21,time unavailable,@,Cleveland Crusaders,1,4,L,REG,33,40,1,L 1
75,1976-03-24,time unavailable,@,Phoenix Roadrunners,5,4,W,REG,34,40,1,W 1
76,1976-03-25,time unavailable,@,San Diego Mariners,1,9,L,REG,34,41,1,L 1
77,1976-03-26,time unavailable,@,Houston Aeros,1,5,L,REG,34,42,1,L 2
78,1976-03-31,time unavailable,H,Phoenix Roadrunners,2,7,L,REG,34,43,1,L 3
79,1976-04-02,time unavailable,H,Cleveland Crusaders,5,2,W,REG,35,43,1,W 1
80,1976-04-04,time unavailable,@,Cleveland Crusaders,3,6,L,REG,35,44,1,L 1

Time,Location,Result,Game Ended In

Bruce Abbey,,n/a,D,24,6-1,185,L/-,R,"August 18, 1951",ca,"1 G, 0 A, 1 P"
Steve Andrascik,,n/a,RW,27,5-11,200,R/-,1,"November 6, 1948",ca,"3 G, 2 A, 5 P"
Serge Aubry,,n/a,G,34,5-7,165,-/L,3,"January 2, 1942",ca,", 4.15 GAA"
Terry Ball,,n/a,D,31,5-9,160,R/-,3,"November 29, 1944",ca,"3 G, 14 A, 17 P"
Frank Beaton,,n/a,LW,22,5-10,200,L/-,R,"April 28, 1953",ca,"2 G, 3 A, 5 P"
Mike Byers,,n/a,RW,29,5-10,185,R/-,3,"September 11, 1946",ca,"3 G, 3 A, 6 P"
Bryan Campbell,,n/a,C,31,6-0,173,L/-,3,"March 27, 1944",ca,"22 G, 50 A, 72 P"
Rich Coutu,,n/a,G,24,5-11,176,-/R,2,"May 3, 1951",ca,", 6.85 GAA"
Pat Donnelly,,n/a,C,22,5-10,185,L/-,R,"February 24, 1953",us,"5 G, 7 A, 12 P"
Rick Dudley,,n/a,RW,27,6-0,190,L/-,R,"January 31, 1949",ca,"43 G, 38 A, 81 P"
Pierre Guite,,n/a,LW,23,6-2,190,L/-,3,"April 17, 1952",ca,"20 G, 24 A, 44 P"
Paul Hoganson,,n/a,G,26,5-11,175,-/R,2,"November 12, 1949",ca,", 3.64 GAA"
John Hughes,,n/a,D,21,5-11,200,L/-,1,"March 18, 1954",ca,"3 G, 34 A, 37 P"
Dave Inkpen,,n/a,D,21,6-0,195,R/-,R,"September 4, 1954",ca,"4 G, 24 A, 28 P"
Dan Justin,,n/a,D,20,6-1,180,L/-,R,"February 12, 1955",us,"0 G, 0 A, 0 P"
John Kiely,,n/a,G,23,6-2,190,-/R,R,"August 3, 1952",us,", 4.31 GAA"
Normand Lapointe,,n/a,G,20,6-2,175,-/L,R,"August 13, 1955",ca,", 5.15 GAA"
Claude Larose,,n/a,LW,20,5-10,175,L/-,R,"May 17, 1955",ca,"28 G, 24 A, 52 P"
Jacques Locas,,n/a,C,22,5-8,170,R/-,1,"January 7, 1954",ca,"27 G, 46 A, 73 P"
Bernie MacNeil,,n/a,LW,25,5-11,190,L/-,1,"March 7, 1950",ca,"15 G, 12 A, 27 P"
John McKenzie,,n/a,RW,38,5-9,175,R/-,3,"December 12, 1937",ca,"3 G, 10 A, 13 P"
Murray Myers,,n/a,RW,23,6-0,185,R/-,3,"February 9, 1952",ca,"14 G, 15 A, 29 P"
Don O'Donoghue,,n/a,RW,26,5-10,180,R/-,3,"August 27, 1949",ca,"1 G, 8 A, 9 P"
Mike Pelyk,,n/a,D,28,6-1,190,L/-,1,"September 29, 1947",ca,"10 G, 23 A, 33 P"
Ron Plumb,,n/a,D,25,5-10,175,L/-,3,"July 17, 1950",ca,"10 G, 36 A, 46 P"
Ron Serafini,,n/a,D,22,5-11,180,R/-,R,"October 31, 1953",us,"0 G, 2 A, 2 P"
Dale Smedsmo,,n/a,LW,24,6-1,195,L/-,R,"April 23, 1951",us,"8 G, 14 A, 22 P"
Dennis Sobchuk,,n/a,C,22,6-2,176,L/-,1,"January 12, 1954",ca,"32 G, 40 A, 72 P"
Gene Sobchuk,,n/a,LW,24,5-9,160,L/-,1,"February 19, 1951",ca,"23 G, 18 A, 41 P"
Bill Steele,,n/a,RW,23,5-7,170,R/-,R,"November 13, 1952",gb,"2 G, 0 A, 2 P"
Gary Veneruzzo,,n/a,RW,32,5-8,165,L/-,3,"June 28, 1943",ca,"3 G, 2 A, 5 P"
