Denver Spurs/Ottawa Civics,DOT,wha
1975-76,1976
29
41
0
GP,Date,Time,Location,Opponent,GF,GA,Result,Game Ended In,W,L,T,Streak
1,1975-10-10,time unavailable,H,Indianapolis Racers,1,7,L,REG,0,1,0,L 1
2,1975-10-16,time unavailable,H,Winnipeg Jets,3,7,L,REG,0,2,0,L 2
3,1975-10-17,time unavailable,@,Phoenix Roadrunners,5,4,W,REG,1,2,0,W 1
4,1975-10-18,time unavailable,@,Indianapolis Racers,6,4,W,REG,2,2,0,W 2
5,1975-10-22,time unavailable,@,Calgary Cowboys,2,1,W,REG,3,2,0,W 3
6,1975-10-24,time unavailable,@,Winnipeg Jets,2,5,L,REG,3,3,0,L 1
7,1975-10-30,time unavailable,H,Phoenix Roadrunners,2,3,L,REG,3,4,0,L 2
8,1975-11-01,time unavailable,H,Houston Aeros,2,3,L,REG,3,5,0,L 3
9,1975-11-04,time unavailable,H,Cleveland Crusaders,2,2,T,REG,3,5,1,T 1
10,1975-11-06,time unavailable,H,Quebec Nordiques,3,5,L,REG,3,6,1,L 1
11,1975-11-07,time unavailable,H,San Diego Mariners,2,3,L,OT,3,7,1,L 2
12,1975-11-09,time unavailable,@,Houston Aeros,2,3,L,REG,3,8,1,L 3
13,1975-11-13,time unavailable,H,Toronto Toros,8,11,L,REG,3,9,1,L 4
14,1975-11-15,time unavailable,H,Cleveland Crusaders,5,4,W,OT,4,9,1,W 1
15,1975-11-18,time unavailable,H,Edmonton Oilers,6,3,W,REG,5,9,1,W 2
16,1975-11-20,time unavailable,@,San Diego Mariners,1,5,L,REG,5,10,1,L 1
17,1975-11-21,time unavailable,H,Calgary Cowboys,2,6,L,REG,5,11,1,L 2
18,1975-11-23,time unavailable,H,Cincinnati Stingers,5,3,W,REG,6,11,1,W 1
19,1975-11-26,time unavailable,@,Cleveland Crusaders,3,0,W,REG,7,11,1,W 2
20,1975-11-28,time unavailable,@,New England Whalers,3,7,L,REG,7,12,1,L 1
21,1975-11-30,time unavailable,@,Indianapolis Racers,4,2,W,REG,8,12,1,W 1
22,1975-12-02,time unavailable,H,Winnipeg Jets,3,4,L,OT,8,13,1,L 1
23,1975-12-05,time unavailable,@,Minnesota Fighting Saints,3,4,L,REG,8,14,1,L 2
24,1975-12-06,time unavailable,@,Cincinnati Stingers,2,3,L,REG,8,15,1,L 3
25,1975-12-07,time unavailable,H,New England Whalers,5,1,W,REG,9,15,1,W 1
26,1975-12-09,time unavailable,H,Cleveland Crusaders,6,3,W,REG,10,15,1,W 2
27,1975-12-13,time unavailable,H,Phoenix Roadrunners,1,4,L,REG,10,16,1,L 1
28,1975-12-16,time unavailable,H,Cincinnati Stingers,3,2,W,OT,11,16,1,W 1
29,1975-12-19,time unavailable,H,San Diego Mariners,6,3,W,REG,12,16,1,W 2
30,1975-12-23,time unavailable,H,Minnesota Fighting Saints,4,5,L,REG,12,17,1,L 1
31,1975-12-26,time unavailable,@,Houston Aeros,4,9,L,REG,12,18,1,L 2
32,1975-12-27,time unavailable,@,Phoenix Roadrunners,0,10,L,REG,12,19,1,L 3
33,1975-12-28,time unavailable,H,Phoenix Roadrunners,2,5,L,REG,12,20,1,L 4
34,1975-12-30,time unavailable,H,Indianapolis Racers,2,1,W,OT,13,20,1,W 1
35,1976-01-02,time unavailable,@,Cincinnati Stingers,1,2,L,REG,13,21,1,L 1
36,1976-01-03,time unavailable,@,Houston Aeros,2,4,L,REG,13,22,1,L 2
37,1976-01-04,time unavailable,@,Minnesota Fighting Saints,5,2,W,REG,14,22,1,W 1
38,1976-01-07,time unavailable,H,New England Whalers,2,3,L,REG,14,23,1,L 1
39,1976-01-10,time unavailable,@,Phoenix Roadrunners,5,8,L,REG,14,24,1,L 2
40,1976-01-11,time unavailable,@,Winnipeg Jets,5,6,L,OT,14,25,1,L 3
41,1976-01-15,time unavailable,H,Houston Aeros,4,5,L,OT,14,26,1,L 4

Time,Location,Result,Game Ended In

John Arbour,,n/a,D,30,5-11,195,L/-,3,"September 28, 1945",ca,"2 G, 13 A, 15 P"
Ralph Backstrom,,n/a,C,38,5-10,165,L/-,2,"September 18, 1937",ca,"21 G, 29 A, 50 P"
Bryon Baltimore,,n/a,D,23,6-2,190,R/-,1,"August 26, 1952",ca,"1 G, 8 A, 9 P"
Larry Bignell,,n/a,D,26,6-0,175,L/-,R,"January 7, 1950",ca,"5 G, 5 A, 10 P"
Don Borgeson,,n/a,LW,30,5-11,175,L/-,1,"May 20, 1945",ca,"21 G, 16 A, 37 P"
Gary Bredin,,n/a,RW,27,6-0,185,R/-,1,"May 25, 1948",ca,"4 G, 3 A, 7 P"
Ron Delorme,,n/a,C,20,6-2,185,R/-,R,"September 3, 1955",ca,"1 G, 3 A, 4 P"
Brian Gibbons,,n/a,D,28,6-3,190,L/-,3,"July 7, 1947",ca,"0 G, 0 A, 0 P"
Bill Goldthorpe,,n/a,LW,22,5-11,185,L/-,1,"June 20, 1953",ca,"0 G, 0 A, 0 P"
Chris Grigg,,n/a,G,22,6-1,175,-/L,R,"February 2, 1953",ca,", 9.75 GAA"
Bob Johnson,,n/a,G,27,6-1,185,-/L,R,"November 12, 1948",us,", 3.93 GAA"
Keith Kokkola,,n/a,D,26,6-3,210,L/-,1,"May 4, 1949",ca,"0 G, 3 A, 3 P"
Brian Lavender,,n/a,LW,28,6-0,174,L/-,R,"April 20, 1947",ca,"5 G, 6 A, 11 P"
J.P. LeBlanc,,n/a,C,29,5-10,170,L/-,3,"October 20, 1946",ca,"1 G, 5 A, 6 P"
Barry Legge,,n/a,D,21,6-0,186,L/-,1,"October 22, 1954",ca,"6 G, 8 A, 14 P"
Bob Liddington,,n/a,LW,27,6-0,175,L/-,3,"September 15, 1948",ca,"7 G, 8 A, 15 P"
Mark Lomenda,,n/a,RW,21,6-0,186,R/-,1,"April 14, 1954",ca,"6 G, 16 A, 22 P"
Gary MacGregor,,n/a,C,21,5-9,170,L/-,1,"September 21, 1954",ca,"16 G, 14 A, 30 P"
Darryl Maggs,,n/a,D,26,6-2,195,R/-,2,"April 6, 1949",ca,"4 G, 23 A, 27 P"
Peter Mara,,n/a,C,28,5-6,152,L/-,1,"July 5, 1947",ca,"3 G, 7 A, 10 P"
Larry Mavety,,n/a,D,33,5-11,185,R/-,3,"May 29, 1942",ca,"0 G, 4 A, 4 P"
Rick Morris,,n/a,LW,29,5-10,175,L/-,3,"July 5, 1946",ca,"9 G, 6 A, 15 P"
Cam Newton,,n/a,G,25,5-11,170,-/L,2,"February 25, 1950",ca,", 3.66 GAA"
Ed Pizunski,,n/a,RW,21,5-11,185,L/-,R,"October 8, 1954",ca,"0 G, 0 A, 0 P"
Jan Popiel,,n/a,LW,28,5-9,180,L/-,3,"October 9, 1947",dk,"0 G, 0 A, 0 P"
Frank Rochon,,n/a,LW,22,5-11,181,L/-,2,"April 18, 1953",ca,"11 G, 10 A, 21 P"
Nick Sanza,,n/a,G,20,5-11,175,-/L,R,"February 6, 1955",ca,", 15.00 GAA"
Jim Sherrit,,n/a,C,27,5-7,170,L/-,2,"September 29, 1948",gb,"11 G, 19 A, 30 P"
Lynn Zimmerman,,n/a,G,33,5-7,155,-/R,R,"July 13, 1942",ca,", 3.76 GAA"
