Indianapolis Racers,INR,wha
1975-76,1976
38
80
7
GP,Date,Time,Location,Opponent,GF,GA,Result,Game Ended In,W,L,T,Streak
1,1975-10-10,time unavailable,@,Denver Spurs/Ottawa Civics,7,1,W,REG,1,0,0,W 1
2,1975-10-12,time unavailable,@,Edmonton Oilers,5,6,L,REG,1,1,0,L 1
3,1975-10-14,time unavailable,@,Calgary Cowboys,3,5,L,REG,1,2,0,L 2
4,1975-10-16,time unavailable,@,San Diego Mariners,0,3,L,REG,1,3,0,L 3
5,1975-10-18,time unavailable,H,Denver Spurs/Ottawa Civics,4,6,L,REG,1,4,0,L 4
6,1975-10-21,time unavailable,H,Minnesota Fighting Saints,1,2,L,REG,1,5,0,L 5
7,1975-10-23,time unavailable,H,Houston Aeros,4,0,W,REG,2,5,0,W 1
8,1975-10-26,time unavailable,H,Edmonton Oilers,4,3,W,REG,3,5,0,W 2
9,1975-10-30,time unavailable,H,Calgary Cowboys,5,7,L,REG,3,6,0,L 1
10,1975-11-01,time unavailable,H,Quebec Nordiques,2,5,L,REG,3,7,0,L 2
11,1975-11-04,time unavailable,H,Toronto Toros,4,3,W,REG,4,7,0,W 1
12,1975-11-08,time unavailable,@,Quebec Nordiques,2,3,L,OT,4,8,0,L 1
13,1975-11-15,time unavailable,@,Minnesota Fighting Saints,7,9,L,REG,4,9,0,L 2
14,1975-11-16,time unavailable,@,Winnipeg Jets,1,2,L,REG,4,10,0,L 3
15,1975-11-17,time unavailable,@,Toronto Toros,6,2,W,REG,5,10,0,W 1
16,1975-11-19,time unavailable,H,New England Whalers,3,1,W,REG,6,10,0,W 2
17,1975-11-25,time unavailable,@,Houston Aeros,1,4,L,REG,6,11,0,L 1
18,1975-11-27,time unavailable,H,Winnipeg Jets,3,1,W,REG,7,11,0,W 1
19,1975-11-28,time unavailable,@,Cleveland Crusaders,3,1,W,REG,8,11,0,W 2
20,1975-11-29,time unavailable,@,New England Whalers,3,2,W,REG,9,11,0,W 3
21,1975-11-30,time unavailable,H,Denver Spurs/Ottawa Civics,2,4,L,REG,9,12,0,L 1
22,1975-12-04,time unavailable,H,Cincinnati Stingers,7,1,W,REG,10,12,0,W 1
23,1975-12-06,time unavailable,H,Cleveland Crusaders,3,2,W,REG,11,12,0,W 2
24,1975-12-10,time unavailable,@,Phoenix Roadrunners,2,1,W,REG,12,12,0,W 3
25,1975-12-11,time unavailable,@,San Diego Mariners,3,3,T,REG,12,12,1,T 1
26,1975-12-12,time unavailable,@,Houston Aeros,2,4,L,REG,12,13,1,L 1
27,1975-12-14,time unavailable,H,New England Whalers,2,2,T,REG,12,13,2,T 1
28,1975-12-16,time unavailable,H,Edmonton Oilers,1,3,L,REG,12,14,2,L 1
29,1975-12-18,time unavailable,@,Phoenix Roadrunners,1,7,L,REG,12,15,2,L 2
30,1975-12-19,time unavailable,H,Cleveland Crusaders,5,4,W,OT,13,15,2,W 1
31,1975-12-20,time unavailable,@,Cleveland Crusaders,3,5,L,REG,13,16,2,L 1
32,1975-12-27,time unavailable,H,Cincinnati Stingers,2,1,W,REG,14,16,2,W 1
33,1975-12-28,time unavailable,@,Cincinnati Stingers,1,4,L,REG,14,17,2,L 1
34,1975-12-30,time unavailable,@,Denver Spurs/Ottawa Civics,1,2,L,OT,14,18,2,L 2
35,1976-01-02,time unavailable,H,San Diego Mariners,0,2,L,REG,14,19,2,L 3
36,1976-01-03,time unavailable,@,Minnesota Fighting Saints,1,3,L,REG,14,20,2,L 4
37,1976-01-04,time unavailable,H,New England Whalers,3,2,W,REG,15,20,2,W 1
38,1976-01-06,time unavailable,@,Edmonton Oilers,0,3,L,REG,15,21,2,L 1
39,1976-01-07,time unavailable,@,Calgary Cowboys,1,3,L,REG,15,22,2,L 2
40,1976-01-09,time unavailable,@,Winnipeg Jets,2,1,W,OT,16,22,2,W 1
41,1976-01-11,time unavailable,@,Cleveland Crusaders,3,4,L,REG,16,23,2,L 1
42,1976-01-15,time unavailable,H,Cleveland Crusaders,1,3,L,REG,16,24,2,L 2
43,1976-01-17,time unavailable,H,Cincinnati Stingers,0,4,L,REG,16,25,2,L 3
44,1976-01-21,time unavailable,@,Quebec Nordiques,2,3,L,REG,16,26,2,L 4
45,1976-01-23,time unavailable,H,Cincinnati Stingers,4,3,W,REG,17,26,2,W 1
46,1976-01-25,time unavailable,H,Cleveland Crusaders,4,2,W,REG,18,26,2,W 2
47,1976-01-28,time unavailable,@,New England Whalers,4,6,L,REG,18,27,2,L 1
48,1976-01-29,time unavailable,H,Minnesota Fighting Saints,5,6,L,OT,18,28,2,L 2
49,1976-01-30,time unavailable,H,Houston Aeros,2,1,W,REG,19,28,2,W 1
50,1976-02-01,time unavailable,H,Winnipeg Jets,1,2,L,REG,19,29,2,L 1
51,1976-02-05,time unavailable,H,Quebec Nordiques,4,2,W,REG,20,29,2,W 1
52,1976-02-06,time unavailable,@,Houston Aeros,3,4,L,REG,20,30,2,L 1
53,1976-02-07,time unavailable,H,Cincinnati Stingers,5,1,W,REG,21,30,2,W 1
54,1976-02-11,time unavailable,H,Phoenix Roadrunners,2,1,W,REG,22,30,2,W 2
55,1976-02-13,time unavailable,H,Calgary Cowboys,3,4,L,OT,22,31,2,L 1
56,1976-02-14,time unavailable,@,Cincinnati Stingers,2,3,L,REG,22,32,2,L 2
57,1976-02-15,time unavailable,H,San Diego Mariners,2,3,L,REG,22,33,2,L 3
58,1976-02-19,time unavailable,H,New England Whalers,10,3,W,REG,23,33,2,W 1
59,1976-02-21,time unavailable,@,Cleveland Crusaders,2,3,L,REG,23,34,2,L 1
60,1976-02-22,time unavailable,H,Phoenix Roadrunners,5,6,L,REG,23,35,2,L 2
61,1976-02-28,time unavailable,@,New England Whalers,4,4,T,REG,23,35,3,T 1
62,1976-02-29,time unavailable,@,Cincinnati Stingers,5,2,W,REG,24,35,3,W 1
63,1976-03-02,time unavailable,@,Phoenix Roadrunners,2,5,L,REG,24,36,3,L 1
64,1976-03-04,time unavailable,H,Cincinnati Stingers,3,1,W,REG,25,36,3,W 1
65,1976-03-06,time unavailable,@,Cincinnati Stingers,3,2,W,REG,26,36,3,W 2
66,1976-03-07,time unavailable,H,Cleveland Crusaders,1,5,L,REG,26,37,3,L 1
67,1976-03-11,time unavailable,H,Toronto Toros,3,1,W,REG,27,37,3,W 1
68,1976-03-12,time unavailable,@,Cincinnati Stingers,6,3,W,REG,28,37,3,W 2
69,1976-03-13,time unavailable,H,Phoenix Roadrunners,6,4,W,REG,29,37,3,W 3
70,1976-03-17,time unavailable,@,New England Whalers,5,2,W,REG,30,37,3,W 4
71,1976-03-18,time unavailable,H,San Diego Mariners,4,4,T,REG,30,37,4,T 1
72,1976-03-20,time unavailable,@,New England Whalers,1,1,T,REG,30,37,5,T 2
73,1976-03-23,time unavailable,@,San Diego Mariners,8,8,T,REG,30,37,6,T 3
74,1976-03-25,time unavailable,H,Houston Aeros,4,3,W,OT,31,37,6,W 1
75,1976-03-26,time unavailable,@,Cleveland Crusaders,3,2,W,REG,32,37,6,W 2
76,1976-03-28,time unavailable,@,New England Whalers,3,1,W,REG,33,37,6,W 3
77,1976-04-01,time unavailable,H,Houston Aeros,1,4,L,REG,33,38,6,L 1
78,1976-04-02,time unavailable,@,Toronto Toros,3,1,W,REG,34,38,6,W 1
79,1976-04-03,time unavailable,H,New England Whalers,2,5,L,REG,34,39,6,L 1
80,1976-04-04,time unavailable,@,New England Whalers,4,2,W,REG,35,39,6,W 1

GP,Date,Time,Location,Opponent,GF,GA,Result,Game Ended In,W,L,T,Streak
1,1976-04-16,time unavailable,H,New England Whalers,1,4,L,REG,0,1,0,L 1
2,1976-04-17,time unavailable,H,New England Whalers,4,0,W,REG,1,1,0,W 1
3,1976-04-21,time unavailable,@,New England Whalers,0,3,L,REG,1,2,0,L 1
4,1976-04-23,time unavailable,@,New England Whalers,1,2,L,REG,1,3,0,L 2
5,1976-04-24,time unavailable,H,New England Whalers,4,0,W,REG,2,3,0,W 1
6,1976-04-27,time unavailable,@,New England Whalers,5,3,W,REG,3,3,0,W 2
7,1976-04-29,time unavailable,H,New England Whalers,0,6,L,REG,3,4,0,L 1

Bryon Baltimore,,n/a,D,23,6-2,190,R/-,1,"August 26, 1952",ca,"1 G, 10 A, 11 P"
Ken Block,,n/a,D,31,5-10,191,L/-,3,"March 18, 1944",ca,"1 G, 25 A, 26 P"
Kerry Bond,,n/a,LW,30,6-0,190,L/-,1,"July 18, 1945",ca,"2 G, 0 A, 2 P"
Andy Brown,,n/a,G,31,6-0,185,-/L,1,"February 15, 1944",ca,", 3.60 GAA"
Ron Buchanan,,n/a,C,31,6-3,170,L/-,3,"November 15, 1944",ca,"4 G, 7 A, 11 P"
Kim Clackson,,n/a,D,20,5-11,195,R/-,R,"February 13, 1955",ca,"1 G, 12 A, 13 P"
Brian Coates,,n/a,LW,23,6-0,195,L/-,2,"September 22, 1952",ca,"11 G, 16 A, 27 P"
Glen Critch,,n/a,D,-/-,R,"0 G, 0 A, 0 P",unknown
Michel Dion,,n/a,G,21,5-10,185,-/L,1,"February 11, 1954",ca,", 2.74 GAA"
Michel Dubois,,n/a,D,21,5-11,180,L/-,R,"November 7, 1954",ca,"2 G, 2 A, 4 P"
Bob Fitchner,,n/a,C,25,6-0,190,L/-,2,"December 22, 1950",ca,"15 G, 16 A, 31 P"
Nick Harbaruk,,n/a,RW,32,6-0,195,R/-,1,"August 16, 1943",pl,"23 G, 19 A, 42 P"
Hugh Harris,,n/a,LW,27,6-1,195,L/-,2,"June 7, 1948",ca,"12 G, 28 A, 40 P"
Murray Heatley,,n/a,RW,27,5-8,185,R/-,2,"November 7, 1948",ca,"2 G, 5 A, 7 P"
Leif Holmquist,,n/a,G,33,5-9,175,-/L,R,"November 22, 1942",se,", 3.00 GAA"
Bob Jones,,n/a,LW,30,6-1,185,L/-,3,"November 27, 1945",ca,"0 G, 0 A, 0 P"
Al Karlander,,n/a,C,29,5-8,170,L/-,2,"November 5, 1946",ca,"16 G, 28 A, 44 P"
Dave Keon,,n/a,C,35,5-9,165,L/-,R,"March 22, 1940",ca,"3 G, 7 A, 10 P"
Rene Leclerc,,n/a,RW,28,5-11,165,R/-,3,"November 12, 1947",ca,"18 G, 21 A, 39 P"
Mark Lomenda,,n/a,RW,21,6-0,186,R/-,1,"April 14, 1954",ca,"0 G, 0 A, 0 P"
Blair MacDonald,,n/a,RW,22,5-10,180,R/-,2,"November 17, 1953",ca,"19 G, 11 A, 30 P"
Darryl Maggs,,n/a,D,26,6-2,195,R/-,2,"April 6, 1949",ca,"5 G, 16 A, 21 P"
Brian McDonald,,n/a,LW,30,5-11,190,R/-,3,"March 23, 1945",ca,"16 G, 17 A, 33 P"
Michel Parizeau,,n/a,C,27,5-10,165,L/-,3,"April 9, 1948",ca,"13 G, 15 A, 28 P"
Jim Park,,n/a,G,23,6-1,190,-/L,R,"June 22, 1952",ca,", 2.41 GAA"
Bill Prentice,,n/a,D,25,6-1,195,L/-,3,"August 3, 1950",ca,"4 G, 2 A, 6 P"
Dick Proceviat,,n/a,D,29,6-0,180,L/-,3,"June 25, 1946",ca,"7 G, 14 A, 21 P"
Frank Rochon,,n/a,LW,22,5-11,181,L/-,2,"April 18, 1953",ca,"6 G, 2 A, 8 P"
Bob Roselle,,n/a,LW,25,6-2,185,L/-,R,"October 17, 1950",ca,"0 G, 0 A, 0 P"
Ted Scharf,,n/a,RW,24,5-11,185,R/-,3,"October 3, 1951",ca,"7 G, 14 A, 21 P"
John Sheridan,,n/a,C,21,6-1,190,L/-,1,"September 18, 1954",us,"1 G, 2 A, 3 P"
Bob Sicinski,,n/a,C,29,5-9,175,L/-,3,"November 13, 1946",ca,"9 G, 34 A, 43 P"
Pat Stapleton,,n/a,D,35,5-8,180,L/-,2,"July 4, 1940",ca,"5 G, 40 A, 45 P"
Reg Thomas,,n/a,C,22,5-10,185,L/-,2,"April 21, 1953",ca,"23 G, 17 A, 40 P"
Bob Whitlock,,n/a,C,26,5-10,175,R/-,3,"July 16, 1949",ca,"7 G, 15 A, 22 P"
Jim Wiste,,n/a,C,29,5-10,185,L/-,3,"February 18, 1946",ca,"0 G, 2 A, 2 P"
Bob Woytowich,,n/a,D,34,6-0,185,R/-,3,"August 18, 1941",ca,"1 G, 7 A, 8 P"
Randy Wyrozub,,n/a,C,25,5-11,180,L/-,R,"April 8, 1950",ca,"11 G, 14 A, 25 P"
