Toronto Toros,TRT,wha
1975-76,1976
37
81
0
GP,Date,Time,Location,Opponent,GF,GA,Result,Game Ended In,W,L,T,Streak
1,1975-10-11,time unavailable,@,Quebec Nordiques,3,7,L,REG,0,1,0,L 1
2,1975-10-14,time unavailable,H,Houston Aeros,6,3,W,REG,1,1,0,W 1
3,1975-10-17,time unavailable,H,Edmonton Oilers,4,4,T,REG,1,1,1,T 1
4,1975-10-18,time unavailable,@,New England Whalers,1,3,L,REG,1,2,1,L 1
5,1975-10-24,time unavailable,H,New England Whalers,4,5,L,REG,1,3,1,L 2
6,1975-10-25,time unavailable,@,Quebec Nordiques,2,3,L,REG,1,4,1,L 3
7,1975-10-28,time unavailable,H,Quebec Nordiques,6,4,W,REG,2,4,1,W 1
8,1975-11-04,time unavailable,@,Indianapolis Racers,3,4,L,REG,2,5,1,L 1
9,1975-11-07,time unavailable,@,Edmonton Oilers,4,5,L,OT,2,6,1,L 2
10,1975-11-08,time unavailable,@,Minnesota Fighting Saints,3,4,L,REG,2,7,1,L 3
11,1975-11-09,time unavailable,@,Winnipeg Jets,3,5,L,REG,2,8,1,L 4
12,1975-11-11,time unavailable,@,Houston Aeros,4,5,L,REG,2,9,1,L 5
13,1975-11-13,time unavailable,@,Denver Spurs/Ottawa Civics,11,8,W,REG,3,9,1,W 1
14,1975-11-14,time unavailable,@,Phoenix Roadrunners,2,2,T,REG,3,9,2,T 1
15,1975-11-15,time unavailable,@,San Diego Mariners,6,4,W,REG,4,9,2,W 1
16,1975-11-17,time unavailable,H,Indianapolis Racers,2,6,L,REG,4,10,2,L 1
17,1975-11-21,time unavailable,H,Cincinnati Stingers,8,7,W,REG,5,10,2,W 1
18,1975-11-25,time unavailable,H,Cleveland Crusaders,3,4,L,OT,5,11,2,L 1
19,1975-11-28,time unavailable,H,Winnipeg Jets,3,5,L,REG,5,12,2,L 2
20,1975-11-29,time unavailable,@,Cincinnati Stingers,9,5,W,REG,6,12,2,W 1
21,1975-11-30,time unavailable,@,Cleveland Crusaders,9,10,L,REG,6,13,2,L 1
22,1975-12-02,time unavailable,@,Edmonton Oilers,2,7,L,REG,6,14,2,L 2
23,1975-12-03,time unavailable,@,Calgary Cowboys,4,3,W,REG,7,14,2,W 1
24,1975-12-05,time unavailable,H,Quebec Nordiques,7,4,W,REG,8,14,2,W 2
25,1975-12-09,time unavailable,H,Minnesota Fighting Saints,3,5,L,REG,8,15,2,L 1
26,1975-12-10,time unavailable,@,Winnipeg Jets,5,6,L,OT,8,16,2,L 2
27,1975-12-12,time unavailable,H,Quebec Nordiques,6,4,W,REG,9,16,2,W 1
28,1975-12-13,time unavailable,@,Quebec Nordiques,3,6,L,REG,9,17,2,L 1
29,1975-12-14,time unavailable,H,Calgary Cowboys,3,3,T,REG,9,17,3,T 1
30,1975-12-16,time unavailable,H,Winnipeg Jets,3,4,L,REG,9,18,3,L 1
31,1975-12-19,time unavailable,H,Calgary Cowboys,3,5,L,REG,9,19,3,L 2
32,1975-12-21,time unavailable,@,Edmonton Oilers,4,2,W,REG,10,19,3,W 1
33,1975-12-23,time unavailable,@,Calgary Cowboys,1,10,L,REG,10,20,3,L 1
34,1975-12-26,time unavailable,H,Edmonton Oilers,8,6,W,REG,11,20,3,W 1
35,1975-12-27,time unavailable,@,Cleveland Crusaders,0,5,L,REG,11,21,3,L 1
36,1975-12-28,time unavailable,H,Quebec Nordiques,1,6,L,REG,11,22,3,L 2
37,1975-12-30,time unavailable,H,Edmonton Oilers,6,3,W,REG,12,22,3,W 1
38,1976-01-02,time unavailable,H,Phoenix Roadrunners,4,1,W,REG,13,22,3,W 2
39,1976-01-06,time unavailable,H,San Diego Mariners,6,4,W,REG,14,22,3,W 3
40,1976-01-07,time unavailable,@,Winnipeg Jets,2,8,L,REG,14,23,3,L 1
41,1976-01-09,time unavailable,@,Edmonton Oilers,3,5,L,REG,14,24,3,L 2
42,1976-01-17,time unavailable,@,Quebec Nordiques,3,4,L,OT,14,25,3,L 3
43,1976-01-20,time unavailable,@,Houston Aeros,7,5,W,REG,15,25,3,W 1
44,1976-01-22,time unavailable,@,Phoenix Roadrunners,4,6,L,REG,15,26,3,L 1
45,1976-01-24,time unavailable,@,San Diego Mariners,4,6,L,REG,15,27,3,L 2
46,1976-01-25,time unavailable,@,Minnesota Fighting Saints,2,5,L,REG,15,28,3,L 3
47,1976-01-27,time unavailable,H,Edmonton Oilers,4,4,T,REG,15,28,4,T 1
48,1976-01-30,time unavailable,H,Quebec Nordiques,3,3,T,REG,15,28,5,T 2
49,1976-01-31,time unavailable,@,Quebec Nordiques,4,8,L,REG,15,29,5,L 1
50,1976-02-01,time unavailable,H,New England Whalers,5,7,L,REG,15,30,5,L 2
51,1976-02-06,time unavailable,H,Winnipeg Jets,6,7,L,REG,15,31,5,L 3
52,1976-02-07,time unavailable,@,New England Whalers,3,7,L,REG,15,32,5,L 4
53,1976-02-10,time unavailable,@,Calgary Cowboys,3,4,L,REG,15,33,5,L 5
54,1976-02-13,time unavailable,@,Edmonton Oilers,3,5,L,REG,15,34,5,L 6
55,1976-02-15,time unavailable,@,Winnipeg Jets,6,7,L,REG,15,35,5,L 7
56,1976-02-17,time unavailable,H,Minnesota Fighting Saints,3,6,L,REG,15,36,5,L 8
57,1976-02-20,time unavailable,H,San Diego Mariners,4,6,L,REG,15,37,5,L 9
58,1976-02-22,time unavailable,@,Calgary Cowboys,2,4,L,REG,15,38,5,L 10
59,1976-02-24,time unavailable,H,Cincinnati Stingers,6,9,L,REG,15,39,5,L 11
60,1976-02-27,time unavailable,H,Houston Aeros,6,7,L,OT,15,40,5,L 12
61,1976-02-29,time unavailable,H,Winnipeg Jets,11,7,W,REG,16,40,5,W 1
62,1976-03-02,time unavailable,H,Quebec Nordiques,5,2,W,REG,17,40,5,W 2
63,1976-03-06,time unavailable,H,Calgary Cowboys,5,2,W,REG,18,40,5,W 3
64,1976-03-09,time unavailable,H,Winnipeg Jets,2,5,L,REG,18,41,5,L 1
65,1976-03-11,time unavailable,@,Indianapolis Racers,1,3,L,REG,18,42,5,L 2
66,1976-03-12,time unavailable,H,Phoenix Roadrunners,2,5,L,REG,18,43,5,L 3
67,1976-03-14,time unavailable,@,Quebec Nordiques,3,1,W,REG,19,43,5,W 1
68,1976-03-16,time unavailable,H,Cleveland Crusaders,6,0,W,REG,20,43,5,W 2
69,1976-03-17,time unavailable,@,Cincinnati Stingers,4,5,L,REG,20,44,5,L 1
70,1976-03-19,time unavailable,H,Quebec Nordiques,3,4,L,OT,20,45,5,L 2
71,1976-03-20,time unavailable,@,Cleveland Crusaders,6,5,W,REG,21,45,5,W 1
72,1976-03-21,time unavailable,H,Winnipeg Jets,5,2,W,REG,22,45,5,W 2
73,1976-03-23,time unavailable,H,Calgary Cowboys,6,5,W,OT,23,45,5,W 3
74,1976-03-26,time unavailable,H,Edmonton Oilers,7,3,W,REG,24,45,5,W 4
75,1976-03-28,time unavailable,H,Calgary Cowboys,4,5,L,REG,24,46,5,L 1
76,1976-03-30,time unavailable,@,Calgary Cowboys,2,6,L,REG,24,47,5,L 2
77,1976-03-31,time unavailable,@,Winnipeg Jets,3,5,L,REG,24,48,5,L 3
78,1976-04-02,time unavailable,H,Indianapolis Racers,1,3,L,REG,24,49,5,L 4
79,1976-04-03,time unavailable,@,Quebec Nordiques,1,5,L,REG,24,50,5,L 5
80,1976-04-04,time unavailable,H,Quebec Nordiques,4,5,L,OT,24,51,5,L 6
81,1976-04-06,time unavailable,@,Quebec Nordiques,6,10,L,REG,24,52,5,L 7

Time,Location,Result,Game Ended In

Mike Amodeo,,n/a,D,23,5-10,190,L/-,3,"June 22, 1952",ca,"4 G, 8 A, 12 P"
Steve Atkinson,,n/a,RW,27,5-11,170,R/-,R,"October 16, 1948",ca,"2 G, 6 A, 8 P"
Gilles Bilodeau,,n/a,LW,20,6-1,220,L/-,R,"July 31, 1955",ca,"0 G, 1 A, 1 P"
Les Binkley,,n/a,G,41,6-0,175,-/R,3,"June 6, 1934",ca,", 5.73 GAA"
Paul Crowley,,n/a,RW,20,5-9,182,R/-,R,"December 26, 1955",ca,"0 G, 0 A, 0 P"
Rick Cunningham,,n/a,D,24,5-11,180,R/-,3,"March 3, 1951",ca,"5 G, 14 A, 19 P"
Bob D'Alvise,,n/a,C,23,5-11,170,L/-,R,"December 23, 1952",ca,"5 G, 8 A, 13 P"
Jim Dorey,,n/a,D,28,6-1,190,L/-,3,"August 17, 1947",ca,"9 G, 51 A, 60 P"
Richard Farda,,n/a,C,30,5-9,175,L/-,1,"November 8, 1945",cs,"19 G, 35 A, 54 P"
Tony Featherstone,,n/a,RW,26,5-11,187,R/-,1,"July 31, 1949",ca,"4 G, 7 A, 11 P"
Peter Folco,,n/a,D,22,6-0,185,L/-,R,"August 13, 1953",ca,"1 G, 8 A, 9 P"
Rick Foley,,n/a,D,30,6-4,223,L/-,R,"September 22, 1945",ca,"1 G, 2 A, 3 P"
John Garrett,,n/a,G,24,5-8,175,-/L,2,"June 17, 1951",ca,", 3.59 GAA"
Gerrard Gibbons,,n/a,D,23,6-3,185,L/-,1,"January 7, 1953",ca,"1 G, 0 A, 1 P"
Jack Gibson,,n/a,LW,27,6-0,185,L/-,2,"August 18, 1948",ca,"0 G, 0 A, 0 P"
Paul Heaver,,n/a,D,20,6-1,195,R/-,R,"February 15, 1955",gb,"2 G, 12 A, 14 P"
Paul Henderson,,n/a,LW,33,5-11,180,R/-,1,"January 28, 1943",ca,"26 G, 29 A, 55 P"
Jeff Jacques,,n/a,RW,22,5-11,180,R/-,1,"April 4, 1953",ca,"17 G, 33 A, 50 P"
Gavin Kirk,,n/a,C,24,5-10,165,L/-,3,"December 6, 1951",gb,"28 G, 38 A, 66 P"
George Kuzmicz,,n/a,D,23,6-1,200,L/-,1,"May 24, 1952",ca,"0 G, 0 A, 0 P"
Frank Mahovlich,,n/a,LW,38,6-0,205,L/-,1,"January 10, 1938",ca,"34 G, 55 A, 89 P"
Peter Marrin,,n/a,C,22,5-10,160,R/-,2,"August 8, 1953",ca,"22 G, 16 A, 38 P"
Mark Napier,,n/a,RW,19,5-10,182,L/-,R,"January 28, 1957",ca,"43 G, 50 A, 93 P"
Vaclav Nedomansky,,n/a,RW,31,6-2,205,L/-,1,"March 14, 1944",cs,"56 G, 42 A, 98 P"
Greg Neeld,,n/a,D,20,6-0,190,R/-,R,"February 25, 1955",ca,"0 G, 1 A, 1 P"
Lou Nistico,,n/a,LW,23,5-7,170,L/-,2,"January 25, 1953",ca,"12 G, 22 A, 34 P"
Jean-Luc Phaneuf,,n/a,RW,20,5-8,165,R/-,R,"October 26, 1955",ca,"8 G, 8 A, 16 P"
Jerry Rollins,,n/a,D,20,6-2,195,R/-,R,"March 22, 1955",ca,"5 G, 7 A, 12 P"
Jim Shaw,,n/a,G,30,6-1,185,-/L,1,"October 18, 1945",ca,", 4.86 GAA"
Tom Simpson,,n/a,RW,23,5-9,190,R/-,3,"August 15, 1952",ca,"20 G, 21 A, 41 P"
Dave Syvret,,n/a,D,21,6-0,190,L/-,R,"October 28, 1954",ca,"1 G, 11 A, 12 P"
Dave Tataryn,,n/a,G,25,5-9,160,-/L,R,"July 17, 1950",ca,", 4.76 GAA"
Jim Turkiewicz,,n/a,D,20,5-10,185,L/-,1,"April 13, 1955",ca,"10 G, 29 A, 39 P"
John Van Horlick,,n/a,D,26,6-0,190,L/-,R,"February 19, 1949",ca,"0 G, 0 A, 0 P"
Mario Viens,,n/a,G,20,5-7,150,-/R,R,"August 7, 1955",ca,", 5.13 GAA"
Wayne Wood,,n/a,G,24,6-1,190,-/L,1,"June 5, 1951",ca,", 4.76 GAA"
Jerry Zrymiak,,n/a,D,27,6-1,195,R/-,3,"October 19, 1948",ca,"0 G, 5 A, 5 P"
