INFO:
teamName,Ball So Hard
teamAbbreviation,Ball So Hard
sportId,n/a
sportName,n/a
sportRules,n/a
leagueId,watMu
levelId,n/a
seasonName,n/a
seasonId,n/a
Roster Size,10
Season Games Played,6
Playoff Round Lengths,1,1
END_INFO

SEASON:
Date/Time,Location,Opposing Team,Score,S.O.C.
Sat Sep 21 @ 11:00 am,Columbia Icefield: Field 5,GANDU,won 14 - 42,2
Sat Sep 21 @ 12:00 pm,Columbia Icefield: Field 5,KINvincible,won 35 - 21,2
Sat Oct 19 @ 2:00 pm,Columbia Icefield: Field 5,KINvincible,won 28 - 14,2
Sat Oct 26 @ 3:00 pm,Columbia Icefield: Warrior Field,GANDU,won 7 - 42,2
Sat Oct 26 @ 4:00 pm,Columbia Icefield: Warrior Field,Individuals 2,lost 28 - 21,3
Sun Oct 27 @ 5:00 pm,Columbia Icefield: Field 5,Individuals 2,won 35 - 42,3
END_SEASON

PLAYOFFS:
Date/Time,Location,Opposing Team,Score,S.O.C.
Sat Nov 9 @ 1:00 pm,Columbia Icefield: Warrior Field,Individuals 2,won 42 - 7,2
Sat Nov 9 @ 3:00 pm,Columbia Icefield: Warrior Field,KINvincible,lost 7 - 21,2
END_PLAYOFFS

ROSTER:
Player,Captaincy,uwaterloo_email
Joel Leon,(C),jfleon@uwaterloo.ca
David Bar,,
Paul Cassell,,
Dylan Kalloo,,
Jeffrey Leon,,
Mackenzie Merritt,,
Christopher Roy,,
Edgar Tsang,,
Kevin Wong,,
Adriano Zaffino,,
END_ROSTER
