INFO:
teamName,KINvincible
teamAbbreviation,KINvincible
sportId,n/a
sportName,n/a
sportRules,n/a
leagueId,watMu
levelId,n/a
seasonName,n/a
seasonId,n/a
Roster Size,12
Season Games Played,6
Playoff Round Lengths,1,1
END_INFO

SEASON:
Date/Time,Location,Opposing Team,Score,S.O.C.
Sat Sep 21 @ 12:00 pm,Columbia Icefield: Field 5,Ball So Hard,lost 35 - 21,2
Sat Sep 28 @ 1:00 pm,Village Green,GANDU,won 49 - 42,2
Sat Sep 28 @ 2:00 pm,Village Green,Individuals 2,won 21 - 49,3
Sat Oct 5 @ 2:00 pm,Columbia Icefield: Field 5,GANDU,won 14 - 0,avg.
Sat Oct 19 @ 2:00 pm,Columbia Icefield: Field 5,Ball So Hard,lost 28 - 14,2
Sat Oct 26 @ 2:00 pm,Columbia Icefield: Warrior Field,Individuals 2,won 28 - 35,3
END_SEASON

PLAYOFFS:
Date/Time,Location,Opposing Team,Score,S.O.C.
Sat Nov 9 @ 2:00 pm,Columbia Icefield: Warrior Field,GANDU,won 35 - 0,2
Sat Nov 9 @ 3:00 pm,Columbia Icefield: Warrior Field,Ball So Hard,won 7 - 21,2
END_PLAYOFFS

ROSTER:
Player,Captaincy,uwaterloo_email
Alberto Pagano,(C),chris.pagano@hotmail.com
Moses Aaku,,
Aaron Bertolo,,
Terence Boateng,,
Matthew Coyne,,
Nicolas Driever,,
John Fehrman,,
Stephen Jamison,,
Hyunsuk Ko,,
Nicholas Paolini,,
Alexander Scherger,,
Wing Wong,,
END_ROSTER
