INFO:
teamName,GANDU
teamAbbreviation,GANDU
sportId,n/a
sportName,n/a
sportRules,n/a
leagueId,watMu
levelId,n/a
seasonName,n/a
seasonId,n/a
Roster Size,9
Season Games Played,6
Playoff Round Lengths,1
END_INFO

SEASON:
Date/Time,Location,Opposing Team,Score,S.O.C.
Sat Sep 21 @ 11:00 am,Columbia Icefield: Field 5,Ball So Hard,lost 14 - 42,2
Sat Sep 21 @ 1:00 pm,Columbia Icefield: Field 5,Individuals 2,won 0 - 14,avg.
Sat Sep 28 @ 1:00 pm,Village Green,KINvincible,lost 49 - 42,2
Sat Oct 5 @ 2:00 pm,Columbia Icefield: Field 5,KINvincible,lost 14 - 0,-2
Sat Oct 19 @ 3:00 pm,Columbia Icefield: Field 5,Individuals 2,won 0 - 14,avg.
Sat Oct 26 @ 3:00 pm,Columbia Icefield: Warrior Field,Ball So Hard,lost 7 - 42,2
END_SEASON

PLAYOFFS:
Date/Time,Location,Opposing Team,Score,S.O.C.
Sat Nov 9 @ 2:00 pm,Columbia Icefield: Warrior Field,KINvincible,lost 35 - 0,2
END_PLAYOFFS

ROSTER:
Player,Captaincy,uwaterloo_email
Joshua Sepulveda,(C),sepulvedaj.62@gmail.com
Anthony Caterini,,
Dylan Craig,,
Patrick Drabicki,,
Ahmed El-Moustehy,,
Ravi Goundalkar,,
Devon Lessey-Searles,,
Waise Mahamed,,
Naeem Munir,,
END_ROSTER
