INFO:
teamName,Individuals 2
teamAbbreviation,Individuals 2
sportId,n/a
sportName,n/a
sportRules,n/a
leagueId,watMu
levelId,n/a
seasonName,n/a
seasonId,n/a
Roster Size,12
Season Games Played,6
Playoff Round Lengths,1
END_INFO

SEASON:
Date/Time,Location,Opposing Team,Score,S.O.C.
Sat Sep 21 @ 1:00 pm,Columbia Icefield: Field 5,GANDU,lost 0 - 14,0
Sat Sep 28 @ 2:00 pm,Village Green,KINvincible,lost 21 - 49,3
Sat Oct 19 @ 3:00 pm,Columbia Icefield: Field 5,GANDU,lost 0 - 14,-2
Sat Oct 26 @ 2:00 pm,Columbia Icefield: Warrior Field,KINvincible,lost 28 - 35,3
Sat Oct 26 @ 4:00 pm,Columbia Icefield: Warrior Field,Ball So Hard,won 28 - 21,3
Sun Oct 27 @ 5:00 pm,Columbia Icefield: Field 5,Ball So Hard,lost 35 - 42,3
END_SEASON

PLAYOFFS:
Date/Time,Location,Opposing Team,Score,S.O.C.
Sat Nov 9 @ 1:00 pm,Columbia Icefield: Warrior Field,Ball So Hard,lost 42 - 7,2
END_PLAYOFFS

ROSTER:
Player,Captaincy,uwaterloo_email
William O’Brien,(C),brennyobs@hotmail.com
Steven Buckrell,,
Adam Freeman,,
Anthony Hou,,
Musa Khan,,
Denis  Ludwig ,,
Joseph Manduca,,
Patrick  Mayer ,,
Jamie McMahon,,
Robert Rappolt,,
Jash Shah,,
Spencer Sillaste,,
END_ROSTER
