Montreal Canadiens,MTL,nhl
1927-28,1928
15
44
2
GP,Date,Time,Location,Opponent,GF,GA,Result,Game Ended In,W,L,T,Streak
1,1927-11-15,time unavailable,@,New York Americans,6,1,W,REG,1,0,0,W 1
2,1927-11-19,time unavailable,H,Montreal Maroons,1,1,T,OT,1,0,1,T 1
3,1927-11-22,time unavailable,H,Pittsburgh Pirates,4,0,W,REG,2,0,1,W 1
4,1927-11-27,time unavailable,@,Detroit Cougars,0,2,L,REG,2,1,1,L 1
5,1927-11-30,time unavailable,@,Chicago Black Hawks,5,2,W,REG,3,1,1,W 1
6,1927-12-03,time unavailable,H,New York Americans,4,0,W,REG,4,1,1,W 2
7,1927-12-06,time unavailable,@,Boston Bruins,1,1,T,OT,4,1,2,T 1
8,1927-12-08,time unavailable,H,Toronto Maple Leafs,2,1,W,OT,5,1,2,W 1
9,1927-12-11,time unavailable,@,New York Rangers,2,0,W,REG,6,1,2,W 2
10,1927-12-13,time unavailable,H,Detroit Cougars,6,1,W,REG,7,1,2,W 3
11,1927-12-15,time unavailable,@,Montreal Maroons,2,1,W,REG,8,1,2,W 4
12,1927-12-17,time unavailable,H,Boston Bruins,5,1,W,REG,9,1,2,W 5
13,1927-12-22,time unavailable,H,Chicago Black Hawks,5,2,W,REG,10,1,2,W 6
14,1927-12-24,time unavailable,@,Pittsburgh Pirates,2,2,T,OT,10,1,3,T 1
15,1927-12-27,time unavailable,@,Ottawa Senators,0,0,T,OT,10,1,4,T 2
16,1927-12-31,time unavailable,H,New York Rangers,1,0,W,REG,11,1,4,W 1
17,1928-01-04,time unavailable,@,Chicago Black Hawks,3,1,W,REG,12,1,4,W 2
18,1928-01-05,time unavailable,@,Detroit Cougars,2,1,W,REG,13,1,4,W 3
19,1928-01-07,time unavailable,@,Toronto Maple Leafs,9,1,W,REG,14,1,4,W 4
20,1928-01-10,time unavailable,H,Ottawa Senators,3,0,W,REG,15,1,4,W 5
21,1928-01-15,time unavailable,@,New York Americans,3,1,W,REG,16,1,4,W 6
22,1928-01-17,time unavailable,@,Boston Bruins,3,1,W,REG,17,1,4,W 7
23,1928-01-21,time unavailable,H,Montreal Maroons,0,1,L,REG,17,2,4,L 1
24,1928-01-24,time unavailable,H,Chicago Black Hawks,10,0,W,REG,18,2,4,W 1
25,1928-01-28,time unavailable,H,Ottawa Senators,1,2,L,REG,18,3,4,L 1
26,1928-01-31,time unavailable,H,Pittsburgh Pirates,1,2,L,REG,18,4,4,L 2
27,1928-02-02,time unavailable,H,Toronto Maple Leafs,3,4,L,REG,18,5,4,L 3
28,1928-02-04,time unavailable,@,Montreal Maroons,0,0,T,OT,18,5,5,T 1
29,1928-02-07,time unavailable,@,Toronto Maple Leafs,2,1,W,REG,19,5,5,W 1
30,1928-02-11,time unavailable,H,Boston Bruins,1,1,T,OT,19,5,6,T 1
31,1928-02-14,time unavailable,H,New York Americans,0,1,L,REG,19,6,6,L 1
32,1928-02-18,time unavailable,@,Ottawa Senators,0,1,L,REG,19,7,6,L 2
33,1928-02-21,time unavailable,H,Toronto Maple Leafs,0,0,T,OT,19,7,7,T 1
34,1928-02-26,time unavailable,@,New York Americans,0,1,L,REG,19,8,7,L 1
35,1928-02-28,time unavailable,@,Ottawa Senators,2,0,W,REG,20,8,7,W 1
36,1928-03-03,time unavailable,H,Montreal Maroons,2,3,L,OT,20,9,7,L 1
37,1928-03-06,time unavailable,@,Pittsburgh Pirates,2,1,W,REG,21,9,7,W 1
38,1928-03-08,time unavailable,H,New York Rangers,4,3,W,REG,22,9,7,W 2
39,1928-03-10,time unavailable,@,Montreal Maroons,3,0,W,REG,23,9,7,W 3
40,1928-03-13,time unavailable,@,New York Rangers,4,1,W,REG,24,9,7,W 4
41,1928-03-15,time unavailable,H,Detroit Cougars,0,1,L,REG,24,10,7,L 1
42,1928-03-17,time unavailable,@,Toronto Maple Leafs,3,5,L,REG,24,11,7,L 2
43,1928-03-20,time unavailable,H,New York Americans,5,0,W,REG,25,11,7,W 1
44,1928-03-24,time unavailable,H,Ottawa Senators,4,0,W,REG,26,11,7,W 2

GP,Date,Time,Location,Opponent,GF,GA,Result,Game Ended In,W,L,T,Streak
1,1928-03-31,time unavailable,@,Montreal Maroons,2,2,T,REG,0,0,1,T 1
2,1928-04-03,time unavailable,H,Montreal Maroons,0,1,L,OT,0,1,1,L 1

Marty Burke,,n/a,D,23,5-8,160,L/-,R,"January 28, 1905",ca,"1 G, 0 A, 0 P"
Art Gagne,,n/a,RW,30,5-7,160,R/-,1,"October 11, 1897",ca,"20 G, 10 A, 30 P"
Herb Gardiner,,n/a,D,36,5-10,190,L/-,1,"May 8, 1891",ca,"4 G, 3 A, 7 P"
Leo Gaudreault,,n/a,C,22,5-10,152,L/-,R,"October 19, 1905",ca,"6 G, 2 A, 8 P"
George Hainsworth,,n/a,G,32,5-6,150,-/L,1,"June 26, 1895",ca,"26-11-7, 1.05 GAA"
Gizzy Hart,,n/a,LW,25,5-9,171,L/-,1,"June 1, 1902",ca,"3 G, 2 A, 5 P"
Aurele Joliat,,4,LW,26,5-7,136,L/-,5,"August 29, 1901",ca,"28 G, 11 A, 39 P"
Leo Lafrance,,n/a,C/LW,25,5-8,160,L/-,1,"November 3, 1902",ca,"1 G, 0 A, 1 P"
Charlie Langlois,,n/a,D,33,6-0,210,R/-,3,"August 25, 1894",ca,"0 G, 0 A, 0 P"
Wildor Larochelle,,n/a,RW,21,5-8,158,R/-,2,"September 23, 1906",ca,"3 G, 1 A, 4 P"
Albert Leduc,,n/a,D,25,5-9,180,R/-,2,"November 22, 1902",ca,"8 G, 5 A, 13 P"
Pit Lepine,,n/a,C,26,5-11,168,L/-,2,"July 30, 1901",ca,"4 G, 1 A, 5 P"
Sylvio Mantha,(C),2,D,25,5-10,178,R/-,4,"April 14, 1902",ca,"4 G, 11 A, 15 P"
Howie Morenz,,7,C,25,5-9,165,L/-,4,"September 21, 1902",ca,"33 G, 18 A, 51 P"
George Patterson,,n/a,RW,21,6-1,176,R/-,1,"May 22, 1906",ca,"1 G, 0 A, 1 P"
