Montreal Maroons,MTM,nhl
1927-28,1928
15
44
2,2,5
GP,Date,Time,Location,Opponent,GF,GA,Result,Game Ended In,W,L,T,Streak
1,1927-11-15,time unavailable,@,Ottawa Senators,2,1,W,REG,1,0,0,W 1
2,1927-11-17,time unavailable,H,Chicago Black Hawks,2,3,L,REG,1,1,0,L 1
3,1927-11-19,time unavailable,@,Montreal Canadiens,1,1,T,OT,1,1,1,T 1
4,1927-11-22,time unavailable,@,New York Rangers,4,3,W,REG,2,1,1,W 1
5,1927-11-26,time unavailable,H,Ottawa Senators,1,0,W,REG,3,1,1,W 2
6,1927-11-29,time unavailable,@,Boston Bruins,0,4,L,REG,3,2,1,L 1
7,1927-12-01,time unavailable,H,New York Rangers,1,1,T,OT,3,2,2,T 1
8,1927-12-03,time unavailable,@,Toronto Maple Leafs,2,1,W,REG,4,2,2,W 1
9,1927-12-10,time unavailable,H,Detroit Cougars,1,4,L,REG,4,3,2,L 1
10,1927-12-15,time unavailable,H,Montreal Canadiens,1,2,L,REG,4,4,2,L 2
11,1927-12-17,time unavailable,@,Ottawa Senators,0,1,L,REG,4,5,2,L 3
12,1927-12-22,time unavailable,@,New York Americans,5,2,W,REG,5,5,2,W 1
13,1927-12-24,time unavailable,H,New York Americans,4,2,W,REG,6,5,2,W 2
14,1927-12-28,time unavailable,@,Chicago Black Hawks,4,3,W,REG,7,5,2,W 3
15,1927-12-29,time unavailable,@,Detroit Cougars,0,3,L,REG,7,6,2,L 1
16,1927-12-31,time unavailable,@,Pittsburgh Pirates,0,4,L,REG,7,7,2,L 2
17,1928-01-05,time unavailable,H,Toronto Maple Leafs,2,1,W,REG,8,7,2,W 1
18,1928-01-07,time unavailable,H,Boston Bruins,4,1,W,REG,9,7,2,W 2
19,1928-01-14,time unavailable,H,Pittsburgh Pirates,4,0,W,REG,10,7,2,W 3
20,1928-01-17,time unavailable,H,Ottawa Senators,1,1,T,OT,10,7,3,T 1
21,1928-01-19,time unavailable,@,New York Americans,0,1,L,REG,10,8,3,L 1
22,1928-01-21,time unavailable,@,Montreal Canadiens,1,0,W,REG,11,8,3,W 1
23,1928-01-26,time unavailable,H,Toronto Maple Leafs,1,0,W,REG,12,8,3,W 2
24,1928-01-31,time unavailable,@,New York Rangers,1,3,L,REG,12,9,3,L 1
25,1928-02-02,time unavailable,@,Ottawa Senators,0,1,L,OT,12,10,3,L 2
26,1928-02-04,time unavailable,H,Montreal Canadiens,0,0,T,OT,12,10,4,T 1
27,1928-02-07,time unavailable,H,New York Americans,3,3,T,OT,12,10,5,T 2
28,1928-02-10,time unavailable,@,Chicago Black Hawks,3,2,W,REG,13,10,5,W 1
29,1928-02-11,time unavailable,@,Pittsburgh Pirates,3,1,W,REG,14,10,5,W 2
30,1928-02-16,time unavailable,H,Detroit Cougars,0,1,L,REG,14,11,5,L 1
31,1928-02-18,time unavailable,H,Toronto Maple Leafs,2,1,W,REG,15,11,5,W 1
32,1928-02-21,time unavailable,@,New York Americans,5,3,W,REG,16,11,5,W 2
33,1928-02-23,time unavailable,@,Toronto Maple Leafs,2,2,T,OT,16,11,6,T 1
34,1928-02-25,time unavailable,H,Boston Bruins,3,1,W,REG,17,11,6,W 1
35,1928-02-28,time unavailable,@,Boston Bruins,1,2,L,REG,17,12,6,L 1
36,1928-03-01,time unavailable,H,Chicago Black Hawks,6,3,W,REG,18,12,6,W 1
37,1928-03-03,time unavailable,@,Montreal Canadiens,3,2,W,OT,19,12,6,W 2
38,1928-03-06,time unavailable,H,New York Rangers,3,1,W,REG,20,12,6,W 3
39,1928-03-08,time unavailable,@,Detroit Cougars,3,2,W,OT,21,12,6,W 4
40,1928-03-10,time unavailable,H,Montreal Canadiens,0,3,L,REG,21,13,6,L 1
41,1928-03-13,time unavailable,H,New York Americans,5,0,W,REG,22,13,6,W 1
42,1928-03-17,time unavailable,H,Ottawa Senators,3,1,W,REG,23,13,6,W 2
43,1928-03-22,time unavailable,H,Pittsburgh Pirates,1,2,L,REG,23,14,6,L 1
44,1928-03-24,time unavailable,@,Toronto Maple Leafs,8,4,W,REG,24,14,6,W 1

GP,Date,Time,Location,Opponent,GF,GA,Result,Game Ended In,W,L,T,Streak
1,1928-03-27,time unavailable,@,Ottawa Senators,1,0,W,REG,1,0,0,W 1
2,1928-03-29,time unavailable,H,Ottawa Senators,2,1,W,REG,2,0,0,W 2
3,1928-03-31,time unavailable,H,Montreal Canadiens,2,2,T,REG,2,0,1,T 1
4,1928-04-03,time unavailable,@,Montreal Canadiens,1,0,W,OT,3,0,1,W 1
5,1928-04-05,time unavailable,H,New York Rangers,2,0,W,REG,4,0,1,W 2
6,1928-04-07,time unavailable,H,New York Rangers,1,2,L,OT,4,1,1,L 1
7,1928-04-10,time unavailable,H,New York Rangers,2,0,W,REG,5,1,1,W 1
8,1928-04-12,time unavailable,H,New York Rangers,0,1,L,REG,5,2,1,L 1
9,1928-04-14,time unavailable,H,New York Rangers,1,2,L,REG,5,3,1,L 2

Clint Benedict,,n/a,G,35,-/L,10,"September 26, 1892","24-14-6, 1.70 GAA",ca
Fred Brown,,n/a,D,27,5-8,155,L/-,R,"September 15, 1900",ca,"1 G, 0 A, 1 P"
Frank Carson,,n/a,RW,26,5-7,165,R/-,2,"January 12, 1902",ca,"0 G, 1 A, 1 P"
Red Dutton,,n/a,D,30,6-0,185,R/-,1,"July 23, 1897",ca,"7 G, 6 A, 13 P"
Hap Emms,,n/a,LW/D,23,6-0,190,L/-,1,"January 12, 1905",ca,"0 G, 1 A, 1 P"
Joe Lamb,,n/a,C/RW,21,5-10,170,R/-,R,"June 18, 1906",ca,"8 G, 5 A, 13 P"
Dunc Munro,,n/a,D,27,5-8,190,L/-,3,"January 19, 1901",gb,"5 G, 2 A, 7 P"
Russell Oatman,,n/a,C,22,5-10,195,L/-,1,"February 19, 1905",ca,"7 G, 4 A, 11 P"
Merlyn Phillips,,n/a,RW,28,5-7,160,R/-,2,"May 24, 1899",ca,"7 G, 5 A, 12 P"
Babe Siebert,,n/a,LW/D,24,5-10,182,L/-,2,"January 14, 1904",ca,"8 G, 9 A, 17 P"
Hooley Smith,,n/a,C,25,5-10,155,R/-,3,"January 7, 1903",ca,"14 G, 5 A, 19 P"
Nels Stewart,,n/a,C,25,6-1,195,L/-,2,"December 29, 1902",ca,"27 G, 7 A, 34 P"
Bill Touhey,,n/a,LW/C,21,5-9,155,L/-,R,"March 23, 1906",ca,"2 G, 0 A, 2 P"
Flat Walsh,,n/a,G,30,5-11,180,-/L,1,"March 23, 1897",ca,"0-0-0, 1.50 GAA"
Jimmy Ward,,n/a,RW,21,5-11,167,R/-,R,"September 1, 1906",ca,"10 G, 2 A, 12 P"
