Hamilton Tigers,HAM,nhl
1924-25,1925
12
30
0
GP,Date,Time,Location,Opponent,GF,GA,Result,Game Ended In,W,L,T,Streak,Notes
1,1924-11-29,time unavailable,H,Ottawa Senators,5,3,W,REG,1,0,0,W 1
2,1924-12-03,time unavailable,@,Montreal Maroons,2,0,W,REG,2,0,0,W 2
3,1924-12-05,time unavailable,@,Toronto St. Patricks,10,3,W,REG,3,0,0,W 3
4,1924-12-10,time unavailable,H,Boston Bruins,7,1,W,REG,4,0,0,W 4
5,1924-12-13,time unavailable,@,Montreal Canadiens,2,6,L,REG,4,1,0,L 1
6,1924-12-17,time unavailable,@,Ottawa Senators,0,0,T,OT,4,1,1,T 1
7,1924-12-20,time unavailable,H,Montreal Maroons,3,1,W,REG,5,1,1,W 1
8,1924-12-25,time unavailable,H,Toronto St. Patricks,8,1,W,REG,6,1,1,W 2
9,1924-12-29,time unavailable,@,Boston Bruins,2,1,W,REG,7,1,1,W 3
10,1925-01-01,time unavailable,H,Montreal Canadiens,4,2,W,REG,8,1,1,W 4
11,1925-01-03,time unavailable,@,Ottawa Senators,0,2,L,REG,8,2,1,L 1
12,1925-01-07,time unavailable,H,Montreal Maroons,2,6,L,REG,8,3,1,L 2
13,1925-01-10,time unavailable,@,Toronto St. Patricks,1,3,L,REG,8,4,1,L 3
14,1925-01-12,time unavailable,@,Boston Bruins,4,2,W,REG,9,4,1,W 1
15,1925-01-17,time unavailable,H,Montreal Canadiens,4,2,W,REG,10,4,1,W 2
16,1925-01-21,time unavailable,H,Ottawa Senators,5,4,W,REG,11,4,1,W 3
17,1925-01-24,time unavailable,@,Montreal Maroons,1,0,W,REG,12,4,1,W 4
18,1925-01-28,time unavailable,H,Toronto St. Patricks,4,0,W,REG,13,4,1,W 5
19,1925-01-31,time unavailable,H,Boston Bruins,8,3,W,REG,14,4,1,W 6
20,1925-02-04,time unavailable,@,Montreal Canadiens,3,0,W,REG,15,4,1,W 7
21,1925-02-07,time unavailable,@,Ottawa Senators,2,3,L,REG,15,5,1,L 1
22,1925-02-11,time unavailable,H,Montreal Maroons,3,2,W,REG,16,5,1,W 1
23,1925-02-14,time unavailable,@,Toronto St. Patricks,1,3,L,REG,16,6,1,L 1
24,1925-02-17,time unavailable,@,Boston Bruins,2,1,W,REG,17,6,1,W 1
25,1925-02-21,time unavailable,H,Montreal Canadiens,1,2,L,REG,17,7,1,L 1
26,1925-02-25,time unavailable,H,Ottawa Senators,2,0,W,REG,18,7,1,W 1
27,1925-02-28,time unavailable,@,Montreal Maroons,0,1,L,REG,18,8,1,L 1
28,1925-03-04,time unavailable,H,Toronto St. Patricks,3,2,W,REG,19,8,1,W 1
29,1925-03-07,time unavailable,H,Boston Bruins,0,2,L,REG,19,9,1,L 1
30,1925-03-09,time unavailable,@,Montreal Canadiens,1,4,L,REG,19,10,1,L 2

Time,Location,Result,Game Ended In

Edmond Bouchard,,n/a,F,32,5-10,185,L/-,3,"May 24, 1892",ca,"2 G, 2 A, 4 P"
Billy Burch,,n/a,C,24,6-0,200,L/-,2,"November 20, 1900",us,"20 G, 7 A, 27 P"
Charlie Cotch,,n/a,F,24,5-11,175,L/-,R,"February 21, 1900",lv,"1 G, 0 A, 1 P"
Jake Forbes,,n/a,G,27,5-6,140,-/L,4,"July 4, 1897",ca,"19-10-1, 1.96 GAA"
Red Green,,n/a,LW,25,5-8,148,L/-,1,"December 12, 1899",ca,"19 G, 15 A, 34 P"
Shorty Green,,n/a,RW,28,5-10,152,R/-,1,"July 17, 1896",ca,"18 G, 9 A, 27 P"
Charlie Langlois,,n/a,D,30,6-0,210,R/-,R,"August 25, 1894",ca,"6 G, 3 A, 9 P"
Alex McKinnon,,n/a,D,29,5-8,175,R/-,R,"April 17, 1895",ca,"8 G, 3 A, 11 P"
Goldie Prodger,,n/a,F/D,33,5-10,180,R/-,5,"February 18, 1891",ca,"0 G, 0 A, 0 P"
Ken Randall,,n/a,D,36,5-10,180,R/-,7,"December 14, 1888",ca,"8 G, 10 A, 18 P"
Mickey Roach,,n/a,C,29,5-6,158,L/-,5,"May 1, 1895",us,"6 G, 4 A, 10 P"
Jesse Spring,,n/a,D,24,6-0,185,L/-,1,"January 18, 1901",us,"2 G, 1 A, 3 P"
