Montreal Maroons,MTM,nhl
1924-25,1925
14
30
0
GP,Date,Time,Location,Opponent,GF,GA,Result,Game Ended In,W,L,T,Streak,Notes
1,1924-12-01,time unavailable,@,Boston Bruins,1,2,L,REG,0,1,0,L 1
2,1924-12-03,time unavailable,H,Hamilton Tigers,0,2,L,REG,0,2,0,L 2
3,1924-12-06,time unavailable,H,Ottawa Senators,3,1,W,REG,1,2,0,W 1
4,1924-12-10,time unavailable,@,Montreal Canadiens,0,5,L,REG,1,3,0,L 1
5,1924-12-13,time unavailable,@,Toronto St. Patricks,3,1,W,REG,2,3,0,W 1
6,1924-12-17,time unavailable,H,Boston Bruins,6,2,W,REG,3,3,0,W 2
7,1924-12-20,time unavailable,@,Hamilton Tigers,1,3,L,REG,3,4,0,L 1
8,1924-12-23,time unavailable,@,Ottawa Senators,2,1,W,REG,4,4,0,W 1
9,1924-12-27,time unavailable,H,Montreal Canadiens,1,1,T,OT,4,4,1,T 1
10,1925-01-01,time unavailable,H,Toronto St. Patricks,1,2,L,REG,4,5,1,L 1
11,1925-01-03,time unavailable,H,Boston Bruins,4,3,W,REG,5,5,1,W 1
12,1925-01-07,time unavailable,@,Hamilton Tigers,6,2,W,REG,6,5,1,W 2
13,1925-01-10,time unavailable,@,Ottawa Senators,0,4,L,REG,6,6,1,L 1
14,1925-01-14,time unavailable,H,Montreal Canadiens,1,1,T,OT,6,6,2,T 1
15,1925-01-17,time unavailable,H,Toronto St. Patricks,2,1,W,REG,7,6,2,W 1
16,1925-01-20,time unavailable,@,Boston Bruins,2,0,W,REG,8,6,2,W 2
17,1925-01-24,time unavailable,H,Hamilton Tigers,0,1,L,REG,8,7,2,L 1
18,1925-01-28,time unavailable,H,Ottawa Senators,1,2,L,REG,8,8,2,L 2
19,1925-01-31,time unavailable,@,Montreal Canadiens,0,5,L,REG,8,9,2,L 3
20,1925-02-04,time unavailable,@,Toronto St. Patricks,2,3,L,REG,8,10,2,L 4
21,1925-02-07,time unavailable,H,Boston Bruins,0,1,L,REG,8,11,2,L 5
22,1925-02-11,time unavailable,@,Hamilton Tigers,2,3,L,REG,8,12,2,L 6
23,1925-02-14,time unavailable,@,Ottawa Senators,2,3,L,REG,8,13,2,L 7
24,1925-02-18,time unavailable,H,Montreal Canadiens,0,1,L,REG,8,14,2,L 8
25,1925-02-21,time unavailable,H,Toronto St. Patricks,1,2,L,REG,8,15,2,L 9
26,1925-02-24,time unavailable,@,Boston Bruins,1,2,L,REG,8,16,2,L 10
27,1925-02-28,time unavailable,H,Hamilton Tigers,1,0,W,REG,9,16,2,W 1
28,1925-03-04,time unavailable,H,Ottawa Senators,1,5,L,REG,9,17,2,L 1
29,1925-03-07,time unavailable,@,Montreal Canadiens,1,3,L,REG,9,18,2,L 2
30,1925-03-09,time unavailable,@,Toronto St. Patricks,0,3,L,REG,9,19,2,L 3

Time,Location,Result,Game Ended In

Clint Benedict,,n/a,G,32,-/L,7,"September 26, 1892","9-19-2, 2.12 GAA",ca
Louis Berlinguette,,n/a,LW,37,5-11,175,L/-,6,"May 26, 1887",ca,"4 G, 2 A, 6 P"
Punch Broadbent,,n/a,RW,32,5-7,183,R/-,6,"July 13, 1892",ca,"14 G, 6 A, 20 P"
Francis Cain,,n/a,F,25,5-8,175,-/-,R,"March 22, 1899",ca,"4 G, 0 A, 4 P"
George Carroll,,n/a,D,27,6-2,210,R/-,R,"June 3, 1897",ca,"0 G, 0 A, 0 P"
Chuck Dinsmore,,n/a,F,21,5-6,155,L/-,R,"July 23, 1903",ca,"2 G, 1 A, 3 P"
Fred Lowrey,,n/a,D,22,5-9,155,R/-,R,"August 12, 1902",ca,"0 G, 1 A, 1 P"
Dunc Munro,,n/a,D,24,5-8,190,L/-,R,"January 19, 1901",gb,"5 G, 1 A, 6 P"
Gerry Munro,,n/a,D,27,5-10,175,L/-,R,"November 28, 1897",ca,"1 G, 0 A, 1 P"
Reg Noble,,n/a,LW/C,28,5-8,180,L/-,7,"June 23, 1896",ca,"8 G, 11 A, 19 P"
Ernie Parkes,,n/a,RW,26,5-10,150,R/-,R,"November 4, 1898",ca,"0 G, 0 A, 0 P"
Sam Rothschild,,n/a,F,25,5-6,145,L/-,R,"October 16, 1899",ca,"5 G, 4 A, 9 P"
Ganton Scott,,n/a,RW,21,5-9,165,R/-,2,"March 23, 1903",ca,"1 G, 1 A, 2 P"
Alf Skinner,,n/a,RW,29,5-10,180,R/-,2,"January 26, 1896",ca,"1 G, 1 A, 2 P"
