Samureyes,winter2009,Ice Hockey: Samureyes (Advanced)
9,6,6,3,3
Thu Jan 15 @ 8:00 pm,Columbia Icefield Arena,lost,0,3,4,The Remedy
Tue Jan 20 @ 9:00 pm,Columbia Icefield Arena,tie,1,1,2,The Solution
Sat Jan 24 @ 9:00 pm,Columbia Icefield Arena,tie,2,2,1,The Baseball Team
Mon Feb 2 @ 9:00 pm,Columbia Icefield Arena,tie,1,1,2,Saturn Unleashed
Sun Mar 15 @ 5:00 pm,Columbia Icefield Arena,won,2,1,3,The Peter Northstars
Tue Mar 24 @ 8:00 pm,Columbia Icefield Arena,lost,0,2,1,The Baseball Team
Sat Mar 28 @ 12:00 pm,Columbia Icefield Arena,won,7,1,1,UW Fantasy Draft
Sat Apr 4 @ 4:00 pm,Columbia Icefield Arena,won,3,2,0,Team Discovery
Sun Apr 5 @ 5:00 pm,Columbia Icefield Arena,lost,0,3,0,Reggie Dunlops

Tyler Buffie,Graeme Ferguson,Edward Hadzocos,Ross Hamill,Benjamin Itzkow,Jacob Kelly,Mark Kepes,Edward  Main,Adam McLeod,Paul Rollett,Jeffrey Tolmie,Tanner Udenberg,Alexandra Buttle
