UW Fantasy Draft,winter2009,Ice Hockey: UW Fantasy Draft (Advanced)
7,6,6,1,1
Thu Jan 15 @ 9:00 pm,Columbia Icefield Arena,lost,1,3,4,Menno Knights
Thu Jan 22 @ 11:00 pm,Columbia Icefield Arena,tie,4,4,1,Walla Walla Weasel Wackers
Thu Jan 29 @ 10:00 pm,Columbia Icefield Arena,won,5,4,0,Nine Inch Males
Tue Feb 3 @ 11:00 pm,Columbia Icefield Arena,won,5,1,4,The Wraparounds
Tue Mar 17 @ 11:00 pm,Columbia Icefield Arena,won,8,4,4,The Fatties
Thu Mar 19 @ 10:00 pm,Columbia Icefield Arena,lost,1,2,2,Reggie Dunlops
Sat Mar 28 @ 12:00 pm,Columbia Icefield Arena,lost,1,7,1,Samureyes

Nikolas Bon,Leonard Collins,Braeden Dufault,Jordan Duff,Kyrke Gaudreau,Mark Groulx,Jacob Jefferies,Stacy Kraemer,Ryan Misurec,Tyler Robichaud,Jeffrey Schneider,James Skuza,Cameron Smith,Paul Valenti,Tyler Young,Gary Marsh
