Menno Knights,winter2009,Ice Hockey: Menno Knights (Advanced)
7,6,6,1,1
Thu Jan 15 @ 9:00 pm,Columbia Icefield Arena,won,3,1,4,UW Fantasy Draft
Sat Jan 24 @ 6:00 pm,Columbia Icefield Arena,won,6,0,4,Advanced Indies I
Sat Feb 7 @ 8:00 pm,Columbia Icefield Arena,lost,3,5,1,The Solution
Sat Feb 28 @ 10:00 pm,Columbia Icefield Arena,lost,3,4,3,Team Feel Good
Fri Mar 20 @ 10:00 pm,Columbia Icefield Arena,won,4,0,3,Saturn Unleashed
Sun Mar 22 @ 6:00 pm,Columbia Icefield Arena,won,3,2,3,The Baseball Team
Sat Mar 28 @ 1:00 pm,Columbia Icefield Arena,lost,4,5,1,The Peter Northstars

Drew Baerg,Andrew Birchall,Timothy Blair,Joshua Boon,Dylan Campion,Blaine Cressman,Mark Funk,Eric Goll,Kyle Keats,Brandon Koetsier,Craig Nafziger,Mitchel Nicholson,Nicholas Packer,Andrew Stroud,Jonathan Weston,Rory Zorn,Ryan Hildebrandt
