Goodfellas,winter2009,Ice Hockey: Goodfellas (Advanced)
7,6,6,1,1
Thu Jan 15 @ 11:00 pm,Columbia Icefield Arena,lost,0,1,4,Team Discovery
Sat Jan 24 @ 7:00 pm,Columbia Icefield Arena,won,7,0,3,Da Bears
Tue Feb 3 @ 8:00 pm,Columbia Icefield Arena,lost,5,6,3,Advanced Indies I
Tue Mar 3 @ 8:00 pm,Columbia Icefield Arena,tie,1,1,0,The Solution
Sun Mar 15 @ 12:00 pm,Columbia Icefield Arena,lost,2,4,2,Team Feel Good
Sun Mar 22 @ 11:00 am,Columbia Icefield Arena,won,6,4,4,The Remedy
Tue Mar 31 @ 11:00 pm,Columbia Icefield Arena,lost,0,3,1,Team Discovery

Sabatino Bianchi,Timothy Boyadjian,Wade Fraser,Aaron Grant,Paul Hammell,Andrew Hulbert,Kiefer Lindsay,Christopher McCulley-Hayden,Christopher Moning,Bradley Morris,Michael Smyth,Christopher Tidder,Jacob Zavitz,Dmitriy Zilbergerts,John Kurelek
