Team Discovery,winter2009,Ice Hockey: Team Discovery (Advanced)
8,6,6,2,2
Thu Jan 15 @ 11:00 pm,Columbia Icefield Arena,won,1,0,4,Goodfellas
Sun Jan 25 @ 12:00 pm,Columbia Icefield Arena,lost,2,5,4,The Wraparounds
Sun Feb 1 @ 11:00 am,Columbia Icefield Arena,won,3,1,4,Reggie Dunlops
Sat Mar 7 @ 10:00 pm,Columbia Icefield Arena,won,7,5,3,The Fatties
Mon Mar 16 @ 11:00 pm,Columbia Icefield Arena,lost,3,7,4,Nine Inch Males
Tue Mar 24 @ 11:00 pm,Columbia Icefield Arena,lost,0,1,3,The Wraparounds
Tue Mar 31 @ 11:00 pm,Columbia Icefield Arena,won,3,0,1,Goodfellas
Sat Apr 4 @ 4:00 pm,Columbia Icefield Arena,lost,2,3,0,Samureyes

Kenneth Burrell,James Campbell,Becky Crockett,Jeffrey Feddema,Jonathon Fenn,Benjamin Gaffney,Bradley Hoekstra,Lukas Kieswetter,Sean McFadden,Mark Puklicz,Christopher Shanks,Marc Wilson,Matthew Harrison
