Advanced Indies I,winter2009,Ice Hockey: Advanced Indies I (Advanced)
7,6,6,1,1
Sun Jan 18 @ 11:00 pm,Columbia Icefield Arena,tie,2,2,4,Advanced Indies II
Sat Jan 24 @ 6:00 pm,Columbia Icefield Arena,lost,0,6,4,Menno Knights
Tue Feb 3 @ 8:00 pm,Columbia Icefield Arena,won,6,5,1,Goodfellas
Tue Feb 24 @ 9:00 pm,Columbia Icefield Arena,won,5,4,3,Walla Walla Weasel Wackers
Tue Mar 10 @ 9:00 pm,Columbia Icefield Arena,won,4,1,3,The Wraparounds
Mon Mar 16 @ 9:00 pm,Columbia Icefield Arena,lost,3,5,1,Reggie Dunlops
Fri Mar 27 @ 8:00 pm,Columbia Icefield Arena,lost,1,3,1,Reggie Dunlops

John Gardiner,Matthew Halladay,Daniel Huston,Kenneth Mak,John Mazenauer,Andrew McKinney,Maclean Plewes,Johnathan Stevenson,Andrew Stewart,Michael Tribou,Kevin Van Ooteghem,Scott Whalen,Cort Wilson
