Advanced Indies II,winter2009,Ice Hockey: Advanced Indies II (Advanced)
7,6,6,1,1
Sun Jan 18 @ 11:00 pm,Columbia Icefield Arena,tie,2,2,4,Advanced Indies I
Sat Jan 24 @ 8:00 pm,Columbia Icefield Arena,won,4,1,2,Team Feel Good
Sat Jan 31 @ 6:00 pm,Columbia Icefield Arena,tie,4,4,3,The Baseball Team
Sun Feb 1 @ 12:00 pm,Columbia Icefield Arena,won,7,3,3,Bendy Garden Gnomes
Tue Feb 24 @ 10:00 pm,Columbia Icefield Arena,won,4,0,3,Saturn Unleashed
Sat Mar 21 @ 12:00 pm,Columbia Icefield Arena,lost,1,7,4,The Peter Northstars
Sun Mar 29 @ 12:00 pm,Columbia Icefield Arena,lost,1,6,1,The Solution

Justin Bluteau Milot,David Bokan,Samantha Cassin,Jordan Chan,Matthew Charles,Reid Coughlin,Adam Gall,Adam Klockars,Renee Leclair,Geoffrey Mather,Matthew Rae,Cory Shewfelt,Kyle Simpson,David Tran,Mathew Vanzant,Adam Walsh,Lucas Whalen
