INFO:
teamName,The Dirty Hippies
teamAbbreviation,The Dirty Hippies
sportId,n/a
sportName,n/a
sportRules,n/a
leagueId,watMu
levelId,n/a
seasonName,n/a
seasonId,n/a
Roster Size,9
Season Games Played,6
Playoff Round Lengths,1
END_INFO

SEASON:
Date/Time,Location,Opposing Team,Score,S.O.C.
Wed May 20 @ 9:30 pm,Columbia Icefield: Gym 3,Chemiballs,won 3 - 0,2
Sat Jun 6 @ 3:30 pm,Columbia Icefield: Gym 3,Individuals,tie 4 - 4,3
Wed Jun 10 @ 10:30 pm,Columbia Icefield: Gym 3,Syde Pryde,won 0 - 5,avg.
Sat Jun 20 @ 2:30 pm,Columbia Icefield: Gym 3,FuriousPinkPanda,lost 5 - 0,0
Wed Jun 24 @ 9:30 pm,Columbia Icefield: Gym 3,Chemiballs,won 1 - 4,4
Sat Jun 27 @ 2:30 pm,Columbia Icefield: Gym 3,FuriousPinkPanda,tie 0 - 0,-2
END_SEASON

PLAYOFFS:
Date/Time,Location,Opposing Team,Score,S.O.C.
Wed Jul 8 @ 9:30 pm,Columbia Icefield: Gym 3,Syde Pryde,lost 0 - 1,3
END_PLAYOFFS

ROSTER:
Player,Captaincy,uwaterloo_email
Tyler Sennema,(C),TJSENNEM@uwaterloo.ca
Felicia Abbruzzese,,
Mark Fennema,,
Jared Koiter,,
Laura Pilmoor,,
Emma Reesor,,
Daniel Reynolds,,
Katy Robinson,,
Graham Thomas,,
END_ROSTER
