INFO:
teamName,FuriousPinkPanda
teamAbbreviation,FuriousPinkPanda
sportId,n/a
sportName,n/a
sportRules,n/a
leagueId,watMu
levelId,n/a
seasonName,n/a
seasonId,n/a
Roster Size,14
Season Games Played,6
Playoff Round Lengths,1,1
END_INFO

SEASON:
Date/Time,Location,Opposing Team,Score,S.O.C.
Wed May 20 @ 10:30 pm,Columbia Icefield: Gym 3,Syde Pryde,lost 0 - 4,3
Sat Jun 6 @ 2:30 pm,Columbia Icefield: Gym 3,Syde Pryde,lost 2 - 6,0
Wed Jun 10 @ 8:30 pm,Columbia Icefield: Gym 3,Chemiballs,won 0 - 2,3
Sat Jun 20 @ 2:30 pm,Columbia Icefield: Gym 3,The Dirty Hippies,won 5 - 0,avg.
Wed Jun 24 @ 8:30 pm,Columbia Icefield: Gym 3,Individuals,lost 1 - 6,4
Sat Jun 27 @ 2:30 pm,Columbia Icefield: Gym 3,The Dirty Hippies,tie 0 - 0,-2
END_SEASON

PLAYOFFS:
Date/Time,Location,Opposing Team,Score,S.O.C.
Wed Jul 8 @ 8:30 pm,Columbia Icefield: Gym 3,Chemiballs,won 5 - 0,0
Wed Jul 15 @ 8:30 pm,Columbia Icefield: Gym 3,Individuals,lost 5 - 0,3
END_PLAYOFFS

ROSTER:
Player,Captaincy,uwaterloo_email
Yung-Chuan Yeh,(C),Y3YEH@uwaterloo.ca
Christopher Chan,,
Cynthia Chan,,
Tsung-Yao Chu,,
Roland Fung,,
Johann Huang,,
Mohammad Hussain,,
Gavin Leibovitz,,
Yu Li,,
Jing Liu,,
Yan Ng,,
Edbert Oey,,
Weize Xi,,
Jingyi Yu,,
END_ROSTER
