INFO:
teamName,Individuals
teamAbbreviation,Individuals
sportId,n/a
sportName,n/a
sportRules,n/a
leagueId,watMu
levelId,n/a
seasonName,n/a
seasonId,n/a
Roster Size,15
Season Games Played,6
Playoff Round Lengths,1,1
END_INFO

SEASON:
Date/Time,Location,Opposing Team,Score,S.O.C.
Wed May 20 @ 8:30 pm,Columbia Icefield: Gym 3,Chemiballs,won 0 - 5,2
Sat May 30 @ 3:30 pm,Columbia Icefield: Gym 3,Syde Pryde,tie 0 - 0,avg.
Sat Jun 6 @ 3:30 pm,Columbia Icefield: Gym 3,The Dirty Hippies,tie 4 - 4,3
Wed Jun 10 @ 9:30 pm,Columbia Icefield: Gym 3,Chemiballs,won 0 - 5,2
Sat Jun 20 @ 3:30 pm,Columbia Icefield: Gym 3,Syde Pryde,won 5 - 1,4
Wed Jun 24 @ 8:30 pm,Columbia Icefield: Gym 3,FuriousPinkPanda,won 1 - 6,4
END_SEASON

PLAYOFFS:
Date/Time,Location,Opposing Team,Score,S.O.C.
Wed Jul 15 @ 8:30 pm,Columbia Icefield: Gym 3,FuriousPinkPanda,won 5 - 0,3
Wed Jul 15 @ 9:30 pm,Columbia Icefield: Gym 3,Syde Pryde,won 0 - 2,2
END_PLAYOFFS

ROSTER:
Player,Captaincy,uwaterloo_email
Mannan Arain,,
Ehsan Bagheri,,
Francis Castor,,
Anvin Jeyaseelan,,
Ajinkya Koleshwar,,
Daniel Lahey,,
Jessie Lihou,,
Chung-Hin Ling,,
Kelly Livingstone,,
Jakub Schmidtke,,
Vincent Talbot,,
Jason Taylor,,
Joey (Yu-Tzu) Tseng,,
Ryan Webber,,
Jiongbo Zhang,,
END_ROSTER
