INFO:
teamName,Chemiballs
teamAbbreviation,Chemiballs
sportId,n/a
sportName,n/a
sportRules,n/a
leagueId,watMu
levelId,n/a
seasonName,n/a
seasonId,n/a
Roster Size,13
Season Games Played,6
Playoff Round Lengths,1
END_INFO

SEASON:
Date/Time,Location,Opposing Team,Score,S.O.C.
Wed May 20 @ 8:30 pm,Columbia Icefield: Gym 3,Individuals,lost 0 - 5,3
Wed May 20 @ 9:30 pm,Columbia Icefield: Gym 3,The Dirty Hippies,lost 3 - 0,3
Wed Jun 10 @ 8:30 pm,Columbia Icefield: Gym 3,FuriousPinkPanda,lost 0 - 2,3
Wed Jun 10 @ 9:30 pm,Columbia Icefield: Gym 3,Individuals,lost 0 - 5,3
Wed Jun 24 @ 9:30 pm,Columbia Icefield: Gym 3,The Dirty Hippies,lost 1 - 4,4
Wed Jun 24 @ 10:30 pm,Columbia Icefield: Gym 3,Syde Pryde,lost 5 - 2,3
END_SEASON

PLAYOFFS:
Date/Time,Location,Opposing Team,Score,S.O.C.
Wed Jul 8 @ 8:30 pm,Columbia Icefield: Gym 3,FuriousPinkPanda,lost 5 - 0,-2
END_PLAYOFFS

ROSTER:
Player,Captaincy,uwaterloo_email
Diane Houtarde,(C),dhouta@gmail.com
Parvin Adeli,,
Ryan Amos,,
Robert Black,,
Ryan Brown,,
He Huang,,
Kavish Kaup,,
Chun Yuen Kwok,,
Quanquan Pang,,
Michael Piazza,,
Erika Ramos Guzman,,
Xiaoqi Sun,,
Elahe Talaie Pashiri,,
END_ROSTER
