INFO:
teamName,Syde Pryde
teamAbbreviation,Syde Pryde
sportId,n/a
sportName,n/a
sportRules,n/a
leagueId,watMu
levelId,n/a
seasonName,n/a
seasonId,n/a
Roster Size,24
Season Games Played,6
Playoff Round Lengths,1,1
END_INFO

SEASON:
Date/Time,Location,Opposing Team,Score,S.O.C.
Wed May 20 @ 10:30 pm,Columbia Icefield: Gym 3,FuriousPinkPanda,won 0 - 4,3
Sat May 30 @ 3:30 pm,Columbia Icefield: Gym 3,Individuals,tie 0 - 0,avg.
Sat Jun 6 @ 2:30 pm,Columbia Icefield: Gym 3,FuriousPinkPanda,won 2 - 6,0
Wed Jun 10 @ 10:30 pm,Columbia Icefield: Gym 3,The Dirty Hippies,lost 0 - 5,0
Sat Jun 20 @ 3:30 pm,Columbia Icefield: Gym 3,Individuals,lost 5 - 1,3
Wed Jun 24 @ 10:30 pm,Columbia Icefield: Gym 3,Chemiballs,won 5 - 2,3
END_SEASON

PLAYOFFS:
Date/Time,Location,Opposing Team,Score,S.O.C.
Wed Jul 8 @ 9:30 pm,Columbia Icefield: Gym 3,The Dirty Hippies,won 0 - 1,3
Wed Jul 15 @ 9:30 pm,Columbia Icefield: Gym 3,Individuals,lost 0 - 2,2
END_PLAYOFFS

ROSTER:
Player,Captaincy,uwaterloo_email
Cole Jackes,(C),clbjacke@uwaterloo.ca
Ali Akram,,
Victoria Canning-Choi,,
Nolan Dey,,
Rishi Goel,,
Claire Hamilton,,
Prian Kuhanandan,,
Laurier Mantel,,
Matthew McLeod,,
Nicholas Mohamed,,
Mohamed Moussa,,
Stefan Pleava,,
Paula Przybylski,,
Zachariah Pustowka,,
Rachel Schwegel,,
Emily Shepherd,,
Iryna Shvydchenko,,
Michael Taibi,,
Manraj Tatla,,
Sahir Vellani,,
Joe Yang,,
Chris Zhang,,
Jerry Zhang,,
Zhe Zhang,,
END_ROSTER
