New York Rangers,NYR,nhl
1946-47,1947
27
60
0
GP,Date,Time,Location,Opponent,GF,GA,Result,Game Ended In,W,L,T,Streak,Notes
1,1946-10-17,time unavailable,@,Montreal Canadiens,0,3,L,REG,0,1,0,L 1
2,1946-10-20,time unavailable,@,Detroit Red Wings,3,1,W,REG,1,1,0,W 1
3,1946-10-23,time unavailable,@,Montreal Canadiens,4,1,W,REG,2,1,0,W 2
4,1946-10-26,time unavailable,@,Boston Bruins,1,3,L,REG,2,2,0,L 1
5,1946-10-30,time unavailable,H,Boston Bruins,3,3,T,REG,2,2,1,T 1
6,1946-11-02,time unavailable,H,Detroit Red Wings,7,4,W,REG,3,2,1,W 1
7,1946-11-03,time unavailable,@,Detroit Red Wings,1,3,L,REG,3,3,1,L 1
8,1946-11-06,time unavailable,@,Chicago Black Hawks,2,6,L,REG,3,4,1,L 2
9,1946-11-09,time unavailable,@,Toronto Maple Leafs,2,4,L,REG,3,5,1,L 3
10,1946-11-10,time unavailable,H,Boston Bruins,0,4,L,REG,3,6,1,L 4
11,1946-11-13,time unavailable,H,Montreal Canadiens,4,4,T,REG,3,6,2,T 1
12,1946-11-16,time unavailable,H,Chicago Black Hawks,2,6,L,REG,3,7,2,L 1
13,1946-11-17,time unavailable,H,Toronto Maple Leafs,4,5,L,REG,3,8,2,L 2
14,1946-11-21,time unavailable,@,Detroit Red Wings,1,3,L,REG,3,9,2,L 3
15,1946-11-23,time unavailable,@,Montreal Canadiens,3,2,W,REG,4,9,2,W 1
16,1946-11-24,time unavailable,@,Chicago Black Hawks,5,1,W,REG,5,9,2,W 2
17,1946-11-27,time unavailable,@,Boston Bruins,2,5,L,REG,5,10,2,L 1
18,1946-12-01,time unavailable,@,Chicago Black Hawks,2,1,W,REG,6,10,2,W 1
19,1946-12-04,time unavailable,H,Montreal Canadiens,2,1,W,REG,7,10,2,W 2
20,1946-12-08,time unavailable,@,Boston Bruins,6,4,W,REG,8,10,2,W 3
21,1946-12-11,time unavailable,H,Detroit Red Wings,1,1,T,REG,8,10,3,T 1
22,1946-12-14,time unavailable,@,Toronto Maple Leafs,2,3,L,REG,8,11,3,L 1
23,1946-12-15,time unavailable,H,Montreal Canadiens,3,5,L,REG,8,12,3,L 2
24,1946-12-18,time unavailable,@,Boston Bruins,2,3,L,REG,8,13,3,L 3
25,1946-12-22,time unavailable,H,Toronto Maple Leafs,1,3,L,REG,8,14,3,L 4
26,1946-12-25,time unavailable,H,Montreal Canadiens,2,0,W,REG,9,14,3,W 1
27,1946-12-28,time unavailable,@,Detroit Red Wings,2,2,T,REG,9,14,4,T 1
28,1946-12-29,time unavailable,H,Boston Bruins,2,2,T,REG,9,14,5,T 2
29,1946-12-31,time unavailable,H,Detroit Red Wings,4,5,L,REG,9,15,5,L 1
30,1947-01-01,time unavailable,@,Boston Bruins,1,3,L,REG,9,16,5,L 2
31,1947-01-02,time unavailable,H,Toronto Maple Leafs,4,5,L,REG,9,17,5,L 3
32,1947-01-04,time unavailable,@,Toronto Maple Leafs,2,0,W,REG,10,17,5,W 1
33,1947-01-05,time unavailable,H,Chicago Black Hawks,9,0,W,REG,11,17,5,W 2
34,1947-01-08,time unavailable,H,Boston Bruins,1,3,L,REG,11,18,5,L 1
35,1947-01-12,time unavailable,H,Toronto Maple Leafs,3,2,W,REG,12,18,5,W 1
36,1947-01-15,time unavailable,H,Detroit Red Wings,4,3,W,REG,13,18,5,W 2
37,1947-01-18,time unavailable,@,Montreal Canadiens,2,6,L,REG,13,19,5,L 1
38,1947-01-19,time unavailable,H,Chicago Black Hawks,5,3,W,REG,14,19,5,W 1
39,1947-01-22,time unavailable,@,Chicago Black Hawks,4,2,W,REG,15,19,5,W 2
40,1947-01-25,time unavailable,@,Toronto Maple Leafs,1,0,W,REG,16,19,5,W 3
41,1947-02-01,time unavailable,@,Montreal Canadiens,1,2,L,REG,16,20,5,L 1
42,1947-02-02,time unavailable,H,Montreal Canadiens,7,1,W,REG,17,20,5,W 1
43,1947-02-05,time unavailable,@,Chicago Black Hawks,3,2,W,REG,18,20,5,W 2
44,1947-02-09,time unavailable,@,Detroit Red Wings,2,5,L,REG,18,21,5,L 1
45,1947-02-12,time unavailable,@,Boston Bruins,1,10,L,REG,18,22,5,L 2
46,1947-02-16,time unavailable,H,Toronto Maple Leafs,6,2,W,REG,19,22,5,W 1
47,1947-02-19,time unavailable,H,Boston Bruins,6,0,W,REG,20,22,5,W 2
48,1947-02-22,time unavailable,@,Toronto Maple Leafs,0,2,L,REG,20,23,5,L 1
49,1947-02-23,time unavailable,H,Detroit Red Wings,2,2,T,REG,20,23,6,T 1
50,1947-02-26,time unavailable,H,Chicago Black Hawks,7,9,L,REG,20,24,6,L 1
51,1947-03-02,time unavailable,H,Boston Bruins,2,3,L,REG,20,25,6,L 2
52,1947-03-03,time unavailable,H,Chicago Black Hawks,4,9,L,REG,20,26,6,L 3
53,1947-03-05,time unavailable,@,Chicago Black Hawks,3,1,W,REG,21,26,6,W 1
54,1947-03-09,time unavailable,H,Toronto Maple Leafs,2,4,L,REG,21,27,6,L 1
55,1947-03-12,time unavailable,H,Detroit Red Wings,2,4,L,REG,21,28,6,L 2
56,1947-03-15,time unavailable,@,Montreal Canadiens,0,1,L,REG,21,29,6,L 3
57,1947-03-16,time unavailable,H,Montreal Canadiens,3,4,L,REG,21,30,6,L 4
58,1947-03-19,time unavailable,@,Detroit Red Wings,0,2,L,REG,21,31,6,L 5
59,1947-03-22,time unavailable,@,Toronto Maple Leafs,3,5,L,REG,21,32,6,L 6
60,1947-03-23,time unavailable,H,Chicago Black Hawks,4,3,W,REG,22,32,6,W 1

Time,Location,Result,Game Ended In

Huddy Bell,,n/a,D,21,5-9,176,R/-,R,"October 31, 1925",ca,"0 G, 1 A, 1 P"
Joe Bell,,n/a,LW,23,5-9,165,L/-,1,"November 27, 1923",ca,"6 G, 4 A, 10 P"
Mac Colville,,n/a,RW,31,5-9,175,R/-,8,"January 8, 1916",ca,"0 G, 0 A, 0 P"
Neil Colville,(C),n/a,D,32,5-11,175,R/-,9,"August 4, 1914",ca,"4 G, 16 A, 20 P"
Joe Cooper,,n/a,D,32,6-2,200,R/-,10,"December 14, 1914",ca,"2 G, 8 A, 10 P"
Ab DeMarco,,n/a,C,30,6-0,168,R/-,6,"May 10, 1916",ca,"9 G, 10 A, 19 P"
Jean-Paul Denis,,n/a,RW,22,5-8,170,R/-,R,"February 28, 1924",ca,"0 G, 1 A, 1 P"
Cal Gardner,,n/a,C,22,6-1,172,L/-,1,"October 30, 1924",ca,"13 G, 16 A, 29 P"
Jim Henry,,n/a,G,26,5-9,165,-/L,2,"October 23, 1920",ca,"0-2-0, 4.50 GAA"
Bryan Hextall,,n/a,RW,33,5-10,180,L/-,9,"July 31, 1913",ca,"20 G, 10 A, 30 P"
Bill Juzda,,n/a,D,26,5-9,190,R/-,3,"October 29, 1920",ca,"3 G, 5 A, 8 P"
Jean-Paul Lamirande,,n/a,LW,22,5-8,170,R/-,R,"August 21, 1924",ca,"1 G, 1 A, 2 P"
Jack Lancien,,n/a,D,23,6-0,188,L/-,R,"June 14, 1923",ca,"0 G, 0 A, 0 P"
Edgar Laprade,,n/a,C,27,5-8,160,R/-,1,"October 10, 1919",ca,"15 G, 25 A, 40 P"
Norm Larson,,n/a,RW,26,6-0,175,R/-,2,"October 13, 1920",ca,"0 G, 0 A, 0 P"
Hal Laycoe,,n/a,D,24,6-2,185,L/-,1,"June 23, 1922",ca,"1 G, 12 A, 13 P"
Tony Leswick,,n/a,LW,23,5-7,160,R/-,1,"March 17, 1923",ca,"27 G, 14 A, 41 P"
Joe Levandoski,,n/a,RW,25,5-11,185,R/-,R,"March 17, 1921",ca,"1 G, 1 A, 2 P"
Bill Moe,,n/a,D,30,5-11,170,L/-,2,"October 2, 1916",us,"4 G, 10 A, 14 P"
Alf Pike,,n/a,LW,29,6-0,187,L/-,5,"September 15, 1917",ca,"7 G, 11 A, 18 P"
Chuck Rayner,,n/a,G,26,5-11,190,-/L,3,"August 11, 1920",ca,"22-30-6, 3.05 GAA"
Mel Read,,n/a,C,24,5-8,165,L/-,R,"April 10, 1922",ca,"0 G, 0 A, 0 P"
Church Russell,,n/a,LW,23,5-11,175,L/-,1,"March 16, 1923",ca,"20 G, 8 A, 28 P"
Rene Trudell,,n/a,RW,28,5-9,165,R/-,1,"January 31, 1919",ca,"8 G, 16 A, 24 P"
Grant Warwick,,n/a,RW,25,5-6,155,R/-,5,"October 11, 1921",ca,"20 G, 20 A, 40 P"
Phil Watson,,n/a,C,32,5-11,165,R/-,11,"April 24, 1914",ca,"6 G, 12 A, 18 P"
Sherman White,,n/a,C,23,5-10,165,L/-,R,"May 12, 1923",ca,"0 G, 0 A, 0 P"
