Buffalo Sabres,BUF,nhl
1970-71,1971
34
78
0
GP,Date,Time,Location,Opponent,GF,GA,Result,Game Ended In,W,L,T,Streak,Notes
1,1970-10-10,time unavailable,@,Pittsburgh Penguins,2,1,W,REG,1,0,0,W 1
2,1970-10-14,time unavailable,@,New York Rangers,0,3,L,REG,1,1,0,L 1
3,1970-10-15,time unavailable,H,Montreal Canadiens,0,3,L,REG,1,2,0,L 2
4,1970-10-17,time unavailable,@,St. Louis Blues,1,4,L,REG,1,3,0,L 3
5,1970-10-18,time unavailable,H,Pittsburgh Penguins,1,1,T,REG,1,3,1,T 1
6,1970-10-22,time unavailable,@,Philadelphia Flyers,2,4,L,REG,1,4,1,L 1
7,1970-10-23,time unavailable,H,Detroit Red Wings,4,3,W,REG,2,4,1,W 1
8,1970-10-25,time unavailable,H,Chicago Black Hawks,0,4,L,REG,2,5,1,L 1
9,1970-10-27,time unavailable,@,Vancouver Canucks,2,7,L,REG,2,6,1,L 2
10,1970-10-30,time unavailable,@,California Golden Seals,1,6,L,REG,2,7,1,L 3
11,1970-11-01,time unavailable,@,Los Angeles Kings,2,4,L,REG,2,8,1,L 4
12,1970-11-05,time unavailable,H,Vancouver Canucks,1,4,L,REG,2,9,1,L 5
13,1970-11-07,time unavailable,@,Montreal Canadiens,2,11,L,REG,2,10,1,L 6
14,1970-11-08,time unavailable,H,Philadelphia Flyers,1,3,L,REG,2,11,1,L 7
15,1970-11-13,time unavailable,H,California Golden Seals,4,2,W,REG,3,11,1,W 1
16,1970-11-15,time unavailable,H,Montreal Canadiens,2,2,T,REG,3,11,2,T 1
17,1970-11-18,time unavailable,@,Toronto Maple Leafs,7,2,W,REG,4,11,2,W 1
18,1970-11-21,time unavailable,@,Minnesota North Stars,0,3,L,REG,4,12,2,L 1
19,1970-11-25,time unavailable,@,Pittsburgh Penguins,4,4,T,REG,4,12,3,T 1
20,1970-11-26,time unavailable,H,New York Rangers,2,2,T,REG,4,12,4,T 2
21,1970-11-29,time unavailable,H,California Golden Seals,1,2,L,REG,4,13,4,L 1
22,1970-12-03,time unavailable,H,Boston Bruins,4,4,T,REG,4,13,5,T 1
23,1970-12-06,time unavailable,H,Minnesota North Stars,1,0,W,REG,5,13,5,W 1
24,1970-12-09,time unavailable,@,Chicago Black Hawks,1,6,L,REG,5,14,5,L 1
25,1970-12-10,time unavailable,@,Boston Bruins,2,8,L,REG,5,15,5,L 2
26,1970-12-12,time unavailable,@,Detroit Red Wings,3,5,L,REG,5,16,5,L 3
27,1970-12-13,time unavailable,H,Toronto Maple Leafs,0,4,L,REG,5,17,5,L 4
28,1970-12-16,time unavailable,@,New York Rangers,0,4,L,REG,5,18,5,L 5
29,1970-12-17,time unavailable,H,Los Angeles Kings,4,3,W,REG,6,18,5,W 1
30,1970-12-19,time unavailable,@,Toronto Maple Leafs,0,2,L,REG,6,19,5,L 1
31,1970-12-20,time unavailable,H,Toronto Maple Leafs,2,4,L,REG,6,20,5,L 2
32,1970-12-22,time unavailable,H,New York Rangers,2,7,L,REG,6,21,5,L 3
33,1970-12-26,time unavailable,@,Montreal Canadiens,4,4,T,REG,6,21,6,T 1
34,1970-12-27,time unavailable,H,Detroit Red Wings,5,2,W,REG,7,21,6,W 1
35,1971-01-01,time unavailable,H,Boston Bruins,4,9,L,REG,7,22,6,L 1
36,1971-01-03,time unavailable,H,Chicago Black Hawks,3,5,L,REG,7,23,6,L 2
37,1971-01-07,time unavailable,H,Detroit Red Wings,7,4,W,REG,8,23,6,W 1
38,1971-01-09,time unavailable,@,Detroit Red Wings,2,3,L,REG,8,24,6,L 1
39,1971-01-10,time unavailable,H,Los Angeles Kings,2,2,T,REG,8,24,7,T 1
40,1971-01-13,time unavailable,@,Chicago Black Hawks,2,4,L,REG,8,25,7,L 1
41,1971-01-14,time unavailable,H,St. Louis Blues,2,1,W,REG,9,25,7,W 1
42,1971-01-16,time unavailable,@,Minnesota North Stars,4,3,W,REG,10,25,7,W 2
43,1971-01-17,time unavailable,H,Montreal Canadiens,4,4,T,REG,10,25,8,T 1
44,1971-01-21,time unavailable,H,New York Rangers,5,5,T,REG,10,25,9,T 2
45,1971-01-23,time unavailable,@,St. Louis Blues,1,7,L,REG,10,26,9,L 1
46,1971-01-24,time unavailable,H,Philadelphia Flyers,6,4,W,REG,11,26,9,W 1
47,1971-01-27,time unavailable,@,Los Angeles Kings,3,3,T,REG,11,26,10,T 1
48,1971-01-29,time unavailable,@,California Golden Seals,4,2,W,REG,12,26,10,W 1
49,1971-01-31,time unavailable,@,Vancouver Canucks,6,1,W,REG,13,26,10,W 2
50,1971-02-04,time unavailable,H,Los Angeles Kings,5,2,W,REG,14,26,10,W 3
51,1971-02-06,time unavailable,@,Boston Bruins,3,4,L,REG,14,27,10,L 1
52,1971-02-07,time unavailable,H,Toronto Maple Leafs,3,4,L,REG,14,28,10,L 2
53,1971-02-09,time unavailable,@,Vancouver Canucks,3,6,L,REG,14,29,10,L 3
54,1971-02-10,time unavailable,@,California Golden Seals,1,5,L,REG,14,30,10,L 4
55,1971-02-12,time unavailable,H,California Golden Seals,3,0,W,REG,15,30,10,W 1
56,1971-02-14,time unavailable,H,Philadelphia Flyers,3,2,W,REG,16,30,10,W 2
57,1971-02-17,time unavailable,@,Chicago Black Hawks,1,5,L,REG,16,31,10,L 1
58,1971-02-18,time unavailable,H,Pittsburgh Penguins,6,6,T,REG,16,31,11,T 1
59,1971-02-20,time unavailable,@,Detroit Red Wings,5,6,L,REG,16,32,11,L 1
60,1971-02-21,time unavailable,H,St. Louis Blues,1,3,L,REG,16,33,11,L 2
61,1971-02-23,time unavailable,H,Boston Bruins,3,6,L,REG,16,34,11,L 3
62,1971-02-25,time unavailable,@,Philadelphia Flyers,2,3,L,REG,16,35,11,L 4
63,1971-02-27,time unavailable,@,Toronto Maple Leafs,0,2,L,REG,16,36,11,L 5
64,1971-02-28,time unavailable,H,Minnesota North Stars,5,2,W,REG,17,36,11,W 1
65,1971-03-03,time unavailable,@,Los Angeles Kings,3,3,T,REG,17,36,12,T 1
66,1971-03-05,time unavailable,H,Chicago Black Hawks,2,2,T,REG,17,36,13,T 2
67,1971-03-07,time unavailable,H,Vancouver Canucks,6,3,W,REG,18,36,13,W 1
68,1971-03-13,time unavailable,@,St. Louis Blues,0,9,L,REG,18,37,13,L 1
69,1971-03-14,time unavailable,@,Minnesota North Stars,5,0,W,REG,19,37,13,W 1
70,1971-03-18,time unavailable,H,St. Louis Blues,5,3,W,REG,20,37,13,W 2
71,1971-03-20,time unavailable,@,Montreal Canadiens,2,5,L,REG,20,38,13,L 1
72,1971-03-21,time unavailable,@,Boston Bruins,7,5,W,REG,21,38,13,W 1
73,1971-03-23,time unavailable,@,New York Rangers,2,7,L,REG,21,39,13,L 1
74,1971-03-26,time unavailable,H,Vancouver Canucks,3,1,W,REG,22,39,13,W 1
75,1971-03-28,time unavailable,H,Minnesota North Stars,4,2,W,REG,23,39,13,W 2
76,1971-03-31,time unavailable,@,Pittsburgh Penguins,6,4,W,REG,24,39,13,W 3
77,1971-04-01,time unavailable,H,Pittsburgh Penguins,3,3,T,REG,24,39,14,T 1
78,1971-04-04,time unavailable,@,Philadelphia Flyers,3,3,T,REG,24,39,15,T 2

Time,Location,Result,Game Ended In

Ron Anderson,,16,RW,25,6-0,170,R/-,3,"July 29, 1945",ca,"14 G, 12 A, 26 P"
Paul Andrea,,21,RW,29,5-10,174,L/-,3,"July 31, 1941",ca,"11 G, 21 A, 32 P"
Steve Atkinson,,19,RW,22,5-11,170,R/-,1,"October 16, 1948",ca,"20 G, 18 A, 38 P"
Terry Ball,,28,D,26,5-9,160,R/-,2,"November 29, 1944",ca,"0 G, 0 A, 0 P"
Doug Barrie,,5,D,24,5-9,175,R/-,1,"October 2, 1946",ca,"4 G, 23 A, 27 P"
Roger Crozier,,1,G,28,5-8,165,-/R,7,"March 16, 1942",ca,"9-20-7, 3.69 GAA"
Joe Daley,,30,G,27,5-10,170,-/L,2,"February 20, 1943",ca,"12-16-8, 3.70 GAA"
Butch Deadmarsh,,24,LW,20,5-11,186,L/-,R,"April 5, 1950",ca,"0 G, 0 A, 0 P"
Dave Dryden,,28,G,29,6-1,186,-/L,4,"September 5, 1941",ca,"3-3-0, 3.37 GAA"
Dick Duff,,20,LW,34,5-9,166,L/-,16,"February 18, 1936",ca,"7 G, 13 A, 20 P"
Reggie Fleming,,9,LW,34,5-8,170,L/-,11,"April 21, 1936",ca,"6 G, 10 A, 16 P"
Phil Goyette,,10,C,37,5-11,170,L/-,14,"October 31, 1933",ca,"15 G, 46 A, 61 P"
Al Hamilton,,6,D,24,6-1,195,R/-,4,"August 20, 1946",ca,"2 G, 28 A, 30 P"
Billy Inglis,,8,C,27,5-9,160,L/-,2,"May 11, 1943",ca,"0 G, 1 A, 1 P"
Larry Keenan,,26,LW,30,5-11,175,L/-,4,"October 1, 1940",ca,"7 G, 20 A, 27 P"
Skip Krake,,12,C,27,5-11,170,R/-,6,"October 14, 1943",ca,"4 G, 5 A, 9 P"
Francois Lacombe,,19,D,22,5-10,185,L/-,2,"February 24, 1948",ca,"0 G, 1 A, 1 P"
Jean-Guy Lagace,,21,D,25,5-10,185,R/-,1,"February 5, 1945",ca,"0 G, 0 A, 0 P"
Don Marshall,,22,LW,38,5-10,160,L/-,17,"March 23, 1932",ca,"20 G, 29 A, 49 P"
Brian McDonald,,20,C,25,5-11,190,R/-,R,"March 23, 1945",ca,"0 G, 0 A, 0 P"
Mike McMahon,,4,D,29,5-11,180,L/-,6,"August 30, 1941",ca,"0 G, 0 A, 0 P"
Gerry Meehan,,15,C,24,6-2,200,L/-,1,"September 3, 1946",ca,"24 G, 31 A, 55 P"
Hap Myers,,25,D,23,5-11,195,L/-,R,"July 28, 1947",ca,"0 G, 0 A, 0 P"
Kevin O'Shea,,18,RW,23,6-2,205,R/-,R,"May 28, 1947",ca,"4 G, 4 A, 8 P"
Gilbert Perreault,,11,C,20,6-1,180,L/-,R,"November 13, 1950",ca,"38 G, 34 A, 72 P"
Brian Perry,,19,C,26,5-11,180,L/-,2,"April 6, 1944",gb,"0 G, 0 A, 0 P"
Tracy Pratt,,3,D,27,6-2,195,L/-,3,"March 8, 1943",us,"1 G, 7 A, 8 P"
Cliff Schmautz,,7,RW,31,5-10,165,R/-,R,"March 17, 1939",ca,"5 G, 7 A, 12 P"
Eddie Shack,,23,LW,33,6-1,200,L/-,12,"February 11, 1937",ca,"25 G, 17 A, 42 P"
Floyd Smith,(C),17,RW,35,5-10,180,R/-,11,"May 16, 1935",ca,"6 G, 11 A, 17 P"
Jean-Guy Talbot,,24,D,38,5-11,170,L/-,16,"July 11, 1932",ca,"0 G, 7 A, 7 P"
Paul Terbenche,,23,D,25,5-10,170,L/-,1,"September 16, 1945",ca,"0 G, 0 A, 0 P"
Jim Watson,,2,D,27,6-2,186,L/-,6,"June 28, 1943",ca,"2 G, 9 A, 11 P"
Randy Wyrozub,,14,C,20,5-11,180,L/-,R,"April 8, 1950",ca,"2 G, 2 A, 4 P"
