Boston Bruins,BOS,nhl
1958-59,1959
26
70
7
GP,Date,Time,Location,Opponent,GF,GA,Result,Game Ended In,W,L,T,Streak,Notes
1,1958-10-09,time unavailable,@,Montreal Canadiens,2,3,L,REG,0,1,0,L 1
2,1958-10-11,time unavailable,H,New York Rangers,4,4,T,REG,0,1,1,T 1
3,1958-10-12,time unavailable,H,Montreal Canadiens,4,2,W,REG,1,1,1,W 1
4,1958-10-15,time unavailable,@,New York Rangers,4,4,T,REG,1,1,2,T 1
5,1958-10-18,time unavailable,@,Toronto Maple Leafs,2,3,L,REG,1,2,2,L 1
6,1958-10-19,time unavailable,@,Chicago Black Hawks,4,1,W,REG,2,2,2,W 1
7,1958-10-23,time unavailable,@,Detroit Red Wings,1,3,L,REG,2,3,2,L 1
8,1958-10-25,time unavailable,@,Montreal Canadiens,5,2,W,REG,3,3,2,W 1
9,1958-10-29,time unavailable,@,New York Rangers,2,2,T,REG,3,3,3,T 1
10,1958-10-30,time unavailable,H,Chicago Black Hawks,5,2,W,REG,4,3,3,W 1
11,1958-11-01,time unavailable,H,Detroit Red Wings,3,1,W,REG,5,3,3,W 2
12,1958-11-02,time unavailable,H,Toronto Maple Leafs,2,0,W,REG,6,3,3,W 3
13,1958-11-08,time unavailable,@,Toronto Maple Leafs,3,5,L,REG,6,4,3,L 1
14,1958-11-09,time unavailable,H,New York Rangers,1,5,L,REG,6,5,3,L 2
15,1958-11-11,time unavailable,@,Chicago Black Hawks,8,4,W,REG,7,5,3,W 1
16,1958-11-13,time unavailable,H,Detroit Red Wings,1,3,L,REG,7,6,3,L 1
17,1958-11-15,time unavailable,@,New York Rangers,2,4,L,REG,7,7,3,L 2
18,1958-11-16,time unavailable,H,Toronto Maple Leafs,4,4,T,REG,7,7,4,T 1
19,1958-11-18,time unavailable,@,Detroit Red Wings,0,6,L,REG,7,8,4,L 1
20,1958-11-19,time unavailable,@,Chicago Black Hawks,2,3,L,REG,7,9,4,L 2
21,1958-11-22,time unavailable,H,Detroit Red Wings,2,1,W,REG,8,9,4,W 1
22,1958-11-23,time unavailable,H,Montreal Canadiens,2,0,W,REG,9,9,4,W 2
23,1958-11-27,time unavailable,H,New York Rangers,3,1,W,REG,10,9,4,W 3
24,1958-11-29,time unavailable,@,New York Rangers,3,1,W,REG,11,9,4,W 4
25,1958-11-30,time unavailable,H,Toronto Maple Leafs,1,2,L,REG,11,10,4,L 1
26,1958-12-04,time unavailable,@,Detroit Red Wings,0,4,L,REG,11,11,4,L 2
27,1958-12-06,time unavailable,@,Toronto Maple Leafs,1,4,L,REG,11,12,4,L 3
28,1958-12-07,time unavailable,H,Montreal Canadiens,1,4,L,REG,11,13,4,L 4
29,1958-12-13,time unavailable,H,Chicago Black Hawks,4,2,W,REG,12,13,4,W 1
30,1958-12-14,time unavailable,H,Toronto Maple Leafs,6,3,W,REG,13,13,4,W 2
31,1958-12-17,time unavailable,@,Chicago Black Hawks,2,5,L,REG,13,14,4,L 1
32,1958-12-20,time unavailable,@,Toronto Maple Leafs,2,2,T,REG,13,14,5,T 1
33,1958-12-21,time unavailable,H,Montreal Canadiens,0,5,L,REG,13,15,5,L 1
34,1958-12-25,time unavailable,H,Chicago Black Hawks,4,2,W,REG,14,15,5,W 1
35,1958-12-27,time unavailable,@,Montreal Canadiens,1,6,L,REG,14,16,5,L 1
36,1958-12-28,time unavailable,@,Detroit Red Wings,3,5,L,REG,14,17,5,L 2
37,1958-12-31,time unavailable,@,New York Rangers,3,4,L,REG,14,18,5,L 3
38,1959-01-01,time unavailable,H,New York Rangers,2,5,L,REG,14,19,5,L 4
39,1959-01-03,time unavailable,@,Detroit Red Wings,8,2,W,REG,15,19,5,W 1
40,1959-01-04,time unavailable,@,Chicago Black Hawks,3,5,L,REG,15,20,5,L 1
41,1959-01-08,time unavailable,H,Chicago Black Hawks,2,4,L,REG,15,21,5,L 2
42,1959-01-10,time unavailable,@,Toronto Maple Leafs,1,4,L,REG,15,22,5,L 3
43,1959-01-11,time unavailable,H,Montreal Canadiens,3,3,T,REG,15,22,6,T 1
44,1959-01-15,time unavailable,H,Detroit Red Wings,3,0,W,REG,16,22,6,W 1
45,1959-01-17,time unavailable,@,Montreal Canadiens,3,3,T,REG,16,22,7,T 1
46,1959-01-18,time unavailable,H,Toronto Maple Leafs,4,3,W,REG,17,22,7,W 1
47,1959-01-24,time unavailable,@,Toronto Maple Leafs,3,1,W,REG,18,22,7,W 2
48,1959-01-25,time unavailable,H,New York Rangers,3,8,L,REG,18,23,7,L 1
49,1959-01-31,time unavailable,H,Detroit Red Wings,5,4,W,REG,19,23,7,W 1
50,1959-02-01,time unavailable,H,Toronto Maple Leafs,6,4,W,REG,20,23,7,W 2
51,1959-02-05,time unavailable,H,Chicago Black Hawks,1,2,L,REG,20,24,7,L 1
52,1959-02-07,time unavailable,@,Montreal Canadiens,3,2,W,REG,21,24,7,W 1
53,1959-02-08,time unavailable,H,New York Rangers,4,1,W,REG,22,24,7,W 2
54,1959-02-11,time unavailable,@,New York Rangers,5,3,W,REG,23,24,7,W 3
55,1959-02-12,time unavailable,H,Chicago Black Hawks,5,4,W,REG,24,24,7,W 4
56,1959-02-14,time unavailable,H,Montreal Canadiens,1,2,L,REG,24,25,7,L 1
57,1959-02-15,time unavailable,@,Chicago Black Hawks,3,3,T,REG,24,25,8,T 1
58,1959-02-21,time unavailable,@,Montreal Canadiens,0,6,L,REG,24,26,8,L 1
59,1959-02-22,time unavailable,@,Detroit Red Wings,4,1,W,REG,25,26,8,W 1
60,1959-02-28,time unavailable,@,Chicago Black Hawks,2,5,L,REG,25,27,8,L 1
61,1959-03-03,time unavailable,@,Detroit Red Wings,2,2,T,REG,25,27,9,T 1
62,1959-03-05,time unavailable,H,Detroit Red Wings,3,0,W,REG,26,27,9,W 1
63,1959-03-07,time unavailable,@,Toronto Maple Leafs,1,4,L,REG,26,28,9,L 1
64,1959-03-08,time unavailable,H,Toronto Maple Leafs,4,3,W,REG,27,28,9,W 1
65,1959-03-12,time unavailable,H,New York Rangers,5,4,W,REG,28,28,9,W 2
66,1959-03-14,time unavailable,H,Detroit Red Wings,4,2,W,REG,29,28,9,W 3
67,1959-03-15,time unavailable,H,Montreal Canadiens,5,3,W,REG,30,28,9,W 4
68,1959-03-18,time unavailable,@,New York Rangers,5,3,W,REG,31,28,9,W 5
69,1959-03-21,time unavailable,@,Montreal Canadiens,4,3,W,REG,32,28,9,W 6
70,1959-03-22,time unavailable,H,Chicago Black Hawks,1,4,L,REG,32,29,9,L 1

GP,Date,Time,Location,Opponent,GF,GA,Result,Game Ended In,W,L,T,Streak,Notes
1,1959-03-24,time unavailable,H,Toronto Maple Leafs,5,1,W,REG,1,0,0,W 1
2,1959-03-26,time unavailable,H,Toronto Maple Leafs,4,2,W,REG,2,0,0,W 2
3,1959-03-28,time unavailable,@,Toronto Maple Leafs,2,3,L,OT,2,1,0,L 1
4,1959-03-31,time unavailable,@,Toronto Maple Leafs,2,3,L,OT,2,2,0,L 2
5,1959-04-02,time unavailable,H,Toronto Maple Leafs,1,4,L,REG,2,3,0,L 3
6,1959-04-04,time unavailable,@,Toronto Maple Leafs,5,4,W,REG,3,3,0,W 1
7,1959-04-07,time unavailable,H,Toronto Maple Leafs,2,3,L,REG,3,4,0,L 1

Bob Armstrong,,4,D,27,6-1,190,R/-,7,"April 7, 1931",ca,"1 G, 9 A, 10 P"
Jack Bionda,,11,D,25,6-0,180,L/-,3,"September 18, 1933",ca,"0 G, 1 A, 1 P"
Leo Boivin,,20,D,26,5-8,183,L/-,7,"August 2, 1932",ca,"5 G, 16 A, 21 P"
John Bucyk,,9,LW,23,6-0,215,L/-,3,"May 12, 1935",ca,"24 G, 36 A, 60 P"
Real Chevrefils,,12,LW,26,5-10,180,L/-,7,"May 2, 1932",ca,"1 G, 5 A, 6 P"
Fern Flaman,(C),14,D,32,5-10,190,R/-,14,"January 25, 1927",ca,"0 G, 21 A, 21 P"
Jean-Guy Gendron,,23,LW,24,5-9,165,L/-,3,"August 30, 1934",ca,"15 G, 9 A, 24 P"
Larry Hillman,,22,D,21,6-0,185,L/-,4,"February 5, 1937",ca,"3 G, 10 A, 13 P"
Bronco Horvath,,6,C,28,5-11,185,L/-,3,"March 12, 1930",ca,"19 G, 20 A, 39 P"
Norm Johnson,,18,C,26,5-10,170,L/-,1,"November 27, 1932",ca,"2 G, 17 A, 19 P"
Don Keenan,,1,G,20,6-0,170,-/L,R,"August 8, 1938",ca,"0-1-0, 4.00 GAA"
Leo Labine,,16,RW,27,5-10,170,R/-,7,"July 22, 1931",ca,"9 G, 23 A, 32 P"
Larry Leach,,24,C,22,6-2,175,L/-,R,"June 18, 1936",ca,"4 G, 12 A, 16 P"
Harry Lumley,,1,G,32,6-0,195,-/L,14,"November 11, 1926",ca,"8-2-1, 2.45 GAA"
Fleming MacKell,,8,C,29,5-7,156,L/-,11,"April 30, 1929",ca,"17 G, 23 A, 40 P"
Don McKenney,,17,C,24,6-0,160,L/-,4,"April 30, 1934",ca,"32 G, 30 A, 62 P"
Doug Mohns,,19,LW,25,6-0,185,L/-,5,"December 13, 1933",ca,"6 G, 24 A, 30 P"
Jim Morrison,,10,D,27,5-10,183,L/-,7,"October 11, 1931",ca,"8 G, 17 A, 25 P"
Dan Poliziani,,18,RW,24,5-11,158,R/-,R,"January 8, 1935",ca,"0 G, 0 A, 0 P"
Gord Redahl,,12,RW,23,5-11,170,L/-,R,"August 28, 1935",ca,"0 G, 1 A, 1 P"
Larry Regan,,15,RW,28,5-9,162,R/-,2,"August 9, 1930",ca,"5 G, 6 A, 11 P"
Dutch Reibel,,11,C,28,5-8,160,R/-,5,"July 21, 1930",ca,"6 G, 8 A, 14 P"
Don Simmons,,1,G,27,5-10,150,-/R,2,"September 13, 1931",ca,"24-26-8, 3.16 GAA"
Vic Stasiuk,,7,RW,29,6-0,185,L/-,9,"May 23, 1929",ca,"27 G, 33 A, 60 P"
Jerry Toppazzini,,21,RW,27,6-0,180,R/-,6,"July 29, 1931",ca,"21 G, 23 A, 44 P"
Ken Yackel,,18,RW,26,5-11,195,R/-,R,"March 5, 1932",us,"0 G, 0 A, 0 P"
