Montreal Canadiens,MTL,nhl
1958-59,1959
22
70
6,5
GP,Date,Time,Location,Opponent,GF,GA,Result,Game Ended In,W,L,T,Streak,Notes
1,1958-10-09,time unavailable,H,Boston Bruins,3,2,W,REG,1,0,0,W 1
2,1958-10-11,time unavailable,H,Detroit Red Wings,2,0,W,REG,2,0,0,W 2
3,1958-10-12,time unavailable,@,Boston Bruins,2,4,L,REG,2,1,0,L 1
4,1958-10-16,time unavailable,H,Toronto Maple Leafs,4,3,W,REG,3,1,0,W 1
5,1958-10-18,time unavailable,H,New York Rangers,2,2,T,REG,3,1,1,T 1
6,1958-10-19,time unavailable,@,New York Rangers,5,3,W,REG,4,1,1,W 1
7,1958-10-23,time unavailable,H,Chicago Black Hawks,9,1,W,REG,5,1,1,W 2
8,1958-10-25,time unavailable,H,Boston Bruins,2,5,L,REG,5,2,1,L 1
9,1958-10-26,time unavailable,@,Detroit Red Wings,5,3,W,REG,6,2,1,W 1
10,1958-10-28,time unavailable,@,Chicago Black Hawks,5,5,T,REG,6,2,2,T 1
11,1958-10-29,time unavailable,@,Toronto Maple Leafs,5,0,W,REG,7,2,2,W 1
12,1958-11-01,time unavailable,H,Chicago Black Hawks,2,4,L,REG,7,3,2,L 1
13,1958-11-08,time unavailable,H,New York Rangers,5,6,L,REG,7,4,2,L 2
14,1958-11-12,time unavailable,@,Toronto Maple Leafs,4,1,W,REG,8,4,2,W 1
15,1958-11-15,time unavailable,@,Chicago Black Hawks,3,1,W,REG,9,4,2,W 2
16,1958-11-16,time unavailable,@,New York Rangers,1,2,L,REG,9,5,2,L 1
17,1958-11-20,time unavailable,H,Detroit Red Wings,4,4,T,REG,9,5,3,T 1
18,1958-11-22,time unavailable,H,Chicago Black Hawks,5,1,W,REG,10,5,3,W 1
19,1958-11-23,time unavailable,@,Boston Bruins,0,2,L,REG,10,6,3,L 1
20,1958-11-26,time unavailable,@,New York Rangers,3,5,L,REG,10,7,3,L 2
21,1958-11-27,time unavailable,@,Chicago Black Hawks,2,1,W,REG,11,7,3,W 1
22,1958-11-29,time unavailable,H,Detroit Red Wings,6,2,W,REG,12,7,3,W 2
23,1958-11-30,time unavailable,@,Detroit Red Wings,7,0,W,REG,13,7,3,W 3
24,1958-12-04,time unavailable,H,Toronto Maple Leafs,2,2,T,REG,13,7,4,T 1
25,1958-12-06,time unavailable,H,New York Rangers,6,0,W,REG,14,7,4,W 1
26,1958-12-07,time unavailable,@,Boston Bruins,4,1,W,REG,15,7,4,W 2
27,1958-12-13,time unavailable,H,Detroit Red Wings,2,2,T,REG,15,7,5,T 1
28,1958-12-14,time unavailable,@,Detroit Red Wings,6,1,W,REG,16,7,5,W 1
29,1958-12-18,time unavailable,H,Toronto Maple Leafs,4,1,W,REG,17,7,5,W 2
30,1958-12-20,time unavailable,H,Chicago Black Hawks,4,1,W,REG,18,7,5,W 3
31,1958-12-21,time unavailable,@,Boston Bruins,5,0,W,REG,19,7,5,W 4
32,1958-12-25,time unavailable,H,New York Rangers,4,1,W,REG,20,7,5,W 5
33,1958-12-27,time unavailable,H,Boston Bruins,6,1,W,REG,21,7,5,W 6
34,1958-12-28,time unavailable,@,New York Rangers,3,5,L,REG,21,8,5,L 1
35,1958-12-31,time unavailable,@,Toronto Maple Leafs,0,2,L,REG,21,9,5,L 2
36,1959-01-01,time unavailable,@,Chicago Black Hawks,2,2,T,REG,21,9,6,T 1
37,1959-01-03,time unavailable,H,New York Rangers,5,1,W,REG,22,9,6,W 1
38,1959-01-04,time unavailable,@,Detroit Red Wings,2,2,T,REG,22,9,7,T 1
39,1959-01-08,time unavailable,H,Toronto Maple Leafs,3,0,W,REG,23,9,7,W 1
40,1959-01-10,time unavailable,H,Chicago Black Hawks,1,0,W,REG,24,9,7,W 2
41,1959-01-11,time unavailable,@,Boston Bruins,3,3,T,REG,24,9,8,T 1
42,1959-01-17,time unavailable,H,Boston Bruins,3,3,T,REG,24,9,9,T 2
43,1959-01-18,time unavailable,@,Chicago Black Hawks,1,1,T,REG,24,9,10,T 3
44,1959-01-21,time unavailable,@,Toronto Maple Leafs,1,3,L,REG,24,10,10,L 1
45,1959-01-24,time unavailable,H,New York Rangers,3,1,W,REG,25,10,10,W 1
46,1959-01-25,time unavailable,@,Detroit Red Wings,7,3,W,REG,26,10,10,W 2
47,1959-01-29,time unavailable,H,Detroit Red Wings,1,4,L,REG,26,11,10,L 1
48,1959-01-31,time unavailable,H,Chicago Black Hawks,3,3,T,REG,26,11,11,T 1
49,1959-02-01,time unavailable,@,Chicago Black Hawks,3,3,T,REG,26,11,12,T 2
50,1959-02-05,time unavailable,H,Toronto Maple Leafs,3,6,L,REG,26,12,12,L 1
51,1959-02-07,time unavailable,H,Boston Bruins,2,3,L,REG,26,13,12,L 2
52,1959-02-08,time unavailable,@,Detroit Red Wings,3,1,W,REG,27,13,12,W 1
53,1959-02-11,time unavailable,@,Toronto Maple Leafs,5,2,W,REG,28,13,12,W 2
54,1959-02-14,time unavailable,@,Boston Bruins,2,1,W,REG,29,13,12,W 3
55,1959-02-15,time unavailable,@,New York Rangers,5,1,W,REG,30,13,12,W 4
56,1959-02-19,time unavailable,H,Detroit Red Wings,7,0,W,REG,31,13,12,W 5
57,1959-02-21,time unavailable,H,Boston Bruins,6,0,W,REG,32,13,12,W 6
58,1959-02-22,time unavailable,@,New York Rangers,1,5,L,REG,32,14,12,L 1
59,1959-02-25,time unavailable,@,Toronto Maple Leafs,2,3,L,REG,32,15,12,L 2
60,1959-02-28,time unavailable,H,New York Rangers,6,1,W,REG,33,15,12,W 1
61,1959-03-05,time unavailable,H,Toronto Maple Leafs,2,1,W,REG,34,15,12,W 2
62,1959-03-07,time unavailable,H,Detroit Red Wings,10,2,W,REG,35,15,12,W 3
63,1959-03-08,time unavailable,@,Chicago Black Hawks,2,1,W,REG,36,15,12,W 4
64,1959-03-10,time unavailable,@,Detroit Red Wings,5,5,T,REG,36,15,13,T 1
65,1959-03-11,time unavailable,@,Toronto Maple Leafs,6,2,W,REG,37,15,13,W 1
66,1959-03-14,time unavailable,H,Chicago Black Hawks,8,4,W,REG,38,15,13,W 2
67,1959-03-15,time unavailable,@,Boston Bruins,3,5,L,REG,38,16,13,L 1
68,1959-03-19,time unavailable,H,Toronto Maple Leafs,3,6,L,REG,38,17,13,L 2
69,1959-03-21,time unavailable,H,Boston Bruins,3,4,L,REG,38,18,13,L 3
70,1959-03-22,time unavailable,@,New York Rangers,4,2,W,REG,39,18,13,W 1

GP,Date,Time,Location,Opponent,GF,GA,Result,Game Ended In,W,L,T,Streak,Notes
1,1959-03-24,time unavailable,H,Chicago Black Hawks,4,2,W,REG,1,0,0,W 1
2,1959-03-26,time unavailable,H,Chicago Black Hawks,5,1,W,REG,2,0,0,W 2
3,1959-03-28,time unavailable,@,Chicago Black Hawks,2,4,L,REG,2,1,0,L 1
4,1959-03-31,time unavailable,@,Chicago Black Hawks,1,3,L,REG,2,2,0,L 2
5,1959-04-02,time unavailable,H,Chicago Black Hawks,4,2,W,REG,3,2,0,W 1
6,1959-04-04,time unavailable,@,Chicago Black Hawks,5,4,W,REG,4,2,0,W 2
7,1959-04-09,time unavailable,H,Toronto Maple Leafs,5,3,W,REG,5,2,0,W 3
8,1959-04-11,time unavailable,H,Toronto Maple Leafs,3,1,W,REG,6,2,0,W 4
9,1959-04-14,time unavailable,@,Toronto Maple Leafs,2,3,L,OT,6,3,0,L 1
10,1959-04-16,time unavailable,@,Toronto Maple Leafs,3,2,W,REG,7,3,0,W 1
11,1959-04-18,time unavailable,H,Toronto Maple Leafs,5,3,W,REG,8,3,0,W 2

Ralph Backstrom,,6,C,21,5-10,165,L/-,2,"September 18, 1937",ca,"18 G, 22 A, 40 P"
Jean Beliveau,,4,C,27,6-3,205,L/-,7,"August 31, 1931",ca,"45 G, 46 A, 91 P"
Marcel Bonin,,18,LW,26,5-10,170,L/-,5,"September 12, 1932",ca,"13 G, 30 A, 43 P"
Ian Cushenan,,21,D,25,6-2,195,L/-,2,"November 29, 1933",ca,"1 G, 2 A, 3 P"
Claude Cyr,,31,G,19,5-10,180,-/L,R,"March 27, 1939",ca,"0-0-0, 3.00 GAA"
Bernie Geoffrion,,5,RW,27,5-9,166,R/-,8,"February 16, 1931",ca,"22 G, 44 A, 66 P"
Phil Goyette,,20,RW,25,5-11,170,L/-,2,"October 31, 1933",ca,"10 G, 18 A, 28 P"
Doug Harvey,,2,D,34,5-11,187,L/-,11,"December 19, 1924",ca,"4 G, 16 A, 20 P"
Charlie Hodge,,1-29,G,25,5-6,150,-/L,2,"July 28, 1933",ca,"1-1-0, 3.00 GAA"
Tom Johnson,,10,D,30,6-0,180,L/-,9,"February 18, 1928",ca,"10 G, 29 A, 39 P"
Albert Langlois,,19,D,24,6-0,205,L/-,1,"November 6, 1934",ca,"0 G, 3 A, 3 P"
Don Marshall,,22,C,26,5-10,160,L/-,5,"March 23, 1932",ca,"10 G, 22 A, 32 P"
Ab McDonald,,15,LW,22,6-3,192,L/-,R,"February 18, 1936",ca,"13 G, 23 A, 36 P"
Dickie Moore,,12,LW,28,5-10,168,L/-,7,"January 6, 1931",ca,"41 G, 55 A, 96 P"
Jacques Plante,,1,G,30,6-0,175,-/L,6,"January 17, 1929",ca,"38-16-13, 2.16 GAA"
Andre Pronovost,,23,LW,22,5-10,188,L/-,2,"July 9, 1936",ca,"9 G, 14 A, 23 P"
Claude Pronovost,,30,G,23,5-9,190,-/L,1,"July 22, 1935",ca,"0-1-0, 7.00 GAA"
Claude Provost,,14,RW,25,5-9,168,R/-,3,"September 17, 1933",ca,"16 G, 22 A, 38 P"
Henri Richard,,16,C,22,5-7,160,R/-,3,"February 29, 1936",ca,"21 G, 30 A, 51 P"
Maurice Richard,(C),9,RW,37,5-10,170,L/-,16,"August 4, 1921",ca,"17 G, 21 A, 38 P"
Jean-Guy Talbot,,17,D,26,5-11,170,L/-,4,"July 11, 1932",ca,"4 G, 17 A, 21 P"
Bob Turner,,11,D,25,6-0,170,L/-,3,"January 31, 1934",ca,"4 G, 24 A, 28 P"
