INFO:
teamName,UW Pwnstars
teamAbbreviation,UW Pwnstars
sportId,n/a
sportName,n/a
sportRules,n/a
leagueId,watMu
levelId,n/a
seasonName,n/a
seasonId,n/a
Roster Size,12
Season Games Played,6
Playoff Round Lengths,1,1
END_INFO

SEASON:
Date/Time,Location,Opposing Team,Score,S.O.C.
Thu Sep 29 @ 5:00 pm,Village Green,Party Rock Dynamite,lost 42 - 7,4
Sat Oct 1 @ 10:00 am,Columbia Icefield: Warrior Field,H On Our Block,lost 42 - 7,4
Sat Oct 1 @ 12:00 pm,Columbia Icefield: Warrior Field,Individuals Advanced 1,won 42 - 49,4
Sat Oct 22 @ 12:00 pm,Columbia Icefield: Field 5A,I pledge to use appropriate team names,lost 0 - 14,-2
Sat Oct 29 @ 11:00 am,Columbia Icefield: Field 5A,Individuals Advanced 2,won 0 - 14,avg.
Sat Oct 29 @ 12:00 pm,Columbia Icefield: Field 5A,Party Rock Dynamite,won 0 - 14,avg.
END_SEASON

PLAYOFFS:
Date/Time,Location,Opposing Team,Score,S.O.C.
Sat Nov 5 @ 11:00 am,Columbia Icefield: Warrior Field,Party Rock Dynamite,won 14 - 0,0
Sat Nov 12 @ 11:00 am,Columbia Icefield: Warrior Field,Individuals Advanced 2,lost 0 - 14,-2
END_PLAYOFFS

ROSTER:
Player,Captaincy,uwaterloo_email
Martin Smith,(C),mw2smith@uwaterloo.ca
Cody Bechberger,,
Mathew Eidt,,
Claudio Francavilla,,
Daniel Gilpin,,
Corey Godfrey,,
Bryan Ho,,
Eric Lindsay,,
Mitchell Shim,,
Manuel Tejeda,,
Kathryn Wheeler,,
Sheldon Woods,,
END_ROSTER
