INFO:
teamName,I pledge to use appropriate team names
teamAbbreviation,I pledge to use appropriate team names
sportId,n/a
sportName,n/a
sportRules,n/a
leagueId,watMu
levelId,n/a
seasonName,n/a
seasonId,n/a
Roster Size,12
Season Games Played,6
Playoff Round Lengths,1,1
END_INFO

SEASON:
Date/Time,Location,Opposing Team,Score,S.O.C.
Sat Sep 24 @ 12:00 pm,Village Green,Individuals Advanced 2,lost 42 - 28,4
Thu Sep 29 @ 6:00 pm,Village Green,Individuals Advanced 1,lost 49 - 42,4
Thu Oct 6 @ 6:00 pm,Village Green,Party Rock Dynamite,won 7 - 42,4
Sat Oct 15 @ 2:00 pm,Columbia Icefield: Warrior Field,H On Our Block,lost 28 - 42,4
Sat Oct 22 @ 12:00 pm,Columbia Icefield: Field 5A,UW Pwnstars,won 0 - 14,avg.
Sat Oct 29 @ 1:00 pm,Columbia Icefield: Warrior Field,Individuals Advanced 2,lost 63 - 28,0
END_SEASON

PLAYOFFS:
Date/Time,Location,Opposing Team,Score,S.O.C.
Sat Nov 5 @ 12:00 pm,Columbia Icefield: Warrior Field,Individuals Advanced 1,won 14 - 0,0
Sat Nov 12 @ 10:00 am,Columbia Icefield: Warrior Field,H On Our Block,lost 35 - 14,2
END_PLAYOFFS

ROSTER:
Player,Captaincy,uwaterloo_email
Ryan Connon,(C),rfconnon@uwaterloo.ca
Michael Bell,,
Dylan Brethour,,
Joshua Brethour,,
John Coughlin,,
John Grilli,,
Trevor Imhoff,,
Benjamin Marconato,,
Brendan Parliament,,
Matthew Priestap,,
Navdeep Sahai,,
Zachary Spiler,,
END_ROSTER
