INFO:
teamName,Party Rock Dynamite
teamAbbreviation,Party Rock Dynamite
sportId,n/a
sportName,n/a
sportRules,n/a
leagueId,watMu
levelId,n/a
seasonName,n/a
seasonId,n/a
Roster Size,9
Season Games Played,6
Playoff Round Lengths,1
END_INFO

SEASON:
Date/Time,Location,Opposing Team,Score,S.O.C.
Thu Sep 29 @ 5:00 pm,Village Green,UW Pwnstars,won 42 - 7,4
Sat Oct 1 @ 11:00 am,Columbia Icefield: Warrior Field,Individuals Advanced 2,lost 42 - 21,4
Thu Oct 6 @ 6:00 pm,Village Green,I pledge to use appropriate team names,lost 7 - 42,4
Sat Oct 15 @ 1:00 pm,Columbia Icefield: Warrior Field,Individuals Advanced 1,lost 35 - 14,4
Sat Oct 22 @ 10:00 am,Columbia Icefield: Field 5A,H On Our Block,lost 0 - 14,-2
Sat Oct 29 @ 12:00 pm,Columbia Icefield: Field 5A,UW Pwnstars,lost 0 - 14,-2
END_SEASON

PLAYOFFS:
Date/Time,Location,Opposing Team,Score,S.O.C.
Sat Nov 5 @ 11:00 am,Columbia Icefield: Warrior Field,UW Pwnstars,lost 14 - 0,-2
END_PLAYOFFS

ROSTER:
Player,Captaincy,uwaterloo_email
Daniel Silye,(C),dsilye@uwaterloo.ca
Jean-Luc Chouffot,,
Lazaro Gonzales,,
Michael Milewski,,
Zachary Pizzolato,,
Sasha Shams,,
Harjas Singh,,
Seggar Vignes,,
Daniel Zand,,
END_ROSTER
