INFO:
teamName,H On Our Block
teamAbbreviation,H On Our Block
sportId,n/a
sportName,n/a
sportRules,n/a
leagueId,watMu
levelId,n/a
seasonName,n/a
seasonId,n/a
Roster Size,10
Season Games Played,6
Playoff Round Lengths,1,1
END_INFO

SEASON:
Date/Time,Location,Opposing Team,Score,S.O.C.
Sat Sep 24 @ 2:00 pm,Village Green,Individuals Advanced 1,won 28 - 49,4
Sat Oct 1 @ 10:00 am,Columbia Icefield: Warrior Field,UW Pwnstars,won 42 - 7,2
Sat Oct 1 @ 1:00 pm,Columbia Icefield: Warrior Field,Individuals Advanced 2,won 21 - 56,4
Sat Oct 15 @ 2:00 pm,Columbia Icefield: Warrior Field,I pledge to use appropriate team names,won 28 - 42,1
Sat Oct 22 @ 10:00 am,Columbia Icefield: Field 5A,Party Rock Dynamite,won 0 - 14,avg.
Sat Oct 29 @ 11:00 am,Columbia Icefield: Warrior Field,Individuals Advanced 1,won 0 - 14,avg.
END_SEASON

PLAYOFFS:
Date/Time,Location,Opposing Team,Score,S.O.C.
Sat Nov 12 @ 10:00 am,Columbia Icefield: Warrior Field,I pledge to use appropriate team names,won 35 - 14,2
Sat Nov 12 @ 3:00 pm,Columbia Icefield: Warrior Field,Individuals Advanced 2,won 63 - 42,2
END_PLAYOFFS

ROSTER:
Player,Captaincy,uwaterloo_email
Parthan Thangaraj,(C),pthangar@uwaterloo.ca
Bryan Chatten,,
Eric Dagg,,
Christopher Halmo,,
Tomson Hecky,,
Kevin Jia,,
Bashir Moallim,,
Philip Proschek,,
Talal Wahid,,
Craig Zeeh,,
END_ROSTER
