INFO:
teamName,Individuals Advanced 1
teamAbbreviation,Individuals Advanced 1
sportId,n/a
sportName,n/a
sportRules,n/a
leagueId,watMu
levelId,n/a
seasonName,n/a
seasonId,n/a
Roster Size,10
Season Games Played,6
Playoff Round Lengths,1
END_INFO

SEASON:
Date/Time,Location,Opposing Team,Score,S.O.C.
Sat Sep 24 @ 2:00 pm,Village Green,H On Our Block,lost 28 - 49,4
Thu Sep 29 @ 6:00 pm,Village Green,I pledge to use appropriate team names,won 49 - 42,4
Sat Oct 1 @ 12:00 pm,Columbia Icefield: Warrior Field,UW Pwnstars,lost 42 - 49,4
Sat Oct 15 @ 1:00 pm,Columbia Icefield: Warrior Field,Party Rock Dynamite,won 35 - 14,4
Sat Oct 22 @ 11:00 am,Columbia Icefield: Field 5A,Individuals Advanced 2,lost 0 - 35,4
Sat Oct 29 @ 11:00 am,Columbia Icefield: Warrior Field,H On Our Block,lost 0 - 14,-2
END_SEASON

PLAYOFFS:
Date/Time,Location,Opposing Team,Score,S.O.C.
Sat Nov 5 @ 12:00 pm,Columbia Icefield: Warrior Field,I pledge to use appropriate team names,lost 14 - 0,-2
END_PLAYOFFS

ROSTER:
Player,Captaincy,uwaterloo_email
Peter Argany,,
Bryan Crewson,,
Tyler Hodder,,
Roger Holmes,,
Tianrun Jiang,,
Kyle Mundell,,
Bailong Qian,,
Sachan Sahota,,
Jash Shah,,
Tajwer Syed,,
END_ROSTER
