INFO:
teamName,Individuals Advanced 2
teamAbbreviation,Individuals Advanced 2
sportId,n/a
sportName,n/a
sportRules,n/a
leagueId,watMu
levelId,n/a
seasonName,n/a
seasonId,n/a
Roster Size,10
Season Games Played,6
Playoff Round Lengths,1,1
END_INFO

SEASON:
Date/Time,Location,Opposing Team,Score,S.O.C.
Sat Sep 24 @ 12:00 pm,Village Green,I pledge to use appropriate team names,won 42 - 28,4
Sat Oct 1 @ 11:00 am,Columbia Icefield: Warrior Field,Party Rock Dynamite,won 42 - 21,4
Sat Oct 1 @ 1:00 pm,Columbia Icefield: Warrior Field,H On Our Block,lost 21 - 56,4
Sat Oct 22 @ 11:00 am,Columbia Icefield: Field 5A,Individuals Advanced 1,won 0 - 35,4
Sat Oct 29 @ 11:00 am,Columbia Icefield: Field 5A,UW Pwnstars,lost 0 - 14,-2
Sat Oct 29 @ 1:00 pm,Columbia Icefield: Warrior Field,I pledge to use appropriate team names,won 63 - 28,0
END_SEASON

PLAYOFFS:
Date/Time,Location,Opposing Team,Score,S.O.C.
Sat Nov 12 @ 11:00 am,Columbia Icefield: Warrior Field,UW Pwnstars,won 0 - 14,0
Sat Nov 12 @ 3:00 pm,Columbia Icefield: Warrior Field,H On Our Block,lost 63 - 42,2
END_PLAYOFFS

ROSTER:
Player,Captaincy,uwaterloo_email
Matthew Kelman,,
Andrew Mallon,,
Adrian Marks,,
Brandon Potter,,
Scott Rideout,,
Johnathan Stevenson,,
Samantha Strong,,
Nicholas Trudeau,,
Ketheisan Vigneshwaran,,
Fahad Waseem,,
END_ROSTER
