Team Mike Lalande,spring2014,Ice Hockey: Team Mike Lalande (Advanced)
9,6,6,3,3
Sun May 25 @ 10:00 pm,Columbia Icefield Arena,won,6,4,3,Scissor Me Timbers
Sun Jun 1 @ 5:00 pm,Columbia Icefield Arena,tie,4,4,3,Advanced Indies 1
Sun Jun 8 @ 4:00 pm,Columbia Icefield Arena,tie,3,3,3,Macive Sticks
Sun Jun 15 @ 12:00 pm,Columbia Icefield Arena,tie,3,3,3,Bendy Garden Gnomes
Sun Jun 22 @ 5:00 pm,Columbia Icefield Arena,won,7,1,2,Fussy
Tue Jun 24 @ 8:00 pm,Columbia Icefield Arena,lost,2,4,3,Worriers
Sun Jul 13 @ 9:00 pm,Columbia Icefield Arena,won,4,3,1,Slot Rockets
Tue Jul 22 @ 7:00 pm,Columbia Icefield Arena,won,7,3,2,Kane Toads
Wed Jul 30 @ 8:00 pm,Columbia Icefield Arena,lost,2,3,2,Chiefs

Douglas Mackendrick,Robert Michaels,Kyle Mundell,Christopher Neilson,Mitchell Patterson,Charles Reid,Rajeev Sarvaria,Brandon Skinner,Joshua Williams,Kerry Cooper
