Worriers,spring2014,Ice Hockey: Worriers (Advanced)
8,6,6,2,2
Sun May 25 @ 9:00 pm,Columbia Icefield Arena,won,3,0,avg.,Advanced Indies 2
Tue May 27 @ 8:00 pm,Columbia Icefield Arena,lost,1,6,4,AM Lumber
Sun Jun 8 @ 9:00 pm,Columbia Icefield Arena,lost,1,3,2,Baby Butts
Tue Jun 10 @ 8:00 pm,Columbia Icefield Arena,won,4,3,2,Kane Toads
Sun Jun 15 @ 9:00 pm,Columbia Icefield Arena,won,2,1,3,Advanced Indies 1
Tue Jun 24 @ 8:00 pm,Columbia Icefield Arena,won,4,2,3,Team Mike Lalande
Tue Jul 15 @ 8:00 pm,Columbia Icefield Arena,won,5,1,2,AM Lumber
Tue Jul 22 @ 6:00 pm,Columbia Icefield Arena,lost,1,5,2,Chiefs

Bart Domzy,Bill Futher,David Hammond,Jacob Jefferies,Timothy Kenyon,George Labahn,Jeffrey Labahn,Adam Metherel,Colin Phipps,Jeff Randall,David Smyth,Ken D. Stark,A.Russell Tupling,Bill Eickmeier
