Kane Toads,spring2014,Ice Hockey: Kane Toads (Advanced)
8,6,6,2,2
Tue May 20 @ 10:00 pm,Columbia Icefield Arena,won,6,0,2,Advanced Indies 1
Tue May 27 @ 9:00 pm,Columbia Icefield Arena,won,3,2,4,Macive Sticks
Wed Jun 4 @ 9:00 pm,Columbia Icefield Arena,lost,1,5,2,Bendy Garden Gnomes
Tue Jun 10 @ 8:00 pm,Columbia Icefield Arena,lost,3,4,2,Worriers
Wed Jun 11 @ 10:00 pm,Columbia Icefield Arena,won,5,1,0,Fussy
Tue Jun 24 @ 9:00 pm,Columbia Icefield Arena,lost,1,7,2,Chiefs
Sun Jul 20 @ 9:00 pm,Columbia Icefield Arena,won,4,3,2,Baby Butts
Tue Jul 22 @ 7:00 pm,Columbia Icefield Arena,lost,3,7,2,Team Mike Lalande

Jared Adelstein,Jared Baribeau,Callum Gaskin,Benjamin Gerber,Luke Harrison,Connor Hicks,Michael Hucko,Jacob Orlandi,Marc Pottier,Ryan Samyn,Michael Slegers,Cameron Wilkinson,Cory Woods,Adam Logan
