Slot Rockets,spring2014,Ice Hockey: Slot Rockets (Advanced)
7,6,6,1,1
Wed May 28 @ 8:00 pm,Columbia Icefield Arena,tie,1,1,2,Bendy Garden Gnomes
Sun Jun 1 @ 2:00 pm,Columbia Icefield Arena,won,3,1,2,Macive Sticks
Wed Jun 4 @ 8:00 pm,Columbia Icefield Arena,won,3,1,3,Fussy
Sun Jun 22 @ 12:00 pm,Columbia Icefield Arena,lost,0,3,-2,Chiefs
Wed Jun 25 @ 10:00 pm,Columbia Icefield Arena,won,3,2,2,Bendy Garden Gnomes
Wed Jul 2 @ 8:00 pm,Columbia Icefield Arena,won,1,0,0,Advanced Indies 2
Sun Jul 13 @ 9:00 pm,Columbia Icefield Arena,lost,3,4,2,Team Mike Lalande

Jeffrey Baxter,Kenneth Burns,Alexander Carducci,Luc Charlebois,Steven Crone,Owain Graham,Michael Holtom,Thomas Jilek,Bryce Poirier,Scott Shaw,Evan Steed,Paul Stefan,Marcus Walz,Mitchell Zorzit,Todd Richardson
