Scissor Me Timbers,spring2014,Ice Hockey: Scissor Me Timbers (Advanced)
7,6,6,1,1
Sun May 25 @ 10:00 pm,Columbia Icefield Arena,lost,4,6,3,Team Mike Lalande
Sun Jun 1 @ 12:00 pm,Columbia Icefield Arena,lost,1,7,3,Chiefs
Sun Jun 8 @ 1:00 pm,Columbia Icefield Arena,won,5,2,2,Advanced Indies 1
Sun Jun 15 @ 10:00 pm,Columbia Icefield Arena,won,3,0,1,Macive Sticks
Wed Jun 18 @ 9:00 pm,Columbia Icefield Arena,won,6,0,3,Bendy Garden Gnomes
Wed Jul 2 @ 9:00 pm,Columbia Icefield Arena,lost,0,3,-2,Fussy
Tue Jul 15 @ 9:00 pm,Columbia Icefield Arena,lost,4,5,2,Chiefs

Paul Brennan,Jacob Burbank,Jarrett Gray,Nicholas Moxam,Samuel Richardson,Eric Rogers,Ryan Schultz,Cameron Smith,Adam Timlock,Adam Debruyne
