Chiefs,spring2014,Ice Hockey: Chiefs (Advanced)
9,6,6,3,3
Wed May 21 @ 10:00 pm,Columbia Icefield Arena,won,6,0,3,Advanced Indies 2
Sun Jun 1 @ 12:00 pm,Columbia Icefield Arena,won,7,1,3,Scissor Me Timbers
Sun Jun 8 @ 5:00 pm,Columbia Icefield Arena,won,5,2,2,AM Lumber
Sun Jun 15 @ 3:00 pm,Columbia Icefield Arena,lost,1,4,3,Baby Butts
Sun Jun 22 @ 12:00 pm,Columbia Icefield Arena,won,3,0,-2,Slot Rockets
Tue Jun 24 @ 9:00 pm,Columbia Icefield Arena,won,7,1,2,Kane Toads
Tue Jul 15 @ 9:00 pm,Columbia Icefield Arena,won,5,4,2,Scissor Me Timbers
Tue Jul 22 @ 6:00 pm,Columbia Icefield Arena,won,5,1,2,Worriers
Wed Jul 30 @ 8:00 pm,Columbia Icefield Arena,won,3,2,2,Team Mike Lalande

Douglas Allingham,Vincent Boyer,Gregory Degroote,Tyler Green,Adrian Hawkings,Sam Hogenhout,Ian King,Robert Little,Lucas McKernan,Cole McLay,Riley McLay,Mark Smith,Philip Stalder,Ryan Murdoch
