Columbus Blue Jackets,CBJ,nhl
2012-13,2013
32
48
0
GP,Date,Time,Location,Opponent,GF,GA,Result,Game Ended In,W,L,OL,Streak,S,PIM,PPG,SHG,S,PIM,PPG,SHG,Notes
1,2013-01-19,8:00 PM,@,Nashville Predators,3,2,W,SO,1,0,0,W 1,28,14,1,0,34,18,1,0
2,2013-01-21,7:30 PM,H,Detroit Red Wings,3,4,L,SO,1,0,1,L 1,33,21,2,0,42,23,0,0
3,2013-01-23,10:00 PM,@,Phoenix Coyotes,1,5,L,REG,1,1,1,L 2,26,10,0,0,42,6,1,0
4,2013-01-24,9:00 PM,@,Colorado Avalanche,0,4,L,REG,1,2,1,L 3,33,24,0,0,28,26,0,0
5,2013-01-26,7:00 PM,H,Chicago Blackhawks,2,3,L,REG,1,3,1,L 4,26,15,0,0,24,17,0,0
6,2013-01-28,7:00 PM,H,Dallas Stars,2,1,W,REG,2,3,1,W 1,27,10,0,0,25,16,1,0
7,2013-01-29,8:00 PM,@,Minnesota Wild,2,3,L,REG,2,4,1,L 1,19,14,1,0,26,18,0,0
8,2013-01-31,7:00 PM,H,St. Louis Blues,1,4,L,REG,2,5,1,L 2,25,40,1,0,25,48,2,0
9,2013-02-02,7:00 PM,H,Detroit Red Wings,4,2,W,REG,3,5,1,W 1,28,10,1,1,34,6,0,0
10,2013-02-05,7:00 PM,H,Los Angeles Kings,2,4,L,REG,3,6,1,L 1,20,29,0,0,31,30,1,0
11,2013-02-07,7:00 PM,H,Calgary Flames,3,4,L,OT,3,6,2,L 2,29,8,1,0,30,8,1,0
12,2013-02-10,6:00 PM,H,Edmonton Oilers,1,3,L,REG,3,7,2,L 3,40,18,0,0,14,22,0,1
13,2013-02-11,7:00 PM,H,San Jose Sharks,6,2,W,REG,4,7,2,W 1,36,16,2,0,27,18,1,0
14,2013-02-15,10:30 PM,@,Los Angeles Kings,1,2,L,REG,4,8,2,L 1,13,10,0,0,22,8,1,0
15,2013-02-16,8:00 PM,@,Phoenix Coyotes,3,5,L,REG,4,9,2,L 2,20,19,0,0,35,9,1,0
16,2013-02-18,10:00 PM,@,Anaheim Ducks,2,3,L,REG,4,10,2,L 3,27,6,0,0,29,6,2,0
17,2013-02-21,7:30 PM,@,Detroit Red Wings,3,2,W,REG,5,10,2,W 1,24,15,1,0,30,23,0,0
18,2013-02-23,8:00 PM,@,St. Louis Blues,1,2,L,REG,5,11,2,L 1,20,8,0,1,23,10,0,0
19,2013-02-24,7:00 PM,@,Chicago Blackhawks,0,1,L,REG,5,12,2,L 2,28,10,0,0,27,14,0,0
20,2013-02-26,7:00 PM,H,Dallas Stars,4,5,L,OT,5,12,3,L 3,20,4,0,0,39,4,0,0
21,2013-03-01,8:30 PM,@,Chicago Blackhawks,3,4,L,OT,5,12,4,L 4,22,12,0,0,35,12,0,0
22,2013-03-03,3:00 PM,H,Colorado Avalanche,2,1,W,OT,6,12,4,W 1,34,16,2,0,19,20,0,0
23,2013-03-05,7:00 PM,H,Edmonton Oilers,4,3,W,SO,7,12,4,W 2,38,21,1,0,29,13,0,0
24,2013-03-07,7:00 PM,H,Vancouver Canucks,2,1,W,OT,8,12,4,W 3,27,2,0,0,35,6,0,0
25,2013-03-09,2:00 PM,H,Detroit Red Wings,3,0,W,REG,9,12,4,W 4,24,18,1,0,30,14,0,0
26,2013-03-10,5:00 PM,@,Detroit Red Wings,3,2,W,SO,10,12,4,W 5,21,17,0,0,23,15,1,0
27,2013-03-12,7:00 PM,H,Vancouver Canucks,1,2,L,SO,10,12,5,L 1,27,4,0,0,38,4,0,0
28,2013-03-14,7:00 PM,H,Chicago Blackhawks,1,2,L,SO,10,12,6,L 2,30,7,1,0,40,9,0,0
29,2013-03-16,7:00 PM,H,Phoenix Coyotes,1,0,W,SO,11,12,6,W 1,23,9,0,0,39,9,0,0
30,2013-03-19,7:00 PM,H,Nashville Predators,4,3,W,REG,12,12,6,W 2,31,2,1,0,35,6,0,0
31,2013-03-22,7:00 PM,H,Calgary Flames,5,1,W,REG,13,12,6,W 3,28,4,0,0,25,8,0,0
32,2013-03-23,8:00 PM,@,Nashville Predators,2,5,L,REG,13,13,6,L 1,23,9,1,0,24,24,2,0
33,2013-03-26,10:00 PM,@,Vancouver Canucks,0,1,L,SO,13,13,7,L 2,17,4,0,0,34,4,0,0
34,2013-03-28,9:30 PM,@,Edmonton Oilers,4,6,L,REG,13,14,7,L 3,30,9,0,0,25,9,0,0
35,2013-03-29,9:00 PM,@,Calgary Flames,6,4,W,REG,14,14,7,W 1,25,13,0,1,33,7,1,0
36,2013-03-31,6:00 PM,H,Anaheim Ducks,2,1,W,OT,15,14,7,W 2,18,4,0,0,30,2,0,0
37,2013-04-04,8:00 PM,@,Nashville Predators,3,1,W,REG,16,14,7,W 3,38,6,1,0,39,6,0,0
38,2013-04-05,8:00 PM,@,St. Louis Blues,1,3,L,REG,16,15,7,L 1,27,14,0,0,19,10,1,1
39,2013-04-07,6:00 PM,H,Minnesota Wild,0,3,L,REG,16,16,7,L 2,24,6,0,0,24,8,2,0
40,2013-04-09,7:00 PM,H,San Jose Sharks,4,0,W,REG,17,16,7,W 1,30,4,0,0,30,6,0,0
41,2013-04-12,7:00 PM,H,St. Louis Blues,4,1,W,REG,18,16,7,W 2,19,20,0,0,32,4,0,0
42,2013-04-13,8:00 PM,@,Minnesota Wild,3,2,W,SO,19,16,7,W 3,22,28,0,0,41,20,1,0
43,2013-04-15,9:00 PM,@,Colorado Avalanche,4,3,W,OT,20,16,7,W 4,30,11,0,0,32,7,1,0
44,2013-04-17,10:00 PM,@,Anaheim Ducks,3,2,W,OT,21,16,7,W 5,28,10,0,0,28,8,1,0
45,2013-04-18,10:30 PM,@,Los Angeles Kings,1,2,L,REG,21,17,7,L 1,21,18,0,0,23,8,1,0
46,2013-04-21,8:00 PM,@,San Jose Sharks,4,3,W,REG,22,17,7,W 1,22,6,1,0,35,4,1,0
47,2013-04-25,8:30 PM,@,Dallas Stars,3,1,W,REG,23,17,7,W 2,35,18,2,0,32,20,1,0
48,2013-04-27,7:00 PM,H,Nashville Predators,3,1,W,REG,24,17,7,W 3,47,2,1,0,20,6,0,0

Location,Result,Game Ended In

Artem Anisimov,,42,C,24,6-4,198,L/-,4,"May 24, 1988",su,"11 G, 7 A, 18 P"
Cam Atkinson,,13,RW,23,5-8,180,R/-,1,"June 5, 1989",us,"9 G, 9 A, 18 P"
Adrian Aucoin,,33,D,39,6-2,215,R/-,17,"July 3, 1973",ca,"0 G, 4 A, 4 P"
Sergei Bobrovsky,,72,G,24,6-2,199,-/L,2,"September 20, 1988",su,"21-11-6, 2.00 GAA"
Jared Boll,,40,RW,26,6-3,209,R/-,5,"May 13, 1986",us,"2 G, 4 A, 6 P"
Derick Brassard,,16,C,25,6-1,205,L/-,5,"September 22, 1987",ca,"7 G, 11 A, 18 P"
Matt Calvert,,11,LW,23,5-11,192,L/-,2,"December 24, 1989",ca,"9 G, 7 A, 16 P"
Sean Collins,,43,C,24,6-3,184,L/-,R,"December 29, 1988",ca,"0 G, 0 A, 0 P"
Blake Comeau,,14,RW,26,6-1,202,R/-,6,"February 18, 1986",ca,"2 G, 3 A, 5 P"
Derek Dorsett,,15,RW,26,6-0,192,R/-,4,"December 20, 1986",ca,"3 G, 6 A, 9 P"
Nick Drazenovic,,34,C,26,6-0,192,L/-,1,"January 14, 1987",ca,"0 G, 0 A, 0 P"
Brandon Dubinsky,,17,C,26,6-2,216,L/-,6,"April 29, 1986",us,"2 G, 18 A, 20 P"
Tim Erixon,,20,D,21,6-2,200,L/-,1,"February 24, 1991",us,"0 G, 5 A, 5 P"
Nick Foligno,,71,LW,25,6-0,210,L/-,5,"October 31, 1987",us,"6 G, 13 A, 19 P"
Marian Gaborik,,10,RW,30,6-1,205,L/-,11,"February 14, 1982",cs,"3 G, 5 A, 8 P"
Colton Gillies,,9,C,23,6-4,208,L/-,3,"February 12, 1989",ca,"1 G, 1 A, 2 P"
Cody Goloubef,,48,D,23,6-1,201,R/-,1,"November 30, 1989",ca,"1 G, 0 A, 1 P"
Nick Holden,,29,D,25,6-4,210,L/-,1,"May 15, 1987",ca,"0 G, 0 A, 0 P"
Ryan Johansen,,19,C,20,6-3,218,R/-,1,"July 31, 1992",ca,"5 G, 7 A, 12 P"
Jack Johnson,,7,D,26,6-1,230,L/-,6,"January 13, 1987",us,"5 G, 14 A, 19 P"
Mark Letestu,,55,C,27,5-10,197,R/-,3,"February 4, 1985",ca,"13 G, 14 A, 27 P"
Derek MacKenzie,,24,C,31,5-11,181,L/-,9,"June 11, 1981",ca,"3 G, 5 A, 8 P"
Jon Marchessault,,36,C,22,5-9,174,R/-,R,"December 27, 1990",ca,"0 G, 0 A, 0 P"
Steve Mason,,1,G,24,6-4,210,-/R,4,"May 29, 1988",ca,"3-6-1, 2.95 GAA"
John Moore,,4,D,22,6-3,210,L/-,2,"November 19, 1990",us,"0 G, 1 A, 1 P"
Nikita Nikitin,,6,D,26,6-4,217,L/-,2,"June 16, 1986",su,"3 G, 6 A, 9 P"
Vinny Prospal,,22,C,37,6-2,191,L/-,15,"February 17, 1975",cs,"12 G, 18 A, 30 P"
Dalton Prout,,47,D,22,6-3,230,R/-,1,"March 13, 1990",ca,"1 G, 6 A, 7 P"
David Savard,,58,D,22,6-2,227,R/-,1,"October 22, 1990",ca,"0 G, 0 A, 0 P"
Fedor Tyutin,,51,D,29,6-2,221,L/-,8,"July 19, 1983",su,"4 G, 18 A, 22 P"
R.J. Umberger,,18,C,30,6-2,214,L/-,7,"May 3, 1982",us,"8 G, 10 A, 18 P"
James Wisniewski,,21,D,28,5-11,203,R/-,7,"February 21, 1984",us,"5 G, 9 A, 14 P"
