Edmonton Oilers,EDM,nhl
2012-13,2013
31
48
0
GP,Date,Time,Location,Opponent,GF,GA,Result,Game Ended In,W,L,OL,Streak,S,PIM,PPG,SHG,S,PIM,PPG,SHG,Notes
1,2013-01-20,9:00 PM,@,Vancouver Canucks,3,2,W,SO,1,0,0,W 1,32,15,1,0,29,13,0,0
2,2013-01-22,10:00 PM,H,San Jose Sharks,3,6,L,REG,1,1,0,L 1,29,12,2,0,31,12,3,0
3,2013-01-24,9:30 PM,H,Los Angeles Kings,2,1,W,OT,2,1,0,W 1,39,31,1,0,31,21,0,0
4,2013-01-26,10:00 PM,@,Calgary Flames,3,4,L,REG,2,2,0,L 1,20,14,2,0,35,10,1,0
5,2013-01-28,9:30 PM,H,Colorado Avalanche,4,1,W,REG,3,2,0,W 1,27,6,4,0,38,12,0,0
6,2013-01-30,9:30 PM,@,Phoenix Coyotes,2,1,W,OT,4,2,0,W 2,21,6,1,0,28,8,1,0
7,2013-01-31,10:30 PM,@,San Jose Sharks,2,3,L,SO,4,2,1,L 1,28,8,0,0,38,4,0,0
8,2013-02-02,3:00 PM,@,Colorado Avalanche,1,3,L,REG,4,3,1,L 2,26,12,0,0,40,6,0,0
9,2013-02-04,9:30 PM,H,Vancouver Canucks,2,3,L,OT,4,3,2,L 3,25,8,1,1,40,8,0,0
10,2013-02-06,10:00 PM,H,Dallas Stars,2,3,L,OT,4,3,3,L 4,29,6,1,0,28,8,1,0
11,2013-02-09,2:00 PM,@,Detroit Red Wings,1,2,L,REG,4,4,3,L 5,24,24,1,0,30,14,2,0
12,2013-02-10,6:00 PM,@,Columbus Blue Jackets,3,1,W,REG,5,4,3,W 1,14,22,0,1,40,18,0,0
13,2013-02-12,9:30 PM,H,Dallas Stars,1,4,L,REG,5,5,3,L 1,36,10,0,0,29,12,0,0
14,2013-02-16,10:00 PM,H,Colorado Avalanche,6,4,W,REG,6,5,3,W 1,56,8,2,0,29,8,1,0
15,2013-02-19,10:00 PM,H,Los Angeles Kings,1,3,L,REG,6,6,3,L 1,24,2,1,0,38,8,0,0
16,2013-02-21,9:30 PM,H,Minnesota Wild,1,3,L,REG,6,7,3,L 2,28,19,0,0,28,2,0,0
17,2013-02-23,3:30 PM,H,Phoenix Coyotes,3,2,W,SO,7,7,3,W 1,43,14,1,0,36,8,1,0
18,2013-02-25,8:30 PM,@,Chicago Blackhawks,2,3,L,OT,7,7,4,L 1,19,4,1,1,34,8,1,0
19,2013-02-28,8:30 PM,@,Dallas Stars,5,1,W,REG,8,7,4,W 1,38,19,1,0,34,36,0,0
20,2013-03-01,8:00 PM,@,St. Louis Blues,2,4,L,REG,8,8,4,L 1,17,4,0,0,30,2,1,0
21,2013-03-03,8:00 PM,@,Minnesota Wild,2,4,L,REG,8,9,4,L 2,21,4,0,0,43,2,1,0
22,2013-03-05,7:00 PM,@,Columbus Blue Jackets,3,4,L,SO,8,9,5,L 3,29,13,0,0,38,21,1,0
23,2013-03-07,7:30 PM,@,Detroit Red Wings,0,3,L,REG,8,10,5,L 4,22,7,0,0,28,5,0,0
24,2013-03-08,8:00 PM,@,Nashville Predators,0,6,L,REG,8,11,5,L 5,24,15,0,0,34,7,2,0
25,2013-03-10,7:00 PM,@,Chicago Blackhawks,6,5,W,REG,9,11,5,W 1,25,6,3,0,37,10,1,1
26,2013-03-12,9:00 PM,@,Colorado Avalanche,4,0,W,REG,10,11,5,W 2,32,4,1,0,35,6,0,0
27,2013-03-15,9:30 PM,H,Detroit Red Wings,2,3,L,OT,10,11,6,L 1,32,15,0,0,28,11,1,0
28,2013-03-17,8:00 PM,H,Nashville Predators,3,2,W,REG,11,11,6,W 1,21,8,1,1,31,4,1,0
29,2013-03-20,9:30 PM,H,San Jose Sharks,3,4,L,SO,11,11,7,L 1,27,6,1,0,34,22,1,0
30,2013-03-23,10:00 PM,H,St. Louis Blues,0,3,L,REG,11,12,7,L 2,19,4,0,0,25,6,0,0
31,2013-03-25,8:00 PM,@,Nashville Predators,2,3,L,REG,11,13,7,L 3,26,4,1,0,26,8,0,0
32,2013-03-26,8:00 PM,@,St. Louis Blues,3,0,W,REG,12,13,7,W 1,19,15,0,0,43,11,0,0
33,2013-03-28,9:30 PM,H,Columbus Blue Jackets,6,4,W,REG,13,13,7,W 2,25,9,0,0,30,9,0,0
34,2013-03-30,10:00 PM,H,Vancouver Canucks,4,0,W,REG,14,13,7,W 3,24,14,1,0,23,16,0,0
35,2013-04-01,9:30 PM,H,Calgary Flames,4,1,W,REG,15,13,7,W 4,20,8,0,0,34,6,0,0
36,2013-04-03,10:00 PM,@,Calgary Flames,8,2,W,REG,16,13,7,W 5,39,19,3,0,21,37,0,0
37,2013-04-04,10:30 PM,@,Vancouver Canucks,0,4,L,REG,16,14,7,L 1,23,8,0,0,28,8,1,0
38,2013-04-06,4:00 PM,@,Los Angeles Kings,1,4,L,REG,16,15,7,L 2,24,10,1,0,39,8,2,0
39,2013-04-08,10:00 PM,@,Anaheim Ducks,1,2,L,REG,16,16,7,L 3,28,10,0,0,38,6,0,0
40,2013-04-10,9:30 PM,H,Phoenix Coyotes,1,3,L,REG,16,17,7,L 4,30,12,0,0,32,8,1,0
41,2013-04-13,10:00 PM,H,Calgary Flames,1,4,L,REG,16,18,7,L 5,29,10,0,0,38,6,1,0
42,2013-04-16,9:30 PM,H,Minnesota Wild,3,5,L,REG,16,19,7,L 6,19,4,1,0,30,2,1,0
43,2013-04-19,9:00 PM,@,Colorado Avalanche,4,1,W,REG,17,19,7,W 1,24,8,0,0,34,8,0,0
44,2013-04-21,8:30 PM,H,Anaheim Ducks,1,3,L,REG,17,20,7,L 1,28,10,0,0,30,8,1,0
45,2013-04-22,9:30 PM,H,Anaheim Ducks,0,3,L,REG,17,21,7,L 2,24,6,0,0,28,6,1,0
46,2013-04-24,9:30 PM,H,Chicago Blackhawks,1,4,L,REG,17,22,7,L 3,22,4,0,0,30,8,0,0
47,2013-04-26,8:00 PM,@,Minnesota Wild,6,1,W,REG,18,22,7,W 1,17,9,0,0,39,29,0,0
48,2013-04-27,10:00 PM,H,Vancouver Canucks,7,2,W,REG,19,22,7,W 2,37,20,1,0,30,32,1,0

Location,Result,Game Ended In

Mark Arcobello,,62,LW,24,5-8,172,R/-,R,"August 12, 1988",us,"0 G, 0 A, 0 P"
Eric Belanger,,20,C,35,5-11,185,L/-,11,"December 16, 1977",ca,"0 G, 3 A, 3 P"
Mike Brown,,13,RW,27,5-11,205,R/-,5,"June 24, 1985",us,"1 G, 0 A, 1 P"
Yann Danis,,34,G,31,6-0,185,-/L,4,"June 21, 1981",ca,"1-0-0, 3.82 GAA"
Devan Dubnyk,,40,G,26,6-6,212,-/L,3,"May 4, 1986",ca,"14-16-6, 2.57 GAA"
Ben Eager,,55,LW,29,6-2,240,L/-,7,"January 22, 1984",ca,"1 G, 1 A, 2 P"
Jordan Eberle,,14,C,22,5-11,181,R/-,2,"May 15, 1990",ca,"16 G, 21 A, 37 P"
Mark Fistric,,45,D,26,6-2,225,L/-,5,"June 1, 1986",ca,"0 G, 6 A, 6 P"
Sam Gagner,,89,C,23,5-11,202,R/-,5,"August 10, 1989",ca,"14 G, 24 A, 38 P"
Taylor Hall,,4,LW,21,6-1,201,L/-,2,"November 14, 1991",ca,"16 G, 34 A, 50 P"
Teemu Hartikainen,,56,LW,22,6-1,215,L/-,2,"May 3, 1990",fi,"1 G, 2 A, 3 P"
Ales Hemsky,,83,RW,29,6-0,185,R/-,9,"August 13, 1983",cs,"9 G, 11 A, 20 P"
Shawn Horcoff,(C),10,C,34,6-1,210,L/-,11,"September 17, 1978",ca,"7 G, 5 A, 12 P"
Darcy Hordichuk,,16,LW,32,6-1,212,L/-,11,"August 10, 1980",ca,"0 G, 0 A, 0 P"
Ryan Jones,,28,LW,28,6-1,205,L/-,4,"June 14, 1984",ca,"2 G, 5 A, 7 P"
Nikolai Khabibulin,,35,G,40,6-1,208,-/L,16,"January 13, 1973",su,"4-6-1, 2.54 GAA"
Anton Lander,,57,C,21,6-0,184,L/-,1,"April 24, 1991",se,"0 G, 1 A, 1 P"
Ryan Nugent-Hopkins,,93,C,19,6-0,189,L/-,1,"April 12, 1993",ca,"4 G, 20 A, 24 P"
Magnus Paajarvi,,91,LW,21,6-3,208,L/-,2,"April 12, 1991",se,"9 G, 7 A, 16 P"
Theo Peckham,,24,D,25,6-2,236,L/-,5,"November 10, 1987",ca,"0 G, 0 A, 0 P"
Lennart Petrell,,37,C,28,6-3,198,L/-,1,"April 13, 1984",fi,"3 G, 6 A, 9 P"
Jeff Petry,,2,D,25,6-3,204,R/-,2,"December 9, 1987",us,"3 G, 9 A, 12 P"
Corey Potter,,44,D,29,6-3,204,R/-,4,"January 5, 1984",us,"3 G, 1 A, 4 P"
Justin Schultz,,19,D,22,6-2,193,R/-,R,"July 6, 1990",ca,"8 G, 19 A, 27 P"
Nick Schultz,,15,D,30,6-1,203,L/-,10,"August 25, 1982",ca,"1 G, 8 A, 9 P"
Ladislav Smid,,5,D,26,6-4,210,L/-,6,"February 1, 1986",cs,"1 G, 3 A, 4 P"
Jerred Smithson,,52,C,33,6-3,209,R/-,9,"February 4, 1979",ca,"1 G, 0 A, 1 P"
Ryan Smyth,,94,LW,36,6-1,192,L/-,17,"February 21, 1976",ca,"2 G, 11 A, 13 P"
Chris VandeVelde,,54,C,25,6-2,190,L/-,2,"March 15, 1987",us,"0 G, 0 A, 0 P"
Ryan Whitney,,6,D,29,6-4,209,L/-,7,"February 19, 1983",us,"4 G, 9 A, 13 P"
Nail Yakupov,,64,RW,19,5-11,195,L/-,R,"October 6, 1993",ru,"17 G, 14 A, 31 P"
