Florida Panthers,FLA,nhl
2012-13,2013
37
48
0
GP,Date,Time,Location,Opponent,GF,GA,Result,Game Ended In,W,L,OL,Streak,S,PIM,PPG,SHG,S,PIM,PPG,SHG,Notes
1,2013-01-19,7:30 PM,H,Carolina Hurricanes,5,1,W,REG,1,0,0,W 1,25,16,3,0,42,14,0,0
2,2013-01-21,7:30 PM,@,Ottawa Senators,0,4,L,REG,1,1,0,L 1,31,13,0,0,37,11,1,0
3,2013-01-22,7:30 PM,@,Montreal Canadiens,1,4,L,REG,1,2,0,L 2,28,14,1,0,33,41,2,0
4,2013-01-24,7:30 PM,H,Ottawa Senators,1,3,L,REG,1,3,0,L 3,26,6,1,0,37,10,1,0
5,2013-01-26,7:30 PM,H,Philadelphia Flyers,1,7,L,REG,1,4,0,L 4,31,16,0,0,26,10,2,0
6,2013-01-29,7:30 PM,@,Tampa Bay Lightning,2,5,L,REG,1,5,0,L 5,28,37,0,1,33,15,2,0
7,2013-01-31,7:30 PM,H,Winnipeg Jets,6,3,W,REG,2,5,0,W 1,34,15,3,0,25,31,0,0
8,2013-02-03,3:00 PM,@,Buffalo Sabres,4,3,W,REG,3,5,0,W 2,33,12,1,0,20,16,0,0
9,2013-02-05,8:00 PM,@,Winnipeg Jets,2,3,L,OT,3,5,1,L 1,19,8,0,0,21,4,1,0
10,2013-02-07,7:00 PM,@,Philadelphia Flyers,3,2,W,SO,4,5,1,W 1,24,8,1,0,32,8,1,0
11,2013-02-09,7:00 PM,@,Washington Capitals,0,5,L,REG,4,6,1,L 1,27,11,0,0,25,11,1,0
12,2013-02-12,7:30 PM,H,Washington Capitals,5,6,L,OT,4,6,2,L 2,32,8,0,0,29,12,2,0
13,2013-02-14,7:30 PM,H,Montreal Canadiens,0,1,L,OT,4,6,3,L 3,26,6,0,0,32,4,0,0
14,2013-02-16,3:00 PM,H,Tampa Bay Lightning,5,6,L,OT,4,6,4,L 4,30,8,0,0,36,6,1,0
15,2013-02-18,7:30 PM,H,Toronto Maple Leafs,0,3,L,REG,4,7,4,L 5,37,18,0,0,33,20,1,0
16,2013-02-21,7:00 PM,@,Philadelphia Flyers,5,2,W,REG,5,7,4,W 1,26,9,1,0,34,11,0,0
17,2013-02-22,7:00 PM,@,Pittsburgh Penguins,1,3,L,REG,5,8,4,L 1,23,8,0,0,40,4,1,0
18,2013-02-24,3:00 PM,H,Boston Bruins,1,4,L,REG,5,9,4,L 2,35,2,0,0,32,18,1,1
19,2013-02-26,7:30 PM,H,Pittsburgh Penguins,6,4,W,REG,6,9,4,W 1,36,14,4,0,34,18,1,0
20,2013-02-28,7:30 PM,H,Buffalo Sabres,3,4,L,SO,6,9,5,L 1,43,9,1,0,25,15,1,0
21,2013-03-02,7:00 PM,@,Carolina Hurricanes,2,6,L,REG,6,10,5,L 2,24,25,0,0,34,7,0,0
22,2013-03-03,6:00 PM,H,Carolina Hurricanes,2,3,L,REG,6,11,5,L 3,36,4,0,0,24,2,0,0
23,2013-03-05,7:30 PM,H,Winnipeg Jets,4,1,W,REG,7,11,5,W 1,26,0,0,0,31,4,0,0
24,2013-03-07,7:00 PM,@,Washington Capitals,1,7,L,REG,7,12,5,L 1,30,17,0,0,26,4,2,0
25,2013-03-08,7:30 PM,H,Winnipeg Jets,2,3,L,OT,7,12,6,L 2,40,7,0,0,28,13,0,0
26,2013-03-10,6:00 PM,H,Montreal Canadiens,2,5,L,REG,7,13,6,L 3,16,14,0,0,38,4,2,0
27,2013-03-12,7:30 PM,H,Tampa Bay Lightning,2,3,L,REG,7,14,6,L 4,39,4,0,0,13,8,1,0
28,2013-03-14,7:00 PM,@,Boston Bruins,1,4,L,REG,7,15,6,L 5,30,2,0,1,32,2,0,0
29,2013-03-16,7:30 PM,H,New York Islanders,3,4,L,REG,7,16,6,L 6,30,5,0,0,25,7,0,0
30,2013-03-19,7:00 PM,@,Carolina Hurricanes,4,1,W,REG,8,16,6,W 1,44,25,2,0,34,13,1,0
31,2013-03-21,7:00 PM,@,New York Rangers,3,1,W,REG,9,16,6,W 2,24,6,1,1,45,4,0,0
32,2013-03-23,7:00 PM,@,New Jersey Devils,1,2,L,REG,9,17,6,L 1,18,17,0,0,25,4,0,0
33,2013-03-24,5:00 PM,@,New York Islanders,0,3,L,REG,9,18,6,L 2,26,4,0,0,37,4,1,0
34,2013-03-26,7:00 PM,@,Toronto Maple Leafs,2,3,L,REG,9,19,6,L 3,42,4,0,0,31,2,1,0
35,2013-03-28,7:30 PM,H,Buffalo Sabres,5,4,W,SO,10,19,6,W 1,40,10,2,0,40,12,1,0
36,2013-03-30,7:30 PM,H,New Jersey Devils,3,2,W,OT,11,19,6,W 2,30,10,1,0,26,8,1,0
37,2013-04-02,7:30 PM,@,Tampa Bay Lightning,3,2,W,SO,12,19,6,W 3,25,11,2,0,41,11,0,0
38,2013-04-06,7:30 PM,H,Washington Capitals,3,4,L,REG,12,20,6,L 1,30,26,1,0,31,9,3,0
39,2013-04-07,6:00 PM,H,Ottawa Senators,2,1,W,REG,13,20,6,W 1,17,15,1,0,41,7,0,0
40,2013-04-11,8:00 PM,@,Winnipeg Jets,2,7,L,REG,13,21,6,L 1,27,18,0,0,35,4,1,0
41,2013-04-13,7:30 PM,H,Pittsburgh Penguins,1,3,L,REG,13,22,6,L 2,26,4,0,0,22,8,1,0
42,2013-04-16,7:00 PM,@,New York Islanders,2,5,L,REG,13,23,6,L 3,28,8,1,0,31,12,2,0
43,2013-04-18,7:00 PM,@,New York Rangers,1,6,L,REG,13,24,6,L 4,35,13,0,0,30,7,2,0
44,2013-04-20,1:00 PM,@,New Jersey Devils,2,6,L,REG,13,25,6,L 5,13,6,1,0,33,4,1,0
45,2013-04-21,12:30 PM,@,Boston Bruins,0,3,L,REG,13,26,6,L 6,28,4,0,0,39,4,0,0
46,2013-04-23,7:30 PM,H,New York Rangers,3,2,W,REG,14,26,6,W 1,16,11,1,1,38,9,0,0
47,2013-04-25,7:30 PM,H,Toronto Maple Leafs,0,4,L,REG,14,27,6,L 1,34,16,0,0,17,30,0,0
48,2013-04-27,7:00 PM,@,Tampa Bay Lightning,5,3,W,REG,15,27,6,W 1,32,11,0,0,31,9,0,0

Location,Result,Game Ended In

Nick Bjugstad,,27,C,20,6-6,218,R/-,R,"July 17, 1992",us,"1 G, 0 A, 1 P"
T.J. Brennan,,3,D,23,6-1,213,L/-,1,"April 3, 1989",us,"2 G, 7 A, 9 P"
Brian Campbell,,51,D,33,5-10,192,L/-,12,"May 23, 1979",ca,"8 G, 19 A, 27 P"
Michael Caruso,,62,D,24,6-2,191,L/-,R,"July 5, 1988",ca,"0 G, 0 A, 0 P"
Scott Clemmensen,,30,G,35,6-2,201,-/L,9,"July 23, 1977",us,"3-7-2, 3.67 GAA"
Keaton Ellerby,,4,D,24,6-5,221,-/-,3,"November 5, 1988",ca,"0 G, 0 A, 0 P"
Tomas Fleischmann,,14,LW,28,6-1,192,L/-,7,"May 16, 1984",cs,"12 G, 23 A, 35 P"
Marcel Goc,,57,C,29,6-1,197,L/-,7,"August 24, 1983",de,"9 G, 10 A, 19 P"
Erik Gudbranson,,44,D,21,6-5,216,R/-,1,"January 7, 1992",ca,"0 G, 4 A, 4 P"
Quinton Howden,,42,C,21,6-2,189,L/-,R,"January 21, 1992",ca,"0 G, 0 A, 0 P"
Jonathan Huberdeau,,11,C,19,6-1,188,L/-,R,"June 4, 1993",ca,"14 G, 17 A, 31 P"
Ed Jovanovski,(C),55,D,36,6-3,220,L/-,16,"June 26, 1976",ca,"0 G, 1 A, 1 P"
Tomas Kopecky,,82,RW,30,6-3,210,L/-,7,"February 5, 1982",cs,"15 G, 12 A, 27 P"
Alex Kovalev,,27,RW,39,6-2,222,L/-,18,"February 24, 1973",su,"2 G, 3 A, 5 P"
Filip Kuba,,17,D,36,6-4,225,L/-,13,"December 29, 1976",cs,"1 G, 9 A, 10 P"
Dmitry Kulikov,,7,D,22,6-1,204,L/-,3,"October 29, 1990",su,"3 G, 7 A, 10 P"
Jacob Markstrom,,35,G,23,6-6,196,-/L,2,"January 31, 1990",se,"8-14-1, 3.22 GAA"
Shawn Matthias,,18,C,24,6-4,231,L/-,5,"February 19, 1988",ca,"14 G, 7 A, 21 P"
Peter Mueller,,88,C,24,6-2,204,R/-,4,"April 14, 1988",us,"8 G, 9 A, 17 P"
George Parros,,22,RW,33,6-5,228,R/-,7,"December 29, 1979",us,"1 G, 1 A, 2 P"
Alex Petrovic,,72,D,20,6-4,206,R/-,R,"March 3, 1992",ca,"0 G, 0 A, 0 P"
Greg Rallo,,37,C,31,6-0,195,R/-,1,"August 26, 1981",us,"1 G, 0 A, 1 P"
Jon Rheault,,52,RW,26,5-11,200,R/-,R,"August 1, 1986",us,"0 G, 0 A, 0 P"
Colby Robak,,47,D,22,6-3,194,L/-,1,"April 24, 1990",ca,"0 G, 1 A, 1 P"
Mike Santorelli,,13,C,27,6-0,189,R/-,4,"December 14, 1985",ca,"2 G, 1 A, 3 P"
Eric Selleck,,76,LW,25,6-2,208,L/-,R,"October 20, 1987",ca,"0 G, 1 A, 1 P"
Drew Shore,,50,C,22,6-3,205,R/-,R,"January 29, 1991",us,"3 G, 10 A, 13 P"
Jack Skille,,12,RW,25,6-1,216,R/-,5,"May 19, 1987",us,"3 G, 9 A, 12 P"
Jerred Smithson,,25,C,33,6-3,209,R/-,9,"February 4, 1979",ca,"2 G, 3 A, 5 P"
Tyson Strachan,,23,RW,28,6-3,215,R/-,4,"October 30, 1984",ca,"0 G, 4 A, 4 P"
Jose Theodore,,60,G,36,5-11,172,-/R,15,"September 13, 1976",ca,"4-6-3, 3.29 GAA"
Scott Timmins,,75,C,23,5-11,191,-/-,1,"September 11, 1989",unknown,"0 G, 0 A, 0 P"
Scottie Upshall,,19,RW,29,6-0,200,L/-,9,"October 7, 1983",ca,"4 G, 1 A, 5 P"
Kris Versteeg,,32,RW,26,5-11,176,R/-,5,"May 13, 1986",ca,"2 G, 2 A, 4 P"
Mike Weaver,,43,D,34,5-10,183,R/-,10,"May 2, 1978",ca,"1 G, 8 A, 9 P"
Stephen Weiss,,9,C,29,5-11,190,L/-,10,"April 3, 1983",ca,"1 G, 3 A, 4 P"
Nolan Yonkman,,34,D,31,6-6,253,-/-,5,"April 1, 1981",ca,"0 G, 0 A, 0 P"
