Nashville Predators,NSH,nhl
2012-13,2013
34
48
0
GP,Date,Time,Location,Opponent,GF,GA,Result,Game Ended In,W,L,OL,Streak,S,PIM,PPG,SHG,S,PIM,PPG,SHG,Notes
1,2013-01-19,8:00 PM,H,Columbus Blue Jackets,2,3,L,SO,0,0,1,L 1,34,18,1,0,28,14,1,0
2,2013-01-21,6:00 PM,H,St. Louis Blues,3,4,L,SO,0,0,2,L 2,24,8,2,0,39,16,1,0
3,2013-01-22,8:00 PM,@,Minnesota Wild,3,1,W,REG,1,0,2,W 1,26,15,1,0,30,15,0,0
4,2013-01-24,8:00 PM,@,St. Louis Blues,0,3,L,REG,1,1,2,L 1,13,13,0,0,24,13,1,0
5,2013-01-26,10:30 PM,@,Anaheim Ducks,2,3,L,SO,1,1,3,L 2,21,8,0,0,22,6,0,0
6,2013-01-28,9:00 PM,@,Phoenix Coyotes,0,4,L,REG,1,2,3,L 3,21,13,0,0,25,9,1,0
7,2013-01-31,10:30 PM,@,Los Angeles Kings,2,1,W,SO,2,2,3,W 1,14,12,0,0,24,6,1,0
8,2013-02-02,10:30 PM,@,San Jose Sharks,2,1,W,SO,3,2,3,W 2,24,8,0,0,27,10,1,0
9,2013-02-05,8:00 PM,@,St. Louis Blues,6,1,W,REG,4,2,3,W 3,19,14,1,0,32,8,1,0
10,2013-02-07,8:00 PM,H,Los Angeles Kings,3,0,W,REG,5,2,3,W 4,14,11,1,0,32,11,0,0
11,2013-02-09,8:00 PM,@,Minnesota Wild,1,2,L,OT,5,2,4,L 1,26,12,0,0,32,16,1,0
12,2013-02-10,8:00 PM,H,Chicago Blackhawks,0,3,L,REG,5,3,4,L 2,17,9,0,0,27,7,0,0
13,2013-02-12,8:00 PM,H,San Jose Sharks,1,0,W,OT,6,3,4,W 1,25,12,0,0,25,6,0,0
14,2013-02-14,8:00 PM,H,Phoenix Coyotes,3,0,W,REG,7,3,4,W 2,29,8,1,0,19,4,0,0
15,2013-02-16,8:00 PM,H,Anaheim Ducks,2,3,L,SO,7,3,5,L 1,34,4,0,0,22,8,0,0
16,2013-02-18,3:00 PM,@,Colorado Avalanche,5,6,L,REG,7,4,5,L 2,38,4,1,0,28,10,1,0
17,2013-02-19,8:00 PM,H,Detroit Red Wings,4,3,W,OT,8,4,5,W 1,25,4,1,0,29,12,0,1
18,2013-02-22,8:00 PM,H,Vancouver Canucks,0,1,L,REG,8,5,5,L 1,23,4,0,0,24,4,0,0
19,2013-02-23,7:00 PM,@,Detroit Red Wings,0,4,L,REG,8,6,5,L 2,33,4,0,0,27,4,1,0
20,2013-02-25,8:00 PM,H,Dallas Stars,5,4,W,OT,9,6,5,W 1,31,15,1,0,24,13,2,0
21,2013-02-27,10:00 PM,@,Anaheim Ducks,1,5,L,REG,9,7,5,L 1,21,11,0,0,28,11,2,0
22,2013-03-02,10:30 PM,@,San Jose Sharks,1,2,L,REG,9,8,5,L 2,19,8,0,1,39,2,2,0
23,2013-03-04,10:30 PM,@,Los Angeles Kings,1,5,L,REG,9,9,5,L 3,19,8,0,0,16,6,2,0
24,2013-03-08,8:00 PM,H,Edmonton Oilers,6,0,W,REG,10,9,5,W 1,34,7,2,0,24,15,0,0
25,2013-03-09,8:00 PM,H,Minnesota Wild,1,2,L,SO,10,9,6,L 1,25,12,1,0,29,6,1,0
26,2013-03-12,8:30 PM,@,Dallas Stars,4,0,W,REG,11,9,6,W 1,21,35,2,0,32,45,0,0
27,2013-03-14,10:00 PM,@,Vancouver Canucks,4,7,L,REG,11,10,6,L 1,33,14,0,0,22,18,0,0
28,2013-03-15,9:00 PM,@,Calgary Flames,3,6,L,REG,11,11,6,L 2,20,6,1,0,22,4,1,0
29,2013-03-17,8:00 PM,@,Edmonton Oilers,2,3,L,REG,11,12,6,L 3,31,4,1,0,21,8,1,1
30,2013-03-19,7:00 PM,@,Columbus Blue Jackets,3,4,L,REG,11,13,6,L 4,35,6,0,0,31,2,1,0
31,2013-03-21,8:00 PM,H,Calgary Flames,5,3,W,REG,12,13,6,W 1,23,13,1,0,22,13,1,2
32,2013-03-23,8:00 PM,H,Columbus Blue Jackets,5,2,W,REG,13,13,6,W 2,24,24,2,0,23,9,1,0
33,2013-03-25,8:00 PM,H,Edmonton Oilers,3,2,W,REG,14,13,6,W 3,26,8,0,0,26,4,1,0
34,2013-03-28,8:00 PM,H,Phoenix Coyotes,4,7,L,REG,14,14,6,L 1,38,6,0,0,29,10,1,0
35,2013-03-30,3:00 PM,@,Colorado Avalanche,0,1,L,OT,14,14,7,L 2,34,7,0,0,24,17,0,0
36,2013-04-01,8:30 PM,@,Chicago Blackhawks,2,3,L,SO,14,14,8,L 3,27,8,0,0,40,4,0,0
37,2013-04-02,8:00 PM,H,Colorado Avalanche,3,1,W,REG,15,14,8,W 1,38,11,1,0,26,13,0,0
38,2013-04-04,8:00 PM,H,Columbus Blue Jackets,1,3,L,REG,15,15,8,L 1,39,6,0,0,38,6,1,0
39,2013-04-06,3:00 PM,H,Chicago Blackhawks,0,1,L,REG,15,16,8,L 2,20,2,0,0,30,6,0,0
40,2013-04-07,7:00 PM,@,Chicago Blackhawks,3,5,L,REG,15,17,8,L 3,22,0,0,0,40,2,0,0
41,2013-04-09,8:00 PM,H,St. Louis Blues,0,1,L,REG,15,18,8,L 4,15,2,0,0,26,0,0,0
42,2013-04-12,8:00 PM,H,Dallas Stars,2,5,L,REG,15,19,8,L 5,28,14,1,0,18,11,1,0
43,2013-04-14,7:30 PM,H,Detroit Red Wings,0,3,L,REG,15,20,8,L 6,22,4,0,0,32,4,0,0
44,2013-04-15,8:00 PM,H,Vancouver Canucks,2,5,L,REG,15,21,8,L 7,38,25,0,0,24,33,2,0
45,2013-04-19,8:30 PM,@,Chicago Blackhawks,4,5,L,OT,15,21,9,L 8,27,6,0,0,30,6,2,0
46,2013-04-23,8:00 PM,H,Calgary Flames,4,3,W,REG,16,21,9,W 1,32,4,1,0,18,18,0,0
47,2013-04-25,7:30 PM,@,Detroit Red Wings,2,5,L,REG,16,22,9,L 1,22,8,1,0,38,10,1,0
48,2013-04-27,7:00 PM,@,Columbus Blue Jackets,1,3,L,REG,16,23,9,L 2,20,6,0,0,47,2,1,0

Location,Result,Game Ended In

Daniel Bang,,50,RW,25,6-3,205,L/-,R,"April 19, 1987",se,"0 G, 2 A, 2 P"
Victor Bartley,,64,D,24,6-0,215,L/-,R,"February 17, 1988",ca,"0 G, 7 A, 7 P"
Taylor Beck,,56,LW,21,6-2,203,R/-,R,"May 13, 1991",ca,"3 G, 4 A, 7 P"
Jonathon Blum,,7,D,24,6-1,186,R/-,2,"January 30, 1989",us,"1 G, 6 A, 7 P"
Gabriel Bourque,,57,LW,22,5-10,206,L/-,1,"September 23, 1990",ca,"11 G, 5 A, 16 P"
Zach Boychuk,,23,C,23,5-10,185,L/-,4,"October 4, 1989",ca,"1 G, 1 A, 2 P"
Bobby Butler,,19,LW,25,6-0,189,R/-,3,"April 26, 1987",us,"3 G, 6 A, 9 P"
Rich Clune,,16,LW,25,5-10,207,L/-,1,"April 25, 1987",ca,"4 G, 5 A, 9 P"
Mattias Ekholm,,42,D,22,6-4,215,L/-,1,"May 24, 1990",se,"0 G, 0 A, 0 P"
Ryan Ellis,,4,D,22,5-10,180,R/-,1,"January 3, 1991",ca,"2 G, 4 A, 6 P"
Martin Erat,,10,LW,31,6-0,196,L/-,10,"August 29, 1981",cs,"4 G, 17 A, 21 P"
Mike Fisher,,12,C,32,6-1,216,R/-,12,"June 5, 1980",ca,"10 G, 11 A, 21 P"
Filip Forsberg,,9,C,18,6-1,205,R/-,R,"August 13, 1994",se,"0 G, 1 A, 1 P"
Paul Gaustad,,28,C,30,6-5,227,L/-,8,"February 3, 1982",us,"2 G, 3 A, 5 P"
Hal Gill,,75,D,37,6-7,243,L/-,14,"April 6, 1975",us,"0 G, 0 A, 0 P"
Matt Halischuk,,24,RW,24,6-0,180,R/-,4,"June 1, 1988",ca,"5 G, 6 A, 11 P"
Scott Hannan,,22,D,34,6-1,215,L/-,13,"January 23, 1979",ca,"0 G, 1 A, 1 P"
Kevin Henderson,,46,LW,26,6-3,210,-/-,R,"December 3, 1986",unknown,"1 G, 0 A, 1 P"
Patric Hornqvist,,27,RW,26,5-11,189,R/-,4,"January 1, 1987",se,"4 G, 10 A, 14 P"
Roman Josi,,59,D,22,6-1,201,L/-,1,"June 1, 1990",ch,"5 G, 13 A, 18 P"
Kevin Klein,,8,D,28,6-1,202,R/-,7,"December 13, 1984",ca,"3 G, 11 A, 14 P"
Sergei Kostitsyn,,74,LW,25,6-0,196,L/-,5,"March 20, 1987",su,"3 G, 12 A, 15 P"
David Legwand,,11,C,32,6-2,207,L/-,13,"August 17, 1980",us,"12 G, 13 A, 25 P"
Chris Mason,,30,G,36,6-0,198,-/L,10,"April 20, 1976",ca,"1-7-1, 3.73 GAA"
Brian McGrattan,,23,RW,31,6-4,235,R/-,6,"September 2, 1981",ca,"0 G, 0 A, 0 P"
Chris Mueller,,17,C,26,5-11,210,R/-,2,"March 6, 1986",us,"2 G, 3 A, 5 P"
Joonas Rask,,72,C,22,5-10,176,R/-,R,"March 24, 1990",fi,"0 G, 1 A, 1 P"
Pekka Rinne,,35,G,30,6-5,217,-/L,6,"November 3, 1982",fi,"15-16-8, 2.43 GAA"
Craig Smith,,15,C,23,6-1,208,R/-,1,"September 5, 1989",us,"4 G, 8 A, 12 P"
Nick Spaling,,13,C,24,6-1,198,L/-,3,"September 19, 1988",ca,"9 G, 4 A, 13 P"
Austin Watson,,52,RW,21,6-4,204,R/-,R,"January 13, 1992",us,"1 G, 0 A, 1 P"
Shea Weber,(C),6,D,27,6-4,236,R/-,7,"August 14, 1985",ca,"9 G, 19 A, 28 P"
Colin Wilson,,33,C,23,6-1,221,L/-,3,"October 20, 1989",us,"7 G, 12 A, 19 P"
Brandon Yip,,18,RW,27,6-1,198,R/-,3,"April 25, 1985",ca,"3 G, 5 A, 8 P"
