New York Islanders,NYI,nhl
2012-13,2013
28
48
6
GP,Date,Time,Location,Opponent,GF,GA,Result,Game Ended In,W,L,OL,Streak,S,PIM,PPG,SHG,S,PIM,PPG,SHG,Notes
1,2013-01-19,7:00 PM,H,New Jersey Devils,1,2,L,REG,0,1,0,L 1,19,4,1,0,28,8,0,0
2,2013-01-21,1:00 PM,H,Tampa Bay Lightning,4,3,W,REG,1,1,0,W 1,44,18,1,0,26,26,0,0
3,2013-01-24,7:00 PM,@,Toronto Maple Leafs,7,4,W,REG,2,1,0,W 2,34,10,1,1,43,4,0,0
4,2013-01-25,7:00 PM,@,Boston Bruins,2,4,L,REG,2,2,0,L 1,26,13,0,0,27,23,0,0
5,2013-01-27,8:00 PM,@,Winnipeg Jets,4,5,L,OT,2,2,1,L 2,25,14,1,0,35,10,1,0
6,2013-01-29,7:30 PM,@,Pittsburgh Penguins,4,1,W,REG,3,2,1,W 1,24,21,2,0,38,6,0,0
7,2013-01-31,7:00 PM,@,New Jersey Devils,5,4,W,OT,4,2,1,W 2,35,13,3,0,32,13,0,0
8,2013-02-03,3:00 PM,H,New Jersey Devils,0,3,L,REG,4,3,1,L 1,22,15,0,0,27,21,1,0
9,2013-02-05,7:00 PM,H,Pittsburgh Penguins,2,4,L,REG,4,4,1,L 2,34,11,0,0,26,19,1,0
10,2013-02-07,7:00 PM,@,New York Rangers,1,4,L,REG,4,5,1,L 3,28,4,0,0,25,8,1,0
11,2013-02-09,7:00 PM,H,Buffalo Sabres,2,3,L,REG,4,6,1,L 4,43,6,0,0,15,8,0,0
12,2013-02-11,7:00 PM,H,Carolina Hurricanes,4,6,L,REG,4,7,1,L 5,28,8,4,0,31,14,0,0
13,2013-02-14,7:00 PM,@,New York Rangers,4,3,W,SO,5,7,1,W 1,31,13,0,0,39,7,1,0
14,2013-02-16,7:00 PM,H,New Jersey Devils,5,1,W,REG,6,7,1,W 2,33,10,3,0,31,22,1,0
15,2013-02-18,1:00 PM,H,Philadelphia Flyers,0,7,L,REG,6,8,1,L 1,19,18,0,0,25,20,2,0
16,2013-02-19,7:30 PM,@,Ottawa Senators,1,3,L,REG,6,9,1,L 2,38,10,0,0,26,8,1,0
17,2013-02-21,7:30 PM,@,Montreal Canadiens,4,3,W,OT,7,9,1,W 1,25,17,2,0,33,15,1,0
18,2013-02-23,7:00 PM,@,Buffalo Sabres,4,0,W,REG,8,9,1,W 2,32,18,1,0,35,14,0,0
19,2013-02-24,7:00 PM,H,Carolina Hurricanes,2,4,L,REG,8,10,1,L 1,25,6,0,0,28,6,1,0
20,2013-02-26,7:30 PM,H,Boston Bruins,1,4,L,REG,8,11,1,L 2,37,8,0,0,34,6,0,0
21,2013-02-28,7:00 PM,H,Toronto Maple Leafs,4,5,L,OT,8,11,2,L 3,27,0,0,0,28,0,0,0
22,2013-03-03,3:00 PM,H,Ottawa Senators,3,2,W,SO,9,11,2,W 1,35,6,0,0,31,10,1,0
23,2013-03-05,7:00 PM,H,Montreal Canadiens,6,3,W,REG,10,11,2,W 2,24,8,2,0,32,8,2,0
24,2013-03-07,7:00 PM,H,New York Rangers,1,2,L,OT,10,11,3,L 1,29,18,0,0,37,2,1,0
25,2013-03-09,1:00 PM,H,Washington Capitals,5,2,W,REG,11,11,3,W 1,45,6,2,1,24,12,1,0
26,2013-03-10,7:00 PM,@,Pittsburgh Penguins,1,6,L,REG,11,12,3,L 1,24,10,0,0,28,8,2,0
27,2013-03-14,7:30 PM,@,Tampa Bay Lightning,2,0,W,REG,12,12,3,W 1,29,4,1,0,18,2,0,0
28,2013-03-16,7:30 PM,@,Florida Panthers,4,3,W,REG,13,12,3,W 2,25,7,0,0,30,5,0,0
29,2013-03-19,7:00 PM,H,Ottawa Senators,3,5,L,REG,13,13,3,L 1,29,2,1,0,23,12,0,0
30,2013-03-21,7:00 PM,H,Montreal Canadiens,2,5,L,REG,13,14,3,L 2,27,8,0,0,29,6,2,0
31,2013-03-22,7:00 PM,H,Pittsburgh Penguins,2,4,L,REG,13,15,3,L 3,35,9,0,0,25,9,0,0
32,2013-03-24,5:00 PM,H,Florida Panthers,3,0,W,REG,14,15,3,W 1,37,4,1,0,26,4,0,0
33,2013-03-26,7:00 PM,@,Washington Capitals,3,2,W,REG,15,15,3,W 2,31,6,0,0,22,4,0,0
34,2013-03-28,7:00 PM,@,Philadelphia Flyers,4,3,W,SO,16,15,3,W 3,36,11,0,0,36,15,2,0
35,2013-03-30,1:00 PM,@,Pittsburgh Penguins,0,2,L,REG,16,16,3,L 1,35,4,0,0,27,21,0,0
36,2013-04-01,7:00 PM,@,New Jersey Devils,3,1,W,REG,17,16,3,W 1,21,9,1,0,25,11,0,0
37,2013-04-02,7:00 PM,H,Winnipeg Jets,5,2,W,REG,18,16,3,W 2,39,4,1,0,25,4,0,0
38,2013-04-04,7:00 PM,@,Washington Capitals,1,2,L,SO,18,16,4,L 1,36,6,0,0,22,6,0,0
39,2013-04-06,7:00 PM,H,Tampa Bay Lightning,4,2,W,REG,19,16,4,W 1,28,6,0,0,21,2,0,0
40,2013-04-09,7:00 PM,H,Philadelphia Flyers,4,1,W,REG,20,16,4,W 2,32,9,0,0,27,7,0,0
41,2013-04-11,7:00 PM,@,Boston Bruins,2,1,W,REG,21,16,4,W 3,36,2,0,0,31,2,1,0
42,2013-04-13,7:00 PM,H,New York Rangers,0,1,L,OT,21,16,5,L 1,29,10,0,0,20,6,0,0
43,2013-04-16,7:00 PM,H,Florida Panthers,5,2,W,REG,22,16,5,W 1,31,12,2,0,28,8,1,0
44,2013-04-18,7:00 PM,@,Toronto Maple Leafs,5,3,W,REG,23,16,5,W 2,38,18,1,0,21,20,2,0
45,2013-04-20,3:00 PM,@,Winnipeg Jets,5,4,W,SO,24,16,5,W 3,33,10,0,0,28,14,1,0
46,2013-04-23,7:00 PM,@,Carolina Hurricanes,3,4,L,SO,24,16,6,L 1,39,0,0,0,32,4,0,0
47,2013-04-25,7:00 PM,@,Philadelphia Flyers,1,2,L,REG,24,17,6,L 2,22,8,0,0,30,4,1,0
48,2013-04-26,7:00 PM,@,Buffalo Sabres,1,2,L,SO,24,17,7,L 3,31,21,0,0,22,23,0,0

GP,Date,Time,Location,Opponent,GF,GA,Result,Game Ended In,W,L,Streak,S,PIM,PPG,SHG,S,PIM,PPG,SHG,Notes
1,2013-05-01,7:30 PM,@,Pittsburgh Penguins,0,5,L,REG,0,1,L 1,26,51,0,0,26,38,2,0
2,2013-05-03,7:00 PM,@,Pittsburgh Penguins,4,3,W,REG,1,1,W 1,42,15,1,0,33,15,1,0
3,2013-05-05,12:00 PM,H,Pittsburgh Penguins,4,5,L,OT,1,2,L 1,36,12,0,1,25,8,3,0
4,2013-05-07,7:00 PM,H,Pittsburgh Penguins,6,4,W,REG,2,2,W 1,24,11,1,0,31,15,0,0
5,2013-05-09,7:00 PM,@,Pittsburgh Penguins,0,4,L,REG,2,3,L 1,31,36,0,0,31,30,1,0
6,2013-05-11,7:00 PM,H,Pittsburgh Penguins,3,4,L,OT,2,4,L 2,38,2,0,0,21,4,0,0

Keith Aucoin,,10,C,34,5-8,171,R/-,7,"November 6, 1978",us,"6 G, 6 A, 12 P"
Josh Bailey,,12,C,23,6-1,210,L/-,4,"October 2, 1989",ca,"11 G, 8 A, 19 P"
Eric Boulton,,36,LW,36,6-0,227,L/-,11,"August 17, 1976",ca,"0 G, 0 A, 0 P"
Brad Boyes,,24,C,30,6-0,198,R/-,8,"April 17, 1982",ca,"10 G, 25 A, 35 P"
Matt Carkner,,7,D,32,6-4,227,R/-,5,"November 3, 1980",ca,"0 G, 2 A, 2 P"
Casey Cizikas,,53,C,21,5-11,201,L/-,1,"February 27, 1991",ca,"6 G, 9 A, 15 P"
Rick DiPietro,,39,G,31,6-0,185,-/R,10,"September 19, 1981",us,"0-3-0, 4.09 GAA"
Joe Finley,,52,D,25,6-8,249,-/-,1,"June 29, 1987",unknown,"0 G, 1 A, 1 P"
Michael Grabner,,40,RW,25,6-1,185,L/-,3,"October 5, 1987",at,"16 G, 5 A, 21 P"
Travis Hamonic,,3,D,22,6-2,205,R/-,2,"August 16, 1990",ca,"3 G, 7 A, 10 P"
Thomas Hickey,,14,D,23,6-0,189,L/-,R,"February 8, 1989",ca,"1 G, 3 A, 4 P"
Jesse Joensuu,,6,RW,25,6-4,210,L/-,3,"October 5, 1987",fi,"0 G, 2 A, 2 P"
Anders Lee,,27,C,22,6-3,228,L/-,R,"July 3, 1990",us,"1 G, 1 A, 2 P"
Andrew MacDonald,,47,D,26,6-0,204,L/-,4,"September 7, 1986",ca,"3 G, 9 A, 12 P"
Matt Martin,,17,LW,23,6-3,220,L/-,3,"May 8, 1989",ca,"4 G, 7 A, 11 P"
Radek Martinek,,4,D,36,6-0,206,R/-,10,"August 31, 1976",cs,"3 G, 0 A, 3 P"
Colin McDonald,,13,C,28,6-1,210,R/-,2,"September 30, 1984",us,"7 G, 10 A, 17 P"
Matt Moulson,,26,LW,29,6-1,212,L/-,5,"November 1, 1983",ca,"15 G, 29 A, 44 P"
Evgeni Nabokov,,20,G,37,6-0,202,-/L,11,"July 25, 1975",su,"23-11-7, 2.50 GAA"
Frans Nielsen,,51,C,28,6-1,188,L/-,6,"April 24, 1984",dk,"6 G, 23 A, 29 P"
Kyle Okposo,,21,RW,24,6-0,217,R/-,5,"April 16, 1988",us,"4 G, 20 A, 24 P"
Kevin Poulin,,60,G,22,6-2,211,-/L,2,"April 12, 1990",ca,"1-3-0, 3.02 GAA"
Marty Reasoner,,16,C,35,6-1,197,L/-,13,"February 26, 1977",us,"0 G, 5 A, 5 P"
Brian Strait,,37,D,25,6-1,206,L/-,2,"January 4, 1988",us,"0 G, 4 A, 4 P"
Mark Streit,(C),2,D,35,5-11,191,L/-,6,"December 11, 1977",ch,"6 G, 21 A, 27 P"
John Tavares,,91,C,22,6-1,211,L/-,3,"September 20, 1990",ca,"28 G, 19 A, 47 P"
David Ullstrom,,41,LW,23,6-2,195,L/-,1,"April 22, 1989",se,"2 G, 3 A, 5 P"
Lubomir Visnovsky,,11,D,36,5-10,197,L/-,11,"August 11, 1976",cs,"3 G, 11 A, 14 P"
