Pittsburgh Penguins,PIT,nhl
2012-13,2013
33
48
6,5,4
GP,Date,Time,Location,Opponent,GF,GA,Result,Game Ended In,W,L,OL,Streak,S,PIM,PPG,SHG,S,PIM,PPG,SHG,Notes
1,2013-01-19,3:00 PM,@,Philadelphia Flyers,3,1,W,REG,1,0,0,W 1,27,10,2,0,27,6,0,0
2,2013-01-20,7:00 PM,@,New York Rangers,6,3,W,REG,2,0,0,W 2,39,15,2,0,34,17,1,1
3,2013-01-23,7:00 PM,H,Toronto Maple Leafs,2,5,L,REG,2,1,0,L 1,30,29,1,0,24,15,1,0
4,2013-01-25,8:00 PM,@,Winnipeg Jets,2,4,L,REG,2,2,0,L 2,35,4,0,0,32,2,1,0
5,2013-01-27,5:00 PM,@,Ottawa Senators,2,1,W,SO,3,2,0,W 1,34,4,0,0,32,10,0,0
6,2013-01-29,7:30 PM,H,New York Islanders,1,4,L,REG,3,3,0,L 1,38,6,0,0,24,21,2,0
7,2013-01-31,7:00 PM,@,New York Rangers,3,0,W,REG,4,3,0,W 1,29,8,1,0,28,12,0,0
8,2013-02-02,1:00 PM,H,New Jersey Devils,5,1,W,REG,5,3,0,W 2,30,4,0,0,16,6,0,1
9,2013-02-03,12:30 PM,@,Washington Capitals,6,3,W,REG,6,3,0,W 3,26,8,2,0,24,6,1,0
10,2013-02-05,7:00 PM,@,New York Islanders,4,2,W,REG,7,3,0,W 4,26,19,1,0,34,11,0,0
11,2013-02-07,7:00 PM,H,Washington Capitals,5,2,W,REG,8,3,0,W 5,28,6,3,0,25,10,1,0
12,2013-02-09,1:00 PM,@,New Jersey Devils,1,3,L,REG,8,4,0,L 1,25,29,1,0,28,21,2,0
13,2013-02-10,7:30 PM,H,New Jersey Devils,1,3,L,REG,8,5,0,L 2,24,7,1,0,23,11,1,0
14,2013-02-13,7:00 PM,H,Ottawa Senators,4,2,W,REG,9,5,0,W 1,30,18,1,0,29,20,0,0
15,2013-02-15,7:00 PM,@,Winnipeg Jets,3,1,W,REG,10,5,0,W 2,28,14,1,0,26,16,0,0
16,2013-02-17,12:30 PM,@,Buffalo Sabres,4,3,W,REG,11,5,0,W 3,35,15,1,0,33,25,1,0
17,2013-02-20,7:30 PM,H,Philadelphia Flyers,5,6,L,REG,11,6,0,L 1,32,23,2,0,32,25,1,0
18,2013-02-22,7:00 PM,H,Florida Panthers,3,1,W,REG,12,6,0,W 1,40,4,1,0,23,8,0,0
19,2013-02-24,7:30 PM,H,Tampa Bay Lightning,5,3,W,REG,13,6,0,W 2,22,9,1,0,30,9,1,0
20,2013-02-26,7:30 PM,@,Florida Panthers,4,6,L,REG,13,7,0,L 1,34,18,1,0,36,14,4,0
21,2013-02-28,7:00 PM,@,Carolina Hurricanes,1,4,L,REG,13,8,0,L 2,27,17,0,0,29,19,0,0
22,2013-03-02,7:00 PM,@,Montreal Canadiens,7,6,W,OT,14,8,0,W 1,36,8,1,0,39,6,0,0
23,2013-03-04,7:30 PM,H,Tampa Bay Lightning,4,3,W,REG,15,8,0,W 2,32,9,0,0,28,13,0,0
24,2013-03-07,7:00 PM,@,Philadelphia Flyers,5,4,W,REG,16,8,0,W 3,22,12,1,0,32,10,2,0
25,2013-03-09,7:00 PM,@,Toronto Maple Leafs,5,4,W,SO,17,8,0,W 4,41,6,0,0,26,8,2,0
26,2013-03-10,7:00 PM,H,New York Islanders,6,1,W,REG,18,8,0,W 5,28,8,2,0,24,10,0,0
27,2013-03-12,7:30 PM,H,Boston Bruins,3,2,W,REG,19,8,0,W 6,34,2,0,0,16,8,1,0
28,2013-03-14,7:00 PM,@,Toronto Maple Leafs,3,1,W,REG,20,8,0,W 7,28,6,0,1,29,6,0,0
29,2013-03-16,1:00 PM,H,New York Rangers,3,0,W,REG,21,8,0,W 8,27,6,1,0,23,8,0,0
30,2013-03-17,12:30 PM,H,Boston Bruins,2,1,W,REG,22,8,0,W 9,18,4,0,0,32,2,0,0
31,2013-03-19,7:30 PM,H,Washington Capitals,2,1,W,REG,23,8,0,W 10,36,10,1,0,29,6,1,0
32,2013-03-22,7:00 PM,@,New York Islanders,4,2,W,REG,24,8,0,W 11,25,9,0,0,35,9,0,0
33,2013-03-24,7:30 PM,H,Philadelphia Flyers,2,1,W,OT,25,8,0,W 12,35,2,1,0,28,6,1,0
34,2013-03-26,7:00 PM,H,Montreal Canadiens,1,0,W,REG,26,8,0,W 13,25,9,0,0,37,9,0,0
35,2013-03-28,7:00 PM,H,Winnipeg Jets,4,0,W,REG,27,8,0,W 14,43,8,0,1,20,0,0,0
36,2013-03-30,1:00 PM,H,New York Islanders,2,0,W,REG,28,8,0,W 15,27,21,0,0,35,4,0,0
37,2013-04-02,7:30 PM,H,Buffalo Sabres,1,4,L,REG,28,9,0,L 1,20,10,1,0,29,8,0,1
38,2013-04-03,7:30 PM,@,New York Rangers,1,6,L,REG,28,10,0,L 2,27,25,0,0,39,11,3,0
39,2013-04-05,7:00 PM,H,New York Rangers,2,1,W,SO,29,10,0,W 1,27,9,0,0,35,9,0,0
40,2013-04-09,7:00 PM,@,Carolina Hurricanes,5,3,W,REG,30,10,0,W 2,33,9,0,0,28,11,1,0
41,2013-04-11,7:30 PM,@,Tampa Bay Lightning,6,3,W,REG,31,10,0,W 3,41,23,3,0,19,37,3,0
42,2013-04-13,7:30 PM,@,Florida Panthers,3,1,W,REG,32,10,0,W 4,22,8,1,0,26,4,0,0
43,2013-04-17,7:00 PM,H,Montreal Canadiens,6,4,W,REG,33,10,0,W 5,29,13,2,0,35,31,0,0
44,2013-04-20,12:30 PM,@,Boston Bruins,3,2,W,REG,34,10,0,W 6,24,20,2,0,40,24,1,0
45,2013-04-22,7:30 PM,@,Ottawa Senators,3,1,W,REG,35,10,0,W 7,24,31,0,0,35,23,1,0
46,2013-04-23,7:30 PM,H,Buffalo Sabres,2,4,L,REG,35,11,0,L 1,42,2,1,0,33,18,0,0
47,2013-04-25,7:30 PM,@,New Jersey Devils,2,3,L,REG,35,12,0,L 2,18,6,1,0,32,6,1,0
48,2013-04-27,7:30 PM,H,Carolina Hurricanes,8,3,W,REG,36,12,0,W 1,35,8,2,0,30,6,0,0

GP,Date,Time,Location,Opponent,GF,GA,Result,Game Ended In,W,L,Streak,S,PIM,PPG,SHG,S,PIM,PPG,SHG,Notes
1,2013-05-01,7:30 PM,H,New York Islanders,5,0,W,REG,1,0,W 1,26,38,2,0,26,51,0,0
2,2013-05-03,7:00 PM,H,New York Islanders,3,4,L,REG,1,1,L 1,33,15,1,0,42,15,1,0
3,2013-05-05,12:00 PM,@,New York Islanders,5,4,W,OT,2,1,W 1,25,8,3,0,36,12,0,1
4,2013-05-07,7:00 PM,@,New York Islanders,4,6,L,REG,2,2,L 1,31,15,0,0,24,11,1,0
5,2013-05-09,7:00 PM,H,New York Islanders,4,0,W,REG,3,2,W 1,31,30,1,0,31,36,0,0
6,2013-05-11,7:00 PM,@,New York Islanders,4,3,W,OT,4,2,W 2,21,4,0,0,38,2,0,0
7,2013-05-14,7:30 PM,H,Ottawa Senators,4,1,W,REG,5,2,W 3,30,18,2,1,36,36,0,0
8,2013-05-17,7:30 PM,H,Ottawa Senators,4,3,W,REG,6,2,W 4,42,6,1,0,22,14,1,0
9,2013-05-19,7:30 PM,@,Ottawa Senators,1,2,L,2OT,6,3,L 1,50,8,0,0,48,12,0,1
10,2013-05-22,7:30 PM,@,Ottawa Senators,7,3,W,REG,7,3,W 1,42,8,2,1,33,10,1,1
11,2013-05-24,7:30 PM,H,Ottawa Senators,6,2,W,REG,8,3,W 2,33,14,1,0,31,12,0,0
12,2013-06-01,8:00 PM,H,Boston Bruins,0,3,L,REG,8,4,L 1,29,28,0,0,30,17,0,0
13,2013-06-03,8:00 PM,H,Boston Bruins,1,6,L,REG,8,5,L 2,27,4,0,0,29,6,0,0
14,2013-06-05,8:00 PM,@,Boston Bruins,1,2,L,2OT,8,6,L 3,54,16,0,0,40,14,0,0
15,2013-06-07,8:00 PM,@,Boston Bruins,0,1,L,REG,8,7,L 4,26,6,0,0,24,8,0,0

Craig Adams,,27,RW,35,6-0,197,R/-,11,"April 26, 1977",bn,"3 G, 6 A, 9 P"
Beau Bennett,,19,RW,21,6-2,195,R/-,R,"November 27, 1991",us,"3 G, 11 A, 14 P"
Robert Bortuzzo,,41,D,23,6-4,215,R/-,1,"March 18, 1989",ca,"2 G, 2 A, 4 P"
Zach Boychuk,,17,C,23,5-10,185,L/-,4,"October 4, 1989",ca,"0 G, 0 A, 0 P"
Matt Cooke,,24,LW,34,5-11,205,L/-,13,"September 7, 1978",ca,"8 G, 13 A, 21 P"
Sidney Crosby,(C),87,C,25,5-11,200,L/-,7,"August 7, 1987",ca,"15 G, 41 A, 56 P"
Simon Despres,,47,D,21,6-4,218,L/-,1,"July 27, 1991",ca,"2 G, 5 A, 7 P"
Pascal Dupuis,,9,LW,33,6-1,205,L/-,11,"April 7, 1979",ca,"20 G, 18 A, 38 P"
Mark Eaton,,4,D,35,6-1,215,L/-,12,"May 6, 1977",us,"0 G, 0 A, 0 P"
Deryk Engelland,,5,D,30,6-2,214,R/-,3,"April 5, 1982",ca,"0 G, 6 A, 6 P"
Marc-Andre Fleury,,29,G,28,6-2,180,-/L,8,"November 28, 1984",ca,"23-8-0, 2.39 GAA"
Tanner Glass,,10-15,LW,29,6-1,213,L/-,5,"November 29, 1983",ca,"1 G, 1 A, 2 P"
Jarome Iginla,,12,RW,35,6-1,210,R/-,15,"July 1, 1977",ca,"5 G, 6 A, 11 P"
Dustin Jeffrey,,17,C,24,6-1,205,L/-,4,"February 27, 1988",ca,"3 G, 3 A, 6 P"
Jussi Jokinen,,36,LW,29,5-11,198,L/-,7,"April 1, 1983",fi,"7 G, 4 A, 11 P"
Tyler Kennedy,,48,C,26,5-11,185,R/-,5,"July 15, 1986",ca,"6 G, 5 A, 11 P"
Chris Kunitz,,14,LW,33,6-0,195,L/-,8,"September 26, 1979",ca,"22 G, 30 A, 52 P"
Kris Letang,,58,D,25,6-0,201,R/-,6,"April 24, 1987",ca,"5 G, 33 A, 38 P"
Ben Lovejoy,,6,D,28,6-1,206,R/-,4,"February 20, 1984",us,"0 G, 0 A, 0 P"
Steve MacIntyre,,33,LW,32,6-5,250,-/-,4,"August 8, 1980",ca,"0 G, 0 A, 0 P"
Evgeni Malkin,,71,C,26,6-3,195,L/-,6,"July 31, 1986",su,"9 G, 24 A, 33 P"
Paul Martin,,7,D,31,6-1,200,L/-,8,"March 5, 1981",us,"6 G, 17 A, 23 P"
Brenden Morrow,,10,LW,34,6-0,205,L/-,12,"January 16, 1979",ca,"6 G, 8 A, 14 P"
Douglas Murray,,3,D,32,6-3,245,L/-,7,"March 12, 1980",se,"1 G, 2 A, 3 P"
James Neal,,18,LW,25,6-2,221,L/-,4,"September 3, 1987",ca,"21 G, 15 A, 36 P"
Matt Niskanen,,2,D,26,6-0,200,R/-,5,"December 6, 1986",us,"4 G, 10 A, 14 P"
Brooks Orpik,,44,D,32,6-2,221,L/-,9,"September 26, 1980",us,"0 G, 8 A, 8 P"
Dylan Reese,,42,D,28,6-1,201,R/-,3,"August 29, 1984",us,"0 G, 0 A, 0 P"
Trevor Smith,,23,LW,27,6-1,195,L/-,2,"February 8, 1985",ca,"0 G, 0 A, 0 P"
Brandon Sutter,,16,C,23,6-3,190,R/-,4,"February 14, 1989",us,"11 G, 8 A, 19 P"
Eric Tangradi,,25,LW,23,6-4,221,L/-,3,"February 10, 1989",us,"0 G, 0 A, 0 P"
Joe Vitale,,46,C,27,5-11,205,R/-,2,"August 20, 1985",us,"2 G, 3 A, 5 P"
Tomas Vokoun,,92,G,36,6-1,210,-/R,14,"July 2, 1976",cs,"13-4-0, 2.45 GAA"
