Tampa Bay Lightning,TBL,nhl
2012-13,2013
37
48
0
GP,Date,Time,Location,Opponent,GF,GA,Result,Game Ended In,W,L,OL,Streak,S,PIM,PPG,SHG,S,PIM,PPG,SHG,Notes
1,2013-01-19,7:00 PM,H,Washington Capitals,6,3,W,REG,1,0,0,W 1,34,10,3,0,30,16,1,0
2,2013-01-21,1:00 PM,@,New York Islanders,3,4,L,REG,1,1,0,L 1,26,26,0,0,44,18,1,0
3,2013-01-22,7:00 PM,@,Carolina Hurricanes,4,1,W,REG,2,1,0,W 1,26,14,1,0,36,16,1,0
4,2013-01-25,7:30 PM,H,Ottawa Senators,6,4,W,REG,3,1,0,W 2,31,37,1,0,36,29,1,0
5,2013-01-27,6:00 PM,H,Philadelphia Flyers,5,1,W,REG,4,1,0,W 3,26,19,2,0,25,27,0,0
6,2013-01-29,7:30 PM,H,Florida Panthers,5,2,W,REG,5,1,0,W 4,33,15,2,0,28,37,0,1
7,2013-02-01,7:30 PM,H,Winnipeg Jets,8,3,W,REG,6,1,0,W 5,25,8,3,0,29,25,2,0
8,2013-02-02,7:00 PM,H,New York Rangers,2,3,L,REG,6,2,0,L 1,32,4,1,0,30,2,0,0
9,2013-02-05,7:30 PM,@,Philadelphia Flyers,1,2,L,REG,6,3,0,L 2,22,16,0,0,24,20,0,0
10,2013-02-07,7:00 PM,@,New Jersey Devils,2,4,L,REG,6,4,0,L 3,19,8,0,0,27,8,2,1
11,2013-02-10,7:30 PM,@,New York Rangers,1,5,L,REG,6,5,0,L 4,20,6,0,0,32,4,0,0
12,2013-02-12,7:30 PM,H,Montreal Canadiens,3,4,L,SO,6,5,1,L 5,24,19,1,0,34,17,1,0
13,2013-02-14,7:30 PM,H,Washington Capitals,3,4,L,REG,6,6,1,L 6,30,4,0,0,39,6,1,0
14,2013-02-16,3:00 PM,@,Florida Panthers,6,5,W,OT,7,6,1,W 1,36,6,1,0,30,8,0,0
15,2013-02-19,7:30 PM,H,Toronto Maple Leafs,4,2,W,REG,8,6,1,W 2,19,21,1,0,25,45,0,0
16,2013-02-21,7:30 PM,H,Boston Bruins,2,4,L,REG,8,7,1,L 1,26,2,0,0,26,6,0,0
17,2013-02-23,7:00 PM,@,Carolina Hurricanes,5,2,W,REG,9,7,1,W 1,39,6,0,0,34,6,0,0
18,2013-02-24,7:30 PM,@,Pittsburgh Penguins,3,5,L,REG,9,8,1,L 1,30,9,1,0,22,9,1,0
19,2013-02-26,7:30 PM,H,Buffalo Sabres,1,2,L,REG,9,9,1,L 2,31,2,0,0,21,12,0,0
20,2013-02-28,7:00 PM,@,New York Rangers,1,4,L,REG,9,10,1,L 3,25,13,0,0,42,11,1,0
21,2013-03-02,1:00 PM,@,Boston Bruins,2,3,L,REG,9,11,1,L 4,22,22,2,0,27,28,2,0
22,2013-03-04,7:30 PM,@,Pittsburgh Penguins,3,4,L,REG,9,12,1,L 5,28,13,0,0,32,9,0,0
23,2013-03-05,7:00 PM,@,New Jersey Devils,5,2,W,REG,10,12,1,W 1,25,16,0,0,27,16,1,1
24,2013-03-07,7:30 PM,H,Winnipeg Jets,1,2,L,REG,10,13,1,L 1,29,9,0,0,28,13,0,0
25,2013-03-09,7:00 PM,H,Montreal Canadiens,3,4,L,REG,10,14,1,L 2,23,8,1,0,29,6,0,0
26,2013-03-12,7:30 PM,@,Florida Panthers,3,2,W,REG,11,14,1,W 1,13,8,1,0,39,4,0,0
27,2013-03-14,7:30 PM,H,New York Islanders,0,2,L,REG,11,15,1,L 1,18,2,0,0,29,4,1,0
28,2013-03-16,7:00 PM,H,Carolina Hurricanes,4,1,W,REG,12,15,1,W 1,26,2,0,0,22,2,0,0
29,2013-03-18,7:30 PM,H,Philadelphia Flyers,4,2,W,REG,13,15,1,W 2,27,8,0,0,30,6,0,0
30,2013-03-20,7:00 PM,@,Toronto Maple Leafs,2,4,L,REG,13,16,1,L 1,28,11,0,0,26,15,0,0
31,2013-03-23,2:00 PM,@,Ottawa Senators,3,5,L,REG,13,17,1,L 2,32,26,0,0,32,30,1,0
32,2013-03-24,8:00 PM,@,Winnipeg Jets,2,3,L,REG,13,18,1,L 3,25,8,1,0,24,10,1,0
33,2013-03-26,7:30 PM,H,Buffalo Sabres,2,1,W,REG,14,18,1,W 1,25,15,1,0,14,17,0,0
34,2013-03-29,7:30 PM,H,New Jersey Devils,5,4,W,SO,15,18,1,W 2,25,15,0,0,25,11,1,1
35,2013-04-02,7:30 PM,H,Florida Panthers,2,3,L,SO,15,18,2,L 1,41,11,0,0,25,11,2,0
36,2013-04-04,7:00 PM,@,Carolina Hurricanes,5,0,W,REG,16,18,2,W 1,30,6,0,0,45,2,0,0
37,2013-04-06,7:00 PM,@,New York Islanders,2,4,L,REG,16,19,2,L 1,21,2,0,0,28,6,0,0
38,2013-04-07,7:00 PM,@,Washington Capitals,2,4,L,REG,16,20,2,L 2,30,6,1,0,38,6,0,0
39,2013-04-09,7:30 PM,H,Ottawa Senators,3,2,W,REG,17,20,2,W 1,24,12,2,0,33,18,1,0
40,2013-04-11,7:30 PM,H,Pittsburgh Penguins,3,6,L,REG,17,21,2,L 1,19,37,3,0,41,23,3,0
41,2013-04-13,7:00 PM,@,Washington Capitals,5,6,L,OT,17,21,3,L 2,40,18,0,0,38,4,2,0
42,2013-04-14,5:00 PM,@,Buffalo Sabres,1,3,L,REG,17,22,3,L 3,33,6,0,0,22,2,1,0
43,2013-04-16,8:00 PM,@,Winnipeg Jets,3,4,L,SO,17,22,4,L 4,27,11,0,0,36,7,1,0
44,2013-04-18,7:30 PM,@,Montreal Canadiens,2,3,L,REG,17,23,4,L 5,34,12,1,0,35,4,1,0
45,2013-04-21,6:00 PM,H,Carolina Hurricanes,2,3,L,REG,17,24,4,L 6,37,13,1,0,28,9,0,0
46,2013-04-24,7:00 PM,H,Toronto Maple Leafs,5,2,W,REG,18,24,4,W 1,26,4,0,0,28,4,0,0
47,2013-04-25,7:30 PM,@,Boston Bruins,0,2,L,REG,18,25,4,L 1,30,12,0,0,24,16,0,0
48,2013-04-27,7:00 PM,H,Florida Panthers,3,5,L,REG,18,26,4,L 2,31,9,0,0,32,11,0,0

Location,Result,Game Ended In

Mike Angelidis,,59,C,27,6-1,212,L/-,1,"June 27, 1985",ca,"0 G, 0 A, 0 P"
Keith Aulie,,3,D,23,6-6,222,L/-,2,"June 11, 1989",ca,"2 G, 5 A, 7 P"
Mark Barberio,,8,D,22,6-1,207,L/-,R,"March 23, 1990",ca,"0 G, 0 A, 0 P"
Marc-Andre Bergeron,,47,D,32,5-9,198,L/-,9,"October 13, 1980",ca,"1 G, 4 A, 5 P"
Ben Bishop,,30,G,26,6-7,216,L/L,3,"November 21, 1986",us,"3-4-1, 2.99 GAA"
Eric Brewer,,2,D,33,6-4,216,L/-,13,"April 17, 1979",ca,"4 G, 8 A, 12 P"
Matt Carle,,25,D,28,6-0,197,L/-,7,"September 25, 1984",us,"5 G, 17 A, 22 P"
Cory Conacher,,89,LW,23,5-8,180,L/-,R,"December 14, 1989",ca,"9 G, 15 A, 24 P"
Brett Connolly,,14,RW,20,6-2,193,R/-,1,"May 2, 1992",ca,"1 G, 0 A, 1 P"
B.J. Crombeen,,19,RW,27,6-2,209,R/-,5,"July 10, 1985",us,"1 G, 7 A, 8 P"
Cedrick Desjardins,,30,G,27,6-0,192,-/-,1,"September 30, 1985",unknown,"0-3-0, 3.00 GAA"
Mathieu Garon,,32,G,35,6-1,206,-/R,11,"January 9, 1978",ca,"5-9-2, 2.90 GAA"
Radko Gudas,,75,D,22,6-0,204,R/-,R,"June 5, 1990",cs,"2 G, 3 A, 5 P"
Adam Hall,,18,RW,32,6-2,212,R/-,9,"August 14, 1980",us,"0 G, 4 A, 4 P"
Victor Hedman,,77,D,22,6-6,223,L/-,3,"December 18, 1990",se,"4 G, 16 A, 20 P"
Tyler Johnson,,63,C,22,5-8,185,R/-,R,"July 29, 1990",us,"3 G, 3 A, 6 P"
Alex Killorn,,17,C,23,6-2,198,L/-,R,"September 14, 1989",ca,"7 G, 12 A, 19 P"
Pierre-Cedric Labrie,,76,LW,26,6-3,234,-/-,1,"December 6, 1986",ca,"2 G, 1 A, 3 P"
Vincent Lecavalier,(C),4,C,32,6-4,215,L/-,13,"April 21, 1980",ca,"10 G, 22 A, 32 P"
Brian Lee,,15,D,25,6-3,200,R/-,5,"March 26, 1987",us,"0 G, 0 A, 0 P"
Anders Lindback,,39,G,24,6-6,215,-/L,2,"May 3, 1988",se,"10-10-1, 2.90 GAA"
Ryan Malone,,12,LW,33,6-4,224,L/-,8,"December 1, 1979",us,"6 G, 2 A, 8 P"
Brendan Mikkelson,,29,D,25,6-3,210,L/-,4,"June 22, 1987",ca,"0 G, 1 A, 1 P"
Ondrej Palat,,74,LW,21,6-0,188,L/-,R,"March 28, 1991",cs,"2 G, 2 A, 4 P"
Richard Panik,,71,RW,21,6-1,208,L/-,R,"February 7, 1991",cs,"5 G, 4 A, 9 P"
Benoit Pouliot,,67,LW,26,6-3,200,L/-,6,"September 29, 1986",ca,"8 G, 12 A, 20 P"
Teddy Purcell,,16,RW,27,6-2,195,R/-,5,"September 8, 1985",ca,"11 G, 25 A, 36 P"
Tom Pyatt,,11,C,25,5-11,188,L/-,3,"February 14, 1987",ca,"8 G, 8 A, 16 P"
Mathieu Roy,,7,D,29,6-2,214,R/-,5,"August 10, 1983",ca,"0 G, 0 A, 0 P"
Sami Salo,,6,D,38,6-3,215,R/-,13,"September 2, 1974",fi,"2 G, 15 A, 17 P"
Martin St. Louis,,26,RW,37,5-8,180,L/-,13,"June 18, 1975",ca,"17 G, 43 A, 60 P"
Steven Stamkos,,91,C,22,6-1,194,R/-,4,"February 7, 1990",ca,"29 G, 28 A, 57 P"
Andrej Sustr,,n/a,D,22,6-7,220,R/-,R,"November 29, 1990",cs,"0 G, 0 A, 0 P"
Matt Taormina,,55,D,26,5-10,182,L/-,2,"October 20, 1986",us,"0 G, 0 A, 0 P"
Nate Thompson,,44,C,28,6-0,212,L/-,5,"October 5, 1984",us,"7 G, 8 A, 15 P"
Dana Tyrell,,42,C,23,5-10,192,L/-,2,"April 23, 1989",ca,"1 G, 3 A, 4 P"
J.T. Wyman,,34,RW,26,6-2,199,R/-,2,"February 27, 1986",us,"0 G, 0 A, 0 P"
