Detroit Red Wings,DET,nhl
1936-37,1937
22
48
5,5
GP,Date,Time,Location,Opponent,GF,GA,Result,Game Ended In,W,L,T,Streak
1,1936-11-05,time unavailable,@,Toronto Maple Leafs,3,1,W,REG,1,0,0,W 1
2,1936-11-08,time unavailable,H,New York Rangers,5,2,W,REG,2,0,0,W 2
3,1936-11-14,time unavailable,@,Montreal Maroons,2,2,T,OT,2,0,1,T 1
4,1936-11-15,time unavailable,H,Montreal Maroons,2,2,T,OT,2,0,2,T 2
5,1936-11-19,time unavailable,@,New York Rangers,0,1,L,REG,2,1,2,L 1
6,1936-11-22,time unavailable,H,Toronto Maple Leafs,4,2,W,REG,3,1,2,W 1
7,1936-11-26,time unavailable,H,Chicago Black Hawks,0,2,L,REG,3,2,2,L 1
8,1936-11-29,time unavailable,H,New York Americans,0,2,L,REG,3,3,2,L 2
9,1936-12-03,time unavailable,H,New York Rangers,2,0,W,REG,4,3,2,W 1
10,1936-12-06,time unavailable,@,New York Americans,3,3,T,OT,4,3,3,T 1
11,1936-12-08,time unavailable,@,Boston Bruins,4,3,W,REG,5,3,3,W 1
12,1936-12-10,time unavailable,H,Montreal Canadiens,2,1,W,REG,6,3,3,W 2
13,1936-12-13,time unavailable,@,Chicago Black Hawks,2,1,W,OT,7,3,3,W 3
14,1936-12-15,time unavailable,@,Montreal Canadiens,3,4,L,REG,7,4,3,L 1
15,1936-12-20,time unavailable,H,Boston Bruins,4,3,W,REG,8,4,3,W 1
16,1936-12-25,time unavailable,H,Chicago Black Hawks,1,1,T,OT,8,4,4,T 1
17,1936-12-27,time unavailable,H,Montreal Canadiens,2,5,L,REG,8,5,4,L 1
18,1936-12-31,time unavailable,H,New York Americans,4,2,W,REG,9,5,4,W 1
19,1937-01-01,time unavailable,@,Chicago Black Hawks,2,4,L,REG,9,6,4,L 1
20,1937-01-03,time unavailable,H,Toronto Maple Leafs,4,2,W,REG,10,6,4,W 1
21,1937-01-05,time unavailable,@,Boston Bruins,3,2,W,REG,11,6,4,W 2
22,1937-01-07,time unavailable,@,New York Americans,4,2,W,REG,12,6,4,W 3
23,1937-01-10,time unavailable,H,Boston Bruins,4,2,W,REG,13,6,4,W 4
24,1937-01-12,time unavailable,@,Montreal Canadiens,1,4,L,REG,13,7,4,L 1
25,1937-01-14,time unavailable,@,New York Rangers,2,0,W,REG,14,7,4,W 1
26,1937-01-17,time unavailable,@,Chicago Black Hawks,2,0,W,REG,15,7,4,W 2
27,1937-01-19,time unavailable,H,Chicago Black Hawks,7,2,W,REG,16,7,4,W 3
28,1937-01-23,time unavailable,@,Montreal Maroons,1,1,T,OT,16,7,5,T 1
29,1937-01-24,time unavailable,H,Montreal Maroons,2,1,W,REG,17,7,5,W 1
30,1937-01-31,time unavailable,@,Boston Bruins,2,1,W,REG,18,7,5,W 2
31,1937-02-02,time unavailable,@,New York Rangers,4,4,T,OT,18,7,6,T 1
32,1937-02-04,time unavailable,H,New York Rangers,2,2,T,OT,18,7,7,T 2
33,1937-02-07,time unavailable,H,Boston Bruins,8,0,W,REG,19,7,7,W 1
34,1937-02-09,time unavailable,@,New York Americans,2,3,L,REG,19,8,7,L 1
35,1937-02-11,time unavailable,@,Montreal Canadiens,2,3,L,REG,19,9,7,L 2
36,1937-02-14,time unavailable,H,Toronto Maple Leafs,3,3,T,OT,19,9,8,T 1
37,1937-02-18,time unavailable,@,Toronto Maple Leafs,1,3,L,REG,19,10,8,L 1
38,1937-02-21,time unavailable,H,Chicago Black Hawks,6,0,W,REG,20,10,8,W 1
39,1937-02-25,time unavailable,@,Chicago Black Hawks,3,1,W,REG,21,10,8,W 2
40,1937-02-28,time unavailable,H,Montreal Canadiens,0,0,T,OT,21,10,9,T 1
41,1937-03-02,time unavailable,@,Montreal Maroons,7,4,W,REG,22,10,9,W 1
42,1937-03-04,time unavailable,H,New York Rangers,2,1,W,REG,23,10,9,W 2
43,1937-03-07,time unavailable,H,New York Americans,1,3,L,REG,23,11,9,L 1
44,1937-03-09,time unavailable,@,Boston Bruins,1,6,L,REG,23,12,9,L 2
45,1937-03-11,time unavailable,@,New York Rangers,4,2,W,REG,24,12,9,W 1
46,1937-03-14,time unavailable,H,Boston Bruins,2,1,W,REG,25,12,9,W 2
47,1937-03-20,time unavailable,@,Toronto Maple Leafs,2,3,L,REG,25,13,9,L 1
48,1937-03-21,time unavailable,H,Montreal Maroons,1,5,L,REG,25,14,9,L 2

GP,Date,Time,Location,Opponent,GF,GA,Result,Game Ended In,W,L,T,Streak
1,1937-03-23,time unavailable,H,Montreal Canadiens,4,0,W,REG,1,0,0,W 1
2,1937-03-25,time unavailable,H,Montreal Canadiens,5,1,W,REG,2,0,0,W 2
3,1937-03-27,time unavailable,@,Montreal Canadiens,1,3,L,REG,2,1,0,L 1
4,1937-03-30,time unavailable,@,Montreal Canadiens,1,3,L,REG,2,2,0,L 2
5,1937-04-01,time unavailable,@,Montreal Canadiens,2,1,W,3OT,3,2,0,W 1
6,1937-04-06,time unavailable,@,New York Rangers,1,5,L,REG,3,3,0,L 1
7,1937-04-08,time unavailable,H,New York Rangers,4,2,W,REG,4,3,0,W 1
8,1937-04-11,time unavailable,H,New York Rangers,0,1,L,REG,4,4,0,L 1
9,1937-04-13,time unavailable,H,New York Rangers,1,0,W,REG,5,4,0,W 1
10,1937-04-15,time unavailable,H,New York Rangers,3,0,W,REG,6,4,0,W 2

Larry Aurie,,n/a,RW,31,5-6,148,R/-,9,"February 8, 1905",ca,"23 G, 20 A, 43 P"
Marty Barry,,n/a,C,31,5-11,175,L/-,8,"December 8, 1905",ca,"17 G, 27 A, 44 P"
Ralph Bowman,,n/a,D,25,5-11,190,L/-,3,"June 20, 1911",ca,"0 G, 1 A, 1 P"
Mud Bruneteau,,n/a,RW,22,5-11,185,R/-,1,"November 28, 1914",ca,"9 G, 7 A, 16 P"
Don Deacon,,n/a,C,23,5-9,190,L/-,R,"June 2, 1913",ca,"0 G, 0 A, 0 P"
John Gallagher,,n/a,D,28,5-11,188,L/-,4,"January 19, 1909",ca,"1 G, 0 A, 1 P"
Ebbie Goodfellow,,n/a,C/D,29,6-0,175,L/-,7,"April 9, 1907",ca,"9 G, 16 A, 25 P"
Syd Howe,,n/a,LW/C,25,5-9,165,L/-,7,"September 28, 1911",ca,"17 G, 10 A, 27 P"
Pete Kelly,,n/a,RW,23,5-11,170,R/-,2,"May 22, 1913",ca,"5 G, 4 A, 9 P"
Hec Kilrea,,n/a,LW,29,5-8,175,L/-,11,"June 11, 1907",ca,"6 G, 9 A, 15 P"
Wally Kilrea,,n/a,C,27,5-7,150,R/-,7,"February 18, 1909",ca,"8 G, 13 A, 21 P"
Herbie Lewis,,n/a,LW,30,5-9,163,L/-,8,"April 17, 1906",ca,"14 G, 18 A, 32 P"
Howie Mackie,,n/a,D,23,5-10,190,L/-,R,"August 30, 1913",ca,"1 G, 0 A, 1 P"
Bucko McDonald,,n/a,D,22,5-10,205,L/-,2,"October 31, 1914",ca,"3 G, 5 A, 8 P"
Jimmy Orlando,,n/a,D,20,5-11,185,L/-,R,"February 27, 1916",ca,"0 G, 1 A, 1 P"
Gord Pettinger,,n/a,LW/C,25,6-0,175,L/-,4,"November 11, 1911",gb,"7 G, 15 A, 22 P"
Rolly Roulston,,n/a,D,25,6-1,195,L/-,1,"April 12, 1911",ca,"0 G, 5 A, 5 P"
John Sherf,,n/a,LW,23,5-11,178,L/-,1,"April 8, 1913",us,"0 G, 0 A, 0 P"
Normie Smith,,n/a,G,28,5-7,165,-/L,3,"March 18, 1908",ca,"25-14-9, 2.05 GAA"
John Sorrell,,n/a,LW,31,5-11,155,L/-,6,"January 16, 1906",ca,"8 G, 16 A, 24 P"
Burr Williams,,n/a,D,27,5-10,183,R/-,2,"August 30, 1909",us,"0 G, 0 A, 0 P"
Doug Young,(C),n/a,D,28,5-10,190,R/-,5,"October 1, 1908",ca,"0 G, 0 A, 0 P"
