New York Americans,NYA,nhl
1936-37,1937
31
48
0
GP,Date,Time,Location,Opponent,GF,GA,Result,Game Ended In,W,L,T,Streak
1,1936-11-05,time unavailable,@,Chicago Black Hawks,1,1,T,OT,0,0,1,T 1
2,1936-11-07,time unavailable,@,Toronto Maple Leafs,3,2,W,REG,1,0,1,W 1
3,1936-11-12,time unavailable,H,Chicago Black Hawks,0,0,T,OT,1,0,2,T 1
4,1936-11-15,time unavailable,@,New York Rangers,2,1,W,REG,2,0,2,W 1
5,1936-11-17,time unavailable,H,Montreal Canadiens,5,2,W,REG,3,0,2,W 2
6,1936-11-19,time unavailable,@,Montreal Canadiens,2,3,L,REG,3,1,2,L 1
7,1936-11-22,time unavailable,H,Montreal Maroons,3,2,W,REG,4,1,2,W 1
8,1936-11-26,time unavailable,H,New York Rangers,1,3,L,REG,4,2,2,L 1
9,1936-11-28,time unavailable,@,Montreal Maroons,2,3,L,REG,4,3,2,L 2
10,1936-11-29,time unavailable,@,Detroit Red Wings,2,0,W,REG,5,3,2,W 1
11,1936-12-06,time unavailable,H,Detroit Red Wings,3,3,T,OT,5,3,3,T 1
12,1936-12-13,time unavailable,H,Boston Bruins,3,4,L,REG,5,4,3,L 1
13,1936-12-15,time unavailable,@,Boston Bruins,3,5,L,OT,5,5,3,L 2
14,1936-12-17,time unavailable,H,Toronto Maple Leafs,1,5,L,REG,5,6,3,L 3
15,1936-12-19,time unavailable,@,Toronto Maple Leafs,1,3,L,REG,5,7,3,L 4
16,1936-12-20,time unavailable,@,Chicago Black Hawks,1,2,L,REG,5,8,3,L 5
17,1936-12-22,time unavailable,H,Montreal Maroons,3,1,W,REG,6,8,3,W 1
18,1936-12-26,time unavailable,@,Montreal Maroons,3,4,L,OT,6,9,3,L 1
19,1936-12-29,time unavailable,H,New York Rangers,1,5,L,REG,6,10,3,L 2
20,1936-12-31,time unavailable,@,Detroit Red Wings,2,4,L,REG,6,11,3,L 3
21,1937-01-02,time unavailable,@,Montreal Canadiens,1,5,L,REG,6,12,3,L 4
22,1937-01-03,time unavailable,H,Montreal Canadiens,2,4,L,REG,6,13,3,L 5
23,1937-01-05,time unavailable,@,New York Rangers,1,7,L,REG,6,14,3,L 6
24,1937-01-07,time unavailable,H,Detroit Red Wings,2,4,L,REG,6,15,3,L 7
25,1937-01-12,time unavailable,H,Montreal Maroons,4,0,W,REG,7,15,3,W 1
26,1937-01-17,time unavailable,H,Boston Bruins,0,3,L,REG,7,16,3,L 1
27,1937-01-21,time unavailable,H,Toronto Maple Leafs,6,3,W,REG,8,16,3,W 1
28,1937-01-23,time unavailable,@,Boston Bruins,6,6,T,OT,8,16,4,T 1
29,1937-01-26,time unavailable,H,Chicago Black Hawks,0,9,L,REG,8,17,4,L 1
30,1937-01-30,time unavailable,@,Montreal Canadiens,4,0,W,REG,9,17,4,W 1
31,1937-01-31,time unavailable,H,Montreal Canadiens,2,3,L,OT,9,18,4,L 1
32,1937-02-04,time unavailable,H,Toronto Maple Leafs,1,2,L,REG,9,19,4,L 2
33,1937-02-06,time unavailable,@,Toronto Maple Leafs,0,5,L,REG,9,20,4,L 3
34,1937-02-07,time unavailable,@,Chicago Black Hawks,1,5,L,REG,9,21,4,L 4
35,1937-02-09,time unavailable,H,Detroit Red Wings,3,2,W,REG,10,21,4,W 1
36,1937-02-14,time unavailable,@,New York Rangers,5,4,W,REG,11,21,4,W 2
37,1937-02-16,time unavailable,H,Montreal Canadiens,1,2,L,REG,11,22,4,L 1
38,1937-02-20,time unavailable,@,Toronto Maple Leafs,3,4,L,REG,11,23,4,L 2
39,1937-02-21,time unavailable,H,Toronto Maple Leafs,3,1,W,REG,12,23,4,W 1
40,1937-02-23,time unavailable,@,Boston Bruins,2,5,L,REG,12,24,4,L 1
41,1937-02-25,time unavailable,H,Boston Bruins,3,1,W,REG,13,24,4,W 1
42,1937-02-27,time unavailable,@,Montreal Canadiens,2,3,L,OT,13,25,4,L 1
43,1937-03-06,time unavailable,@,Montreal Maroons,3,4,L,REG,13,26,4,L 2
44,1937-03-07,time unavailable,@,Detroit Red Wings,3,1,W,REG,14,26,4,W 1
45,1937-03-09,time unavailable,H,New York Rangers,5,7,L,OT,14,27,4,L 1
46,1937-03-14,time unavailable,H,Montreal Maroons,4,6,L,REG,14,28,4,L 2
47,1937-03-18,time unavailable,H,Chicago Black Hawks,9,4,W,REG,15,28,4,W 1
48,1937-03-20,time unavailable,@,Montreal Maroons,4,8,L,REG,15,29,4,L 1

Time,Location,Result,Game Ended In

Tom Anderson,,n/a,LW/D,26,5-10,180,L/-,2,"July 9, 1910",gb,"10 G, 15 A, 25 P"
Oscar Asmundson,,n/a,C,28,5-11,170,R/-,3,"November 17, 1908",ca,"0 G, 0 A, 0 P"
Frank Beisler,,n/a,D,23,6-2,190,L/-,R,"October 18, 1913",us,"0 G, 0 A, 0 P"
Lorne Carr,,n/a,RW,26,5-8,161,R/-,3,"July 2, 1910",ca,"18 G, 16 A, 34 P"
Lorne Chabot,,n/a,G,36,6-1,185,-/L,10,"October 5, 1900",ca,"2-3-1, 4.05 GAA"
Art Chapman,,n/a,C,30,5-10,170,L/-,6,"May 29, 1906",ca,"8 G, 23 A, 31 P"
Baldy Cotton,,n/a,LW,34,5-10,155,L/-,11,"November 5, 1902",ca,"2 G, 0 A, 2 P"
Les Cunningham,,n/a,C,23,5-8,165,L/-,R,"October 4, 1913",ca,"1 G, 8 A, 9 P"
John Doran,,n/a,D,25,5-11,195,L/-,2,"May 24, 1911",ca,"0 G, 1 A, 1 P"
Hap Emms,,n/a,LW/D,32,6-0,190,L/-,8,"January 12, 1905",ca,"4 G, 8 A, 12 P"
Wilf Field,,n/a,D,21,5-11,185,R/-,R,"April 29, 1915",ca,"0 G, 0 A, 0 P"
John Gallagher,,n/a,D,28,5-11,188,L/-,4,"January 19, 1909",ca,"0 G, 0 A, 0 P"
Ted Graham,,n/a,D,31,5-8,170,L/-,8,"January 30, 1906",ca,"2 G, 1 A, 3 P"
Tony Hemmerling,,n/a,LW,22,5-11,178,L/-,1,"May 15, 1914",ca,"3 G, 3 A, 6 P"
Lloyd Jackson,,n/a,LW/C,25,5-9,150,L/-,R,"January 7, 1912",ca,"1 G, 1 A, 2 P"
Roger Jenkins,,n/a,RW/D,25,5-11,173,R/-,5,"November 18, 1911",us,"1 G, 4 A, 5 P"
Joe Jerwa,,n/a,D,30,6-2,185,L/-,4,"January 20, 1907",pl,"6 G, 8 A, 14 P"
Walter Kalbfleisch,,n/a,D,25,5-10,175,R/-,3,"December 18, 1911",ca,"0 G, 0 A, 0 P"
Lloyd Klein,,n/a,RW,27,6-0,185,L/-,6,"January 13, 1910",ca,"2 G, 1 A, 3 P"
Joe Lamb,,n/a,C/RW,30,5-10,170,R/-,9,"June 18, 1906",ca,"3 G, 9 A, 12 P"
Pete Leswick,,n/a,C/RW,20,5-7,163,R/-,R,"July 12, 1916",ca,"1 G, 0 A, 1 P"
Alfie Moore,,n/a,G,31,5-11,155,-/R,R,"December 1, 1905",ca,"7-11-0, 3.46 GAA"
Allan Murray,,n/a,D,28,5-7,165,L/-,3,"November 10, 1908",ca,"0 G, 2 A, 2 P"
Harry Oliver,,n/a,RW,38,5-8,155,R/-,10,"October 26, 1898",ca,"2 G, 1 A, 3 P"
Gord Reid,,n/a,D,24,5-10,195,L/-,R,"February 19, 1912",ca,"0 G, 0 A, 0 P"
Sweeney Schriner,,n/a,LW,25,6-0,185,L/-,2,"November 30, 1911",ru,"21 G, 25 A, 46 P"
Al Shields,,n/a,D,29,6-0,188,R/-,9,"May 10, 1907",ca,"3 G, 0 A, 3 P"
Nels Stewart,,n/a,C,34,6-1,195,L/-,11,"December 29, 1902",ca,"20 G, 10 A, 30 P"
Eddie Wiseman,,n/a,RW,24,5-7,160,R/-,4,"December 28, 1912",ca,"14 G, 19 A, 33 P"
Alex Wood,,n/a,G,26,5-11,165,-/L,R,"January 15, 1911",gb,"0-1-0, 2.57 GAA"
Roy Worters,,n/a,G,36,5-3,135,-/L,11,"October 19, 1900",ca,"6-14-3, 2.90 GAA"
