Blades of Steel,fall2012,Ice Hockey: Blades of Steel (Advanced)
7,6,6,1,1
Wed Sep 19 @ 9:00 pm,Columbia Icefield Arena,won,6,2,1,Dusters
Thu Sep 27 @ 9:00 pm,Columbia Icefield Arena,tie,2,2,1,The Slot Rockets
Sat Oct 20 @ 9:00 pm,Columbia Icefield Arena,won,6,0,3,Molson Canadians
Mon Oct 22 @ 11:00 pm,Columbia Icefield Arena,won,9,3,1,Advanced Indies 2
Tue Oct 30 @ 11:00 pm,Columbia Icefield Arena,won,2,1,3,The Matt LeBlanc Experience
Wed Nov 7 @ 9:00 pm,Columbia Icefield Arena,won,4,1,2,Debbies Dingleshaw
Fri Nov 23 @ 7:00 pm,Columbia Icefield Arena,lost,0,1,0,The Slot Rockets

Daniel Baggio,Shivam Bhan,Matthew Brown,Benjamin Deignan,Nicholas Frank,Michal Glinka,Chad Gooyers,Thomas Karakolis,Colin McKinnon,Michael McMillan,Steven Phillips,Mateusz Sycz,Jonathan Thacker,Christopher Vigna,Kristopher Beyer
