Jagr Bombs 2.0,fall2012,Ice Hockey: Jagr Bombs 2.0 (Advanced)
8,6,6,2,2
Sun Sep 23 @ 4:00 pm,Columbia Icefield Arena,won,6,1,4,Advanced Indies 4
Sat Sep 29 @ 6:00 pm,Columbia Icefield Arena,won,5,2,4,Advanced Indies 3
Sun Sep 30 @ 9:00 pm,Columbia Icefield Arena,won,7,1,4,Bendy Garden Gnomes
Sun Oct 14 @ 9:00 pm,Columbia Icefield Arena,won,6,3,3,The Delta Force
Sat Oct 20 @ 5:00 pm,Columbia Icefield Arena,won,5,1,0,Jagr Bombs
Sun Nov 4 @ 10:00 pm,Columbia Icefield Arena,won,8,2,2,Multiple Scorgasms
Sun Nov 25 @ 9:00 pm,Columbia Icefield Arena,won,5,4,0,Bendy Garden Gnomes
Wed Nov 28 @ 11:00 pm,Columbia Icefield Arena,lost,2,3,-1,Scissor Me Timbers

Adam Ager,Jordan Bentz,Jon Bundrea,Callum Gaskin,Michael Hucko,Adam Logan,Timothy McCulloch,Alexander Morrison,Curtis Mosier,Cole Nelson,Cameron Richardson,Dexter Shepherd,Michael Slegers,Liam Stanfield,Adam Wendland,Jamieson Westover,Joshua Barber
