Molson Canadians,fall2012,Ice Hockey: Molson Canadians (Advanced)
7,6,6,1,1
Wed Sep 19 @ 8:00 pm,Columbia Icefield Arena,lost,1,5,2,Advanced Indies 2
Sat Oct 13 @ 8:00 pm,Columbia Icefield Arena,lost,0,6,3,Debbies Dingleshaw
Sat Oct 20 @ 9:00 pm,Columbia Icefield Arena,lost,0,6,3,Blades of Steel
Mon Oct 22 @ 10:00 pm,Columbia Icefield Arena,lost,2,5,3,Victorious Secret
Sat Nov 3 @ 8:00 pm,Columbia Icefield Arena,lost,0,6,3,Dusters
Thu Nov 8 @ 10:00 pm,Columbia Icefield Arena,won,4,2,3,The Slot Rockets
Mon Nov 19 @ 11:00 pm,Columbia Icefield Arena,lost,1,4,0,The Matt LeBlanc Experience

Peter Francis,Andrew Hutton,Declan Kaster,Trevor Kearse,Joel Klassen,Connor Macdonald,Steven Meyer,Connor Murray,Wesley O’Beirne,Nicholas O’Hara,Justin Seminerio,Jacob Simon,Ryan Terpstra,Jonathon Willems,Jacob Drouillard
