The Matt LeBlanc Experience,fall2012,Ice Hockey: The Matt LeBlanc Experience (Advanced)
8,6,6,2,2
Tue Sep 25 @ 9:00 pm,Columbia Icefield Arena,lost,3,4,2,Advanced Indies 1
Wed Oct 3 @ 9:00 pm,Columbia Icefield Arena,lost,1,6,3,Debbies Dingleshaw
Tue Oct 9 @ 10:00 pm,Columbia Icefield Arena,lost,2,3,4,Advanced Indies 1
Tue Oct 30 @ 11:00 pm,Columbia Icefield Arena,lost,1,2,3,Blades of Steel
Mon Nov 12 @ 10:00 pm,Columbia Icefield Arena,lost,2,5,2,Victorious Secret
Tue Nov 13 @ 11:00 pm,Columbia Icefield Arena,lost,0,1,4,Dusters
Mon Nov 19 @ 11:00 pm,Columbia Icefield Arena,won,4,1,0,Molson Canadians
Tue Dec 4 @ 8:00 pm,Columbia Icefield Arena,won,3,2,0,Advanced Indies 3

Jocelyn Campbell,Ilker Cinar,Thomas Huijbregts,Lauren Hummel,Sabrina Kauldhar,Chris Ladubec,Alvin Le,Matthew Leblanc,Michael Leblanc,Brandon Lum,Sachin Manucha,David Robinson,Paul Socka,Mitchell Voss,Ian Fraser
