Dusters,fall2012,Ice Hockey: Dusters (Advanced)
8,6,6,2,2
Wed Sep 19 @ 9:00 pm,Columbia Icefield Arena,lost,2,6,3,Blades of Steel
Mon Sep 24 @ 10:00 pm,Columbia Icefield Arena,won,6,2,3,Victorious Secret
Wed Oct 10 @ 10:00 pm,Columbia Icefield Arena,lost,0,1,1,The Slot Rockets
Sat Nov 3 @ 8:00 pm,Columbia Icefield Arena,won,6,0,3,Molson Canadians
Wed Nov 7 @ 11:00 pm,Columbia Icefield Arena,won,5,2,4,Advanced Indies 1
Tue Nov 13 @ 11:00 pm,Columbia Icefield Arena,won,1,0,4,The Matt LeBlanc Experience
Mon Nov 19 @ 10:00 pm,Columbia Icefield Arena,won,4,3,1,Debbies Dingleshaw
Wed Nov 28 @ 9:00 pm,Columbia Icefield Arena,lost,1,2,0,The Slot Rockets

Kyle Elliott,Alexander Ellsworth,Robin Ellsworth,Andrew Flynn,William Francis,Jeffrey Goeree,Benjamin Hobers,Jeffrey Hodgson,Eric Kessel,Eric Lee,Timothy MacGregor,Curtis Robinson,Douglas Mackendrick
