Advanced Indies 1,fall2012,Ice Hockey: Advanced Indies 1 (Advanced)
7,6,6,1,1
Thu Sep 20 @ 8:00 pm,Columbia Icefield Arena,lost,0,4,4,The Slot Rockets
Tue Sep 25 @ 9:00 pm,Columbia Icefield Arena,won,4,3,2,The Matt LeBlanc Experience
Tue Oct 9 @ 10:00 pm,Columbia Icefield Arena,won,3,2,4,The Matt LeBlanc Experience
Tue Oct 23 @ 11:00 pm,Columbia Icefield Arena,lost,2,4,2,Debbies Dingleshaw
Tue Nov 6 @ 8:00 pm,Columbia Icefield Arena,lost,3,8,4,Advanced Indies 2
Wed Nov 7 @ 11:00 pm,Columbia Icefield Arena,lost,2,5,4,Dusters
Thu Nov 29 @ 7:00 pm,Columbia Icefield Arena,lost,1,5,0,Multiple Scorgasms

Shaina Ensing,Christopher Gilson,Aly Haji,Shahil Kanji,Patrick Laird,Samantha Macdonald,Bradley Major,Andrew McLellan,Kiyoshi Morishita,William Murdoch,Kathryn Roy,Garrett Shaw,Oliver Sun,Jeffrey Watchorn,Harrison Willis
