Boston Bruins,BOS,nhl
1936-37,1937
25
48
3
GP,Date,Time,Location,Opponent,GF,GA,Result,Game Ended In,W,L,T,Streak,Notes
1,1936-11-07,time unavailable,@,Montreal Canadiens,0,2,L,REG,0,1,0,L 1
2,1936-11-15,time unavailable,H,Montreal Canadiens,2,1,W,REG,1,1,0,W 1
3,1936-11-17,time unavailable,H,New York Rangers,1,6,L,REG,1,2,0,L 1
4,1936-11-21,time unavailable,@,Toronto Maple Leafs,4,3,W,REG,2,2,0,W 1
5,1936-11-22,time unavailable,@,Chicago Black Hawks,2,1,W,REG,3,2,0,W 2
6,1936-11-24,time unavailable,H,Chicago Black Hawks,1,1,T,OT,3,2,1,T 1
7,1936-11-26,time unavailable,H,Montreal Maroons,3,2,W,OT,4,2,1,W 1
8,1936-11-28,time unavailable,@,New York Rangers,2,2,T,OT,4,2,2,T 1
9,1936-12-05,time unavailable,@,Montreal Canadiens,3,4,L,REG,4,3,2,L 1
10,1936-12-08,time unavailable,H,Detroit Red Wings,3,4,L,REG,4,4,2,L 2
11,1936-12-13,time unavailable,@,New York Americans,4,3,W,REG,5,4,2,W 1
12,1936-12-15,time unavailable,H,New York Americans,5,3,W,OT,6,4,2,W 2
13,1936-12-17,time unavailable,@,Montreal Maroons,5,0,W,REG,7,4,2,W 3
14,1936-12-20,time unavailable,@,Detroit Red Wings,3,4,L,REG,7,5,2,L 1
15,1936-12-22,time unavailable,H,Toronto Maple Leafs,2,4,L,REG,7,6,2,L 2
16,1936-12-26,time unavailable,@,Toronto Maple Leafs,2,1,W,REG,8,6,2,W 1
17,1936-12-29,time unavailable,H,Montreal Maroons,3,0,W,REG,9,6,2,W 2
18,1936-12-31,time unavailable,@,New York Rangers,2,2,T,OT,9,6,3,T 1
19,1937-01-03,time unavailable,H,New York Rangers,3,2,W,REG,10,6,3,W 1
20,1937-01-05,time unavailable,H,Detroit Red Wings,2,3,L,REG,10,7,3,L 1
21,1937-01-07,time unavailable,@,Chicago Black Hawks,2,0,W,REG,11,7,3,W 1
22,1937-01-10,time unavailable,@,Detroit Red Wings,2,4,L,REG,11,8,3,L 1
23,1937-01-12,time unavailable,H,Chicago Black Hawks,2,4,L,REG,11,9,3,L 2
24,1937-01-17,time unavailable,@,New York Americans,3,0,W,REG,12,9,3,W 1
25,1937-01-19,time unavailable,H,Toronto Maple Leafs,2,6,L,REG,12,10,3,L 1
26,1937-01-21,time unavailable,@,Montreal Maroons,2,1,W,REG,13,10,3,W 1
27,1937-01-23,time unavailable,H,New York Americans,6,6,T,OT,13,10,4,T 1
28,1937-01-26,time unavailable,H,New York Rangers,0,3,L,REG,13,11,4,L 1
29,1937-01-28,time unavailable,@,New York Rangers,1,1,T,OT,13,11,5,T 1
30,1937-01-31,time unavailable,H,Detroit Red Wings,1,2,L,REG,13,12,5,L 1
31,1937-02-02,time unavailable,H,Montreal Canadiens,0,1,L,REG,13,13,5,L 2
32,1937-02-04,time unavailable,@,Montreal Canadiens,6,2,W,REG,14,13,5,W 1
33,1937-02-07,time unavailable,@,Detroit Red Wings,0,8,L,REG,14,14,5,L 1
34,1937-02-09,time unavailable,H,Montreal Maroons,0,2,L,REG,14,15,5,L 2
35,1937-02-13,time unavailable,@,Toronto Maple Leafs,3,0,W,REG,15,15,5,W 1
36,1937-02-14,time unavailable,@,Chicago Black Hawks,2,1,W,REG,16,15,5,W 2
37,1937-02-16,time unavailable,H,New York Rangers,3,2,W,REG,17,15,5,W 3
38,1937-02-18,time unavailable,@,Montreal Maroons,2,1,W,REG,18,15,5,W 4
39,1937-02-21,time unavailable,H,Montreal Canadiens,2,2,T,OT,18,15,6,T 1
40,1937-02-23,time unavailable,H,New York Americans,5,2,W,REG,19,15,6,W 1
41,1937-02-25,time unavailable,@,New York Americans,1,3,L,REG,19,16,6,L 1
42,1937-03-02,time unavailable,H,Chicago Black Hawks,2,4,L,REG,19,17,6,L 2
43,1937-03-07,time unavailable,@,New York Rangers,1,0,W,REG,20,17,6,W 1
44,1937-03-09,time unavailable,H,Detroit Red Wings,6,1,W,REG,21,17,6,W 2
45,1937-03-11,time unavailable,@,Chicago Black Hawks,6,2,W,REG,22,17,6,W 3
46,1937-03-14,time unavailable,@,Detroit Red Wings,1,2,L,REG,22,18,6,L 1
47,1937-03-16,time unavailable,H,Toronto Maple Leafs,1,1,T,OT,22,18,7,T 1
48,1937-03-21,time unavailable,H,Chicago Black Hawks,6,1,W,REG,23,18,7,W 1

GP,Date,Time,Location,Opponent,GF,GA,Result,Game Ended In,W,L,T,Streak,Notes
1,1937-03-23,time unavailable,@,Montreal Maroons,1,4,L,REG,0,1,0,L 1
2,1937-03-25,time unavailable,H,Montreal Maroons,4,0,W,REG,1,1,0,W 1
3,1937-03-28,time unavailable,H,Montreal Maroons,1,4,L,REG,1,2,0,L 1

Bobby Bauer,,n/a,RW,21,5-6,150,R/-,R,"February 16, 1915",ca,"1 G, 0 A, 1 P"
Red Beattie,,n/a,C/LW,29,5-9,170,L/-,6,"October 2, 1907",gb,"8 G, 7 A, 15 P"
Dit Clapper,(C),n/a,RW/D,29,6-2,195,R/-,9,"February 9, 1907",ca,"17 G, 8 A, 25 P"
Bun Cook,,n/a,LW,33,5-11,180,L/-,10,"September 18, 1903",ca,"4 G, 5 A, 9 P"
Bill Cowley,,n/a,C,24,5-10,165,L/-,2,"June 12, 1912",ca,"13 G, 22 A, 35 P"
Lorne Duguid,,n/a,LW,26,5-11,185,L/-,5,"April 4, 1910",ca,"1 G, 0 A, 1 P"
Woody Dumart,,n/a,LW,20,6-0,190,L/-,1,"December 23, 1916",ca,"4 G, 4 A, 8 P"
Ray Getliffe,,n/a,LW/C,22,5-11,175,L/-,1,"April 3, 1914",ca,"16 G, 15 A, 31 P"
Leroy Goldsworthy,,n/a,RW,30,6-0,165,R/-,6,"October 18, 1906",us,"8 G, 6 A, 14 P"
Ted Graham,,n/a,D,31,5-8,170,L/-,8,"January 30, 1906",ca,"0 G, 0 A, 0 P"
Flash Hollett,,n/a,D,24,6-0,180,L/-,3,"April 13, 1912",ca,"3 G, 7 A, 10 P"
Joe Jerwa,,n/a,D,30,6-2,185,L/-,4,"January 20, 1907",pl,"3 G, 5 A, 8 P"
Walter Kalbfleisch,,n/a,D,25,5-10,175,R/-,3,"December 18, 1911",ca,"0 G, 0 A, 0 P"
Sylvio Mantha,,n/a,D,34,5-10,178,R/-,13,"April 14, 1902",ca,"0 G, 0 A, 0 P"
Sammy McManus,,n/a,LW,25,5-9,160,L/-,1,"October 22, 1911",ie,"0 G, 0 A, 0 P"
Jim O'Neil,,n/a,RW/C,23,5-8,160,R/-,3,"April 3, 1913",ca,"0 G, 2 A, 2 P"
Jack Portland,,n/a,D,24,6-2,185,L/-,3,"July 30, 1912",ca,"2 G, 4 A, 6 P"
Charlie Sands,,n/a,C/RW,25,5-9,160,R/-,4,"March 23, 1911",ca,"18 G, 5 A, 23 P"
Milt Schmidt,,n/a,C,18,6-0,185,L/-,R,"March 5, 1918",ca,"2 G, 8 A, 10 P"
Al Shields,,n/a,D,29,6-0,188,R/-,9,"May 10, 1907",ca,"0 G, 4 A, 4 P"
Eddie Shore,,n/a,D,34,5-11,190,R/-,10,"November 25, 1902",ca,"3 G, 1 A, 4 P"
Hooley Smith,,n/a,C,34,5-10,155,R/-,12,"January 7, 1903",ca,"8 G, 10 A, 18 P"
Nels Stewart,,n/a,C,34,6-1,195,L/-,11,"December 29, 1902",ca,"3 G, 2 A, 5 P"
Tiny Thompson,,n/a,G,33,5-10,160,-/L,8,"May 31, 1903",ca,"23-18-7, 2.22 GAA"
Cooney Weiland,,n/a,C,32,5-7,150,L/-,8,"November 5, 1904",ca,"6 G, 9 A, 15 P"
