Montreal Canadiens,MTL,nhl
1936-37,1937
22
48
5
GP,Date,Time,Location,Opponent,GF,GA,Result,Game Ended In,W,L,T,Streak,Notes
1,1936-11-07,time unavailable,H,Boston Bruins,2,0,W,REG,1,0,0,W 1
2,1936-11-12,time unavailable,H,Montreal Maroons,2,1,W,REG,2,0,0,W 2
3,1936-11-15,time unavailable,@,Boston Bruins,1,2,L,REG,2,1,0,L 1
4,1936-11-17,time unavailable,@,New York Americans,2,5,L,REG,2,2,0,L 2
5,1936-11-19,time unavailable,H,New York Americans,3,2,W,REG,3,2,0,W 1
6,1936-11-21,time unavailable,H,New York Rangers,3,1,W,OT,4,2,0,W 2
7,1936-11-24,time unavailable,@,Montreal Maroons,2,2,T,OT,4,2,1,T 1
8,1936-11-26,time unavailable,H,Toronto Maple Leafs,2,4,L,REG,4,3,1,L 1
9,1936-11-28,time unavailable,@,Toronto Maple Leafs,2,4,L,REG,4,4,1,L 2
10,1936-11-29,time unavailable,@,Chicago Black Hawks,2,1,W,REG,5,4,1,W 1
11,1936-12-05,time unavailable,H,Boston Bruins,4,3,W,REG,6,4,1,W 2
12,1936-12-10,time unavailable,@,Detroit Red Wings,1,2,L,REG,6,5,1,L 1
13,1936-12-12,time unavailable,@,Montreal Maroons,2,2,T,OT,6,5,2,T 1
14,1936-12-15,time unavailable,H,Detroit Red Wings,4,3,W,REG,7,5,2,W 1
15,1936-12-19,time unavailable,H,New York Rangers,4,2,W,OT,8,5,2,W 2
16,1936-12-20,time unavailable,@,New York Rangers,3,5,L,OT,8,6,2,L 1
17,1936-12-22,time unavailable,H,Chicago Black Hawks,4,1,W,REG,9,6,2,W 1
18,1936-12-27,time unavailable,@,Detroit Red Wings,5,2,W,REG,10,6,2,W 2
19,1936-12-29,time unavailable,@,Chicago Black Hawks,1,5,L,REG,10,7,2,L 1
20,1937-01-02,time unavailable,H,New York Americans,5,1,W,REG,11,7,2,W 1
21,1937-01-03,time unavailable,@,New York Americans,4,2,W,REG,12,7,2,W 2
22,1937-01-05,time unavailable,@,Montreal Maroons,2,4,L,REG,12,8,2,L 1
23,1937-01-07,time unavailable,H,Toronto Maple Leafs,4,1,W,REG,13,8,2,W 1
24,1937-01-09,time unavailable,@,Toronto Maple Leafs,1,2,L,REG,13,9,2,L 1
25,1937-01-12,time unavailable,H,Detroit Red Wings,4,1,W,REG,14,9,2,W 1
26,1937-01-16,time unavailable,H,Montreal Maroons,5,0,W,REG,15,9,2,W 2
27,1937-01-19,time unavailable,@,New York Rangers,1,1,T,OT,15,9,3,T 1
28,1937-01-24,time unavailable,@,Chicago Black Hawks,4,1,W,REG,16,9,3,W 1
29,1937-01-26,time unavailable,@,Toronto Maple Leafs,3,1,W,REG,17,9,3,W 2
30,1937-01-28,time unavailable,H,Chicago Black Hawks,6,5,W,REG,18,9,3,W 3
31,1937-01-30,time unavailable,H,New York Americans,0,4,L,REG,18,10,3,L 1
32,1937-01-31,time unavailable,@,New York Americans,3,2,W,OT,19,10,3,W 1
33,1937-02-02,time unavailable,@,Boston Bruins,1,0,W,REG,20,10,3,W 2
34,1937-02-04,time unavailable,H,Boston Bruins,2,6,L,REG,20,11,3,L 1
35,1937-02-11,time unavailable,H,Detroit Red Wings,3,2,W,REG,21,11,3,W 1
36,1937-02-13,time unavailable,H,Montreal Maroons,1,5,L,REG,21,12,3,L 1
37,1937-02-16,time unavailable,@,New York Americans,2,1,W,REG,22,12,3,W 1
38,1937-02-21,time unavailable,@,Boston Bruins,2,2,T,OT,22,12,4,T 1
39,1937-02-25,time unavailable,H,Toronto Maple Leafs,1,3,L,REG,22,13,4,L 1
40,1937-02-27,time unavailable,H,New York Americans,3,2,W,OT,23,13,4,W 1
41,1937-02-28,time unavailable,@,Detroit Red Wings,0,0,T,OT,23,13,5,T 1
42,1937-03-04,time unavailable,H,Chicago Black Hawks,3,5,L,REG,23,14,5,L 1
43,1937-03-06,time unavailable,@,Toronto Maple Leafs,1,3,L,OT,23,15,5,L 2
44,1937-03-09,time unavailable,H,Montreal Maroons,1,4,L,REG,23,16,5,L 3
45,1937-03-13,time unavailable,H,New York Rangers,1,0,W,REG,24,16,5,W 1
46,1937-03-16,time unavailable,@,Montreal Maroons,1,1,T,OT,24,16,6,T 1
47,1937-03-18,time unavailable,H,Toronto Maple Leafs,1,2,L,REG,24,17,6,L 1
48,1937-03-21,time unavailable,@,New York Rangers,1,3,L,REG,24,18,6,L 2

GP,Date,Time,Location,Opponent,GF,GA,Result,Game Ended In,W,L,T,Streak,Notes
1,1937-03-23,time unavailable,@,Detroit Red Wings,0,4,L,REG,0,1,0,L 1
2,1937-03-25,time unavailable,@,Detroit Red Wings,1,5,L,REG,0,2,0,L 2
3,1937-03-27,time unavailable,H,Detroit Red Wings,3,1,W,REG,1,2,0,W 1
4,1937-03-30,time unavailable,H,Detroit Red Wings,3,1,W,REG,2,2,0,W 2
5,1937-04-01,time unavailable,H,Detroit Red Wings,1,2,L,3OT,2,3,0,L 1

Toe Blake,,16,LW,24,5-10,165,L/-,2,"August 21, 1912",ca,"10 G, 12 A, 22 P"
George Brown,,n/a,C/LW,24,5-11,185,L/-,R,"May 17, 1912",ca,"4 G, 6 A, 10 P"
Walt Buswell,,n/a,D,29,5-11,170,L/-,4,"November 6, 1907",ca,"0 G, 4 A, 4 P"
Wilf Cude,,n/a,G,26,5-9,146,-/L,5,"July 4, 1910",gb,"22-17-5, 2.18 GAA"
Joffre Desilets,,n/a,RW,21,5-10,170,R/-,1,"April 16, 1915",ca,"7 G, 12 A, 19 P"
Polly Drouin,,n/a,LW,21,5-7,160,L/-,2,"January 16, 1916",ca,"0 G, 0 A, 0 P"
Johnny Gagnon,,n/a,RW,31,5-5,140,R/-,6,"June 8, 1905",ca,"20 G, 16 A, 36 P"
Red Goupille,,n/a,D,21,6-0,190,L/-,1,"September 2, 1915",ca,"0 G, 0 A, 0 P"
George Hainsworth,,n/a,G,41,5-6,150,-/L,10,"June 26, 1895",ca,"2-1-1, 2.67 GAA"
Paul Haynes,,n/a,C,26,5-10,160,L/-,6,"March 1, 1910",ca,"8 G, 18 A, 26 P"
Roger Jenkins,,n/a,RW/D,25,5-11,173,R/-,5,"November 18, 1911",us,"0 G, 0 A, 0 P"
Aurele Joliat,,4,LW,35,5-7,136,L/-,14,"August 29, 1901",ca,"17 G, 15 A, 32 P"
Pit Lepine,,n/a,C,35,5-11,168,L/-,11,"July 30, 1901",ca,"7 G, 8 A, 15 P"
Rod Lorrain,,n/a,RW,22,5-5,156,R/-,1,"July 26, 1914",ca,"3 G, 6 A, 9 P"
Bill MacKenzie,,n/a,D,25,5-11,175,R/-,2,"December 12, 1911",ca,"4 G, 3 A, 7 P"
Georges Mantha,,n/a,LW,28,5-8,165,L/-,8,"November 29, 1908",ca,"13 G, 14 A, 27 P"
Jack McGill,,n/a,C,26,5-10,150,L/-,2,"November 3, 1910",ca,"5 G, 2 A, 7 P"
Bill Miller,,n/a,C,28,6-0,160,R/-,2,"August 1, 1908",ca,"3 G, 1 A, 4 P"
Armand Mondou,,n/a,LW/C,31,5-10,175,L/-,8,"June 27, 1905",ca,"1 G, 1 A, 2 P"
Howie Morenz,,7,C,34,5-9,165,L/-,13,"September 21, 1902",ca,"4 G, 16 A, 20 P"
Paul Runge,,n/a,LW,28,5-11,167,L/-,5,"September 10, 1908",ca,"1 G, 0 A, 1 P"
Babe Siebert,(C),n/a,LW/D,33,5-10,182,L/-,11,"January 14, 1904",ca,"8 G, 20 A, 28 P"
