Toronto Maple Leafs,TOR,nhl
1952-53,1953
28
70
0
GP,Date,Time,Location,Opponent,GF,GA,Result,Game Ended In,W,L,T,Streak,Notes
1,1952-10-11,time unavailable,H,Chicago Black Hawks,2,6,L,REG,0,1,0,L 1
2,1952-10-12,time unavailable,@,Detroit Red Wings,4,4,T,REG,0,1,1,T 1
3,1952-10-16,time unavailable,@,Boston Bruins,1,2,L,REG,0,2,1,L 1
4,1952-10-18,time unavailable,H,New York Rangers,4,3,W,REG,1,2,1,W 1
5,1952-10-19,time unavailable,@,Chicago Black Hawks,3,2,W,REG,2,2,1,W 2
6,1952-10-22,time unavailable,H,Detroit Red Wings,5,4,W,REG,3,2,1,W 3
7,1952-10-25,time unavailable,H,Boston Bruins,0,4,L,REG,3,3,1,L 1
8,1952-10-29,time unavailable,H,Montreal Canadiens,7,5,W,REG,4,3,1,W 1
9,1952-11-01,time unavailable,H,Boston Bruins,3,2,W,REG,5,3,1,W 2
10,1952-11-02,time unavailable,@,Detroit Red Wings,4,2,W,REG,6,3,1,W 3
11,1952-11-05,time unavailable,H,New York Rangers,4,1,W,REG,7,3,1,W 4
12,1952-11-06,time unavailable,@,Montreal Canadiens,1,3,L,REG,7,4,1,L 1
13,1952-11-08,time unavailable,H,Detroit Red Wings,3,3,T,REG,7,4,2,T 1
14,1952-11-11,time unavailable,@,Boston Bruins,0,4,L,REG,7,5,2,L 1
15,1952-11-13,time unavailable,@,Montreal Canadiens,3,1,W,REG,8,5,2,W 1
16,1952-11-15,time unavailable,H,Chicago Black Hawks,1,3,L,REG,8,6,2,L 1
17,1952-11-16,time unavailable,@,New York Rangers,6,3,W,REG,9,6,2,W 1
18,1952-11-19,time unavailable,H,Boston Bruins,1,2,L,REG,9,7,2,L 1
19,1952-11-22,time unavailable,H,Montreal Canadiens,2,2,T,REG,9,7,3,T 1
20,1952-11-23,time unavailable,@,Boston Bruins,5,6,L,REG,9,8,3,L 1
21,1952-11-26,time unavailable,@,New York Rangers,2,4,L,REG,9,9,3,L 2
22,1952-11-27,time unavailable,@,Chicago Black Hawks,3,3,T,REG,9,9,4,T 1
23,1952-11-29,time unavailable,H,Detroit Red Wings,1,3,L,REG,9,10,4,L 1
24,1952-11-30,time unavailable,@,Detroit Red Wings,1,4,L,REG,9,11,4,L 2
25,1952-12-04,time unavailable,@,Montreal Canadiens,2,1,W,REG,10,11,4,W 1
26,1952-12-06,time unavailable,H,New York Rangers,2,2,T,REG,10,11,5,T 1
27,1952-12-07,time unavailable,@,Chicago Black Hawks,2,0,W,REG,11,11,5,W 1
28,1952-12-10,time unavailable,H,Montreal Canadiens,1,2,L,REG,11,12,5,L 1
29,1952-12-13,time unavailable,H,Detroit Red Wings,1,3,L,REG,11,13,5,L 2
30,1952-12-14,time unavailable,@,New York Rangers,2,2,T,REG,11,13,6,T 1
31,1952-12-18,time unavailable,@,Detroit Red Wings,1,1,T,REG,11,13,7,T 2
32,1952-12-20,time unavailable,H,Chicago Black Hawks,4,1,W,REG,12,13,7,W 1
33,1952-12-21,time unavailable,@,Chicago Black Hawks,2,4,L,REG,12,14,7,L 1
34,1952-12-24,time unavailable,H,Montreal Canadiens,2,0,W,REG,13,14,7,W 1
35,1952-12-27,time unavailable,H,Boston Bruins,3,0,W,REG,14,14,7,W 2
36,1952-12-31,time unavailable,@,New York Rangers,3,3,T,REG,14,14,8,T 1
37,1953-01-01,time unavailable,@,Boston Bruins,1,5,L,REG,14,15,8,L 1
38,1953-01-03,time unavailable,H,Chicago Black Hawks,1,1,T,REG,14,15,9,T 1
39,1953-01-10,time unavailable,H,Boston Bruins,3,1,W,REG,15,15,9,W 1
40,1953-01-11,time unavailable,@,Detroit Red Wings,2,5,L,REG,15,16,9,L 1
41,1953-01-14,time unavailable,H,Chicago Black Hawks,3,0,W,REG,16,16,9,W 1
42,1953-01-17,time unavailable,H,New York Rangers,1,0,W,REG,17,16,9,W 2
43,1953-01-18,time unavailable,@,Boston Bruins,1,2,L,REG,17,17,9,L 1
44,1953-01-21,time unavailable,H,Montreal Canadiens,0,1,L,REG,17,18,9,L 2
45,1953-01-22,time unavailable,@,Montreal Canadiens,1,4,L,REG,17,19,9,L 3
46,1953-01-24,time unavailable,H,Detroit Red Wings,2,0,W,REG,18,19,9,W 1
47,1953-01-25,time unavailable,@,Chicago Black Hawks,4,3,W,REG,19,19,9,W 2
48,1953-01-29,time unavailable,@,Boston Bruins,2,2,T,REG,19,19,10,T 1
49,1953-01-31,time unavailable,H,New York Rangers,4,0,W,REG,20,19,10,W 1
50,1953-02-01,time unavailable,@,Detroit Red Wings,1,5,L,REG,20,20,10,L 1
51,1953-02-05,time unavailable,@,Montreal Canadiens,0,2,L,REG,20,21,10,L 2
52,1953-02-07,time unavailable,H,Chicago Black Hawks,2,4,L,REG,20,22,10,L 3
53,1953-02-08,time unavailable,@,Chicago Black Hawks,2,4,L,REG,20,23,10,L 4
54,1953-02-14,time unavailable,H,Montreal Canadiens,2,2,T,REG,20,23,11,T 1
55,1953-02-15,time unavailable,@,New York Rangers,2,1,W,REG,21,23,11,W 1
56,1953-02-18,time unavailable,H,Detroit Red Wings,2,0,W,REG,22,23,11,W 2
57,1953-02-21,time unavailable,H,Boston Bruins,2,2,T,REG,22,23,12,T 1
58,1953-02-25,time unavailable,H,Montreal Canadiens,1,2,L,REG,22,24,12,L 1
59,1953-02-26,time unavailable,@,Montreal Canadiens,1,4,L,REG,22,25,12,L 2
60,1953-02-28,time unavailable,H,New York Rangers,3,0,W,REG,23,25,12,W 1
61,1953-03-01,time unavailable,@,New York Rangers,2,4,L,REG,23,26,12,L 1
62,1953-03-05,time unavailable,@,Chicago Black Hawks,1,3,L,REG,23,27,12,L 2
63,1953-03-07,time unavailable,H,Detroit Red Wings,0,3,L,REG,23,28,12,L 3
64,1953-03-08,time unavailable,@,Detroit Red Wings,1,3,L,REG,23,29,12,L 4
65,1953-03-14,time unavailable,H,Boston Bruins,1,3,L,REG,23,30,12,L 5
66,1953-03-15,time unavailable,@,New York Rangers,1,1,T,REG,23,30,13,T 1
67,1953-03-18,time unavailable,H,Chicago Black Hawks,4,3,W,REG,24,30,13,W 1
68,1953-03-19,time unavailable,@,Montreal Canadiens,4,1,W,REG,25,30,13,W 2
69,1953-03-21,time unavailable,H,New York Rangers,5,0,W,REG,26,30,13,W 3
70,1953-03-22,time unavailable,@,Boston Bruins,3,1,W,REG,27,30,13,W 4

Time,Location,Result,Game Ended In

George Armstrong,,20,RW,22,6-1,184,R/-,2,"July 6, 1930",ca,"14 G, 11 A, 25 P"
Max Bentley,,7,C,32,5-10,155,L/-,10,"March 1, 1920",ca,"12 G, 11 A, 23 P"
Leo Boivin,,18,D,20,5-8,183,L/-,1,"August 2, 1932",ca,"2 G, 13 A, 15 P"
Hugh Bolton,,23,D,23,6-3,186,L/-,3,"April 15, 1929",ca,"0 G, 0 A, 0 P"
Fern Flaman,,3,D,26,5-10,190,R/-,8,"January 25, 1927",ca,"2 G, 6 A, 8 P"
Gord Hannigan,,22,C,24,5-8,155,L/-,R,"January 19, 1929",ca,"17 G, 18 A, 35 P"
Bob Hassard,,17,C,23,6-0,167,R/-,2,"March 26, 1929",ca,"8 G, 23 A, 31 P"
Tim Horton,,16,D,23,5-10,180,R/-,2,"January 12, 1930",ca,"2 G, 14 A, 16 P"
Ted Kennedy,(C),10,C,27,5-10,170,R/-,10,"December 12, 1925",ca,"14 G, 23 A, 37 P"
Danny Lewicki,,21,LW,21,5-8,147,L/-,2,"March 12, 1931",ca,"1 G, 3 A, 4 P"
Harry Lumley,,1,G,26,6-0,195,-/L,9,"November 11, 1926",ca,"27-30-13, 2.39 GAA"
Parker MacDonald,,21,LW,19,5-11,160,L/-,R,"June 14, 1933",ca,"0 G, 0 A, 0 P"
Phil Maloney,,25,C,25,5-8,165,L/-,2,"October 6, 1927",ca,"2 G, 6 A, 8 P"
Willie Marshall,,21,C,21,5-10,165,L/-,R,"December 1, 1931",ca,"0 G, 0 A, 0 P"
Wally Maxwell,,26,C,19,5-10,158,L/-,R,"August 24, 1933",ca,"0 G, 0 A, 0 P"
Howie Meeker,,15,RW,28,5-9,165,R/-,6,"November 4, 1924",ca,"1 G, 7 A, 8 P"
Rudy Migay,,14,C,24,5-6,150,L/-,2,"November 18, 1928",ca,"5 G, 4 A, 9 P"
Jim Morrison,,24,D,21,5-10,183,L/-,1,"October 11, 1931",ca,"1 G, 8 A, 9 P"
Eric Nesterenko,,19,RW,19,6-2,197,R/-,1,"October 31, 1933",ca,"10 G, 6 A, 16 P"
Dave Reid,,25,C,19,6-2,180,L/-,R,"January 11, 1934",ca,"0 G, 0 A, 0 P"
Tod Sloan,,11,RW,25,5-10,152,R/-,4,"November 30, 1927",ca,"15 G, 10 A, 25 P"
Sid Smith,,8,LW,27,5-10,173,L/-,6,"July 11, 1925",ca,"20 G, 19 A, 39 P"
Bob Solinger,,21,LW,27,5-9,170,L/-,1,"December 23, 1925",ca,"1 G, 1 A, 2 P"
Ron Stewart,,12,RW,20,6-1,197,R/-,R,"July 11, 1932",ca,"13 G, 22 A, 35 P"
Frank Sullivan,,25,D,23,5-11,178,R/-,1,"June 16, 1929",ca,"0 G, 0 A, 0 P"
Jimmy Thomson,,2,D,25,5-11,175,R/-,7,"February 23, 1927",ca,"0 G, 22 A, 22 P"
Ray Timgren,,23,LW,24,5-9,150,L/-,4,"September 29, 1928",ca,"0 G, 0 A, 0 P"
Harry Watson,,4,LW,29,6-1,207,L/-,9,"May 6, 1923",ca,"16 G, 8 A, 24 P"
