Reach Arounds,winter2009Contact,Ice Hockey: Reach Arounds (All Star Contact)
7,6,6,1,1
Sat Jan 24 @ 5:00 pm,Columbia Icefield Arena,lost,0,6,2,New Zealand All-Whites
Sat Jan 31 @ 9:00 pm,Columbia Icefield Arena,tie,2,2,4,Danglers
Tue Feb 3 @ 10:00 pm,Columbia Icefield Arena,lost,0,6,3,New Zealand All-Whites
Sat Feb 7 @ 11:00 pm,Columbia Icefield Arena,lost,0,6,4,Two-Four
Sun Mar 15 @ 7:00 pm,Columbia Icefield Arena,lost,2,6,4,Given’r Generals of canada
Sun Mar 22 @ 10:00 pm,Columbia Icefield Arena,lost,0,6,4,Purring Ponies
Fri Mar 27 @ 10:00 pm,Columbia Icefield Arena,lost,0,3,-2,Danglers

Christopher Gilson,James Harvey,Corey Hiller,Benjamin Houle,Shahil Kanji,Kyle Krentz,Matthew Nywening,Kevin O’Leary,Jeffrey Strange,Michael Sullivan,Umesh Thillaivasan,Adrien Kresz
