Pimps from Oakland,winter2009Contact,Ice Hockey: Pimps from Oakland (All Star Contact)
9,6,6,3,3
Sun Jan 25 @ 6:00 pm,Columbia Icefield Arena,won,2,1,2,Given’r Generals of canada
Sun Feb 1 @ 9:00 pm,Columbia Icefield Arena,won,6,0,4,Victorious Secret
Sat Mar 7 @ 9:00 pm,Columbia Icefield Arena,tie,2,2,3,Two-Four
Sun Mar 8 @ 1:00 pm,Columbia Icefield Arena,won,4,0,0,The Warriors
Sun Mar 15 @ 6:00 pm,Columbia Icefield Arena,lost,1,2,3,Deliver’n Pizza’s All Day Long
Sun Mar 22 @ 12:00 pm,Columbia Icefield Arena,lost,3,5,2,Gongshow Boys
Sun Mar 29 @ 4:00 pm,Columbia Icefield Arena,won,4,2,1,Purring Ponies
Thu Apr 2 @ 9:00 pm,Columbia Icefield Arena,won,3,2,1,New Zealand All-Whites
Sun Apr 5 @ 10:00 pm,Columbia Icefield Arena,won,3,2,0,Gongshow Boys

Michael Benjamins,Matthew Daly,Eric Dean,Shawn Dempsey,Jordan Fitzgerald,Michael Halinski,Garrett Knight,Michael Laird,Jeffrey Lamb,Serge Lefebvre,James Mann,Mathieu Poirier,David Spahich,Jeffrey Rutledge
