Gongshow Boys,winter2009Contact,Ice Hockey: Gongshow Boys (All Star Contact)
9,6,6,3,3
Thu Jan 29 @ 9:00 pm,Columbia Icefield Arena,won,3,2,0,The Warriors
Tue Feb 3 @ 9:00 pm,Columbia Icefield Arena,won,5,1,2,Danglers
Tue Feb 10 @ 9:00 pm,Columbia Icefield Arena,won,4,1,4,Victorious Secret
Tue Mar 10 @ 7:00 pm,Columbia Icefield Arena,won,3,2,4,Purring Ponies
Sat Mar 21 @ 2:00 pm,Columbia Icefield Arena,tie,3,3,2,Deliver’n Pizza’s All Day Long
Sun Mar 22 @ 12:00 pm,Columbia Icefield Arena,won,5,3,2,Pimps from Oakland
Tue Mar 31 @ 10:00 pm,Columbia Icefield Arena,won,6,1,1,Two-Four
Sat Apr 4 @ 9:00 pm,Columbia Icefield Arena,won,2,1,0,The Warriors
Sun Apr 5 @ 10:00 pm,Columbia Icefield Arena,lost,2,3,0,Pimps from Oakland

Christopher Colantonio,Tyler Craig,Mathew Demarco,Matthew Di Giovanni,Kevin Dudley,Brent Dufton,Durand Jarrett-Amor,Timothy Lawless,Matthew Pickell,Matthew Stirling,Bryan Vanderlugt,Travis Young,Jeff Perttula
