The Warriors,winter2009Contact,Ice Hockey: The Warriors (All Star Contact)
8,6,6,2,2
Thu Jan 22 @ 9:00 pm,Columbia Icefield Arena,won,5,2,4,Victorious Secret
Tue Jan 27 @ 11:00 pm,Columbia Icefield Arena,tie,1,1,3,Deliver’n Pizza’s All Day Long
Thu Jan 29 @ 9:00 pm,Columbia Icefield Arena,lost,2,3,0,Gongshow Boys
Sat Mar 7 @ 6:00 pm,Columbia Icefield Arena,won,4,1,4,Danglers
Sun Mar 8 @ 1:00 pm,Columbia Icefield Arena,lost,0,4,0,Pimps from Oakland
Sun Mar 22 @ 11:00 pm,Columbia Icefield Arena,won,7,4,4,Victorious Secret
Sun Mar 29 @ 5:00 pm,Columbia Icefield Arena,won,1,0,0,Deliver’n Pizza’s All Day Long
Sat Apr 4 @ 9:00 pm,Columbia Icefield Arena,lost,1,2,0,Gongshow Boys

Tyler Barnes,Reed Froklage,Jesse Harwood,Anthony Iuliano,Brandon Koaches,Blake Martin,Darrell Shedden,Devan Trischuk,Christopher Zdriluk,Alexander Kranyak
