Given’r Generals of canada,winter2009Contact,Ice Hockey: Given’r Generals of canada (All Star Contact)
6,6,6,0,0
Sun Jan 25 @ 6:00 pm,Columbia Icefield Arena,lost,1,2,2,Pimps from Oakland
Sat Jan 31 @ 8:00 pm,Columbia Icefield Arena,won,7,1,2,Purring Ponies
Sun Feb 1 @ 11:00 pm,Columbia Icefield Arena,tie,3,3,-4,Deliver’n Pizza’s All Day Long
Sun Mar 15 @ 7:00 pm,Columbia Icefield Arena,won,6,2,4,Reach Arounds
Sat Mar 21 @ 11:00 pm,Columbia Icefield Arena,lost,2,5,-4,New Zealand All-Whites
Mon Mar 23 @ 10:00 pm,Columbia Icefield Arena,tie,3,3,1,Victorious Secret

Michael Demarco,John Glover,Tyler Hunt,Stephen Jones,Daniel Lee,Stuart Milligan,Adam Penny,Andrew Pequegnat,Dylan Powell,Douglas Smith,John Stuart,Scott Thompson,This team has been disqualified from participating in the playoffs.,Michael Tollis
