INFO:
teamName,Doozers
teamAbbreviation,Doozers
sportId,n/a
sportName,n/a
sportRules,n/a
leagueId,watMu
levelId,n/a
seasonName,n/a
seasonId,n/a
Roster Size,12
Season Games Played,6
Playoff Round Lengths,1,1
END_INFO

SEASON:
Date/Time,Location,Opposing Team,Score,S.O.C.
Tue Jun 9 @ 5:00 pm,Columbia Icefield: Gym 3,The Dodgy Villagers,won 8 - 1,4
Tue Jun 23 @ 5:00 pm,Columbia Icefield: Gym 3,Team Ebot,won 3 - 5,3
Wed Jun 24 @ 5:00 pm,Columbia Icefield: Gym 3,Jam,won 9 - 0,2
Wed Jun 24 @ 6:00 pm,Columbia Icefield: Gym 3,Butterfingers,won 0 - 9,4
Tue Jun 30 @ 5:00 pm,Columbia Icefield: Gym 3,Team Ebot,won 4 - 5,3
Tue Jul 7 @ 8:00 pm,Columbia Icefield: Gym 3,Butterfingers,won 1 - 8,3
END_SEASON

PLAYOFFS:
Date/Time,Location,Opposing Team,Score,S.O.C.
Tue Jul 14 @ 7:00 pm,Columbia Icefield: Gym 3,Jam,won 5 - 1,2
Fri Jul 24 @ 6:00 pm,Columbia Icefield: Gym 3,Team Ebot,won 0 - 5,2
END_PLAYOFFS

ROSTER:
Player,Captaincy,uwaterloo_email
Miranda Lewis,(C),mlewis@uwaterloo.ca
John Casey,,
Grant Gunn,,
Kyung Kuk Kang,,
Joshua King,,
Kathleen Mulroy,,
Michelle Rutty,,
Ryan Sim,,
Andrew Snowdon,,
Heather Stager,,
Jordan Stewart,,
Nicolas Svacina,,
END_ROSTER
