INFO:
teamName,Butterfingers
teamAbbreviation,Butterfingers
sportId,n/a
sportName,n/a
sportRules,n/a
leagueId,watMu
levelId,n/a
seasonName,n/a
seasonId,n/a
Roster Size,13
Season Games Played,7
Playoff Round Lengths,1
END_INFO

SEASON:
Date/Time,Location,Opposing Team,Score,S.O.C.
Wed May 27 @ 7:00 pm,Columbia Icefield: Gym 3,The Dodgy Villagers,,
Tue Jun 2 @ 9:00 pm,Columbia Icefield: Gym 3,Jam,won 2 - 7,2
Wed Jun 10 @ 6:00 pm,Columbia Icefield: Gym 3,Team Ebot,won 5 - 4,3
Wed Jun 24 @ 6:00 pm,Columbia Icefield: Gym 3,Doozers,lost 0 - 9,4
Tue Jul 7 @ 8:00 pm,Columbia Icefield: Gym 3,Doozers,lost 1 - 8,4
Tue Jul 7 @ 9:00 pm,Columbia Icefield: Gym 3,The Dodgy Villagers,won 0 - 5,avg.
Wed Jul 8 @ 7:00 pm,Columbia Icefield: Gym 3,The Dodgy Villagers,lost 6 - 3,4
END_SEASON

PLAYOFFS:
Date/Time,Location,Opposing Team,Score,S.O.C.
Fri Jul 10 @ 7:00 pm,Columbia Icefield: Gym 3,Team Ebot,lost 0 - 5,0
END_PLAYOFFS

ROSTER:
Player,Captaincy,uwaterloo_email
Erica Springate,(C),elisprin@uwaterloo.ca
Jordan Duff,,
Anne Fitzpatrick,,
Kyrke Gaudreau,,
Mark Groulx,,
Paul Jakubicek,,
Christopher Langley,,
Sasha McLeod,,
Natasha O’Neill,,
William Patch,,
Antonietta Rubino,,
Laura Springate,,
Aaron Stauch,,
END_ROSTER
