INFO:
teamName,The Dodgy Villagers
teamAbbreviation,The Dodgy Villagers
sportId,n/a
sportName,n/a
sportRules,n/a
leagueId,watMu
levelId,n/a
seasonName,n/a
seasonId,n/a
Roster Size,9
Season Games Played,7
Playoff Round Lengths,1
END_INFO

SEASON:
Date/Time,Location,Opposing Team,Score,S.O.C.
Tue May 26 @ 9:00 pm,Columbia Icefield: Gym 3,Jam,won 5 - 0,avg.
Wed May 27 @ 7:00 pm,Columbia Icefield: Gym 3,Butterfingers,,
Tue Jun 2 @ 5:00 pm,Columbia Icefield: Gym 3,Team Ebot,lost 0 - 5,0
Tue Jun 9 @ 5:00 pm,Columbia Icefield: Gym 3,Doozers,lost 8 - 1,3
Fri Jun 19 @ 3:00 pm,Columbia Icefield: Gym 3,Jam,won 7 - 1,4
Tue Jul 7 @ 9:00 pm,Columbia Icefield: Gym 3,Butterfingers,lost 0 - 5,-2
Wed Jul 8 @ 7:00 pm,Columbia Icefield: Gym 3,Butterfingers,won 6 - 3,4
END_SEASON

PLAYOFFS:
Date/Time,Location,Opposing Team,Score,S.O.C.
Fri Jul 10 @ 6:00 pm,Columbia Icefield: Gym 3,Jam,lost 0 - 5,-2
END_PLAYOFFS

ROSTER:
Player,Captaincy,uwaterloo_email
Kyle White,(C),kyle.white@ymail.com
Somil Bhargava,,
Justin Cao,,
Mona Fahim,,
Joonha Shin,,
Jonathan Sutley,,
Lauren Usami,,
Alexander Yiu,,
Yang Zhang,,
END_ROSTER
