INFO:
teamName,Team Ebot
teamAbbreviation,Team Ebot
sportId,n/a
sportName,n/a
sportRules,n/a
leagueId,watMu
levelId,n/a
seasonName,n/a
seasonId,n/a
Roster Size,25
Season Games Played,6
Playoff Round Lengths,1,1
END_INFO

SEASON:
Date/Time,Location,Opposing Team,Score,S.O.C.
Fri May 29 @ 4:00 pm,Columbia Icefield: Gym 3,Jam,won 3 - 6,3
Tue Jun 2 @ 5:00 pm,Columbia Icefield: Gym 3,The Dodgy Villagers,won 0 - 5,avg.
Wed Jun 10 @ 6:00 pm,Columbia Icefield: Gym 3,Butterfingers,lost 5 - 4,4
Fri Jun 19 @ 4:00 pm,Columbia Icefield: Gym 3,Jam,won 3 - 5,2
Tue Jun 23 @ 5:00 pm,Columbia Icefield: Gym 3,Doozers,lost 3 - 5,4
Tue Jun 30 @ 5:00 pm,Columbia Icefield: Gym 3,Doozers,lost 4 - 5,3
END_SEASON

PLAYOFFS:
Date/Time,Location,Opposing Team,Score,S.O.C.
Fri Jul 10 @ 7:00 pm,Columbia Icefield: Gym 3,Butterfingers,won 0 - 5,0
Fri Jul 24 @ 6:00 pm,Columbia Icefield: Gym 3,Doozers,lost 0 - 5,2
END_PLAYOFFS

ROSTER:
Player,Captaincy,uwaterloo_email
Steven Byrne,(C),steven_byrne22@hotmail.com
Shababa Ahmad,,
Sung Ahn,,
Korey Cheung,,
Edward Cho,,
Timothy Choy,,
Keichun Chuk,,
Gurleen Grewal,,
Sijia Hu,,
Danny Huang,,
Kenneth Kou,,
Samuel Kou,,
Raymond Lai,,
Steve Lee,,
David Liu,,
Michael Marcoccia,,
Dhruv Misri,,
Roberto Peiges,,
Alexander Sandercock,,
Norman Steele,,
Kevin Till,,
Jim Tse,,
Anna Tsui,,
Jonathan Yim,,
Chunxiao Zhang,,
END_ROSTER
