INFO:
teamName,Jam
teamAbbreviation,Jam
sportId,n/a
sportName,n/a
sportRules,n/a
leagueId,watMu
levelId,n/a
seasonName,n/a
seasonId,n/a
Roster Size,18
Season Games Played,6
Playoff Round Lengths,1,1
END_INFO

SEASON:
Date/Time,Location,Opposing Team,Score,S.O.C.
Tue May 26 @ 9:00 pm,Columbia Icefield: Gym 3,The Dodgy Villagers,lost 5 - 0,-2
Fri May 29 @ 4:00 pm,Columbia Icefield: Gym 3,Team Ebot,lost 3 - 6,4
Tue Jun 2 @ 9:00 pm,Columbia Icefield: Gym 3,Butterfingers,lost 2 - 7,2
Fri Jun 19 @ 3:00 pm,Columbia Icefield: Gym 3,The Dodgy Villagers,lost 7 - 1,4
Fri Jun 19 @ 4:00 pm,Columbia Icefield: Gym 3,Team Ebot,lost 3 - 5,2
Wed Jun 24 @ 5:00 pm,Columbia Icefield: Gym 3,Doozers,lost 9 - 0,2
END_SEASON

PLAYOFFS:
Date/Time,Location,Opposing Team,Score,S.O.C.
Fri Jul 10 @ 6:00 pm,Columbia Icefield: Gym 3,The Dodgy Villagers,won 0 - 5,0
Tue Jul 14 @ 7:00 pm,Columbia Icefield: Gym 3,Doozers,lost 5 - 1,2
END_PLAYOFFS

ROSTER:
Player,Captaincy,uwaterloo_email
Sang-Gon Lee,(C),brian_lee222@hotmail.com
Gyu Hyun Ahn,,
Ho Au,,
Robert Cao,,
Moon Choi,,
Hyungsun Chun,,
Justin Ha,,
Kyle Ham,,
Chulho Hyun,,
Sumin Jin,,
Fei Jing,,
Siwan Kim,,
Jooyoung Lee,,
Sangjoon Lee,,
Yunji Nam,,
Jin Sun Park,,
Eun Song,,
Boxi Zhou,,
END_ROSTER
