INFO:
teamName,West 2 and Associates
teamAbbreviation,West 2 and Associates
sportId,n/a
sportName,n/a
sportRules,n/a
leagueId,watMu
levelId,n/a
seasonName,n/a
seasonId,n/a
Roster Size,13
Season Games Played,6
Playoff Round Lengths,1
END_INFO

SEASON:
Date/Time,Location,Opposing Team,Score,S.O.C.
Tue Jan 18 @ 6:00 pm,Columbia Icefield: Gym 3,Entry Form,won 6 - 3,0
Mon Jan 24 @ 10:00 pm,Columbia Icefield: Gym 3,Meatballs,won 8 - 1,3
Tue Feb 8 @ 6:00 pm,Columbia Icefield: Gym 3,KWCAC,won 9 - 0,3
Tue Mar 1 @ 6:00 pm,Columbia Icefield: Gym 3,Car Ram Rods,won 3 - 4,4
Mon Mar 7 @ 10:00 pm,Columbia Icefield: Gym 3,Splendid Specimens,won 1 - 8,4
Tue Mar 15 @ 5:00 pm,Columbia Icefield: Gym 3,Clown Baby (ESGA),lost 2 - 7,4
END_SEASON

PLAYOFFS:
Date/Time,Location,Opposing Team,Score,S.O.C.
Mon Mar 21 @ 6:00 pm,Columbia Icefield: Gym 3,The Cherry Blasters,lost 5 - 2,2
END_PLAYOFFS

ROSTER:
Player,Captaincy,uwaterloo_email
Cameron Dunning,(C),cdunning@uwaterloo.ca
Adam Acovski,,
Sydney Bateman,,
Adriana Cameron,,
Cyril Francis,,
Chungsoon Haw,,
Rowan Head-Marsden,,
Bolun Liu,,
Rahul Mehrotra,,
Graham Stonebridge,,
Kyle Willick,,
Yuzhou Xiao,,
Yu Zhang,,
END_ROSTER
