INFO:
teamName,Free Ballers
teamAbbreviation,Free Ballers
sportId,n/a
sportName,n/a
sportRules,n/a
leagueId,watMu
levelId,n/a
seasonName,n/a
seasonId,n/a
Roster Size,11
Season Games Played,6
Playoff Round Lengths,1,1,1
END_INFO

SEASON:
Date/Time,Location,Opposing Team,Score,S.O.C.
Thu Jan 13 @ 9:00 pm,Columbia Icefield: Gym 3,Balls of En-V XXXVII,won 3 - 5,4
Thu Jan 20 @ 8:00 pm,Columbia Icefield: Gym 3,The Besticles,won 1 - 7,4
Thu Jan 27 @ 6:00 pm,Columbia Icefield: Gym 3,The Fresh Komoto Dragons,won 1 - 7,3
Thu Feb 3 @ 8:00 pm,Columbia Icefield: Gym 3,Indivs I-1,won 2 - 6,4
Thu Feb 10 @ 8:00 pm,Columbia Icefield: Gym 3,PMC Epsilon,lost 4 - 5,2
Mon Feb 14 @ 8:00 pm,Columbia Icefield: Gym 3,Dodge This!,won 5 - 0,avg.
END_SEASON

PLAYOFFS:
Date/Time,Location,Opposing Team,Score,S.O.C.
Sat Mar 19 @ 4:30 pm,Columbia Icefield: Gym 1,Up and At Them,won 4 - 5,2
Tue Mar 29 @ 9:00 pm,Columbia Icefield: Gym 3,Off-Campus Dodgers,won 5 - 2,1
Thu Mar 31 @ 9:00 pm,Columbia Icefield: Gym 3,Pussywillows,won 4 - 5,2
END_PLAYOFFS

ROSTER:
Player,Captaincy,uwaterloo_email
Keri Delaney,(C),pro_star128@hotmail.com
Jeremy Day,,
Stephen De Thomasis,,
Alexander Ellsworth,,
Zhao Jin,,
Douglas Mackendrick,,
Christopher Paulo,,
Darryl Shen,,
Craig Silnieks,,
David Skoryk,,
Chi Sum,,
END_ROSTER
