INFO:
teamName,Balls of En-V XXXVII
teamAbbreviation,Balls of En-V XXXVII
sportId,n/a
sportName,n/a
sportRules,n/a
leagueId,watMu
levelId,n/a
seasonName,n/a
seasonId,n/a
Roster Size,15
Season Games Played,6
Playoff Round Lengths,1,1,1
END_INFO

SEASON:
Date/Time,Location,Opposing Team,Score,S.O.C.
Thu Jan 13 @ 9:00 pm,Columbia Icefield: Gym 3,Free Ballers,lost 3 - 5,4
Tue Jan 18 @ 5:00 pm,Columbia Icefield: Gym 3,Dodge This!,lost 5 - 4,4
Thu Jan 20 @ 5:00 pm,Columbia Icefield: Gym 3,PMC Epsilon,won 4 - 5,4
Thu Feb 3 @ 7:00 pm,Columbia Icefield: Gym 3,Team D&D,won 1 - 8,4
Thu Feb 10 @ 6:00 pm,Columbia Icefield: Gym 3,Indivs I-1,won 2 - 7,4
Thu Feb 17 @ 10:00 pm,Columbia Icefield: Gym 3,The Besticles,won 9 - 0,4
END_SEASON

PLAYOFFS:
Date/Time,Location,Opposing Team,Score,S.O.C.
Thu Mar 17 @ 5:00 pm,Columbia Icefield: Gym 3,Hit ‘em With a Freeze Pop,won 5 - 4,2
Tue Mar 29 @ 10:00 pm,Columbia Icefield: Gym 3,Entry Form,won 4 - 1,2
Thu Mar 31 @ 8:00 pm,Columbia Icefield: Gym 3,The Mighty Tearducts,lost 5 - 3,2
END_PLAYOFFS

ROSTER:
Player,Captaincy,uwaterloo_email
Robert McIntosh,(C),robert_mcintosh@sympatico.ca
Mark Barsevskis,,
Aaron Butler,,
Eric Chu,,
Stuart David,,
Alan Derksen,,
Alexander Flanagan,,
Matthew Heather,,
Dominic Ho,,
Stephen Krysak,,
Kaly Manson,,
Eric Mark,,
Sean McCullough,,
Andrea Santi,,
Kara Singbeil,,
END_ROSTER
