INFO:
teamName,The Mighty Tearducts
teamAbbreviation,The Mighty Tearducts
sportId,n/a
sportName,n/a
sportRules,n/a
leagueId,watMu
levelId,n/a
seasonName,n/a
seasonId,n/a
Roster Size,16
Season Games Played,6
Playoff Round Lengths,1,1,1
END_INFO

SEASON:
Date/Time,Location,Opposing Team,Score,S.O.C.
Sat Jan 29 @ 1:30 pm,Columbia Icefield: Gym 1,X-acto,lost 3 - 5,3
Sat Feb 5 @ 6:30 pm,Columbia Icefield: Gym 1,Falcon Punch,won 7 - 1,-1
Sat Feb 12 @ 5:30 pm,Columbia Icefield: Gym 1,Renison,won 9 - 0,4
Sat Mar 5 @ 6:30 pm,Columbia Icefield: Gym 1,Indivs I-2,won 6 - 3,4
Thu Mar 10 @ 9:00 pm,Columbia Icefield: Gym 3,Renison,won 4 - 5,4
Sat Mar 12 @ 3:30 pm,Columbia Icefield: Gym 1,Up and At Them,lost 6 - 3,3
END_SEASON

PLAYOFFS:
Date/Time,Location,Opposing Team,Score,S.O.C.
Mon Mar 21 @ 8:00 pm,Columbia Icefield: Gym 3,The last of the Dodgers,won 2 - 5,2
Tue Mar 29 @ 6:00 pm,Columbia Icefield: Gym 3,S3 W3 United,won 1 - 5,2
Thu Mar 31 @ 8:00 pm,Columbia Icefield: Gym 3,Balls of En-V XXXVII,won 5 - 3,2
END_PLAYOFFS

ROSTER:
Player,Captaincy,uwaterloo_email
Anthony Fu,(C),tonyfuster@gmail.com
Amanda Bartlett,,
Andrew Chan,,
Jason Chan,,
Bryan Ens,,
Vivian Fung,,
Bhupinder Johal,,
Celine Lai-Tong,,
Sophia Leung,,
Thomas Leung,,
Theola Li,,
Shawn Lins,,
Andrew Macpherson,,
Matthew Neudorf,,
Brandon Prete,,
Melissa Yee,,
END_ROSTER
