INFO:
teamName,Hit ‘em With a Freeze Pop
teamAbbreviation,Hit ‘em With a Freeze Pop
sportId,n/a
sportName,n/a
sportRules,n/a
leagueId,watMu
levelId,n/a
seasonName,n/a
seasonId,n/a
Roster Size,9
Season Games Played,6
Playoff Round Lengths,1
END_INFO

SEASON:
Date/Time,Location,Opposing Team,Score,S.O.C.
Mon Jan 17 @ 5:00 pm,Columbia Icefield: Gym 3,SCI Balls,won 5 - 4,4
Mon Jan 24 @ 3:00 pm,Columbia Icefield: Gym 3,Lord Panic and The Exploders,won 5 - 0,avg.
Mon Jan 31 @ 5:00 pm,Columbia Icefield: Gym 3,SCI Balls,won 1 - 8,4
Mon Feb 7 @ 3:00 pm,Columbia Icefield: Gym 3,Ball Hawks,lost 8 - 1,4
Mon Feb 28 @ 6:00 pm,Columbia Icefield: Gym 3,Pussywillows,lost 8 - 1,4
Mon Mar 7 @ 5:00 pm,Columbia Icefield: Gym 3,The Cherry Blasters,lost 8 - 1,4
END_SEASON

PLAYOFFS:
Date/Time,Location,Opposing Team,Score,S.O.C.
Thu Mar 17 @ 5:00 pm,Columbia Icefield: Gym 3,Balls of En-V XXXVII,lost 5 - 4,2
END_PLAYOFFS

ROSTER:
Player,Captaincy,uwaterloo_email
Karsten Cheng,(C),karsten.cheng@gmail.com
Ross Arnold,,
Scott Greenlay,,
Peter Groot,,
Janessa Mann,,
Ryan Mann,,
Daniel Root,,
Thomas Scott,,
Jonathan Van Egmond,,
END_ROSTER
