INFO:
teamName,The last of the Dodgers
teamAbbreviation,The last of the Dodgers
sportId,n/a
sportName,n/a
sportRules,n/a
leagueId,watMu
levelId,n/a
seasonName,n/a
seasonId,n/a
Roster Size,17
Season Games Played,6
Playoff Round Lengths,1
END_INFO

SEASON:
Date/Time,Location,Opposing Team,Score,S.O.C.
Mon Jan 17 @ 9:00 pm,Columbia Icefield: Gym 3,Falcon Punch,won 6 - 3,4
Mon Jan 24 @ 9:00 pm,Columbia Icefield: Gym 3,Renison,won 0 - 5,avg.
Mon Jan 31 @ 9:00 pm,Columbia Icefield: Gym 3,Indivs I-2,lost 6 - 3,4
Thu Feb 10 @ 9:00 pm,Columbia Icefield: Gym 3,Team D&D,won 2 - 7,4
Mon Feb 14 @ 9:00 pm,Columbia Icefield: Gym 3,Renison,lost 6 - 2,4
Mon Mar 7 @ 8:00 pm,Columbia Icefield: Gym 3,Big Balls in Face,won 5 - 3,3
END_SEASON

PLAYOFFS:
Date/Time,Location,Opposing Team,Score,S.O.C.
Mon Mar 21 @ 8:00 pm,Columbia Icefield: Gym 3,The Mighty Tearducts,lost 2 - 5,0
END_PLAYOFFS

ROSTER:
Player,Captaincy,uwaterloo_email
Sarah Silverstein,(C),ssilvrs@fes.uwaterloo.ca
Ryan Ahola,,
Peter Bird,,
Andrea Dedlow,,
Ian Delves,,
John Gallop,,
Tyler Hunt,,
Elizabeth Kaempffer,,
Melissa Leclair,,
Daniel Lee,,
Brittney Martin,,
Barry O’Doherty,,
Thomas Posavad,,
Owen Slater,,
Scott Thompson,,
Michael Tollis,,
Emily Wisnicki,,
END_ROSTER
