INFO:
teamName,Ball Hawks
teamAbbreviation,Ball Hawks
sportId,n/a
sportName,n/a
sportRules,n/a
leagueId,watMu
levelId,n/a
seasonName,n/a
seasonId,n/a
Roster Size,10
Season Games Played,6
Playoff Round Lengths,1
END_INFO

SEASON:
Date/Time,Location,Opposing Team,Score,S.O.C.
Mon Jan 17 @ 10:00 pm,Columbia Icefield: Gym 3,Off-Campus Dodgers,lost 5 - 1,0
Mon Jan 24 @ 4:00 pm,Columbia Icefield: Gym 3,Pussywillows,lost 1 - 8,4
Mon Jan 31 @ 4:00 pm,Columbia Icefield: Gym 3,The Cherry Blasters,lost 1 - 5,3
Mon Feb 7 @ 3:00 pm,Columbia Icefield: Gym 3,Hit ‘em With a Freeze Pop,won 8 - 1,4
Mon Feb 28 @ 5:00 pm,Columbia Icefield: Gym 3,SCI Balls,lost 5 - 0,-2
Mon Mar 7 @ 4:00 pm,Columbia Icefield: Gym 3,Lord Panic and The Exploders,won 0 - 5,avg.
END_SEASON

PLAYOFFS:
Date/Time,Location,Opposing Team,Score,S.O.C.
Sat Mar 19 @ 2:30 pm,Columbia Icefield: Gym 1,Meatballs,lost 5 - 0,-2
END_PLAYOFFS

ROSTER:
Player,Captaincy,uwaterloo_email
Andrew McGarvey,(C),amcgarve@uwaterloo.ca
Daniel Baggio,,
Troy Campbell,,
Sao He,,
Rajesh Jaglal,,
Riyad Khamis,,
Gary Liu,,
Jeremy Luymes,,
Jason Tan,,
Michael Yun,,
END_ROSTER
