INFO:
teamName,SCI Balls
teamAbbreviation,SCI Balls
sportId,n/a
sportName,n/a
sportRules,n/a
leagueId,watMu
levelId,n/a
seasonName,n/a
seasonId,n/a
Roster Size,37
Season Games Played,6
Playoff Round Lengths,1
END_INFO

SEASON:
Date/Time,Location,Opposing Team,Score,S.O.C.
Mon Jan 17 @ 5:00 pm,Columbia Icefield: Gym 3,Hit ‘em With a Freeze Pop,lost 5 - 4,4
Mon Jan 24 @ 6:00 pm,Columbia Icefield: Gym 3,Off-Campus Dodgers,lost 9 - 0,4
Mon Jan 31 @ 5:00 pm,Columbia Icefield: Gym 3,Hit ‘em With a Freeze Pop,lost 1 - 8,4
Mon Feb 7 @ 5:00 pm,Columbia Icefield: Gym 3,The Wingnuts,lost 3 - 6,4
Mon Feb 28 @ 5:00 pm,Columbia Icefield: Gym 3,Ball Hawks,won 5 - 0,avg.
Mon Mar 7 @ 7:00 pm,Columbia Icefield: Gym 3,Pussywillows,lost 9 - 0,2
END_SEASON

PLAYOFFS:
Date/Time,Location,Opposing Team,Score,S.O.C.
Tue Mar 22 @ 6:00 pm,Columbia Icefield: Gym 3,The Wingnuts,lost 5 - 1,1
END_PLAYOFFS

ROSTER:
Player,Captaincy,uwaterloo_email
Kristen Leal,(C),kaleal@uwaterloo.ca
Terrence Anderson,,
Lindsay Benevides,,
Amber Blackwell,,
Luke Brough,,
James Cerar,,
Michael Chan,,
Valerie Clement,,
Nicole Domanski,,
Nicole Dube,,
Kevin Flood,,
Corey Godfrey,,
Lauren Harrison,,
Jason Homewood,,
Katherine Kennedy,,
Lillian Kwok,,
David Lai,,
Joseph Lin,,
Lacey McCay,,
Alexandar Mechev,,
Corey Nixon,,
Vianna Pan,,
Natalie Pankretic,,
Deep Patel,,
Ricki Rathwell,,
Jennifer Reid,,
Emily Risen,,
Joseph Robert,,
Frances Salaveria,,
Denise Ssali,,
Laureena Ssali,,
Hei Tang,,
Kevin Therien,,
Cameron Toy,,
Patrick Visaya,,
Rachel Viscontas,,
Elisa Watson,,
END_ROSTER
