INFO:
teamName,Car Ram Rods
teamAbbreviation,Car Ram Rods
sportId,n/a
sportName,n/a
sportRules,n/a
leagueId,watMu
levelId,n/a
seasonName,n/a
seasonId,n/a
Roster Size,12
Season Games Played,6
Playoff Round Lengths,1
END_INFO

SEASON:
Date/Time,Location,Opposing Team,Score,S.O.C.
Mon Jan 17 @ 8:00 pm,Columbia Icefield: Gym 3,Pulled Pork,lost 0 - 8,4
Mon Feb 7 @ 7:00 pm,Columbia Icefield: Gym 3,Meatballs,lost 2 - 7,3
Tue Mar 1 @ 6:00 pm,Columbia Icefield: Gym 3,West 2 and Associates,lost 3 - 4,4
Tue Mar 1 @ 9:00 pm,Columbia Icefield: Gym 3,Entry Form,lost 0 - 8,4
Tue Mar 15 @ 7:00 pm,Columbia Icefield: Gym 3,Clown Baby (ESGA),lost 7 - 0,4
Tue Mar 15 @ 8:00 pm,Columbia Icefield: Gym 3,S3 W3 United,tie 4 - 4,4
END_SEASON

PLAYOFFS:
Date/Time,Location,Opposing Team,Score,S.O.C.
Sat Mar 26 @ 3:30 pm,Columbia Icefield: Gym 1,Falcon Punch,lost 5 - 4,1
END_PLAYOFFS

ROSTER:
Player,Captaincy,uwaterloo_email
Keegan McCallum,(C),kmccallu@uwaterloo.ca
Catherine Declaro,,
Emily Gruber,,
Nicolas Klak,,
Travis McElveny,,
Erin Merkley,,
Aamir Pasha,,
Nicholas Roberts,,
Maria Sicutad,,
Brittany Sinclair,,
Kelly White,,
Kelly White,,
END_ROSTER
