INFO:
teamName,Team D&D
teamAbbreviation,Team D&D
sportId,n/a
sportName,n/a
sportRules,n/a
leagueId,watMu
levelId,n/a
seasonName,n/a
seasonId,n/a
Roster Size,15
Season Games Played,6
Playoff Round Lengths,1,1
END_INFO

SEASON:
Date/Time,Location,Opposing Team,Score,S.O.C.
Thu Jan 13 @ 8:00 pm,Columbia Icefield: Gym 3,PMC Epsilon,lost 5 - 2,2
Thu Jan 20 @ 7:00 pm,Columbia Icefield: Gym 3,Dodge This!,won 0 - 5,avg.
Thu Jan 27 @ 9:00 pm,Columbia Icefield: Gym 3,The Besticles,won 3 - 6,3
Thu Feb 3 @ 7:00 pm,Columbia Icefield: Gym 3,Balls of En-V XXXVII,lost 1 - 8,4
Thu Feb 10 @ 9:00 pm,Columbia Icefield: Gym 3,The last of the Dodgers,lost 2 - 7,4
Thu Mar 3 @ 7:00 pm,Columbia Icefield: Gym 3,The Fresh Komoto Dragons,tie 4 - 4,4
END_SEASON

PLAYOFFS:
Date/Time,Location,Opposing Team,Score,S.O.C.
Thu Mar 24 @ 7:00 pm,Columbia Icefield: Gym 3,KWCAC,won 5 - 0,2
Sat Mar 26 @ 6:30 pm,Columbia Icefield: Gym 1,The Wingnuts,lost 5 - 2,1
END_PLAYOFFS

ROSTER:
Player,Captaincy,uwaterloo_email
Darrell Cheng,(C),d3cheng@uwaterloo.ca
Jason Burns,,
Michael Chao,,
Karston Chong,,
Catherine Christoffersen,,
Harmeen Deol,,
Ian Droog,,
Fan Geng,,
Stanley Lam,,
Shuang Liu,,
Jonanthan Nagulananthan,,
Segun Olawale,,
Aleksandar Pesic,,
Erik Schwalm,,
Jianan Yin,,
END_ROSTER
