INFO:
teamName,Dodge This!
teamAbbreviation,Dodge This!
sportId,n/a
sportName,n/a
sportRules,n/a
leagueId,watMu
levelId,n/a
seasonName,n/a
seasonId,n/a
Roster Size,10
Season Games Played,6
Playoff Round Lengths,0
END_INFO

SEASON:
Date/Time,Location,Opposing Team,Score,S.O.C.
Thu Jan 13 @ 6:00 pm,Columbia Icefield: Gym 3,Indivs I-1,won 4 - 6,3
Tue Jan 18 @ 5:00 pm,Columbia Icefield: Gym 3,Balls of En-V XXXVII,won 5 - 4,4
Thu Jan 20 @ 7:00 pm,Columbia Icefield: Gym 3,Team D&D,lost 0 - 5,-2
Thu Feb 3 @ 6:00 pm,Columbia Icefield: Gym 3,The Fresh Komoto Dragons,won 0 - 5,avg.
Thu Feb 10 @ 4:00 pm,Columbia Icefield: Gym 3,The Fresh Komoto Dragons,won 0 - 5,avg.
Mon Feb 14 @ 8:00 pm,Columbia Icefield: Gym 3,Free Ballers,lost 5 - 0,-2
END_SEASON

PLAYOFFS:
Date/Time,Location,Opposing Team,Score,S.O.C.
END_PLAYOFFS

ROSTER:
Player,Captaincy,uwaterloo_email
Matthew Hanselman,(C),m.t.Hanselman@gmail.com
Kyle Collier,,
Christopher Goodine,,
Premsatya Kalevar,,
Jennifer Mansell,,
Matthew McDonald,,
Dylan McPhail,,
Jean-Samuel Rancourt,,
Nina Roy,,
Tomasz Rulka,,
END_ROSTER
