INFO:
teamName,Renison
teamAbbreviation,Renison
sportId,n/a
sportName,n/a
sportRules,n/a
leagueId,watMu
levelId,n/a
seasonName,n/a
seasonId,n/a
Roster Size,13
Season Games Played,6
Playoff Round Lengths,1
END_INFO

SEASON:
Date/Time,Location,Opposing Team,Score,S.O.C.
Sat Jan 22 @ 4:30 pm,Columbia Icefield: Gym 1,Renison,won 2 - 9,3
Sat Jan 29 @ 5:30 pm,Columbia Icefield: Gym 1,Indivs I-2,won 0 - 5,avg.
Sat Feb 5 @ 5:30 pm,Columbia Icefield: Gym 1,Up and At Them,lost 5 - 4,4
Mon Feb 14 @ 9:00 pm,Columbia Icefield: Gym 3,The last of the Dodgers,won 6 - 2,4
Mon Feb 28 @ 7:00 pm,Columbia Icefield: Gym 3,Big Balls in Face,won 6 - 2,4
Thu Mar 10 @ 9:00 pm,Columbia Icefield: Gym 3,The Mighty Tearducts,lost 4 - 5,4
END_SEASON

PLAYOFFS:
Date/Time,Location,Opposing Team,Score,S.O.C.
Thu Mar 17 @ 6:00 pm,Columbia Icefield: Gym 3,S3 W3 United,lost 0 - 5,-2
END_PLAYOFFS

ROSTER:
Player,Captaincy,uwaterloo_email
Nathan Vandermey,(C),nmavande@uwaterloo.ca
Mikelle Caine,,
Steven Chen,,
Adrian Edlund,,
Colin Forber,,
Joanne General,,
Jason Gordon,,
Sophie Hogeveen,,
Jessen Jakobsh,,
Jun Li,,
Sarah Mast,,
John Neal,,
Heidi Vandermeer,,
END_ROSTER
