INFO:
teamName,Entry Form
teamAbbreviation,Entry Form
sportId,n/a
sportName,n/a
sportRules,n/a
leagueId,watMu
levelId,n/a
seasonName,n/a
seasonId,n/a
Roster Size,16
Season Games Played,6
Playoff Round Lengths,1,1
END_INFO

SEASON:
Date/Time,Location,Opposing Team,Score,S.O.C.
Tue Jan 18 @ 6:00 pm,Columbia Icefield: Gym 3,West 2 and Associates,lost 6 - 3,0
Tue Feb 8 @ 9:00 pm,Columbia Icefield: Gym 3,Clown Baby (ESGA),lost 5 - 4,4
Mon Feb 28 @ 10:00 pm,Columbia Icefield: Gym 3,Splendid Specimens,won 0 - 9,4
Tue Mar 1 @ 9:00 pm,Columbia Icefield: Gym 3,Car Ram Rods,won 0 - 8,4
Tue Mar 8 @ 10:00 pm,Columbia Icefield: Gym 3,KWCAC,won 1 - 8,4
Mon Mar 14 @ 10:00 pm,Columbia Icefield: Gym 3,Pulled Pork,won 7 - 2,2
END_SEASON

PLAYOFFS:
Date/Time,Location,Opposing Team,Score,S.O.C.
Sat Mar 19 @ 5:30 pm,Columbia Icefield: Gym 1,PMC Epsilon,won 2 - 5,2
Tue Mar 29 @ 10:00 pm,Columbia Icefield: Gym 3,Balls of En-V XXXVII,lost 4 - 1,2
END_PLAYOFFS

ROSTER:
Player,Captaincy,uwaterloo_email
Mitchell Jameson,(C),mrjameso@uwaterloo.ca
Nicholas Begley,,
Matthew Books,,
Colin Brennan,,
Oliver Cardoza,,
Ahmed Elnaiem,,
Angelica Escareno,,
James Growden,,
David Holt,,
Curtis Jones,,
Justin Leong,,
Stephen Louli,,
Ryan Mahler,,
David Martinac,,
Patrick Mikolajczak,,
Joram Wilander,,
END_ROSTER
