INFO:
teamName,KWCAC
teamAbbreviation,KWCAC
sportId,n/a
sportName,n/a
sportRules,n/a
leagueId,watMu
levelId,n/a
seasonName,n/a
seasonId,n/a
Roster Size,18
Season Games Played,6
Playoff Round Lengths,1
END_INFO

SEASON:
Date/Time,Location,Opposing Team,Score,S.O.C.
Tue Jan 25 @ 5:00 pm,Columbia Icefield: Gym 3,S3 W3 United,lost 8 - 1,2
Tue Feb 8 @ 6:00 pm,Columbia Icefield: Gym 3,West 2 and Associates,lost 9 - 0,0
Mon Feb 14 @ 10:00 pm,Columbia Icefield: Gym 3,Pulled Pork,lost 7 - 1,4
Tue Mar 8 @ 10:00 pm,Columbia Icefield: Gym 3,Entry Form,lost 1 - 8,4
Sat Mar 12 @ 5:30 pm,Columbia Icefield: Gym 1,Meatballs,won 4 - 5,3
Mon Mar 14 @ 8:00 pm,Columbia Icefield: Gym 3,Splendid Specimens,won 6 - 3,3
END_SEASON

PLAYOFFS:
Date/Time,Location,Opposing Team,Score,S.O.C.
Thu Mar 24 @ 7:00 pm,Columbia Icefield: Gym 3,Team D&D,lost 5 - 0,2
END_PLAYOFFS

ROSTER:
Player,Captaincy,uwaterloo_email
Solomon Xu,(C),skcxu@uwaterloo.ca
Denise Chan,,
Karen Cheung,,
Alexander Ip,,
Wing Kam,,
Kwok Lo,,
Ka Yan Luk,,
Ching Ng,,
Tiffany Ng,,
Ricky Ngan,,
Stephanie Sung,,
Yuk Tang,,
Xin Wen,,
Brian Wong,,
Hoi Wong,,
Man Wong,,
Jia Xian,,
EnHui Zhuang,,
END_ROSTER
