INFO:
teamName,PMC Epsilon
teamAbbreviation,PMC Epsilon
sportId,n/a
sportName,n/a
sportRules,n/a
leagueId,watMu
levelId,n/a
seasonName,n/a
seasonId,n/a
Roster Size,15
Season Games Played,6
Playoff Round Lengths,1
END_INFO

SEASON:
Date/Time,Location,Opposing Team,Score,S.O.C.
Thu Jan 13 @ 8:00 pm,Columbia Icefield: Gym 3,Team D&D,won 5 - 2,2
Thu Jan 20 @ 5:00 pm,Columbia Icefield: Gym 3,Balls of En-V XXXVII,lost 4 - 5,4
Thu Jan 27 @ 5:00 pm,Columbia Icefield: Gym 3,Indivs I-1,won 3 - 4,4
Thu Feb 10 @ 8:00 pm,Columbia Icefield: Gym 3,Free Ballers,won 4 - 5,4
Sat Feb 12 @ 2:30 pm,Columbia Icefield: Gym 1,Pussywillows,lost 6 - 3,4
Thu Feb 17 @ 7:00 pm,Columbia Icefield: Gym 3,Indivs I-1,won 2 - 7,3
END_SEASON

PLAYOFFS:
Date/Time,Location,Opposing Team,Score,S.O.C.
Sat Mar 19 @ 5:30 pm,Columbia Icefield: Gym 1,Entry Form,lost 2 - 5,2
END_PLAYOFFS

ROSTER:
Player,Captaincy,uwaterloo_email
David McLaughlin,(C),dmclaugh@uwaterloo.ca
Umar Aftab,,
Adrian Brown,,
Ian Charlesworth,,
Kevin Chow,,
Olivier Gilbert,,
Joseph Horan,,
Sean Hunt,,
Ifaz Kabir,,
Yifan Li,,
Mateusz Olechnowicz,,
Sarah Pidcock,,
Dmitry Serbin,,
David Shi,,
Sarah Sun,,
END_ROSTER
