INFO:
teamName,Meatballs
teamAbbreviation,Meatballs
sportId,n/a
sportName,n/a
sportRules,n/a
leagueId,watMu
levelId,n/a
seasonName,n/a
seasonId,n/a
Roster Size,12
Season Games Played,6
Playoff Round Lengths,1,1,1
END_INFO

SEASON:
Date/Time,Location,Opposing Team,Score,S.O.C.
Mon Jan 24 @ 10:00 pm,Columbia Icefield: Gym 3,West 2 and Associates,lost 8 - 1,2
Mon Feb 7 @ 7:00 pm,Columbia Icefield: Gym 3,Car Ram Rods,won 2 - 7,4
Mon Feb 14 @ 7:00 pm,Columbia Icefield: Gym 3,Splendid Specimens,won 2 - 5,3
Sat Mar 12 @ 4:30 pm,Columbia Icefield: Gym 1,S3 W3 United,lost 2 - 7,4
Sat Mar 12 @ 5:30 pm,Columbia Icefield: Gym 1,KWCAC,lost 4 - 5,4
Mon Mar 14 @ 9:00 pm,Columbia Icefield: Gym 3,Pulled Pork,won 3 - 6,4
END_SEASON

PLAYOFFS:
Date/Time,Location,Opposing Team,Score,S.O.C.
Sat Mar 19 @ 2:30 pm,Columbia Icefield: Gym 1,Ball Hawks,won 5 - 0,0
Sat Mar 26 @ 5:30 pm,Columbia Icefield: Gym 1,Indivs I-1,won 3 - 1,1
Thu Mar 31 @ 7:00 pm,Columbia Icefield: Gym 3,The Wingnuts,lost 4 - 5,2
END_PLAYOFFS

ROSTER:
Player,Captaincy,uwaterloo_email
Deanna Andreatta,(C),dsandrea@uwaterloo.ca
Pierre Arys-Wyszomirski,,
Joseph Connolly,,
Ryan Erickson,,
Garrett Gottlieb,,
Thomas Hunt,,
Brendan Jarrett,,
Emanuel Katsnelson,,
Bryant Klassen,,
Kelly Sanders,,
Sean Sexton,,
Christopher St. Onge,,
END_ROSTER
