INFO:
teamName,Splendid Specimens
teamAbbreviation,Splendid Specimens
sportId,n/a
sportName,n/a
sportRules,n/a
leagueId,watMu
levelId,n/a
seasonName,n/a
seasonId,n/a
Roster Size,13
Season Games Played,6
Playoff Round Lengths,1,1
END_INFO

SEASON:
Date/Time,Location,Opposing Team,Score,S.O.C.
Mon Jan 17 @ 7:00 pm,Columbia Icefield: Gym 3,Clown Baby (ESGA),lost 6 - 2,4
Mon Feb 14 @ 7:00 pm,Columbia Icefield: Gym 3,Meatballs,lost 2 - 5,1
Mon Feb 28 @ 10:00 pm,Columbia Icefield: Gym 3,Entry Form,lost 0 - 9,4
Mon Mar 7 @ 10:00 pm,Columbia Icefield: Gym 3,West 2 and Associates,lost 1 - 8,4
Mon Mar 14 @ 7:00 pm,Columbia Icefield: Gym 3,S3 W3 United,lost 8 - 1,4
Mon Mar 14 @ 8:00 pm,Columbia Icefield: Gym 3,KWCAC,lost 6 - 3,4
END_SEASON

PLAYOFFS:
Date/Time,Location,Opposing Team,Score,S.O.C.
Sat Mar 19 @ 1:30 pm,Columbia Icefield: Gym 1,The Besticles,won 5 - 0,0
Sat Mar 26 @ 4:30 pm,Columbia Icefield: Gym 1,Big Balls in Face,lost 5 - 0,-2
END_PLAYOFFS

ROSTER:
Player,Captaincy,uwaterloo_email
Jennifer Wong,(C),jenn.wong@hotmail.com
Rico Chan,,
Shaelyn Culleton,,
Hsing-Fang Hsueh,,
Sinthujah Jeyarasalingam,,
Nikhil Kitchlu,,
Jessalyn Luna,,
Reena Motwani,,
Jeffrey Quach,,
Krista-Danielle Richards,,
Matthew Wai,,
Carmen Wong,,
Ajodele Zapparoli,,
END_ROSTER
