INFO:
teamName,The Wingnuts
teamAbbreviation,The Wingnuts
sportId,n/a
sportName,n/a
sportRules,n/a
leagueId,watMu
levelId,n/a
seasonName,n/a
seasonId,n/a
Roster Size,13
Season Games Played,6
Playoff Round Lengths,1,1,1
END_INFO

SEASON:
Date/Time,Location,Opposing Team,Score,S.O.C.
Mon Jan 17 @ 4:00 pm,Columbia Icefield: Gym 3,Pussywillows,lost 1 - 8,4
Mon Jan 24 @ 5:00 pm,Columbia Icefield: Gym 3,The Cherry Blasters,lost 1 - 7,4
Tue Feb 1 @ 6:00 pm,Columbia Icefield: Gym 3,Lord Panic and The Exploders,won 3 - 6,3
Mon Feb 7 @ 5:00 pm,Columbia Icefield: Gym 3,SCI Balls,won 3 - 6,4
Mon Feb 28 @ 4:00 pm,Columbia Icefield: Gym 3,Lord Panic and The Exploders,won 0 - 5,avg.
Mon Mar 7 @ 6:00 pm,Columbia Icefield: Gym 3,Off-Campus Dodgers,lost 6 - 2,4
END_SEASON

PLAYOFFS:
Date/Time,Location,Opposing Team,Score,S.O.C.
Tue Mar 22 @ 6:00 pm,Columbia Icefield: Gym 3,SCI Balls,won 5 - 1,1
Sat Mar 26 @ 6:30 pm,Columbia Icefield: Gym 1,Team D&D,won 5 - 2,1
Thu Mar 31 @ 7:00 pm,Columbia Icefield: Gym 3,Meatballs,won 4 - 5,2
END_PLAYOFFS

ROSTER:
Player,Captaincy,uwaterloo_email
Simon Pushelberg,(C),simonpushelberg@hotmail.com
Justin Allman,,
Zachary Boam,,
Eric Cheng,,
Harry Cheng,,
Nicole Clarke,,
Mark DiFranco,,
Gerald Gayowsky,,
Taehyun Joo,,
Matthew Lewis,,
Adam Neville,,
Christopher Tidder,,
Konrad Zielinski,,
END_ROSTER
