INFO:
teamName,X-acto
teamAbbreviation,X-acto
sportId,n/a
sportName,n/a
sportRules,n/a
leagueId,watMu
levelId,n/a
seasonName,n/a
seasonId,n/a
Roster Size,9
Season Games Played,6
Playoff Round Lengths,1
END_INFO

SEASON:
Date/Time,Location,Opposing Team,Score,S.O.C.
Sat Jan 22 @ 1:30 pm,Columbia Icefield: Gym 1,Big Balls in Face,won 0 - 5,avg.
Sat Jan 29 @ 1:30 pm,Columbia Icefield: Gym 1,The Mighty Tearducts,won 3 - 5,2
Sat Feb 12 @ 1:30 pm,Columbia Icefield: Gym 1,Falcon Punch,won 9 - 0,2
Sat Mar 5 @ 1:30 pm,Columbia Icefield: Gym 1,Renison,won 5 - 0,avg.
Thu Mar 10 @ 10:00 pm,Columbia Icefield: Gym 3,Big Balls in Face,won 4 - 3,3
Sat Mar 12 @ 2:30 pm,Columbia Icefield: Gym 1,Indivs I-2,won 5 - 0,avg.
END_SEASON

PLAYOFFS:
Date/Time,Location,Opposing Team,Score,S.O.C.
Mon Mar 21 @ 7:00 pm,Columbia Icefield: Gym 3,Pussywillows,lost 1 - 5,2
END_PLAYOFFS

ROSTER:
Player,Captaincy,uwaterloo_email
Brett Harrison,(C),b3harris@uwaterloo.ca
Jennifer Brailsford,,
Quinn Camlis,,
Andrew Davidson,,
Nicolle Gagnon,,
Craig Hamilton,,
Benjamin Harper,,
Phillip Marvyn,,
Bradley Moncion,,
END_ROSTER
