INFO:
teamName,The Cherry Blasters
teamAbbreviation,The Cherry Blasters
sportId,n/a
sportName,n/a
sportRules,n/a
leagueId,watMu
levelId,n/a
seasonName,n/a
seasonId,n/a
Roster Size,11
Season Games Played,6
Playoff Round Lengths,1,1
END_INFO

SEASON:
Date/Time,Location,Opposing Team,Score,S.O.C.
Sat Jan 15 @ 4:30 pm,Columbia Icefield: Gym 1,Lord Panic and The Exploders,won 7 - 1,-3
Mon Jan 24 @ 5:00 pm,Columbia Icefield: Gym 3,The Wingnuts,won 1 - 7,4
Mon Jan 31 @ 4:00 pm,Columbia Icefield: Gym 3,Ball Hawks,won 1 - 5,4
Tue Feb 1 @ 5:00 pm,Columbia Icefield: Gym 3,The Besticles,won 5 - 0,avg.
Mon Mar 7 @ 5:00 pm,Columbia Icefield: Gym 3,Hit ‘em With a Freeze Pop,won 8 - 1,4
Mon Mar 14 @ 6:00 pm,Columbia Icefield: Gym 3,Off-Campus Dodgers,won 3 - 6,4
END_SEASON

PLAYOFFS:
Date/Time,Location,Opposing Team,Score,S.O.C.
Mon Mar 21 @ 6:00 pm,Columbia Icefield: Gym 3,West 2 and Associates,won 5 - 2,2
Tue Mar 29 @ 8:00 pm,Columbia Icefield: Gym 3,Pussywillows,lost 1 - 5,2
END_PLAYOFFS

ROSTER:
Player,Captaincy,uwaterloo_email
Hal McPhail,(C),hwmcphai@uwaterloo.ca
Martin Auclair,,
Patrick Fitzgerald,,
Dieter Kusel,,
Richard Laflamme,,
Christopher McCulley-Hayden,,
Christopher Moning,,
Jordan Nix,,
Eric Nyland,,
Michael Smyth,,
Joshua Wallace,,
END_ROSTER
