INFO:
teamName,Off-Campus Dodgers
teamAbbreviation,Off-Campus Dodgers
sportId,n/a
sportName,n/a
sportRules,n/a
leagueId,watMu
levelId,n/a
seasonName,n/a
seasonId,n/a
Roster Size,13
Season Games Played,6
Playoff Round Lengths,1,1
END_INFO

SEASON:
Date/Time,Location,Opposing Team,Score,S.O.C.
Mon Jan 17 @ 10:00 pm,Columbia Icefield: Gym 3,Ball Hawks,won 5 - 1,1
Mon Jan 24 @ 6:00 pm,Columbia Icefield: Gym 3,SCI Balls,won 9 - 0,4
Mon Jan 31 @ 6:00 pm,Columbia Icefield: Gym 3,Pussywillows,won 6 - 3,1
Mon Feb 7 @ 6:00 pm,Columbia Icefield: Gym 3,Lord Panic and The Exploders,won 9 - 0,3
Mon Mar 7 @ 6:00 pm,Columbia Icefield: Gym 3,The Wingnuts,won 6 - 2,0
Mon Mar 14 @ 6:00 pm,Columbia Icefield: Gym 3,The Cherry Blasters,lost 3 - 6,4
END_SEASON

PLAYOFFS:
Date/Time,Location,Opposing Team,Score,S.O.C.
Sat Mar 26 @ 2:30 pm,Columbia Icefield: Gym 1,Clown Baby (ESGA),won 0 - 5,2
Tue Mar 29 @ 9:00 pm,Columbia Icefield: Gym 3,Free Ballers,lost 5 - 2,0
END_PLAYOFFS

ROSTER:
Player,Captaincy,uwaterloo_email
Benjamin Naismith,(C),ben.naismith@sympatico.ca
Jason Diniz-Wood,,
Michael Gamble,,
Michael Greenwood,,
Travis Hendry,,
Moo Young Jin,,
Michael Kwan,,
Keith Peiris,,
Riaz Qureshi,,
Susanne Roma,,
Nicholas Roy,,
Davin Singh Srinarain,,
Joel Smith,,
END_ROSTER
