INFO:
teamName,Pulled Pork
teamAbbreviation,Pulled Pork
sportId,n/a
sportName,n/a
sportRules,n/a
leagueId,watMu
levelId,n/a
seasonName,n/a
seasonId,n/a
Roster Size,16
Season Games Played,6
Playoff Round Lengths,1
END_INFO

SEASON:
Date/Time,Location,Opposing Team,Score,S.O.C.
Mon Jan 17 @ 8:00 pm,Columbia Icefield: Gym 3,Car Ram Rods,won 0 - 8,3
Mon Feb 14 @ 10:00 pm,Columbia Icefield: Gym 3,KWCAC,won 7 - 1,4
Mon Feb 28 @ 9:00 pm,Columbia Icefield: Gym 3,S3 W3 United,won 7 - 1,4
Mon Mar 7 @ 9:00 pm,Columbia Icefield: Gym 3,Clown Baby (ESGA),lost 4 - 5,3
Mon Mar 14 @ 9:00 pm,Columbia Icefield: Gym 3,Meatballs,lost 3 - 6,3
Mon Mar 14 @ 10:00 pm,Columbia Icefield: Gym 3,Entry Form,lost 7 - 2,4
END_SEASON

PLAYOFFS:
Date/Time,Location,Opposing Team,Score,S.O.C.
Mon Mar 21 @ 10:00 pm,Columbia Icefield: Gym 3,Indivs I-1,lost 1 - 5,1
END_PLAYOFFS

ROSTER:
Player,Captaincy,uwaterloo_email
Raymond Holganza,(C),raymond.holganza@gmail.com
Theodore Antony,,
Jessalyn Broadfoot,,
Tyler Campaigne,,
Andrew Fung,,
Ronald Gizzie,,
Colin Heics,,
Jeyavithushan Jeyaloganathan,,
Alexandra Joyce,,
Katrina Koo,,
Amanda Sutanto,,
Raymond Tong,,
Johnson Tse,,
Mark Wilkinson,,
Adam Yim,,
Yiou Zuo,,
END_ROSTER
