INFO:
teamName,The Fresh Komoto Dragons
teamAbbreviation,The Fresh Komoto Dragons
sportId,n/a
sportName,n/a
sportRules,n/a
leagueId,watMu
levelId,n/a
seasonName,n/a
seasonId,n/a
Roster Size,15
Season Games Played,6
Playoff Round Lengths,0
END_INFO

SEASON:
Date/Time,Location,Opposing Team,Score,S.O.C.
Thu Jan 13 @ 10:00 pm,Columbia Icefield: Gym 3,The Besticles,won 0 - 9,4
Thu Jan 20 @ 6:00 pm,Columbia Icefield: Gym 3,Indivs I-1,lost 5 - 0,-2
Thu Jan 27 @ 6:00 pm,Columbia Icefield: Gym 3,Free Ballers,lost 1 - 7,3
Thu Feb 3 @ 6:00 pm,Columbia Icefield: Gym 3,Dodge This!,lost 0 - 5,-2
Thu Feb 10 @ 4:00 pm,Columbia Icefield: Gym 3,Dodge This!,lost 0 - 5,-2
Thu Mar 3 @ 7:00 pm,Columbia Icefield: Gym 3,Team D&D,tie 4 - 4,4
END_SEASON

PLAYOFFS:
Date/Time,Location,Opposing Team,Score,S.O.C.
END_PLAYOFFS

ROSTER:
Player,Captaincy,uwaterloo_email
William O’Brien,(C),obs4twice@hotmail.com
Aaron Botelho,,
Ian Canis,,
Noah Cowan-Maccallum,,
Renee Grondin,,
Stephen Jones,,
Erin Lush,,
Jordan O’Neill,,
Joel Phillip,,
Brett Roblin,,
Timothy Rodgers,,
Orysia Soroka,,
Michael Turner,,
Mitchell Wolff,,
Caitlin Woodcock,,
END_ROSTER
