INFO:
teamName,Up and At Them
teamAbbreviation,Up and At Them
sportId,n/a
sportName,n/a
sportRules,n/a
leagueId,watMu
levelId,n/a
seasonName,n/a
seasonId,n/a
Roster Size,11
Season Games Played,6
Playoff Round Lengths,1
END_INFO

SEASON:
Date/Time,Location,Opposing Team,Score,S.O.C.
Sat Jan 15 @ 6:30 pm,Columbia Icefield: Gym 1,Indivs I-2,won 0 - 5,avg.
Sat Jan 29 @ 6:30 pm,Columbia Icefield: Gym 1,Falcon Punch,won 8 - 1,2
Sat Feb 5 @ 5:30 pm,Columbia Icefield: Gym 1,Renison,won 5 - 4,0
Sat Feb 12 @ 6:30 pm,Columbia Icefield: Gym 1,The Besticles,won 9 - 0,0
Sat Mar 5 @ 5:30 pm,Columbia Icefield: Gym 1,Big Balls in Face,won 6 - 3,2
Sat Mar 12 @ 3:30 pm,Columbia Icefield: Gym 1,The Mighty Tearducts,won 6 - 3,4
END_SEASON

PLAYOFFS:
Date/Time,Location,Opposing Team,Score,S.O.C.
Sat Mar 19 @ 4:30 pm,Columbia Icefield: Gym 1,Free Ballers,lost 4 - 5,2
END_PLAYOFFS

ROSTER:
Player,Captaincy,uwaterloo_email
Hikmet Bejkosalaj,(C),slash_nick18@hotmail.com
Joshua Adams,,
Ifeanyichukwu Anazodo,,
Jeffrey Byrne,,
William Hillock,,
Andrew House,,
Jason Iaconis,,
Michael Mazurek,,
John  Thompson,,
Robert Tutins,,
Tomas Zunino,,
END_ROSTER
