INFO:
teamName,S3 W3 United
teamAbbreviation,S3 W3 United
sportId,n/a
sportName,n/a
sportRules,n/a
leagueId,watMu
levelId,n/a
seasonName,n/a
seasonId,n/a
Roster Size,19
Season Games Played,6
Playoff Round Lengths,1,1
END_INFO

SEASON:
Date/Time,Location,Opposing Team,Score,S.O.C.
Tue Jan 25 @ 5:00 pm,Columbia Icefield: Gym 3,KWCAC,won 8 - 1,2
Mon Feb 28 @ 9:00 pm,Columbia Icefield: Gym 3,Pulled Pork,lost 7 - 1,4
Tue Mar 1 @ 8:00 pm,Columbia Icefield: Gym 3,Clown Baby (ESGA),lost 7 - 2,4
Sat Mar 12 @ 4:30 pm,Columbia Icefield: Gym 1,Meatballs,won 2 - 7,3
Mon Mar 14 @ 7:00 pm,Columbia Icefield: Gym 3,Splendid Specimens,won 8 - 1,4
Tue Mar 15 @ 8:00 pm,Columbia Icefield: Gym 3,Car Ram Rods,tie 4 - 4,4
END_SEASON

PLAYOFFS:
Date/Time,Location,Opposing Team,Score,S.O.C.
Thu Mar 17 @ 6:00 pm,Columbia Icefield: Gym 3,Renison,won 0 - 5,0
Tue Mar 29 @ 6:00 pm,Columbia Icefield: Gym 3,The Mighty Tearducts,lost 1 - 5,2
END_PLAYOFFS

ROSTER:
Player,Captaincy,uwaterloo_email
Christopher Baughman,(C),christopulus@hotmail.com
Sabatino Bianchi,,
Wei-Chieh Chang,,
Kendra Domenicucci,,
Reece Forster,,
Tevis Jebb,,
Alok Kane,,
David Kim,,
Mason Kolbeck,,
Elliott Kung,,
Chang Lee,,
Chanyoung Park,,
Justen Poole,,
Oscar Ribeiro,,
Vanessa Thomas,,
Kyle White,,
Sarah White,,
Aira Yu,,
Binxiang Zhao,,
END_ROSTER
