INFO:
teamName,Pussywillows
teamAbbreviation,Pussywillows
sportId,n/a
sportName,n/a
sportRules,n/a
leagueId,watMu
levelId,n/a
seasonName,n/a
seasonId,n/a
Roster Size,16
Season Games Played,6
Playoff Round Lengths,1,1,1
END_INFO

SEASON:
Date/Time,Location,Opposing Team,Score,S.O.C.
Mon Jan 17 @ 4:00 pm,Columbia Icefield: Gym 3,The Wingnuts,won 1 - 8,2
Mon Jan 24 @ 4:00 pm,Columbia Icefield: Gym 3,Ball Hawks,won 1 - 8,4
Mon Jan 31 @ 6:00 pm,Columbia Icefield: Gym 3,Off-Campus Dodgers,lost 6 - 3,3
Sat Feb 12 @ 2:30 pm,Columbia Icefield: Gym 1,PMC Epsilon,won 6 - 3,4
Mon Feb 28 @ 6:00 pm,Columbia Icefield: Gym 3,Hit ‘em With a Freeze Pop,won 8 - 1,4
Mon Mar 7 @ 7:00 pm,Columbia Icefield: Gym 3,SCI Balls,won 9 - 0,2
END_SEASON

PLAYOFFS:
Date/Time,Location,Opposing Team,Score,S.O.C.
Mon Mar 21 @ 7:00 pm,Columbia Icefield: Gym 3,X-acto,won 1 - 5,1
Tue Mar 29 @ 8:00 pm,Columbia Icefield: Gym 3,The Cherry Blasters,won 1 - 5,2
Thu Mar 31 @ 9:00 pm,Columbia Icefield: Gym 3,Free Ballers,lost 4 - 5,2
END_PLAYOFFS

ROSTER:
Player,Captaincy,uwaterloo_email
Samantha Black,(C),radar.picture.it@hotmail.com
Umaiyavan Ahilan,,
Brandon Beattie,,
Bridget Doherty,,
Aaron Duncan,,
Adam Fish,,
Christopher Georges,,
Samer Karadsheh,,
Matthew Kielo,,
Ryan McKernan,,
Holly Parkinson,,
Haotian Qin,,
Matthew Reeves,,
Nisarg Shah,,
Nicola Toffelmire,,
Evan Zsiros,,
END_ROSTER
