INFO:
teamName,Falcon Punch
teamAbbreviation,Falcon Punch
sportId,n/a
sportName,n/a
sportRules,n/a
leagueId,watMu
levelId,n/a
seasonName,n/a
seasonId,n/a
Roster Size,12
Season Games Played,6
Playoff Round Lengths,1,1
END_INFO

SEASON:
Date/Time,Location,Opposing Team,Score,S.O.C.
Mon Jan 17 @ 9:00 pm,Columbia Icefield: Gym 3,The last of the Dodgers,lost 6 - 3,4
Sat Jan 29 @ 6:30 pm,Columbia Icefield: Gym 1,Up and At Them,lost 8 - 1,2
Sat Feb 5 @ 6:30 pm,Columbia Icefield: Gym 1,The Mighty Tearducts,lost 7 - 1,2
Sat Feb 12 @ 1:30 pm,Columbia Icefield: Gym 1,X-acto,lost 9 - 0,2
Mon Feb 28 @ 8:00 pm,Columbia Icefield: Gym 3,Indivs I-2,lost 0 - 5,-2
Sat Mar 12 @ 1:30 pm,Columbia Icefield: Gym 1,Renison,won 5 - 0,avg.
END_SEASON

PLAYOFFS:
Date/Time,Location,Opposing Team,Score,S.O.C.
Sat Mar 26 @ 3:30 pm,Columbia Icefield: Gym 1,Car Ram Rods,won 5 - 4,1
Thu Mar 31 @ 6:00 pm,Columbia Icefield: Gym 3,Big Balls in Face,won 5 - 3,0
END_PLAYOFFS

ROSTER:
Player,Captaincy,uwaterloo_email
Alexander Poon,(C),awkpoon@uwaterloo.ca
Colin Bruulsema,,
Shane Lattanzio,,
Clement Lau,,
Kristel Lee-Hon-Siong,,
Saudia Rahamat,,
Benjamin Restivo,,
Artemio Rimando,,
Charlie Soutthiphanh,,
Eduardo Toledo,,
Edgar Tsang,,
Mathieu Yip,,
END_ROSTER
