INFO:
teamName,Lord Panic and The Exploders
teamAbbreviation,Lord Panic and The Exploders
sportId,n/a
sportName,n/a
sportRules,n/a
leagueId,watMu
levelId,n/a
seasonName,n/a
seasonId,n/a
Roster Size,11
Season Games Played,6
Playoff Round Lengths,0
END_INFO

SEASON:
Date/Time,Location,Opposing Team,Score,S.O.C.
Sat Jan 15 @ 4:30 pm,Columbia Icefield: Gym 1,The Cherry Blasters,lost 7 - 1,0
Mon Jan 24 @ 3:00 pm,Columbia Icefield: Gym 3,Hit ‘em With a Freeze Pop,lost 5 - 0,-2
Tue Feb 1 @ 6:00 pm,Columbia Icefield: Gym 3,The Wingnuts,lost 3 - 6,3
Mon Feb 7 @ 6:00 pm,Columbia Icefield: Gym 3,Off-Campus Dodgers,lost 9 - 0,4
Mon Feb 28 @ 4:00 pm,Columbia Icefield: Gym 3,The Wingnuts,lost 0 - 5,-2
Mon Mar 7 @ 4:00 pm,Columbia Icefield: Gym 3,Ball Hawks,lost 0 - 5,-2
END_SEASON

PLAYOFFS:
Date/Time,Location,Opposing Team,Score,S.O.C.
END_PLAYOFFS

ROSTER:
Player,Captaincy,uwaterloo_email
Gareth Macleod,(C),gareth.macleod@gmail.com
Hiu Au,,
Rezart Bajraktari,,
Maxwell Brodie,,
Andrew Cross,,
Chun Ho,,
Liam Miller-Cushon,,
Liam Miller-Cushon,,
Melvin Ng,,
Thomas Price,,
James Rimmer,,
END_ROSTER
