INFO:
teamName,Big Balls in Face
teamAbbreviation,Big Balls in Face
sportId,n/a
sportName,n/a
sportRules,n/a
leagueId,watMu
levelId,n/a
seasonName,n/a
seasonId,n/a
Roster Size,14
Season Games Played,6
Playoff Round Lengths,1,1
END_INFO

SEASON:
Date/Time,Location,Opposing Team,Score,S.O.C.
Sat Jan 22 @ 1:30 pm,Columbia Icefield: Gym 1,X-acto,lost 0 - 5,-2
Mon Jan 31 @ 10:00 pm,Columbia Icefield: Gym 3,Renison,won 7 - 2,4
Mon Feb 28 @ 7:00 pm,Columbia Icefield: Gym 3,Renison,lost 6 - 2,3
Sat Mar 5 @ 5:30 pm,Columbia Icefield: Gym 1,Up and At Them,lost 6 - 3,0
Mon Mar 7 @ 8:00 pm,Columbia Icefield: Gym 3,The last of the Dodgers,lost 5 - 3,4
Thu Mar 10 @ 10:00 pm,Columbia Icefield: Gym 3,X-acto,lost 4 - 3,3
END_SEASON

PLAYOFFS:
Date/Time,Location,Opposing Team,Score,S.O.C.
Sat Mar 26 @ 4:30 pm,Columbia Icefield: Gym 1,Splendid Specimens,won 5 - 0,2
Thu Mar 31 @ 6:00 pm,Columbia Icefield: Gym 3,Falcon Punch,lost 5 - 3,0
END_PLAYOFFS

ROSTER:
Player,Captaincy,uwaterloo_email
Edward Tan,(C),edward.tan0426@gmail.com
Cara Chan,,
Anthony Ho,,
Steven How,,
Michael Hum,,
Gurjant Kalsi,,
Woon Kim,,
Andrew Lackey,,
Stephen Leung,,
Ray Maducdoc,,
Ian Minoso,,
Jonathan Sit,,
Steve Wong,,
Scott Xu,,
END_ROSTER
