INFO:
teamName,Renison
teamAbbreviation,Renison
sportId,n/a
sportName,n/a
sportRules,n/a
leagueId,watMu
levelId,n/a
seasonName,n/a
seasonId,n/a
Roster Size,12
Season Games Played,6
Playoff Round Lengths,0
END_INFO

SEASON:
Date/Time,Location,Opposing Team,Score,S.O.C.
Sat Jan 22 @ 4:30 pm,Columbia Icefield: Gym 1,Renison,lost 2 - 9,3
Mon Jan 24 @ 9:00 pm,Columbia Icefield: Gym 3,The last of the Dodgers,lost 0 - 5,-2
Mon Jan 31 @ 10:00 pm,Columbia Icefield: Gym 3,Big Balls in Face,lost 7 - 2,4
Sat Feb 12 @ 5:30 pm,Columbia Icefield: Gym 1,The Mighty Tearducts,lost 9 - 0,0
Sat Mar 5 @ 1:30 pm,Columbia Icefield: Gym 1,X-acto,lost 5 - 0,-2
Sat Mar 12 @ 1:30 pm,Columbia Icefield: Gym 1,Falcon Punch,lost 5 - 0,-2
END_SEASON

PLAYOFFS:
Date/Time,Location,Opposing Team,Score,S.O.C.
END_PLAYOFFS

ROSTER:
Player,Captaincy,uwaterloo_email
Gregory Dickson,(C),greg.w.c.dickson@live.com
Rebecca Erle,,
Regan Ho,,
Aftab Hussain,,
Hee-Soo Jaug,,
Sarah Laberge,,
Jonathan Lau,,
Alexander Lee,,
Mu-Chen Lin,,
Dustin Perusse,,
Christopher Quattrociocchi,,
Robert Stadnisky,,
END_ROSTER
