INFO:
teamName,Clown Baby (ESGA)
teamAbbreviation,Clown Baby (ESGA)
sportId,n/a
sportName,n/a
sportRules,n/a
leagueId,watMu
levelId,n/a
seasonName,n/a
seasonId,n/a
Roster Size,11
Season Games Played,6
Playoff Round Lengths,1
END_INFO

SEASON:
Date/Time,Location,Opposing Team,Score,S.O.C.
Mon Jan 17 @ 7:00 pm,Columbia Icefield: Gym 3,Splendid Specimens,won 6 - 2,4
Tue Feb 8 @ 9:00 pm,Columbia Icefield: Gym 3,Entry Form,won 5 - 4,4
Tue Mar 1 @ 8:00 pm,Columbia Icefield: Gym 3,S3 W3 United,won 7 - 2,4
Mon Mar 7 @ 9:00 pm,Columbia Icefield: Gym 3,Pulled Pork,won 4 - 5,2
Tue Mar 15 @ 5:00 pm,Columbia Icefield: Gym 3,West 2 and Associates,won 2 - 7,4
Tue Mar 15 @ 7:00 pm,Columbia Icefield: Gym 3,Car Ram Rods,won 7 - 0,4
END_SEASON

PLAYOFFS:
Date/Time,Location,Opposing Team,Score,S.O.C.
Sat Mar 26 @ 2:30 pm,Columbia Icefield: Gym 1,Off-Campus Dodgers,lost 0 - 5,2
END_PLAYOFFS

ROSTER:
Player,Captaincy,uwaterloo_email
Orin Regier,(C),regier22@yahoo.com
Jacqueline Brook,,
Tyler Brook,,
Reynold Chow,,
Fraser Harris,,
Clarence Lo,,
William Makahnouk,,
Jeffrey Melchin,,
Awais Rauf,,
Vahid Sohrabi,,
Colby Steelman,,
END_ROSTER
