INFO:
teamName,Indivs I-1
teamAbbreviation,Indivs I-1
sportId,n/a
sportName,n/a
sportRules,n/a
leagueId,watMu
levelId,n/a
seasonName,n/a
seasonId,n/a
Roster Size,11
Season Games Played,6
Playoff Round Lengths,1,1
END_INFO

SEASON:
Date/Time,Location,Opposing Team,Score,S.O.C.
Thu Jan 13 @ 6:00 pm,Columbia Icefield: Gym 3,Dodge This!,lost 4 - 6,3
Thu Jan 20 @ 6:00 pm,Columbia Icefield: Gym 3,The Fresh Komoto Dragons,won 5 - 0,avg.
Thu Jan 27 @ 5:00 pm,Columbia Icefield: Gym 3,PMC Epsilon,lost 3 - 4,4
Thu Feb 3 @ 8:00 pm,Columbia Icefield: Gym 3,Free Ballers,lost 2 - 6,4
Thu Feb 10 @ 6:00 pm,Columbia Icefield: Gym 3,Balls of En-V XXXVII,lost 2 - 7,4
Thu Feb 17 @ 7:00 pm,Columbia Icefield: Gym 3,PMC Epsilon,lost 2 - 7,4
END_SEASON

PLAYOFFS:
Date/Time,Location,Opposing Team,Score,S.O.C.
Mon Mar 21 @ 10:00 pm,Columbia Icefield: Gym 3,Pulled Pork,won 1 - 5,1
Sat Mar 26 @ 5:30 pm,Columbia Icefield: Gym 1,Meatballs,lost 3 - 1,1
END_PLAYOFFS

ROSTER:
Player,Captaincy,uwaterloo_email
Mariano Arriaga Marin,,
Clement Chan,,
William Chau,,
Chadwick Hillier,,
Alexandra Huebner,,
Mikhail Koldychev,,
Alex Lee,,
Cameron Piper,,
Scott Reid,,
Jonathan Vermette,,
Mang Ye,,
END_ROSTER
