INFO:
teamName,Indivs I-2
teamAbbreviation,Indivs I-2
sportId,n/a
sportName,n/a
sportRules,n/a
leagueId,watMu
levelId,n/a
seasonName,n/a
seasonId,n/a
Roster Size,11
Season Games Played,6
Playoff Round Lengths,0
END_INFO

SEASON:
Date/Time,Location,Opposing Team,Score,S.O.C.
Sat Jan 15 @ 6:30 pm,Columbia Icefield: Gym 1,Up and At Them,lost 0 - 5,-2
Sat Jan 29 @ 5:30 pm,Columbia Icefield: Gym 1,Renison,lost 0 - 5,-2
Mon Jan 31 @ 9:00 pm,Columbia Icefield: Gym 3,The last of the Dodgers,won 6 - 3,4
Mon Feb 28 @ 8:00 pm,Columbia Icefield: Gym 3,Falcon Punch,won 0 - 5,avg.
Sat Mar 5 @ 6:30 pm,Columbia Icefield: Gym 1,The Mighty Tearducts,lost 6 - 3,4
Sat Mar 12 @ 2:30 pm,Columbia Icefield: Gym 1,X-acto,lost 5 - 0,-2
END_SEASON

PLAYOFFS:
Date/Time,Location,Opposing Team,Score,S.O.C.
END_PLAYOFFS

ROSTER:
Player,Captaincy,uwaterloo_email
Xiao Bi,,
Jordan Lazare,,
Tommy Le,,
Patrick McLellan,,
Zachary Richards,,
Raphael Roman,,
Jakub Schmidtke,,
Scott Somerville,,
Aaron Webster,,
Kevin Yee,,
Jun Yu,,
END_ROSTER
