INFO:
teamName,The Besticles
teamAbbreviation,The Besticles
sportId,n/a
sportName,n/a
sportRules,n/a
leagueId,watMu
levelId,n/a
seasonName,n/a
seasonId,n/a
Roster Size,16
Season Games Played,6
Playoff Round Lengths,1
END_INFO

SEASON:
Date/Time,Location,Opposing Team,Score,S.O.C.
Thu Jan 13 @ 10:00 pm,Columbia Icefield: Gym 3,The Fresh Komoto Dragons,lost 0 - 9,4
Thu Jan 20 @ 8:00 pm,Columbia Icefield: Gym 3,Free Ballers,lost 1 - 7,4
Thu Jan 27 @ 9:00 pm,Columbia Icefield: Gym 3,Team D&D,lost 3 - 6,4
Tue Feb 1 @ 5:00 pm,Columbia Icefield: Gym 3,The Cherry Blasters,lost 5 - 0,0
Sat Feb 12 @ 6:30 pm,Columbia Icefield: Gym 1,Up and At Them,lost 9 - 0,3
Thu Feb 17 @ 10:00 pm,Columbia Icefield: Gym 3,Balls of En-V XXXVII,lost 9 - 0,4
END_SEASON

PLAYOFFS:
Date/Time,Location,Opposing Team,Score,S.O.C.
Sat Mar 19 @ 1:30 pm,Columbia Icefield: Gym 1,Splendid Specimens,lost 5 - 0,0
END_PLAYOFFS

ROSTER:
Player,Captaincy,uwaterloo_email
Stacey Sztricsko,(C),sstaceyy-xo@hotmail.com
Kyle Aus,,
Jennifer Daley,,
Hatim Essajee,,
Carlos Fuentes Mendez,,
Michael Gaggiano,,
Kyle Georges,,
Andrea Gerrard,,
Stephanie Herde,,
Kerwin Lee,,
Chao-Jie Li,,
Ryan Lo,,
Tsz Ng,,
Julia Parciak,,
Tianqi Wang,,
Davin Wangsa,,
END_ROSTER
