INFO:
teamName,Team Looc
teamAbbreviation,Team Looc
sportId,n/a
sportName,n/a
sportRules,n/a
leagueId,watMu
levelId,n/a
seasonName,n/a
seasonId,n/a
Roster Size,17
Season Games Played,6
Playoff Round Lengths,1,1
END_INFO

SEASON:
Date/Time,Location,Opposing Team,Score,S.O.C.
Tue Sep 29 @ 5:30 pm,Columbia Icefield: Gym 3,Bio Baggers,lost 0 - 9,4
Tue Oct 6 @ 5:30 pm,Columbia Icefield: Gym 3,The Bandaid Brigade,lost 5 - 2,4
Tue Oct 13 @ 5:30 pm,Columbia Icefield: Gym 3,Team Awesome,won 0 - 9,4
Tue Oct 20 @ 4:30 pm,Columbia Icefield: Gym 3,SCI-BALLS,won 6 - 3,4
Tue Oct 27 @ 4:30 pm,Columbia Icefield: Gym 3,Kiss A Duck,lost 8 - 1,3
Mon Nov 9 @ 4:30 pm,Columbia Icefield: Gym 3,SCI-BALLS,won 5 - 0,avg.
END_SEASON

PLAYOFFS:
Date/Time,Location,Opposing Team,Score,S.O.C.
Mon Nov 23 @ 4:30 pm,Columbia Icefield: Gym 3,Bio Baggers,won 5 - 0,0
Mon Nov 23 @ 6:30 pm,Columbia Icefield: Gym 3,Rhinestone Cowboys,lost 5 - 0,2
END_PLAYOFFS

ROSTER:
Player,Captaincy,uwaterloo_email
Marian Saavedra,(C),marian.saavedra@gmail.com
Carl Chan,,
David Duong,,
Feng Feng,,
Amir Ghods,,
Brittany Hanam,,
Yaxin Hu,,
Michael Mandelzys,,
Jeff Meade,,
Fatemeh Mirnaghi,,
Oi Ng,,
Aaron Pereira,,
Stephanie Simard,,
Simon So,,
Mark Spanjers,,
Linda Vu,,
Fei Yang,,
END_ROSTER
