INFO:
teamName,The Bandaid Brigade
teamAbbreviation,The Bandaid Brigade
sportId,n/a
sportName,n/a
sportRules,n/a
leagueId,watMu
levelId,n/a
seasonName,n/a
seasonId,n/a
Roster Size,20
Season Games Played,6
Playoff Round Lengths,1
END_INFO

SEASON:
Date/Time,Location,Opposing Team,Score,S.O.C.
Tue Sep 29 @ 4:30 pm,Columbia Icefield: Gym 3,Kiss A Duck,lost 2 - 6,4
Tue Oct 6 @ 5:30 pm,Columbia Icefield: Gym 3,Team Looc,won 5 - 2,4
Tue Oct 13 @ 10:30 pm,Columbia Icefield: Gym 3,Butterfingers,won 3 - 6,4
Thu Oct 22 @ 10:30 pm,Columbia Icefield: Gym 3,Rhinestone Cowboys,lost 0 - 9,4
Tue Oct 27 @ 5:30 pm,Columbia Icefield: Gym 3,Moose Dodgers,won 0 - 5,avg.
Tue Nov 3 @ 4:30 pm,Columbia Icefield: Gym 3,Bio Baggers,won 9 - 0,4
END_SEASON

PLAYOFFS:
Date/Time,Location,Opposing Team,Score,S.O.C.
Thu Nov 19 @ 5:30 pm,Columbia Icefield: Gym 3,Kiss A Duck,lost 5 - 0,2
END_PLAYOFFS

ROSTER:
Player,Captaincy,uwaterloo_email
Lianne Chu,(C),l3chu@uwaterloo.ca
Michael Buxton,,
Daniel Chan,,
Stephanie Chiang,,
Punit Dave,,
Matthew Di Nino,,
Joshua Gilgan,,
Andrew He,,
Nina Hoang,,
Jacob Hsu,,
Ryan Huckle,,
James Montague Cabral,,
Christian Montgomery,,
Haley Nyboer,,
Christina Pope,,
Mohamed Rezk,,
Sarah Senik,,
Jillian Wannamaker,,
Jacky Yeung,,
Alexander Yiu,,
END_ROSTER
