INFO:
teamName,Bio Baggers
teamAbbreviation,Bio Baggers
sportId,n/a
sportName,n/a
sportRules,n/a
leagueId,watMu
levelId,n/a
seasonName,n/a
seasonId,n/a
Roster Size,12
Season Games Played,6
Playoff Round Lengths,1
END_INFO

SEASON:
Date/Time,Location,Opposing Team,Score,S.O.C.
Tue Sep 29 @ 5:30 pm,Columbia Icefield: Gym 3,Team Looc,won 0 - 9,4
Tue Oct 6 @ 9:30 pm,Columbia Icefield: Gym 3,Butterfingers,won 4 - 5,4
Tue Oct 13 @ 9:30 pm,Columbia Icefield: Gym 3,Rhinestone Cowboys,lost 7 - 1,0
Tue Oct 20 @ 5:30 pm,Columbia Icefield: Gym 3,Moose Dodgers,won 0 - 5,avg.
Tue Nov 3 @ 4:30 pm,Columbia Icefield: Gym 3,The Bandaid Brigade,lost 9 - 0,4
Tue Nov 10 @ 10:30 pm,Columbia Icefield: Gym 3,Rhinestone Cowboys,lost 0 - 9,-2
END_SEASON

PLAYOFFS:
Date/Time,Location,Opposing Team,Score,S.O.C.
Mon Nov 23 @ 4:30 pm,Columbia Icefield: Gym 3,Team Looc,lost 5 - 0,-2
END_PLAYOFFS

ROSTER:
Player,Captaincy,uwaterloo_email
Joel Harrison,(C),joel.harrison.uw@gmail.com
Ann-Marie Balasubramaniam,,
Taylor Dawson,,
Rohan Gidvani,,
Maria Hernandez,,
Jennifer Hood,,
Erin Jones,,
Grace Martin,,
Tedy Ozersky,,
Lee Pinnell,,
Amanda Poste,,
Christopher Robinson,,
END_ROSTER
