INFO:
teamName,Moose Dodgers
teamAbbreviation,Moose Dodgers
sportId,n/a
sportName,n/a
sportRules,n/a
leagueId,watMu
levelId,n/a
seasonName,n/a
seasonId,n/a
Roster Size,18
Season Games Played,6
Playoff Round Lengths,0
END_INFO

SEASON:
Date/Time,Location,Opposing Team,Score,S.O.C.
Thu Sep 24 @ 9:30 pm,Columbia Icefield: Gym 3,Butterfingers,won 3 - 6,0
Tue Oct 6 @ 10:30 pm,Columbia Icefield: Gym 3,Rhinestone Cowboys,lost 8 - 1,4
Tue Oct 20 @ 5:30 pm,Columbia Icefield: Gym 3,Bio Baggers,lost 0 - 5,-2
Tue Oct 27 @ 5:30 pm,Columbia Icefield: Gym 3,The Bandaid Brigade,lost 0 - 5,-2
Sat Nov 7 @ 12:30 pm,Columbia Icefield: Gym 3,Team Awesome,tie 0 - 0,-2
Tue Nov 10 @ 4:30 pm,Columbia Icefield: Gym 3,Kiss A Duck,lost 5 - 0,-2
END_SEASON

PLAYOFFS:
Date/Time,Location,Opposing Team,Score,S.O.C.
END_PLAYOFFS

ROSTER:
Player,Captaincy,uwaterloo_email
Alexandra Lamb,(C),alamb@uwaterloo.ca
Jennifer Burke,,
Emily Courchesne,,
Gregory Dickson,,
Laura Flanigan,,
Ian-Jyzel Gallardo,,
Trevor Horman,,
Roger Huang,,
Jianqiao Liu,,
Ainsley Munro,,
Marissa Muscarella,,
Aman Muthreja,,
Brett Parker,,
Pavel Petrenko,,
Gregory Starrs,,
Amy Tinmouth,,
Heidi Vandermeer,,
Elisabeth Wallis,,
END_ROSTER
