INFO:
teamName,SCI-BALLS
teamAbbreviation,SCI-BALLS
sportId,n/a
sportName,n/a
sportRules,n/a
leagueId,watMu
levelId,n/a
seasonName,n/a
seasonId,n/a
Roster Size,40
Season Games Played,6
Playoff Round Lengths,0
END_INFO

SEASON:
Date/Time,Location,Opposing Team,Score,S.O.C.
Thu Sep 24 @ 10:30 pm,Columbia Icefield: Gym 3,Team Awesome,lost 5 - 0,0
Tue Oct 13 @ 4:30 pm,Columbia Icefield: Gym 3,Kiss A Duck,lost 2 - 7,3
Tue Oct 20 @ 4:30 pm,Columbia Icefield: Gym 3,Team Looc,lost 6 - 3,4
Tue Oct 27 @ 9:30 pm,Columbia Icefield: Gym 3,Butterfingers,won 3 - 5,4
Sat Nov 7 @ 1:30 pm,Columbia Icefield: Gym 3,Rhinestone Cowboys,lost 0 - 5,-2
Mon Nov 9 @ 4:30 pm,Columbia Icefield: Gym 3,Team Looc,lost 5 - 0,-2
END_SEASON

PLAYOFFS:
Date/Time,Location,Opposing Team,Score,S.O.C.
END_PLAYOFFS

ROSTER:
Player,Captaincy,uwaterloo_email
James Cerar,(C),j2cerar@uwaterloo.ca
Tonya Burgers,,
Shawn Burgess,,
Benjamin Cameron,,
Michael Chan,,
Michael Chan,,
Karthikayini Chandrakumaran,,
Leuis Choi,,
Arpita Desai,,
Nicole Dube,,
Gurjit Dulai,,
Dorian Ferreira,,
Paramvir Gill,,
Brittany Heath,,
Vincent Huang,,
Jacqueline Isaac,,
Andrew Kim,,
Goran Klaric,,
Michael Kmiecik,,
Keanan Largo-Afonso,,
Joanne Leung,,
Dongqi Li,,
Chun-Yueh Lin,,
Joseph Lin,,
Daniel Menachery Jose,,
Natalie Pankretic,,
Deep Patel,,
Rishi Patel,,
Paula Patrick,,
Heather Robitaille,,
Daniel Rode,,
Hassan Siddiqui,,
Kristina Somerville,,
Jeffery Sparks,,
Cassandra Van Wiechen,,
Mathew Vanzant,,
Elisa Watson,,
Anushka Weeraratne,,
Zackery Williams,,
Brandon Wong,,
END_ROSTER
