INFO:
teamName,Rhinestone Cowboys
teamAbbreviation,Rhinestone Cowboys
sportId,n/a
sportName,n/a
sportRules,n/a
leagueId,watMu
levelId,n/a
seasonName,n/a
seasonId,n/a
Roster Size,15
Season Games Played,6
Playoff Round Lengths,1,1
END_INFO

SEASON:
Date/Time,Location,Opposing Team,Score,S.O.C.
Tue Oct 6 @ 10:30 pm,Columbia Icefield: Gym 3,Moose Dodgers,won 8 - 1,4
Tue Oct 13 @ 9:30 pm,Columbia Icefield: Gym 3,Bio Baggers,won 7 - 1,1
Thu Oct 22 @ 10:30 pm,Columbia Icefield: Gym 3,The Bandaid Brigade,won 0 - 9,3
Tue Oct 27 @ 10:30 pm,Columbia Icefield: Gym 3,Team Awesome,won 0 - 5,avg.
Sat Nov 7 @ 1:30 pm,Columbia Icefield: Gym 3,SCI-BALLS,won 0 - 5,avg.
Tue Nov 10 @ 10:30 pm,Columbia Icefield: Gym 3,Bio Baggers,won 0 - 9,-3
END_SEASON

PLAYOFFS:
Date/Time,Location,Opposing Team,Score,S.O.C.
Mon Nov 23 @ 6:30 pm,Columbia Icefield: Gym 3,Team Looc,won 5 - 0,2
Mon Nov 30 @ 8:30 pm,Columbia Icefield: Gym 3,Kiss A Duck,won 2 - 5,2
END_PLAYOFFS

ROSTER:
Player,Captaincy,uwaterloo_email
Giuseppe Bartolo,(C),gbartolo@uwaterloo.ca
Alasandro Bartolo,,
Robert Carlisi,,
Marta Hano,,
Robert Huang,,
Jessamine Hunsdale-Loh,,
Mirabelle Huynh,,
Thomas Kilpatrick,,
Steven Kuntz,,
Mark McGinley,,
Joseph Missio,,
Patrick Murphy,,
Paul Pham,,
Camil Skuza,,
Scott Whalen,,
END_ROSTER
