INFO:
teamName,Team Awesome
teamAbbreviation,Team Awesome
sportId,n/a
sportName,n/a
sportRules,n/a
leagueId,watMu
levelId,n/a
seasonName,n/a
seasonId,n/a
Roster Size,12
Season Games Played,6
Playoff Round Lengths,0
END_INFO

SEASON:
Date/Time,Location,Opposing Team,Score,S.O.C.
Thu Sep 24 @ 10:30 pm,Columbia Icefield: Gym 3,SCI-BALLS,won 5 - 0,avg.
Sat Oct 3 @ 1:30 pm,Columbia Icefield: Gym 2,Kiss A Duck,won 5 - 0,avg.
Tue Oct 13 @ 5:30 pm,Columbia Icefield: Gym 3,Team Looc,lost 0 - 9,4
Thu Oct 22 @ 9:30 pm,Columbia Icefield: Gym 3,Butterfingers,tie 0 - 0,-2
Tue Oct 27 @ 10:30 pm,Columbia Icefield: Gym 3,Rhinestone Cowboys,lost 0 - 5,-2
Sat Nov 7 @ 12:30 pm,Columbia Icefield: Gym 3,Moose Dodgers,tie 0 - 0,-2
END_SEASON

PLAYOFFS:
Date/Time,Location,Opposing Team,Score,S.O.C.
END_PLAYOFFS

ROSTER:
Player,Captaincy,uwaterloo_email
Amanda McDonald,(C),aj3mcdon@uwaterloo.ca
Alana Armas,,
Jessica Burns,,
Kierra Cali,,
Sarah Harris,,
Angela Havoic,,
Claudette Havoic,,
Laurel Koverko,,
Jenna Memmolo,,
Daina Meuse,,
Heather Monson,,
Julia Silcher,,
END_ROSTER
