INFO:
teamName,Kiss A Duck
teamAbbreviation,Kiss A Duck
sportId,n/a
sportName,n/a
sportRules,n/a
leagueId,watMu
levelId,n/a
seasonName,n/a
seasonId,n/a
Roster Size,14
Season Games Played,6
Playoff Round Lengths,1,1
END_INFO

SEASON:
Date/Time,Location,Opposing Team,Score,S.O.C.
Tue Sep 29 @ 4:30 pm,Columbia Icefield: Gym 3,The Bandaid Brigade,won 2 - 6,3
Sat Oct 3 @ 1:30 pm,Columbia Icefield: Gym 2,Team Awesome,lost 5 - 0,-2
Tue Oct 13 @ 4:30 pm,Columbia Icefield: Gym 3,SCI-BALLS,won 2 - 7,4
Tue Oct 27 @ 4:30 pm,Columbia Icefield: Gym 3,Team Looc,won 8 - 1,4
Tue Nov 3 @ 10:30 pm,Columbia Icefield: Gym 3,Butterfingers,won 0 - 5,avg.
Tue Nov 10 @ 4:30 pm,Columbia Icefield: Gym 3,Moose Dodgers,won 5 - 0,avg.
END_SEASON

PLAYOFFS:
Date/Time,Location,Opposing Team,Score,S.O.C.
Thu Nov 19 @ 5:30 pm,Columbia Icefield: Gym 3,The Bandaid Brigade,won 5 - 0,2
Mon Nov 30 @ 8:30 pm,Columbia Icefield: Gym 3,Rhinestone Cowboys,lost 2 - 5,2
END_PLAYOFFS

ROSTER:
Player,Captaincy,uwaterloo_email
David Collins,(C),dac003@gmail.com
Paul Baribeau,,
Laura Bell,,
Kelly Henderson,,
Devin Howard,,
Cong Huynh,,
Phillip Kitchen,,
Charles Moscoe,,
William Ogden,,
Thomas Price,,
Evan Riley,,
Delaney Swanson,,
Adam Thorsteinson,,
Ryan Voisin,,
END_ROSTER
