INFO:
teamName,Butterfingers
teamAbbreviation,Butterfingers
sportId,n/a
sportName,n/a
sportRules,n/a
leagueId,watMu
levelId,n/a
seasonName,n/a
seasonId,n/a
Roster Size,11
Season Games Played,6
Playoff Round Lengths,0
END_INFO

SEASON:
Date/Time,Location,Opposing Team,Score,S.O.C.
Thu Sep 24 @ 9:30 pm,Columbia Icefield: Gym 3,Moose Dodgers,lost 3 - 6,1
Tue Oct 6 @ 9:30 pm,Columbia Icefield: Gym 3,Bio Baggers,lost 4 - 5,4
Tue Oct 13 @ 10:30 pm,Columbia Icefield: Gym 3,The Bandaid Brigade,lost 3 - 6,4
Thu Oct 22 @ 9:30 pm,Columbia Icefield: Gym 3,Team Awesome,tie 0 - 0,-2
Tue Oct 27 @ 9:30 pm,Columbia Icefield: Gym 3,SCI-BALLS,lost 3 - 5,4
Tue Nov 3 @ 10:30 pm,Columbia Icefield: Gym 3,Kiss A Duck,lost 0 - 5,-2
END_SEASON

PLAYOFFS:
Date/Time,Location,Opposing Team,Score,S.O.C.
END_PLAYOFFS

ROSTER:
Player,Captaincy,uwaterloo_email
Erica Springate,(C),elisprin@uwaterloo.ca
Meghan Bratt,,
Julia Coburn,,
Maria Diaz Garduno,,
Mark Groulx,,
Sasha McLeod,,
Shannon Morris Rice,,
Natasha O’Neill,,
William Patch,,
Antonietta Rubino,,
Xiaolu Yan,,
END_ROSTER
