Chicago Black Hawks,CBH,nhl
1941-42,1942
24
48
3
GP,Date,Time,Location,Opponent,GF,GA,Result,Game Ended In,W,L,T,Streak,Notes
1,1941-11-06,time unavailable,H,Brooklyn Americans,1,0,W,REG,1,0,0,W 1
2,1941-11-08,time unavailable,@,Montreal Canadiens,2,2,T,OT,1,0,1,T 1
3,1941-11-13,time unavailable,@,Brooklyn Americans,2,1,W,REG,2,0,1,W 1
4,1941-11-16,time unavailable,H,Detroit Red Wings,3,2,W,REG,3,0,1,W 2
5,1941-11-20,time unavailable,H,Boston Bruins,3,2,W,REG,4,0,1,W 3
6,1941-11-22,time unavailable,@,Toronto Maple Leafs,0,3,L,REG,4,1,1,L 1
7,1941-11-23,time unavailable,H,Toronto Maple Leafs,3,2,W,REG,5,1,1,W 1
8,1941-11-25,time unavailable,@,New York Rangers,4,5,L,OT,5,2,1,L 1
9,1941-11-27,time unavailable,@,Detroit Red Wings,1,4,L,REG,5,3,1,L 2
10,1941-11-30,time unavailable,H,New York Rangers,1,5,L,REG,5,4,1,L 3
11,1941-12-04,time unavailable,H,Montreal Canadiens,9,2,W,REG,6,4,1,W 1
12,1941-12-07,time unavailable,H,Brooklyn Americans,5,4,W,REG,7,4,1,W 2
13,1941-12-09,time unavailable,@,Boston Bruins,2,2,T,OT,7,4,2,T 1
14,1941-12-14,time unavailable,H,Boston Bruins,3,3,T,OT,7,4,3,T 2
15,1941-12-18,time unavailable,H,New York Rangers,5,1,W,REG,8,4,3,W 1
16,1941-12-20,time unavailable,@,Toronto Maple Leafs,2,0,W,REG,9,4,3,W 2
17,1941-12-21,time unavailable,H,Toronto Maple Leafs,0,3,L,REG,9,5,3,L 1
18,1941-12-23,time unavailable,@,Brooklyn Americans,3,4,L,REG,9,6,3,L 2
19,1941-12-25,time unavailable,@,New York Rangers,2,5,L,REG,9,7,3,L 3
20,1941-12-30,time unavailable,@,Montreal Canadiens,3,5,L,REG,9,8,3,L 4
21,1942-01-01,time unavailable,H,Detroit Red Wings,0,3,L,REG,9,9,3,L 5
22,1942-01-06,time unavailable,@,Boston Bruins,2,3,L,REG,9,10,3,L 6
23,1942-01-08,time unavailable,H,Montreal Canadiens,5,1,W,REG,10,10,3,W 1
24,1942-01-11,time unavailable,H,Detroit Red Wings,6,5,W,REG,11,10,3,W 2
25,1942-01-15,time unavailable,@,Brooklyn Americans,7,4,W,REG,12,10,3,W 3
26,1942-01-17,time unavailable,@,Toronto Maple Leafs,4,2,W,REG,13,10,3,W 4
27,1942-01-18,time unavailable,H,Boston Bruins,3,4,L,REG,13,11,3,L 1
28,1942-01-22,time unavailable,H,Brooklyn Americans,4,2,W,REG,14,11,3,W 1
29,1942-01-25,time unavailable,H,Toronto Maple Leafs,6,4,W,REG,15,11,3,W 2
30,1942-01-29,time unavailable,@,Detroit Red Wings,0,2,L,REG,15,12,3,L 1
31,1942-02-01,time unavailable,H,Montreal Canadiens,2,3,L,REG,15,13,3,L 2
32,1942-02-03,time unavailable,@,Boston Bruins,5,3,W,OT,16,13,3,W 1
33,1942-02-05,time unavailable,@,Montreal Canadiens,4,3,W,REG,17,13,3,W 2
34,1942-02-08,time unavailable,H,New York Rangers,3,4,L,REG,17,14,3,L 1
35,1942-02-10,time unavailable,@,New York Rangers,5,2,W,REG,18,14,3,W 1
36,1942-02-12,time unavailable,H,Detroit Red Wings,4,2,W,REG,19,14,3,W 2
37,1942-02-15,time unavailable,H,Boston Bruins,2,0,W,REG,20,14,3,W 3
38,1942-02-19,time unavailable,@,Detroit Red Wings,1,6,L,REG,20,15,3,L 1
39,1942-02-21,time unavailable,@,Montreal Canadiens,3,5,L,REG,20,16,3,L 2
40,1942-02-22,time unavailable,@,New York Rangers,2,3,L,REG,20,17,3,L 3
41,1942-02-26,time unavailable,H,Montreal Canadiens,5,4,W,REG,21,17,3,W 1
42,1942-02-28,time unavailable,@,Toronto Maple Leafs,2,8,L,REG,21,18,3,L 1
43,1942-03-01,time unavailable,H,Toronto Maple Leafs,3,4,L,REG,21,19,3,L 2
44,1942-03-05,time unavailable,@,Brooklyn Americans,1,2,L,REG,21,20,3,L 3
45,1942-03-08,time unavailable,H,Brooklyn Americans,6,1,W,REG,22,20,3,W 1
46,1942-03-10,time unavailable,@,Boston Bruins,1,9,L,REG,22,21,3,L 1
47,1942-03-15,time unavailable,H,New York Rangers,1,5,L,REG,22,22,3,L 2
48,1942-03-19,time unavailable,@,Detroit Red Wings,4,6,L,REG,22,23,3,L 3

GP,Date,Time,Location,Opponent,GF,GA,Result,Game Ended In,W,L,T,Streak,Notes
1,1942-03-22,time unavailable,H,Boston Bruins,1,2,L,OT,0,1,0,L 1
2,1942-03-24,time unavailable,@,Boston Bruins,4,0,W,REG,1,1,0,W 1
3,1942-03-26,time unavailable,@,Boston Bruins,2,3,L,REG,1,2,0,L 1

George Allen,,n/a,D,27,5-10,162,L/-,3,"July 27, 1914",ca,"7 G, 13 A, 20 P"
Doug Bentley,,n/a,LW,25,5-8,145,L/-,2,"September 3, 1916",ca,"12 G, 14 A, 26 P"
Max Bentley,,n/a,C,21,5-10,155,L/-,1,"March 1, 1920",ca,"13 G, 17 A, 30 P"
Bill Carse,,n/a,RW,27,5-8,165,L/-,3,"May 29, 1914",ca,"13 G, 14 A, 27 P"
Bob Carse,,n/a,C,22,5-9,170,L/-,2,"July 19, 1919",ca,"7 G, 16 A, 23 P"
Joe Cooper,,n/a,D,27,6-2,200,R/-,6,"December 14, 1914",ca,"6 G, 14 A, 20 P"
Cully Dahlstrom,,n/a,C,29,5-11,175,L/-,4,"July 3, 1912",us,"13 G, 14 A, 27 P"
Bill Dickie,,n/a,G,25,5-8,185,-/R,R,"February 20, 1916",ca,"1-0-0, 3.00 GAA"
Red Hamill,,n/a,LW,25,5-11,180,L/-,4,"January 11, 1917",ca,"18 G, 9 A, 27 P"
Phil Hergesheimer,,n/a,RW,27,5-10,175,R/-,2,"July 9, 1914",ca,"3 G, 11 A, 14 P"
George Johnston,,n/a,RW,21,5-8,160,R/-,R,"July 30, 1920",ca,"2 G, 0 A, 2 P"
Alex Kaleta,,n/a,LW,22,6-0,175,L/-,R,"November 29, 1919",ca,"7 G, 21 A, 28 P"
Sam LoPresti,,n/a,G,25,5-11,200,-/L,1,"January 30, 1917",us,"21-23-3, 3.19 GAA"
Mush March,,n/a,RW,33,5-5,154,R/-,13,"October 18, 1908",ca,"6 G, 26 A, 32 P"
John Mariucci,,n/a,D,25,5-10,200,L/-,1,"May 8, 1916",us,"5 G, 8 A, 13 P"
Red Mitchell,,n/a,D,29,5-10,185,R/-,R,"September 6, 1912",ca,"0 G, 0 A, 0 P"
Bill Mosienko,,n/a,RW,20,5-8,160,R/-,R,"November 2, 1921",ca,"6 G, 8 A, 14 P"
Joe Papike,,n/a,RW,26,6-0,175,R/-,1,"March 28, 1915",us,"1 G, 0 A, 1 P"
Fido Purpur,,n/a,RW,27,5-6,155,R/-,1,"September 26, 1914",us,"0 G, 0 A, 0 P"
Earl Seibert,(C),n/a,D,30,6-2,198,R/-,10,"December 7, 1911",ca,"7 G, 14 A, 21 P"
Ken Stewart,,n/a,LW,28,6-0,175,L/-,R,"March 29, 1913",ca,"1 G, 1 A, 2 P"
Bill Thoms,,n/a,C,31,5-9,170,L/-,9,"March 5, 1910",ca,"15 G, 30 A, 45 P"
Aud Tuten,,n/a,D,28,5-10,180,L/-,R,"January 14, 1914",us,"1 G, 1 A, 2 P"
Art Wiebe,,n/a,D,29,5-10,180,L/-,8,"September 28, 1912",ca,"2 G, 4 A, 6 P"
