Boston Bruins,BOS,nhl
1971-72,1972
28
78
5,4,6
GP,Date,Time,Location,Opponent,GF,GA,Result,Game Ended In,W,L,T,Streak,Notes
1,1971-10-10,time unavailable,H,New York Rangers,1,4,L,REG,0,1,0,L 1
2,1971-10-13,time unavailable,@,New York Rangers,6,1,W,REG,1,1,0,W 1
3,1971-10-14,time unavailable,H,Buffalo Sabres,6,2,W,REG,2,1,0,W 2
4,1971-10-17,time unavailable,H,Toronto Maple Leafs,2,2,T,REG,2,1,1,T 1
5,1971-10-20,time unavailable,H,Detroit Red Wings,4,3,W,REG,3,1,1,W 1
6,1971-10-22,time unavailable,@,California Golden Seals,5,1,W,REG,4,1,1,W 2
7,1971-10-24,time unavailable,@,Vancouver Canucks,4,3,W,REG,5,1,1,W 3
8,1971-10-27,time unavailable,@,Montreal Canadiens,2,5,L,REG,5,2,1,L 1
9,1971-10-28,time unavailable,H,California Golden Seals,0,2,L,REG,5,3,1,L 2
10,1971-10-31,time unavailable,H,Minnesota North Stars,5,2,W,REG,6,3,1,W 1
11,1971-11-04,time unavailable,H,St. Louis Blues,6,1,W,REG,7,3,1,W 2
12,1971-11-06,time unavailable,@,Detroit Red Wings,2,1,W,REG,8,3,1,W 3
13,1971-11-07,time unavailable,H,Montreal Canadiens,2,3,L,REG,8,4,1,L 1
14,1971-11-10,time unavailable,@,Chicago Black Hawks,1,3,L,REG,8,5,1,L 2
15,1971-11-11,time unavailable,H,California Golden Seals,5,2,W,REG,9,5,1,W 1
16,1971-11-14,time unavailable,H,Los Angeles Kings,11,2,W,REG,10,5,1,W 2
17,1971-11-18,time unavailable,H,Vancouver Canucks,5,0,W,REG,11,5,1,W 3
18,1971-11-20,time unavailable,H,Chicago Black Hawks,2,1,W,REG,12,5,1,W 4
19,1971-11-21,time unavailable,H,St. Louis Blues,6,2,W,REG,13,5,1,W 5
20,1971-11-24,time unavailable,@,Philadelphia Flyers,2,1,W,REG,14,5,1,W 6
21,1971-11-25,time unavailable,H,Philadelphia Flyers,4,2,W,REG,15,5,1,W 7
22,1971-11-27,time unavailable,@,St. Louis Blues,6,6,T,REG,15,5,2,T 1
23,1971-12-04,time unavailable,@,Toronto Maple Leafs,5,3,W,REG,16,5,2,W 1
24,1971-12-05,time unavailable,H,Pittsburgh Penguins,5,3,W,REG,17,5,2,W 2
25,1971-12-08,time unavailable,@,Los Angeles Kings,5,3,W,REG,18,5,2,W 3
26,1971-12-11,time unavailable,@,Vancouver Canucks,6,2,W,REG,19,5,2,W 4
27,1971-12-12,time unavailable,@,California Golden Seals,2,4,L,REG,19,6,2,L 1
28,1971-12-16,time unavailable,H,New York Rangers,8,1,W,REG,20,6,2,W 1
29,1971-12-18,time unavailable,@,Pittsburgh Penguins,4,3,W,REG,21,6,2,W 2
30,1971-12-19,time unavailable,H,Pittsburgh Penguins,2,2,T,REG,21,6,3,T 1
31,1971-12-23,time unavailable,@,Buffalo Sabres,4,4,T,REG,21,6,4,T 2
32,1971-12-25,time unavailable,H,Philadelphia Flyers,5,1,W,REG,22,6,4,W 1
33,1971-12-26,time unavailable,H,Toronto Maple Leafs,3,1,W,REG,23,6,4,W 2
34,1971-12-29,time unavailable,@,Chicago Black Hawks,5,1,W,REG,24,6,4,W 3
35,1971-12-30,time unavailable,@,Minnesota North Stars,2,2,T,REG,24,6,5,T 1
36,1972-01-02,time unavailable,@,New York Rangers,4,1,W,REG,25,6,5,W 1
37,1972-01-05,time unavailable,@,Toronto Maple Leafs,2,0,W,REG,26,6,5,W 2
38,1972-01-06,time unavailable,@,Buffalo Sabres,5,2,W,REG,27,6,5,W 3
39,1972-01-08,time unavailable,@,St. Louis Blues,3,5,L,REG,27,7,5,L 1
40,1972-01-12,time unavailable,@,Pittsburgh Penguins,2,2,T,REG,27,7,6,T 1
41,1972-01-13,time unavailable,H,Los Angeles Kings,1,1,T,REG,27,7,7,T 2
42,1972-01-15,time unavailable,H,Chicago Black Hawks,4,2,W,REG,28,7,7,W 1
43,1972-01-16,time unavailable,H,Detroit Red Wings,9,2,W,REG,29,7,7,W 2
44,1972-01-18,time unavailable,@,St. Louis Blues,2,0,W,REG,30,7,7,W 3
45,1972-01-22,time unavailable,@,Montreal Canadiens,8,5,W,REG,31,7,7,W 4
46,1972-01-23,time unavailable,H,Buffalo Sabres,3,3,T,REG,31,7,8,T 1
47,1972-01-27,time unavailable,H,Philadelphia Flyers,4,2,W,REG,32,7,8,W 1
48,1972-01-29,time unavailable,@,Philadelphia Flyers,4,2,W,REG,33,7,8,W 2
49,1972-01-30,time unavailable,H,St. Louis Blues,5,2,W,REG,34,7,8,W 3
50,1972-02-02,time unavailable,@,New York Rangers,2,0,W,REG,35,7,8,W 4
51,1972-02-03,time unavailable,H,Minnesota North Stars,6,1,W,REG,36,7,8,W 5
52,1972-02-05,time unavailable,H,Detroit Red Wings,3,2,W,REG,37,7,8,W 6
53,1972-02-06,time unavailable,@,Buffalo Sabres,2,8,L,REG,37,8,8,L 1
54,1972-02-10,time unavailable,H,Vancouver Canucks,9,1,W,REG,38,8,8,W 1
55,1972-02-12,time unavailable,H,Buffalo Sabres,5,1,W,REG,39,8,8,W 2
56,1972-02-13,time unavailable,H,Montreal Canadiens,2,2,T,REG,39,8,9,T 1
57,1972-02-15,time unavailable,H,California Golden Seals,6,3,W,REG,40,8,9,W 1
58,1972-02-17,time unavailable,@,Philadelphia Flyers,4,1,W,REG,41,8,9,W 2
59,1972-02-19,time unavailable,@,Minnesota North Stars,6,4,W,REG,42,8,9,W 3
60,1972-02-20,time unavailable,@,Chicago Black Hawks,3,1,W,REG,43,8,9,W 4
61,1972-02-22,time unavailable,@,Vancouver Canucks,4,3,W,REG,44,8,9,W 5
62,1972-02-23,time unavailable,@,California Golden Seals,8,6,W,REG,45,8,9,W 6
63,1972-02-26,time unavailable,@,Los Angeles Kings,5,4,W,REG,46,8,9,W 7
64,1972-03-02,time unavailable,H,Vancouver Canucks,7,3,W,REG,47,8,9,W 8
65,1972-03-04,time unavailable,@,Detroit Red Wings,5,4,W,REG,48,8,9,W 9
66,1972-03-05,time unavailable,H,Los Angeles Kings,0,2,L,REG,48,9,9,L 1
67,1972-03-08,time unavailable,@,Minnesota North Stars,5,4,W,REG,49,9,9,W 1
68,1972-03-11,time unavailable,@,Pittsburgh Penguins,4,6,L,REG,49,10,9,L 1
69,1972-03-12,time unavailable,H,Pittsburgh Penguins,4,4,T,REG,49,10,10,T 1
70,1972-03-16,time unavailable,@,Los Angeles Kings,8,3,W,REG,50,10,10,W 1
71,1972-03-19,time unavailable,H,Minnesota North Stars,7,3,W,REG,51,10,10,W 2
72,1972-03-23,time unavailable,H,New York Rangers,4,1,W,REG,52,10,10,W 3
73,1972-03-25,time unavailable,H,Chicago Black Hawks,5,5,T,REG,52,10,11,T 1
74,1972-03-26,time unavailable,H,Montreal Canadiens,5,4,W,REG,53,10,11,W 1
75,1972-03-28,time unavailable,@,Detroit Red Wings,3,6,L,REG,53,11,11,L 1
76,1972-03-29,time unavailable,@,Toronto Maple Leafs,1,4,L,REG,53,12,11,L 2
77,1972-04-01,time unavailable,@,Montreal Canadiens,2,6,L,REG,53,13,11,L 3
78,1972-04-02,time unavailable,H,Toronto Maple Leafs,6,4,W,REG,54,13,11,W 1

GP,Date,Time,Location,Opponent,GF,GA,Result,Game Ended In,W,L,T,Streak,Notes
1,1972-04-05,time unavailable,H,Toronto Maple Leafs,5,0,W,REG,1,0,0,W 1
2,1972-04-06,time unavailable,H,Toronto Maple Leafs,3,4,L,OT,1,1,0,L 1
3,1972-04-08,time unavailable,@,Toronto Maple Leafs,2,0,W,REG,2,1,0,W 1
4,1972-04-09,time unavailable,@,Toronto Maple Leafs,5,4,W,REG,3,1,0,W 2
5,1972-04-11,time unavailable,H,Toronto Maple Leafs,3,2,W,REG,4,1,0,W 3
6,1972-04-18,time unavailable,H,St. Louis Blues,6,1,W,REG,5,1,0,W 4
7,1972-04-20,time unavailable,H,St. Louis Blues,10,2,W,REG,6,1,0,W 5
8,1972-04-23,time unavailable,@,St. Louis Blues,7,2,W,REG,7,1,0,W 6
9,1972-04-25,time unavailable,@,St. Louis Blues,5,3,W,REG,8,1,0,W 7
10,1972-04-30,time unavailable,H,New York Rangers,6,5,W,REG,9,1,0,W 8
11,1972-05-02,time unavailable,H,New York Rangers,2,1,W,REG,10,1,0,W 9
12,1972-05-04,time unavailable,@,New York Rangers,2,5,L,REG,10,2,0,L 1
13,1972-05-07,time unavailable,@,New York Rangers,3,2,W,REG,11,2,0,W 1
14,1972-05-09,time unavailable,H,New York Rangers,2,3,L,REG,11,3,0,L 1
15,1972-05-11,time unavailable,@,New York Rangers,3,0,W,REG,12,3,0,W 1

Don Awrey,,26,D,28,6-0,175,L/-,8,"July 18, 1943",ca,"1 G, 8 A, 9 P"
Ace Bailey,,14,LW,23,5-11,192,L/-,3,"June 13, 1948",ca,"9 G, 13 A, 22 P"
Nick Beverley,,27,D,24,6-2,185,R/-,2,"April 21, 1947",ca,"0 G, 0 A, 0 P"
Ivan Boldirev,,22,C,22,6-0,190,L/-,1,"August 15, 1949",yu,"0 G, 2 A, 2 P"
John Bucyk,,9,LW,36,6-0,215,L/-,16,"May 12, 1935",ca,"32 G, 51 A, 83 P"
Wayne Cashman,,12,LW,26,6-1,208,R/-,5,"June 24, 1945",ca,"23 G, 29 A, 52 P"
Gerry Cheevers,,30,G,31,5-11,185,-/L,7,"December 7, 1940",ca,"27-5-8, 2.50 GAA"
Phil Esposito,,7,C,29,6-1,205,L/-,8,"February 20, 1942",ca,"66 G, 67 A, 133 P"
Ted Green,,6,D,31,5-10,200,R/-,10,"March 23, 1940",ca,"1 G, 16 A, 17 P"
Ken Hodge,,8,RW,27,6-2,210,R/-,7,"June 25, 1944",gb,"16 G, 40 A, 56 P"
Eddie Johnston,,1,G,36,6-0,190,-/L,9,"November 24, 1935",ca,"27-8-3, 2.71 GAA"
Ron Jones,,29,D,20,6-1,195,L/-,R,"April 11, 1951",ca,"0 G, 0 A, 0 P"
Reggie Leach,,27,RW,21,6-0,180,R/-,1,"April 23, 1950",ca,"7 G, 13 A, 20 P"
Don Marcotte,,21,LW,24,5-11,183,L/-,4,"April 15, 1947",ca,"6 G, 4 A, 10 P"
John McKenzie,,19,RW,34,5-9,175,R/-,11,"December 12, 1937",ca,"22 G, 47 A, 69 P"
Terry O'Reilly,,24,RW,20,6-1,200,R/-,R,"June 7, 1951",ca,"1 G, 0 A, 1 P"
Bobby Orr,,4,D,23,6-0,197,L/-,5,"March 20, 1948",ca,"37 G, 80 A, 117 P"
Garry Peters,,25,C,29,5-10,185,L/-,7,"October 9, 1942",ca,"0 G, 0 A, 0 P"
Matt Ravlich,,23,D,33,5-10,185,L/-,7,"July 12, 1938",ca,"0 G, 1 A, 1 P"
Doug Roberts,,28,RW,29,6-2,212,R/-,6,"October 28, 1942",us,"1 G, 0 A, 1 P"
Derek Sanderson,,16,C,25,6-0,185,L/-,6,"June 16, 1946",ca,"25 G, 33 A, 58 P"
Dallas Smith,,20,D,30,5-11,180,L/-,9,"October 10, 1941",ca,"8 G, 22 A, 30 P"
Rick Smith,,10,D,23,5-11,190,L/-,3,"June 29, 1948",ca,"2 G, 12 A, 14 P"
Fred Stanfield,,17,C,27,5-10,185,L/-,7,"May 4, 1944",ca,"23 G, 56 A, 79 P"
Bob Stewart,,24,D,21,6-1,206,L/-,R,"November 10, 1950",ca,"0 G, 0 A, 0 P"
Carol Vadnais,,10,D,26,6-1,185,L/-,5,"September 25, 1945",ca,"4 G, 6 A, 10 P"
Mike Walton,,11,C/RW,27,5-10,175,L/-,6,"January 3, 1945",ca,"28 G, 28 A, 56 P"
Ed Westfall,,18,RW,31,6-1,197,R/-,10,"September 19, 1940",ca,"18 G, 26 A, 44 P"
