Minnesota North Stars,MNS,nhl
1971-72,1972
24
78
7
GP,Date,Time,Location,Opponent,GF,GA,Result,Game Ended In,W,L,T,Streak,Notes
1,1971-10-09,time unavailable,@,Detroit Red Wings,4,2,W,REG,1,0,0,W 1
2,1971-10-14,time unavailable,H,Montreal Canadiens,1,1,T,REG,1,0,1,T 1
3,1971-10-16,time unavailable,H,Chicago Black Hawks,2,3,L,REG,1,1,1,L 1
4,1971-10-17,time unavailable,@,Buffalo Sabres,3,2,W,REG,2,1,1,W 1
5,1971-10-20,time unavailable,H,Vancouver Canucks,7,0,W,REG,3,1,1,W 2
6,1971-10-23,time unavailable,H,Buffalo Sabres,5,1,W,REG,4,1,1,W 3
7,1971-10-24,time unavailable,@,Los Angeles Kings,6,3,W,REG,5,1,1,W 4
8,1971-10-27,time unavailable,@,St. Louis Blues,2,1,W,REG,6,1,1,W 5
9,1971-10-28,time unavailable,H,Pittsburgh Penguins,2,0,W,REG,7,1,1,W 6
10,1971-10-30,time unavailable,@,Toronto Maple Leafs,1,1,T,REG,7,1,2,T 1
11,1971-10-31,time unavailable,@,Boston Bruins,2,5,L,REG,7,2,2,L 1
12,1971-11-03,time unavailable,H,Toronto Maple Leafs,2,1,W,REG,8,2,2,W 1
13,1971-11-06,time unavailable,H,St. Louis Blues,5,1,W,REG,9,2,2,W 2
14,1971-11-07,time unavailable,@,Philadelphia Flyers,3,0,W,REG,10,2,2,W 3
15,1971-11-10,time unavailable,H,Detroit Red Wings,1,2,L,REG,10,3,2,L 1
16,1971-11-13,time unavailable,H,Montreal Canadiens,1,5,L,REG,10,4,2,L 2
17,1971-11-16,time unavailable,@,Pittsburgh Penguins,5,1,W,REG,11,4,2,W 1
18,1971-11-18,time unavailable,H,Pittsburgh Penguins,4,3,W,REG,12,4,2,W 2
19,1971-11-20,time unavailable,H,New York Rangers,4,1,W,REG,13,4,2,W 3
20,1971-11-21,time unavailable,@,Philadelphia Flyers,1,1,T,REG,13,4,3,T 1
21,1971-11-23,time unavailable,@,Vancouver Canucks,2,1,W,REG,14,4,3,W 1
22,1971-11-26,time unavailable,@,California Golden Seals,2,1,W,REG,15,4,3,W 2
23,1971-11-27,time unavailable,@,Los Angeles Kings,3,1,W,REG,16,4,3,W 3
24,1971-12-01,time unavailable,H,California Golden Seals,4,1,W,REG,17,4,3,W 4
25,1971-12-04,time unavailable,H,Philadelphia Flyers,3,1,W,REG,18,4,3,W 5
26,1971-12-05,time unavailable,@,Buffalo Sabres,1,3,L,REG,18,5,3,L 1
27,1971-12-08,time unavailable,@,Toronto Maple Leafs,1,3,L,REG,18,6,3,L 2
28,1971-12-11,time unavailable,@,Montreal Canadiens,3,4,L,REG,18,7,3,L 3
29,1971-12-12,time unavailable,@,Chicago Black Hawks,3,5,L,REG,18,8,3,L 4
30,1971-12-15,time unavailable,H,St. Louis Blues,4,1,W,REG,19,8,3,W 1
31,1971-12-18,time unavailable,H,Chicago Black Hawks,1,4,L,REG,19,9,3,L 1
32,1971-12-19,time unavailable,@,New York Rangers,1,1,T,REG,19,9,4,T 1
33,1971-12-21,time unavailable,H,Los Angeles Kings,3,2,W,REG,20,9,4,W 1
34,1971-12-25,time unavailable,H,New York Rangers,1,2,L,REG,20,10,4,L 1
35,1971-12-26,time unavailable,@,Detroit Red Wings,1,5,L,REG,20,11,4,L 2
36,1971-12-30,time unavailable,H,Boston Bruins,2,2,T,REG,20,11,5,T 1
37,1972-01-01,time unavailable,@,Los Angeles Kings,3,2,W,REG,21,11,5,W 1
38,1972-01-05,time unavailable,H,Detroit Red Wings,4,2,W,REG,22,11,5,W 2
39,1972-01-08,time unavailable,H,Vancouver Canucks,1,5,L,REG,22,12,5,L 1
40,1972-01-11,time unavailable,@,Vancouver Canucks,2,2,T,REG,22,12,6,T 1
41,1972-01-12,time unavailable,@,California Golden Seals,0,2,L,REG,22,13,6,L 1
42,1972-01-15,time unavailable,@,St. Louis Blues,2,7,L,REG,22,14,6,L 2
43,1972-01-16,time unavailable,@,Chicago Black Hawks,2,3,L,REG,22,15,6,L 3
44,1972-01-18,time unavailable,H,California Golden Seals,1,1,T,REG,22,15,7,T 1
45,1972-01-19,time unavailable,@,Detroit Red Wings,4,1,W,REG,23,15,7,W 1
46,1972-01-22,time unavailable,H,Toronto Maple Leafs,4,1,W,REG,24,15,7,W 2
47,1972-01-23,time unavailable,H,Los Angeles Kings,5,3,W,REG,25,15,7,W 3
48,1972-01-27,time unavailable,@,Montreal Canadiens,6,5,W,REG,26,15,7,W 4
49,1972-01-29,time unavailable,H,New York Rangers,4,2,W,REG,27,15,7,W 5
50,1972-01-30,time unavailable,@,New York Rangers,1,1,T,REG,27,15,8,T 1
51,1972-02-02,time unavailable,@,Toronto Maple Leafs,2,3,L,REG,27,16,8,L 1
52,1972-02-03,time unavailable,@,Boston Bruins,1,6,L,REG,27,17,8,L 2
53,1972-02-05,time unavailable,H,Buffalo Sabres,3,3,T,REG,27,17,9,T 1
54,1972-02-06,time unavailable,@,Chicago Black Hawks,0,5,L,REG,27,18,9,L 1
55,1972-02-09,time unavailable,H,Los Angeles Kings,4,1,W,REG,28,18,9,W 1
56,1972-02-10,time unavailable,@,St. Louis Blues,3,1,W,REG,29,18,9,W 2
57,1972-02-12,time unavailable,H,Philadelphia Flyers,5,1,W,REG,30,18,9,W 3
58,1972-02-16,time unavailable,H,Detroit Red Wings,4,2,W,REG,31,18,9,W 4
59,1972-02-19,time unavailable,H,Boston Bruins,4,6,L,REG,31,19,9,L 1
60,1972-02-20,time unavailable,H,Pittsburgh Penguins,2,0,W,REG,32,19,9,W 1
61,1972-02-24,time unavailable,H,Montreal Canadiens,2,4,L,REG,32,20,9,L 1
62,1972-02-26,time unavailable,H,St. Louis Blues,2,3,L,REG,32,21,9,L 2
63,1972-03-02,time unavailable,@,Philadelphia Flyers,0,3,L,REG,32,22,9,L 3
64,1972-03-04,time unavailable,@,Pittsburgh Penguins,2,4,L,REG,32,23,9,L 4
65,1972-03-05,time unavailable,H,Chicago Black Hawks,2,1,W,REG,33,23,9,W 1
66,1972-03-08,time unavailable,H,Boston Bruins,4,5,L,REG,33,24,9,L 1
67,1972-03-12,time unavailable,H,Toronto Maple Leafs,2,2,T,REG,33,24,10,T 1
68,1972-03-14,time unavailable,H,Buffalo Sabres,3,4,L,REG,33,25,10,L 1
69,1972-03-16,time unavailable,H,Vancouver Canucks,6,2,W,REG,34,25,10,W 1
70,1972-03-18,time unavailable,@,Montreal Canadiens,3,4,L,REG,34,26,10,L 1
71,1972-03-19,time unavailable,@,Boston Bruins,3,7,L,REG,34,27,10,L 2
72,1972-03-21,time unavailable,H,California Golden Seals,4,2,W,REG,35,27,10,W 1
73,1972-03-23,time unavailable,@,Buffalo Sabres,4,4,T,REG,35,27,11,T 1
74,1972-03-25,time unavailable,@,Pittsburgh Penguins,2,3,L,REG,35,28,11,L 1
75,1972-03-26,time unavailable,@,New York Rangers,5,0,W,REG,36,28,11,W 1
76,1972-03-28,time unavailable,H,Philadelphia Flyers,2,2,T,REG,36,28,12,T 1
77,1972-03-31,time unavailable,@,California Golden Seals,2,1,W,REG,37,28,12,W 1
78,1972-04-02,time unavailable,@,Vancouver Canucks,1,4,L,REG,37,29,12,L 1

GP,Date,Time,Location,Opponent,GF,GA,Result,Game Ended In,W,L,T,Streak,Notes
1,1972-04-05,time unavailable,H,St. Louis Blues,3,0,W,REG,1,0,0,W 1
2,1972-04-06,time unavailable,H,St. Louis Blues,6,5,W,OT,2,0,0,W 2
3,1972-04-08,time unavailable,@,St. Louis Blues,1,2,L,REG,2,1,0,L 1
4,1972-04-09,time unavailable,@,St. Louis Blues,2,3,L,REG,2,2,0,L 2
5,1972-04-11,time unavailable,H,St. Louis Blues,4,3,W,REG,3,2,0,W 1
6,1972-04-13,time unavailable,@,St. Louis Blues,2,4,L,REG,3,3,0,L 1
7,1972-04-16,time unavailable,H,St. Louis Blues,1,2,L,OT,3,4,0,L 2

Charlie Burns,,9,LW,35,5-11,170,L/-,9,"February 14, 1936",us,"11 G, 14 A, 25 P"
Craig Cameron,,28,RW,26,6-0,200,R/-,4,"July 19, 1945",ca,"2 G, 1 A, 3 P"
Jude Drouin,,16,C,23,5-10,160,R/-,3,"October 28, 1948",ca,"13 G, 43 A, 56 P"
Gary Gambucci,,24,C,25,5-9,175,L/-,R,"September 27, 1946",us,"1 G, 0 A, 1 P"
Barry Gibbs,,2,D,23,5-11,195,R/-,4,"September 28, 1948",ca,"4 G, 20 A, 24 P"
Gilles Gilbert,,35,G,22,6-1,175,-/L,2,"March 31, 1949",ca,"1-2-1, 3.03 GAA"
Bill Goldsworthy,,8,RW,27,6-0,190,R/-,7,"August 24, 1944",ca,"31 G, 31 A, 62 P"
Danny Grant,,21,LW,25,5-10,188,L/-,5,"February 21, 1946",ca,"18 G, 25 A, 43 P"
Ted Hampson,,12,C,35,5-8,173,L/-,11,"December 11, 1936",ca,"5 G, 14 A, 19 P"
Ted Harris,(C),4,D,35,6-2,183,L/-,8,"July 18, 1936",ca,"2 G, 15 A, 17 P"
Bill Heindl,,14,LW,25,5-10,175,L/-,1,"May 13, 1946",ca,"0 G, 0 A, 0 P"
Dennis Hextall,,22,C,28,5-11,175,L/-,3,"April 17, 1943",ca,"6 G, 10 A, 16 P"
Gord Labossiere,,25,C,32,6-1,190,R/-,5,"January 2, 1940",ca,"2 G, 3 A, 5 P"
Cesare Maniago,,30,G,33,6-3,195,-/L,8,"January 13, 1939",ca,"20-17-4, 2.65 GAA"
Doug Mohns,,6,D,38,6-0,185,L/-,18,"December 13, 1933",ca,"6 G, 30 A, 36 P"
Lou Nanne,,23,RW,30,6-1,185,R/-,4,"June 2, 1941",ca,"21 G, 28 A, 49 P"
Bob Nevin,,17,RW,33,6-0,185,R/-,13,"March 18, 1938",ca,"15 G, 19 A, 34 P"
Dennis O'Brien,,5,D,22,6-0,195,L/-,1,"June 10, 1949",ca,"3 G, 6 A, 9 P"
Murray Oliver,,10,C,34,5-10,170,L/-,13,"November 14, 1937",ca,"27 G, 29 A, 56 P"
Bob Paradise,,26,D,27,6-1,205,L/-,R,"April 22, 1944",us,"0 G, 0 A, 0 P"
J.P. Parise,,11,LW,30,5-9,175,L/-,6,"December 11, 1941",ca,"19 G, 18 A, 37 P"
Dean Prentice,,29,LW,39,5-11,180,L/-,19,"October 5, 1932",ca,"20 G, 27 A, 47 P"
Tom Reid,,20,D,25,6-1,200,L/-,4,"June 24, 1946",ca,"6 G, 15 A, 21 P"
Gump Worsley,,1,G,42,5-7,180,-/L,18,"May 14, 1929",ca,"16-10-7, 2.12 GAA"
