Pittsburgh Penguins,PIT,nhl
1971-72,1972
31
78
4
GP,Date,Time,Location,Opponent,GF,GA,Result,Game Ended In,W,L,T,Streak,Notes
1,1971-10-09,time unavailable,H,Philadelphia Flyers,3,2,W,REG,1,0,0,W 1
2,1971-10-10,time unavailable,@,Buffalo Sabres,1,2,L,REG,1,1,0,L 1
3,1971-10-13,time unavailable,@,Los Angeles Kings,4,1,W,REG,2,1,0,W 1
4,1971-10-16,time unavailable,@,Vancouver Canucks,2,1,W,REG,3,1,0,W 2
5,1971-10-17,time unavailable,@,California Golden Seals,4,2,W,REG,4,1,0,W 3
6,1971-10-20,time unavailable,H,Los Angeles Kings,8,1,W,REG,5,1,0,W 4
7,1971-10-23,time unavailable,H,Chicago Black Hawks,2,5,L,REG,5,2,0,L 1
8,1971-10-24,time unavailable,@,New York Rangers,1,1,T,REG,5,2,1,T 1
9,1971-10-27,time unavailable,H,California Golden Seals,4,6,L,REG,5,3,1,L 1
10,1971-10-28,time unavailable,@,Minnesota North Stars,0,2,L,REG,5,4,1,L 2
11,1971-10-30,time unavailable,H,New York Rangers,1,1,T,REG,5,4,2,T 1
12,1971-10-31,time unavailable,@,Detroit Red Wings,1,3,L,REG,5,5,2,L 1
13,1971-11-03,time unavailable,@,California Golden Seals,3,5,L,REG,5,6,2,L 2
14,1971-11-05,time unavailable,@,Vancouver Canucks,2,4,L,REG,5,7,2,L 3
15,1971-11-07,time unavailable,@,Chicago Black Hawks,1,4,L,REG,5,8,2,L 4
16,1971-11-09,time unavailable,@,St. Louis Blues,4,1,W,REG,6,8,2,W 1
17,1971-11-10,time unavailable,H,Vancouver Canucks,3,1,W,REG,7,8,2,W 2
18,1971-11-13,time unavailable,H,Los Angeles Kings,6,4,W,REG,8,8,2,W 3
19,1971-11-16,time unavailable,H,Minnesota North Stars,1,5,L,REG,8,9,2,L 1
20,1971-11-18,time unavailable,@,Minnesota North Stars,3,4,L,REG,8,10,2,L 2
21,1971-11-20,time unavailable,H,St. Louis Blues,2,4,L,REG,8,11,2,L 3
22,1971-11-21,time unavailable,@,Chicago Black Hawks,3,7,L,REG,8,12,2,L 4
23,1971-11-24,time unavailable,H,Toronto Maple Leafs,1,2,L,REG,8,13,2,L 5
24,1971-11-27,time unavailable,@,Montreal Canadiens,1,3,L,REG,8,14,2,L 6
25,1971-12-01,time unavailable,H,Detroit Red Wings,4,2,W,REG,9,14,2,W 1
26,1971-12-04,time unavailable,H,New York Rangers,4,2,W,REG,10,14,2,W 2
27,1971-12-05,time unavailable,@,Boston Bruins,3,5,L,REG,10,15,2,L 1
28,1971-12-08,time unavailable,H,California Golden Seals,1,1,T,REG,10,15,3,T 1
29,1971-12-11,time unavailable,H,Buffalo Sabres,3,3,T,REG,10,15,4,T 2
30,1971-12-12,time unavailable,@,New York Rangers,1,6,L,REG,10,16,4,L 1
31,1971-12-15,time unavailable,@,Toronto Maple Leafs,2,3,L,REG,10,17,4,L 2
32,1971-12-18,time unavailable,H,Boston Bruins,3,4,L,REG,10,18,4,L 3
33,1971-12-19,time unavailable,@,Boston Bruins,2,2,T,REG,10,18,5,T 1
34,1971-12-22,time unavailable,@,New York Rangers,2,4,L,REG,10,19,5,L 1
35,1971-12-25,time unavailable,H,Montreal Canadiens,4,2,W,REG,11,19,5,W 1
36,1971-12-26,time unavailable,@,Philadelphia Flyers,1,6,L,REG,11,20,5,L 1
37,1971-12-28,time unavailable,H,Toronto Maple Leafs,2,4,L,REG,11,21,5,L 2
38,1971-12-31,time unavailable,H,Buffalo Sabres,3,3,T,REG,11,21,6,T 1
39,1972-01-05,time unavailable,@,Chicago Black Hawks,3,3,T,REG,11,21,7,T 2
40,1972-01-08,time unavailable,H,Chicago Black Hawks,0,4,L,REG,11,22,7,L 1
41,1972-01-09,time unavailable,@,Detroit Red Wings,2,4,L,REG,11,23,7,L 2
42,1972-01-12,time unavailable,H,Boston Bruins,2,2,T,REG,11,23,8,T 1
43,1972-01-13,time unavailable,@,Montreal Canadiens,1,7,L,REG,11,24,8,L 1
44,1972-01-15,time unavailable,H,Philadelphia Flyers,4,2,W,REG,12,24,8,W 1
45,1972-01-19,time unavailable,H,Vancouver Canucks,1,6,L,REG,12,25,8,L 1
46,1972-01-22,time unavailable,@,St. Louis Blues,0,1,L,REG,12,26,8,L 2
47,1972-01-23,time unavailable,H,Montreal Canadiens,3,3,T,REG,12,26,9,T 1
48,1972-01-26,time unavailable,H,St. Louis Blues,1,2,L,REG,12,27,9,L 1
49,1972-01-29,time unavailable,H,Chicago Black Hawks,2,4,L,REG,12,28,9,L 2
50,1972-01-30,time unavailable,@,Philadelphia Flyers,0,4,L,REG,12,29,9,L 3
51,1972-02-03,time unavailable,@,St. Louis Blues,4,3,W,REG,13,29,9,W 1
52,1972-02-05,time unavailable,@,Los Angeles Kings,1,8,L,REG,13,30,9,L 1
53,1972-02-09,time unavailable,@,Toronto Maple Leafs,4,1,W,REG,14,30,9,W 1
54,1972-02-10,time unavailable,H,Los Angeles Kings,6,1,W,REG,15,30,9,W 2
55,1972-02-12,time unavailable,H,New York Rangers,3,8,L,REG,15,31,9,L 1
56,1972-02-13,time unavailable,H,Vancouver Canucks,6,4,W,REG,16,31,9,W 1
57,1972-02-16,time unavailable,H,Toronto Maple Leafs,4,2,W,REG,17,31,9,W 2
58,1972-02-17,time unavailable,@,Buffalo Sabres,2,0,W,REG,18,31,9,W 3
59,1972-02-19,time unavailable,H,Detroit Red Wings,2,6,L,REG,18,32,9,L 1
60,1972-02-20,time unavailable,@,Minnesota North Stars,0,2,L,REG,18,33,9,L 2
61,1972-02-23,time unavailable,@,Toronto Maple Leafs,0,2,L,REG,18,34,9,L 3
62,1972-02-26,time unavailable,H,Philadelphia Flyers,5,2,W,REG,19,34,9,W 1
63,1972-02-27,time unavailable,@,Montreal Canadiens,3,5,L,REG,19,35,9,L 1
64,1972-03-02,time unavailable,H,Detroit Red Wings,7,4,W,REG,20,35,9,W 1
65,1972-03-04,time unavailable,H,Minnesota North Stars,4,2,W,REG,21,35,9,W 2
66,1972-03-05,time unavailable,@,Detroit Red Wings,3,6,L,REG,21,36,9,L 1
67,1972-03-08,time unavailable,H,Montreal Canadiens,4,5,L,REG,21,37,9,L 2
68,1972-03-11,time unavailable,H,Boston Bruins,6,4,W,REG,22,37,9,W 1
69,1972-03-12,time unavailable,@,Boston Bruins,4,4,T,REG,22,37,10,T 1
70,1972-03-14,time unavailable,@,Vancouver Canucks,7,4,W,REG,23,37,10,W 1
71,1972-03-18,time unavailable,@,Los Angeles Kings,4,4,T,REG,23,37,11,T 1
72,1972-03-19,time unavailable,@,California Golden Seals,3,3,T,REG,23,37,12,T 2
73,1972-03-22,time unavailable,H,Buffalo Sabres,3,4,L,REG,23,38,12,L 1
74,1972-03-25,time unavailable,H,Minnesota North Stars,3,2,W,REG,24,38,12,W 1
75,1972-03-26,time unavailable,@,Buffalo Sabres,2,2,T,REG,24,38,13,T 1
76,1972-03-29,time unavailable,H,California Golden Seals,5,4,W,REG,25,38,13,W 1
77,1972-04-01,time unavailable,@,Philadelphia Flyers,4,4,T,REG,25,38,14,T 1
78,1972-04-02,time unavailable,H,St. Louis Blues,6,2,W,REG,26,38,14,W 1

GP,Date,Time,Location,Opponent,GF,GA,Result,Game Ended In,W,L,T,Streak,Notes
1,1972-04-05,time unavailable,@,Chicago Black Hawks,1,3,L,REG,0,1,0,L 1
2,1972-04-06,time unavailable,@,Chicago Black Hawks,2,3,L,REG,0,2,0,L 2
3,1972-04-08,time unavailable,H,Chicago Black Hawks,0,2,L,REG,0,3,0,L 3
4,1972-04-09,time unavailable,H,Chicago Black Hawks,5,6,L,OT,0,4,0,L 4

Syl Apps,,26,C,24,6-0,185,R/-,1,"August 1, 1947",ca,"15 G, 44 A, 59 P"
Les Binkley,,30,G,37,6-0,175,-/R,4,"June 6, 1934",ca,"7-15-5, 3.51 GAA"
Wally Boyer,,18,C,34,5-8,165,L/-,6,"September 27, 1937",ca,"0 G, 1 A, 1 P"
Robin Burns,,25,LW,25,6-0,195,L/-,1,"August 27, 1946",ca,"0 G, 0 A, 0 P"
Dave Burrows,,4,D,23,6-1,190,L/-,R,"January 11, 1949",ca,"2 G, 10 A, 12 P"
Steve Cardwell,,20,LW,21,5-11,190,L/-,1,"August 13, 1950",ca,"7 G, 8 A, 15 P"
Darryl Edestrand,,25,D,26,5-11,180,L/-,2,"November 6, 1945",ca,"10 G, 23 A, 33 P"
Roy Edwards,,1,G,34,5-8,165,-/R,4,"March 12, 1937",ca,"2-8-4, 2.55 GAA"
Val Fonteyne,,8,LW,38,5-10,160,L/-,12,"December 2, 1933",ca,"6 G, 13 A, 19 P"
Nick Harbaruk,,11,RW,28,6-0,195,R/-,2,"August 16, 1943",pl,"12 G, 17 A, 29 P"
Bryan Hextall,,7,C,30,5-11,185,L/-,3,"May 23, 1941",ca,"20 G, 24 A, 44 P"
Bill Hicke,,9,RW,33,5-8,164,L/-,12,"March 31, 1938",ca,"2 G, 0 A, 2 P"
Tim Horton,,3-24,D,42,5-10,180,R/-,21,"January 12, 1930",ca,"2 G, 9 A, 11 P"
Sheldon Kannegiesser,,6-16,D,24,6-0,198,L/-,1,"August 15, 1947",ca,"2 G, 4 A, 6 P"
Rick Kessell,,15,C,22,5-10,175,L/-,2,"July 27, 1949",ca,"0 G, 1 A, 1 P"
Bobby Leiter,,23,C,30,5-9,175,L/-,5,"March 22, 1941",ca,"14 G, 17 A, 31 P"
Keith McCreary,,10,LW,31,5-10,180,L/-,5,"June 19, 1940",ca,"4 G, 4 A, 8 P"
Al McDonough,,9,RW,21,6-1,175,R/-,1,"June 6, 1950",ca,"7 G, 11 A, 18 P"
Brian McKenzie,,15,LW,20,5-10,165,L/-,R,"March 16, 1951",ca,"1 G, 1 A, 2 P"
Joe Noris,,27,C,20,6-0,185,R/-,R,"October 26, 1951",us,"2 G, 5 A, 7 P"
Greg Polis,,22,LW,21,6-0,195,L/-,1,"August 8, 1950",ca,"30 G, 19 A, 49 P"
Jean Pronovost,,19,RW,26,6-0,185,R/-,3,"December 18, 1945",ca,"30 G, 23 A, 53 P"
RenÃ© Robert,,14,RW,23,5-10,184,R/-,1,"December 31, 1948",ca,"7 G, 11 A, 18 P"
Duane Rupp,,2,D,33,6-1,195,L/-,8,"March 29, 1938",ca,"4 G, 18 A, 22 P"
Jim Rutherford,,1-29,G,22,5-8,168,-/L,1,"February 17, 1949",ca,"17-15-5, 3.22 GAA"
Ken Schinkel,,12,RW,39,5-10,172,R/-,10,"November 27, 1932",ca,"15 G, 30 A, 45 P"
Ron Schock,,17,C,28,5-11,180,L/-,8,"December 19, 1943",ca,"17 G, 29 A, 46 P"
Eddie Shack,,23-24,LW,34,6-1,200,L/-,13,"February 11, 1937",ca,"5 G, 9 A, 14 P"
John Stewart,,20,LW,21,6-0,180,L/-,1,"May 16, 1950",ca,"2 G, 8 A, 10 P"
Bryan Watson,,5,D,29,5-9,175,R/-,8,"November 14, 1942",ca,"3 G, 17 A, 20 P"
Bob Woytowich,,3,D,30,6-0,185,R/-,7,"August 18, 1941",ca,"1 G, 4 A, 5 P"
