Montreal Canadiens,MTL,nhl
1969-70,1970
33
76
0
GP,Date,Time,Location,Opponent,GF,GA,Result,Game Ended In,W,L,T,Streak
1,1969-10-11,time unavailable,H,Los Angeles Kings,5,1,W,REG,1,0,0,W 1
2,1969-10-15,time unavailable,@,Toronto Maple Leafs,2,2,T,REG,1,0,1,T 1
3,1969-10-18,time unavailable,H,New York Rangers,7,3,W,REG,2,0,1,W 1
4,1969-10-19,time unavailable,@,Philadelphia Flyers,1,1,T,REG,2,0,2,T 1
5,1969-10-22,time unavailable,H,St. Louis Blues,3,3,T,REG,2,0,3,T 2
6,1969-10-25,time unavailable,H,Chicago Black Hawks,0,5,L,REG,2,1,3,L 1
7,1969-10-26,time unavailable,@,New York Rangers,8,3,W,REG,3,1,3,W 1
8,1969-10-29,time unavailable,@,Minnesota North Stars,1,4,L,REG,3,2,3,L 1
9,1969-10-30,time unavailable,@,St. Louis Blues,2,2,T,REG,3,2,4,T 1
10,1969-11-01,time unavailable,H,Boston Bruins,9,2,W,REG,4,2,4,W 1
11,1969-11-05,time unavailable,H,Minnesota North Stars,2,2,T,REG,4,2,5,T 1
12,1969-11-06,time unavailable,@,Philadelphia Flyers,4,1,W,REG,5,2,5,W 1
13,1969-11-08,time unavailable,H,Toronto Maple Leafs,6,3,W,REG,6,2,5,W 2
14,1969-11-10,time unavailable,@,Los Angeles Kings,6,3,W,REG,7,2,5,W 3
15,1969-11-12,time unavailable,@,Oakland Seals,5,0,W,REG,8,2,5,W 4
16,1969-11-15,time unavailable,@,St. Louis Blues,3,2,W,REG,9,2,5,W 5
17,1969-11-16,time unavailable,@,Chicago Black Hawks,0,1,L,REG,9,3,5,L 1
18,1969-11-19,time unavailable,H,Detroit Red Wings,5,5,T,REG,9,3,6,T 1
19,1969-11-22,time unavailable,H,Oakland Seals,4,2,W,REG,10,3,6,W 1
20,1969-11-23,time unavailable,@,Boston Bruins,2,2,T,REG,10,3,7,T 1
21,1969-11-26,time unavailable,@,Toronto Maple Leafs,3,1,W,REG,11,3,7,W 1
22,1969-11-29,time unavailable,H,Boston Bruins,2,2,T,REG,11,3,8,T 1
23,1969-12-04,time unavailable,@,Chicago Black Hawks,1,0,W,REG,12,3,8,W 1
24,1969-12-06,time unavailable,H,Minnesota North Stars,3,4,L,REG,12,4,8,L 1
25,1969-12-07,time unavailable,@,New York Rangers,3,6,L,REG,12,5,8,L 2
26,1969-12-10,time unavailable,H,Toronto Maple Leafs,6,3,W,REG,13,5,8,W 1
27,1969-12-13,time unavailable,H,Chicago Black Hawks,4,1,W,REG,14,5,8,W 2
28,1969-12-14,time unavailable,@,Detroit Red Wings,2,5,L,REG,14,6,8,L 1
29,1969-12-17,time unavailable,@,Pittsburgh Penguins,5,2,W,REG,15,6,8,W 1
30,1969-12-20,time unavailable,H,Detroit Red Wings,2,3,L,REG,15,7,8,L 1
31,1969-12-21,time unavailable,@,Boston Bruins,5,2,W,REG,16,7,8,W 1
32,1969-12-26,time unavailable,@,Detroit Red Wings,3,3,T,REG,16,7,9,T 1
33,1969-12-27,time unavailable,H,Philadelphia Flyers,2,2,T,REG,16,7,10,T 2
34,1969-12-30,time unavailable,H,St. Louis Blues,0,5,L,REG,16,8,10,L 1
35,1969-12-31,time unavailable,@,Pittsburgh Penguins,2,4,L,REG,16,9,10,L 2
36,1970-01-03,time unavailable,H,Oakland Seals,5,1,W,REG,17,9,10,W 1
37,1970-01-06,time unavailable,H,Los Angeles Kings,4,3,W,REG,18,9,10,W 2
38,1970-01-08,time unavailable,H,Pittsburgh Penguins,3,1,W,REG,19,9,10,W 3
39,1970-01-11,time unavailable,H,New York Rangers,4,1,W,REG,20,9,10,W 4
40,1970-01-14,time unavailable,H,Los Angeles Kings,4,2,W,REG,21,9,10,W 5
41,1970-01-17,time unavailable,H,Oakland Seals,0,3,L,REG,21,10,10,L 1
42,1970-01-18,time unavailable,@,Boston Bruins,3,6,L,REG,21,11,10,L 2
43,1970-01-22,time unavailable,@,Minnesota North Stars,4,2,W,REG,22,11,10,W 1
44,1970-01-24,time unavailable,H,Chicago Black Hawks,4,1,W,REG,23,11,10,W 2
45,1970-01-25,time unavailable,@,Detroit Red Wings,4,1,W,REG,24,11,10,W 3
46,1970-01-28,time unavailable,H,Minnesota North Stars,5,4,W,REG,25,11,10,W 4
47,1970-01-31,time unavailable,H,Boston Bruins,3,3,T,REG,25,11,11,T 1
48,1970-02-01,time unavailable,@,Philadelphia Flyers,5,2,W,REG,26,11,11,W 1
49,1970-02-04,time unavailable,@,Oakland Seals,2,5,L,REG,26,12,11,L 1
50,1970-02-05,time unavailable,@,Los Angeles Kings,5,3,W,REG,27,12,11,W 1
51,1970-02-07,time unavailable,@,Minnesota North Stars,1,1,T,REG,27,12,12,T 1
52,1970-02-08,time unavailable,@,Chicago Black Hawks,3,2,W,REG,28,12,12,W 1
53,1970-02-11,time unavailable,H,Toronto Maple Leafs,3,3,T,REG,28,12,13,T 1
54,1970-02-14,time unavailable,H,Detroit Red Wings,2,5,L,REG,28,13,13,L 1
55,1970-02-15,time unavailable,@,New York Rangers,0,2,L,REG,28,14,13,L 2
56,1970-02-18,time unavailable,@,Toronto Maple Leafs,3,5,L,REG,28,15,13,L 3
57,1970-02-21,time unavailable,H,Philadelphia Flyers,5,3,W,REG,29,15,13,W 1
58,1970-02-22,time unavailable,@,Detroit Red Wings,1,0,W,REG,30,15,13,W 2
59,1970-02-25,time unavailable,H,Pittsburgh Penguins,3,2,W,REG,31,15,13,W 3
60,1970-02-28,time unavailable,H,St. Louis Blues,2,3,L,REG,31,16,13,L 1
61,1970-03-04,time unavailable,@,Pittsburgh Penguins,1,2,L,REG,31,17,13,L 2
62,1970-03-07,time unavailable,H,Detroit Red Wings,2,4,L,REG,31,18,13,L 3
63,1970-03-08,time unavailable,@,Boston Bruins,0,2,L,REG,31,19,13,L 4
64,1970-03-11,time unavailable,H,New York Rangers,5,3,W,REG,32,19,13,W 1
65,1970-03-14,time unavailable,@,St. Louis Blues,6,2,W,REG,33,19,13,W 2
66,1970-03-15,time unavailable,@,Toronto Maple Leafs,3,3,T,REG,33,19,14,T 1
67,1970-03-18,time unavailable,@,Oakland Seals,2,2,T,REG,33,19,15,T 2
68,1970-03-19,time unavailable,@,Los Angeles Kings,6,1,W,REG,34,19,15,W 1
69,1970-03-21,time unavailable,H,Philadelphia Flyers,2,0,W,REG,35,19,15,W 2
70,1970-03-22,time unavailable,H,Pittsburgh Penguins,5,4,W,REG,36,19,15,W 3
71,1970-03-25,time unavailable,H,Toronto Maple Leafs,5,2,W,REG,37,19,15,W 4
72,1970-03-28,time unavailable,H,New York Rangers,1,1,T,REG,37,19,16,T 1
73,1970-03-29,time unavailable,@,New York Rangers,1,4,L,REG,37,20,16,L 1
74,1970-04-01,time unavailable,H,Boston Bruins,6,3,W,REG,38,20,16,W 1
75,1970-04-04,time unavailable,H,Chicago Black Hawks,1,4,L,REG,38,21,16,L 1
76,1970-04-05,time unavailable,@,Chicago Black Hawks,2,10,L,REG,38,22,16,L 2

Time,Location,Result,Game Ended In

Ralph Backstrom,,6,C,32,5-10,165,L/-,13,"September 18, 1937",ca,"19 G, 24 A, 43 P"
Jean Beliveau,(C),4,C,38,6-3,205,L/-,18,"August 31, 1931",ca,"19 G, 30 A, 49 P"
Christian Bordeleau,,23,LW,22,5-8,172,L/-,1,"September 23, 1947",ca,"2 G, 13 A, 15 P"
Guy Charron,,21,LW,21,5-10,170,L/-,R,"January 24, 1949",ca,"0 G, 0 A, 0 P"
Yvan Cournoyer,,12,RW,26,5-7,178,L/-,6,"November 22, 1943",ca,"27 G, 36 A, 63 P"
Paul Curtis,,26,D,22,6-0,185,L/-,R,"September 29, 1947",ca,"0 G, 0 A, 0 P"
Jude Drouin,,26,C,21,5-10,160,R/-,1,"October 28, 1948",ca,"0 G, 0 A, 0 P"
Dick Duff,,8,LW,33,5-9,166,L/-,15,"February 18, 1936",ca,"1 G, 1 A, 2 P"
John Ferguson,,22,LW,31,5-11,190,L/-,6,"September 5, 1938",ca,"19 G, 13 A, 32 P"
Jean Gauthier,,11,D,32,6-1,190,R/-,8,"April 29, 1937",ca,"0 G, 1 A, 1 P"
Lucien Grenier,,17-21,RW,23,5-10,163,L/-,R,"November 3, 1946",ca,"2 G, 3 A, 5 P"
Terry Harper,,19,D,30,6-1,200,R/-,7,"January 27, 1940",ca,"4 G, 18 A, 22 P"
Ted Harris,,10,D,33,6-2,183,L/-,6,"July 18, 1936",ca,"3 G, 17 A, 20 P"
Rejean Houle,,11,LW,20,5-11,170,L/-,R,"October 25, 1949",ca,"0 G, 1 A, 1 P"
Fran Huck,,21,C,24,5-7,165,L/-,R,"December 4, 1945",ca,"0 G, 0 A, 0 P"
Jacques Laperriere,,2,D,28,6-2,190,L/-,7,"November 22, 1941",ca,"6 G, 31 A, 37 P"
Guy Lapointe,,17,D,21,6-0,205,L/-,1,"March 18, 1948",ca,"0 G, 0 A, 0 P"
Jacques Lemaire,,25,LW,24,5-10,180,L/-,2,"September 7, 1945",ca,"32 G, 28 A, 60 P"
Pete Mahovlich,,20,C,23,6-5,210,L/-,4,"October 10, 1946",ca,"9 G, 8 A, 17 P"
Larry Mickey,,8-21,RW,26,5-11,175,R/-,5,"October 21, 1943",ca,"4 G, 4 A, 8 P"
Phil Myre,,29,G,21,6-1,185,-/L,R,"November 1, 1948",ca,"4-3-2, 2.27 GAA"
Larry Pleau,,26,C,23,6-1,190,L/-,R,"January 29, 1947",us,"1 G, 0 A, 1 P"
Claude Provost,,14,RW,36,5-9,168,R/-,14,"September 17, 1933",ca,"10 G, 11 A, 21 P"
Mickey Redmond,,24,RW,22,5-11,185,R/-,2,"December 27, 1947",ca,"27 G, 27 A, 54 P"
Henri Richard,,16,C,33,5-7,160,R/-,14,"February 29, 1936",ca,"16 G, 36 A, 52 P"
Phil Roberto,,11-26,RW,21,6-1,190,R/-,R,"January 1, 1949",ca,"0 G, 1 A, 1 P"
Bobby Rousseau,,15,RW,29,5-10,178,R/-,9,"July 26, 1940",ca,"24 G, 34 A, 58 P"
Serge Savard,,18,D,24,6-3,210,L/-,3,"January 22, 1946",ca,"12 G, 19 A, 31 P"
Bobby Sheehan,,11,C,21,5-7,155,L/-,R,"January 11, 1949",us,"2 G, 1 A, 3 P"
Marc Tardif,,11-21,LW,20,6-0,195,L/-,R,"June 12, 1949",ca,"3 G, 2 A, 5 P"
J.C. Tremblay,,3,D,31,5-11,170,L/-,10,"January 22, 1939",ca,"2 G, 19 A, 21 P"
Rogie Vachon,,30,G,24,5-7,170,-/L,3,"September 8, 1945",ca,"31-18-12, 2.63 GAA"
Gump Worsley,,1,G,40,5-7,180,-/L,16,"May 14, 1929",ca,"3-1-2, 2.33 GAA"
