Toronto Maple Leafs,TOR,nhl
1969-70,1970
34
76
0
GP,Date,Time,Location,Opponent,GF,GA,Result,Game Ended In,W,L,T,Streak
1,1969-10-11,time unavailable,@,Detroit Red Wings,2,3,L,REG,0,1,0,L 1
2,1969-10-15,time unavailable,H,Montreal Canadiens,2,2,T,REG,0,1,1,T 1
3,1969-10-18,time unavailable,H,Chicago Black Hawks,4,1,W,REG,1,1,1,W 1
4,1969-10-19,time unavailable,@,New York Rangers,0,1,L,REG,1,2,1,L 1
5,1969-10-22,time unavailable,H,Philadelphia Flyers,3,4,L,REG,1,3,1,L 2
6,1969-10-25,time unavailable,H,St. Louis Blues,4,2,W,REG,2,3,1,W 1
7,1969-10-29,time unavailable,H,Boston Bruins,4,2,W,REG,3,3,1,W 2
8,1969-11-01,time unavailable,H,New York Rangers,2,3,L,REG,3,4,1,L 1
9,1969-11-02,time unavailable,@,Boston Bruins,4,4,T,REG,3,4,2,T 1
10,1969-11-04,time unavailable,@,Oakland Seals,5,2,W,REG,4,4,2,W 1
11,1969-11-05,time unavailable,@,Los Angeles Kings,2,6,L,REG,4,5,2,L 1
12,1969-11-08,time unavailable,@,Montreal Canadiens,3,6,L,REG,4,6,2,L 2
13,1969-11-09,time unavailable,@,Chicago Black Hawks,0,9,L,REG,4,7,2,L 3
14,1969-11-12,time unavailable,H,Pittsburgh Penguins,0,3,L,REG,4,8,2,L 4
15,1969-11-15,time unavailable,H,Philadelphia Flyers,4,2,W,REG,5,8,2,W 1
16,1969-11-19,time unavailable,H,Los Angeles Kings,4,4,T,REG,5,8,3,T 1
17,1969-11-22,time unavailable,H,Detroit Red Wings,4,0,W,REG,6,8,3,W 1
18,1969-11-23,time unavailable,@,Philadelphia Flyers,3,2,W,REG,7,8,3,W 2
19,1969-11-26,time unavailable,H,Montreal Canadiens,1,3,L,REG,7,9,3,L 1
20,1969-11-29,time unavailable,H,Minnesota North Stars,5,2,W,REG,8,9,3,W 1
21,1969-11-30,time unavailable,@,Boston Bruins,1,4,L,REG,8,10,3,L 1
22,1969-12-03,time unavailable,@,Minnesota North Stars,5,5,T,REG,8,10,4,T 1
23,1969-12-06,time unavailable,H,Pittsburgh Penguins,5,0,W,REG,9,10,4,W 1
24,1969-12-07,time unavailable,@,Pittsburgh Penguins,2,3,L,REG,9,11,4,L 1
25,1969-12-10,time unavailable,@,Montreal Canadiens,3,6,L,REG,9,12,4,L 2
26,1969-12-11,time unavailable,@,Philadelphia Flyers,3,6,L,REG,9,13,4,L 3
27,1969-12-13,time unavailable,H,Detroit Red Wings,1,3,L,REG,9,14,4,L 4
28,1969-12-14,time unavailable,@,New York Rangers,3,1,W,REG,10,14,4,W 1
29,1969-12-20,time unavailable,H,New York Rangers,2,5,L,REG,10,15,4,L 1
30,1969-12-21,time unavailable,@,Detroit Red Wings,3,0,W,REG,11,15,4,W 1
31,1969-12-24,time unavailable,H,Los Angeles Kings,8,1,W,REG,12,15,4,W 2
32,1969-12-26,time unavailable,@,St. Louis Blues,1,3,L,REG,12,16,4,L 1
33,1969-12-27,time unavailable,H,St. Louis Blues,4,1,W,REG,13,16,4,W 1
34,1969-12-31,time unavailable,H,Oakland Seals,1,1,T,REG,13,16,5,T 1
35,1970-01-03,time unavailable,H,Chicago Black Hawks,6,2,W,REG,14,16,5,W 1
36,1970-01-04,time unavailable,@,Pittsburgh Penguins,4,4,T,REG,14,16,6,T 1
37,1970-01-07,time unavailable,H,Minnesota North Stars,3,3,T,REG,14,16,7,T 2
38,1970-01-10,time unavailable,H,Boston Bruins,4,3,W,REG,15,16,7,W 1
39,1970-01-14,time unavailable,H,New York Rangers,1,7,L,REG,15,17,7,L 1
40,1970-01-15,time unavailable,@,St. Louis Blues,0,2,L,REG,15,18,7,L 2
41,1970-01-17,time unavailable,H,Pittsburgh Penguins,4,0,W,REG,16,18,7,W 1
42,1970-01-22,time unavailable,@,Los Angeles Kings,3,2,W,REG,17,18,7,W 2
43,1970-01-23,time unavailable,@,Oakland Seals,3,6,L,REG,17,19,7,L 1
44,1970-01-25,time unavailable,@,Chicago Black Hawks,3,2,W,REG,18,19,7,W 1
45,1970-01-28,time unavailable,@,Pittsburgh Penguins,4,4,T,REG,18,19,8,T 1
46,1970-01-31,time unavailable,@,Minnesota North Stars,4,2,W,REG,19,19,8,W 1
47,1970-02-01,time unavailable,@,Boston Bruins,6,7,L,REG,19,20,8,L 1
48,1970-02-04,time unavailable,H,St. Louis Blues,1,0,W,REG,20,20,8,W 1
49,1970-02-05,time unavailable,@,Detroit Red Wings,1,4,L,REG,20,21,8,L 1
50,1970-02-07,time unavailable,H,Oakland Seals,5,1,W,REG,21,21,8,W 1
51,1970-02-11,time unavailable,@,Montreal Canadiens,3,3,T,REG,21,21,9,T 1
52,1970-02-12,time unavailable,@,Philadelphia Flyers,3,3,T,REG,21,21,10,T 2
53,1970-02-14,time unavailable,H,Philadelphia Flyers,4,3,W,REG,22,21,10,W 1
54,1970-02-15,time unavailable,@,Chicago Black Hawks,4,6,L,REG,22,22,10,L 1
55,1970-02-18,time unavailable,H,Montreal Canadiens,5,3,W,REG,23,22,10,W 1
56,1970-02-21,time unavailable,H,Detroit Red Wings,5,7,L,REG,23,23,10,L 1
57,1970-02-22,time unavailable,@,New York Rangers,3,5,L,REG,23,24,10,L 2
58,1970-02-25,time unavailable,H,Oakland Seals,4,1,W,REG,24,24,10,W 1
59,1970-02-28,time unavailable,H,Los Angeles Kings,3,3,T,REG,24,24,11,T 1
60,1970-03-01,time unavailable,@,Minnesota North Stars,0,8,L,REG,24,25,11,L 1
61,1970-03-03,time unavailable,@,Oakland Seals,4,1,W,REG,25,25,11,W 1
62,1970-03-05,time unavailable,@,Los Angeles Kings,5,3,W,REG,26,25,11,W 2
63,1970-03-07,time unavailable,H,Minnesota North Stars,3,8,L,REG,26,26,11,L 1
64,1970-03-11,time unavailable,H,Detroit Red Wings,1,3,L,REG,26,27,11,L 2
65,1970-03-14,time unavailable,H,Boston Bruins,2,1,W,REG,27,27,11,W 1
66,1970-03-15,time unavailable,H,Montreal Canadiens,3,3,T,REG,27,27,12,T 1
67,1970-03-18,time unavailable,H,Chicago Black Hawks,4,7,L,REG,27,28,12,L 1
68,1970-03-21,time unavailable,@,St. Louis Blues,2,0,W,REG,28,28,12,W 1
69,1970-03-22,time unavailable,@,New York Rangers,5,2,W,REG,29,28,12,W 2
70,1970-03-25,time unavailable,@,Montreal Canadiens,2,5,L,REG,29,29,12,L 1
71,1970-03-28,time unavailable,H,Chicago Black Hawks,1,1,T,REG,29,29,13,T 1
72,1970-03-29,time unavailable,@,Chicago Black Hawks,0,4,L,REG,29,30,13,L 1
73,1970-04-01,time unavailable,H,New York Rangers,1,2,L,REG,29,31,13,L 2
74,1970-04-02,time unavailable,@,Detroit Red Wings,2,4,L,REG,29,32,13,L 3
75,1970-04-04,time unavailable,H,Boston Bruins,2,4,L,REG,29,33,13,L 4
76,1970-04-05,time unavailable,@,Boston Bruins,1,3,L,REG,29,34,13,L 5

Time,Location,Result,Game Ended In

Doug Acomb,,22,C,20,5-11,165,L/-,R,"May 15, 1949",ca,"0 G, 1 A, 1 P"
George Armstrong,,10,RW,39,6-1,184,R/-,19,"July 6, 1930",ca,"13 G, 15 A, 28 P"
Johnny Bower,,1,G,45,5-11,189,-/L,14,"November 8, 1924",ca,"0-1-0, 5.00 GAA"
Wayne Carleton,,25,LW,23,6-3,212,L/-,4,"August 4, 1946",ca,"0 G, 1 A, 1 P"
Terry Clancy,,21,RW,26,5-11,195,L/-,2,"April 2, 1943",ca,"6 G, 5 A, 11 P"
Jim Dorey,,8,D,22,6-1,190,L/-,1,"August 17, 1947",ca,"6 G, 11 A, 17 P"
Marv Edwards,,31,G,34,5-8,155,-/L,1,"August 15, 1935",ca,"10-9-4, 3.25 GAA"
Ron Ellis,,6,RW,25,5-9,195,R/-,6,"January 8, 1945",ca,"35 G, 19 A, 54 P"
Chris Evans,,26,D,23,5-9,180,L/-,R,"September 14, 1946",ca,"0 G, 0 A, 0 P"
Bruce Gamble,,1,G,31,5-9,200,-/L,7,"May 24, 1938",ca,"19-24-9, 3.06 GAA"
Brian Glennie,,24,D,23,6-1,197,L/-,R,"August 29, 1946",ca,"1 G, 14 A, 15 P"
Jim Harrison,,12,C,22,5-11,185,R/-,1,"July 9, 1947",ca,"7 G, 10 A, 17 P"
Paul Henderson,,19,LW,27,5-11,180,R/-,7,"January 28, 1943",ca,"20 G, 22 A, 42 P"
Tim Horton,,7,D,40,5-10,180,R/-,19,"January 12, 1930",ca,"3 G, 19 A, 22 P"
Danny Johnson,,22,LW,25,5-11,170,L/-,R,"October 1, 1944",ca,"0 G, 0 A, 0 P"
Dave Keon,(C),14,C,29,5-9,165,L/-,9,"March 22, 1940",ca,"32 G, 30 A, 62 P"
Rick Ley,,2,D,21,5-9,190,L/-,1,"November 2, 1948",ca,"2 G, 13 A, 15 P"
Larry McIntyre,,25,D,20,6-1,190,L/-,R,"July 13, 1949",ca,"0 G, 0 A, 0 P"
Jim McKenny,,18,D,23,5-11,192,R/-,4,"December 1, 1946",ca,"11 G, 33 A, 44 P"
Gerry McNamara,,1,G,35,6-2,190,-/L,1,"September 22, 1934",ca,"0-0-0, 5.22 GAA"
Ken Murray,,3,D,22,6-0,180,R/-,R,"January 22, 1948",ca,"0 G, 1 A, 1 P"
Randy Murray,,3,D,24,6-1,195,R/-,R,"August 24, 1945",ca,"0 G, 0 A, 0 P"
Gordie Nelson,,27,D,22,5-8,180,L/-,R,"May 10, 1947",ca,"0 G, 0 A, 0 P"
Murray Oliver,,11,C,32,5-10,170,L/-,11,"November 14, 1937",ca,"14 G, 33 A, 47 P"
Mike Pelyk,,4,D,22,6-1,190,L/-,2,"September 29, 1947",ca,"1 G, 3 A, 4 P"
Marcel Pronovost,,3,D,39,6-0,190,L/-,19,"June 15, 1930",ca,"0 G, 1 A, 1 P"
Bob Pulford,,20,LW,33,5-11,188,L/-,13,"March 31, 1936",ca,"18 G, 19 A, 37 P"
Pat Quinn,,23,D,27,6-3,205,L/-,1,"January 29, 1943",ca,"0 G, 5 A, 5 P"
Brit Selby,,15,LW,24,5-10,175,L/-,5,"March 27, 1945",ca,"10 G, 13 A, 23 P"
Floyd Smith,,17,RW,34,5-10,180,R/-,10,"May 16, 1935",ca,"4 G, 14 A, 18 P"
Brian Spencer,,22,LW,20,5-11,185,L/-,R,"September 3, 1949",ca,"0 G, 0 A, 0 P"
Norm Ullman,,9,C,34,5-10,175,L/-,14,"December 26, 1935",ca,"18 G, 42 A, 60 P"
Mike Walton,,16,RW,25,5-10,175,L/-,4,"January 3, 1945",ca,"21 G, 34 A, 55 P"
Ron Ward,,25,C,25,5-11,175,R/-,R,"September 12, 1944",ca,"0 G, 1 A, 1 P"
