Montreal Maroons,MTM,nhl
1934-35,1935
21
48
2,2,3
GP,Date,Time,Location,Opponent,GF,GA,Result,Game Ended In,W,L,T,Streak,Notes
1,1934-11-13,time unavailable,@,St. Louis Eagles,2,1,W,OT,1,0,0,W 1
2,1934-11-15,time unavailable,H,Chicago Black Hawks,3,4,L,REG,1,1,0,L 1
3,1934-11-17,time unavailable,@,Toronto Maple Leafs,1,2,L,REG,1,2,0,L 2
4,1934-11-20,time unavailable,@,New York Americans,3,0,W,REG,2,2,0,W 1
5,1934-11-24,time unavailable,H,Montreal Canadiens,3,1,W,REG,3,2,0,W 2
6,1934-11-29,time unavailable,H,Detroit Red Wings,2,1,W,REG,4,2,0,W 3
7,1934-12-01,time unavailable,@,New York Rangers,5,2,W,REG,5,2,0,W 4
8,1934-12-06,time unavailable,H,New York Americans,8,2,W,REG,6,2,0,W 5
9,1934-12-08,time unavailable,H,St. Louis Eagles,1,0,W,REG,7,2,0,W 6
10,1934-12-11,time unavailable,@,Montreal Canadiens,1,4,L,REG,7,3,0,L 1
11,1934-12-13,time unavailable,H,Toronto Maple Leafs,2,4,L,OT,7,4,0,L 2
12,1934-12-16,time unavailable,@,Chicago Black Hawks,2,3,L,REG,7,5,0,L 3
13,1934-12-20,time unavailable,@,Detroit Red Wings,1,1,T,OT,7,5,1,T 1
14,1934-12-22,time unavailable,H,New York Rangers,1,2,L,REG,7,6,1,L 1
15,1934-12-25,time unavailable,@,Boston Bruins,5,3,W,REG,8,6,1,W 1
16,1934-12-27,time unavailable,H,Boston Bruins,1,0,W,REG,9,6,1,W 2
17,1934-12-29,time unavailable,@,Toronto Maple Leafs,4,2,W,REG,10,6,1,W 3
18,1935-01-01,time unavailable,@,Chicago Black Hawks,2,1,W,OT,11,6,1,W 4
19,1935-01-03,time unavailable,@,St. Louis Eagles,3,0,W,REG,12,6,1,W 5
20,1935-01-05,time unavailable,H,St. Louis Eagles,1,2,L,REG,12,7,1,L 1
21,1935-01-08,time unavailable,@,New York Rangers,1,1,T,OT,12,7,2,T 1
22,1935-01-10,time unavailable,H,Chicago Black Hawks,4,0,W,REG,13,7,2,W 1
23,1935-01-12,time unavailable,@,Montreal Canadiens,2,3,L,REG,13,8,2,L 1
24,1935-01-15,time unavailable,H,Detroit Red Wings,0,1,L,OT,13,9,2,L 2
25,1935-01-19,time unavailable,H,New York Americans,8,2,W,REG,14,9,2,W 1
26,1935-01-22,time unavailable,@,Boston Bruins,3,4,L,REG,14,10,2,L 1
27,1935-01-24,time unavailable,H,Montreal Canadiens,1,2,L,REG,14,11,2,L 2
28,1935-01-29,time unavailable,H,St. Louis Eagles,5,2,W,REG,15,11,2,W 1
29,1935-01-31,time unavailable,@,New York Americans,2,0,W,REG,16,11,2,W 2
30,1935-02-02,time unavailable,H,Boston Bruins,3,1,W,REG,17,11,2,W 3
31,1935-02-05,time unavailable,H,New York Rangers,4,5,L,REG,17,12,2,L 1
32,1935-02-09,time unavailable,@,Toronto Maple Leafs,2,4,L,REG,17,13,2,L 2
33,1935-02-10,time unavailable,@,Detroit Red Wings,2,1,W,OT,18,13,2,W 1
34,1935-02-12,time unavailable,H,Chicago Black Hawks,3,0,W,REG,19,13,2,W 2
35,1935-02-14,time unavailable,@,Montreal Canadiens,0,2,L,REG,19,14,2,L 1
36,1935-02-16,time unavailable,H,Detroit Red Wings,7,3,W,REG,20,14,2,W 1
37,1935-02-19,time unavailable,H,Toronto Maple Leafs,1,3,L,REG,20,15,2,L 1
38,1935-02-21,time unavailable,@,Detroit Red Wings,1,3,L,REG,20,16,2,L 2
39,1935-02-23,time unavailable,@,St. Louis Eagles,4,0,W,REG,21,16,2,W 1
40,1935-02-24,time unavailable,@,Chicago Black Hawks,1,6,L,REG,21,17,2,L 1
41,1935-02-26,time unavailable,H,New York Rangers,3,1,W,REG,22,17,2,W 1
42,1935-02-28,time unavailable,@,New York Rangers,5,2,W,REG,23,17,2,W 2
43,1935-03-02,time unavailable,H,Boston Bruins,2,2,T,OT,23,17,3,T 1
44,1935-03-07,time unavailable,H,Montreal Canadiens,2,2,T,OT,23,17,4,T 2
45,1935-03-10,time unavailable,@,New York Americans,2,4,L,REG,23,18,4,L 1
46,1935-03-12,time unavailable,H,Toronto Maple Leafs,0,1,L,REG,23,19,4,L 2
47,1935-03-16,time unavailable,H,New York Americans,0,0,T,OT,23,19,5,T 1
48,1935-03-19,time unavailable,@,Boston Bruins,4,2,W,REG,24,19,5,W 1

GP,Date,Time,Location,Opponent,GF,GA,Result,Game Ended In,W,L,T,Streak,Notes
1,1935-03-23,time unavailable,H,Chicago Black Hawks,0,0,T,REG,0,0,1,T 1
2,1935-03-26,time unavailable,@,Chicago Black Hawks,1,0,W,OT,1,0,1,W 1
3,1935-03-28,time unavailable,@,New York Rangers,2,1,W,REG,2,0,1,W 2
4,1935-03-30,time unavailable,H,New York Rangers,3,3,T,REG,2,0,2,T 1
5,1935-04-04,time unavailable,@,Toronto Maple Leafs,3,2,W,OT,3,0,2,W 1
6,1935-04-06,time unavailable,@,Toronto Maple Leafs,3,1,W,REG,4,0,2,W 2
7,1935-04-09,time unavailable,H,Toronto Maple Leafs,4,1,W,REG,5,0,2,W 3

Toe Blake,,n/a,LW,22,5-10,165,L/-,R,"August 21, 1912",ca,"0 G, 0 A, 0 P"
Russ Blinco,,n/a,C,26,5-10,171,L/-,1,"March 12, 1908",ca,"13 G, 14 A, 27 P"
Herb Cain,,n/a,LW,22,5-11,180,L/-,1,"December 24, 1912",ca,"20 G, 7 A, 27 P"
Lionel Conacher,,n/a,D,33,6-2,195,L/-,9,"May 24, 1901",ca,"2 G, 6 A, 8 P"
Alec Connell,,n/a,G,32,5-9,150,-/R,10,"February 8, 1902",ca,"24-19-5, 1.86 GAA"
Stewart Evans,,n/a,D,26,5-10,170,L/-,3,"June 19, 1908",ca,"5 G, 7 A, 12 P"
Dutch Gainor,,n/a,LW,30,6-1,170,L/-,6,"April 10, 1904",ca,"0 G, 4 A, 4 P"
Bob Gracie,,n/a,C/LW,24,5-9,155,L/-,4,"November 8, 1910",ca,"10 G, 8 A, 18 P"
Paul Haynes,,n/a,C,24,5-10,160,L/-,4,"March 1, 1910",ca,"1 G, 2 A, 3 P"
Bill MacKenzie,,n/a,D,23,5-11,175,R/-,1,"December 12, 1911",ca,"0 G, 0 A, 0 P"
Gus Marker,,n/a,RW,27,5-9,162,R/-,2,"August 1, 1907",ca,"11 G, 4 A, 15 P"
Sammy McManus,,n/a,LW,23,5-9,160,L/-,R,"October 22, 1911",ie,"0 G, 1 A, 1 P"
Bill Miller,,n/a,D,26,6-0,160,R/-,R,"August 1, 1908",ca,"3 G, 0 A, 3 P"
Baldy Northcott,,n/a,LW,26,6-0,184,L/-,6,"September 7, 1908",ca,"9 G, 14 A, 23 P"
Earl Robinson,,n/a,RW,27,5-10,160,R/-,5,"March 11, 1907",ca,"17 G, 18 A, 35 P"
Al Shields,,n/a,D,27,6-0,188,R/-,7,"May 10, 1907",ca,"4 G, 8 A, 12 P"
Hooley Smith,,n/a,C,32,5-10,155,R/-,10,"January 7, 1903",ca,"5 G, 22 A, 27 P"
Dave Trottier,,n/a,LW,28,5-10,170,L/-,6,"June 25, 1906",ca,"10 G, 9 A, 19 P"
Jimmy Ward,,n/a,RW,28,5-11,167,R/-,7,"September 1, 1906",ca,"9 G, 6 A, 15 P"
Aubrey Webster,,n/a,F,22,5-9,168,R/-,1,"September 25, 1912",ca,"0 G, 0 A, 0 P"
Cy Wentworth,,n/a,D,30,5-10,170,R/-,7,"January 24, 1905",ca,"4 G, 9 A, 13 P"
