Boston Bruins,BOS,nhl
1949-50,1950
29
70
0
GP,Date,Time,Location,Opponent,GF,GA,Result,Game Ended In,W,L,T,Streak
1,1949-10-12,time unavailable,@,Detroit Red Wings,1,2,L,REG,0,1,0,L 1
2,1949-10-16,time unavailable,H,New York Rangers,2,2,T,REG,0,1,1,T 1
3,1949-10-19,time unavailable,H,Chicago Black Hawks,7,4,W,REG,1,1,1,W 1
4,1949-10-22,time unavailable,@,Montreal Canadiens,2,1,W,REG,2,1,1,W 2
5,1949-10-23,time unavailable,H,Montreal Canadiens,0,0,T,REG,2,1,2,T 1
6,1949-10-26,time unavailable,@,New York Rangers,2,5,L,REG,2,2,2,L 1
7,1949-10-29,time unavailable,@,Toronto Maple Leafs,1,8,L,REG,2,3,2,L 2
8,1949-10-30,time unavailable,@,Chicago Black Hawks,4,10,L,REG,2,4,2,L 3
9,1949-11-02,time unavailable,@,Detroit Red Wings,3,5,L,REG,2,5,2,L 4
10,1949-11-05,time unavailable,@,Montreal Canadiens,3,3,T,REG,2,5,3,T 1
11,1949-11-09,time unavailable,H,Chicago Black Hawks,1,3,L,REG,2,6,3,L 1
12,1949-11-12,time unavailable,H,Detroit Red Wings,5,7,L,REG,2,7,3,L 2
13,1949-11-13,time unavailable,H,Toronto Maple Leafs,4,2,W,REG,3,7,3,W 1
14,1949-11-16,time unavailable,@,New York Rangers,1,2,L,REG,3,8,3,L 1
15,1949-11-17,time unavailable,@,Chicago Black Hawks,3,8,L,REG,3,9,3,L 2
16,1949-11-20,time unavailable,H,Montreal Canadiens,2,1,W,REG,4,9,3,W 1
17,1949-11-23,time unavailable,H,Toronto Maple Leafs,3,1,W,REG,5,9,3,W 2
18,1949-11-26,time unavailable,@,Toronto Maple Leafs,3,3,T,REG,5,9,4,T 1
19,1949-11-27,time unavailable,H,New York Rangers,1,1,T,REG,5,9,5,T 2
20,1949-11-30,time unavailable,@,Detroit Red Wings,0,3,L,REG,5,10,5,L 1
21,1949-12-01,time unavailable,@,Chicago Black Hawks,4,5,L,REG,5,11,5,L 2
22,1949-12-03,time unavailable,H,Chicago Black Hawks,5,3,W,REG,6,11,5,W 1
23,1949-12-04,time unavailable,H,Montreal Canadiens,4,2,W,REG,7,11,5,W 2
24,1949-12-07,time unavailable,H,Detroit Red Wings,1,2,L,REG,7,12,5,L 1
25,1949-12-08,time unavailable,@,Montreal Canadiens,2,2,T,REG,7,12,6,T 1
26,1949-12-10,time unavailable,@,Toronto Maple Leafs,1,2,L,REG,7,13,6,L 1
27,1949-12-11,time unavailable,H,Toronto Maple Leafs,2,0,W,REG,8,13,6,W 1
28,1949-12-14,time unavailable,H,Detroit Red Wings,2,5,L,REG,8,14,6,L 1
29,1949-12-17,time unavailable,H,New York Rangers,1,3,L,REG,8,15,6,L 2
30,1949-12-18,time unavailable,H,Montreal Canadiens,3,1,W,REG,9,15,6,W 1
31,1949-12-21,time unavailable,@,Chicago Black Hawks,4,1,W,REG,10,15,6,W 2
32,1949-12-24,time unavailable,@,Toronto Maple Leafs,8,4,W,REG,11,15,6,W 3
33,1949-12-25,time unavailable,H,Chicago Black Hawks,4,4,T,REG,11,15,7,T 1
34,1949-12-28,time unavailable,@,Detroit Red Wings,2,2,T,REG,11,15,8,T 2
35,1949-12-31,time unavailable,@,New York Rangers,1,4,L,REG,11,16,8,L 1
36,1950-01-01,time unavailable,H,New York Rangers,6,0,W,REG,12,16,8,W 1
37,1950-01-05,time unavailable,@,Montreal Canadiens,3,5,L,REG,12,17,8,L 1
38,1950-01-08,time unavailable,@,Detroit Red Wings,4,3,W,REG,13,17,8,W 1
39,1950-01-11,time unavailable,H,Detroit Red Wings,2,1,W,REG,14,17,8,W 2
40,1950-01-14,time unavailable,@,Toronto Maple Leafs,3,4,L,REG,14,18,8,L 1
41,1950-01-15,time unavailable,H,Chicago Black Hawks,1,5,L,REG,14,19,8,L 2
42,1950-01-18,time unavailable,@,New York Rangers,4,2,W,REG,15,19,8,W 1
43,1950-01-21,time unavailable,@,Montreal Canadiens,1,3,L,REG,15,20,8,L 1
44,1950-01-22,time unavailable,H,Montreal Canadiens,4,5,L,REG,15,21,8,L 2
45,1950-01-25,time unavailable,@,Detroit Red Wings,4,4,T,REG,15,21,9,T 1
46,1950-01-26,time unavailable,@,Chicago Black Hawks,1,5,L,REG,15,22,9,L 1
47,1950-01-28,time unavailable,H,New York Rangers,2,2,T,REG,15,22,10,T 1
48,1950-01-29,time unavailable,H,Detroit Red Wings,4,1,W,REG,16,22,10,W 1
49,1950-02-01,time unavailable,H,New York Rangers,3,2,W,REG,17,22,10,W 2
50,1950-02-05,time unavailable,H,Toronto Maple Leafs,1,2,L,REG,17,23,10,L 1
51,1950-02-08,time unavailable,H,Toronto Maple Leafs,1,3,L,REG,17,24,10,L 2
52,1950-02-11,time unavailable,H,Detroit Red Wings,4,9,L,REG,17,25,10,L 3
53,1950-02-12,time unavailable,H,Montreal Canadiens,3,3,T,REG,17,25,11,T 1
54,1950-02-15,time unavailable,@,New York Rangers,2,2,T,REG,17,25,12,T 2
55,1950-02-19,time unavailable,@,Chicago Black Hawks,4,4,T,REG,17,25,13,T 3
56,1950-02-22,time unavailable,@,Toronto Maple Leafs,1,3,L,REG,17,26,13,L 1
57,1950-02-25,time unavailable,@,Montreal Canadiens,2,3,L,REG,17,27,13,L 2
58,1950-02-26,time unavailable,@,New York Rangers,3,4,L,REG,17,28,13,L 3
59,1950-03-01,time unavailable,H,Toronto Maple Leafs,5,2,W,REG,18,28,13,W 1
60,1950-03-04,time unavailable,H,New York Rangers,5,1,W,REG,19,28,13,W 2
61,1950-03-05,time unavailable,H,Chicago Black Hawks,11,4,W,REG,20,28,13,W 3
62,1950-03-08,time unavailable,H,Detroit Red Wings,3,5,L,REG,20,29,13,L 1
63,1950-03-11,time unavailable,@,Montreal Canadiens,0,5,L,REG,20,30,13,L 2
64,1950-03-12,time unavailable,H,Toronto Maple Leafs,2,2,T,REG,20,30,14,T 1
65,1950-03-15,time unavailable,@,New York Rangers,4,1,W,REG,21,30,14,W 1
66,1950-03-18,time unavailable,@,Detroit Red Wings,1,1,T,REG,21,30,15,T 1
67,1950-03-19,time unavailable,@,Chicago Black Hawks,4,3,W,REG,22,30,15,W 1
68,1950-03-22,time unavailable,H,Chicago Black Hawks,5,7,L,REG,22,31,15,L 1
69,1950-03-25,time unavailable,@,Toronto Maple Leafs,0,8,L,REG,22,32,15,L 2
70,1950-03-26,time unavailable,H,Montreal Canadiens,3,3,T,REG,22,32,16,T 1

Time,Location,Result,Game Ended In

Sam Bettio,,n/a,LW,21,5-8,175,L/-,R,"December 1, 1928",ca,"9 G, 12 A, 21 P"
Richard Bittner,,n/a,G,28,6-0,170,-/L,R,"January 12, 1922",us,"0-0-1, 3.00 GAA"
Bart Bradley,,n/a,C,19,5-8,150,L/-,R,"July 29, 1930",ca,"0 G, 0 A, 0 P"
Gord Byers,,n/a,D,19,5-10,182,R/-,R,"March 11, 1930",ca,"0 G, 1 A, 1 P"
Norm Corcoran,,n/a,RW,18,5-10,160,R/-,R,"August 15, 1931",ca,"0 G, 0 A, 0 P"
Jack Crawford,(C),n/a,D,33,5-11,200,R/-,12,"October 26, 1916",ca,"2 G, 8 A, 10 P"
Dave Creighton,,n/a,C,19,6-1,195,L/-,1,"June 24, 1930",ca,"18 G, 13 A, 31 P"
Woody Dumart,,n/a,LW,33,6-0,190,L/-,11,"December 23, 1916",ca,"14 G, 25 A, 39 P"
Lorne Ferguson,,n/a,LW,19,6-0,175,L/-,R,"May 26, 1930",ca,"1 G, 1 A, 2 P"
Fern Flaman,,n/a,D,23,5-10,190,R/-,5,"January 25, 1927",ca,"2 G, 5 A, 7 P"
Jack Gelineau,,n/a,G,25,6-0,180,-/L,1,"November 11, 1924",ca,"22-30-15, 3.28 GAA"
Ed Harrison,,n/a,RW,22,6-0,165,L/-,2,"July 25, 1927",ca,"14 G, 12 A, 26 P"
Murray Henderson,,n/a,D,28,6-0,180,L/-,5,"September 5, 1921",ca,"3 G, 8 A, 11 P"
Gord Henry,,n/a,G,23,6-0,185,-/L,1,"August 17, 1926",ca,"0-2-0, 2.50 GAA"
Pete Horeck,,n/a,LW,26,5-9,158,L/-,5,"June 15, 1923",ca,"5 G, 5 A, 10 P"
Ed Kryzanowski,,n/a,D,24,5-11,175,R/-,1,"November 14, 1925",ca,"6 G, 10 A, 16 P"
Arnie Kullman,,n/a,C,22,5-7,170,L/-,1,"October 9, 1927",ca,"0 G, 1 A, 1 P"
Ross Lowe,,n/a,D,21,6-2,180,R/-,R,"September 21, 1928",ca,"0 G, 0 A, 0 P"
Phil Maloney,,n/a,C,22,5-8,165,L/-,R,"October 6, 1927",ca,"15 G, 31 A, 46 P"
Jack McIntyre,,n/a,LW,19,5-11,170,L/-,R,"September 8, 1930",ca,"0 G, 1 A, 1 P"
Johnny Peirson,,n/a,RW,24,5-11,170,R/-,3,"July 21, 1925",ca,"27 G, 25 A, 52 P"
Bud Poile,,n/a,RW,25,6-0,189,R/-,6,"February 10, 1924",ca,"16 G, 14 A, 30 P"
Bill Quackenbush,,n/a,D,27,5-11,190,L/-,7,"March 2, 1922",ca,"8 G, 17 A, 25 P"
Paul Ronty,,n/a,C,21,6-0,160,L/-,2,"June 12, 1928",ca,"23 G, 36 A, 59 P"
Ed Sandford,,n/a,LW,21,6-1,180,R/-,2,"August 20, 1928",ca,"1 G, 4 A, 5 P"
Milt Schmidt,,n/a,C,31,6-0,185,L/-,10,"March 5, 1918",ca,"19 G, 22 A, 41 P"
Ken Smith,,n/a,LW,25,5-7,150,L/-,5,"May 8, 1924",ca,"10 G, 31 A, 41 P"
Red Sullivan,,n/a,C,20,5-11,155,L/-,R,"December 24, 1929",ca,"0 G, 1 A, 1 P"
Zellio Toppazzini,,n/a,RW,20,5-11,180,R/-,1,"January 5, 1930",ca,"5 G, 5 A, 10 P"
