Toronto Maple Leafs,TOR,nhl
1949-50,1950
32
70
7
GP,Date,Time,Location,Opponent,GF,GA,Result,Game Ended In,W,L,T,Streak
1,1949-10-15,time unavailable,H,Chicago Black Hawks,4,4,T,REG,0,0,1,T 1
2,1949-10-16,time unavailable,@,Detroit Red Wings,5,1,W,REG,1,0,1,W 1
3,1949-10-19,time unavailable,H,Montreal Canadiens,1,3,L,REG,1,1,1,L 1
4,1949-10-22,time unavailable,H,New York Rangers,2,2,T,REG,1,1,2,T 1
5,1949-10-27,time unavailable,@,Montreal Canadiens,2,0,W,REG,2,1,2,W 1
6,1949-10-29,time unavailable,H,Boston Bruins,8,1,W,REG,3,1,2,W 2
7,1949-10-30,time unavailable,@,New York Rangers,4,2,W,REG,4,1,2,W 3
8,1949-11-02,time unavailable,H,New York Rangers,3,3,T,REG,4,1,3,T 1
9,1949-11-05,time unavailable,H,Detroit Red Wings,3,4,L,REG,4,2,3,L 1
10,1949-11-06,time unavailable,@,Chicago Black Hawks,4,2,W,REG,5,2,3,W 1
11,1949-11-10,time unavailable,@,Montreal Canadiens,2,4,L,REG,5,3,3,L 1
12,1949-11-12,time unavailable,H,Chicago Black Hawks,4,0,W,REG,6,3,3,W 1
13,1949-11-13,time unavailable,@,Boston Bruins,2,4,L,REG,6,4,3,L 1
14,1949-11-16,time unavailable,H,Montreal Canadiens,1,0,W,REG,7,4,3,W 1
15,1949-11-19,time unavailable,H,Detroit Red Wings,2,5,L,REG,7,5,3,L 1
16,1949-11-20,time unavailable,@,Detroit Red Wings,2,5,L,REG,7,6,3,L 2
17,1949-11-23,time unavailable,@,Boston Bruins,1,3,L,REG,7,7,3,L 3
18,1949-11-24,time unavailable,@,Montreal Canadiens,3,5,L,REG,7,8,3,L 4
19,1949-11-26,time unavailable,H,Boston Bruins,3,3,T,REG,7,8,4,T 1
20,1949-11-27,time unavailable,@,Chicago Black Hawks,3,6,L,REG,7,9,4,L 1
21,1949-12-01,time unavailable,H,Detroit Red Wings,0,2,L,REG,7,10,4,L 2
22,1949-12-03,time unavailable,H,New York Rangers,2,0,W,REG,8,10,4,W 1
23,1949-12-04,time unavailable,@,Detroit Red Wings,2,1,W,REG,9,10,4,W 2
24,1949-12-08,time unavailable,@,Chicago Black Hawks,4,1,W,REG,10,10,4,W 3
25,1949-12-10,time unavailable,H,Boston Bruins,2,1,W,REG,11,10,4,W 4
26,1949-12-11,time unavailable,@,Boston Bruins,0,2,L,REG,11,11,4,L 1
27,1949-12-14,time unavailable,H,Montreal Canadiens,2,2,T,REG,11,11,5,T 1
28,1949-12-15,time unavailable,@,Montreal Canadiens,1,4,L,REG,11,12,5,L 1
29,1949-12-17,time unavailable,H,Chicago Black Hawks,1,7,L,REG,11,13,5,L 2
30,1949-12-18,time unavailable,@,New York Rangers,2,0,W,REG,12,13,5,W 1
31,1949-12-21,time unavailable,@,Detroit Red Wings,1,7,L,REG,12,14,5,L 1
32,1949-12-24,time unavailable,H,Boston Bruins,4,8,L,REG,12,15,5,L 2
33,1949-12-25,time unavailable,@,New York Rangers,1,3,L,REG,12,16,5,L 3
34,1949-12-28,time unavailable,H,Montreal Canadiens,1,1,T,REG,12,16,6,T 1
35,1949-12-31,time unavailable,H,Detroit Red Wings,1,5,L,REG,12,17,6,L 1
36,1950-01-01,time unavailable,@,Detroit Red Wings,0,5,L,REG,12,18,6,L 2
37,1950-01-04,time unavailable,H,Chicago Black Hawks,4,4,T,REG,12,18,7,T 1
38,1950-01-07,time unavailable,H,Chicago Black Hawks,5,2,W,REG,13,18,7,W 1
39,1950-01-11,time unavailable,@,New York Rangers,2,1,W,REG,14,18,7,W 2
40,1950-01-14,time unavailable,H,Boston Bruins,4,3,W,REG,15,18,7,W 3
41,1950-01-18,time unavailable,H,Montreal Canadiens,0,1,L,REG,15,19,7,L 1
42,1950-01-19,time unavailable,@,Montreal Canadiens,4,2,W,REG,16,19,7,W 1
43,1950-01-21,time unavailable,H,New York Rangers,2,1,W,REG,17,19,7,W 2
44,1950-01-22,time unavailable,@,Detroit Red Wings,1,0,W,REG,18,19,7,W 3
45,1950-01-25,time unavailable,H,New York Rangers,5,1,W,REG,19,19,7,W 4
46,1950-01-28,time unavailable,H,Chicago Black Hawks,9,1,W,REG,20,19,7,W 5
47,1950-01-29,time unavailable,@,Chicago Black Hawks,4,0,W,REG,21,19,7,W 6
48,1950-02-01,time unavailable,@,Chicago Black Hawks,0,3,L,REG,21,20,7,L 1
49,1950-02-04,time unavailable,H,Detroit Red Wings,3,3,T,REG,21,20,8,T 1
50,1950-02-05,time unavailable,@,Boston Bruins,2,1,W,REG,22,20,8,W 1
51,1950-02-08,time unavailable,@,Boston Bruins,3,1,W,REG,23,20,8,W 2
52,1950-02-11,time unavailable,H,Montreal Canadiens,2,0,W,REG,24,20,8,W 3
53,1950-02-12,time unavailable,@,Chicago Black Hawks,1,1,T,REG,24,20,9,T 1
54,1950-02-16,time unavailable,@,Montreal Canadiens,3,3,T,REG,24,20,10,T 2
55,1950-02-18,time unavailable,H,Detroit Red Wings,3,2,W,REG,25,20,10,W 1
56,1950-02-19,time unavailable,@,New York Rangers,1,2,L,REG,25,21,10,L 1
57,1950-02-22,time unavailable,H,Boston Bruins,3,1,W,REG,26,21,10,W 1
58,1950-02-25,time unavailable,H,New York Rangers,4,2,W,REG,27,21,10,W 2
59,1950-03-01,time unavailable,@,Boston Bruins,2,5,L,REG,27,22,10,L 1
60,1950-03-04,time unavailable,H,Detroit Red Wings,3,2,W,REG,28,22,10,W 1
61,1950-03-05,time unavailable,@,New York Rangers,2,5,L,REG,28,23,10,L 1
62,1950-03-09,time unavailable,@,Montreal Canadiens,1,1,T,REG,28,23,11,T 1
63,1950-03-11,time unavailable,H,New York Rangers,4,0,W,REG,29,23,11,W 1
64,1950-03-12,time unavailable,@,Boston Bruins,2,2,T,REG,29,23,12,T 1
65,1950-03-15,time unavailable,@,Chicago Black Hawks,0,4,L,REG,29,24,12,L 1
66,1950-03-18,time unavailable,H,Chicago Black Hawks,2,1,W,REG,30,24,12,W 1
67,1950-03-19,time unavailable,@,Detroit Red Wings,0,5,L,REG,30,25,12,L 1
68,1950-03-22,time unavailable,H,Montreal Canadiens,1,2,L,REG,30,26,12,L 2
69,1950-03-25,time unavailable,H,Boston Bruins,8,0,W,REG,31,26,12,W 1
70,1950-03-26,time unavailable,@,New York Rangers,3,5,L,REG,31,27,12,L 1

GP,Date,Time,Location,Opponent,GF,GA,Result,Game Ended In,W,L,T,Streak
1,1950-03-28,time unavailable,@,Detroit Red Wings,5,0,W,REG,1,0,0,W 1
2,1950-03-30,time unavailable,@,Detroit Red Wings,1,3,L,REG,1,1,0,L 1
3,1950-04-01,time unavailable,H,Detroit Red Wings,2,0,W,REG,2,1,0,W 1
4,1950-04-04,time unavailable,H,Detroit Red Wings,1,2,L,2OT,2,2,0,L 1
5,1950-04-06,time unavailable,@,Detroit Red Wings,2,0,W,REG,3,2,0,W 1
6,1950-04-08,time unavailable,H,Detroit Red Wings,0,4,L,REG,3,3,0,L 1
7,1950-04-09,time unavailable,@,Detroit Red Wings,0,1,L,OT,3,4,0,L 2

George Armstrong,,n/a,RW,19,6-1,184,R/-,R,"July 6, 1930",ca,"0 G, 0 A, 0 P"
John Arundel,,n/a,D,22,5-11,181,L/-,R,"November 4, 1927",ca,"0 G, 0 A, 0 P"
Bill Barilko,,n/a,D,22,5-11,180,R/-,3,"March 25, 1927",ca,"7 G, 10 A, 17 P"
Max Bentley,,n/a,C,29,5-10,155,L/-,7,"March 1, 1920",ca,"23 G, 18 A, 41 P"
Garth Boesch,,n/a,D,29,6-0,180,R/-,3,"October 7, 1920",ca,"2 G, 6 A, 8 P"
Hugh Bolton,,n/a,D,20,6-3,186,L/-,R,"April 15, 1929",ca,"0 G, 0 A, 0 P"
Turk Broda,,n/a,G,35,5-9,180,-/L,11,"May 15, 1914",ca,"30-25-12, 2.48 GAA"
Al Buchanan,,n/a,LW,22,5-8,160,L/-,1,"May 17, 1927",ca,"0 G, 0 A, 0 P"
Bob Dawes,,n/a,D,25,6-1,170,L/-,2,"November 29, 1924",ca,"1 G, 2 A, 3 P"
Bill Ezinicki,,n/a,RW,25,5-10,170,R/-,5,"March 11, 1924",ca,"10 G, 12 A, 22 P"
Cal Gardner,,n/a,C,25,6-1,172,L/-,4,"October 30, 1924",ca,"7 G, 19 A, 26 P"
Bob Hassard,,n/a,C,20,6-0,167,R/-,R,"March 26, 1929",ca,"0 G, 0 A, 0 P"
Tim Horton,,n/a,D,20,5-10,180,R/-,R,"January 12, 1930",ca,"0 G, 0 A, 0 P"
Bill Johansen,,n/a,RW,21,6-0,163,R/-,R,"July 27, 1928",ca,"0 G, 0 A, 0 P"
Bill Juzda,,n/a,D,29,5-9,190,R/-,6,"October 29, 1920",ca,"1 G, 14 A, 15 P"
Ted Kennedy,(C),n/a,C,24,5-10,170,R/-,7,"December 12, 1925",ca,"20 G, 24 A, 44 P"
Joe Klukay,,n/a,RW,27,6-0,182,L/-,3,"November 6, 1922",ca,"15 G, 16 A, 31 P"
Vic Lynn,,n/a,D,25,5-10,175,L/-,6,"January 26, 1925",ca,"7 G, 13 A, 20 P"
Fleming MacKell,,n/a,C,20,5-7,156,L/-,2,"April 30, 1929",ca,"7 G, 13 A, 20 P"
Frank Mathers,,n/a,D,25,6-1,182,L/-,1,"March 29, 1924",ca,"0 G, 1 A, 1 P"
Gilles Mayer,,n/a,G,19,5-6,135,-/L,R,"August 24, 1930",ca,"0-1-0, 2.00 GAA"
John McCormack,,n/a,C,24,6-0,185,L/-,2,"August 2, 1925",ca,"6 G, 5 A, 11 P"
Howie Meeker,,n/a,RW,25,5-9,165,R/-,3,"November 4, 1924",ca,"18 G, 22 A, 40 P"
Rudy Migay,,n/a,C,21,5-6,150,L/-,R,"November 18, 1928",ca,"1 G, 5 A, 6 P"
Gus Mortson,,n/a,D,25,5-11,190,L/-,3,"January 24, 1925",ca,"3 G, 14 A, 17 P"
Al Rollins,,n/a,G,23,6-2,175,-/L,R,"October 9, 1926",ca,"1-1-0, 2.40 GAA"
Phil Samis,,n/a,D,22,5-9,180,R/-,R,"December 28, 1927",ca,"0 G, 0 A, 0 P"
Sid Smith,,n/a,LW,24,5-10,173,L/-,3,"July 11, 1925",ca,"22 G, 23 A, 45 P"
Frank Sullivan,,n/a,D,20,5-11,178,R/-,R,"June 16, 1929",ca,"0 G, 0 A, 0 P"
Jimmy Thomson,,n/a,D,22,5-11,175,R/-,4,"February 23, 1927",ca,"0 G, 13 A, 13 P"
Ray Timgren,,n/a,LW,21,5-9,150,L/-,1,"September 29, 1928",ca,"7 G, 18 A, 25 P"
Harry Watson,,n/a,LW,26,6-1,207,L/-,6,"May 6, 1923",ca,"19 G, 16 A, 35 P"
