Chicago Black Hawks,CBH,nhl
1973-74,1974
23
78
5,6
GP,Date,Time,Location,Opponent,GF,GA,Result,Game Ended In,W,L,T,Streak,Notes
1,1973-10-10,time unavailable,@,Los Angeles Kings,3,0,W,REG,1,0,0,W 1
2,1973-10-12,time unavailable,@,California Golden Seals,2,3,L,REG,1,1,0,L 1
3,1973-10-14,time unavailable,H,Minnesota North Stars,1,1,T,REG,1,1,1,T 1
4,1973-10-17,time unavailable,H,Vancouver Canucks,5,0,W,REG,2,1,1,W 1
5,1973-10-21,time unavailable,H,New York Islanders,3,3,T,REG,2,1,2,T 1
6,1973-10-24,time unavailable,@,Buffalo Sabres,1,3,L,REG,2,2,2,L 1
7,1973-10-27,time unavailable,@,St. Louis Blues,4,4,T,REG,2,2,3,T 1
8,1973-10-28,time unavailable,H,Toronto Maple Leafs,1,1,T,REG,2,2,4,T 2
9,1973-11-01,time unavailable,@,Philadelphia Flyers,0,1,L,REG,2,3,4,L 1
10,1973-11-03,time unavailable,@,Minnesota North Stars,4,5,L,REG,2,4,4,L 2
11,1973-11-04,time unavailable,H,New York Rangers,4,1,W,REG,3,4,4,W 1
12,1973-11-07,time unavailable,@,California Golden Seals,1,1,T,REG,3,4,5,T 1
13,1973-11-09,time unavailable,@,Vancouver Canucks,4,0,W,REG,4,4,5,W 1
14,1973-11-11,time unavailable,@,Los Angeles Kings,3,0,W,REG,5,4,5,W 2
15,1973-11-14,time unavailable,@,New York Rangers,4,4,T,REG,5,4,6,T 1
16,1973-11-16,time unavailable,@,Atlanta Flames,6,1,W,REG,6,4,6,W 1
17,1973-11-17,time unavailable,@,Pittsburgh Penguins,4,1,W,REG,7,4,6,W 2
18,1973-11-21,time unavailable,H,St. Louis Blues,4,1,W,REG,8,4,6,W 3
19,1973-11-24,time unavailable,@,Toronto Maple Leafs,3,1,W,REG,9,4,6,W 4
20,1973-11-25,time unavailable,H,Montreal Canadiens,4,6,L,REG,9,5,6,L 1
21,1973-11-28,time unavailable,H,Boston Bruins,3,3,T,REG,9,5,7,T 1
22,1973-12-01,time unavailable,@,Montreal Canadiens,5,0,W,REG,10,5,7,W 1
23,1973-12-02,time unavailable,H,Pittsburgh Penguins,2,1,W,REG,11,5,7,W 2
24,1973-12-05,time unavailable,@,Detroit Red Wings,8,2,W,REG,12,5,7,W 3
25,1973-12-09,time unavailable,H,Minnesota North Stars,5,3,W,REG,13,5,7,W 4
26,1973-12-12,time unavailable,H,Philadelphia Flyers,2,2,T,REG,13,5,8,T 1
27,1973-12-15,time unavailable,@,New York Islanders,3,3,T,REG,13,5,9,T 2
28,1973-12-16,time unavailable,@,New York Rangers,6,1,W,REG,14,5,9,W 1
29,1973-12-19,time unavailable,H,Buffalo Sabres,2,2,T,REG,14,5,10,T 1
30,1973-12-22,time unavailable,@,Philadelphia Flyers,2,4,L,REG,14,6,10,L 1
31,1973-12-23,time unavailable,H,Vancouver Canucks,6,2,W,REG,15,6,10,W 1
32,1973-12-26,time unavailable,H,Los Angeles Kings,3,3,T,REG,15,6,11,T 1
33,1973-12-29,time unavailable,@,Pittsburgh Penguins,4,2,W,REG,16,6,11,W 1
34,1973-12-30,time unavailable,H,Toronto Maple Leafs,3,4,L,REG,16,7,11,L 1
35,1974-01-02,time unavailable,H,New York Islanders,5,1,W,REG,17,7,11,W 1
36,1974-01-03,time unavailable,@,Atlanta Flames,2,3,L,REG,17,8,11,L 1
37,1974-01-06,time unavailable,H,California Golden Seals,9,4,W,REG,18,8,11,W 1
38,1974-01-09,time unavailable,H,Los Angeles Kings,4,4,T,REG,18,8,12,T 1
39,1974-01-10,time unavailable,@,Boston Bruins,2,2,T,REG,18,8,13,T 2
40,1974-01-13,time unavailable,H,Detroit Red Wings,4,1,W,REG,19,8,13,W 1
41,1974-01-16,time unavailable,H,Boston Bruins,5,5,T,REG,19,8,14,T 1
42,1974-01-19,time unavailable,H,New York Rangers,2,3,L,REG,19,9,14,L 1
43,1974-01-20,time unavailable,H,Vancouver Canucks,7,2,W,REG,20,9,14,W 1
44,1974-01-24,time unavailable,@,Boston Bruins,2,1,W,REG,21,9,14,W 2
45,1974-01-26,time unavailable,@,Montreal Canadiens,1,4,L,REG,21,10,14,L 1
46,1974-01-27,time unavailable,H,New York Islanders,2,4,L,REG,21,11,14,L 2
47,1974-01-31,time unavailable,H,California Golden Seals,2,1,W,REG,22,11,14,W 1
48,1974-02-02,time unavailable,@,Pittsburgh Penguins,3,1,W,REG,23,11,14,W 2
49,1974-02-03,time unavailable,H,St. Louis Blues,3,0,W,REG,24,11,14,W 3
50,1974-02-06,time unavailable,H,Atlanta Flames,1,1,T,REG,24,11,15,T 1
51,1974-02-08,time unavailable,@,Atlanta Flames,3,0,W,REG,25,11,15,W 1
52,1974-02-10,time unavailable,H,Pittsburgh Penguins,5,3,W,REG,26,11,15,W 2
53,1974-02-13,time unavailable,H,Los Angeles Kings,4,0,W,REG,27,11,15,W 3
54,1974-02-16,time unavailable,@,New York Islanders,4,0,W,REG,28,11,15,W 4
55,1974-02-17,time unavailable,H,Toronto Maple Leafs,4,1,W,REG,29,11,15,W 5
56,1974-02-20,time unavailable,H,California Golden Seals,3,0,W,REG,30,11,15,W 6
57,1974-02-23,time unavailable,H,Philadelphia Flyers,3,1,W,REG,31,11,15,W 7
58,1974-02-24,time unavailable,H,Pittsburgh Penguins,2,4,L,REG,31,12,15,L 1
59,1974-02-27,time unavailable,@,Minnesota North Stars,3,1,W,REG,32,12,15,W 1
60,1974-02-28,time unavailable,@,Buffalo Sabres,2,2,T,REG,32,12,16,T 1
61,1974-03-03,time unavailable,@,Detroit Red Wings,6,6,T,REG,32,12,17,T 2
62,1974-03-06,time unavailable,@,California Golden Seals,3,3,T,REG,32,12,18,T 3
63,1974-03-07,time unavailable,@,Los Angeles Kings,2,3,L,REG,32,13,18,L 1
64,1974-03-09,time unavailable,@,Vancouver Canucks,4,4,T,REG,32,13,19,T 1
65,1974-03-13,time unavailable,H,Montreal Canadiens,3,3,T,REG,32,13,20,T 2
66,1974-03-14,time unavailable,@,New York Rangers,5,2,W,REG,33,13,20,W 1
67,1974-03-16,time unavailable,@,Montreal Canadiens,3,1,W,REG,34,13,20,W 2
68,1974-03-17,time unavailable,H,Atlanta Flames,3,3,T,REG,34,13,21,T 1
69,1974-03-20,time unavailable,H,Buffalo Sabres,2,3,L,REG,34,14,21,L 1
70,1974-03-23,time unavailable,@,Philadelphia Flyers,3,1,W,REG,35,14,21,W 1
71,1974-03-24,time unavailable,H,Minnesota North Stars,6,0,W,REG,36,14,21,W 2
72,1974-03-27,time unavailable,@,Toronto Maple Leafs,5,3,W,REG,37,14,21,W 3
73,1974-03-28,time unavailable,@,Buffalo Sabres,2,2,T,REG,37,14,22,T 1
74,1974-03-30,time unavailable,@,Detroit Red Wings,2,1,W,REG,38,14,22,W 1
75,1974-03-31,time unavailable,H,St. Louis Blues,2,2,T,REG,38,14,23,T 1
76,1974-04-03,time unavailable,H,Boston Bruins,6,2,W,REG,39,14,23,W 1
77,1974-04-06,time unavailable,@,St. Louis Blues,6,3,W,REG,40,14,23,W 2
78,1974-04-07,time unavailable,H,Detroit Red Wings,7,4,W,REG,41,14,23,W 3

GP,Date,Time,Location,Opponent,GF,GA,Result,Game Ended In,W,L,T,Streak,Notes
1,1974-04-10,time unavailable,H,Los Angeles Kings,3,1,W,REG,1,0,0,W 1
2,1974-04-11,time unavailable,H,Los Angeles Kings,4,1,W,REG,2,0,0,W 2
3,1974-04-13,time unavailable,@,Los Angeles Kings,1,0,W,REG,3,0,0,W 3
4,1974-04-14,time unavailable,@,Los Angeles Kings,1,5,L,REG,3,1,0,L 1
5,1974-04-16,time unavailable,H,Los Angeles Kings,1,0,W,REG,4,1,0,W 1
6,1974-04-18,time unavailable,@,Boston Bruins,4,2,W,REG,5,1,0,W 2
7,1974-04-21,time unavailable,@,Boston Bruins,6,8,L,REG,5,2,0,L 1
8,1974-04-23,time unavailable,H,Boston Bruins,4,3,W,OT,6,2,0,W 1
9,1974-04-25,time unavailable,H,Boston Bruins,2,5,L,REG,6,3,0,L 1
10,1974-04-28,time unavailable,@,Boston Bruins,2,6,L,REG,6,4,0,L 2
11,1974-04-30,time unavailable,H,Boston Bruins,2,4,L,REG,6,5,0,L 3

J.P. Bordeleau,,23,RW,24,6-1,175,R/-,2,"June 13, 1949",ca,"11 G, 9 A, 20 P"
Gary Donaldson,,26,RW,21,5-9,155,R/-,R,"July 15, 1952",ca,"0 G, 0 A, 0 P"
Tony Esposito,,35,G,30,5-11,185,-/R,5,"April 23, 1943",ca,"34-14-21, 2.04 GAA"
Len Frig,,6,D,23,5-11,190,R/-,R,"October 30, 1950",ca,"4 G, 10 A, 14 P"
Germain Gagnon,,14,LW,31,6-0,175,L/-,2,"December 9, 1942",ca,"3 G, 14 A, 17 P"
Dennis Hull,,10,LW,29,5-11,198,L/-,9,"November 19, 1944",ca,"29 G, 39 A, 68 P"
Doug Jarrett,,4,D,29,6-3,205,L/-,9,"April 22, 1944",ca,"5 G, 11 A, 16 P"
Cliff Koroll,,20,RW,27,6-1,195,R/-,4,"October 1, 1946",ca,"21 G, 25 A, 46 P"
Dave Kryskow,,17,LW,22,5-10,175,L/-,1,"December 25, 1951",ca,"7 G, 12 A, 19 P"
Keith Magnuson,,3,D,26,6-0,185,R/-,4,"April 27, 1947",ca,"2 G, 11 A, 13 P"
Chico Maki,,16,RW,34,5-10,170,R/-,12,"August 17, 1939",ca,"9 G, 25 A, 34 P"
John Marks,,11,LW,25,6-2,200,L/-,1,"March 22, 1948",ca,"13 G, 18 A, 31 P"
Pit Martin,,7,C,30,5-9,170,R/-,11,"December 9, 1943",ca,"30 G, 47 A, 77 P"
Stan Mikita,,21,C,33,5-9,169,R/-,15,"May 20, 1940",cs,"30 G, 50 A, 80 P"
Rob Palmer,,14,C,21,6-0,190,L/-,R,"October 2, 1952",us,"0 G, 0 A, 0 P"
Jim Pappin,,8,RW,34,6-0,190,R/-,10,"September 10, 1939",ca,"32 G, 41 A, 73 P"
Lynn Powis,,12,C,24,6-0,175,L/-,R,"July 7, 1949",ca,"8 G, 13 A, 21 P"
Dick Redmond,,15,D,24,5-11,178,L/-,4,"August 14, 1949",ca,"17 G, 42 A, 59 P"
Darcy Rota,,18,LW,20,5-11,180,L/-,R,"February 16, 1953",ca,"21 G, 12 A, 33 P"
Phil Russell,,5,D,21,6-2,205,L/-,1,"July 21, 1952",ca,"10 G, 25 A, 35 P"
Dale Tallon,,19,C,23,6-1,195,L/-,3,"October 19, 1950",ca,"15 G, 19 A, 34 P"
Mike Veisor,,1,G,21,5-9,160,-/L,R,"August 25, 1952",ca,"7-0-2, 2.23 GAA"
Bill White,,2,D,34,6-2,195,R/-,6,"August 26, 1939",ca,"5 G, 31 A, 36 P"
