California Golden Seals,CGS,nhl
1973-74,1974
35
78
0
GP,Date,Time,Location,Opponent,GF,GA,Result,Game Ended In,W,L,T,Streak,Notes
1,1973-10-10,time unavailable,H,St. Louis Blues,2,1,W,REG,1,0,0,W 1
2,1973-10-12,time unavailable,H,Chicago Black Hawks,3,2,W,REG,2,0,0,W 2
3,1973-10-17,time unavailable,H,Philadelphia Flyers,1,5,L,REG,2,1,0,L 1
4,1973-10-20,time unavailable,@,Pittsburgh Penguins,3,5,L,REG,2,2,0,L 2
5,1973-10-21,time unavailable,@,Detroit Red Wings,2,11,L,REG,2,3,0,L 3
6,1973-10-24,time unavailable,H,Detroit Red Wings,7,3,W,REG,3,3,0,W 1
7,1973-10-26,time unavailable,H,Atlanta Flames,1,3,L,REG,3,4,0,L 1
8,1973-10-28,time unavailable,@,Philadelphia Flyers,1,2,L,REG,3,5,0,L 2
9,1973-10-31,time unavailable,@,Buffalo Sabres,2,3,L,REG,3,6,0,L 3
10,1973-11-01,time unavailable,@,Atlanta Flames,2,7,L,REG,3,7,0,L 4
11,1973-11-03,time unavailable,@,Montreal Canadiens,2,6,L,REG,3,8,0,L 5
12,1973-11-04,time unavailable,@,Boston Bruins,1,4,L,REG,3,9,0,L 6
13,1973-11-07,time unavailable,H,Chicago Black Hawks,1,1,T,REG,3,9,1,T 1
14,1973-11-09,time unavailable,H,Buffalo Sabres,6,3,W,REG,4,9,1,W 1
15,1973-11-14,time unavailable,H,Toronto Maple Leafs,1,4,L,REG,4,10,1,L 1
16,1973-11-16,time unavailable,H,Philadelphia Flyers,1,2,L,REG,4,11,1,L 2
17,1973-11-18,time unavailable,@,Buffalo Sabres,2,0,W,REG,5,11,1,W 1
18,1973-11-21,time unavailable,@,New York Rangers,0,3,L,REG,5,12,1,L 1
19,1973-11-24,time unavailable,@,Minnesota North Stars,3,6,L,REG,5,13,1,L 2
20,1973-11-25,time unavailable,@,Detroit Red Wings,2,3,L,REG,5,14,1,L 3
21,1973-11-28,time unavailable,H,Minnesota North Stars,5,1,W,REG,6,14,1,W 1
22,1973-12-01,time unavailable,@,Toronto Maple Leafs,2,3,L,REG,6,15,1,L 1
23,1973-12-02,time unavailable,@,Philadelphia Flyers,1,5,L,REG,6,16,1,L 2
24,1973-12-05,time unavailable,H,Atlanta Flames,3,3,T,REG,6,16,2,T 1
25,1973-12-07,time unavailable,H,Pittsburgh Penguins,4,3,W,REG,7,16,2,W 1
26,1973-12-09,time unavailable,@,New York Rangers,3,6,L,REG,7,17,2,L 1
27,1973-12-11,time unavailable,@,New York Islanders,3,6,L,REG,7,18,2,L 2
28,1973-12-12,time unavailable,@,Pittsburgh Penguins,1,9,L,REG,7,19,2,L 3
29,1973-12-14,time unavailable,H,Montreal Canadiens,2,2,T,REG,7,19,3,T 1
30,1973-12-16,time unavailable,@,Boston Bruins,3,5,L,REG,7,20,3,L 1
31,1973-12-18,time unavailable,@,Montreal Canadiens,1,4,L,REG,7,21,3,L 2
32,1973-12-19,time unavailable,@,Toronto Maple Leafs,3,5,L,REG,7,22,3,L 3
33,1973-12-23,time unavailable,H,Minnesota North Stars,2,2,T,REG,7,22,4,T 1
34,1973-12-26,time unavailable,@,Vancouver Canucks,4,6,L,REG,7,23,4,L 1
35,1973-12-28,time unavailable,H,New York Islanders,4,4,T,REG,7,23,5,T 1
36,1973-12-30,time unavailable,H,Boston Bruins,1,8,L,REG,7,24,5,L 1
37,1974-01-02,time unavailable,H,Los Angeles Kings,5,2,W,REG,8,24,5,W 1
38,1974-01-05,time unavailable,@,St. Louis Blues,1,4,L,REG,8,25,5,L 1
39,1974-01-06,time unavailable,@,Chicago Black Hawks,4,9,L,REG,8,26,5,L 2
40,1974-01-09,time unavailable,H,St. Louis Blues,8,6,W,REG,9,26,5,W 1
41,1974-01-11,time unavailable,H,Vancouver Canucks,2,3,L,REG,9,27,5,L 1
42,1974-01-13,time unavailable,H,New York Rangers,2,7,L,REG,9,28,5,L 2
43,1974-01-16,time unavailable,H,Toronto Maple Leafs,5,5,T,REG,9,28,6,T 1
44,1974-01-18,time unavailable,@,Atlanta Flames,2,6,L,REG,9,29,6,L 1
45,1974-01-20,time unavailable,@,Buffalo Sabres,4,6,L,REG,9,30,6,L 2
46,1974-01-22,time unavailable,@,New York Islanders,3,4,L,REG,9,31,6,L 3
47,1974-01-23,time unavailable,@,Detroit Red Wings,2,6,L,REG,9,32,6,L 4
48,1974-01-25,time unavailable,H,Philadelphia Flyers,0,5,L,REG,9,33,6,L 5
49,1974-01-27,time unavailable,H,Minnesota North Stars,2,2,T,REG,9,33,7,T 1
50,1974-01-30,time unavailable,@,St. Louis Blues,4,6,L,REG,9,34,7,L 1
51,1974-01-31,time unavailable,@,Chicago Black Hawks,1,2,L,REG,9,35,7,L 2
52,1974-02-02,time unavailable,@,Los Angeles Kings,1,3,L,REG,9,36,7,L 3
53,1974-02-03,time unavailable,H,New York Islanders,4,2,W,REG,10,36,7,W 1
54,1974-02-06,time unavailable,H,Vancouver Canucks,4,2,W,REG,11,36,7,W 2
55,1974-02-08,time unavailable,H,Buffalo Sabres,2,7,L,REG,11,37,7,L 1
56,1974-02-13,time unavailable,H,Boston Bruins,6,9,L,REG,11,38,7,L 2
57,1974-02-16,time unavailable,@,Pittsburgh Penguins,3,7,L,REG,11,39,7,L 3
58,1974-02-17,time unavailable,@,Minnesota North Stars,1,7,L,REG,11,40,7,L 4
59,1974-02-20,time unavailable,@,Chicago Black Hawks,0,3,L,REG,11,41,7,L 5
60,1974-02-22,time unavailable,H,New York Rangers,3,4,L,REG,11,42,7,L 6
61,1974-02-27,time unavailable,H,St. Louis Blues,2,2,T,REG,11,42,8,T 1
62,1974-03-02,time unavailable,@,Montreal Canadiens,4,3,W,REG,12,42,8,W 1
63,1974-03-03,time unavailable,@,New York Rangers,2,8,L,REG,12,43,8,L 1
64,1974-03-05,time unavailable,@,Los Angeles Kings,1,2,L,REG,12,44,8,L 2
65,1974-03-06,time unavailable,H,Chicago Black Hawks,3,3,T,REG,12,44,9,T 1
66,1974-03-10,time unavailable,H,Boston Bruins,6,2,W,REG,13,44,9,W 1
67,1974-03-13,time unavailable,H,Detroit Red Wings,2,5,L,REG,13,45,9,L 1
68,1974-03-15,time unavailable,H,Pittsburgh Penguins,1,6,L,REG,13,46,9,L 2
69,1974-03-19,time unavailable,@,Minnesota North Stars,3,6,L,REG,13,47,9,L 3
70,1974-03-21,time unavailable,@,Los Angeles Kings,3,6,L,REG,13,48,9,L 4
71,1974-03-22,time unavailable,H,Toronto Maple Leafs,2,3,L,REG,13,49,9,L 5
72,1974-03-24,time unavailable,H,Los Angeles Kings,1,7,L,REG,13,50,9,L 6
73,1974-03-27,time unavailable,H,New York Islanders,2,2,T,REG,13,50,10,T 1
74,1974-03-29,time unavailable,H,Montreal Canadiens,3,4,L,REG,13,51,10,L 1
75,1974-03-31,time unavailable,@,Vancouver Canucks,0,7,L,REG,13,52,10,L 2
76,1974-04-02,time unavailable,@,St. Louis Blues,3,5,L,REG,13,53,10,L 3
77,1974-04-03,time unavailable,H,Vancouver Canucks,1,4,L,REG,13,54,10,L 4
78,1974-04-05,time unavailable,H,Atlanta Flames,2,4,L,REG,13,55,10,L 5

Time,Location,Result,Game Ended In

Ivan Boldirev,,9,C,24,6-0,190,L/-,3,"August 15, 1949",yu,"25 G, 31 A, 56 P"
Lyle Bradley,,15,C,30,5-9,160,R/-,R,"July 31, 1943",ca,"1 G, 0 A, 1 P"
Bob Champoux,,28,G,31,5-10,175,-/L,R,"December 2, 1942",ca,"2-11-3, 5.20 GAA"
Gary Coalter,,15,RW,23,5-10,185,R/-,R,"July 8, 1950",ca,"0 G, 0 A, 0 P"
Gary Croteau,,18,LW,27,6-0,205,L/-,5,"June 20, 1946",ca,"14 G, 21 A, 35 P"
Barry Cummins,,4-19,D,25,5-9,175,L/-,R,"January 25, 1949",ca,"1 G, 2 A, 3 P"
Marv Edwards,,1,G,38,5-8,155,-/L,3,"August 15, 1935",ca,"1-10-1, 3.92 GAA"
Stan Gilbertson,,10,LW,29,6-0,175,L/-,2,"October 29, 1944",us,"18 G, 12 A, 30 P"
Hilliard Graves,,16-17,RW,23,5-11,175,R/-,2,"October 18, 1950",ca,"11 G, 18 A, 29 P"
Bruce Greig,,28,LW,20,6-2,220,L/-,R,"May 9, 1953",ca,"0 G, 0 A, 0 P"
Del Hall,,12,C,24,5-10,170,L/-,2,"May 7, 1949",ca,"2 G, 0 A, 2 P"
Gary Holt,,17,LW,22,5-9,175,L/-,R,"January 1, 1952",ca,"0 G, 0 A, 0 P"
Dave Hrechkosy,,19,LW,22,6-2,195,L/-,R,"November 1, 1951",ca,"0 G, 0 A, 0 P"
Ron Huston,,11,C,28,5-9,170,R/-,R,"April 8, 1945",ca,"3 G, 10 A, 13 P"
Joey Johnston,,22,LW,24,5-10,180,L/-,3,"March 3, 1949",ca,"27 G, 40 A, 67 P"
Marshall Johnston,,2,D,32,5-11,175,R/-,6,"June 6, 1941",ca,"2 G, 16 A, 18 P"
Rick Kessell,,12,C,24,5-10,175,L/-,4,"July 27, 1949",ca,"2 G, 6 A, 8 P"
Wayne King,,24,C,22,5-10,185,R/-,R,"September 4, 1951",ca,"0 G, 0 A, 0 P"
Pete Laframboise,,24,LW,24,6-2,185,L/-,2,"January 18, 1950",ca,"7 G, 7 A, 14 P"
Reggie Leach,,7,RW,23,6-0,180,R/-,3,"April 23, 1950",ca,"22 G, 24 A, 46 P"
Ted McAneeley,,23,D,23,5-9,185,L/-,1,"November 7, 1950",ca,"4 G, 20 A, 24 P"
Ray McKay,,3,D,27,6-4,183,L/-,5,"August 22, 1946",ca,"2 G, 12 A, 14 P"
Walt McKechnie,,8,C,26,6-2,195,L/-,6,"June 19, 1947",ca,"23 G, 29 A, 52 P"
Brent Meeke,,25,D,21,5-11,175,L/-,1,"April 10, 1952",ca,"1 G, 9 A, 10 P"
Gilles Meloche,,27,G,23,5-10,185,-/L,3,"July 12, 1950",ca,"9-33-5, 4.24 GAA"
Hartland Monahan,,17,RW,22,5-11,197,R/-,R,"March 29, 1951",ca,"0 G, 0 A, 0 P"
Morris Mott,,20,RW,27,5-8,165,L/-,1,"May 25, 1946",ca,"9 G, 17 A, 26 P"
Terry Murray,,5,D,23,6-2,190,R/-,1,"July 20, 1950",ca,"0 G, 12 A, 12 P"
Larry Patey,,17,C,20,6-1,185,L/-,R,"March 19, 1953",ca,"0 G, 0 A, 0 P"
Craig Patrick,,14,RW,27,6-0,190,L/-,2,"May 20, 1946",us,"10 G, 20 A, 30 P"
Ron Serafini,,2,D,20,5-11,180,R/-,R,"October 31, 1953",us,"0 G, 0 A, 0 P"
Paul Shakes,,4,D,21,5-10,175,R/-,R,"September 4, 1952",ca,"0 G, 4 A, 4 P"
Bob Stewart,,6,D,23,6-1,206,L/-,2,"November 10, 1950",ca,"2 G, 5 A, 7 P"
Ted Tucker,,30,G,24,5-11,165,-/L,R,"May 7, 1949",ca,"1-1-1, 3.39 GAA"
Stan Weir,,21,C,21,6-1,180,L/-,1,"March 17, 1952",ca,"9 G, 7 A, 16 P"
