Los Angeles Kings,LAK,nhl
1973-74,1974
26
78
5
GP,Date,Time,Location,Opponent,GF,GA,Result,Game Ended In,W,L,T,Streak,Notes
1,1973-10-10,time unavailable,H,Chicago Black Hawks,0,3,L,REG,0,1,0,L 1
2,1973-10-13,time unavailable,@,Toronto Maple Leafs,3,6,L,REG,0,2,0,L 2
3,1973-10-14,time unavailable,@,New York Rangers,1,1,T,REG,0,2,1,T 1
4,1973-10-16,time unavailable,@,New York Islanders,4,4,T,REG,0,2,2,T 2
5,1973-10-18,time unavailable,@,Buffalo Sabres,2,6,L,REG,0,3,2,L 1
6,1973-10-20,time unavailable,H,Philadelphia Flyers,3,0,W,REG,1,3,2,W 1
7,1973-10-24,time unavailable,H,Atlanta Flames,6,4,W,REG,2,3,2,W 2
8,1973-10-27,time unavailable,H,Detroit Red Wings,2,3,L,REG,2,4,2,L 1
9,1973-10-30,time unavailable,@,St. Louis Blues,3,2,W,REG,3,4,2,W 1
10,1973-11-01,time unavailable,H,New York Rangers,2,1,W,REG,4,4,2,W 2
11,1973-11-03,time unavailable,H,St. Louis Blues,3,4,L,REG,4,5,2,L 1
12,1973-11-07,time unavailable,@,Minnesota North Stars,2,5,L,REG,4,6,2,L 2
13,1973-11-08,time unavailable,@,Philadelphia Flyers,3,2,W,REG,5,6,2,W 1
14,1973-11-10,time unavailable,H,Buffalo Sabres,3,5,L,REG,5,7,2,L 1
15,1973-11-11,time unavailable,H,Chicago Black Hawks,0,3,L,REG,5,8,2,L 2
16,1973-11-14,time unavailable,H,Philadelphia Flyers,4,5,L,REG,5,9,2,L 3
17,1973-11-17,time unavailable,H,Toronto Maple Leafs,3,4,L,REG,5,10,2,L 4
18,1973-11-20,time unavailable,@,Detroit Red Wings,5,6,L,REG,5,11,2,L 5
19,1973-11-24,time unavailable,@,New York Rangers,5,5,T,REG,5,11,3,T 1
20,1973-11-25,time unavailable,@,Boston Bruins,1,3,L,REG,5,12,3,L 1
21,1973-11-28,time unavailable,@,Montreal Canadiens,3,5,L,REG,5,13,3,L 2
22,1973-11-29,time unavailable,@,Buffalo Sabres,1,2,L,REG,5,14,3,L 3
23,1973-12-01,time unavailable,H,Minnesota North Stars,1,1,T,REG,5,14,4,T 1
24,1973-12-04,time unavailable,@,Vancouver Canucks,3,2,W,REG,6,14,4,W 1
25,1973-12-05,time unavailable,H,Pittsburgh Penguins,4,1,W,REG,7,14,4,W 2
26,1973-12-08,time unavailable,H,Atlanta Flames,3,0,W,REG,8,14,4,W 3
27,1973-12-11,time unavailable,@,Minnesota North Stars,3,6,L,REG,8,15,4,L 1
28,1973-12-13,time unavailable,H,New York Islanders,3,2,W,REG,9,15,4,W 1
29,1973-12-15,time unavailable,H,Montreal Canadiens,2,6,L,REG,9,16,4,L 1
30,1973-12-18,time unavailable,@,Detroit Red Wings,4,4,T,REG,9,16,5,T 1
31,1973-12-19,time unavailable,@,St. Louis Blues,1,3,L,REG,9,17,5,L 1
32,1973-12-22,time unavailable,H,Minnesota North Stars,5,2,W,REG,10,17,5,W 1
33,1973-12-26,time unavailable,@,Chicago Black Hawks,3,3,T,REG,10,17,6,T 1
34,1973-12-27,time unavailable,@,Atlanta Flames,4,6,L,REG,10,18,6,L 1
35,1973-12-29,time unavailable,H,Boston Bruins,4,1,W,REG,11,18,6,W 1
36,1974-01-02,time unavailable,@,California Golden Seals,2,5,L,REG,11,19,6,L 1
37,1974-01-05,time unavailable,H,Toronto Maple Leafs,5,3,W,REG,12,19,6,W 1
38,1974-01-08,time unavailable,@,New York Islanders,3,1,W,REG,13,19,6,W 2
39,1974-01-09,time unavailable,@,Chicago Black Hawks,4,4,T,REG,13,19,7,T 1
40,1974-01-12,time unavailable,@,Detroit Red Wings,0,6,L,REG,13,20,7,L 1
41,1974-01-15,time unavailable,@,Montreal Canadiens,2,1,W,REG,14,20,7,W 1
42,1974-01-16,time unavailable,@,Pittsburgh Penguins,2,0,W,REG,15,20,7,W 2
43,1974-01-19,time unavailable,@,Philadelphia Flyers,0,2,L,REG,15,21,7,L 1
44,1974-01-20,time unavailable,@,Boston Bruins,2,5,L,REG,15,22,7,L 2
45,1974-01-23,time unavailable,H,Minnesota North Stars,3,1,W,REG,16,22,7,W 1
46,1974-01-24,time unavailable,H,Philadelphia Flyers,4,4,T,REG,16,22,8,T 1
47,1974-01-26,time unavailable,@,Pittsburgh Penguins,2,0,W,REG,17,22,8,W 1
48,1974-01-27,time unavailable,@,New York Rangers,3,5,L,REG,17,23,8,L 1
49,1974-01-31,time unavailable,H,New York Islanders,2,4,L,REG,17,24,8,L 2
50,1974-02-02,time unavailable,H,California Golden Seals,3,1,W,REG,18,24,8,W 1
51,1974-02-06,time unavailable,H,Buffalo Sabres,5,1,W,REG,19,24,8,W 2
52,1974-02-09,time unavailable,@,St. Louis Blues,2,1,W,REG,20,24,8,W 3
53,1974-02-10,time unavailable,@,Atlanta Flames,6,3,W,REG,21,24,8,W 4
54,1974-02-13,time unavailable,@,Chicago Black Hawks,0,4,L,REG,21,25,8,L 1
55,1974-02-14,time unavailable,@,Buffalo Sabres,2,4,L,REG,21,26,8,L 2
56,1974-02-16,time unavailable,H,Boston Bruins,2,5,L,REG,21,27,8,L 3
57,1974-02-19,time unavailable,H,Vancouver Canucks,3,4,L,REG,21,28,8,L 4
58,1974-02-21,time unavailable,H,New York Rangers,3,5,L,REG,21,29,8,L 5
59,1974-02-23,time unavailable,@,Montreal Canadiens,4,4,T,REG,21,29,9,T 1
60,1974-02-24,time unavailable,@,Toronto Maple Leafs,3,3,T,REG,21,29,10,T 2
61,1974-02-27,time unavailable,@,Pittsburgh Penguins,1,4,L,REG,21,30,10,L 1
62,1974-02-28,time unavailable,@,Atlanta Flames,3,1,W,REG,22,30,10,W 1
63,1974-03-02,time unavailable,H,St. Louis Blues,4,2,W,REG,23,30,10,W 2
64,1974-03-05,time unavailable,H,California Golden Seals,2,1,W,REG,24,30,10,W 3
65,1974-03-07,time unavailable,H,Chicago Black Hawks,3,2,W,REG,25,30,10,W 4
66,1974-03-09,time unavailable,H,Boston Bruins,4,4,T,REG,25,30,11,T 1
67,1974-03-13,time unavailable,H,Pittsburgh Penguins,5,1,W,REG,26,30,11,W 1
68,1974-03-16,time unavailable,H,Detroit Red Wings,2,0,W,REG,27,30,11,W 2
69,1974-03-19,time unavailable,H,Toronto Maple Leafs,1,1,T,REG,27,30,12,T 1
70,1974-03-21,time unavailable,H,California Golden Seals,6,3,W,REG,28,30,12,W 1
71,1974-03-23,time unavailable,H,Vancouver Canucks,5,0,W,REG,29,30,12,W 2
72,1974-03-24,time unavailable,@,California Golden Seals,7,1,W,REG,30,30,12,W 3
73,1974-03-26,time unavailable,@,Minnesota North Stars,1,5,L,REG,30,31,12,L 1
74,1974-03-28,time unavailable,H,New York Islanders,4,1,W,REG,31,31,12,W 1
75,1974-03-30,time unavailable,H,Montreal Canadiens,2,5,L,REG,31,32,12,L 1
76,1974-04-03,time unavailable,H,Atlanta Flames,4,2,W,REG,32,32,12,W 1
77,1974-04-05,time unavailable,@,Vancouver Canucks,2,5,L,REG,32,33,12,L 1
78,1974-04-06,time unavailable,H,Vancouver Canucks,11,1,W,REG,33,33,12,W 1

GP,Date,Time,Location,Opponent,GF,GA,Result,Game Ended In,W,L,T,Streak,Notes
1,1974-04-10,time unavailable,@,Chicago Black Hawks,1,3,L,REG,0,1,0,L 1
2,1974-04-11,time unavailable,@,Chicago Black Hawks,1,4,L,REG,0,2,0,L 2
3,1974-04-13,time unavailable,H,Chicago Black Hawks,0,1,L,REG,0,3,0,L 3
4,1974-04-14,time unavailable,H,Chicago Black Hawks,5,1,W,REG,1,3,0,W 1
5,1974-04-16,time unavailable,@,Chicago Black Hawks,0,1,L,REG,1,4,0,L 1

Bob Berry,,18,LW,30,6-0,185,L/-,4,"November 29, 1943",ca,"23 G, 33 A, 56 P"
Larry Brown,,3,D,26,6-2,210,L/-,4,"April 14, 1947",ca,"0 G, 4 A, 4 P"
Gene Carr,,12,C,22,5-11,185,L/-,2,"September 17, 1951",ca,"6 G, 11 A, 17 P"
Mike Corrigan,,11,RW,28,5-10,175,L/-,5,"January 11, 1946",ca,"16 G, 26 A, 42 P"
Gary Edwards,,1,G,26,5-9,165,-/L,4,"October 5, 1947",ca,"5-7-2, 3.23 GAA"
Butch Goring,,19,C,24,5-9,170,L/-,4,"October 22, 1949",ca,"28 G, 33 A, 61 P"
Terry Harper,(C),2,D,34,6-1,200,R/-,11,"January 27, 1940",ca,"0 G, 17 A, 17 P"
Phil Hoene,,21,LW,24,5-9,175,L/-,1,"March 15, 1949",us,"2 G, 3 A, 5 P"
Sheldon Kannegiesser,,6,D,26,6-0,198,L/-,3,"August 15, 1947",ca,"3 G, 17 A, 20 P"
Neil Komadoski,,23,D,22,6-2,200,L/-,1,"November 5, 1951",ca,"2 G, 4 A, 6 P"
Don Kozak,,24,RW,21,5-11,190,R/-,1,"February 2, 1952",ca,"21 G, 14 A, 35 P"
Real Lemieux,,7,LW,29,5-11,180,L/-,7,"January 3, 1945",ca,"0 G, 0 A, 0 P"
Bill Lesuk,,16,LW,27,5-9,187,L/-,5,"November 1, 1946",ca,"2 G, 1 A, 3 P"
Barry Long,,22,D,25,6-2,210,L/-,1,"January 3, 1949",ca,"3 G, 19 A, 22 P"
Dan Maloney,,27,LW,23,6-2,195,L/-,2,"September 24, 1950",ca,"15 G, 17 A, 32 P"
Gilles Marotte,,4,D,28,5-9,205,L/-,8,"June 7, 1945",ca,"1 G, 11 A, 12 P"
Bob Murdoch,,5,D,27,6-0,200,R/-,3,"November 20, 1946",ca,"8 G, 20 A, 28 P"
Mike Murphy,,7,RW,23,6-0,190,R/-,2,"September 12, 1950",ca,"13 G, 16 A, 29 P"
Bob Nevin,,9,RW,35,6-0,185,R/-,15,"March 18, 1938",ca,"20 G, 30 A, 50 P"
Jimmy Peters,,8,C,29,6-2,185,L/-,7,"June 20, 1944",ca,"2 G, 0 A, 2 P"
Randy Rota,,25,LW,23,5-8,170,L/-,1,"August 16, 1950",ca,"10 G, 6 A, 16 P"
Frank St. Marseille,,14,C,34,5-11,180,R/-,6,"December 14, 1939",ca,"14 G, 36 A, 50 P"
Rogie Vachon,,30,G,28,5-7,170,-/L,7,"September 8, 1945",ca,"28-26-10, 2.80 GAA"
Vic Venasky,,10,C,22,5-11,185,R/-,1,"June 3, 1951",ca,"6 G, 5 A, 11 P"
Juha Widing,,15,C,26,6-0,180,L/-,4,"July 4, 1947",fi,"27 G, 30 A, 57 P"
Tom Williams,,17,LW,22,5-11,187,R/-,2,"February 7, 1951",ca,"11 G, 17 A, 28 P"
