New York Rangers,NYR,nhl
1973-74,1974
29
78
6,7
GP,Date,Time,Location,Opponent,GF,GA,Result,Game Ended In,W,L,T,Streak,Notes
1,1973-10-10,time unavailable,H,Detroit Red Wings,4,1,W,REG,1,0,0,W 1
2,1973-10-13,time unavailable,@,Pittsburgh Penguins,8,2,W,REG,2,0,0,W 2
3,1973-10-14,time unavailable,H,Los Angeles Kings,1,1,T,REG,2,0,1,T 1
4,1973-10-17,time unavailable,H,St. Louis Blues,4,0,W,REG,3,0,1,W 1
5,1973-10-20,time unavailable,@,Toronto Maple Leafs,2,3,L,REG,3,1,1,L 1
6,1973-10-21,time unavailable,H,Montreal Canadiens,2,3,L,REG,3,2,1,L 2
7,1973-10-27,time unavailable,@,New York Islanders,2,3,L,REG,3,3,1,L 3
8,1973-10-28,time unavailable,H,Pittsburgh Penguins,2,7,L,REG,3,4,1,L 4
9,1973-10-30,time unavailable,@,Vancouver Canucks,3,3,T,REG,3,4,2,T 1
10,1973-11-01,time unavailable,@,Los Angeles Kings,1,2,L,REG,3,5,2,L 1
11,1973-11-04,time unavailable,@,Chicago Black Hawks,1,4,L,REG,3,6,2,L 2
12,1973-11-07,time unavailable,H,Boston Bruins,7,3,W,REG,4,6,2,W 1
13,1973-11-09,time unavailable,@,Atlanta Flames,3,3,T,REG,4,6,3,T 1
14,1973-11-11,time unavailable,H,New York Islanders,5,2,W,REG,5,6,3,W 1
15,1973-11-14,time unavailable,H,Chicago Black Hawks,4,4,T,REG,5,6,4,T 1
16,1973-11-15,time unavailable,@,Boston Bruins,2,10,L,REG,5,7,4,L 1
17,1973-11-17,time unavailable,@,Minnesota North Stars,6,3,W,REG,6,7,4,W 1
18,1973-11-18,time unavailable,H,Pittsburgh Penguins,7,0,W,REG,7,7,4,W 2
19,1973-11-21,time unavailable,H,California Golden Seals,3,0,W,REG,8,7,4,W 3
20,1973-11-22,time unavailable,@,Buffalo Sabres,7,6,W,REG,9,7,4,W 4
21,1973-11-24,time unavailable,H,Los Angeles Kings,5,5,T,REG,9,7,5,T 1
22,1973-11-25,time unavailable,H,Vancouver Canucks,5,0,W,REG,10,7,5,W 1
23,1973-11-29,time unavailable,@,Philadelphia Flyers,2,2,T,REG,10,7,6,T 1
24,1973-12-01,time unavailable,@,St. Louis Blues,4,4,T,REG,10,7,7,T 2
25,1973-12-02,time unavailable,H,Toronto Maple Leafs,6,4,W,REG,11,7,7,W 1
26,1973-12-05,time unavailable,H,St. Louis Blues,5,1,W,REG,12,7,7,W 2
27,1973-12-06,time unavailable,@,Buffalo Sabres,4,8,L,REG,12,8,7,L 1
28,1973-12-09,time unavailable,H,California Golden Seals,6,3,W,REG,13,8,7,W 1
29,1973-12-12,time unavailable,H,Buffalo Sabres,1,1,T,REG,13,8,8,T 1
30,1973-12-15,time unavailable,@,Toronto Maple Leafs,2,2,T,REG,13,8,9,T 2
31,1973-12-16,time unavailable,H,Chicago Black Hawks,1,6,L,REG,13,9,9,L 1
32,1973-12-20,time unavailable,H,Detroit Red Wings,5,2,W,REG,14,9,9,W 1
33,1973-12-22,time unavailable,@,Pittsburgh Penguins,4,1,W,REG,15,9,9,W 2
34,1973-12-23,time unavailable,@,Atlanta Flames,1,3,L,REG,15,10,9,L 1
35,1973-12-26,time unavailable,H,Philadelphia Flyers,2,1,W,REG,16,10,9,W 1
36,1973-12-29,time unavailable,@,Montreal Canadiens,1,7,L,REG,16,11,9,L 1
37,1973-12-30,time unavailable,H,Minnesota North Stars,4,3,W,REG,17,11,9,W 1
38,1974-01-03,time unavailable,@,Philadelphia Flyers,2,4,L,REG,17,12,9,L 1
39,1974-01-04,time unavailable,H,Boston Bruins,2,4,L,REG,17,13,9,L 2
40,1974-01-06,time unavailable,H,Atlanta Flames,5,2,W,REG,18,13,9,W 1
41,1974-01-10,time unavailable,@,Buffalo Sabres,2,7,L,REG,18,14,9,L 1
42,1974-01-12,time unavailable,@,Vancouver Canucks,6,1,W,REG,19,14,9,W 1
43,1974-01-13,time unavailable,@,California Golden Seals,7,2,W,REG,20,14,9,W 2
44,1974-01-16,time unavailable,@,Detroit Red Wings,4,4,T,REG,20,14,10,T 1
45,1974-01-17,time unavailable,@,St. Louis Blues,2,3,L,REG,20,15,10,L 1
46,1974-01-19,time unavailable,@,Chicago Black Hawks,3,2,W,REG,21,15,10,W 1
47,1974-01-23,time unavailable,H,Atlanta Flames,4,1,W,REG,22,15,10,W 2
48,1974-01-27,time unavailable,H,Los Angeles Kings,5,3,W,REG,23,15,10,W 3
49,1974-01-30,time unavailable,@,Pittsburgh Penguins,4,2,W,REG,24,15,10,W 4
50,1974-02-02,time unavailable,@,Minnesota North Stars,3,1,W,REG,25,15,10,W 5
51,1974-02-03,time unavailable,H,Minnesota North Stars,5,5,T,REG,25,15,11,T 1
52,1974-02-06,time unavailable,H,New York Islanders,6,0,W,REG,26,15,11,W 1
53,1974-02-09,time unavailable,@,Montreal Canadiens,2,7,L,REG,26,16,11,L 1
54,1974-02-10,time unavailable,H,St. Louis Blues,4,2,W,REG,27,16,11,W 1
55,1974-02-14,time unavailable,@,Philadelphia Flyers,4,4,T,REG,27,16,12,T 1
56,1974-02-16,time unavailable,@,Vancouver Canucks,9,4,W,REG,28,16,12,W 1
57,1974-02-21,time unavailable,@,Los Angeles Kings,5,3,W,REG,29,16,12,W 2
58,1974-02-22,time unavailable,@,California Golden Seals,4,3,W,REG,30,16,12,W 3
59,1974-02-24,time unavailable,H,Philadelphia Flyers,3,2,W,REG,31,16,12,W 4
60,1974-02-27,time unavailable,H,Vancouver Canucks,4,2,W,REG,32,16,12,W 5
61,1974-03-02,time unavailable,@,Minnesota North Stars,3,1,W,REG,33,16,12,W 6
62,1974-03-03,time unavailable,H,California Golden Seals,8,2,W,REG,34,16,12,W 7
63,1974-03-06,time unavailable,H,Montreal Canadiens,9,2,W,REG,35,16,12,W 8
64,1974-03-09,time unavailable,@,Montreal Canadiens,2,4,L,REG,35,17,12,L 1
65,1974-03-10,time unavailable,H,New York Islanders,4,2,W,REG,36,17,12,W 1
66,1974-03-14,time unavailable,H,Chicago Black Hawks,2,5,L,REG,36,18,12,L 1
67,1974-03-16,time unavailable,@,New York Islanders,3,1,W,REG,37,18,12,W 1
68,1974-03-17,time unavailable,@,Boston Bruins,2,5,L,REG,37,19,12,L 1
69,1974-03-20,time unavailable,H,Vancouver Canucks,5,7,L,REG,37,20,12,L 2
70,1974-03-21,time unavailable,@,Atlanta Flames,5,5,T,REG,37,20,13,T 1
71,1974-03-23,time unavailable,@,Detroit Red Wings,3,5,L,REG,37,21,13,L 1
72,1974-03-24,time unavailable,H,Buffalo Sabres,5,3,W,REG,38,21,13,W 1
73,1974-03-27,time unavailable,H,Boston Bruins,2,3,L,REG,38,22,13,L 1
74,1974-03-30,time unavailable,@,Toronto Maple Leafs,3,7,L,REG,38,23,13,L 2
75,1974-03-31,time unavailable,H,Toronto Maple Leafs,3,3,T,REG,38,23,14,T 1
76,1974-04-03,time unavailable,H,Detroit Red Wings,5,3,W,REG,39,23,14,W 1
77,1974-04-06,time unavailable,@,Detroit Red Wings,3,8,L,REG,39,24,14,L 1
78,1974-04-07,time unavailable,H,Montreal Canadiens,6,4,W,REG,40,24,14,W 1

GP,Date,Time,Location,Opponent,GF,GA,Result,Game Ended In,W,L,T,Streak,Notes
1,1974-04-10,time unavailable,@,Montreal Canadiens,4,1,W,REG,1,0,0,W 1
2,1974-04-11,time unavailable,@,Montreal Canadiens,1,4,L,REG,1,1,0,L 1
3,1974-04-13,time unavailable,H,Montreal Canadiens,2,4,L,REG,1,2,0,L 2
4,1974-04-14,time unavailable,H,Montreal Canadiens,6,4,W,REG,2,2,0,W 1
5,1974-04-16,time unavailable,@,Montreal Canadiens,3,2,W,OT,3,2,0,W 2
6,1974-04-18,time unavailable,H,Montreal Canadiens,5,2,W,REG,4,2,0,W 3
7,1974-04-20,time unavailable,@,Philadelphia Flyers,0,4,L,REG,4,3,0,L 1
8,1974-04-23,time unavailable,@,Philadelphia Flyers,2,5,L,REG,4,4,0,L 2
9,1974-04-25,time unavailable,H,Philadelphia Flyers,5,3,W,REG,5,4,0,W 1
10,1974-04-28,time unavailable,H,Philadelphia Flyers,2,1,W,OT,6,4,0,W 2
11,1974-04-30,time unavailable,@,Philadelphia Flyers,1,4,L,REG,6,5,0,L 1
12,1974-05-02,time unavailable,H,Philadelphia Flyers,4,1,W,REG,7,5,0,W 1
13,1974-05-05,time unavailable,@,Philadelphia Flyers,3,4,L,REG,7,6,0,L 1

Jerry Butler,,17,RW,22,6-0,180,R/-,1,"February 27, 1951",ca,"6 G, 10 A, 16 P"
Gene Carr,,9,C,22,5-11,185,L/-,2,"September 17, 1951",ca,"1 G, 5 A, 6 P"
Jack Egers,,20,LW,25,6-1,175,L/-,4,"January 28, 1949",ca,"1 G, 3 A, 4 P"
Bill Fairbairn,,10,RW,27,5-10,170,R/-,5,"January 7, 1947",ca,"18 G, 44 A, 62 P"
Ed Giacomin,,1,G,34,5-11,180,-/L,8,"June 6, 1939",ca,"30-15-10, 3.07 GAA"
Rod Gilbert,,7,RW,32,5-9,180,R/-,13,"July 1, 1941",ca,"36 G, 41 A, 77 P"
Vic Hadfield,(C),11,LW,33,6-0,190,L/-,12,"October 4, 1940",ca,"27 G, 28 A, 55 P"
Ron Harris,,3,D,31,5-10,190,R/-,8,"June 30, 1942",ca,"2 G, 12 A, 14 P"
Ted Irvine,,27,LW,29,6-2,195,L/-,7,"December 8, 1944",ca,"26 G, 20 A, 46 P"
Sheldon Kannegiesser,,26,D,26,6-0,198,L/-,3,"August 15, 1947",ca,"1 G, 3 A, 4 P"
Real Lemieux,,14,LW,29,5-11,180,L/-,7,"January 3, 1945",ca,"0 G, 0 A, 0 P"
Bruce MacGregor,,12,RW,32,5-10,180,R/-,13,"April 26, 1941",ca,"17 G, 27 A, 44 P"
Gilles Marotte,,6,D,28,5-9,205,L/-,8,"June 7, 1945",ca,"2 G, 17 A, 19 P"
Peter McDuffe,,31,G,25,5-9,180,-/L,2,"February 16, 1948",ca,"3-2-1, 3.18 GAA"
Mike Murphy,,14,RW,23,6-0,190,R/-,2,"September 12, 1950",ca,"2 G, 1 A, 3 P"
Jim Neilson,,15,D,33,6-2,205,L/-,11,"November 28, 1940",ca,"4 G, 7 A, 11 P"
Brad Park,,2,D,25,6-0,200,L/-,5,"July 6, 1948",ca,"25 G, 57 A, 82 P"
Jean Ratelle,,19,C,33,6-1,180,L/-,13,"October 3, 1940",ca,"28 G, 39 A, 67 P"
Dale Rolfe,,5,D,33,6-4,210,L/-,7,"April 30, 1940",ca,"3 G, 12 A, 15 P"
Bobby Rousseau,,22,RW/C,33,5-10,178,R/-,13,"July 26, 1940",ca,"10 G, 41 A, 51 P"
Larry Sacharuk,,4,D,21,6-0,200,R/-,1,"September 16, 1952",ca,"2 G, 4 A, 6 P"
Glen Sather,,6,LW,30,5-11,180,L/-,7,"September 2, 1943",ca,"0 G, 0 A, 0 P"
Rod Seiling,,16,D,29,6-0,195,L/-,11,"November 14, 1944",ca,"7 G, 23 A, 30 P"
Pete Stemkowski,,21,C,30,6-1,196,L/-,10,"August 25, 1943",ca,"25 G, 45 A, 70 P"
Walt Tkaczuk,,18,C,26,6-0,185,L/-,6,"September 29, 1947",de,"21 G, 42 A, 63 P"
Steve Vickers,,8,LW,22,6-0,180,L/-,1,"April 21, 1951",ca,"34 G, 24 A, 58 P"
Gilles Villemure,,30,G,33,5-8,185,-/R,6,"May 30, 1940",ca,"7-7-3, 3.53 GAA"
Tom Williams,,17,LW,22,5-11,187,R/-,2,"February 7, 1951",ca,"1 G, 2 A, 3 P"
Bert Wilson,,14,LW,24,6-0,178,L/-,R,"October 17, 1949",ca,"1 G, 1 A, 2 P"
