INFO:
teamName,Mediballs
teamAbbreviation,Mediballs
sportId,n/a
sportName,n/a
sportRules,n/a
leagueId,watMu
levelId,n/a
seasonName,n/a
seasonId,n/a
Roster Size,23
Season Games Played,6
Playoff Round Lengths,1
END_INFO

SEASON:
Date/Time,Location,Opposing Team,Score,S.O.C.
Mon Jan 16 @ 7:00 pm,Columbia Icefield: Gym 3,Team Rocketeer,lost 3 - 6,3
Tue Jan 24 @ 7:00 pm,Columbia Icefield: Gym 3,AGP Dodgeball,lost 8 - 1,4
Sat Feb 4 @ 1:30 pm,Columbia Icefield: Gym 1,Paperballs II,won 5 - 0,avg.
Sat Feb 4 @ 2:30 pm,Columbia Icefield: Gym 1,Dodge our Balls,lost 6 - 1,4
Mon Feb 13 @ 7:00 pm,Columbia Icefield: Gym 3,Special Delivery,won 0 - 5,avg.
Thu Mar 1 @ 10:00 pm,Columbia Icefield: Gym 3,Not In The Face,lost 7 - 1,3
END_SEASON

PLAYOFFS:
Date/Time,Location,Opposing Team,Score,S.O.C.
Tue Mar 20 @ 8:00 pm,Columbia Icefield: Gym 3,AGP Dodgeball,lost 7 - 2,2
END_PLAYOFFS

ROSTER:
Player,Captaincy,uwaterloo_email
Karalyn Dyck,(C),karalyn.dyck@medportal.ca
Ryan F. Aalders,,
Kunal Bhanot,,
Robyn L. Carnell,,
William M. Carwana,,
Mary E. Conway,,
Emily Devitt,,
Mallory E. Fox,,
Liam P. Frape,,
Kimberly Heaslip,,
Caroline D. Jeon,,
Jaclyn L. Kukat,,
Matthew O. Lipinski,,
Laura C. Marshall,,
Jessica S. Ngan,,
Thomas W. Piggott,,
Vinod Ramlal,,
Nicole F. Robichaud,,
Tulika Singh,,
Russell Sterrett,,
Ryan Tong,,
Ching Ho Tsang,,
Neshmi Zaman,,
END_ROSTER
