INFO:
teamName,Team Rocketeer
teamAbbreviation,Team Rocketeer
sportId,n/a
sportName,n/a
sportRules,n/a
leagueId,watMu
levelId,n/a
seasonName,n/a
seasonId,n/a
Roster Size,13
Season Games Played,6
Playoff Round Lengths,1,1
END_INFO

SEASON:
Date/Time,Location,Opposing Team,Score,S.O.C.
Mon Jan 16 @ 7:00 pm,Columbia Icefield: Gym 3,Mediballs,won 3 - 6,3
Thu Jan 26 @ 7:00 pm,Columbia Icefield: Gym 3,Paperballs II,won 3 - 6,3
Mon Feb 6 @ 7:00 pm,Columbia Icefield: Gym 3,Aged Kayak :P,lost 5 - 4,-1
Thu Feb 16 @ 10:00 pm,Columbia Icefield: Gym 3,Not In The Face,won 1 - 5,3
Tue Feb 28 @ 6:00 pm,Columbia Icefield: Gym 3,AGP Dodgeball,lost 1 - 8,4
Tue Mar 6 @ 6:00 pm,Columbia Icefield: Gym 3,Mancato!,won 3 - 4,3
END_SEASON

PLAYOFFS:
Date/Time,Location,Opposing Team,Score,S.O.C.
Thu Mar 22 @ 9:00 pm,Columbia Icefield: Gym 3,Not In The Face,won 5 - 1,2
Thu Mar 29 @ 6:00 pm,Columbia Icefield: Gym 3,Aged Kayak :P,lost 8 - 1,2
END_PLAYOFFS

ROSTER:
Player,Captaincy,uwaterloo_email
Derek Hsueh,(C),dyhsueh@mail.uwaterloo.ca
Prima Chairunnanda,,
LongFei Gao,,
Hsiang-Fu Jan,,
Fei-Yang Jen,,
Heng Keu,,
Jun Li,,
Wen Sun,,
Chenghao Wang,,
Jun Wang,,
Sisi Wang,,
Kevin Yee,,
Jingkun Zeng,,
END_ROSTER
