INFO:
teamName,AGP Dodgeball
teamAbbreviation,AGP Dodgeball
sportId,n/a
sportName,n/a
sportRules,n/a
leagueId,watMu
levelId,n/a
seasonName,n/a
seasonId,n/a
Roster Size,8
Season Games Played,6
Playoff Round Lengths,1,1,1
END_INFO

SEASON:
Date/Time,Location,Opposing Team,Score,S.O.C.
Tue Jan 17 @ 6:00 pm,Columbia Icefield: Gym 3,Paperballs II,won 0 - 8,1
Tue Jan 24 @ 7:00 pm,Columbia Icefield: Gym 3,Mediballs,won 8 - 1,3
Tue Jan 31 @ 8:00 pm,Columbia Icefield: Gym 3,Paperballs II,won 0 - 5,avg.
Tue Feb 7 @ 7:00 pm,Columbia Icefield: Gym 3,Mancato!,won 2 - 7,0
Tue Feb 14 @ 10:00 pm,Columbia Icefield: Gym 3,Dodge our Balls,lost 5 - 0,-2
Tue Feb 28 @ 6:00 pm,Columbia Icefield: Gym 3,Team Rocketeer,won 1 - 8,4
END_SEASON

PLAYOFFS:
Date/Time,Location,Opposing Team,Score,S.O.C.
Tue Mar 20 @ 8:00 pm,Columbia Icefield: Gym 3,Mediballs,won 7 - 2,0
Mon Mar 26 @ 4:00 pm,Columbia Icefield: Gym 3,Special Delivery,won 7 - 1,2
Sat Mar 31 @ 2:30 pm,Columbia Icefield: Gym 1,Aged Kayak :P,won 5 - 4,0
END_PLAYOFFS

ROSTER:
Player,Captaincy,uwaterloo_email
Robert Rappolt,(C),rjrappol@uwaterloo.ca
Emma Defields,,
Rylan Graham,,
Marie-Eve Lafortune,,
Filip Majcherkiewicz,,
John Mosquera,,
Matthew Quick,,
Erica Warsh,,
END_ROSTER
