INFO:
teamName,Not In The Face
teamAbbreviation,Not In The Face
sportId,n/a
sportName,n/a
sportRules,n/a
leagueId,watMu
levelId,n/a
seasonName,n/a
seasonId,n/a
Roster Size,12
Season Games Played,6
Playoff Round Lengths,1
END_INFO

SEASON:
Date/Time,Location,Opposing Team,Score,S.O.C.
Thu Jan 12 @ 9:00 pm,Columbia Icefield: Gym 3,Mancato!,lost 3 - 4,1
Thu Jan 19 @ 9:00 pm,Columbia Icefield: Gym 3,Dodge our Balls,won 4 - 2,2
Thu Feb 2 @ 9:00 pm,Columbia Icefield: Gym 3,Aged Kayak :P,lost 2 - 6,3
Thu Feb 9 @ 10:00 pm,Columbia Icefield: Gym 3,Special Delivery,won 5 - 3,3
Thu Feb 16 @ 10:00 pm,Columbia Icefield: Gym 3,Team Rocketeer,lost 1 - 5,3
Thu Mar 1 @ 10:00 pm,Columbia Icefield: Gym 3,Mediballs,won 7 - 1,2
END_SEASON

PLAYOFFS:
Date/Time,Location,Opposing Team,Score,S.O.C.
Thu Mar 22 @ 9:00 pm,Columbia Icefield: Gym 3,Team Rocketeer,lost 5 - 1,2
END_PLAYOFFS

ROSTER:
Player,Captaincy,uwaterloo_email
Hsiu-Kai Chen,(C),h54chen@uwaterloo.ca
Shihao Cen,,
Zhaozhi Chen,,
Kelvin Chow,,
Ziyu Guo,,
Tim Lee,,
Jin Liu,,
Ning Pan,,
Ruo-Xue Wang,,
Dong Yan,,
Xiang Zhang,,
Ziwei Zhang,,
END_ROSTER
