INFO:
teamName,Special Delivery
teamAbbreviation,Special Delivery
sportId,n/a
sportName,n/a
sportRules,n/a
leagueId,watMu
levelId,n/a
seasonName,n/a
seasonId,n/a
Roster Size,19
Season Games Played,6
Playoff Round Lengths,1,1
END_INFO

SEASON:
Date/Time,Location,Opposing Team,Score,S.O.C.
Mon Jan 16 @ 6:00 pm,Columbia Icefield: Gym 3,Aged Kayak :P,lost 5 - 0,3
Sat Jan 21 @ 1:30 pm,Columbia Icefield: Gym 1,Dodging Particles,won 0 - 5,avg.
Mon Jan 30 @ 6:00 pm,Columbia Icefield: Gym 3,Dodge our Balls,won 4 - 5,2
Thu Feb 9 @ 10:00 pm,Columbia Icefield: Gym 3,Not In The Face,lost 5 - 3,2
Mon Feb 13 @ 7:00 pm,Columbia Icefield: Gym 3,Mediballs,lost 0 - 5,-2
Tue Feb 28 @ 5:00 pm,Columbia Icefield: Gym 3,Paperballs II,won 5 - 0,avg.
END_SEASON

PLAYOFFS:
Date/Time,Location,Opposing Team,Score,S.O.C.
Sat Mar 24 @ 5:30 pm,Columbia Icefield: Gym 1,Dodge our Balls,won 3 - 6,2
Mon Mar 26 @ 4:00 pm,Columbia Icefield: Gym 3,AGP Dodgeball,lost 7 - 1,2
END_PLAYOFFS

ROSTER:
Player,Captaincy,uwaterloo_email
Nathan Breeze,(C),nkmbreez@uwaterloo.ca
Hans Anderson,,
Shayan Bokhari,,
Eric Cameracci,,
Vincent Elzain,,
Mackenzie Hurst,,
Renick Lee,,
Linda Li,,
winnie Liu,,
Louise Naylor,,
Cheryl Ng,,
Russell Qin,,
Joan Ryan,,
Matt Ryan,,
Abin Sebastian,,
Benyamin Siddique,,
Daniel Soh,,
kate Turner,,
Edmund Wong,,
END_ROSTER
