INFO:
teamName,Dodging Particles
teamAbbreviation,Dodging Particles
sportId,n/a
sportName,n/a
sportRules,n/a
leagueId,watMu
levelId,n/a
seasonName,n/a
seasonId,n/a
Roster Size,14
Season Games Played,2
Playoff Round Lengths,0
END_INFO

SEASON:
Date/Time,Location,Opposing Team,Score,S.O.C.
Sat Jan 14 @ 1:30 pm,Columbia Icefield: Gym 1,Dodge our Balls,lost 0 - 5,-2
Sat Jan 21 @ 1:30 pm,Columbia Icefield: Gym 1,Special Delivery,lost 0 - 5,-2
END_SEASON

PLAYOFFS:
Date/Time,Location,Opposing Team,Score,S.O.C.
END_PLAYOFFS

ROSTER:
Player,Captaincy,uwaterloo_email
Anthony Ho,(C),anthony.ho@uwaterloo.ca
Bikram Brar,,
Jordan Keir-Sage,,
Daniel Menachery Jose,,
Ena Music,,
Joseph Robert,,
Cody Shirriff,,
Ranbir Sihota,,
Ranbir Sihota,,
Stephanie Slowinski,,
Laureena Ssali,,
Jonathan Sutley,,
Hei Tang,,
Lu Yu,,
END_ROSTER
