INFO:
teamName,Mancato!
teamAbbreviation,Mancato!
sportId,n/a
sportName,n/a
sportRules,n/a
leagueId,watMu
levelId,n/a
seasonName,n/a
seasonId,n/a
Roster Size,9
Season Games Played,6
Playoff Round Lengths,1
END_INFO

SEASON:
Date/Time,Location,Opposing Team,Score,S.O.C.
Thu Jan 12 @ 9:00 pm,Columbia Icefield: Gym 3,Not In The Face,won 3 - 4,3
Thu Jan 26 @ 8:00 pm,Columbia Icefield: Gym 3,Aged Kayak :P,lost 2 - 6,2
Tue Feb 7 @ 7:00 pm,Columbia Icefield: Gym 3,AGP Dodgeball,lost 2 - 7,3
Thu Feb 16 @ 9:00 pm,Columbia Icefield: Gym 3,Aged Kayak :P,,
Tue Feb 28 @ 10:00 pm,Columbia Icefield: Gym 3,Dodge our Balls,lost 6 - 3,4
Tue Mar 6 @ 6:00 pm,Columbia Icefield: Gym 3,Team Rocketeer,lost 3 - 4,4
END_SEASON

PLAYOFFS:
Date/Time,Location,Opposing Team,Score,S.O.C.
Tue Mar 20 @ 7:00 pm,Columbia Icefield: Gym 3,Aged Kayak :P,lost 7 - 2,2
END_PLAYOFFS

ROSTER:
Player,Captaincy,uwaterloo_email
Curtis Diep,(C),cdiep@uwaterloo.ca
Yang Chen,,
William Francis,,
Donald Hui,,
Dancy Li,,
Wenhan Liu,,
Amanda Murdoch,,
Aaron Voelker,,
Chuan Xia,,
END_ROSTER
