INFO:
teamName,Aged Kayak :P
teamAbbreviation,Aged Kayak :P
sportId,n/a
sportName,n/a
sportRules,n/a
leagueId,watMu
levelId,n/a
seasonName,n/a
seasonId,n/a
Roster Size,11
Season Games Played,6
Playoff Round Lengths,1,1,1
END_INFO

SEASON:
Date/Time,Location,Opposing Team,Score,S.O.C.
Mon Jan 16 @ 6:00 pm,Columbia Icefield: Gym 3,Special Delivery,won 5 - 0,3
Thu Jan 26 @ 8:00 pm,Columbia Icefield: Gym 3,Mancato!,won 2 - 6,1
Thu Feb 2 @ 9:00 pm,Columbia Icefield: Gym 3,Not In The Face,won 2 - 6,2
Mon Feb 6 @ 7:00 pm,Columbia Icefield: Gym 3,Team Rocketeer,won 5 - 4,1
Mon Feb 13 @ 6:00 pm,Columbia Icefield: Gym 3,Paperballs II,won 5 - 0,avg.
Thu Feb 16 @ 9:00 pm,Columbia Icefield: Gym 3,Mancato!,,
END_SEASON

PLAYOFFS:
Date/Time,Location,Opposing Team,Score,S.O.C.
Tue Mar 20 @ 7:00 pm,Columbia Icefield: Gym 3,Mancato!,won 7 - 2,2
Thu Mar 29 @ 6:00 pm,Columbia Icefield: Gym 3,Team Rocketeer,won 8 - 1,2
Sat Mar 31 @ 2:30 pm,Columbia Icefield: Gym 1,AGP Dodgeball,lost 5 - 4,1
END_PLAYOFFS

ROSTER:
Player,Captaincy,uwaterloo_email
Adam Walsh,(C),adam_the_wall@hotmail.com
Aaron Hendrickson-Gracie,,
Yujeong Kim,,
Ga-Youn Lee,,
Minha Lee,,
Anna Meldrum,,
Piotr Porzuczek,,
Eric Suen,,
Andrew Tran,,
Vincent Truong,,
Jiansen Wang,,
END_ROSTER
