INFO:
teamName,Dodge our Balls
teamAbbreviation,Dodge our Balls
sportId,n/a
sportName,n/a
sportRules,n/a
leagueId,watMu
levelId,n/a
seasonName,n/a
seasonId,n/a
Roster Size,13
Season Games Played,6
Playoff Round Lengths,1
END_INFO

SEASON:
Date/Time,Location,Opposing Team,Score,S.O.C.
Sat Jan 14 @ 1:30 pm,Columbia Icefield: Gym 1,Dodging Particles,won 0 - 5,avg.
Thu Jan 19 @ 9:00 pm,Columbia Icefield: Gym 3,Not In The Face,lost 4 - 2,3
Mon Jan 30 @ 6:00 pm,Columbia Icefield: Gym 3,Special Delivery,lost 4 - 5,-1
Sat Feb 4 @ 2:30 pm,Columbia Icefield: Gym 1,Mediballs,won 6 - 1,4
Tue Feb 14 @ 10:00 pm,Columbia Icefield: Gym 3,AGP Dodgeball,won 5 - 0,avg.
Tue Feb 28 @ 10:00 pm,Columbia Icefield: Gym 3,Mancato!,won 6 - 3,4
END_SEASON

PLAYOFFS:
Date/Time,Location,Opposing Team,Score,S.O.C.
Sat Mar 24 @ 5:30 pm,Columbia Icefield: Gym 1,Special Delivery,lost 3 - 6,2
END_PLAYOFFS

ROSTER:
Player,Captaincy,uwaterloo_email
Stephanie Waite,(C),swaite@uwaterloo.ca
Tamara Dowhy,,
Shadrielle Melijah Espiritu,,
Shaundrei Mabriel Espiritu,,
Robert Hogg,,
Ryan Jenken,,
Laura Lowery,,
Graeme Milligan,,
Kelly Sanders,,
Anand Sinha,,
Emily Sycz,,
Kaitlyn Vellenga,,
Amanda Wiskar,,
END_ROSTER
