INFO:
teamName,Paperballs II
teamAbbreviation,Paperballs II
sportId,n/a
sportName,n/a
sportRules,n/a
leagueId,watMu
levelId,n/a
seasonName,n/a
seasonId,n/a
Roster Size,19
Season Games Played,6
Playoff Round Lengths,0
END_INFO

SEASON:
Date/Time,Location,Opposing Team,Score,S.O.C.
Tue Jan 17 @ 6:00 pm,Columbia Icefield: Gym 3,AGP Dodgeball,lost 0 - 8,1
Thu Jan 26 @ 7:00 pm,Columbia Icefield: Gym 3,Team Rocketeer,lost 3 - 6,3
Tue Jan 31 @ 8:00 pm,Columbia Icefield: Gym 3,AGP Dodgeball,lost 0 - 5,-2
Sat Feb 4 @ 1:30 pm,Columbia Icefield: Gym 1,Mediballs,lost 5 - 0,-2
Mon Feb 13 @ 6:00 pm,Columbia Icefield: Gym 3,Aged Kayak :P,lost 5 - 0,-2
Tue Feb 28 @ 5:00 pm,Columbia Icefield: Gym 3,Special Delivery,lost 5 - 0,-2
END_SEASON

PLAYOFFS:
Date/Time,Location,Opposing Team,Score,S.O.C.
END_PLAYOFFS

ROSTER:
Player,Captaincy,uwaterloo_email
Robert Dziarmaga,(C),r.a.dziarmaga@gmail.com
Veekshita Chaluvan,,
Ananya Chattoraj,,
Yevgeny Chertov,,
Lok Kan Chung,,
Kieran Darcy,,
Jason Day,,
Mihajlo Ilic,,
Ronald Kielstra,,
Yu Ning Li,,
Paul McGeown,,
Erwin-Michael Melocoton,,
Namish Modi,,
Ting Pan,,
Adrian Safati,,
Komal Sandhu,,
Michael To,,
Emilie Wilson,,
Andrew Yim,,
END_ROSTER
