Bendy Garden Gnomes,spring2012,Ice Hockey: Bendy Garden Gnomes (Advanced)
7,6,6,1,1
Tue May 8 @ 8:00 pm,Columbia Icefield Arena,tie,3,3,3,Beginner Indies
Tue May 15 @ 7:00 pm,Columbia Icefield Arena,lost,6,7,3,Beginner Indies
Tue May 29 @ 6:00 pm,Columbia Icefield Arena,tie,4,4,3,Advanced Indies 3
Tue Jun 19 @ 10:00 pm,Columbia Icefield Arena,lost,2,5,4,The Camel Toe Dragons
Tue Jun 26 @ 9:00 pm,Columbia Icefield Arena,won,4,1,3,MennoKnights
Tue Jul 3 @ 9:00 pm,Columbia Icefield Arena,won,2,1,3,Blades of Steel
Tue Jul 10 @ 10:00 pm,Columbia Icefield Arena,lost,1,3,0,MaC1VE Sticks

Spenser Emery,Derek Scott,Gabriel Shaughnessy,Tony Shaughnessy,Matthew Stevens,Riston Tapp,Denis Viens,Ryan Westbrook,Chad Bredin
