Worriers,spring2012,Ice Hockey: Worriers (Advanced)
9,6,6,3,3
Sun May 27 @ 5:00 pm,Columbia Icefield Arena,won,3,0,4,Pharmacy Phuckers
Sun Jun 3 @ 4:00 pm,Columbia Icefield Arena,lost,4,8,3,Advanced Indies 2
Sun Jun 10 @ 7:00 pm,Columbia Icefield Arena,lost,5,7,3,MaC1VE Sticks
Sun Jun 17 @ 7:00 pm,Columbia Icefield Arena,tie,2,2,3,Danglers
Sun Jun 24 @ 8:00 pm,Columbia Icefield Arena,won,3,0,avg.,Advanced Indies 1
Tue Jul 3 @ 5:00 pm,Columbia Icefield Arena,won,2,1,3,Stanley’s Cup
Sun Jul 8 @ 7:00 pm,Columbia Icefield Arena,won,6,0,2,The Camel Toe Dragons
Tue Jul 17 @ 7:00 pm,Columbia Icefield Arena,won,4,1,0,MennoKnights
Sun Jul 22 @ 8:00 pm,Columbia Icefield Arena,won,4,0,0,Danglers

Bart Domzy,Bill Futher,David Hammond,Drew Higgins,Timothy Kenyon,Alan Ker,George Labahn,Jeffrey Labahn,Adam Metherel,Jeff Randall,Nick Sinclair,David Smyth,Ken D. Stark,A.Russell Tupling,Steven Woods,Bill Eickmeier
