Blades of Steel,spring2012,Ice Hockey: Blades of Steel (Advanced)
8,6,6,2,2
Tue May 8 @ 7:00 pm,Columbia Icefield Arena,lost,0,6,3,Advanced Indies 3
Tue May 22 @ 6:00 pm,Columbia Icefield Arena,lost,0,4,2,The Camel Toe Dragons
Tue May 29 @ 10:00 pm,Columbia Icefield Arena,lost,0,6,3,MaC1VE Sticks
Tue Jun 12 @ 8:00 pm,Columbia Icefield Arena,lost,2,7,3,Advanced Indies 3
Tue Jun 26 @ 8:00 pm,Columbia Icefield Arena,tie,3,3,3,Beginner Indies
Tue Jul 3 @ 9:00 pm,Columbia Icefield Arena,lost,1,2,2,Bendy Garden Gnomes
Tue Jul 10 @ 9:00 pm,Columbia Icefield Arena,won,6,0,0,Advanced Indies 1
Tue Jul 17 @ 10:00 pm,Columbia Icefield Arena,lost,2,5,0,Beginner Indies

Daniel Baggio,Shivam Bhan,Darin Bloemberg,Elora Brenneman,Matthew Brown,Benjamin Deignan,Nicholas Frank,Chad Gooyers,Thomas Karakolis,Andrew Robertson,Mateusz Sycz,Jonathan Thacker,Christopher Vigna,Jason Xeni,Kristopher Beyer
