MennoKnights,spring2012,Ice Hockey: MennoKnights (Advanced)
8,6,6,2,2
Tue May 8 @ 6:00 pm,Columbia Icefield Arena,lost,0,1,3,The Camel Toe Dragons
Tue May 15 @ 6:00 pm,Columbia Icefield Arena,lost,1,4,3,Advanced Indies 3
Sun May 27 @ 6:00 pm,Columbia Icefield Arena,won,5,3,3,Advanced Indies 2
Tue Jun 12 @ 7:00 pm,Columbia Icefield Arena,tie,1,1,0,Beginner Indies
Sun Jun 24 @ 7:00 pm,Columbia Icefield Arena,won,5,1,2,Stanley’s Cup
Tue Jun 26 @ 9:00 pm,Columbia Icefield Arena,lost,1,4,3,Bendy Garden Gnomes
Wed Jul 11 @ 10:00 pm,Columbia Icefield Arena,won,5,3,0,Advanced Indies 3
Tue Jul 17 @ 7:00 pm,Columbia Icefield Arena,lost,1,4,0,Worriers

Benjamin Brubaker-Zehr,Dylan Campion,Jesse Dyck,John Friesen,Michael Funk,Zachary Huber,Daniel Koetsier,Michael Kuurstra,Aaron Neufeld,James Scott,Seth Burt
