The Camel Toe Dragons,spring2012,Ice Hockey: The Camel Toe Dragons (Advanced)
7,6,6,1,1
Tue May 8 @ 6:00 pm,Columbia Icefield Arena,won,1,0,3,MennoKnights
Tue May 22 @ 6:00 pm,Columbia Icefield Arena,won,4,0,2,Blades of Steel
Sun Jun 3 @ 8:00 pm,Columbia Icefield Arena,lost,0,2,2,MaC1VE Sticks
Tue Jun 19 @ 10:00 pm,Columbia Icefield Arena,won,5,2,4,Bendy Garden Gnomes
Tue Jun 26 @ 7:00 pm,Columbia Icefield Arena,lost,4,7,-2,Advanced Indies 3
Wed Jun 27 @ 9:00 pm,Columbia Icefield Arena,won,5,4,2,Pharmacy Phuckers
Sun Jul 8 @ 7:00 pm,Columbia Icefield Arena,lost,0,6,2,Worriers

Alexander Beeson,Zachary Brown,Matthew Coyne,Mathew Davenport,Michael Fujiwara,Thomas Hobbs,Benjamin Kruger,Gareth Longley,Douglas Lusted,Brandyn McCarthy,Shawn McIntosh,Matthew Quigley,Jared Slattery,Jake Tennant,Skye Wattie,Jonathan Weinberg,Evan Zsiros,Matthew Cyr
