INFO:
teamName,Individuals 2
teamAbbreviation,Individuals 2
sportId,n/a
sportName,n/a
sportRules,n/a
leagueId,watMu
levelId,n/a
seasonName,n/a
seasonId,n/a
Roster Size,11
Season Games Played,6
Playoff Round Lengths,1
END_INFO

SEASON:
Date/Time,Location,Opposing Team,Score,S.O.C.
Wed May 21 @ 5:30 pm,Columbia Icefield: Warrior Field,Go Flag Yourself,won 14 - 42,3
Wed May 28 @ 4:30 pm,Columbia Icefield: Warrior Field,KINvincible,lost 14 - 21,3
Wed May 28 @ 5:30 pm,Columbia Icefield: Warrior Field,Go Flag Yourself,won 42 - 28,3
Wed Jun 4 @ 5:30 pm,Columbia Icefield: Warrior Field,Who Dat?,won 42 - 21,2
Wed Jun 11 @ 5:30 pm,Columbia Icefield: Warrior Field,Versace,lost 49 - 56,3
Wed Jun 18 @ 5:30 pm,Columbia Icefield: Warrior Field,Who Dat?,won 28 - 21,2
END_SEASON

PLAYOFFS:
Date/Time,Location,Opposing Team,Score,S.O.C.
Wed Jul 16 @ 4:30 pm,Columbia Icefield: Warrior Field,Mac1ve Yard5,lost 28 - 42,2
END_PLAYOFFS

ROSTER:
Player,Captaincy,uwaterloo_email
Matthew Chang,,
Adam Debruyne,,
Tyler Green,,
Bradley Manning,,
Keith McManamen,,
Emma Meanor,,
Jesse Randhawa,,
Samuel Richardson,,
Eric Rogers,,
Andrew Selvadurai,,
Balakumar Thevakumar,,
END_ROSTER
