INFO:
teamName,Who Dat?
teamAbbreviation,Who Dat?
sportId,n/a
sportName,n/a
sportRules,n/a
leagueId,watMu
levelId,n/a
seasonName,n/a
seasonId,n/a
Roster Size,13
Season Games Played,6
Playoff Round Lengths,1
END_INFO

SEASON:
Date/Time,Location,Opposing Team,Score,S.O.C.
Sun May 25 @ 5:30 pm,Columbia Icefield: Field 5,Go Flag Yourself,lost 42 - 49,3
Wed Jun 4 @ 5:30 pm,Columbia Icefield: Warrior Field,Individuals 2,lost 42 - 21,3
Sun Jun 15 @ 6:30 pm,Columbia Icefield: Field 5,KINvincible,lost 35 - 7,3
Wed Jun 18 @ 5:30 pm,Columbia Icefield: Warrior Field,Individuals 2,lost 28 - 21,3
Sun Jun 22 @ 4:30 pm,Columbia Icefield: Field 5,Mac1ve Yard5,lost 14 - 42,3
Sun Jun 22 @ 5:30 pm,Columbia Icefield: Field 5,Eli Womanning,lost 14 - 42,2
END_SEASON

PLAYOFFS:
Date/Time,Location,Opposing Team,Score,S.O.C.
Sun Jul 13 @ 3:30 pm,Columbia Icefield: Field 5,Go Gold,lost 21 - 28,1
END_PLAYOFFS

ROSTER:
Player,Captaincy,uwaterloo_email
Brittany Sinclair,(C),basincla@uwaterloo.ca
Muhammad Anwar,,
Adam Baldassare,,
Doris Choi,,
Eureka Choi,,
Keegan McCallum,,
Jacob Reeb,,
Nicholas Roberts,,
Ricardo Salmon,,
Alexander Valtchev,,
Kelly White,,
Nolan Wilson,,
Matthew Yong,,
END_ROSTER
