INFO:
teamName,Eli Womanning
teamAbbreviation,Eli Womanning
sportId,n/a
sportName,n/a
sportRules,n/a
leagueId,watMu
levelId,n/a
seasonName,n/a
seasonId,n/a
Roster Size,11
Season Games Played,6
Playoff Round Lengths,1
END_INFO

SEASON:
Date/Time,Location,Opposing Team,Score,S.O.C.
Sun May 25 @ 3:30 pm,Columbia Icefield: Field 5,Go Gold,won 49 - 42,3
Sun Jun 1 @ 1:30 pm,Columbia Icefield: Field 5,Hockey,lost 56 - 42,3
Sun Jun 8 @ 2:30 pm,Columbia Icefield: Field 5,Mac1ve Yard5,won 28 - 35,3
Sun Jun 8 @ 3:30 pm,Columbia Icefield: Field 5,Go Gold,won 56 - 35,3
Sun Jun 15 @ 3:30 pm,Columbia Icefield: Field 5,Hockey,lost 56 - 49,3
Sun Jun 22 @ 5:30 pm,Columbia Icefield: Field 5,Who Dat?,won 14 - 42,2
END_SEASON

PLAYOFFS:
Date/Time,Location,Opposing Team,Score,S.O.C.
Fri Jul 18 @ 9:00 pm,Columbia Icefield: Warrior Field,Versace,lost 42 - 49,2
END_PLAYOFFS

ROSTER:
Player,Captaincy,uwaterloo_email
Sachin Manucha,(C),srmanuch@uwaterloo.ca
Nathan Boutilier,,
Robert Di Niro,,
Robert Dziarmaga,,
Amanda Fenn,,
Spencer Gardner,,
Zachary Hogg,,
Richard Huynh,,
Shorya Kaushik,,
Riyad Khamis,,
Lashaayan Kugathasan,,
END_ROSTER
