INFO:
teamName,KINvincible
teamAbbreviation,KINvincible
sportId,n/a
sportName,n/a
sportRules,n/a
leagueId,watMu
levelId,n/a
seasonName,n/a
seasonId,n/a
Roster Size,10
Season Games Played,6
Playoff Round Lengths,1,1,1
END_INFO

SEASON:
Date/Time,Location,Opposing Team,Score,S.O.C.
Wed May 21 @ 4:30 pm,Columbia Icefield: Warrior Field,Versace,won 35 - 42,3
Wed May 28 @ 4:30 pm,Columbia Icefield: Warrior Field,Individuals 2,won 14 - 21,3
Wed Jun 4 @ 4:30 pm,Columbia Icefield: Warrior Field,Versace,tie 28 - 28,3
Sun Jun 15 @ 6:30 pm,Columbia Icefield: Field 5,Who Dat?,won 35 - 7,3
Wed Jun 18 @ 4:30 pm,Columbia Icefield: Warrior Field,Go Flag Yourself,won 42 - 14,3
Sun Jun 22 @ 1:30 pm,Columbia Icefield: Field 5,Go Gold,won 23 - 28,1
END_SEASON

PLAYOFFS:
Date/Time,Location,Opposing Team,Score,S.O.C.
Wed Jul 16 @ 5:30 pm,Columbia Icefield: Warrior Field,Go Gold,won 28 - 21,2
Sun Jul 20 @ 4:30 pm,Columbia Icefield: Field 5,Mac1ve Yard5,won 28 - 35,2
Wed Jul 23 @ 5:30 pm,Columbia Icefield: Field 5,Versace,lost 28 - 14,2
END_PLAYOFFS

ROSTER:
Player,Captaincy,uwaterloo_email
Alberto Pagano,(C),chris.pagano@hotmail.com
Abdalrahim Abed,,
Attila Bajus,,
Kevin Barroso,,
Jordan Forde,,
Hannah McCutcheon,,
Alicia Page,,
Nicholas Paolini,,
Alexander Scherger,,
Wing Wong,,
END_ROSTER
