INFO:
teamName,Mac1ve Yard5
teamAbbreviation,Mac1ve Yard5
sportId,n/a
sportName,n/a
sportRules,n/a
leagueId,watMu
levelId,n/a
seasonName,n/a
seasonId,n/a
Roster Size,13
Season Games Played,6
Playoff Round Lengths,1,1
END_INFO

SEASON:
Date/Time,Location,Opposing Team,Score,S.O.C.
Sun May 25 @ 4:30 pm,Columbia Icefield: Field 5,Hockey,won 42 - 35,3
Sun Jun 1 @ 4:30 pm,Columbia Icefield: Field 5,Versace,lost 35 - 28,0
Sun Jun 8 @ 2:30 pm,Columbia Icefield: Field 5,Eli Womanning,lost 28 - 35,3
Sun Jun 22 @ 4:30 pm,Columbia Icefield: Field 5,Who Dat?,won 14 - 42,3
Sun Jul 6 @ 1:30 pm,Columbia Icefield: Field 5,Versace,won 0 - 14,avg.
Sun Jul 6 @ 2:30 pm,Columbia Icefield: Field 5,Go Flag Yourself,won 42 - 63,3
END_SEASON

PLAYOFFS:
Date/Time,Location,Opposing Team,Score,S.O.C.
Wed Jul 16 @ 4:30 pm,Columbia Icefield: Warrior Field,Individuals 2,won 28 - 42,2
Sun Jul 20 @ 4:30 pm,Columbia Icefield: Field 5,KINvincible,lost 28 - 35,2
END_PLAYOFFS

ROSTER:
Player,Captaincy,uwaterloo_email
Dustin Van Heck,(C),van.heck.d@gmail.com
Matthew Benson,,
Andrew Easton,,
Travis McElveny,,
Patrick McLellan,,
Ted Paul,,
Zachary Richards,,
Juan Silvera Ceballos,,
Sebastian Silvera Ceballos,,
Bradley Souter,,
David Stanton,,
Joshua Weavers,,
Adam Wood,,
END_ROSTER
