INFO:
teamName,Versace
teamAbbreviation,Versace
sportId,n/a
sportName,n/a
sportRules,n/a
leagueId,watMu
levelId,n/a
seasonName,n/a
seasonId,n/a
Roster Size,15
Season Games Played,6
Playoff Round Lengths,1,1,1
END_INFO

SEASON:
Date/Time,Location,Opposing Team,Score,S.O.C.
Wed May 21 @ 4:30 pm,Columbia Icefield: Warrior Field,KINvincible,lost 35 - 42,3
Sun Jun 1 @ 4:30 pm,Columbia Icefield: Field 5,Mac1ve Yard5,won 35 - 28,1
Wed Jun 4 @ 4:30 pm,Columbia Icefield: Warrior Field,KINvincible,tie 28 - 28,3
Wed Jun 11 @ 5:30 pm,Columbia Icefield: Warrior Field,Individuals 2,won 49 - 56,3
Sun Jun 22 @ 3:30 pm,Columbia Icefield: Field 5,Hockey,won 42 - 63,3
Sun Jul 6 @ 1:30 pm,Columbia Icefield: Field 5,Mac1ve Yard5,lost 0 - 14,-2
END_SEASON

PLAYOFFS:
Date/Time,Location,Opposing Team,Score,S.O.C.
Fri Jul 18 @ 9:00 pm,Columbia Icefield: Warrior Field,Eli Womanning,won 42 - 49,2
Sun Jul 20 @ 12:30 pm,Columbia Icefield: Field 5,Hockey,won 42 - 49,2
Wed Jul 23 @ 5:30 pm,Columbia Icefield: Field 5,KINvincible,won 28 - 14,2
END_PLAYOFFS

ROSTER:
Player,Captaincy,uwaterloo_email
Yazeed Sinan,(C),yazeed.sinan@hotmail.com
Kyle Aitken,,
Nicholas Anapolsky,,
Nathan Boon-Van Mossel,,
Mathew Davenport,,
Ivan Gritsiniak,,
Joseph Manduca,,
Jose Patino Mantilla,,
Richar Raigoza,,
Mykal Reid,,
Matthew Robert,,
Sadig Sadig,,
David Schulz,,
Khanh Tran,,
Cory Woods,,
END_ROSTER
