INFO:
teamName,Hockey
teamAbbreviation,Hockey
sportId,n/a
sportName,n/a
sportRules,n/a
leagueId,watMu
levelId,n/a
seasonName,n/a
seasonId,n/a
Roster Size,9
Season Games Played,6
Playoff Round Lengths,1,1
END_INFO

SEASON:
Date/Time,Location,Opposing Team,Score,S.O.C.
Sun May 25 @ 4:30 pm,Columbia Icefield: Field 5,Mac1ve Yard5,lost 42 - 35,3
Sun Jun 1 @ 1:30 pm,Columbia Icefield: Field 5,Eli Womanning,won 56 - 42,3
Sun Jun 1 @ 2:30 pm,Columbia Icefield: Field 5,Go Gold,won 21 - 28,3
Sun Jun 15 @ 2:30 pm,Columbia Icefield: Field 5,Go Gold,won 0 - 14,avg.
Sun Jun 15 @ 3:30 pm,Columbia Icefield: Field 5,Eli Womanning,won 56 - 49,3
Sun Jun 22 @ 3:30 pm,Columbia Icefield: Field 5,Versace,lost 42 - 63,3
END_SEASON

PLAYOFFS:
Date/Time,Location,Opposing Team,Score,S.O.C.
Sun Jul 13 @ 2:30 pm,Columbia Icefield: Field 5,Go Flag Yourself,won 42 - 35,2
Sun Jul 20 @ 12:30 pm,Columbia Icefield: Field 5,Versace,lost 42 - 49,2
END_PLAYOFFS

ROSTER:
Player,Captaincy,uwaterloo_email
Kishan Dedakia,(C),kadedaki@uwaterloo.ca
Jackson Bush,,
Derek Chow,,
Geoffrey Corvera,,
Mandeep Gill,,
Daniel Gilpin,,
Trent Jennett,,
Brandon Sung,,
Jason Yee,,
END_ROSTER
