INFO:
teamName,Go Flag Yourself
teamAbbreviation,Go Flag Yourself
sportId,n/a
sportName,n/a
sportRules,n/a
leagueId,watMu
levelId,n/a
seasonName,n/a
seasonId,n/a
Roster Size,16
Season Games Played,6
Playoff Round Lengths,1
END_INFO

SEASON:
Date/Time,Location,Opposing Team,Score,S.O.C.
Wed May 21 @ 5:30 pm,Columbia Icefield: Warrior Field,Individuals 2,lost 14 - 42,3
Sun May 25 @ 5:30 pm,Columbia Icefield: Field 5,Who Dat?,won 42 - 49,3
Wed May 28 @ 5:30 pm,Columbia Icefield: Warrior Field,Individuals 2,lost 42 - 28,3
Sun Jun 8 @ 4:30 pm,Columbia Icefield: Field 5,Go Gold,lost 35 - 28,3
Wed Jun 18 @ 4:30 pm,Columbia Icefield: Warrior Field,KINvincible,lost 42 - 14,3
Sun Jul 6 @ 2:30 pm,Columbia Icefield: Field 5,Mac1ve Yard5,lost 42 - 63,3
END_SEASON

PLAYOFFS:
Date/Time,Location,Opposing Team,Score,S.O.C.
Sun Jul 13 @ 2:30 pm,Columbia Icefield: Field 5,Hockey,lost 42 - 35,2
END_PLAYOFFS

ROSTER:
Player,Captaincy,uwaterloo_email
Alexandre-Khoi Pham,(C),a7pham@uwaterloo.ca
Jesse Gabel,,
Steven Kideckel,,
Fabian Kwan,,
Allen Lin,,
Brandon Love,,
Ke Lu,,
Jonathan Lum,,
Elan Matityahu,,
Jobanjot Sidhu,,
Alexander Smith,,
Paul Song,,
Jason Sparks,,
Kyle Wong,,
Brandon Yeh,,
Jin Yoon,,
END_ROSTER
