INFO:
teamName,Go Gold
teamAbbreviation,Go Gold
sportId,n/a
sportName,n/a
sportRules,n/a
leagueId,watMu
levelId,n/a
seasonName,n/a
seasonId,n/a
Roster Size,17
Season Games Played,6
Playoff Round Lengths,1,1
END_INFO

SEASON:
Date/Time,Location,Opposing Team,Score,S.O.C.
Sun May 25 @ 3:30 pm,Columbia Icefield: Field 5,Eli Womanning,lost 49 - 42,3
Sun Jun 1 @ 2:30 pm,Columbia Icefield: Field 5,Hockey,lost 21 - 28,3
Sun Jun 8 @ 3:30 pm,Columbia Icefield: Field 5,Eli Womanning,lost 56 - 35,3
Sun Jun 8 @ 4:30 pm,Columbia Icefield: Field 5,Go Flag Yourself,won 35 - 28,3
Sun Jun 15 @ 2:30 pm,Columbia Icefield: Field 5,Hockey,lost 0 - 14,-2
Sun Jun 22 @ 1:30 pm,Columbia Icefield: Field 5,KINvincible,lost 23 - 28,3
END_SEASON

PLAYOFFS:
Date/Time,Location,Opposing Team,Score,S.O.C.
Sun Jul 13 @ 3:30 pm,Columbia Icefield: Field 5,Who Dat?,won 21 - 28,1
Wed Jul 16 @ 5:30 pm,Columbia Icefield: Warrior Field,KINvincible,lost 28 - 21,2
END_PLAYOFFS

ROSTER:
Player,Captaincy,uwaterloo_email
Bo Deng,(C),btdeng@uwaterloo.ca
Caleb Amlesom,,
Sekhar Bhattacharya,,
Di Cao,,
Eyram Dornor,,
Liqun He,,
Tianrun Jiang,,
Kartthik Kumarasamy,,
Ray Maducdoc,,
Yu Mei,,
Muhammad Paracha,,
Jaskirt Pooni,,
Sami Rahman,,
Jesse Schmidt,,
Chen Song,,
Rajit Venkatesh,,
Roy Wen,,
END_ROSTER
