Boston Bruins,BOS,nhl
1956-57,1957
26
70
5,5
GP,Date,Time,Location,Opponent,GF,GA,Result,Game Ended In,W,L,T,Streak,Notes
1,1956-10-11,time unavailable,H,Toronto Maple Leafs,4,4,T,REG,0,0,1,T 1
2,1956-10-13,time unavailable,@,Montreal Canadiens,0,3,L,REG,0,1,1,L 1
3,1956-10-14,time unavailable,H,Montreal Canadiens,3,1,W,REG,1,1,1,W 1
4,1956-10-17,time unavailable,@,New York Rangers,0,2,L,REG,1,2,1,L 1
5,1956-10-20,time unavailable,@,Toronto Maple Leafs,2,2,T,REG,1,2,2,T 1
6,1956-10-21,time unavailable,@,Detroit Red Wings,3,3,T,REG,1,2,3,T 2
7,1956-10-27,time unavailable,@,Montreal Canadiens,1,0,W,REG,2,2,3,W 1
8,1956-10-30,time unavailable,@,Chicago Black Hawks,0,4,L,REG,2,3,3,L 1
9,1956-11-01,time unavailable,H,Chicago Black Hawks,5,2,W,REG,3,3,3,W 1
10,1956-11-04,time unavailable,H,New York Rangers,4,1,W,REG,4,3,3,W 2
11,1956-11-07,time unavailable,@,New York Rangers,4,2,W,REG,5,3,3,W 3
12,1956-11-08,time unavailable,H,Detroit Red Wings,3,1,W,REG,6,3,3,W 4
13,1956-11-10,time unavailable,@,Montreal Canadiens,3,1,W,REG,7,3,3,W 5
14,1956-11-11,time unavailable,H,Montreal Canadiens,3,2,W,REG,8,3,3,W 6
15,1956-11-15,time unavailable,@,Chicago Black Hawks,5,3,W,REG,9,3,3,W 7
16,1956-11-17,time unavailable,@,New York Rangers,4,4,T,REG,9,3,4,T 1
17,1956-11-18,time unavailable,H,Toronto Maple Leafs,4,3,W,REG,10,3,4,W 1
18,1956-11-22,time unavailable,H,New York Rangers,3,4,L,REG,10,4,4,L 1
19,1956-11-24,time unavailable,@,Toronto Maple Leafs,3,2,W,REG,11,4,4,W 1
20,1956-11-25,time unavailable,H,Toronto Maple Leafs,3,1,W,REG,12,4,4,W 2
21,1956-11-28,time unavailable,@,New York Rangers,1,2,L,REG,12,5,4,L 1
22,1956-11-29,time unavailable,@,Chicago Black Hawks,2,0,W,REG,13,5,4,W 1
23,1956-12-02,time unavailable,H,Chicago Black Hawks,3,2,W,REG,14,5,4,W 2
24,1956-12-06,time unavailable,@,Detroit Red Wings,2,3,L,REG,14,6,4,L 1
25,1956-12-08,time unavailable,H,Detroit Red Wings,5,3,W,REG,15,6,4,W 1
26,1956-12-09,time unavailable,H,Montreal Canadiens,1,1,T,REG,15,6,5,T 1
27,1956-12-13,time unavailable,H,Chicago Black Hawks,3,2,W,REG,16,6,5,W 1
28,1956-12-15,time unavailable,@,Montreal Canadiens,4,6,L,REG,16,7,5,L 1
29,1956-12-16,time unavailable,H,Toronto Maple Leafs,4,2,W,REG,17,7,5,W 1
30,1956-12-20,time unavailable,H,Detroit Red Wings,1,1,T,REG,17,7,6,T 1
31,1956-12-22,time unavailable,@,Toronto Maple Leafs,3,2,W,REG,18,7,6,W 1
32,1956-12-23,time unavailable,@,Chicago Black Hawks,1,4,L,REG,18,8,6,L 1
33,1956-12-25,time unavailable,H,Chicago Black Hawks,2,4,L,REG,18,9,6,L 2
34,1956-12-27,time unavailable,H,Detroit Red Wings,3,5,L,REG,18,10,6,L 3
35,1956-12-30,time unavailable,@,Detroit Red Wings,4,2,W,REG,19,10,6,W 1
36,1957-01-01,time unavailable,H,New York Rangers,5,3,W,REG,20,10,6,W 2
37,1957-01-05,time unavailable,@,Toronto Maple Leafs,2,3,L,REG,20,11,6,L 1
38,1957-01-06,time unavailable,@,Chicago Black Hawks,4,4,T,REG,20,11,7,T 1
39,1957-01-10,time unavailable,@,Detroit Red Wings,2,1,W,REG,21,11,7,W 1
40,1957-01-12,time unavailable,@,Montreal Canadiens,1,4,L,REG,21,12,7,L 1
41,1957-01-13,time unavailable,H,Montreal Canadiens,1,3,L,REG,21,13,7,L 2
42,1957-01-17,time unavailable,H,Detroit Red Wings,2,2,T,REG,21,13,8,T 1
43,1957-01-19,time unavailable,@,Toronto Maple Leafs,1,4,L,REG,21,14,8,L 1
44,1957-01-20,time unavailable,H,Toronto Maple Leafs,2,3,L,REG,21,15,8,L 2
45,1957-01-26,time unavailable,H,New York Rangers,3,5,L,REG,21,16,8,L 3
46,1957-01-27,time unavailable,H,Montreal Canadiens,5,2,W,REG,22,16,8,W 1
47,1957-01-31,time unavailable,H,Chicago Black Hawks,2,0,W,REG,23,16,8,W 2
48,1957-02-02,time unavailable,@,Montreal Canadiens,2,1,W,REG,24,16,8,W 3
49,1957-02-03,time unavailable,H,New York Rangers,4,1,W,REG,25,16,8,W 4
50,1957-02-06,time unavailable,@,New York Rangers,2,3,L,REG,25,17,8,L 1
51,1957-02-07,time unavailable,@,Detroit Red Wings,1,0,W,REG,26,17,8,W 1
52,1957-02-09,time unavailable,H,Montreal Canadiens,2,2,T,REG,26,17,9,T 1
53,1957-02-10,time unavailable,H,Toronto Maple Leafs,5,1,W,REG,27,17,9,W 1
54,1957-02-13,time unavailable,@,Toronto Maple Leafs,2,2,T,REG,27,17,10,T 1
55,1957-02-16,time unavailable,@,Chicago Black Hawks,5,6,L,REG,27,18,10,L 1
56,1957-02-17,time unavailable,@,Detroit Red Wings,2,6,L,REG,27,19,10,L 2
57,1957-02-20,time unavailable,@,New York Rangers,2,5,L,REG,27,20,10,L 3
58,1957-02-23,time unavailable,@,Toronto Maple Leafs,5,2,W,REG,28,20,10,W 1
59,1957-02-24,time unavailable,@,Chicago Black Hawks,3,4,L,REG,28,21,10,L 1
60,1957-02-28,time unavailable,H,Chicago Black Hawks,4,0,W,REG,29,21,10,W 1
61,1957-03-02,time unavailable,H,New York Rangers,2,3,L,REG,29,22,10,L 1
62,1957-03-03,time unavailable,H,Montreal Canadiens,5,2,W,REG,30,22,10,W 1
63,1957-03-07,time unavailable,H,Detroit Red Wings,2,4,L,REG,30,23,10,L 1
64,1957-03-09,time unavailable,H,Detroit Red Wings,4,2,W,REG,31,23,10,W 1
65,1957-03-10,time unavailable,H,Toronto Maple Leafs,3,3,T,REG,31,23,11,T 1
66,1957-03-13,time unavailable,@,New York Rangers,2,1,W,REG,32,23,11,W 1
67,1957-03-16,time unavailable,@,Montreal Canadiens,2,2,T,REG,32,23,12,T 1
68,1957-03-17,time unavailable,H,Chicago Black Hawks,6,2,W,REG,33,23,12,W 1
69,1957-03-21,time unavailable,@,Detroit Red Wings,2,0,W,REG,34,23,12,W 2
70,1957-03-23,time unavailable,H,New York Rangers,2,4,L,REG,34,24,12,L 1

GP,Date,Time,Location,Opponent,GF,GA,Result,Game Ended In,W,L,T,Streak,Notes
1,1957-03-26,time unavailable,@,Detroit Red Wings,3,1,W,REG,1,0,0,W 1
2,1957-03-28,time unavailable,@,Detroit Red Wings,2,7,L,REG,1,1,0,L 1
3,1957-03-31,time unavailable,H,Detroit Red Wings,4,3,W,REG,2,1,0,W 1
4,1957-04-02,time unavailable,H,Detroit Red Wings,2,0,W,REG,3,1,0,W 2
5,1957-04-04,time unavailable,@,Detroit Red Wings,4,3,W,REG,4,1,0,W 3
6,1957-04-06,time unavailable,@,Montreal Canadiens,1,5,L,REG,4,2,0,L 1
7,1957-04-09,time unavailable,@,Montreal Canadiens,0,1,L,REG,4,3,0,L 2
8,1957-04-11,time unavailable,H,Montreal Canadiens,2,4,L,REG,4,4,0,L 3
9,1957-04-14,time unavailable,H,Montreal Canadiens,2,0,W,REG,5,4,0,W 1
10,1957-04-16,time unavailable,@,Montreal Canadiens,1,5,L,REG,5,5,0,L 1

Bob Armstrong,,4,D,25,6-1,190,R/-,5,"April 7, 1931",ca,"1 G, 15 A, 16 P"
Bob Beckett,,24,C,20,6-0,185,L/-,R,"April 8, 1936",ca,"0 G, 3 A, 3 P"
Jack Bionda,,11,D,23,6-0,180,L/-,1,"September 18, 1933",ca,"2 G, 3 A, 5 P"
Leo Boivin,,20,D,24,5-8,183,L/-,5,"August 2, 1932",ca,"2 G, 8 A, 10 P"
Jack Caffery,,18,C,22,6-0,165,R/-,1,"June 30, 1934",ca,"2 G, 2 A, 4 P"
Dick Cherry,,22,D,19,6-0,195,L/-,R,"March 28, 1937",ca,"0 G, 0 A, 0 P"
Real Chevrefils,,12,LW,24,5-10,180,L/-,5,"May 2, 1932",ca,"31 G, 17 A, 48 P"
Norm Defelice,,1,G,24,5-10,150,-/L,R,"January 19, 1933",ca,"3-5-2, 3.00 GAA"
Fern Flaman,(C),14,D,30,5-10,190,R/-,12,"January 25, 1927",ca,"6 G, 25 A, 31 P"
Cal Gardner,,9,C,32,6-1,172,L/-,11,"October 30, 1924",ca,"12 G, 20 A, 32 P"
Floyd Hillman,,25,D,23,5-11,170,L/-,R,"November 19, 1933",ca,"0 G, 0 A, 0 P"
Leo Labine,,16,RW,25,5-10,170,R/-,5,"July 22, 1931",ca,"18 G, 29 A, 47 P"
Fleming MacKell,,8,C,27,5-7,156,L/-,9,"April 30, 1929",ca,"22 G, 17 A, 39 P"
Don McKenney,,17,C,22,6-0,160,L/-,2,"April 30, 1934",ca,"21 G, 39 A, 60 P"
Doug Mohns,,19,LW,23,6-0,185,L/-,3,"December 13, 1933",ca,"6 G, 34 A, 40 P"
Al Nicholson,,25,LW,20,6-1,180,L/-,1,"April 26, 1936",ca,"0 G, 1 A, 1 P"
Ed Panagabko,,22,LW,22,5-8,170,L/-,1,"May 17, 1934",ca,"0 G, 0 A, 0 P"
Johnny Peirson,,23,RW,31,5-11,170,R/-,9,"July 21, 1925",ca,"13 G, 26 A, 39 P"
George Ranieri,,24,LW,21,5-8,190,L/-,R,"January 14, 1936",ca,"0 G, 0 A, 0 P"
Larry Regan,,15,RW,26,5-9,162,R/-,R,"August 9, 1930",ca,"14 G, 19 A, 33 P"
Terry Sawchuk,,1,G,27,5-11,195,-/L,7,"December 28, 1929",ca,"18-10-6, 2.38 GAA"
Don Simmons,,1,G,25,5-10,150,-/R,R,"September 13, 1931",ca,"13-9-4, 2.42 GAA"
Floyd Smith,,22,RW,21,5-10,180,R/-,1,"May 16, 1935",ca,"0 G, 0 A, 0 P"
Allan Stanley,,10,D,30,6-1,170,L/-,8,"March 1, 1926",ca,"6 G, 25 A, 31 P"
Vic Stasiuk,,7,LW,27,6-0,185,L/-,7,"May 23, 1929",ca,"24 G, 16 A, 40 P"
Jerry Toppazzini,,21,RW,25,6-0,180,R/-,4,"July 29, 1931",ca,"15 G, 23 A, 38 P"
