Chicago Black Hawks,CBH,nhl
1955-56,1956
25
70
0
GP,Date,Time,Location,Opponent,GF,GA,Result,Game Ended In,W,L,T,Streak,Notes
1,1955-10-06,time unavailable,@,Detroit Red Wings,3,2,W,REG,1,0,0,W 1
2,1955-10-07,time unavailable,H,New York Rangers,4,7,L,REG,1,1,0,L 1
3,1955-10-09,time unavailable,H,Toronto Maple Leafs,3,1,W,REG,2,1,0,W 1
4,1955-10-15,time unavailable,H,Detroit Red Wings,1,4,L,REG,2,2,0,L 1
5,1955-10-16,time unavailable,H,Montreal Canadiens,2,2,T,REG,2,2,1,T 1
6,1955-10-20,time unavailable,@,Detroit Red Wings,2,2,T,REG,2,2,2,T 2
7,1955-10-22,time unavailable,@,Montreal Canadiens,0,6,L,REG,2,3,2,L 1
8,1955-10-23,time unavailable,@,New York Rangers,4,5,L,REG,2,4,2,L 2
9,1955-10-25,time unavailable,H,Boston Bruins,2,0,W,REG,3,4,2,W 1,"at St. Louis, MO"
10,1955-10-27,time unavailable,@,Montreal Canadiens,4,1,W,REG,4,4,2,W 2
11,1955-10-29,time unavailable,@,Toronto Maple Leafs,0,2,L,REG,4,5,2,L 1
12,1955-11-03,time unavailable,@,Boston Bruins,3,3,T,REG,4,5,3,T 1
13,1955-11-05,time unavailable,H,Detroit Red Wings,3,3,T,REG,4,5,4,T 2
14,1955-11-06,time unavailable,H,New York Rangers,2,4,L,REG,4,6,4,L 1
15,1955-11-10,time unavailable,@,Detroit Red Wings,2,2,T,REG,4,6,5,T 1
16,1955-11-11,time unavailable,H,Toronto Maple Leafs,2,0,W,REG,5,6,5,W 1
17,1955-11-13,time unavailable,H,Montreal Canadiens,0,2,L,REG,5,7,5,L 1
18,1955-11-18,time unavailable,H,Boston Bruins,6,1,W,REG,6,7,5,W 1
19,1955-11-19,time unavailable,@,Detroit Red Wings,1,4,L,REG,6,8,5,L 1
20,1955-11-20,time unavailable,H,Detroit Red Wings,1,1,T,REG,6,8,6,T 1
21,1955-11-24,time unavailable,H,Toronto Maple Leafs,3,2,W,REG,7,8,6,W 1
22,1955-11-26,time unavailable,@,Toronto Maple Leafs,4,7,L,REG,7,9,6,L 1
23,1955-11-27,time unavailable,@,Boston Bruins,6,0,W,REG,8,9,6,W 1
24,1955-11-30,time unavailable,@,New York Rangers,1,6,L,REG,8,10,6,L 1
25,1955-12-02,time unavailable,H,New York Rangers,1,2,L,REG,8,11,6,L 2
26,1955-12-04,time unavailable,H,Montreal Canadiens,1,5,L,REG,8,12,6,L 3
27,1955-12-09,time unavailable,H,Boston Bruins,1,1,T,REG,8,12,7,T 1,"at St. Louis, MO"
28,1955-12-11,time unavailable,H,Toronto Maple Leafs,3,3,T,REG,8,12,8,T 2
29,1955-12-14,time unavailable,@,New York Rangers,4,1,W,REG,9,12,8,W 1
30,1955-12-15,time unavailable,@,Boston Bruins,1,4,L,REG,9,13,8,L 1
31,1955-12-17,time unavailable,@,Montreal Canadiens,0,5,L,REG,9,14,8,L 2
32,1955-12-18,time unavailable,H,Boston Bruins,7,1,W,REG,10,14,8,W 1
33,1955-12-20,time unavailable,H,Montreal Canadiens,1,7,L,REG,10,15,8,L 1,"at St. Louis, MO"
34,1955-12-24,time unavailable,@,Toronto Maple Leafs,2,5,L,REG,10,16,8,L 2
35,1955-12-25,time unavailable,@,Boston Bruins,4,2,W,REG,11,16,8,W 1
36,1955-12-29,time unavailable,@,New York Rangers,4,2,W,REG,12,16,8,W 2
37,1955-12-31,time unavailable,@,Montreal Canadiens,3,7,L,REG,12,17,8,L 1
38,1956-01-01,time unavailable,@,Detroit Red Wings,1,5,L,REG,12,18,8,L 2
39,1956-01-04,time unavailable,@,Toronto Maple Leafs,2,4,L,REG,12,19,8,L 3
40,1956-01-07,time unavailable,@,Montreal Canadiens,1,3,L,REG,12,20,8,L 4
41,1956-01-08,time unavailable,@,New York Rangers,5,3,W,REG,13,20,8,W 1
42,1956-01-12,time unavailable,@,Boston Bruins,5,0,W,REG,14,20,8,W 2
43,1956-01-14,time unavailable,H,Detroit Red Wings,1,3,L,REG,14,21,8,L 1,"at St. Louis, MO"
44,1956-01-15,time unavailable,H,New York Rangers,0,2,L,REG,14,22,8,L 2
45,1956-01-17,time unavailable,H,New York Rangers,2,2,T,REG,14,22,9,T 1,"at Omaha, NE"
46,1956-01-20,time unavailable,H,Boston Bruins,0,3,L,REG,14,23,9,L 1
47,1956-01-22,time unavailable,H,Montreal Canadiens,2,6,L,REG,14,24,9,L 2
48,1956-01-25,time unavailable,@,Toronto Maple Leafs,1,3,L,REG,14,25,9,L 3
49,1956-01-27,time unavailable,H,Detroit Red Wings,0,7,L,REG,14,26,9,L 4
50,1956-01-29,time unavailable,H,New York Rangers,2,6,L,REG,14,27,9,L 5
51,1956-02-02,time unavailable,@,Boston Bruins,2,2,T,REG,14,27,10,T 1
52,1956-02-04,time unavailable,@,Toronto Maple Leafs,4,2,W,REG,15,27,10,W 1
53,1956-02-05,time unavailable,H,Toronto Maple Leafs,3,2,W,REG,16,27,10,W 2
54,1956-02-07,time unavailable,@,Detroit Red Wings,2,3,L,REG,16,28,10,L 1
55,1956-02-10,time unavailable,H,Montreal Canadiens,1,3,L,REG,16,29,10,L 2
56,1956-02-12,time unavailable,H,Toronto Maple Leafs,1,1,T,REG,16,29,11,T 1
57,1956-02-15,time unavailable,@,New York Rangers,1,6,L,REG,16,30,11,L 1
58,1956-02-17,time unavailable,H,Boston Bruins,2,4,L,REG,16,31,11,L 2
59,1956-02-19,time unavailable,H,Detroit Red Wings,5,3,W,REG,17,31,11,W 1
60,1956-02-24,time unavailable,H,Toronto Maple Leafs,1,2,L,REG,17,32,11,L 1
61,1956-02-26,time unavailable,H,Boston Bruins,4,1,W,REG,18,32,11,W 1
62,1956-03-02,time unavailable,H,Montreal Canadiens,1,3,L,REG,18,33,11,L 1
63,1956-03-03,time unavailable,@,Montreal Canadiens,1,3,L,REG,18,34,11,L 2
64,1956-03-04,time unavailable,@,New York Rangers,2,3,L,REG,18,35,11,L 3
65,1956-03-08,time unavailable,H,New York Rangers,4,6,L,REG,18,36,11,L 4,"at St. Louis, MO"
66,1956-03-10,time unavailable,@,Detroit Red Wings,0,2,L,REG,18,37,11,L 5
67,1956-03-11,time unavailable,H,Detroit Red Wings,2,3,L,REG,18,38,11,L 6
68,1956-03-15,time unavailable,@,Montreal Canadiens,2,5,L,REG,18,39,11,L 7
69,1956-03-17,time unavailable,@,Toronto Maple Leafs,1,1,T,REG,18,39,12,T 1
70,1956-03-18,time unavailable,@,Boston Bruins,3,2,W,REG,19,39,12,W 1

Time,Location,Result,Game Ended In

Hank Bassen,,1,G,23,5-10,180,-/L,1,"December 6, 1932",ca,"2-9-1, 3.33 GAA"
Hank Ciesla,,20,C,21,6-2,190,L/-,R,"October 15, 1934",ca,"8 G, 23 A, 31 P"
Norm Corcoran,,18,RW,24,5-10,160,R/-,3,"August 15, 1931",ca,"1 G, 3 A, 4 P"
Al Dewsbury,,22,D,29,6-2,202,L/-,7,"April 12, 1926",ca,"3 G, 12 A, 15 P"
Lee Fogolin,,3,D,29,5-11,195,L/-,7,"February 27, 1926",ca,"0 G, 8 A, 8 P"
Hec Lalande,,17,C,21,5-9,150,L/-,1,"November 24, 1934",ca,"8 G, 18 A, 26 P"
Tony Leswick,,8,RW,32,5-7,160,R/-,10,"March 17, 1923",ca,"11 G, 11 A, 22 P"
Ed Litzenberger,,12,RW,23,6-1,174,R/-,3,"July 15, 1932",ca,"10 G, 29 A, 39 P"
Frank Martin,,19,D,22,6-2,190,L/-,3,"May 1, 1933",ca,"3 G, 11 A, 14 P"
Jack McIntyre,,11,RW,25,5-11,170,L/-,5,"September 8, 1930",ca,"10 G, 5 A, 15 P"
Nick Mickoski,,9,LW,28,6-1,183,L/-,7,"December 7, 1927",ca,"19 G, 20 A, 39 P"
Gus Mortson,(C),2,D,31,5-11,190,L/-,9,"January 24, 1925",ca,"5 G, 10 A, 15 P"
Pierre Pilote,,22,D,24,5-10,178,L/-,R,"December 11, 1931",ca,"3 G, 5 A, 8 P"
Metro Prystai,,4,C,28,5-8,155,L/-,8,"November 7, 1927",ca,"1 G, 3 A, 4 P"
Al Rollins,,1,G,29,6-2,175,-/L,6,"October 9, 1926",ca,"17-30-11, 2.95 GAA"
Ed Sandford,,10,LW,27,6-1,180,R/-,8,"August 20, 1928",ca,"12 G, 9 A, 21 P"
Glen Skov,,14,C,25,6-2,180,L/-,6,"January 26, 1931",ca,"7 G, 20 A, 27 P"
Allan Stanley,,4,D,29,6-1,170,L/-,7,"March 1, 1926",ca,"4 G, 14 A, 18 P"
Frank Sullivan,,n/a,D,26,5-11,178,R/-,3,"June 16, 1929",ca,"0 G, 0 A, 0 P"
Red Sullivan,,7,C,26,5-11,155,L/-,4,"December 24, 1929",ca,"14 G, 26 A, 40 P"
Harry Watson,,5,LW,32,6-1,207,L/-,12,"May 6, 1923",ca,"11 G, 14 A, 25 P"
Kenny Wharram,,11,C,22,5-9,160,R/-,2,"July 2, 1933",ca,"0 G, 0 A, 0 P"
Johnny Wilson,,16,LW,26,5-11,168,L/-,5,"June 14, 1929",ca,"24 G, 9 A, 33 P"
Larry Wilson,,7,C,25,5-11,160,L/-,5,"October 23, 1930",ca,"0 G, 0 A, 0 P"
Benny Woit,,6,D,28,5-11,195,R/-,5,"January 7, 1928",ca,"1 G, 8 A, 9 P"
