New York Rangers,NYR,nhl
1955-56,1956
21
70
5
GP,Date,Time,Location,Opponent,GF,GA,Result,Game Ended In,W,L,T,Streak,Notes
1,1955-10-07,time unavailable,@,Chicago Black Hawks,7,4,W,REG,1,0,0,W 1
2,1955-10-09,time unavailable,@,Detroit Red Wings,3,2,W,REG,2,0,0,W 2
3,1955-10-15,time unavailable,@,Montreal Canadiens,1,4,L,REG,2,1,0,L 1
4,1955-10-16,time unavailable,@,Boston Bruins,1,4,L,REG,2,2,0,L 2
5,1955-10-19,time unavailable,H,Toronto Maple Leafs,6,2,W,REG,3,2,0,W 1
6,1955-10-22,time unavailable,@,Toronto Maple Leafs,2,3,L,REG,3,3,0,L 1
7,1955-10-23,time unavailable,H,Chicago Black Hawks,5,4,W,REG,4,3,0,W 1
8,1955-10-26,time unavailable,H,Detroit Red Wings,6,2,W,REG,5,3,0,W 2
9,1955-10-29,time unavailable,H,Boston Bruins,0,1,L,REG,5,4,0,L 1
10,1955-11-03,time unavailable,@,Detroit Red Wings,1,1,T,REG,5,4,1,T 1
11,1955-11-05,time unavailable,@,Toronto Maple Leafs,3,0,W,REG,6,4,1,W 1
12,1955-11-06,time unavailable,@,Chicago Black Hawks,4,2,W,REG,7,4,1,W 2
13,1955-11-09,time unavailable,H,Montreal Canadiens,1,1,T,REG,7,4,2,T 1
14,1955-11-10,time unavailable,@,Boston Bruins,1,5,L,REG,7,5,2,L 1
15,1955-11-13,time unavailable,H,Toronto Maple Leafs,4,1,W,REG,8,5,2,W 1
16,1955-11-16,time unavailable,H,Detroit Red Wings,3,3,T,REG,8,5,3,T 1
17,1955-11-19,time unavailable,@,Montreal Canadiens,1,6,L,REG,8,6,3,L 1
18,1955-11-20,time unavailable,H,Montreal Canadiens,1,1,T,REG,8,6,4,T 1
19,1955-11-23,time unavailable,H,Boston Bruins,4,0,W,REG,9,6,4,W 1
20,1955-11-24,time unavailable,@,Boston Bruins,5,0,W,REG,10,6,4,W 2
21,1955-11-27,time unavailable,H,Montreal Canadiens,3,3,T,REG,10,6,5,T 1
22,1955-11-30,time unavailable,H,Chicago Black Hawks,6,1,W,REG,11,6,5,W 1
23,1955-12-02,time unavailable,@,Chicago Black Hawks,2,1,W,REG,12,6,5,W 2
24,1955-12-04,time unavailable,H,Detroit Red Wings,7,3,W,REG,13,6,5,W 3
25,1955-12-07,time unavailable,H,Toronto Maple Leafs,3,1,W,REG,14,6,5,W 4
26,1955-12-10,time unavailable,@,Toronto Maple Leafs,1,6,L,REG,14,7,5,L 1
27,1955-12-11,time unavailable,@,Detroit Red Wings,0,2,L,REG,14,8,5,L 2
28,1955-12-14,time unavailable,H,Chicago Black Hawks,1,4,L,REG,14,9,5,L 3
29,1955-12-15,time unavailable,@,Montreal Canadiens,0,2,L,REG,14,10,5,L 4
30,1955-12-18,time unavailable,H,Toronto Maple Leafs,4,1,W,REG,15,10,5,W 1
31,1955-12-21,time unavailable,H,Boston Bruins,3,3,T,REG,15,10,6,T 1
32,1955-12-25,time unavailable,H,Montreal Canadiens,5,1,W,REG,16,10,6,W 1
33,1955-12-29,time unavailable,H,Chicago Black Hawks,2,4,L,REG,16,11,6,L 1
34,1955-12-31,time unavailable,H,Boston Bruins,6,2,W,REG,17,11,6,W 1
35,1956-01-01,time unavailable,@,Boston Bruins,4,2,W,REG,18,11,6,W 2
36,1956-01-04,time unavailable,H,Detroit Red Wings,5,4,W,REG,19,11,6,W 3
37,1956-01-08,time unavailable,H,Chicago Black Hawks,3,5,L,REG,19,12,6,L 1
38,1956-01-11,time unavailable,H,Montreal Canadiens,6,1,W,REG,20,12,6,W 1
39,1956-01-12,time unavailable,@,Detroit Red Wings,0,6,L,REG,20,13,6,L 1
40,1956-01-14,time unavailable,@,Toronto Maple Leafs,6,5,W,REG,21,13,6,W 1
41,1956-01-15,time unavailable,@,Chicago Black Hawks,2,0,W,REG,22,13,6,W 2
42,1956-01-17,time unavailable,@,Chicago Black Hawks,2,2,T,REG,22,13,7,T 1,"at Omaha, NE"
43,1956-01-21,time unavailable,@,Montreal Canadiens,1,3,L,REG,22,14,7,L 1
44,1956-01-22,time unavailable,@,Boston Bruins,1,3,L,REG,22,15,7,L 2
45,1956-01-26,time unavailable,@,Detroit Red Wings,2,3,L,REG,22,16,7,L 3
46,1956-01-28,time unavailable,@,Toronto Maple Leafs,3,1,W,REG,23,16,7,W 1
47,1956-01-29,time unavailable,@,Chicago Black Hawks,6,2,W,REG,24,16,7,W 2
48,1956-02-01,time unavailable,H,Toronto Maple Leafs,5,2,W,REG,25,16,7,W 3
49,1956-02-04,time unavailable,@,Boston Bruins,1,7,L,REG,25,17,7,L 1
50,1956-02-05,time unavailable,H,Montreal Canadiens,3,3,T,REG,25,17,8,T 1
51,1956-02-08,time unavailable,H,Boston Bruins,3,3,T,REG,25,17,9,T 2
52,1956-02-11,time unavailable,@,Toronto Maple Leafs,0,5,L,REG,25,18,9,L 1
53,1956-02-12,time unavailable,H,Detroit Red Wings,2,1,W,REG,26,18,9,W 1
54,1956-02-14,time unavailable,@,Detroit Red Wings,3,5,L,REG,26,19,9,L 1
55,1956-02-15,time unavailable,H,Chicago Black Hawks,6,1,W,REG,27,19,9,W 1
56,1956-02-18,time unavailable,@,Montreal Canadiens,4,9,L,REG,27,20,9,L 1
57,1956-02-19,time unavailable,H,Boston Bruins,0,3,L,REG,27,21,9,L 2
58,1956-02-22,time unavailable,H,Toronto Maple Leafs,2,4,L,REG,27,22,9,L 3
59,1956-02-23,time unavailable,@,Montreal Canadiens,2,5,L,REG,27,23,9,L 4
60,1956-02-26,time unavailable,H,Detroit Red Wings,3,2,W,REG,28,23,9,W 1
61,1956-02-28,time unavailable,@,Detroit Red Wings,1,4,L,REG,28,24,9,L 1
62,1956-02-29,time unavailable,H,Boston Bruins,4,2,W,REG,29,24,9,W 1
63,1956-03-03,time unavailable,@,Boston Bruins,2,5,L,REG,29,25,9,L 1
64,1956-03-04,time unavailable,H,Chicago Black Hawks,3,2,W,REG,30,25,9,W 1
65,1956-03-08,time unavailable,@,Chicago Black Hawks,6,4,W,REG,31,25,9,W 2,"at St. Louis, MO"
66,1956-03-10,time unavailable,@,Toronto Maple Leafs,2,5,L,REG,31,26,9,L 1
67,1956-03-11,time unavailable,H,Toronto Maple Leafs,4,2,W,REG,32,26,9,W 1
68,1956-03-15,time unavailable,H,Detroit Red Wings,2,2,T,REG,32,26,10,T 1
69,1956-03-17,time unavailable,@,Montreal Canadiens,2,7,L,REG,32,27,10,L 1
70,1956-03-18,time unavailable,H,Montreal Canadiens,1,3,L,REG,32,28,10,L 2

GP,Date,Time,Location,Opponent,GF,GA,Result,Game Ended In,W,L,T,Streak,Notes
1,1956-03-20,time unavailable,@,Montreal Canadiens,1,7,L,REG,0,1,0,L 1
2,1956-03-22,time unavailable,@,Montreal Canadiens,4,2,W,REG,1,1,0,W 1
3,1956-03-24,time unavailable,H,Montreal Canadiens,1,3,L,REG,1,2,0,L 1
4,1956-03-25,time unavailable,H,Montreal Canadiens,3,5,L,REG,1,3,0,L 2
5,1956-03-27,time unavailable,@,Montreal Canadiens,0,7,L,REG,1,4,0,L 3

Jim Bartlett,,14,LW,23,5-9,165,L/-,1,"May 27, 1932",ca,"0 G, 1 A, 1 P"
Andy Bathgate,,9,RW,23,6-0,180,R/-,3,"August 28, 1932",ca,"19 G, 47 A, 66 P"
Pete Conacher,,6,LW,23,5-10,165,L/-,4,"July 29, 1932",ca,"11 G, 11 A, 22 P"
Dave Creighton,,16,C,25,6-1,195,L/-,7,"June 24, 1930",ca,"20 G, 31 A, 51 P"
Jack Evans,,5,D,27,6-0,185,L/-,6,"April 21, 1928",gb,"2 G, 9 A, 11 P"
Lou Fontinato,,8,D,24,6-1,195,L/-,1,"January 20, 1932",ca,"3 G, 15 A, 18 P"
Bill Gadsby,,4,D,28,6-0,180,L/-,9,"August 8, 1927",ca,"9 G, 42 A, 51 P"
Jean-Guy Gendron,,10,LW,21,5-9,165,L/-,R,"August 30, 1934",ca,"5 G, 7 A, 12 P"
Aldo Guidolin,,20,D,23,6-0,180,R/-,3,"June 6, 1932",ca,"1 G, 0 A, 1 P"
Andy Hebenton,,12,RW,26,5-9,180,L/-,R,"October 3, 1929",ca,"24 G, 14 A, 38 P"
Wally Hergesheimer,,18,RW,29,5-8,155,R/-,4,"January 8, 1927",ca,"22 G, 18 A, 40 P"
Bronco Horvath,,11,C,25,5-11,185,L/-,R,"March 12, 1930",ca,"12 G, 17 A, 29 P"
Harry Howell,(C),3,D,23,6-1,195,L/-,3,"December 28, 1932",ca,"3 G, 15 A, 18 P"
Ron Howell,,21,LW,20,6-0,185,L/-,1,"December 4, 1935",ca,"0 G, 0 A, 0 P"
Ivan Irwin,,2,D,28,6-2,185,L/-,3,"March 13, 1927",us,"0 G, 1 A, 1 P"
Danny Lewicki,,22,LW,24,5-8,147,L/-,5,"March 12, 1931",ca,"18 G, 27 A, 45 P"
Ron Murphy,,15,LW,22,5-11,185,L/-,3,"April 10, 1933",ca,"16 G, 28 A, 44 P"
Larry Popein,,19,C,25,5-10,165,L/-,1,"August 11, 1930",ca,"14 G, 25 A, 39 P"
Dean Prentice,,17,LW,23,5-11,180,L/-,3,"October 5, 1932",ca,"24 G, 18 A, 42 P"
Don Raleigh,,7,C,29,5-11,150,L/-,9,"June 27, 1926",ca,"1 G, 12 A, 13 P"
Gump Worsley,,1,G,26,5-7,180,-/L,2,"May 14, 1929",ca,"32-28-10, 2.83 GAA"
