Detroit Cougars,DTC,nhl
1926-27,1927
19
44
0
GP,Date,Time,Location,Opponent,GF,GA,Result,Game Ended In,W,L,T,Streak
1,1926-11-18,time unavailable,H,Boston Bruins,0,2,L,REG,0,1,0,L 1
2,1926-11-20,time unavailable,@,Pittsburgh Pirates,1,4,L,REG,0,2,0,L 2
3,1926-11-24,time unavailable,@,Chicago Black Hawks,1,0,W,REG,1,2,0,W 1
4,1926-11-27,time unavailable,H,New York Americans,4,2,W,REG,2,2,0,W 2
5,1926-11-30,time unavailable,@,Montreal Maroons,4,0,W,REG,3,2,0,W 3
6,1926-12-04,time unavailable,H,New York Rangers,1,0,W,REG,4,2,0,W 4
7,1926-12-09,time unavailable,H,Ottawa Senators,1,3,L,REG,4,3,0,L 1
8,1926-12-11,time unavailable,H,New York Americans,2,4,L,REG,4,4,0,L 2
9,1926-12-14,time unavailable,@,Boston Bruins,2,7,L,REG,4,5,0,L 3
10,1926-12-16,time unavailable,@,Ottawa Senators,5,0,W,REG,5,5,0,W 1
11,1926-12-19,time unavailable,@,New York Rangers,1,1,T,OT,5,5,1,T 1
12,1926-12-23,time unavailable,H,Montreal Canadiens,2,3,L,REG,5,6,1,L 1
13,1926-12-25,time unavailable,@,Chicago Black Hawks,0,2,L,REG,5,7,1,L 2
14,1926-12-30,time unavailable,H,Montreal Maroons,0,2,L,REG,5,8,1,L 3
15,1927-01-01,time unavailable,H,Pittsburgh Pirates,2,3,L,REG,5,9,1,L 4
16,1927-01-04,time unavailable,H,Toronto Maple Leafs,1,2,L,REG,5,10,1,L 5
17,1927-01-06,time unavailable,@,Pittsburgh Pirates,3,1,W,REG,6,10,1,W 1
18,1927-01-09,time unavailable,@,New York Rangers,1,4,L,REG,6,11,1,L 1
19,1927-01-11,time unavailable,@,New York Americans,1,0,W,OT,7,11,1,W 1
20,1927-01-13,time unavailable,H,Boston Bruins,3,2,W,REG,8,11,1,W 2
21,1927-01-15,time unavailable,@,Toronto Maple Leafs,1,1,T,OT,8,11,2,T 1
22,1927-01-18,time unavailable,@,Montreal Canadiens,3,5,L,REG,8,12,2,L 1
23,1927-01-22,time unavailable,@,Pittsburgh Pirates,0,1,L,OT,8,13,2,L 2
24,1927-01-25,time unavailable,@,Montreal Maroons,1,2,L,OT,8,14,2,L 3
25,1927-01-27,time unavailable,@,Ottawa Senators,1,3,L,REG,8,15,2,L 4
26,1927-01-29,time unavailable,@,New York Rangers,0,2,L,REG,8,16,2,L 5
27,1927-02-01,time unavailable,H,Chicago Black Hawks,4,3,W,OT,9,16,2,W 1
28,1927-02-08,time unavailable,@,Boston Bruins,0,2,L,REG,9,17,2,L 1
29,1927-02-12,time unavailable,H,Montreal Canadiens,1,4,L,REG,9,18,2,L 2
30,1927-02-16,time unavailable,H,Toronto Maple Leafs,5,1,W,REG,10,18,2,W 1
31,1927-02-17,time unavailable,H,Ottawa Senators,1,2,L,REG,10,19,2,L 1
32,1927-02-19,time unavailable,H,Chicago Black Hawks,1,4,L,REG,10,20,2,L 2
33,1927-02-22,time unavailable,@,Boston Bruins,2,3,L,REG,10,21,2,L 3
34,1927-02-24,time unavailable,H,Montreal Maroons,0,2,L,REG,10,22,2,L 4
35,1927-03-01,time unavailable,@,Montreal Canadiens,0,3,L,REG,10,23,2,L 5
36,1927-03-05,time unavailable,@,Toronto Maple Leafs,2,4,L,REG,10,24,2,L 6
37,1927-03-08,time unavailable,H,Chicago Black Hawks,1,4,L,REG,10,25,2,L 7
38,1927-03-10,time unavailable,H,Pittsburgh Pirates,7,1,W,REG,11,25,2,W 1
39,1927-03-13,time unavailable,H,New York Rangers,2,2,T,OT,11,25,3,T 1
40,1927-03-15,time unavailable,@,New York Americans,1,0,W,REG,12,25,3,W 1
41,1927-03-17,time unavailable,H,New York Rangers,0,2,L,REG,12,26,3,L 1
42,1927-03-19,time unavailable,H,Boston Bruins,1,3,L,REG,12,27,3,L 2
43,1927-03-22,time unavailable,@,Chicago Black Hawks,3,3,T,OT,12,27,4,T 1
44,1927-03-26,time unavailable,H,Pittsburgh Pirates,4,6,L,OT,12,28,4,L 1

Time,Location,Result,Game Ended In

Jack Arbour,,n/a,D,27,5-8,172,L/-,R,"March 7, 1899",ca,"4 G, 1 A, 5 P"
Pete Bellefeuille,,n/a,RW,25,5-10,180,R/-,1,"October 19, 1901",ca,"6 G, 0 A, 6 P"
Archie Briden,,n/a,LW,28,5-8,170,L/-,R,"July 16, 1898",ca,"3 G, 0 A, 3 P"
Art Duncan,(C),n/a,D,35,6-1,190,R/-,R,"July 4, 1891",ca,"3 G, 2 A, 5 P"
Frank Foyston,,n/a,C/LW,35,5-9,158,L/-,R,"February 2, 1891",ca,"10 G, 5 A, 15 P"
Frank Fredrickson,,n/a,C,31,5-11,180,L/-,R,"June 11, 1895",ca,"4 G, 6 A, 10 P"
Fred Gordon,,n/a,F,26,5-10,185,R/-,R,"May 6, 1900",ca,"5 G, 5 A, 10 P"
Harold Halderson,,n/a,D,27,6-3,200,R/-,R,"January 6, 1900",ca,"2 G, 0 A, 2 P"
Gizzy Hart,,n/a,LW,24,5-9,171,L/-,R,"June 1, 1902",ca,"0 G, 0 A, 0 P"
Hap Holmes,,n/a,G,38,5-10,170,-/L,2,"February 21, 1888",ca,"11-26-4, 2.23 GAA"
Duke Keats,,n/a,C,31,5-11,195,R/-,R,"March 21, 1895",ca,"12 G, 1 A, 13 P"
Hobie Kitchen,,n/a,D,22,5-11,187,L/-,1,"February 8, 1904",ca,"0 G, 2 A, 2 P"
Clem Loughlin,,n/a,D,32,6-0,180,L/-,R,"November 15, 1894",ca,"7 G, 3 A, 10 P"
Harry Meeking,,n/a,LW,32,5-7,160,L/-,2,"November 4, 1894",ca,"0 G, 0 A, 0 P"
Russell Oatman,,n/a,C,21,5-10,195,L/-,R,"February 19, 1905",ca,"3 G, 0 A, 3 P"
Jim Riley,,n/a,LW,31,5-11,180,L/-,R,"May 25, 1895",ca,"0 G, 2 A, 2 P"
Johnny Sheppard,,n/a,C,23,5-7,165,L/-,R,"July 23, 1903",ca,"13 G, 8 A, 21 P"
Herb Stuart,,n/a,G,27,5-6,175,-/L,R,"March 30, 1899",ca,"1-2-0, 1.67 GAA"
Jack Walker,,n/a,C,38,5-8,153,L/-,R,"November 29, 1888",ca,"3 G, 4 A, 7 P"
