Montreal Maroons,MTM,nhl
1926-27,1927
17
44
2
GP,Date,Time,Location,Opponent,GF,GA,Result,Game Ended In,W,L,T,Streak
1,1926-11-16,time unavailable,@,New York Rangers,0,1,L,REG,0,1,0,L 1
2,1926-11-18,time unavailable,@,New York Americans,2,0,W,REG,1,1,0,W 1
3,1926-11-20,time unavailable,H,Montreal Canadiens,2,1,W,OT,2,1,0,W 2
4,1926-11-23,time unavailable,@,Boston Bruins,2,1,W,REG,3,1,0,W 3
5,1926-11-25,time unavailable,H,New York Americans,1,4,L,REG,3,2,0,L 1
6,1926-11-27,time unavailable,@,Ottawa Senators,0,1,L,OT,3,3,0,L 2
7,1926-11-30,time unavailable,H,Detroit Cougars,0,4,L,REG,3,4,0,L 3
8,1926-12-04,time unavailable,H,Chicago Black Hawks,3,5,L,REG,3,5,0,L 4
9,1926-12-07,time unavailable,@,Montreal Canadiens,2,3,L,OT,3,6,0,L 5
10,1926-12-11,time unavailable,@,Pittsburgh Pirates,2,2,T,OT,3,6,1,T 1
11,1926-12-14,time unavailable,H,Toronto Maple Leafs,3,0,W,REG,4,6,1,W 1
12,1926-12-18,time unavailable,H,Ottawa Senators,0,0,T,OT,4,6,2,T 1
13,1926-12-23,time unavailable,H,Boston Bruins,1,2,L,REG,4,7,2,L 1
14,1926-12-29,time unavailable,@,Chicago Black Hawks,4,5,L,OT,4,8,2,L 2
15,1926-12-30,time unavailable,@,Detroit Cougars,2,0,W,REG,5,8,2,W 1
16,1927-01-01,time unavailable,@,Toronto Maple Leafs,3,0,W,REG,6,8,2,W 2
17,1927-01-06,time unavailable,H,New York Americans,3,4,L,OT,6,9,2,L 1
18,1927-01-08,time unavailable,@,Boston Bruins,3,0,W,REG,7,9,2,W 1
19,1927-01-11,time unavailable,H,New York Rangers,2,3,L,REG,7,10,2,L 1
20,1927-01-15,time unavailable,H,Montreal Canadiens,0,1,L,REG,7,11,2,L 2
21,1927-01-18,time unavailable,@,New York Americans,2,1,W,OT,8,11,2,W 1
22,1927-01-20,time unavailable,H,Pittsburgh Pirates,1,3,L,REG,8,12,2,L 1
23,1927-01-22,time unavailable,@,Ottawa Senators,0,1,L,REG,8,13,2,L 2
24,1927-01-25,time unavailable,H,Detroit Cougars,2,1,W,OT,9,13,2,W 1
25,1927-01-27,time unavailable,@,Toronto Maple Leafs,5,3,W,REG,10,13,2,W 2
26,1927-01-29,time unavailable,H,Ottawa Senators,0,0,T,OT,10,13,3,T 1
27,1927-02-03,time unavailable,H,Chicago Black Hawks,3,0,W,REG,11,13,3,W 1
28,1927-02-05,time unavailable,@,Montreal Canadiens,0,1,L,REG,11,14,3,L 1
29,1927-02-08,time unavailable,H,Toronto Maple Leafs,3,0,W,REG,12,14,3,W 1
30,1927-02-10,time unavailable,@,Pittsburgh Pirates,1,0,W,REG,13,14,3,W 2
31,1927-02-12,time unavailable,H,Boston Bruins,2,3,L,REG,13,15,3,L 1
32,1927-02-15,time unavailable,@,New York Americans,2,1,W,REG,14,15,3,W 1
33,1927-02-17,time unavailable,@,New York Rangers,4,1,W,REG,15,15,3,W 2
34,1927-02-19,time unavailable,@,Toronto Maple Leafs,2,1,W,OT,16,15,3,W 3
35,1927-02-22,time unavailable,H,Pittsburgh Pirates,0,3,L,REG,16,16,3,L 1
36,1927-02-24,time unavailable,@,Detroit Cougars,2,0,W,REG,17,16,3,W 1
37,1927-02-26,time unavailable,@,Chicago Black Hawks,2,1,W,OT,18,16,3,W 2
38,1927-03-05,time unavailable,H,New York Rangers,0,0,T,OT,18,16,4,T 1
39,1927-03-08,time unavailable,H,Montreal Canadiens,0,1,L,REG,18,17,4,L 1
40,1927-03-10,time unavailable,@,Ottawa Senators,1,0,W,REG,19,17,4,W 1
41,1927-03-12,time unavailable,H,Toronto Maple Leafs,0,1,L,REG,19,18,4,L 1
42,1927-03-17,time unavailable,H,New York Americans,2,1,W,REG,20,18,4,W 1
43,1927-03-19,time unavailable,@,Montreal Canadiens,0,5,L,REG,20,19,4,L 1
44,1927-03-26,time unavailable,H,Ottawa Senators,2,3,L,REG,20,20,4,L 2

GP,Date,Time,Location,Opponent,GF,GA,Result,Game Ended In,W,L,T,Streak
1,1927-03-29,time unavailable,H,Montreal Canadiens,1,1,T,REG,0,0,1,T 1
2,1927-03-31,time unavailable,@,Montreal Canadiens,0,1,L,OT,0,1,1,L 1

Clint Benedict,,n/a,G,34,-/L,9,"September 26, 1892","20-19-4, 1.42 GAA",ca
Punch Broadbent,,n/a,LW,34,5-7,183,R/-,8,"July 13, 1892",ca,"9 G, 5 A, 14 P"
Frank Carson,,n/a,RW,25,5-7,165,R/-,1,"January 12, 1902",ca,"2 G, 3 A, 5 P"
Chuck Dinsmore,,n/a,F,23,5-6,155,L/-,2,"July 23, 1903",ca,"1 G, 0 A, 1 P"
Babe Donnelly,,n/a,D,31,5-7,180,L/-,R,"December 22, 1895",ca,"0 G, 1 A, 1 P"
Red Dutton,,n/a,D,29,6-0,185,R/-,R,"July 23, 1897",ca,"4 G, 4 A, 8 P"
Hap Emms,,n/a,LW/D,22,6-0,190,L/-,R,"January 12, 1905",ca,"0 G, 0 A, 0 P"
Albert Holway,,n/a,D,24,6-2,190,L/-,3,"September 24, 1902",ca,"0 G, 0 A, 0 P"
George Horne,,n/a,F,22,5-6,165,R/-,1,"June 27, 1904",ca,"0 G, 0 A, 0 P"
Dunc Munro,,n/a,D,26,5-8,190,L/-,2,"January 19, 1901",gb,"6 G, 5 A, 11 P"
Reg Noble,,n/a,LW/D,30,5-8,180,L/-,9,"June 23, 1896",ca,"3 G, 3 A, 6 P"
Russell Oatman,,n/a,C,21,5-10,195,L/-,R,"February 19, 1905",ca,"8 G, 4 A, 12 P"
Merlyn Phillips,,n/a,RW,27,5-7,160,R/-,1,"May 24, 1899",ca,"15 G, 1 A, 16 P"
Sam Rothschild,,n/a,F,27,5-6,145,L/-,2,"October 16, 1899",ca,"1 G, 1 A, 2 P"
Babe Siebert,,n/a,LW/D,23,5-10,182,L/-,1,"January 14, 1904",ca,"5 G, 3 A, 8 P"
Nels Stewart,,n/a,C,24,6-1,195,L/-,1,"December 29, 1902",ca,"17 G, 4 A, 21 P"
Flat Walsh,,n/a,G,29,5-11,180,-/L,R,"March 23, 1897",ca,"0-1-0, 3.00 GAA"
