New York Americans,NYA,nhl
1926-27,1927
18
44
0
GP,Date,Time,Location,Opponent,GF,GA,Result,Game Ended In,W,L,T,Streak
1,1926-11-16,time unavailable,@,Pittsburgh Pirates,1,0,W,REG,1,0,0,W 1
2,1926-11-18,time unavailable,H,Montreal Maroons,0,2,L,REG,1,1,0,L 1
3,1926-11-20,time unavailable,@,Ottawa Senators,1,2,L,OT,1,2,0,L 2
4,1926-11-23,time unavailable,@,Montreal Canadiens,0,2,L,REG,1,3,0,L 3
5,1926-11-25,time unavailable,@,Montreal Maroons,4,1,W,REG,2,3,0,W 1
6,1926-11-27,time unavailable,@,Detroit Cougars,2,4,L,REG,2,4,0,L 1
7,1926-12-01,time unavailable,H,Chicago Black Hawks,2,2,T,OT,2,4,1,T 1
8,1926-12-04,time unavailable,@,Toronto Maple Leafs,1,0,W,REG,3,4,1,W 1
9,1926-12-11,time unavailable,@,Detroit Cougars,4,2,W,REG,4,4,1,W 2
10,1926-12-14,time unavailable,H,Ottawa Senators,0,2,L,REG,4,5,1,L 1
11,1926-12-18,time unavailable,@,Chicago Black Hawks,2,4,L,REG,4,6,1,L 2
12,1926-12-20,time unavailable,H,Toronto Maple Leafs,2,0,W,REG,5,6,1,W 1
13,1926-12-23,time unavailable,H,Pittsburgh Pirates,2,0,W,REG,6,6,1,W 2
14,1926-12-26,time unavailable,H,New York Rangers,5,2,W,REG,7,6,1,W 3
15,1926-12-28,time unavailable,@,Boston Bruins,1,2,L,REG,7,7,1,L 1
16,1927-01-02,time unavailable,H,Boston Bruins,3,0,W,REG,8,7,1,W 1
17,1927-01-04,time unavailable,H,Montreal Canadiens,6,3,W,REG,9,7,1,W 2
18,1927-01-06,time unavailable,@,Montreal Maroons,4,3,W,OT,10,7,1,W 3
19,1927-01-08,time unavailable,@,Toronto Maple Leafs,1,3,L,REG,10,8,1,L 1
20,1927-01-11,time unavailable,H,Detroit Cougars,0,1,L,OT,10,9,1,L 2
21,1927-01-13,time unavailable,@,Montreal Canadiens,1,3,L,REG,10,10,1,L 3
22,1927-01-15,time unavailable,@,Pittsburgh Pirates,2,1,W,REG,11,10,1,W 1
23,1927-01-18,time unavailable,H,Montreal Maroons,1,2,L,OT,11,11,1,L 1
24,1927-01-23,time unavailable,@,New York Rangers,0,2,L,REG,11,12,1,L 2
25,1927-01-25,time unavailable,H,Ottawa Senators,6,1,W,REG,12,12,1,W 1
26,1927-01-30,time unavailable,H,Montreal Canadiens,1,2,L,OT,12,13,1,L 1
27,1927-02-01,time unavailable,@,Ottawa Senators,4,2,W,REG,13,13,1,W 1
28,1927-02-03,time unavailable,H,Toronto Maple Leafs,0,0,T,OT,13,13,2,T 1
29,1927-02-08,time unavailable,H,Pittsburgh Pirates,5,0,W,REG,14,13,2,W 1
30,1927-02-13,time unavailable,H,Chicago Black Hawks,2,1,W,OT,15,13,2,W 2
31,1927-02-15,time unavailable,H,Montreal Maroons,1,2,L,REG,15,14,2,L 1
32,1927-02-17,time unavailable,@,Toronto Maple Leafs,1,4,L,REG,15,15,2,L 2
33,1927-02-19,time unavailable,@,Montreal Canadiens,0,3,L,REG,15,16,2,L 3
34,1927-02-23,time unavailable,@,Chicago Black Hawks,1,3,L,REG,15,17,2,L 4
35,1927-02-26,time unavailable,H,Ottawa Senators,3,2,W,OT,16,17,2,W 1
36,1927-02-27,time unavailable,H,New York Rangers,1,4,L,REG,16,18,2,L 1
37,1927-03-01,time unavailable,H,Boston Bruins,3,0,W,REG,17,18,2,W 1
38,1927-03-05,time unavailable,@,Boston Bruins,0,5,L,REG,17,19,2,L 1
39,1927-03-12,time unavailable,@,Ottawa Senators,3,4,L,REG,17,20,2,L 2
40,1927-03-15,time unavailable,H,Detroit Cougars,0,1,L,REG,17,21,2,L 3
41,1927-03-17,time unavailable,@,Montreal Maroons,1,2,L,REG,17,22,2,L 4
42,1927-03-20,time unavailable,@,New York Rangers,1,2,L,REG,17,23,2,L 5
43,1927-03-21,time unavailable,H,Toronto Maple Leafs,1,4,L,REG,17,24,2,L 6
44,1927-03-24,time unavailable,H,Montreal Canadiens,3,6,L,REG,17,25,2,L 7

Time,Location,Result,Game Ended In

Edmond Bouchard,,n/a,LW,34,5-10,185,L/-,5,"May 24, 1892",ca,"2 G, 1 A, 3 P"
Clarence Boucher,,n/a,D,30,6-1,195,L/-,R,"November 1, 1896",ca,"0 G, 1 A, 1 P"
Billy Burch,,n/a,C,26,6-0,200,L/-,4,"November 20, 1900",us,"19 G, 8 A, 27 P"
Lionel Conacher,,n/a,D,25,6-2,195,L/-,1,"May 24, 1901",ca,"8 G, 9 A, 17 P"
Bob Connors,,n/a,LW,22,5-9,165,L/-,R,"October 19, 1904",gb,"1 G, 0 A, 1 P"
Jake Forbes,,n/a,G,29,5-6,140,-/L,6,"July 4, 1897",ca,"17-25-2, 2.01 GAA"
Red Green,,n/a,LW,27,5-8,148,L/-,3,"December 12, 1899",ca,"10 G, 4 A, 14 P"
Shorty Green,,n/a,RW,30,5-10,152,R/-,3,"July 17, 1896",ca,"2 G, 1 A, 3 P"
Normie Himes,,n/a,C,23,5-9,145,R/-,R,"April 13, 1903",ca,"9 G, 2 A, 11 P"
Bill Holmes,,n/a,D,27,6-0,200,R/-,1,"March 9, 1899",ca,"0 G, 0 A, 0 P"
Newsy Lalonde,,11,C,39,5-9,168,R/-,5,"October 31, 1887",ca,"0 G, 0 A, 0 P"
Charlie Langlois,,n/a,D,32,6-0,210,R/-,2,"August 25, 1894",ca,"2 G, 0 A, 2 P"
Alex McKinnon,,n/a,RW,31,5-8,175,R/-,2,"April 17, 1895",ca,"2 G, 1 A, 3 P"
Ken Randall,,n/a,D,38,5-10,180,R/-,9,"December 14, 1888",ca,"0 G, 0 A, 0 P"
Leo Reise,,n/a,D,34,5-11,175,R/-,4,"June 1, 1892",ca,"7 G, 6 A, 13 P"
Mickey Roach,,n/a,C,31,5-6,158,L/-,7,"May 1, 1895",us,"11 G, 0 A, 11 P"
Laurie Scott,,n/a,LW,26,5-6,155,L/-,R,"June 19, 1900",ca,"6 G, 2 A, 8 P"
Joe Simpson,,n/a,D,33,5-10,175,R/-,1,"August 13, 1893",ca,"4 G, 2 A, 6 P"
