Boston Bruins,BOS,nhl
1942-43,1943
20
50
5,4
GP,Date,Time,Location,Opponent,GF,GA,Result,Game Ended In,W,L,T,Streak
1,1942-10-31,time unavailable,@,Montreal Canadiens,2,3,L,REG,0,1,0,L 1
2,1942-11-01,time unavailable,@,Detroit Red Wings,0,3,L,REG,0,2,0,L 2
3,1942-11-05,time unavailable,@,Chicago Black Hawks,1,5,L,REG,0,3,0,L 3
4,1942-11-12,time unavailable,@,Toronto Maple Leafs,1,3,L,REG,0,4,0,L 4
5,1942-11-14,time unavailable,H,New York Rangers,5,3,W,REG,1,4,0,W 1
6,1942-11-15,time unavailable,@,New York Rangers,4,3,W,REG,2,4,0,W 2
7,1942-11-17,time unavailable,H,Montreal Canadiens,4,1,W,REG,3,4,0,W 3
8,1942-11-22,time unavailable,H,Toronto Maple Leafs,7,6,W,REG,4,4,0,W 4
9,1942-11-24,time unavailable,H,Chicago Black Hawks,5,5,T,REG,4,4,1,T 1
10,1942-11-28,time unavailable,@,Montreal Canadiens,6,2,W,REG,5,4,1,W 1
11,1942-11-29,time unavailable,@,New York Rangers,2,3,L,REG,5,5,1,L 1
12,1942-12-01,time unavailable,H,Detroit Red Wings,5,2,W,REG,6,5,1,W 1
13,1942-12-06,time unavailable,H,New York Rangers,5,4,W,REG,7,5,1,W 2
14,1942-12-08,time unavailable,H,Chicago Black Hawks,9,6,W,REG,8,5,1,W 3
15,1942-12-12,time unavailable,H,Montreal Canadiens,3,2,W,REG,9,5,1,W 4
16,1942-12-13,time unavailable,@,Detroit Red Wings,1,1,T,REG,9,5,2,T 1
17,1942-12-15,time unavailable,H,Detroit Red Wings,3,2,W,REG,10,5,2,W 1
18,1942-12-17,time unavailable,@,New York Rangers,7,3,W,REG,11,5,2,W 2
19,1942-12-19,time unavailable,@,Toronto Maple Leafs,3,3,T,REG,11,5,3,T 1
20,1942-12-20,time unavailable,@,Chicago Black Hawks,4,4,T,REG,11,5,4,T 2
21,1942-12-22,time unavailable,H,Toronto Maple Leafs,4,4,T,REG,11,5,5,T 3
22,1942-12-26,time unavailable,@,Toronto Maple Leafs,2,7,L,REG,11,6,5,L 1
23,1942-12-27,time unavailable,@,Montreal Canadiens,2,4,L,REG,11,7,5,L 2
24,1942-12-29,time unavailable,H,New York Rangers,3,5,L,REG,11,8,5,L 3
25,1943-01-01,time unavailable,H,Detroit Red Wings,2,2,T,REG,11,8,6,T 1
26,1943-01-03,time unavailable,@,Detroit Red Wings,3,2,W,REG,12,8,6,W 1
27,1943-01-09,time unavailable,@,Montreal Canadiens,2,7,L,REG,12,9,6,L 1
28,1943-01-10,time unavailable,H,Toronto Maple Leafs,5,4,W,REG,13,9,6,W 1
29,1943-01-12,time unavailable,H,Chicago Black Hawks,3,0,W,REG,14,9,6,W 2
30,1943-01-16,time unavailable,H,New York Rangers,7,5,W,REG,15,9,6,W 3
31,1943-01-17,time unavailable,@,New York Rangers,6,3,W,REG,16,9,6,W 4
32,1943-01-19,time unavailable,H,Montreal Canadiens,5,2,W,REG,17,9,6,W 5
33,1943-01-21,time unavailable,@,Detroit Red Wings,2,3,L,REG,17,10,6,L 1
34,1943-01-24,time unavailable,@,Chicago Black Hawks,3,4,L,REG,17,11,6,L 2
35,1943-01-26,time unavailable,H,Detroit Red Wings,3,5,L,REG,17,12,6,L 3
36,1943-01-30,time unavailable,@,Toronto Maple Leafs,5,3,W,REG,18,12,6,W 1
37,1943-01-31,time unavailable,@,New York Rangers,7,2,W,REG,19,12,6,W 2
38,1943-02-02,time unavailable,H,Chicago Black Hawks,5,3,W,REG,20,12,6,W 3
39,1943-02-06,time unavailable,@,Montreal Canadiens,3,8,L,REG,20,13,6,L 1
40,1943-02-07,time unavailable,H,Montreal Canadiens,7,1,W,REG,21,13,6,W 1
41,1943-02-09,time unavailable,H,Toronto Maple Leafs,3,1,W,REG,22,13,6,W 2
42,1943-02-14,time unavailable,@,Chicago Black Hawks,2,3,L,REG,22,14,6,L 1
43,1943-02-20,time unavailable,@,Toronto Maple Leafs,2,4,L,REG,22,15,6,L 2
44,1943-02-21,time unavailable,@,Detroit Red Wings,0,4,L,REG,22,16,6,L 3
45,1943-02-23,time unavailable,H,Chicago Black Hawks,5,7,L,REG,22,17,6,L 4
46,1943-02-28,time unavailable,@,Chicago Black Hawks,4,4,T,REG,22,17,7,T 1
47,1943-03-02,time unavailable,H,Detroit Red Wings,3,1,W,REG,23,17,7,W 1
48,1943-03-09,time unavailable,H,Toronto Maple Leafs,5,5,T,REG,23,17,8,T 1
49,1943-03-14,time unavailable,H,Montreal Canadiens,4,4,T,REG,23,17,9,T 2
50,1943-03-16,time unavailable,H,New York Rangers,11,5,W,REG,24,17,9,W 1

GP,Date,Time,Location,Opponent,GF,GA,Result,Game Ended In,W,L,T,Streak
1,1943-03-21,time unavailable,H,Montreal Canadiens,5,4,W,OT,1,0,0,W 1
2,1943-03-23,time unavailable,H,Montreal Canadiens,5,3,W,REG,2,0,0,W 2
3,1943-03-25,time unavailable,@,Montreal Canadiens,3,2,W,OT,3,0,0,W 3
4,1943-03-27,time unavailable,@,Montreal Canadiens,0,4,L,REG,3,1,0,L 1
5,1943-03-30,time unavailable,H,Montreal Canadiens,5,4,W,OT,4,1,0,W 1
6,1943-04-01,time unavailable,@,Detroit Red Wings,2,6,L,REG,4,2,0,L 1
7,1943-04-04,time unavailable,@,Detroit Red Wings,3,4,L,REG,4,3,0,L 2
8,1943-04-07,time unavailable,H,Detroit Red Wings,0,4,L,REG,4,4,0,L 3
9,1943-04-08,time unavailable,H,Detroit Red Wings,0,2,L,REG,4,5,0,L 4

Ossie Aubuchon,,n/a,LW,26,5-10,175,L/-,R,"January 1, 1917",ca,"3 G, 0 A, 3 P"
Buzz Boll,,n/a,LW,31,5-10,166,L/-,9,"March 6, 1911",ca,"25 G, 27 A, 52 P"
Irwin Boyd,,n/a,RW,34,5-10,152,R/-,2,"November 13, 1908",us,"6 G, 5 A, 11 P"
Frank Brimsek,,n/a,G,27,5-9,170,-/L,4,"September 26, 1915",us,"24-17-9, 3.52 GAA"
Herb Cain,,n/a,LW,30,5-11,180,L/-,9,"December 24, 1912",ca,"18 G, 18 A, 36 P"
Norm Calladine,,n/a,C,26,5-9,155,R/-,R,"July 30, 1916",ca,"0 G, 1 A, 1 P"
Murph Chamberlain,,n/a,LW,27,5-11,165,L/-,5,"February 14, 1915",ca,"9 G, 24 A, 33 P"
Dit Clapper,(C),n/a,D,35,6-2,195,R/-,15,"February 9, 1907",ca,"5 G, 18 A, 23 P"
Bill Cowley,,n/a,C,30,5-10,165,L/-,8,"June 12, 1912",ca,"27 G, 45 A, 72 P"
Jack Crawford,,n/a,D,26,5-11,200,R/-,5,"October 26, 1916",ca,"5 G, 18 A, 23 P"
Ab DeMarco,,n/a,C,26,6-0,168,R/-,2,"May 10, 1916",ca,"4 G, 1 A, 5 P"
Don Gallinger,,n/a,C,17,6-0,170,L/-,R,"April 16, 1925",ca,"14 G, 20 A, 34 P"
Bep Guidolin,,n/a,RW,17,5-8,175,L/-,R,"December 9, 1925",ca,"7 G, 15 A, 22 P"
Dutch Hiller,,n/a,RW,27,5-8,170,L/-,5,"May 11, 1915",ca,"0 G, 0 A, 0 P"
Flash Hollett,,n/a,D,30,6-0,180,L/-,9,"April 13, 1912",ca,"19 G, 25 A, 44 P"
Art Jackson,,n/a,C,27,5-8,165,L/-,8,"December 15, 1915",ca,"22 G, 31 A, 53 P"
Busher Jackson,,n/a,LW,32,5-11,195,L/-,13,"January 19, 1911",ca,"19 G, 15 A, 34 P"
Jackie Schmidt,,n/a,RW,18,5-10,155,L/-,R,"November 11, 1924",ca,"6 G, 7 A, 13 P"
Jack Shewchuk,,n/a,D,25,6-1,190,L/-,4,"June 19, 1917",ca,"2 G, 6 A, 8 P"
Bill Shill,,n/a,RW,19,6-1,175,R/-,R,"March 6, 1923",ca,"4 G, 1 A, 5 P"
