Montreal Canadiens,MTL,nhl
1942-43,1943
27
50
5
GP,Date,Time,Location,Opponent,GF,GA,Result,Game Ended In,W,L,T,Streak
1,1942-10-31,time unavailable,H,Boston Bruins,3,2,W,REG,1,0,0,W 1
2,1942-11-07,time unavailable,@,New York Rangers,3,4,L,OT,1,1,0,L 1
3,1942-11-08,time unavailable,H,New York Rangers,10,4,W,REG,2,1,0,W 1
4,1942-11-12,time unavailable,H,Chicago Black Hawks,5,2,W,REG,3,1,0,W 2
5,1942-11-14,time unavailable,H,Detroit Red Wings,2,5,L,REG,3,2,0,L 1
6,1942-11-15,time unavailable,@,Detroit Red Wings,1,3,L,REG,3,3,0,L 2
7,1942-11-17,time unavailable,@,Boston Bruins,1,4,L,REG,3,4,0,L 3
8,1942-11-21,time unavailable,@,Toronto Maple Leafs,0,8,L,REG,3,5,0,L 4
9,1942-11-22,time unavailable,@,Chicago Black Hawks,3,3,T,REG,3,5,1,T 1
10,1942-11-24,time unavailable,H,Detroit Red Wings,4,4,T,REG,3,5,2,T 2
11,1942-11-28,time unavailable,H,Boston Bruins,2,6,L,REG,3,6,2,L 1
12,1942-11-29,time unavailable,@,Detroit Red Wings,3,7,L,REG,3,7,2,L 2
13,1942-12-03,time unavailable,H,Toronto Maple Leafs,4,2,W,REG,4,7,2,W 1
14,1942-12-05,time unavailable,@,Toronto Maple Leafs,1,9,L,REG,4,8,2,L 1
15,1942-12-06,time unavailable,@,Chicago Black Hawks,2,5,L,REG,4,9,2,L 2
16,1942-12-12,time unavailable,@,Boston Bruins,2,3,L,REG,4,10,2,L 3
17,1942-12-13,time unavailable,@,New York Rangers,7,3,W,REG,5,10,2,W 1
18,1942-12-17,time unavailable,H,Toronto Maple Leafs,1,8,L,REG,5,11,2,L 1
19,1942-12-19,time unavailable,H,New York Rangers,1,1,T,REG,5,11,3,T 1
20,1942-12-20,time unavailable,@,Detroit Red Wings,3,4,L,REG,5,12,3,L 1
21,1942-12-25,time unavailable,H,Chicago Black Hawks,2,2,T,REG,5,12,4,T 1
22,1942-12-27,time unavailable,H,Boston Bruins,4,2,W,REG,6,12,4,W 1
23,1943-01-02,time unavailable,@,Toronto Maple Leafs,3,6,L,REG,6,13,4,L 1
24,1943-01-03,time unavailable,H,Toronto Maple Leafs,4,4,T,REG,6,13,5,T 1
25,1943-01-09,time unavailable,H,Boston Bruins,7,2,W,REG,7,13,5,W 1
26,1943-01-10,time unavailable,@,New York Rangers,7,4,W,REG,8,13,5,W 2
27,1943-01-14,time unavailable,H,Chicago Black Hawks,5,1,W,REG,9,13,5,W 3
28,1943-01-16,time unavailable,@,Toronto Maple Leafs,4,8,L,REG,9,14,5,L 1
29,1943-01-17,time unavailable,H,Toronto Maple Leafs,2,0,W,REG,10,14,5,W 1
30,1943-01-19,time unavailable,@,Boston Bruins,2,5,L,REG,10,15,5,L 1
31,1943-01-21,time unavailable,@,Chicago Black Hawks,4,4,T,REG,10,15,6,T 1
32,1943-01-23,time unavailable,H,New York Rangers,5,5,T,REG,10,15,7,T 2
33,1943-01-30,time unavailable,H,Detroit Red Wings,3,3,T,REG,10,15,8,T 3
34,1943-01-31,time unavailable,@,Detroit Red Wings,4,3,W,REG,11,15,8,W 1
35,1943-02-06,time unavailable,H,Boston Bruins,8,3,W,REG,12,15,8,W 2
36,1943-02-07,time unavailable,@,Boston Bruins,1,7,L,REG,12,16,8,L 1
37,1943-02-11,time unavailable,H,Chicago Black Hawks,5,3,W,REG,13,16,8,W 1
38,1943-02-13,time unavailable,H,Detroit Red Wings,5,2,W,REG,14,16,8,W 2
39,1943-02-14,time unavailable,@,Detroit Red Wings,1,2,L,REG,14,17,8,L 1
40,1943-02-18,time unavailable,@,Chicago Black Hawks,5,4,W,REG,15,17,8,W 1
41,1943-02-20,time unavailable,H,New York Rangers,6,1,W,REG,16,17,8,W 2
42,1943-02-21,time unavailable,@,New York Rangers,1,6,L,REG,16,18,8,L 1
43,1943-02-25,time unavailable,H,Detroit Red Wings,4,2,W,REG,17,18,8,W 1
44,1943-02-28,time unavailable,H,Toronto Maple Leafs,2,4,L,REG,17,19,8,L 1
45,1943-03-04,time unavailable,@,New York Rangers,7,2,W,REG,18,19,8,W 1
46,1943-03-06,time unavailable,@,Toronto Maple Leafs,2,2,T,REG,18,19,9,T 1
47,1943-03-11,time unavailable,@,Chicago Black Hawks,4,4,T,REG,18,19,10,T 2
48,1943-03-13,time unavailable,H,Chicago Black Hawks,6,6,T,REG,18,19,11,T 3
49,1943-03-14,time unavailable,@,Boston Bruins,4,4,T,REG,18,19,12,T 4
50,1943-03-18,time unavailable,H,New York Rangers,6,3,W,REG,19,19,12,W 1

GP,Date,Time,Location,Opponent,GF,GA,Result,Game Ended In,W,L,T,Streak
1,1943-03-21,time unavailable,@,Boston Bruins,4,5,L,OT,0,1,0,L 1
2,1943-03-23,time unavailable,@,Boston Bruins,3,5,L,REG,0,2,0,L 2
3,1943-03-25,time unavailable,H,Boston Bruins,2,3,L,OT,0,3,0,L 3
4,1943-03-27,time unavailable,H,Boston Bruins,4,0,W,REG,1,3,0,W 1
5,1943-03-30,time unavailable,@,Boston Bruins,4,5,L,OT,1,4,0,L 1

Joe Benoit,,n/a,RW,26,5-10,160,R/-,2,"February 27, 1916",ca,"30 G, 27 A, 57 P"
Paul Bibeault,,n/a,G,23,5-9,160,-/L,2,"April 13, 1919",ca,"19-19-12, 3.81 GAA"
Toe Blake,(C),6,LW,30,5-10,165,L/-,8,"August 21, 1912",ca,"23 G, 36 A, 59 P"
Butch Bouchard,,n/a,D,23,6-2,205,R/-,1,"September 4, 1919",ca,"2 G, 16 A, 18 P"
Tony Demers,,n/a,RW,25,5-9,180,R/-,4,"July 22, 1917",ca,"2 G, 5 A, 7 P"
Marcel Dheere,,n/a,LW,24,5-7,175,L/-,R,"December 19, 1918",ca,"1 G, 2 A, 3 P"
Gordie Drillon,,n/a,RW,29,6-2,178,R/-,6,"October 23, 1913",ca,"28 G, 22 A, 50 P"
Ray Getliffe,,n/a,C/LW,28,5-11,175,L/-,7,"April 3, 1914",ca,"18 G, 28 A, 46 P"
Red Goupille,,n/a,D,27,6-0,190,L/-,7,"September 2, 1915",ca,"2 G, 0 A, 2 P"
Tony Graboski,,n/a,LW,26,5-10,178,L/-,2,"May 9, 1916",ca,"0 G, 2 A, 2 P"
Glen Harmon,,n/a,D,22,5-9,165,L/-,R,"January 2, 1921",ca,"5 G, 9 A, 14 P"
Dutch Hiller,,n/a,LW,27,5-8,170,L/-,5,"May 11, 1915",ca,"8 G, 6 A, 14 P"
Elmer Lach,,n/a,C,25,5-10,165,L/-,2,"January 22, 1918",ca,"18 G, 40 A, 58 P"
Ernie Laforce,,n/a,D,26,5-11,175,L/-,R,"June 23, 1916",ca,"0 G, 0 A, 0 P"
Leo Lamoureux,,n/a,D,26,5-11,175,L/-,1,"October 1, 1916",ca,"2 G, 16 A, 18 P"
Bobby Lee,,n/a,C,31,5-10,165,L/-,R,"December 28, 1911",ca,"0 G, 0 A, 0 P"
John Mahaffy,,n/a,C,23,5-7,165,L/-,R,"July 18, 1919",ca,"2 G, 5 A, 7 P"
Frank Mailley,,n/a,D,26,5-9,182,L/-,R,"August 1, 1916",ca,"0 G, 0 A, 0 P"
Irv McGibbon,,n/a,RW,28,6-0,180,R/-,R,"October 11, 1914",ca,"0 G, 0 A, 0 P"
Bill Meronek,,n/a,C,25,5-9,155,L/-,1,"April 15, 1917",ca,"3 G, 6 A, 9 P"
Buddy O'Connor,,n/a,C,26,5-8,142,R/-,1,"June 21, 1916",ca,"15 G, 43 A, 58 P"
Charlie Phillips,,n/a,D,25,5-11,200,L/-,R,"May 10, 1917",ca,"0 G, 0 A, 0 P"
Jack Portland,,n/a,D,30,6-2,185,L/-,9,"July 30, 1912",ca,"3 G, 14 A, 17 P"
Terry Reardon,,n/a,C,23,5-10,170,R/-,3,"April 6, 1919",ca,"6 G, 6 A, 12 P"
Maurice Richard,,15,RW,21,5-10,170,L/-,R,"August 4, 1921",ca,"5 G, 6 A, 11 P"
Charlie Sands,,n/a,RW,31,5-9,160,R/-,10,"March 23, 1911",ca,"3 G, 9 A, 12 P"
Alex Smart,,n/a,LW,24,5-10,150,L/-,R,"May 29, 1918",ca,"5 G, 2 A, 7 P"
