Detroit Red Wings,DET,nhl
1943-44,1944
35
50
5
GP,Date,Time,Location,Opponent,GF,GA,Result,Game Ended In,W,L,T,Streak
1,1943-10-31,time unavailable,H,New York Rangers,8,3,W,REG,1,0,0,W 1
2,1943-11-04,time unavailable,H,Toronto Maple Leafs,5,5,T,REG,1,0,1,T 1
3,1943-11-07,time unavailable,H,Boston Bruins,6,4,W,REG,2,0,1,W 1
4,1943-11-11,time unavailable,@,Toronto Maple Leafs,2,2,T,REG,2,0,2,T 1
5,1943-11-13,time unavailable,@,Montreal Canadiens,1,4,L,REG,2,1,2,L 1
6,1943-11-14,time unavailable,H,Montreal Canadiens,0,2,L,REG,2,2,2,L 2
7,1943-11-18,time unavailable,@,New York Rangers,3,1,W,REG,3,2,2,W 1
8,1943-11-21,time unavailable,H,Chicago Black Hawks,5,2,W,REG,4,2,2,W 2
9,1943-11-25,time unavailable,@,Chicago Black Hawks,3,4,L,REG,4,3,2,L 1
10,1943-11-28,time unavailable,H,Toronto Maple Leafs,6,4,W,REG,5,3,2,W 1
11,1943-12-02,time unavailable,@,Toronto Maple Leafs,5,6,L,REG,5,4,2,L 1
12,1943-12-04,time unavailable,@,Montreal Canadiens,2,8,L,REG,5,5,2,L 2
13,1943-12-07,time unavailable,@,Boston Bruins,6,6,T,REG,5,5,3,T 1
14,1943-12-12,time unavailable,H,Montreal Canadiens,1,5,L,REG,5,6,3,L 1
15,1943-12-16,time unavailable,@,Toronto Maple Leafs,4,1,W,REG,6,6,3,W 1
16,1943-12-19,time unavailable,@,New York Rangers,2,6,L,REG,6,7,3,L 1
17,1943-12-22,time unavailable,@,Chicago Black Hawks,1,7,L,REG,6,8,3,L 2
18,1943-12-23,time unavailable,H,New York Rangers,5,3,W,REG,7,8,3,W 1
19,1943-12-26,time unavailable,H,Boston Bruins,4,4,T,REG,7,8,4,T 1
20,1943-12-28,time unavailable,@,Boston Bruins,2,5,L,REG,7,9,4,L 1
21,1943-12-30,time unavailable,@,Montreal Canadiens,3,8,L,REG,7,10,4,L 2
22,1944-01-02,time unavailable,H,Montreal Canadiens,2,5,L,REG,7,11,4,L 3
23,1944-01-06,time unavailable,@,New York Rangers,5,0,W,REG,8,11,4,W 1
24,1944-01-09,time unavailable,H,Chicago Black Hawks,4,2,W,REG,9,11,4,W 2
25,1944-01-13,time unavailable,@,Montreal Canadiens,2,2,T,REG,9,11,5,T 1
26,1944-01-15,time unavailable,@,Toronto Maple Leafs,6,4,W,REG,10,11,5,W 1
27,1944-01-16,time unavailable,H,Toronto Maple Leafs,4,1,W,REG,11,11,5,W 2
28,1944-01-20,time unavailable,H,Chicago Black Hawks,4,3,W,REG,12,11,5,W 3
29,1944-01-23,time unavailable,H,New York Rangers,15,0,W,REG,13,11,5,W 4
30,1944-01-25,time unavailable,@,Boston Bruins,6,3,W,REG,14,11,5,W 5
31,1944-01-29,time unavailable,H,Boston Bruins,6,1,W,REG,15,11,5,W 6
32,1944-01-30,time unavailable,@,Chicago Black Hawks,2,3,L,REG,15,12,5,L 1
33,1944-02-03,time unavailable,H,New York Rangers,12,2,W,REG,16,12,5,W 1
34,1944-02-05,time unavailable,@,Toronto Maple Leafs,1,3,L,REG,16,13,5,L 1
35,1944-02-06,time unavailable,H,Toronto Maple Leafs,3,2,W,REG,17,13,5,W 1
36,1944-02-10,time unavailable,@,New York Rangers,8,3,W,REG,18,13,5,W 2
37,1944-02-13,time unavailable,@,Boston Bruins,4,1,W,REG,19,13,5,W 3
38,1944-02-17,time unavailable,H,Montreal Canadiens,2,3,L,REG,19,14,5,L 1
39,1944-02-20,time unavailable,H,Boston Bruins,6,5,W,REG,20,14,5,W 1
40,1944-02-24,time unavailable,@,New York Rangers,3,3,T,REG,20,14,6,T 1
41,1944-02-27,time unavailable,H,Montreal Canadiens,1,5,L,REG,20,15,6,L 1
42,1944-03-02,time unavailable,H,New York Rangers,6,5,W,REG,21,15,6,W 1
43,1944-03-04,time unavailable,H,Chicago Black Hawks,6,2,W,REG,22,15,6,W 2
44,1944-03-05,time unavailable,@,Chicago Black Hawks,1,6,L,REG,22,16,6,L 1
45,1944-03-07,time unavailable,@,Boston Bruins,8,4,W,REG,23,16,6,W 1
46,1944-03-11,time unavailable,@,Montreal Canadiens,3,4,L,REG,23,17,6,L 1
47,1944-03-12,time unavailable,H,Toronto Maple Leafs,4,1,W,REG,24,17,6,W 1
48,1944-03-16,time unavailable,H,Boston Bruins,10,9,W,REG,25,17,6,W 2
49,1944-03-18,time unavailable,H,Chicago Black Hawks,6,3,W,REG,26,17,6,W 3
50,1944-03-19,time unavailable,@,Chicago Black Hawks,0,2,L,REG,26,18,6,L 1

GP,Date,Time,Location,Opponent,GF,GA,Result,Game Ended In,W,L,T,Streak
1,1944-03-21,time unavailable,H,Chicago Black Hawks,1,2,L,REG,0,1,0,L 1
2,1944-03-23,time unavailable,H,Chicago Black Hawks,4,1,W,REG,1,1,0,W 1
3,1944-03-26,time unavailable,@,Chicago Black Hawks,0,2,L,REG,1,2,0,L 1
4,1944-03-28,time unavailable,@,Chicago Black Hawks,1,7,L,REG,1,3,0,L 2
5,1944-03-30,time unavailable,H,Chicago Black Hawks,2,5,L,REG,1,4,0,L 3

Murray Armstrong,,n/a,C,28,5-10,170,L/-,5,"January 1, 1916",ca,"12 G, 22 A, 34 P"
Frank Bennett,,n/a,LW,21,5-11,182,R/-,R,"March 4, 1922",ca,"0 G, 1 A, 1 P"
Adam Brown,,n/a,LW,23,5-9,175,L/-,1,"February 4, 1920",gb,"24 G, 18 A, 42 P"
Eddie Bruneteau,,n/a,RW,24,5-9,172,R/-,1,"August 1, 1919",ca,"0 G, 1 A, 1 P"
Mud Bruneteau,(C),n/a,RW,29,5-11,185,R/-,8,"November 28, 1914",ca,"35 G, 18 A, 53 P"
Tony Bukovich,,n/a,LW,28,5-11,160,L/-,R,"August 30, 1915",us,"0 G, 1 A, 1 P"
Hy Buller,,n/a,D,17,5-11,183,L/-,R,"March 15, 1926",ca,"0 G, 3 A, 3 P"
Joe Carveth,,n/a,RW,25,5-10,180,R/-,3,"March 21, 1918",ca,"21 G, 35 A, 56 P"
Lude Check,,n/a,LW,24,5-10,165,L/-,R,"May 22, 1919",ca,"0 G, 0 A, 0 P"
Connie Dion,,n/a,G,25,5-4,140,-/R,R,"August 11, 1918",ca,"17-7-2, 3.08 GAA"
Pat Egan,,n/a,D,25,5-10,195,R/-,3,"April 25, 1918",ca,"4 G, 15 A, 19 P"
Jimmy Franks,,n/a,G,29,5-11,156,-/L,2,"November 8, 1914",ca,"6-8-3, 4.06 GAA"
Don Grosso,,n/a,C,28,5-11,170,L/-,5,"April 12, 1915",ca,"16 G, 31 A, 47 P"
Flash Hollett,(C),n/a,D,31,6-0,180,L/-,10,"April 13, 1912",ca,"6 G, 12 A, 18 P"
Syd Howe,,n/a,C,32,5-9,165,L/-,14,"September 28, 1911",ca,"32 G, 28 A, 60 P"
Harold Jackson,,n/a,D,25,6-0,195,R/-,4,"August 1, 1918",ca,"7 G, 12 A, 19 P"
Bill Jennings,,n/a,RW,27,5-10,165,R/-,3,"June 28, 1916",ca,"6 G, 11 A, 17 P"
Francis Kane,,n/a,D,21,5-11,186,L/-,R,"January 19, 1923",ca,"0 G, 0 A, 0 P"
Ken Kilrea,,n/a,LW,25,6-0,170,L/-,4,"January 16, 1919",ca,"1 G, 3 A, 4 P"
Carl Liscombe,,n/a,LW,28,5-7,162,L/-,6,"May 17, 1915",ca,"36 G, 37 A, 73 P"
Harry Lumley,,n/a,G,17,6-0,195,-/L,R,"November 11, 1926",ca,"0-2-0, 6.50 GAA"
Vic Lynn,,n/a,LW,19,5-10,175,L/-,1,"January 26, 1925",ca,"0 G, 0 A, 0 P"
Jud McAtee,,n/a,LW,23,5-9,170,L/-,1,"February 5, 1920",ca,"0 G, 2 A, 2 P"
Bill Quackenbush,,n/a,D,21,5-11,190,L/-,1,"March 2, 1922",ca,"4 G, 14 A, 18 P"
Billy Reay,,n/a,LW,25,5-7,155,L/-,R,"August 21, 1918",ca,"2 G, 0 A, 2 P"
Roly Rossignol,,n/a,RW,22,5-9,168,R/-,R,"October 18, 1921",ca,"0 G, 1 A, 1 P"
Bernie Ruelle,,n/a,LW,23,5-9,165,L/-,R,"November 23, 1920",us,"1 G, 0 A, 1 P"
John Sherf,,n/a,LW,30,5-11,178,L/-,4,"April 8, 1913",us,"0 G, 0 A, 0 P"
Gordon Sherritt,,n/a,D,24,6-1,195,L/-,R,"April 8, 1919",ca,"0 G, 0 A, 0 P"
Cully Simon,,n/a,D,25,5-10,190,L/-,1,"May 8, 1918",ca,"3 G, 7 A, 10 P"
Carl Smith,,n/a,RW,26,5-5,150,L/-,R,"September 18, 1917",ca,"1 G, 1 A, 2 P"
Nakina Smith,,n/a,C,28,5-10,150,L/-,R,"July 26, 1915",ca,"1 G, 2 A, 3 P"
Normie Smith,,n/a,G,35,5-7,165,-/L,6,"March 18, 1908",ca,"3-1-1, 3.00 GAA"
Bill Thomson,,n/a,RW,29,5-9,162,R/-,1,"March 23, 1914",gb,"2 G, 2 A, 4 P"
Rudy Zunich,,n/a,D,33,5-9,170,L/-,R,"November 24, 1910",us,"0 G, 0 A, 0 P"
