Hamilton Tigers,HAM,nhl
1920-21,1921
16
24
0
GP,Date,Time,Location,Opponent,GF,GA,Result,Game Ended In,W,L,T,Streak,Notes
1,1920-12-22,time unavailable,H,Montreal Canadiens,5,0,W,REG,1,0,0,W 1
2,1920-12-27,time unavailable,@,Ottawa Senators,1,3,L,REG,1,1,0,L 1
3,1920-12-29,time unavailable,@,Montreal Canadiens,6,2,W,REG,2,1,0,W 1
4,1921-01-03,time unavailable,H,Toronto St. Patricks,4,5,L,REG,2,2,0,L 1
5,1921-01-06,time unavailable,H,Ottawa Senators,1,5,L,REG,2,3,0,L 2
6,1921-01-08,time unavailable,@,Toronto St. Patricks,3,2,W,OT,3,3,0,W 1
7,1921-01-12,time unavailable,H,Toronto St. Patricks,2,4,L,REG,3,4,0,L 1
8,1921-01-15,time unavailable,@,Montreal Canadiens,4,6,L,REG,3,5,0,L 2
9,1921-01-19,time unavailable,@,Ottawa Senators,3,4,L,REG,3,6,0,L 3
10,1921-01-22,time unavailable,H,Montreal Canadiens,5,7,L,REG,3,7,0,L 4
11,1921-01-26,time unavailable,@,Toronto St. Patricks,3,10,L,REG,3,8,0,L 5
12,1921-01-29,time unavailable,H,Ottawa Senators,1,2,L,REG,3,9,0,L 6
13,1921-02-02,time unavailable,H,Montreal Canadiens,6,5,W,REG,4,9,0,W 1
14,1921-02-05,time unavailable,H,Ottawa Senators,3,7,L,REG,4,10,0,L 1
15,1921-02-09,time unavailable,@,Ottawa Senators,4,7,L,REG,4,11,0,L 2
16,1921-02-12,time unavailable,H,Toronto St. Patricks,4,6,L,REG,4,12,0,L 3
17,1921-02-16,time unavailable,@,Montreal Canadiens,5,10,L,REG,4,13,0,L 4
18,1921-02-19,time unavailable,@,Toronto St. Patricks,4,5,L,REG,4,14,0,L 5
19,1921-02-23,time unavailable,H,Toronto St. Patricks,7,4,W,REG,5,14,0,W 1
20,1921-02-26,time unavailable,@,Montreal Canadiens,6,13,L,REG,5,15,0,L 1
21,1921-02-28,time unavailable,H,Ottawa Senators,6,2,W,REG,6,15,0,W 1
22,1921-03-02,time unavailable,H,Montreal Canadiens,1,7,L,REG,6,16,0,L 1
23,1921-03-05,time unavailable,@,Toronto St. Patricks,3,4,L,OT,6,17,0,L 2
24,1921-03-07,time unavailable,@,Ottawa Senators,5,12,L,REG,6,18,0,L 3

Time,Location,Result,Game Ended In

George Carey,,n/a,RW,28,5-6,140,R/-,1,"November 4, 1892",gb,"6 G, 1 A, 7 P"
Ed Carpenter,,n/a,D,30,6-0,170,R/-,1,"June 15, 1890",us,"2 G, 1 A, 3 P"
Jack Coughlin,,n/a,F,28,5-10,170,R/-,2,"June 6, 1892",ca,"0 G, 0 A, 0 P"
Billy Coutu,,n/a,D,28,5-11,190,L/-,3,"March 1, 1892",ca,"8 G, 4 A, 12 P"
Babe Dye,,n/a,RW,22,5-8,150,R/-,1,"May 13, 1898",ca,"2 G, 0 A, 2 P"
Howard Lockhart,,n/a,G,25,5-8,180,-/L,1,"March 21, 1895",ca,"6-18-0, 5.45 GAA"
Ed Lowrey,,n/a,F,29,5-6,160,R/-,2,"August 13, 1891",ca,"0 G, 0 A, 0 P"
Joe Malone,,n/a,LW/C,30,5-10,150,L/-,3,"February 28, 1890",ca,"28 G, 9 A, 37 P"
Joe Matte,,n/a,RW/D,27,5-11,165,R/-,1,"March 6, 1893",ca,"6 G, 9 A, 15 P"
Thomas McCarthy,,n/a,RW,27,5-11,165,R/-,1,"April 12, 1893",ca,"10 G, 1 A, 11 P"
Moylan McDonnell,,n/a,D,31,5-9,145,R/-,R,"August 27, 1889",ca,"1 G, 2 A, 3 P"
Fred McLean,,n/a,F,27,6-2,200,L/-,1,"March 16, 1893",ca,"0 G, 0 A, 0 P"
Charles Pletsch,,n/a,F,28,-/-,R,"July 22, 1892","0 G, 0 A, 0 P",ca
Goldie Prodger,,n/a,F,29,5-10,180,R/-,1,"February 18, 1891",ca,"18 G, 9 A, 27 P"
Leo Reise,,n/a,D,28,5-11,175,R/-,R,"June 1, 1892",ca,"2 G, 0 A, 2 P"
Mickey Roach,,n/a,C,25,5-6,158,L/-,1,"May 1, 1895",us,"9 G, 8 A, 17 P"
