Montreal Canadiens,MTL,nhl
1920-21,1921
13
24
0
GP,Date,Time,Location,Opponent,GF,GA,Result,Game Ended In,W,L,T,Streak,Notes
1,1920-12-22,time unavailable,@,Hamilton Tigers,0,5,L,REG,0,1,0,L 1
2,1920-12-25,time unavailable,@,Toronto St. Patricks,4,5,L,REG,0,2,0,L 2
3,1920-12-29,time unavailable,H,Hamilton Tigers,2,6,L,REG,0,3,0,L 3
4,1921-01-03,time unavailable,@,Ottawa Senators,2,8,L,REG,0,4,0,L 4
5,1921-01-08,time unavailable,H,Ottawa Senators,5,4,W,REG,1,4,0,W 1
6,1921-01-12,time unavailable,@,Ottawa Senators,0,2,L,REG,1,5,0,L 1
7,1921-01-15,time unavailable,H,Hamilton Tigers,6,4,W,REG,2,5,0,W 1
8,1921-01-17,time unavailable,H,Toronto St. Patricks,9,5,W,REG,3,5,0,W 2
9,1921-01-19,time unavailable,@,Toronto St. Patricks,2,7,L,REG,3,6,0,L 1
10,1921-01-22,time unavailable,@,Hamilton Tigers,7,5,W,REG,4,6,0,W 1
11,1921-01-26,time unavailable,H,Ottawa Senators,5,3,W,REG,5,6,0,W 2
12,1921-01-29,time unavailable,H,Toronto St. Patricks,4,2,W,REG,6,6,0,W 3
13,1921-02-02,time unavailable,@,Hamilton Tigers,5,6,L,REG,6,7,0,L 1
14,1921-02-05,time unavailable,@,Toronto St. Patricks,6,10,L,REG,6,8,0,L 2
15,1921-02-09,time unavailable,H,Toronto St. Patricks,3,5,L,REG,6,9,0,L 3
16,1921-02-12,time unavailable,@,Ottawa Senators,3,1,W,REG,7,9,0,W 1
17,1921-02-16,time unavailable,H,Hamilton Tigers,10,5,W,REG,8,9,0,W 2
18,1921-02-19,time unavailable,H,Ottawa Senators,8,1,W,REG,9,9,0,W 3
19,1921-02-23,time unavailable,@,Ottawa Senators,3,1,W,REG,10,9,0,W 4
20,1921-02-26,time unavailable,H,Hamilton Tigers,13,6,W,REG,11,9,0,W 5
21,1921-02-28,time unavailable,H,Toronto St. Patricks,4,0,W,REG,12,9,0,W 6
22,1921-03-02,time unavailable,@,Hamilton Tigers,7,1,W,REG,13,9,0,W 7
23,1921-03-05,time unavailable,H,Ottawa Senators,0,1,L,REG,13,10,0,L 1
24,1921-03-07,time unavailable,@,Toronto St. Patricks,4,6,L,REG,13,11,0,L 2

Time,Location,Result,Game Ended In

Amos Arbour,,7,LW,26,5-8,160,L/-,2,"January 26, 1895",ca,"15 G, 3 A, 18 P"
Billy Bell,,9,F,29,5-10,180,R/-,2,"June 10, 1891",ca,"0 G, 0 A, 0 P"
Louis Berlinguette,,6,LW,33,5-11,175,L/-,3,"May 26, 1887",ca,"11 G, 9 A, 20 P"
Dave Campbell,,10,D,24,6-0,200,L/-,R,"April 27, 1896",ca,"0 G, 0 A, 0 P"
Odie Cleghorn,,8,C,29,5-9,195,R/-,2,"September 19, 1891",ca,"6 G, 6 A, 12 P"
Bert Corbeau,,3,D,26,5-11,200,R/-,3,"February 9, 1894",ca,"11 G, 2 A, 13 P"
Newsy Lalonde,(C),4,C,33,5-9,168,R/-,3,"October 31, 1887",ca,"33 G, 10 A, 43 P"
Jack McDonald,,n/a,10,C,33,-/-,3,"February 28, 1887","0 G, 1 A, 1 P",ca
Harry Mummery,,2,D,31,5-11,220,L/-,3,"August 25, 1889",us,"15 G, 5 A, 20 P"
Didier Pitre,,5,RW,37,5-11,185,R/-,3,"September 1, 1883",ca,"16 G, 5 A, 21 P"
Dave Ritchie,,9,D,29,5-7,180,R/-,3,"January 12, 1892",ca,"0 G, 0 A, 0 P"
Georges Vezina,,1,G,34,5-6,185,-/L,3,"January 21, 1887",ca,"13-11-0, 4.12 GAA"
Cully Wilson,,11,RW,28,5-8,180,R/-,1,"June 5, 1892",ca,"6 G, 1 A, 7 P"
