Chicago Black Hawks,CBH,nhl
1967-68,1968
23
74
6,5
GP,Date,Time,Location,Opponent,GF,GA,Result,Game Ended In,W,L,T,Streak,Notes
1,1967-10-11,time unavailable,H,New York Rangers,3,6,L,REG,0,1,0,L 1
2,1967-10-14,time unavailable,@,Toronto Maple Leafs,1,5,L,REG,0,2,0,L 2
3,1967-10-15,time unavailable,H,Toronto Maple Leafs,3,5,L,REG,0,3,0,L 3
4,1967-10-18,time unavailable,H,Boston Bruins,1,7,L,REG,0,4,0,L 4
5,1967-10-21,time unavailable,@,Pittsburgh Penguins,2,4,L,REG,0,5,0,L 5
6,1967-10-22,time unavailable,H,Los Angeles Kings,3,5,L,REG,0,6,0,L 6
7,1967-10-25,time unavailable,@,New York Rangers,2,2,T,REG,0,6,1,T 1
8,1967-10-28,time unavailable,@,Minnesota North Stars,4,2,W,REG,1,6,1,W 1
9,1967-10-29,time unavailable,@,Detroit Red Wings,1,5,L,REG,1,7,1,L 1
10,1967-11-02,time unavailable,@,Los Angeles Kings,3,1,W,REG,2,7,1,W 1
11,1967-11-05,time unavailable,@,Oakland Seals,2,2,T,REG,2,7,2,T 1
12,1967-11-08,time unavailable,H,Montreal Canadiens,3,2,W,REG,3,7,2,W 1
13,1967-11-11,time unavailable,@,Montreal Canadiens,3,3,T,REG,3,7,3,T 1
14,1967-11-12,time unavailable,H,St. Louis Blues,5,2,W,REG,4,7,3,W 1
15,1967-11-15,time unavailable,@,St. Louis Blues,4,1,W,REG,5,7,3,W 2
16,1967-11-18,time unavailable,@,Toronto Maple Leafs,2,2,T,REG,5,7,4,T 1
17,1967-11-19,time unavailable,H,Detroit Red Wings,2,2,T,REG,5,7,5,T 2
18,1967-11-22,time unavailable,@,New York Rangers,7,1,W,REG,6,7,5,W 1
19,1967-11-23,time unavailable,H,Montreal Canadiens,0,7,L,REG,6,8,5,L 1
20,1967-11-25,time unavailable,@,Minnesota North Stars,4,1,W,REG,7,8,5,W 1
21,1967-11-26,time unavailable,H,Minnesota North Stars,2,1,W,REG,8,8,5,W 2
22,1967-11-29,time unavailable,H,Philadelphia Flyers,3,1,W,REG,9,8,5,W 3
23,1967-12-02,time unavailable,@,Boston Bruins,4,4,T,REG,9,8,6,T 1
24,1967-12-03,time unavailable,H,Minnesota North Stars,3,4,L,REG,9,9,6,L 1
25,1967-12-06,time unavailable,H,Pittsburgh Penguins,7,2,W,REG,10,9,6,W 1
26,1967-12-09,time unavailable,@,Montreal Canadiens,2,2,T,REG,10,9,7,T 1
27,1967-12-10,time unavailable,@,Philadelphia Flyers,3,0,W,REG,11,9,7,W 1
28,1967-12-13,time unavailable,H,New York Rangers,5,2,W,REG,12,9,7,W 2
29,1967-12-14,time unavailable,@,Detroit Red Wings,3,1,W,REG,13,9,7,W 3
30,1967-12-16,time unavailable,@,Pittsburgh Penguins,1,1,T,REG,13,9,8,T 1
31,1967-12-17,time unavailable,H,Toronto Maple Leafs,2,0,W,REG,14,9,8,W 1
32,1967-12-20,time unavailable,H,Boston Bruins,6,3,W,REG,15,9,8,W 2
33,1967-12-23,time unavailable,H,Philadelphia Flyers,3,2,W,REG,16,9,8,W 3
34,1967-12-25,time unavailable,H,Montreal Canadiens,3,1,W,REG,17,9,8,W 4
35,1967-12-27,time unavailable,@,Boston Bruins,2,7,L,REG,17,10,8,L 1
36,1967-12-30,time unavailable,@,New York Rangers,3,3,T,REG,17,10,9,T 1
37,1967-12-31,time unavailable,H,Oakland Seals,3,0,W,REG,18,10,9,W 1
38,1968-01-06,time unavailable,H,Detroit Red Wings,6,2,W,REG,19,10,9,W 2
39,1968-01-07,time unavailable,H,Boston Bruins,4,2,W,REG,20,10,9,W 3
40,1968-01-10,time unavailable,H,New York Rangers,3,3,T,REG,20,10,10,T 1
41,1968-01-13,time unavailable,@,Detroit Red Wings,4,4,T,REG,20,10,11,T 2
42,1968-01-14,time unavailable,H,St. Louis Blues,2,2,T,REG,20,10,12,T 3
43,1968-01-17,time unavailable,H,New York Rangers,2,4,L,REG,20,11,12,L 1
44,1968-01-20,time unavailable,@,Montreal Canadiens,1,3,L,REG,20,12,12,L 2
45,1968-01-21,time unavailable,@,Boston Bruins,0,6,L,REG,20,13,12,L 3
46,1968-01-24,time unavailable,H,Detroit Red Wings,2,4,L,REG,20,14,12,L 4
47,1968-01-27,time unavailable,@,Toronto Maple Leafs,4,1,W,REG,21,14,12,W 1
48,1968-01-28,time unavailable,H,Toronto Maple Leafs,1,3,L,REG,21,15,12,L 1
49,1968-01-31,time unavailable,@,New York Rangers,3,2,W,REG,22,15,12,W 1
50,1968-02-01,time unavailable,@,Boston Bruins,4,4,T,REG,22,15,13,T 1
51,1968-02-03,time unavailable,@,Philadelphia Flyers,3,5,L,REG,22,16,13,L 1
52,1968-02-04,time unavailable,H,Los Angeles Kings,5,3,W,REG,23,16,13,W 1
53,1968-02-07,time unavailable,H,Toronto Maple Leafs,3,2,W,REG,24,16,13,W 2
54,1968-02-10,time unavailable,@,Montreal Canadiens,4,6,L,REG,24,17,13,L 1
55,1968-02-11,time unavailable,H,Montreal Canadiens,0,6,L,REG,24,18,13,L 2
56,1968-02-14,time unavailable,H,Boston Bruins,3,1,W,REG,25,18,13,W 1
57,1968-02-17,time unavailable,@,Detroit Red Wings,7,4,W,REG,26,18,13,W 2
58,1968-02-18,time unavailable,H,Detroit Red Wings,7,1,W,REG,27,18,13,W 3
59,1968-02-21,time unavailable,@,Oakland Seals,1,0,W,REG,28,18,13,W 4
60,1968-02-24,time unavailable,@,Los Angeles Kings,3,3,T,REG,28,18,14,T 1
61,1968-02-28,time unavailable,@,Toronto Maple Leafs,1,0,W,REG,29,18,14,W 1
62,1968-03-02,time unavailable,@,St. Louis Blues,3,3,T,REG,29,18,15,T 1
63,1968-03-03,time unavailable,@,New York Rangers,0,4,L,REG,29,19,15,L 1
64,1968-03-06,time unavailable,H,Boston Bruins,3,5,L,REG,29,20,15,L 2
65,1968-03-09,time unavailable,@,Montreal Canadiens,0,5,L,REG,29,21,15,L 3
66,1968-03-10,time unavailable,H,Toronto Maple Leafs,4,0,W,REG,30,21,15,W 1
67,1968-03-13,time unavailable,H,Pittsburgh Penguins,4,3,W,REG,31,21,15,W 2
68,1968-03-17,time unavailable,H,Oakland Seals,4,1,W,REG,32,21,15,W 3
69,1968-03-20,time unavailable,H,New York Rangers,3,5,L,REG,32,22,15,L 1
70,1968-03-21,time unavailable,@,Boston Bruins,0,8,L,REG,32,23,15,L 2
71,1968-03-24,time unavailable,H,Montreal Canadiens,2,7,L,REG,32,24,15,L 3
72,1968-03-28,time unavailable,@,Detroit Red Wings,1,3,L,REG,32,25,15,L 4
73,1968-03-30,time unavailable,@,Toronto Maple Leafs,0,3,L,REG,32,26,15,L 5
74,1968-03-31,time unavailable,H,Detroit Red Wings,5,5,T,REG,32,26,16,T 1

GP,Date,Time,Location,Opponent,GF,GA,Result,Game Ended In,W,L,T,Streak,Notes
1,1968-04-04,time unavailable,@,New York Rangers,1,3,L,REG,0,1,0,L 1
2,1968-04-09,time unavailable,@,New York Rangers,1,2,L,REG,0,2,0,L 2
3,1968-04-11,time unavailable,H,New York Rangers,7,4,W,REG,1,2,0,W 1
4,1968-04-13,time unavailable,H,New York Rangers,3,1,W,REG,2,2,0,W 2
5,1968-04-14,time unavailable,@,New York Rangers,2,1,W,REG,3,2,0,W 3
6,1968-04-16,time unavailable,H,New York Rangers,4,1,W,REG,4,2,0,W 4
7,1968-04-18,time unavailable,@,Montreal Canadiens,2,9,L,REG,4,3,0,L 1
8,1968-04-20,time unavailable,@,Montreal Canadiens,1,4,L,REG,4,4,0,L 2
9,1968-04-23,time unavailable,H,Montreal Canadiens,2,4,L,REG,4,5,0,L 3
10,1968-04-25,time unavailable,H,Montreal Canadiens,2,1,W,REG,5,5,0,W 1
11,1968-04-28,time unavailable,@,Montreal Canadiens,3,4,L,OT,5,6,0,L 1

Denis DeJordy,,1,G,29,5-9,185,-/L,4,"November 12, 1938",ca,"23-15-11, 2.71 GAA"
Dave Dryden,,30,G,26,6-1,186,-/L,2,"September 5, 1941",ca,"7-8-5, 3.26 GAA"
Gerry Goyer,,8,C,31,6-2,196,L/-,R,"October 20, 1936",ca,"1 G, 2 A, 3 P"
Bobby Hull,,9,LW,29,5-10,195,L/-,10,"January 3, 1939",ca,"44 G, 31 A, 75 P"
Dennis Hull,,10,LW,23,5-11,198,L/-,3,"November 19, 1944",ca,"18 G, 15 A, 33 P"
Doug Jarrett,,20,D,23,6-3,205,L/-,3,"April 22, 1944",ca,"4 G, 19 A, 23 P"
Chico Maki,,16,RW,28,5-10,170,R/-,6,"August 17, 1939",ca,"8 G, 16 A, 24 P"
Wayne Maki,,14,LW,23,6-0,185,L/-,R,"November 10, 1944",ca,"5 G, 5 A, 10 P"
Gilles Marotte,,2,D,22,5-9,205,L/-,2,"June 7, 1945",ca,"0 G, 21 A, 21 P"
Pit Martin,,7,C,24,5-9,170,R/-,5,"December 9, 1943",ca,"16 G, 19 A, 35 P"
Stan Mikita,,21,C,27,5-9,169,R/-,9,"May 20, 1940",cs,"40 G, 47 A, 87 P"
Doug Mohns,,11,LW,34,6-0,185,L/-,14,"December 13, 1933",ca,"24 G, 29 A, 53 P"
Eric Nesterenko,,15,C/RW,34,6-2,197,R/-,16,"October 31, 1933",ca,"11 G, 25 A, 36 P"
Jack Norris,,30,G,25,5-10,185,-/L,1,"August 5, 1942",ca,"2-3-0, 3.95 GAA"
Bill Orban,,6,LW,23,6-0,185,L/-,R,"February 20, 1944",ca,"3 G, 2 A, 5 P"
Pierre Pilote,(C),3,D,36,5-10,178,L/-,12,"December 11, 1931",ca,"1 G, 36 A, 37 P"
Geoff Powis,,5,C,22,6-1,170,L/-,R,"June 14, 1945",ca,"0 G, 0 A, 0 P"
Tom Reid,,4,D,21,6-1,200,L/-,R,"June 24, 1946",ca,"0 G, 4 A, 4 P"
Bobby Schmautz,,19,RW,22,5-9,172,R/-,R,"March 28, 1945",ca,"3 G, 2 A, 5 P"
Doug Shelton,,19,RW,22,5-10,175,R/-,R,"June 27, 1945",ca,"0 G, 1 A, 1 P"
Pat Stapleton,,12,D,27,5-8,180,L/-,4,"July 4, 1940",ca,"4 G, 34 A, 38 P"
Paul Terbenche,,18,D,22,5-10,170,L/-,R,"September 16, 1945",ca,"3 G, 7 A, 10 P"
Kenny Wharram,,17,RW,34,5-9,160,R/-,12,"July 2, 1933",ca,"27 G, 42 A, 69 P"
