Los Angeles Kings,LAK,nhl
1967-68,1968
28
74
7
GP,Date,Time,Location,Opponent,GF,GA,Result,Game Ended In,W,L,T,Streak,Notes
1,1967-10-14,time unavailable,H,Philadelphia Flyers,4,2,W,REG,1,0,0,W 1
2,1967-10-15,time unavailable,H,Minnesota North Stars,5,3,W,REG,2,0,0,W 2
3,1967-10-18,time unavailable,@,Oakland Seals,2,2,T,REG,2,0,1,T 1
4,1967-10-21,time unavailable,@,St. Louis Blues,3,3,T,REG,2,0,2,T 2
5,1967-10-22,time unavailable,@,Chicago Black Hawks,5,3,W,REG,3,0,2,W 1
6,1967-10-25,time unavailable,@,Toronto Maple Leafs,2,4,L,REG,3,1,2,L 1
7,1967-10-26,time unavailable,@,Boston Bruins,0,2,L,REG,3,2,2,L 2
8,1967-10-28,time unavailable,@,Pittsburgh Penguins,5,3,W,REG,4,2,2,W 1
9,1967-10-31,time unavailable,H,New York Rangers,1,6,L,REG,4,3,2,L 1
10,1967-11-02,time unavailable,H,Chicago Black Hawks,1,3,L,REG,4,4,2,L 2
11,1967-11-04,time unavailable,@,Minnesota North Stars,2,2,T,REG,4,4,3,T 1
12,1967-11-05,time unavailable,@,Detroit Red Wings,6,4,W,REG,5,4,3,W 1
13,1967-11-07,time unavailable,H,Oakland Seals,5,4,W,REG,6,4,3,W 2
14,1967-11-09,time unavailable,H,Toronto Maple Leafs,4,1,W,REG,7,4,3,W 3
15,1967-11-15,time unavailable,@,Oakland Seals,1,4,L,REG,7,5,3,L 1
16,1967-11-17,time unavailable,H,Detroit Red Wings,1,4,L,REG,7,6,3,L 2
17,1967-11-19,time unavailable,H,Montreal Canadiens,4,2,W,REG,8,6,3,W 1
18,1967-11-22,time unavailable,H,Oakland Seals,3,1,W,REG,9,6,3,W 2
19,1967-11-24,time unavailable,H,Pittsburgh Penguins,5,3,W,REG,10,6,3,W 3
20,1967-11-26,time unavailable,@,Philadelphia Flyers,2,7,L,REG,10,7,3,L 1
21,1967-11-29,time unavailable,@,St. Louis Blues,2,3,L,REG,10,8,3,L 2
22,1967-12-02,time unavailable,@,Montreal Canadiens,3,2,W,REG,11,8,3,W 1
23,1967-12-03,time unavailable,@,New York Rangers,2,4,L,REG,11,9,3,L 1
24,1967-12-06,time unavailable,H,St. Louis Blues,3,2,W,REG,12,9,3,W 1
25,1967-12-08,time unavailable,H,Philadelphia Flyers,0,3,L,REG,12,10,3,L 1
26,1967-12-10,time unavailable,@,Boston Bruins,3,1,W,REG,13,10,3,W 1
27,1967-12-13,time unavailable,@,Minnesota North Stars,0,4,L,REG,13,11,3,L 1
28,1967-12-15,time unavailable,H,Minnesota North Stars,0,3,L,REG,13,12,3,L 2
29,1967-12-16,time unavailable,H,Boston Bruins,2,5,L,REG,13,13,3,L 3
30,1967-12-19,time unavailable,H,Oakland Seals,3,1,W,REG,14,13,3,W 1
31,1967-12-21,time unavailable,H,Pittsburgh Penguins,4,1,W,REG,15,13,3,W 2
32,1967-12-23,time unavailable,H,St. Louis Blues,4,0,W,REG,16,13,3,W 3
33,1967-12-25,time unavailable,@,Pittsburgh Penguins,3,4,L,REG,16,14,3,L 1
34,1967-12-27,time unavailable,@,St. Louis Blues,2,4,L,REG,16,15,3,L 2
35,1967-12-30,time unavailable,H,Philadelphia Flyers,0,2,L,REG,16,16,3,L 3
36,1967-12-31,time unavailable,@,Philadelphia Flyers,1,9,L,REG,16,17,3,L 4
37,1968-01-03,time unavailable,@,Minnesota North Stars,0,6,L,REG,16,18,3,L 5
38,1968-01-04,time unavailable,@,Pittsburgh Penguins,3,4,L,REG,16,19,3,L 6
39,1968-01-06,time unavailable,@,St. Louis Blues,1,2,L,REG,16,20,3,L 7
40,1968-01-07,time unavailable,@,Oakland Seals,0,6,L,REG,16,21,3,L 8
41,1968-01-11,time unavailable,H,St. Louis Blues,2,2,T,REG,16,21,4,T 1
42,1968-01-18,time unavailable,H,Pittsburgh Penguins,3,2,W,REG,17,21,4,W 1
43,1968-01-19,time unavailable,H,New York Rangers,5,2,W,REG,18,21,4,W 2
44,1968-01-21,time unavailable,@,Oakland Seals,0,3,L,REG,18,22,4,L 1
45,1968-01-24,time unavailable,H,Oakland Seals,1,4,L,REG,18,23,4,L 2
46,1968-01-27,time unavailable,@,Pittsburgh Penguins,5,3,W,REG,19,23,4,W 1
47,1968-01-28,time unavailable,@,Philadelphia Flyers,2,0,W,REG,20,23,4,W 2
48,1968-01-31,time unavailable,@,Minnesota North Stars,1,6,L,REG,20,24,4,L 1
49,1968-02-01,time unavailable,@,Detroit Red Wings,8,6,W,REG,21,24,4,W 1
50,1968-02-03,time unavailable,@,Montreal Canadiens,1,5,L,REG,21,25,4,L 1
51,1968-02-04,time unavailable,@,Chicago Black Hawks,3,5,L,REG,21,26,4,L 2
52,1968-02-07,time unavailable,H,Minnesota North Stars,2,4,L,REG,21,27,4,L 3
53,1968-02-08,time unavailable,H,Pittsburgh Penguins,3,1,W,REG,22,27,4,W 1
54,1968-02-12,time unavailable,H,Toronto Maple Leafs,2,0,W,REG,23,27,4,W 2
55,1968-02-14,time unavailable,@,St. Louis Blues,2,2,T,REG,23,27,5,T 1
56,1968-02-16,time unavailable,H,Philadelphia Flyers,7,1,W,REG,24,27,5,W 1
57,1968-02-18,time unavailable,H,Boston Bruins,5,6,L,REG,24,28,5,L 1
58,1968-02-24,time unavailable,H,Chicago Black Hawks,3,3,T,REG,24,28,6,T 1
59,1968-02-25,time unavailable,H,St. Louis Blues,4,2,W,REG,25,28,6,W 1
60,1968-02-29,time unavailable,@,Philadelphia Flyers,3,1,W,REG,26,28,6,W 2
61,1968-03-02,time unavailable,@,Toronto Maple Leafs,2,5,L,REG,26,29,6,L 1
62,1968-03-05,time unavailable,H,Montreal Canadiens,2,6,L,REG,26,30,6,L 2
63,1968-03-07,time unavailable,H,Oakland Seals,9,2,W,REG,27,30,6,W 1
64,1968-03-09,time unavailable,@,Pittsburgh Penguins,1,3,L,REG,27,31,6,L 1
65,1968-03-10,time unavailable,@,New York Rangers,4,3,W,REG,28,31,6,W 1
66,1968-03-12,time unavailable,H,Detroit Red Wings,2,2,T,REG,28,31,7,T 1
67,1968-03-14,time unavailable,@,Philadelphia Flyers,0,0,T,REG,28,31,8,T 2,"at Quebec City, QC"
68,1968-03-16,time unavailable,@,Minnesota North Stars,2,1,W,REG,29,31,8,W 1
69,1968-03-20,time unavailable,H,Minnesota North Stars,3,3,T,REG,29,31,9,T 1
70,1968-03-22,time unavailable,H,St. Louis Blues,6,1,W,REG,30,31,9,W 1
71,1968-03-23,time unavailable,H,Philadelphia Flyers,4,2,W,REG,31,31,9,W 2
72,1968-03-26,time unavailable,H,Pittsburgh Penguins,1,2,L,REG,31,32,9,L 1
73,1968-03-27,time unavailable,H,Minnesota North Stars,3,5,L,REG,31,33,9,L 2
74,1968-03-30,time unavailable,@,Oakland Seals,2,2,T,REG,31,33,10,T 1

GP,Date,Time,Location,Opponent,GF,GA,Result,Game Ended In,W,L,T,Streak,Notes
1,1968-04-04,time unavailable,H,Minnesota North Stars,2,1,W,REG,1,0,0,W 1
2,1968-04-06,time unavailable,H,Minnesota North Stars,2,0,W,REG,2,0,0,W 2
3,1968-04-09,time unavailable,@,Minnesota North Stars,5,7,L,REG,2,1,0,L 1
4,1968-04-11,time unavailable,@,Minnesota North Stars,2,3,L,REG,2,2,0,L 2
5,1968-04-13,time unavailable,H,Minnesota North Stars,3,2,W,REG,3,2,0,W 1
6,1968-04-16,time unavailable,@,Minnesota North Stars,3,4,L,OT,3,3,0,L 1
7,1968-04-18,time unavailable,H,Minnesota North Stars,4,9,L,REG,3,4,0,L 2

Dave Amadio,,3-5,D,28,6-1,207,R/-,1,"April 23, 1939",ca,"4 G, 6 A, 10 P"
Jim Anderson,,22,LW,37,5-10,165,L/-,R,"December 1, 1930",ca,"1 G, 2 A, 3 P"
Bryan Campbell,,12,C,23,6-0,173,L/-,R,"March 27, 1944",ca,"6 G, 15 A, 21 P"
Jacques Caron,,30,G,27,6-2,185,-/L,R,"April 21, 1940",ca,"0-1-0, 4.00 GAA"
Mike Corrigan,,19,RW,22,5-10,175,L/-,R,"January 11, 1946",ca,"0 G, 0 A, 0 P"
Bill Flett,,17,RW,24,6-1,205,R/-,R,"July 21, 1943",ca,"26 G, 20 A, 46 P"
Terry Gray,,7,RW,29,6-0,175,R/-,2,"March 21, 1938",ca,"12 G, 16 A, 28 P"
Brent Hughes,,4-5,D,24,6-0,205,L/-,R,"June 17, 1943",ca,"4 G, 10 A, 14 P"
Howie Hughes,,10,RW,28,5-9,180,L/-,R,"April 4, 1939",ca,"9 G, 14 A, 23 P"
Billy Inglis,,22,C,24,5-9,160,L/-,R,"May 11, 1943",ca,"1 G, 1 A, 2 P"
Ted Irvine,,15,LW,23,6-2,195,L/-,1,"December 8, 1944",ca,"18 G, 22 A, 40 P"
Larry Johnston,,5,D,24,5-11,195,R/-,R,"July 20, 1943",ca,"0 G, 0 A, 0 P"
Eddie Joyal,,16,C,27,6-0,178,L/-,4,"May 8, 1940",ca,"23 G, 34 A, 57 P"
Brian Kilrea,,19,C,33,5-11,175,R/-,1,"October 21, 1934",ca,"3 G, 5 A, 8 P"
Gord Labossiere,,20,C,28,6-1,190,R/-,2,"January 2, 1940",ca,"13 G, 27 A, 40 P"
Jacques Lemieux,,4,D,24,6-2,190,R/-,R,"April 8, 1943",ca,"0 G, 3 A, 3 P"
Real Lemieux,,9,LW,23,5-11,180,L/-,1,"January 3, 1945",ca,"12 G, 23 A, 35 P"
Lowell MacDonald,,11,RW,26,5-11,185,R/-,4,"August 30, 1941",ca,"21 G, 24 A, 45 P"
Howie Menard,,19,C,25,5-8,160,R/-,1,"April 28, 1942",ca,"9 G, 15 A, 24 P"
Jim Murray,,4,D,24,6-1,165,L/-,R,"November 25, 1943",ca,"0 G, 2 A, 2 P"
Poul Popiel,,3,D,24,5-10,175,L/-,1,"February 28, 1943",dk,"0 G, 0 A, 0 P"
Doug Robinson,,23,LW,27,6-2,197,L/-,3,"August 27, 1940",ca,"9 G, 9 A, 18 P"
Dale Rolfe,,6,D,27,6-4,210,L/-,1,"April 30, 1940",ca,"3 G, 13 A, 16 P"
Wayne Rutledge,,1,G,26,6-2,200,-/L,R,"January 5, 1942",ca,"20-18-4, 2.87 GAA"
Terry Sawchuk,,30,G,38,5-11,195,-/L,18,"December 28, 1929",ca,"11-14-6, 3.07 GAA"
Brian Smith,,8-12,LW,27,5-11,170,R/-,R,"September 6, 1940",ca,"10 G, 9 A, 19 P"
Bob Wall,(C),2,D,25,5-10,171,L/-,3,"December 1, 1942",ca,"5 G, 18 A, 23 P"
Bill White,,21,D,28,6-2,195,R/-,R,"August 26, 1939",ca,"11 G, 27 A, 38 P"
