Philadelphia Flyers,PHI,nhl
1967-68,1968
31
74
7
GP,Date,Time,Location,Opponent,GF,GA,Result,Game Ended In,W,L,T,Streak,Notes
1,1967-10-11,time unavailable,@,Oakland Seals,1,5,L,REG,0,1,0,L 1
2,1967-10-14,time unavailable,@,Los Angeles Kings,2,4,L,REG,0,2,0,L 2
3,1967-10-18,time unavailable,@,St. Louis Blues,2,1,W,REG,1,2,0,W 1
4,1967-10-19,time unavailable,H,Pittsburgh Penguins,1,0,W,REG,2,2,0,W 2
5,1967-10-22,time unavailable,H,Oakland Seals,5,2,W,REG,3,2,0,W 3
6,1967-10-28,time unavailable,H,Detroit Red Wings,1,3,L,REG,3,3,0,L 1
7,1967-10-29,time unavailable,H,Oakland Seals,2,2,T,REG,3,3,1,T 1
8,1967-11-02,time unavailable,H,Minnesota North Stars,1,3,L,REG,3,4,1,L 1
9,1967-11-04,time unavailable,@,Montreal Canadiens,4,1,W,REG,4,4,1,W 1
10,1967-11-05,time unavailable,H,Montreal Canadiens,1,1,T,REG,4,4,2,T 1
11,1967-11-08,time unavailable,@,Pittsburgh Penguins,1,1,T,REG,4,4,3,T 2
12,1967-11-12,time unavailable,@,Boston Bruins,4,2,W,REG,5,4,3,W 1
13,1967-11-15,time unavailable,@,Pittsburgh Penguins,0,5,L,REG,5,5,3,L 1
14,1967-11-16,time unavailable,H,New York Rangers,3,2,W,REG,6,5,3,W 1
15,1967-11-18,time unavailable,@,Minnesota North Stars,2,2,T,REG,6,5,4,T 1
16,1967-11-19,time unavailable,H,St. Louis Blues,3,2,W,REG,7,5,4,W 1
17,1967-11-22,time unavailable,H,Detroit Red Wings,4,2,W,REG,8,5,4,W 2
18,1967-11-25,time unavailable,@,St. Louis Blues,2,1,W,REG,9,5,4,W 3
19,1967-11-26,time unavailable,H,Los Angeles Kings,7,2,W,REG,10,5,4,W 4
20,1967-11-29,time unavailable,@,Chicago Black Hawks,1,3,L,REG,10,6,4,L 1
21,1967-11-30,time unavailable,H,Oakland Seals,1,3,L,REG,10,7,4,L 2
22,1967-12-03,time unavailable,H,St. Louis Blues,4,2,W,REG,11,7,4,W 1
23,1967-12-06,time unavailable,@,Oakland Seals,2,4,L,REG,11,8,4,L 1
24,1967-12-08,time unavailable,@,Los Angeles Kings,3,0,W,REG,12,8,4,W 1
25,1967-12-10,time unavailable,H,Chicago Black Hawks,0,3,L,REG,12,9,4,L 1
26,1967-12-14,time unavailable,H,St. Louis Blues,2,2,T,REG,12,9,5,T 1
27,1967-12-16,time unavailable,@,St. Louis Blues,1,0,W,REG,13,9,5,W 1
28,1967-12-17,time unavailable,H,Pittsburgh Penguins,2,1,W,REG,14,9,5,W 2
29,1967-12-21,time unavailable,H,Minnesota North Stars,6,0,W,REG,15,9,5,W 3
30,1967-12-23,time unavailable,@,Chicago Black Hawks,2,3,L,REG,15,10,5,L 1
31,1967-12-25,time unavailable,H,New York Rangers,1,3,L,REG,15,11,5,L 2
32,1967-12-28,time unavailable,@,Detroit Red Wings,3,5,L,REG,15,12,5,L 3
33,1967-12-30,time unavailable,@,Los Angeles Kings,2,0,W,REG,16,12,5,W 1
34,1967-12-31,time unavailable,H,Los Angeles Kings,9,1,W,REG,17,12,5,W 2
35,1968-01-04,time unavailable,H,Boston Bruins,2,3,L,REG,17,13,5,L 1
36,1968-01-06,time unavailable,@,Pittsburgh Penguins,2,2,T,REG,17,13,6,T 1
37,1968-01-07,time unavailable,H,Pittsburgh Penguins,3,1,W,REG,18,13,6,W 1
38,1968-01-10,time unavailable,@,Minnesota North Stars,4,6,L,REG,18,14,6,L 1
39,1968-01-11,time unavailable,H,Montreal Canadiens,2,4,L,REG,18,15,6,L 2
40,1968-01-14,time unavailable,@,Oakland Seals,6,3,W,REG,19,15,6,W 1
41,1968-01-18,time unavailable,@,Minnesota North Stars,4,2,W,REG,20,15,6,W 2
42,1968-01-20,time unavailable,@,Boston Bruins,2,4,L,REG,20,16,6,L 1
43,1968-01-21,time unavailable,H,St. Louis Blues,2,2,T,REG,20,16,7,T 1
44,1968-01-24,time unavailable,@,Toronto Maple Leafs,2,1,W,REG,21,16,7,W 1
45,1968-01-25,time unavailable,H,Minnesota North Stars,0,3,L,REG,21,17,7,L 1
46,1968-01-27,time unavailable,@,Detroit Red Wings,2,3,L,REG,21,18,7,L 2
47,1968-01-28,time unavailable,H,Los Angeles Kings,0,2,L,REG,21,19,7,L 3
48,1968-02-01,time unavailable,H,Oakland Seals,3,3,T,REG,21,19,8,T 1
49,1968-02-03,time unavailable,H,Chicago Black Hawks,5,3,W,REG,22,19,8,W 1
50,1968-02-04,time unavailable,H,Toronto Maple Leafs,4,1,W,REG,23,19,8,W 2
51,1968-02-07,time unavailable,@,Montreal Canadiens,1,4,L,REG,23,20,8,L 1
52,1968-02-10,time unavailable,@,St. Louis Blues,2,1,W,REG,24,20,8,W 1
53,1968-02-11,time unavailable,@,Minnesota North Stars,3,2,W,REG,25,20,8,W 2
54,1968-02-14,time unavailable,@,Oakland Seals,0,4,L,REG,25,21,8,L 1
55,1968-02-16,time unavailable,@,Los Angeles Kings,1,7,L,REG,25,22,8,L 2
56,1968-02-18,time unavailable,@,New York Rangers,1,3,L,REG,25,23,8,L 3
57,1968-02-21,time unavailable,@,Pittsburgh Penguins,1,1,T,REG,25,23,9,T 1
58,1968-02-22,time unavailable,H,Minnesota North Stars,7,3,W,REG,26,23,9,W 1
59,1968-02-25,time unavailable,H,Pittsburgh Penguins,1,2,L,REG,26,24,9,L 1
60,1968-02-29,time unavailable,H,Los Angeles Kings,1,3,L,REG,26,25,9,L 2
61,1968-03-02,time unavailable,@,New York Rangers,0,4,L,REG,26,26,9,L 3
62,1968-03-03,time unavailable,H,Oakland Seals,1,1,T,REG,26,26,10,T 1,"at New York, NY"
63,1968-03-06,time unavailable,@,Toronto Maple Leafs,2,7,L,REG,26,27,10,L 1
64,1968-03-07,time unavailable,H,Boston Bruins,1,2,L,REG,26,28,10,L 2,"at Toronto, ON"
65,1968-03-10,time unavailable,H,Minnesota North Stars,2,0,W,REG,27,28,10,W 1,"at Quebec City, QC"
66,1968-03-13,time unavailable,@,Minnesota North Stars,4,2,W,REG,28,28,10,W 2
67,1968-03-14,time unavailable,H,Los Angeles Kings,0,0,T,REG,28,28,11,T 1,"at Quebec City, QC"
68,1968-03-17,time unavailable,H,Toronto Maple Leafs,7,4,W,REG,29,28,11,W 1,"at Quebec City, QC"
69,1968-03-20,time unavailable,@,Oakland Seals,5,1,W,REG,30,28,11,W 2
70,1968-03-23,time unavailable,@,Los Angeles Kings,2,4,L,REG,30,29,11,L 1
71,1968-03-27,time unavailable,@,St. Louis Blues,0,3,L,REG,30,30,11,L 2
72,1968-03-28,time unavailable,H,St. Louis Blues,2,0,W,REG,31,30,11,W 1,"at Quebec City, QC"
73,1968-03-30,time unavailable,H,Pittsburgh Penguins,0,2,L,REG,31,31,11,L 1,"at Quebec City, QC"
74,1968-03-31,time unavailable,@,Pittsburgh Penguins,1,5,L,REG,31,32,11,L 2

GP,Date,Time,Location,Opponent,GF,GA,Result,Game Ended In,W,L,T,Streak,Notes
1,1968-04-04,time unavailable,H,St. Louis Blues,0,1,L,REG,0,1,0,L 1
2,1968-04-06,time unavailable,H,St. Louis Blues,4,3,W,REG,1,1,0,W 1
3,1968-04-10,time unavailable,@,St. Louis Blues,2,3,L,2OT,1,2,0,L 1
4,1968-04-11,time unavailable,@,St. Louis Blues,2,5,L,REG,1,3,0,L 2
5,1968-04-13,time unavailable,H,St. Louis Blues,6,1,W,REG,2,3,0,W 1
6,1968-04-16,time unavailable,@,St. Louis Blues,2,1,W,2OT,3,3,0,W 2
7,1968-04-18,time unavailable,H,St. Louis Blues,1,3,L,REG,3,4,0,L 1

Lou Angotti,(C),7,C,30,5-9,170,R/-,3,"January 16, 1938",ca,"12 G, 37 A, 49 P"
Terry Ball,,24,D,23,5-9,160,R/-,R,"November 29, 1944",ca,"0 G, 0 A, 0 P"
Don Blackburn,,8,LW,29,6-0,190,L/-,1,"May 14, 1938",ca,"9 G, 20 A, 29 P"
Dwight Carruthers,,21,D,23,5-10,186,R/-,1,"November 7, 1944",ca,"0 G, 0 A, 0 P"
Gary Dornhoefer,,12-24,RW,24,6-1,190,R/-,3,"February 2, 1943",ca,"13 G, 30 A, 43 P"
Doug Favell,,1,G,22,5-10,172,-/L,R,"April 5, 1945",ca,"15-15-6, 2.27 GAA"
Jean Gauthier,,5,D,30,6-1,190,R/-,6,"April 29, 1937",ca,"5 G, 7 A, 12 P"
Jean-Guy Gendron,,20,LW,33,5-9,165,L/-,9,"August 30, 1934",ca,"0 G, 1 A, 1 P"
John Hanna,,6,D,32,5-11,175,R/-,4,"April 5, 1935",ca,"0 G, 0 A, 0 P"
Pat Hannigan,,14,RW,31,5-10,183,R/-,3,"March 5, 1936",ca,"11 G, 15 A, 26 P"
Wayne Hicks,,17,RW,30,5-11,185,R/-,3,"April 9, 1937",us,"2 G, 7 A, 9 P"
Ed Hoekstra,,18,C,30,5-11,170,R/-,R,"November 4, 1937",ca,"15 G, 21 A, 36 P"
Jim Johnson,,21,C,25,5-9,190,L/-,3,"November 7, 1942",ca,"2 G, 1 A, 3 P"
Forbes Kennedy,,22,C,32,5-8,150,L/-,9,"August 18, 1935",ca,"10 G, 18 A, 28 P"
Andre Lacroix,,15,C,22,5-8,175,L/-,R,"June 5, 1945",ca,"6 G, 8 A, 14 P"
Claude Laforge,,16,LW,31,5-9,172,L/-,6,"July 1, 1936",ca,"9 G, 16 A, 25 P"
Ralph MacSweyn,,12,D,25,5-11,190,R/-,R,"September 8, 1942",ca,"0 G, 0 A, 0 P"
John Miszuk,,4,D,27,6-1,192,L/-,3,"September 29, 1940",pl,"5 G, 17 A, 22 P"
Simon Nolet,,21-22,RW,26,5-9,185,R/-,R,"November 23, 1941",ca,"0 G, 0 A, 0 P"
Rosaire Paiement,,20,RW,22,5-11,170,R/-,R,"August 12, 1945",ca,"1 G, 0 A, 1 P"
Bernie Parent,,30,G,22,5-10,180,-/L,2,"April 3, 1945",ca,"16-17-5, 2.48 GAA"
Roger Pelletier,,19,D,22,5-11,195,R/-,R,"June 22, 1945",ca,"0 G, 0 A, 0 P"
Garry Peters,,15,C,25,5-10,185,L/-,3,"October 9, 1942",ca,"7 G, 5 A, 12 P"
Leon Rochefort,,9,RW,28,6-0,185,R/-,6,"May 4, 1939",ca,"21 G, 21 A, 42 P"
Brit Selby,,10,LW,22,5-10,175,L/-,3,"March 27, 1945",ca,"15 G, 15 A, 30 P"
Art Stratton,,19,C,32,5-11,170,L/-,3,"October 8, 1935",ca,"0 G, 4 A, 4 P"
Bill Sutherland,,11,LW,33,5-10,160,L/-,R,"November 10, 1934",ca,"20 G, 9 A, 29 P"
Ed Van Impe,,2,D,27,5-10,205,L/-,1,"May 27, 1940",ca,"4 G, 13 A, 17 P"
Joe Watson,,3,D,24,5-10,185,L/-,2,"July 6, 1943",ca,"5 G, 14 A, 19 P"
Keith Wright,,20,LW,23,6-0,180,L/-,R,"April 13, 1944",ca,"0 G, 0 A, 0 P"
Larry Zeidel,,24,D,39,5-11,185,L/-,3,"June 1, 1928",ca,"1 G, 10 A, 11 P"
