Toronto Maple Leafs,TOR,nhl
1967-68,1968
30
74
0
GP,Date,Time,Location,Opponent,GF,GA,Result,Game Ended In,W,L,T,Streak,Notes
1,1967-10-14,time unavailable,H,Chicago Black Hawks,5,1,W,REG,1,0,0,W 1
2,1967-10-15,time unavailable,@,Chicago Black Hawks,5,3,W,REG,2,0,0,W 2
3,1967-10-18,time unavailable,H,Detroit Red Wings,2,3,L,REG,2,1,0,L 1
4,1967-10-19,time unavailable,@,Montreal Canadiens,0,1,L,REG,2,2,0,L 2
5,1967-10-21,time unavailable,H,New York Rangers,3,5,L,REG,2,3,0,L 3
6,1967-10-25,time unavailable,H,Los Angeles Kings,4,2,W,REG,3,3,0,W 1
7,1967-10-28,time unavailable,H,Oakland Seals,5,2,W,REG,4,3,0,W 2
8,1967-10-29,time unavailable,@,New York Rangers,2,3,L,REG,4,4,0,L 1
9,1967-11-01,time unavailable,H,Montreal Canadiens,5,0,W,REG,5,4,0,W 1
10,1967-11-02,time unavailable,@,Detroit Red Wings,9,3,W,REG,6,4,0,W 2
11,1967-11-04,time unavailable,H,New York Rangers,4,2,W,REG,7,4,0,W 3
12,1967-11-05,time unavailable,@,Boston Bruins,2,2,T,REG,7,4,1,T 1
13,1967-11-08,time unavailable,@,Oakland Seals,6,1,W,REG,8,4,1,W 1
14,1967-11-09,time unavailable,@,Los Angeles Kings,1,4,L,REG,8,5,1,L 1
15,1967-11-11,time unavailable,@,Minnesota North Stars,1,2,L,REG,8,6,1,L 2
16,1967-11-15,time unavailable,H,Boston Bruins,4,2,W,REG,9,6,1,W 1
17,1967-11-18,time unavailable,H,Chicago Black Hawks,2,2,T,REG,9,6,2,T 1
18,1967-11-19,time unavailable,@,Boston Bruins,2,6,L,REG,9,7,2,L 1
19,1967-11-22,time unavailable,H,Minnesota North Stars,3,0,W,REG,10,7,2,W 1
20,1967-11-25,time unavailable,H,Detroit Red Wings,3,2,W,REG,11,7,2,W 2
21,1967-11-29,time unavailable,H,Montreal Canadiens,2,1,W,REG,12,7,2,W 3
22,1967-11-30,time unavailable,@,Detroit Red Wings,3,3,T,REG,12,7,3,T 1
23,1967-12-02,time unavailable,H,Oakland Seals,3,0,W,REG,13,7,3,W 1
24,1967-12-06,time unavailable,@,Minnesota North Stars,1,1,T,REG,13,7,4,T 1
25,1967-12-09,time unavailable,H,Boston Bruins,3,3,T,REG,13,7,5,T 2
26,1967-12-10,time unavailable,@,St. Louis Blues,1,2,L,REG,13,8,5,L 1
27,1967-12-13,time unavailable,H,Pittsburgh Penguins,1,2,L,REG,13,9,5,L 2
28,1967-12-16,time unavailable,H,New York Rangers,4,2,W,REG,14,9,5,W 1
29,1967-12-17,time unavailable,@,Chicago Black Hawks,0,2,L,REG,14,10,5,L 1
30,1967-12-20,time unavailable,@,Montreal Canadiens,0,5,L,REG,14,11,5,L 2
31,1967-12-23,time unavailable,H,Detroit Red Wings,5,3,W,REG,15,11,5,W 1
32,1967-12-25,time unavailable,@,Detroit Red Wings,3,1,W,REG,16,11,5,W 2
33,1967-12-27,time unavailable,H,Montreal Canadiens,2,2,T,REG,16,11,6,T 1
34,1967-12-30,time unavailable,H,St. Louis Blues,8,1,W,REG,17,11,6,W 1
35,1967-12-31,time unavailable,@,New York Rangers,0,4,L,REG,17,12,6,L 1
36,1968-01-03,time unavailable,@,Montreal Canadiens,1,1,T,REG,17,12,7,T 1
37,1968-01-06,time unavailable,H,Boston Bruins,3,3,T,REG,17,12,8,T 2
38,1968-01-07,time unavailable,@,New York Rangers,2,6,L,REG,17,13,8,L 1
39,1968-01-10,time unavailable,H,Detroit Red Wings,2,1,W,REG,18,13,8,W 1
40,1968-01-12,time unavailable,@,Pittsburgh Penguins,3,4,L,REG,18,14,8,L 1
41,1968-01-13,time unavailable,H,Pittsburgh Penguins,7,0,W,REG,19,14,8,W 1
42,1968-01-18,time unavailable,@,Boston Bruins,4,2,W,REG,20,14,8,W 2
43,1968-01-20,time unavailable,H,Minnesota North Stars,5,1,W,REG,21,14,8,W 3
44,1968-01-21,time unavailable,@,Detroit Red Wings,2,0,W,REG,22,14,8,W 4
45,1968-01-24,time unavailable,H,Philadelphia Flyers,1,2,L,REG,22,15,8,L 1
46,1968-01-27,time unavailable,H,Chicago Black Hawks,1,4,L,REG,22,16,8,L 2
47,1968-01-28,time unavailable,@,Chicago Black Hawks,3,1,W,REG,23,16,8,W 1
48,1968-01-30,time unavailable,@,Montreal Canadiens,0,3,L,REG,23,17,8,L 1
49,1968-02-03,time unavailable,@,Pittsburgh Penguins,3,3,T,REG,23,17,9,T 1
50,1968-02-04,time unavailable,@,Philadelphia Flyers,1,4,L,REG,23,18,9,L 1
51,1968-02-07,time unavailable,@,Chicago Black Hawks,2,3,L,REG,23,19,9,L 2
52,1968-02-11,time unavailable,@,Oakland Seals,3,4,L,REG,23,20,9,L 3
53,1968-02-12,time unavailable,@,Los Angeles Kings,0,2,L,REG,23,21,9,L 4
54,1968-02-14,time unavailable,H,Montreal Canadiens,2,4,L,REG,23,22,9,L 5
55,1968-02-17,time unavailable,H,New York Rangers,2,3,L,REG,23,23,9,L 6
56,1968-02-21,time unavailable,H,St. Louis Blues,1,5,L,REG,23,24,9,L 7
57,1968-02-24,time unavailable,H,Boston Bruins,1,0,W,REG,24,24,9,W 1
58,1968-02-25,time unavailable,@,New York Rangers,1,3,L,REG,24,25,9,L 1
59,1968-02-28,time unavailable,H,Chicago Black Hawks,0,1,L,REG,24,26,9,L 2
60,1968-02-29,time unavailable,@,Boston Bruins,1,4,L,REG,24,27,9,L 3
61,1968-03-02,time unavailable,H,Los Angeles Kings,5,2,W,REG,25,27,9,W 1
62,1968-03-06,time unavailable,H,Philadelphia Flyers,7,2,W,REG,26,27,9,W 2
63,1968-03-09,time unavailable,H,Detroit Red Wings,7,5,W,REG,27,27,9,W 3
64,1968-03-10,time unavailable,@,Chicago Black Hawks,0,4,L,REG,27,28,9,L 1
65,1968-03-13,time unavailable,@,St. Louis Blues,3,3,T,REG,27,28,10,T 1
66,1968-03-16,time unavailable,H,Boston Bruins,3,0,W,REG,28,28,10,W 1
67,1968-03-17,time unavailable,@,Philadelphia Flyers,4,7,L,REG,28,29,10,L 1,"at Quebec City, QC"
68,1968-03-20,time unavailable,@,Montreal Canadiens,2,3,L,REG,28,30,10,L 2
69,1968-03-21,time unavailable,@,Detroit Red Wings,5,2,W,REG,29,30,10,W 1
70,1968-03-23,time unavailable,H,New York Rangers,3,1,W,REG,30,30,10,W 2
71,1968-03-24,time unavailable,@,New York Rangers,2,4,L,REG,30,31,10,L 1
72,1968-03-27,time unavailable,H,Montreal Canadiens,6,0,W,REG,31,31,10,W 1
73,1968-03-30,time unavailable,H,Chicago Black Hawks,3,0,W,REG,32,31,10,W 2
74,1968-03-31,time unavailable,@,Boston Bruins,4,1,W,REG,33,31,10,W 3

Time,Location,Result,Game Ended In

George Armstrong,(C),10,RW,37,6-1,184,R/-,17,"July 6, 1930",ca,"13 G, 21 A, 34 P"
Johnny Bower,,1,G,43,5-11,189,-/L,12,"November 8, 1924",ca,"14-18-7, 2.25 GAA"
Mike Byers,,24,RW,21,5-10,185,R/-,R,"September 11, 1946",ca,"2 G, 2 A, 4 P"
Wayne Carleton,,25,LW,21,6-3,212,L/-,2,"August 4, 1946",ca,"8 G, 11 A, 19 P"
Brian Conacher,,22,LW,26,6-3,197,L/-,3,"August 31, 1941",ca,"11 G, 14 A, 25 P"
Ron Ellis,,8,RW,23,5-9,195,R/-,4,"January 8, 1945",ca,"28 G, 20 A, 48 P"
Bruce Gamble,,30,G,29,5-9,200,-/L,5,"May 24, 1938",ca,"19-13-3, 2.32 GAA"
Duke Harris,,17,RW,25,5-10,180,R/-,R,"February 25, 1942",ca,"0 G, 0 A, 0 P"
Paul Henderson,,19,LW,25,5-11,180,R/-,5,"January 28, 1943",ca,"5 G, 6 A, 11 P"
Larry Hillman,,2,D,30,6-0,185,L/-,13,"February 5, 1937",ca,"3 G, 17 A, 20 P"
Andre Hinse,,23,LW,22,5-9,175,L/-,R,"April 19, 1945",ca,"0 G, 0 A, 0 P"
Tim Horton,,7,D,38,5-10,180,R/-,17,"January 12, 1930",ca,"4 G, 23 A, 27 P"
Dave Keon,,14,C,27,5-9,165,L/-,7,"March 22, 1940",ca,"11 G, 37 A, 48 P"
Frank Mahovlich,,27,LW,30,6-0,205,L/-,11,"January 10, 1938",ca,"19 G, 17 A, 36 P"
Tom Martin,,17,RW,20,5-9,170,R/-,R,"October 16, 1947",ca,"1 G, 0 A, 1 P"
Jim McKenny,,17,D,21,5-11,192,R/-,2,"December 1, 1946",ca,"1 G, 0 A, 1 P"
Murray Oliver,,11,C,30,5-10,170,L/-,9,"November 14, 1937",ca,"16 G, 21 A, 37 P"
Jim Pappin,,18,RW,28,6-0,190,R/-,4,"September 10, 1939",ca,"13 G, 15 A, 28 P"
J.P. Parise,,17,LW,26,5-9,175,L/-,2,"December 11, 1941",ca,"0 G, 1 A, 1 P"
Mike Pelyk,,28,D,20,6-1,190,L/-,R,"September 29, 1947",ca,"0 G, 3 A, 3 P"
Marcel Pronovost,,3,D,37,6-0,190,L/-,17,"June 15, 1930",ca,"3 G, 17 A, 20 P"
Bob Pulford,,20,LW,31,5-11,188,L/-,11,"March 31, 1936",ca,"20 G, 30 A, 50 P"
Duane Rupp,,4,D,29,6-1,195,L/-,4,"March 29, 1938",ca,"1 G, 8 A, 9 P"
Darryl Sly,,21,D,28,5-11,185,R/-,1,"April 3, 1939",ca,"0 G, 0 A, 0 P"
Floyd Smith,,17,RW,32,5-10,180,R/-,8,"May 16, 1935",ca,"6 G, 1 A, 7 P"
Allan Stanley,,26,D,41,6-1,170,L/-,19,"March 1, 1926",ca,"1 G, 13 A, 14 P"
Pete Stemkowski,,12,C,24,6-1,196,L/-,4,"August 25, 1943",ca,"7 G, 15 A, 22 P"
Norm Ullman,,9,C,32,5-10,175,L/-,12,"December 26, 1935",ca,"5 G, 12 A, 17 P"
Garry Unger,,15,C,20,5-11,170,L/-,R,"December 7, 1947",ca,"1 G, 1 A, 2 P"
Mike Walton,,16,C,23,5-10,175,L/-,2,"January 3, 1945",ca,"30 G, 29 A, 59 P"
