Team Bertens,winter2016,Ice Hockey: Team Bertens (Competitive)
7,6,6,1,1
Sun Jan 17 @ 11:00 pm,Columbia Icefield Arena,won,2,1,3,Indies 3
Sun Jan 24 @ 10:00 am,Columbia Icefield Arena,lost,1,2,3,Luc’s Team
Tue Jan 26 @ 8:00 pm,Columbia Icefield Arena,won,6,0,3,Rev It Up
Fri Jan 29 @ 7:00 pm,Columbia Icefield Arena,won,7,2,2,Team Kernick
Sun Feb 7 @ 5:00 pm,Columbia Icefield Arena,won,6,4,1,The Pylons
Sun Mar 6 @ 11:00 am,Columbia Icefield Arena,won,5,0,2,Ugly Pucklings
Sat Mar 12 @ 4:00 pm,Columbia Icefield Arena,lost,3,5,1,Luc’s Team

Jarryd Buck,Matthew Coppola,Matthew Frazer,Colin Hilliard,Casey McLewin,Weston Morlock,Steven Norwood,Michael Phillips,Cameron Tolton,Mark Bertens
