Deaks of Hazzard,winter2016,Ice Hockey: Deaks of Hazzard (Competitive)
7,6,6,1,1
Sat Jan 23 @ 1:00 pm,Columbia Icefield Arena,lost,0,6,2,Busch League
Sun Jan 24 @ 3:00 pm,Columbia Icefield Arena,lost,1,6,2,Mark Pahulje and Friends
Sun Jan 31 @ 4:00 pm,Columbia Icefield Arena,lost,2,3,1,The Pylons
Tue Feb 2 @ 11:00 pm,Columbia Icefield Arena,lost,2,3,-1,Jagr Bombs
Thu Feb 11 @ 10:00 pm,Columbia Icefield Arena,lost,0,6,2,Indies 2
Thu Mar 3 @ 10:00 pm,Columbia Icefield Arena,lost,2,6,2,Mark Pahulje and Friends
Fri Mar 18 @ 7:00 pm,Columbia Icefield Arena,lost,2,3,1,Tarps Off Donnybrook Time

Scott Clary,Steven Crone,Samuel Dubinsky,Bryan Fumerton,Bradley Hallman,Reid Hayes,Madeleine James,Cassie Jessup,Thomas Kellar,Corey Lefebvre,Melissa Lopes,Sarah Mann,Scott Shaw,Joshua Soares,Danielle Thomas,Christopher Voss,Mitchel Walker,Luc Charlebois
