Tarps Off Donnybrook Time,winter2016,"Ice Hockey: Tarps Off, Donnybrook Time (Competitive)"
7,6,6,1,1
Thu Jan 21 @ 9:00 pm,Columbia Icefield Arena,tie,3,3,3,Cher the Puck
Mon Jan 25 @ 10:00 pm,Columbia Icefield Arena,lost,3,5,2,Mark Pahulje and Friends
Wed Feb 3 @ 11:00 pm,Columbia Icefield Arena,lost,3,6,2,Indies 1
Tue Feb 9 @ 9:00 pm,Columbia Icefield Arena,lost,1,3,1,G-Rebels
Tue Mar 1 @ 11:00 pm,Columbia Icefield Arena,won,4,1,0,Jagr Bombs
Sat Mar 5 @ 10:00 am,Columbia Icefield Arena,lost,2,4,3,Captain Strab
Fri Mar 18 @ 7:00 pm,Columbia Icefield Arena,won,3,2,1,Deaks of Hazzard

Daniel Armstrong,Brandon Brock,Zachary Brown,Dale Drasnin,Dean Drasnin,Mark Hamilton,Ian Klein,Bradley Latchford,Gregory Mittler,Ben Norris,Benjamin Sawicki,Brian Schwan,Joshua Dlugokecki
