Team Kernick,winter2016,Ice Hockey: Team Kernick (Competitive)
9,6,6,3,3
Mon Jan 18 @ 10:00 pm,Columbia Icefield Arena,lost,1,7,3,Indies 1
Sat Jan 23 @ 11:00 pm,Columbia Icefield Arena,tie,4,4,3,Luc’s Team
Fri Jan 29 @ 7:00 pm,Columbia Icefield Arena,lost,2,7,2,Team Bertens
Sun Jan 31 @ 9:00 pm,Columbia Icefield Arena,tie,1,1,2,Ugly Pucklings
Mon Feb 29 @ 10:00 pm,Columbia Icefield Arena,lost,2,5,2,Busch League
Sun Mar 6 @ 10:00 pm,Columbia Icefield Arena,won,7,1,3,Rev It Up
Sat Mar 12 @ 5:00 pm,Columbia Icefield Arena,won,5,1,2,Ugly Pucklings
Mon Mar 14 @ 11:00 pm,Columbia Icefield Arena,won,5,1,1,Indies 1
Mon Mar 21 @ 8:00 pm,Columbia Icefield Arena,lost,3,4,1,Indies 2

Alexander Charlebois,Brendan Conway,Maxime Gagnon,Jesse Gibbon,Caleb Girard,Connor Lanteigne,Nicholas Loader,Brandon Loewen,Lucas McConnell,Edward Pollon,Jesse Schneider,Connor Sprout,Cody Tapsell,Gregory Zaitz,Grant Kernick
