Multiple Scorers,winter2016,Ice Hockey: Multiple Scorers (Competitive)
7,6,6,1,1
Sun Jan 17 @ 10:00 am,Columbia Icefield Arena,won,3,2,3,Indies 2
Sat Jan 23 @ 12:00 pm,Columbia Icefield Arena,lost,2,3,2,The Pylons
Sun Jan 31 @ 10:00 pm,Columbia Icefield Arena,won,5,1,2,Indies 3
Mon Feb 1 @ 10:00 pm,Columbia Icefield Arena,won,2,1,2,G-Rebels
Thu Feb 4 @ 10:00 pm,Columbia Icefield Arena,won,4,2,1,Mark Pahulje and Friends
Thu Feb 11 @ 11:00 pm,Columbia Icefield Arena,won,4,2,2,Jagr Bombs
Tue Mar 15 @ 9:00 pm,Columbia Icefield Arena,lost,3,5,1,G-Rebels

Kyle Arnold,Benjamin Balfour,Vincent Boyer,Mackenzie Gray,Ryan Kleinau,Michael Miller,Curtis Mosier,Greg Prentice,Daniel Rickert,Stephen Rickert,Dexter Shepherd,Chad Van Dyk,Lucas Zambonelli,Stephen Jamison
