Jagr Bombs,winter2016,Ice Hockey: Jagr Bombs (Competitive)
7,6,6,1,1
Sun Jan 24 @ 4:00 pm,Columbia Icefield Arena,lost,3,4,3,G-Rebels
Sun Jan 31 @ 11:00 am,Columbia Icefield Arena,won,6,2,3,Indies 2
Tue Feb 2 @ 11:00 pm,Columbia Icefield Arena,won,3,2,-1,Deaks of Hazzard
Thu Feb 11 @ 11:00 pm,Columbia Icefield Arena,lost,2,4,2,Multiple Scorers
Tue Mar 1 @ 11:00 pm,Columbia Icefield Arena,lost,1,4,1,Tarps Off Donnybrook Time
Tue Mar 8 @ 9:00 pm,Columbia Icefield Arena,won,3,0,avg.,Rev It Up
Sun Mar 20 @ 1:00 pm,Columbia Icefield Arena,lost,2,6,1,Indies 2

Mitchell Eckert,Hayden Edworthy,Daniel Martin,Robert Mason,Edward Murakami,Aaron Ruby,Nicholas Sawatzky,Adam Schefter,Robertson Soosaar,Webster Steele,Jonathan Tessier,Sean Tsandelis,Anthony Vanderheyden,Frank Vrljic,Bradley Whitlock,Brenden Henriques
