Luc’s Team,winter2016,Ice Hockey: Luc’s Team (Competitive)
9,6,6,3,3
Sat Jan 23 @ 11:00 pm,Columbia Icefield Arena,tie,4,4,3,Team Kernick
Sun Jan 24 @ 10:00 am,Columbia Icefield Arena,won,2,1,2,Team Bertens
Fri Jan 29 @ 6:00 pm,Columbia Icefield Arena,tie,3,3,2,Ugly Pucklings
Sat Jan 30 @ 7:00 pm,Columbia Icefield Arena,lost,2,6,3,Captain Strab
Sun Jan 31 @ 12:00 pm,Columbia Icefield Arena,won,4,2,3,Indies 1
Sat Mar 5 @ 11:00 am,Columbia Icefield Arena,won,5,1,3,Busch League
Sat Mar 12 @ 4:00 pm,Columbia Icefield Arena,won,5,3,1,Team Bertens
Fri Mar 18 @ 9:00 pm,Columbia Icefield Arena,won,4,3,1,Captain Strab
Sun Mar 20 @ 4:00 pm,Columbia Icefield Arena,won,3,1,1,Mark Pahulje and Friends

Graham Davison,Connor Dobson,Connor Irvine,Peter Keillor,Chase Konecny,Adam Logan,Stephen Marshall,Joshua Pickering,Gillian Pond,Stephanie Sharp,Darin Shore,Michael Slegers,Zoe Talbot,Luc Hebert
