G-Rebels,winter2016,Ice Hockey: G-Rebels (Competitive)
8,6,6,2,2
Sat Jan 23 @ 3:00 pm,Columbia Icefield Arena,tie,4,4,2,Indies 2
Sun Jan 24 @ 4:00 pm,Columbia Icefield Arena,won,4,3,3,Jagr Bombs
Mon Jan 25 @ 11:00 pm,Columbia Icefield Arena,won,5,3,3,Captain Strab
Mon Feb 1 @ 10:00 pm,Columbia Icefield Arena,lost,1,2,2,Multiple Scorers
Tue Feb 9 @ 9:00 pm,Columbia Icefield Arena,won,3,1,1,Tarps Off Donnybrook Time
Tue Mar 1 @ 10:00 pm,Columbia Icefield Arena,won,3,1,2,Cher the Puck
Tue Mar 15 @ 9:00 pm,Columbia Icefield Arena,won,5,3,1,Multiple Scorers
Sat Mar 19 @ 1:00 pm,Columbia Icefield Arena,lost,1,2,1,Mark Pahulje and Friends

Micah Brubaker-Zehr,Jesse Burt,P. Andrew Clubine,Dirk Friesen,Mackenzie Gingerich,Jeffrey Hagen,Kieran Klassen,Brett Kropf,David Mamujee,John Mordue,Mackenzie Wallace,Kyle Weber,Adrian Neufeld
