Busch League,winter2016,Ice Hockey: Busch League (Competitive)
7,6,6,1,1
Thu Jan 21 @ 11:00 pm,Columbia Icefield Arena,won,6,0,3,Rev It Up
Sat Jan 23 @ 1:00 pm,Columbia Icefield Arena,won,6,0,2,Deaks of Hazzard
Sun Jan 31 @ 11:00 pm,Columbia Icefield Arena,won,3,0,3,The Pylons
Sun Feb 28 @ 10:00 am,Columbia Icefield Arena,tie,4,4,-1,Ugly Pucklings
Mon Feb 29 @ 10:00 pm,Columbia Icefield Arena,won,5,2,2,Team Kernick
Sat Mar 5 @ 11:00 am,Columbia Icefield Arena,lost,1,5,3,Luc’s Team
Sun Mar 13 @ 3:00 pm,Columbia Icefield Arena,lost,4,5,0,Captain Strab

Joel Furlan,Eric Gooley,Brandon Hong,Tyler Hull,Tyler Keller,Christopher Koerth,Jeffrey Kuipers,Maxsym Lysyk,Chris Sayers,Elliot Silverstein,Joel Tremblay,Mackenzie Van Dam,Evan Way,William Politis-Barber
