Indies 2,winter2016,Ice Hockey: Indies 2 (Competitive)
9,6,6,3,3
Sun Jan 17 @ 10:00 am,Columbia Icefield Arena,lost,2,3,3,Multiple Scorers
Sat Jan 23 @ 3:00 pm,Columbia Icefield Arena,tie,4,4,2,G-Rebels
Thu Jan 28 @ 11:00 pm,Columbia Icefield Arena,lost,3,5,2,Indies 1
Sun Jan 31 @ 11:00 am,Columbia Icefield Arena,lost,2,6,3,Jagr Bombs
Thu Feb 11 @ 10:00 pm,Columbia Icefield Arena,won,6,0,0,Deaks of Hazzard
Thu Mar 3 @ 9:00 pm,Columbia Icefield Arena,won,5,2,3,Cher the Puck
Sat Mar 12 @ 2:00 pm,Columbia Icefield Arena,won,6,2,2,The Pylons
Sun Mar 20 @ 1:00 pm,Columbia Icefield Arena,won,6,2,1,Jagr Bombs
Mon Mar 21 @ 8:00 pm,Columbia Icefield Arena,won,4,3,1,Team Kernick

James Cairns,Braxtin Da Roza,Alexandre Doubov,Zachary Lebovics,Austin Lee,Andrew Leest,Shayne Liukkonen,Craig Mackie,Matthew Meister,Cameron Morgan,Samuel Raisbeck,Daniel Sarna
