New York Rangers,NYR,nhl
1950-51,1951
29
70
0
GP,Date,Time,Location,Opponent,GF,GA,Result,Game Ended In,W,L,T,Streak
1,1950-10-11,time unavailable,@,Detroit Red Wings,2,3,L,REG,0,1,0,L 1
2,1950-10-15,time unavailable,@,Chicago Black Hawks,3,2,W,REG,1,1,0,W 1
3,1950-10-19,time unavailable,@,Montreal Canadiens,0,4,L,REG,1,2,0,L 1
4,1950-10-21,time unavailable,@,Toronto Maple Leafs,0,5,L,REG,1,3,0,L 2
5,1950-10-22,time unavailable,@,Boston Bruins,0,0,T,REG,1,3,1,T 1
6,1950-10-25,time unavailable,H,Boston Bruins,1,1,T,REG,1,3,2,T 2
7,1950-10-28,time unavailable,@,Montreal Canadiens,1,5,L,REG,1,4,2,L 1
8,1950-10-29,time unavailable,H,Montreal Canadiens,2,2,T,REG,1,4,3,T 1
9,1950-11-02,time unavailable,@,Detroit Red Wings,2,2,T,REG,1,4,4,T 2
10,1950-11-04,time unavailable,@,Toronto Maple Leafs,2,2,T,REG,1,4,5,T 3
11,1950-11-05,time unavailable,@,Chicago Black Hawks,1,3,L,REG,1,5,5,L 1
12,1950-11-08,time unavailable,H,Toronto Maple Leafs,3,5,L,REG,1,6,5,L 2
13,1950-11-11,time unavailable,@,Montreal Canadiens,1,1,T,REG,1,6,6,T 1
14,1950-11-12,time unavailable,H,Chicago Black Hawks,1,4,L,REG,1,7,6,L 1
15,1950-11-15,time unavailable,H,Boston Bruins,3,4,L,REG,1,8,6,L 2
16,1950-11-18,time unavailable,@,Toronto Maple Leafs,4,5,L,REG,1,9,6,L 3
17,1950-11-19,time unavailable,H,Detroit Red Wings,3,3,T,REG,1,9,7,T 1
18,1950-11-22,time unavailable,H,Montreal Canadiens,3,2,W,REG,2,9,7,W 1
19,1950-11-25,time unavailable,@,Boston Bruins,3,3,T,REG,2,9,8,T 1
20,1950-11-26,time unavailable,H,Toronto Maple Leafs,2,3,L,REG,2,10,8,L 1
21,1950-11-29,time unavailable,H,Chicago Black Hawks,1,1,T,REG,2,10,9,T 1
22,1950-12-02,time unavailable,@,Boston Bruins,3,2,W,REG,3,10,9,W 1
23,1950-12-03,time unavailable,H,Boston Bruins,3,5,L,REG,3,11,9,L 1
24,1950-12-06,time unavailable,H,Detroit Red Wings,0,9,L,REG,3,12,9,L 2
25,1950-12-09,time unavailable,@,Detroit Red Wings,0,5,L,REG,3,13,9,L 3
26,1950-12-10,time unavailable,@,Chicago Black Hawks,3,3,T,REG,3,13,10,T 1
27,1950-12-13,time unavailable,H,Montreal Canadiens,3,2,W,REG,4,13,10,W 1
28,1950-12-16,time unavailable,@,Montreal Canadiens,1,1,T,REG,4,13,11,T 1
29,1950-12-17,time unavailable,H,Detroit Red Wings,3,3,T,REG,4,13,12,T 2
30,1950-12-20,time unavailable,H,Boston Bruins,4,4,T,REG,4,13,13,T 3
31,1950-12-24,time unavailable,H,Chicago Black Hawks,6,1,W,REG,5,13,13,W 1
32,1950-12-25,time unavailable,@,Detroit Red Wings,1,4,L,REG,5,14,13,L 1
33,1950-12-27,time unavailable,H,Toronto Maple Leafs,3,1,W,REG,6,14,13,W 1
34,1950-12-31,time unavailable,H,Boston Bruins,3,0,W,REG,7,14,13,W 2
35,1951-01-01,time unavailable,@,Boston Bruins,2,3,L,REG,7,15,13,L 1
36,1951-01-03,time unavailable,H,Detroit Red Wings,5,3,W,REG,8,15,13,W 1
37,1951-01-06,time unavailable,@,Toronto Maple Leafs,4,2,W,REG,9,15,13,W 2
38,1951-01-07,time unavailable,H,Chicago Black Hawks,3,2,W,REG,10,15,13,W 3
39,1951-01-10,time unavailable,H,Montreal Canadiens,0,3,L,REG,10,16,13,L 1
40,1951-01-13,time unavailable,@,Detroit Red Wings,2,4,L,REG,10,17,13,L 2
41,1951-01-14,time unavailable,H,Toronto Maple Leafs,2,1,W,REG,11,17,13,W 1
42,1951-01-17,time unavailable,H,Boston Bruins,3,3,T,REG,11,17,14,T 1
43,1951-01-20,time unavailable,@,Montreal Canadiens,2,2,T,REG,11,17,15,T 2
44,1951-01-21,time unavailable,@,Boston Bruins,1,5,L,REG,11,18,15,L 1
45,1951-01-25,time unavailable,@,Chicago Black Hawks,2,1,W,REG,12,18,15,W 1
46,1951-01-27,time unavailable,@,Toronto Maple Leafs,1,2,L,REG,12,19,15,L 1
47,1951-01-28,time unavailable,H,Detroit Red Wings,5,3,W,REG,13,19,15,W 1
48,1951-02-01,time unavailable,@,Detroit Red Wings,2,3,L,REG,13,20,15,L 1
49,1951-02-04,time unavailable,@,Chicago Black Hawks,4,4,T,REG,13,20,16,T 1
50,1951-02-07,time unavailable,@,Boston Bruins,2,2,T,REG,13,20,17,T 2
51,1951-02-11,time unavailable,H,Montreal Canadiens,3,1,W,REG,14,20,17,W 1
52,1951-02-14,time unavailable,H,Chicago Black Hawks,5,1,W,REG,15,20,17,W 2
53,1951-02-15,time unavailable,@,Chicago Black Hawks,7,3,W,REG,16,20,17,W 3
54,1951-02-17,time unavailable,@,Toronto Maple Leafs,0,2,L,REG,16,21,17,L 1
55,1951-02-18,time unavailable,H,Toronto Maple Leafs,2,5,L,REG,16,22,17,L 2
56,1951-02-21,time unavailable,H,Boston Bruins,2,2,T,REG,16,22,18,T 1
57,1951-02-24,time unavailable,@,Montreal Canadiens,2,6,L,REG,16,23,18,L 1
58,1951-02-25,time unavailable,H,Detroit Red Wings,6,2,W,REG,17,23,18,W 1
59,1951-03-01,time unavailable,@,Chicago Black Hawks,4,1,W,REG,18,23,18,W 2
60,1951-03-03,time unavailable,@,Boston Bruins,3,3,T,REG,18,23,19,T 1
61,1951-03-04,time unavailable,H,Montreal Canadiens,2,2,T,REG,18,23,20,T 2
62,1951-03-07,time unavailable,H,Chicago Black Hawks,3,1,W,REG,19,23,20,W 1
63,1951-03-10,time unavailable,@,Detroit Red Wings,2,3,L,REG,19,24,20,L 1
64,1951-03-11,time unavailable,H,Montreal Canadiens,5,5,T,REG,19,24,21,T 1
65,1951-03-14,time unavailable,H,Toronto Maple Leafs,1,3,L,REG,19,25,21,L 1
66,1951-03-15,time unavailable,@,Montreal Canadiens,3,5,L,REG,19,26,21,L 2
67,1951-03-17,time unavailable,@,Toronto Maple Leafs,1,3,L,REG,19,27,21,L 3
68,1951-03-18,time unavailable,H,Toronto Maple Leafs,1,4,L,REG,19,28,21,L 4
69,1951-03-21,time unavailable,H,Detroit Red Wings,1,4,L,REG,19,29,21,L 5
70,1951-03-25,time unavailable,H,Chicago Black Hawks,5,2,W,REG,20,29,21,W 1

Time,Location,Result,Game Ended In

Frank Eddolls,(C),2,D,29,5-8,180,L/-,6,"July 5, 1921",ca,"3 G, 8 A, 11 P"
Pat Egan,,6,D,32,5-10,195,R/-,10,"April 25, 1918",ca,"5 G, 10 A, 15 P"
Jack Evans,,3,D,22,6-0,185,L/-,2,"April 21, 1928",gb,"1 G, 0 A, 1 P"
Dunc Fisher,,12,RW,23,5-7,170,R/-,2,"August 30, 1927",ca,"0 G, 0 A, 0 P"
Emile Francis,,1,G,24,5-6,145,-/L,4,"September 13, 1926",ca,"1-1-2, 3.23 GAA"
Jack Gordon,,16,C,22,5-9,154,R/-,2,"March 3, 1928",ca,"0 G, 1 A, 1 P"
Ed Harrison,,17,LW,23,6-0,165,L/-,3,"July 25, 1927",ca,"1 G, 0 A, 1 P"
Vic Howe,,16,RW,21,6-0,172,R/-,R,"November 2, 1929",ca,"1 G, 0 A, 1 P"
Alex Kaleta,,17,LW,31,6-0,175,L/-,6,"November 29, 1919",ca,"3 G, 4 A, 7 P"
Dick Kotanen,,16,D,25,5-11,190,R/-,R,"November 18, 1925",ca,"0 G, 0 A, 0 P"
Eddie Kullman,,14,RW,27,5-7,165,R/-,2,"December 12, 1923",ca,"14 G, 18 A, 32 P"
Bill Kyle,,19,C,26,6-1,210,R/-,1,"December 23, 1924",ca,"0 G, 3 A, 3 P"
Gus Kyle,,15,D,27,6-1,202,L/-,1,"September 11, 1923",ca,"2 G, 3 A, 5 P"
Jack Lancien,,16,D,27,6-0,188,L/-,2,"June 14, 1923",ca,"0 G, 1 A, 1 P"
Edgar Laprade,,10,C,31,5-8,160,R/-,5,"October 10, 1919",ca,"10 G, 13 A, 23 P"
Tony Leswick,,18,LW,27,5-7,160,R/-,5,"March 17, 1923",ca,"15 G, 11 A, 26 P"
Pentti Lund,,9,RW,25,6-0,185,R/-,2,"December 6, 1925",fi,"4 G, 16 A, 20 P"
Jackie McLeod,,19,RW,20,5-9,150,R/-,1,"April 30, 1930",ca,"5 G, 10 A, 15 P"
Nick Mickoski,,11,LW,23,6-1,183,L/-,2,"December 7, 1927",ca,"20 G, 15 A, 35 P"
Buddy O'Connor,,5,C,34,5-8,142,R/-,9,"June 21, 1916",ca,"16 G, 20 A, 36 P"
Don Raleigh,,7,C,24,5-11,150,L/-,4,"June 27, 1926",ca,"15 G, 24 A, 39 P"
Chuck Rayner,,1,G,30,5-11,190,-/L,7,"August 11, 1920",ca,"19-28-19, 2.85 GAA"
Reg Sinclair,,21,RW/C,25,6-0,165,R/-,R,"March 6, 1925",ca,"18 G, 21 A, 39 P"
Ed Slowinski,,20,LW,28,5-11,195,R/-,3,"November 18, 1922",ca,"14 G, 18 A, 32 P"
Allan Stanley,,8,D,24,6-1,170,L/-,2,"March 1, 1926",ca,"7 G, 14 A, 21 P"
Wally Stanowski,,4,D,31,5-11,180,L/-,9,"April 28, 1919",ca,"1 G, 5 A, 6 P"
Zellio Toppazzini,,12,RW,21,5-11,180,R/-,2,"January 5, 1930",ca,"14 G, 14 A, 28 P"
Robert Wood,,4,D,20,6-1,185,L/-,R,"July 9, 1930",ca,"0 G, 0 A, 0 P"
Bill Wylie,,14,C,22,5-7,145,L/-,R,"July 15, 1928",ca,"0 G, 0 A, 0 P"
