Toronto Maple Leafs,TOR,nhl
1950-51,1951
25
70
6,5
GP,Date,Time,Location,Opponent,GF,GA,Result,Game Ended In,W,L,T,Streak
1,1950-10-14,time unavailable,H,Chicago Black Hawks,1,2,L,REG,0,1,0,L 1
2,1950-10-15,time unavailable,@,Detroit Red Wings,4,4,T,REG,0,1,1,T 1
3,1950-10-18,time unavailable,@,Boston Bruins,2,0,W,REG,1,1,1,W 1
4,1950-10-21,time unavailable,H,New York Rangers,5,0,W,REG,2,1,1,W 2
5,1950-10-22,time unavailable,@,Chicago Black Hawks,5,3,W,REG,3,1,1,W 3
6,1950-10-25,time unavailable,H,Detroit Red Wings,1,0,W,REG,4,1,1,W 4
7,1950-10-28,time unavailable,H,Boston Bruins,4,2,W,REG,5,1,1,W 5
8,1950-10-29,time unavailable,@,Chicago Black Hawks,3,3,T,REG,5,1,2,T 1
9,1950-11-01,time unavailable,H,Montreal Canadiens,5,3,W,REG,6,1,2,W 1
10,1950-11-02,time unavailable,@,Montreal Canadiens,2,1,W,REG,7,1,2,W 2
11,1950-11-04,time unavailable,H,New York Rangers,2,2,T,REG,7,1,3,T 1
12,1950-11-08,time unavailable,@,New York Rangers,5,3,W,REG,8,1,3,W 1
13,1950-11-11,time unavailable,H,Detroit Red Wings,1,3,L,REG,8,2,3,L 1
14,1950-11-12,time unavailable,@,Boston Bruins,7,0,W,REG,9,2,3,W 1
15,1950-11-16,time unavailable,@,Montreal Canadiens,2,5,L,REG,9,3,3,L 1
16,1950-11-18,time unavailable,H,New York Rangers,5,4,W,REG,10,3,3,W 1
17,1950-11-19,time unavailable,@,Boston Bruins,1,3,L,REG,10,4,3,L 1
18,1950-11-22,time unavailable,H,Chicago Black Hawks,5,2,W,REG,11,4,3,W 1
19,1950-11-23,time unavailable,@,Detroit Red Wings,2,1,W,REG,12,4,3,W 2
20,1950-11-25,time unavailable,H,Montreal Canadiens,4,1,W,REG,13,4,3,W 3
21,1950-11-26,time unavailable,@,New York Rangers,3,2,W,REG,14,4,3,W 4
22,1950-11-30,time unavailable,@,Montreal Canadiens,0,0,T,REG,14,4,4,T 1
23,1950-12-02,time unavailable,H,Chicago Black Hawks,0,0,T,REG,14,4,5,T 2
24,1950-12-03,time unavailable,@,Chicago Black Hawks,3,3,T,REG,14,4,6,T 3
25,1950-12-06,time unavailable,H,Montreal Canadiens,3,1,W,REG,15,4,6,W 1
26,1950-12-09,time unavailable,H,Boston Bruins,8,1,W,REG,16,4,6,W 2
27,1950-12-10,time unavailable,@,Detroit Red Wings,2,3,L,REG,16,5,6,L 1
28,1950-12-13,time unavailable,H,Detroit Red Wings,3,4,L,REG,16,6,6,L 2
29,1950-12-14,time unavailable,@,Chicago Black Hawks,7,1,W,REG,17,6,6,W 1
30,1950-12-16,time unavailable,H,Chicago Black Hawks,2,3,L,REG,17,7,6,L 1
31,1950-12-17,time unavailable,@,Boston Bruins,4,2,W,REG,18,7,6,W 1
32,1950-12-20,time unavailable,H,Montreal Canadiens,6,1,W,REG,19,7,6,W 2
33,1950-12-23,time unavailable,H,Boston Bruins,2,2,T,REG,19,7,7,T 1
34,1950-12-27,time unavailable,@,New York Rangers,1,3,L,REG,19,8,7,L 1
35,1950-12-30,time unavailable,H,Detroit Red Wings,1,3,L,REG,19,9,7,L 2
36,1950-12-31,time unavailable,@,Detroit Red Wings,4,2,W,REG,20,9,7,W 1
37,1951-01-06,time unavailable,H,New York Rangers,2,4,L,REG,20,10,7,L 1
38,1951-01-09,time unavailable,@,Detroit Red Wings,3,3,T,REG,20,10,8,T 1
39,1951-01-13,time unavailable,H,Chicago Black Hawks,3,3,T,REG,20,10,9,T 2
40,1951-01-14,time unavailable,@,New York Rangers,1,2,L,REG,20,11,9,L 1
41,1951-01-18,time unavailable,@,Montreal Canadiens,5,2,W,REG,21,11,9,W 1
42,1951-01-20,time unavailable,H,Boston Bruins,2,1,W,REG,22,11,9,W 2
43,1951-01-21,time unavailable,@,Detroit Red Wings,0,0,T,REG,22,11,10,T 1
44,1951-01-24,time unavailable,H,Montreal Canadiens,4,3,W,REG,23,11,10,W 1
45,1951-01-27,time unavailable,H,New York Rangers,2,1,W,REG,24,11,10,W 2
46,1951-01-28,time unavailable,@,Chicago Black Hawks,4,3,W,REG,25,11,10,W 3
47,1951-02-01,time unavailable,@,Montreal Canadiens,3,1,W,REG,26,11,10,W 4
48,1951-02-03,time unavailable,H,Chicago Black Hawks,6,3,W,REG,27,11,10,W 5
49,1951-02-04,time unavailable,@,Boston Bruins,3,3,T,REG,27,11,11,T 1
50,1951-02-07,time unavailable,H,Montreal Canadiens,3,1,W,REG,28,11,11,W 1
51,1951-02-10,time unavailable,H,Detroit Red Wings,1,2,L,REG,28,12,11,L 1
52,1951-02-11,time unavailable,@,Chicago Black Hawks,5,3,W,REG,29,12,11,W 1
53,1951-02-15,time unavailable,@,Montreal Canadiens,2,2,T,REG,29,12,12,T 1
54,1951-02-17,time unavailable,H,New York Rangers,2,0,W,REG,30,12,12,W 1
55,1951-02-18,time unavailable,@,New York Rangers,5,2,W,REG,31,12,12,W 2
56,1951-02-21,time unavailable,H,Detroit Red Wings,2,2,T,REG,31,12,13,T 1
57,1951-02-24,time unavailable,H,Boston Bruins,6,2,W,REG,32,12,13,W 1
58,1951-03-01,time unavailable,@,Montreal Canadiens,1,3,L,REG,32,13,13,L 1
59,1951-03-03,time unavailable,H,Chicago Black Hawks,3,0,W,REG,33,13,13,W 1
60,1951-03-05,time unavailable,@,Detroit Red Wings,1,3,L,REG,33,14,13,L 1
61,1951-03-07,time unavailable,H,Detroit Red Wings,0,3,L,REG,33,15,13,L 2
62,1951-03-10,time unavailable,H,Boston Bruins,5,3,W,REG,34,15,13,W 1
63,1951-03-11,time unavailable,@,Boston Bruins,1,3,L,REG,34,16,13,L 1
64,1951-03-14,time unavailable,@,New York Rangers,3,1,W,REG,35,16,13,W 1
65,1951-03-15,time unavailable,@,Chicago Black Hawks,5,3,W,REG,36,16,13,W 2
66,1951-03-17,time unavailable,H,New York Rangers,3,1,W,REG,37,16,13,W 3
67,1951-03-18,time unavailable,@,New York Rangers,4,1,W,REG,38,16,13,W 4
68,1951-03-21,time unavailable,H,Montreal Canadiens,2,0,W,REG,39,16,13,W 5
69,1951-03-24,time unavailable,H,Boston Bruins,4,1,W,REG,40,16,13,W 6
70,1951-03-25,time unavailable,@,Boston Bruins,1,0,W,REG,41,16,13,W 7

GP,Date,Time,Location,Opponent,GF,GA,Result,Game Ended In,W,L,T,Streak
1,1951-03-28,time unavailable,H,Boston Bruins,0,2,L,REG,0,1,0,L 1
2,1951-03-31,time unavailable,H,Boston Bruins,1,1,T,OT,0,1,1,T 1
3,1951-04-01,time unavailable,@,Boston Bruins,3,0,W,REG,1,1,1,W 1
4,1951-04-03,time unavailable,@,Boston Bruins,3,1,W,REG,2,1,1,W 2
5,1951-04-07,time unavailable,H,Boston Bruins,4,1,W,REG,3,1,1,W 3
6,1951-04-08,time unavailable,@,Boston Bruins,6,0,W,REG,4,1,1,W 4
7,1951-04-11,time unavailable,H,Montreal Canadiens,3,2,W,OT,5,1,1,W 5
8,1951-04-14,time unavailable,H,Montreal Canadiens,2,3,L,OT,5,2,1,L 1
9,1951-04-17,time unavailable,@,Montreal Canadiens,2,1,W,OT,6,2,1,W 1
10,1951-04-19,time unavailable,@,Montreal Canadiens,3,2,W,OT,7,2,1,W 2
11,1951-04-21,time unavailable,H,Montreal Canadiens,3,2,W,OT,8,2,1,W 3

Andy Barbe,,14,RW,27,6-0,170,R/-,R,"July 27, 1923",ca,"0 G, 0 A, 0 P"
Bill Barilko,,5,D,23,5-11,180,R/-,4,"March 25, 1927",ca,"6 G, 6 A, 12 P"
Max Bentley,,7,C,30,5-10,155,L/-,8,"March 1, 1920",ca,"21 G, 41 A, 62 P"
Dusty Blair,,14,C,21,5-8,160,R/-,R,"September 15, 1929",ca,"0 G, 0 A, 0 P"
Hugh Bolton,,20,D,21,6-3,186,L/-,1,"April 15, 1929",ca,"1 G, 3 A, 4 P"
Turk Broda,,1,G,36,5-9,180,-/L,12,"May 15, 1914",ca,"14-11-5, 2.23 GAA"
Bobby Copp,,14,D,32,5-11,180,L/-,1,"November 15, 1918",ca,"0 G, 0 A, 0 P"
Fern Flaman,,12,D,24,5-10,190,R/-,6,"January 25, 1927",ca,"2 G, 6 A, 8 P"
Cal Gardner,,17,C,26,6-1,172,L/-,5,"October 30, 1924",ca,"23 G, 28 A, 51 P"
Bob Hassard,,25,C,21,6-0,167,R/-,1,"March 26, 1929",ca,"0 G, 1 A, 1 P"
Bill Juzda,,18,D,30,5-9,190,R/-,7,"October 29, 1920",ca,"0 G, 9 A, 9 P"
Ted Kennedy,(C),10,C,25,5-10,170,R/-,8,"December 12, 1925",ca,"18 G, 43 A, 61 P"
Joe Klukay,,19,RW,28,6-0,182,L/-,4,"November 6, 1922",ca,"14 G, 16 A, 30 P"
Danny Lewicki,,21,LW,19,5-8,147,L/-,R,"March 12, 1931",ca,"16 G, 18 A, 34 P"
Fleming MacKell,,16,C,21,5-7,156,L/-,3,"April 30, 1929",ca,"12 G, 13 A, 25 P"
Phil Maloney,,25,C,23,5-8,165,L/-,1,"October 6, 1927",ca,"1 G, 0 A, 1 P"
John McCormack,,20,C,25,6-0,185,L/-,3,"August 2, 1925",ca,"6 G, 7 A, 13 P"
Howie Meeker,,15,RW,26,5-9,165,R/-,4,"November 4, 1924",ca,"6 G, 14 A, 20 P"
Gus Mortson,,3,D,26,5-11,190,L/-,4,"January 24, 1925",ca,"3 G, 10 A, 13 P"
Al Rollins,,23,G,24,6-2,175,-/L,1,"October 9, 1926",ca,"27-5-8, 1.77 GAA"
Tod Sloan,,11,RW,23,5-10,152,R/-,2,"November 30, 1927",ca,"31 G, 25 A, 56 P"
Sid Smith,,8,LW,25,5-10,173,L/-,4,"July 11, 1925",ca,"30 G, 21 A, 51 P"
Jimmy Thomson,,2,D,23,5-11,175,R/-,5,"February 23, 1927",ca,"3 G, 33 A, 36 P"
Ray Timgren,,22,LW,22,5-9,150,L/-,2,"September 29, 1928",ca,"1 G, 9 A, 10 P"
Harry Watson,,4,LW,27,6-1,207,L/-,7,"May 6, 1923",ca,"18 G, 19 A, 37 P"
