Anaheim Ducks,ANA,nhl
2006-07,2007
35
82
5,5,6,5
GP,Date,Time,Location,Opponent,GF,GA,Result,Game Ended In,W,L,OL,Streak,S,PIM,PPG,SHG,S,PIM,PPG,SHG,Notes
1,2006-10-06,time unavailable,H,Los Angeles Kings,4,3,W,REG,1,0,0,W 1,32,21,1,0,44,17,1,0
2,2006-10-07,time unavailable,@,Phoenix Coyotes,2,1,W,REG,2,0,0,W 2,25,24,2,0,35,22,1,0
3,2006-10-09,time unavailable,H,St. Louis Blues,2,0,W,REG,3,0,0,W 3,34,10,2,0,34,14,0,0
4,2006-10-11,time unavailable,H,New York Islanders,4,5,L,SO,3,0,1,L 1,50,6,2,0,24,12,1,0
5,2006-10-15,time unavailable,H,Dallas Stars,3,4,L,SO,3,0,2,L 2,39,27,0,1,35,15,2,0
6,2006-10-18,time unavailable,H,Detroit Red Wings,4,1,W,REG,4,0,2,W 1,31,28,3,0,22,32,0,0
7,2006-10-20,time unavailable,H,Minnesota Wild,2,1,W,REG,5,0,2,W 2,29,10,0,0,28,8,0,0
8,2006-10-22,time unavailable,@,Los Angeles Kings,3,2,W,SO,6,0,2,W 3,21,11,0,0,31,9,0,0
9,2006-10-25,time unavailable,H,Edmonton Oilers,6,2,W,REG,7,0,2,W 4,20,13,0,0,31,9,1,0
10,2006-10-27,time unavailable,@,Minnesota Wild,2,3,L,SO,7,0,3,L 1,34,50,0,0,33,22,0,0
11,2006-10-28,time unavailable,@,Chicago Blackhawks,3,0,W,REG,8,0,3,W 1,22,18,1,0,14,26,0,0
12,2006-10-30,time unavailable,@,St. Louis Blues,6,5,W,SO,9,0,3,W 2,33,33,2,0,24,21,2,0
13,2006-11-01,time unavailable,H,New York Rangers,3,4,L,OT,9,0,4,L 1,33,31,0,0,34,15,2,0
14,2006-11-03,time unavailable,H,Phoenix Coyotes,6,2,W,REG,10,0,4,W 1,35,10,3,0,27,14,0,0
15,2006-11-06,time unavailable,H,Pittsburgh Penguins,3,2,W,OT,11,0,4,W 2,40,10,2,0,17,22,0,0
16,2006-11-09,time unavailable,@,Vancouver Canucks,6,0,W,REG,12,0,4,W 3,27,13,0,0,20,32,0,0
17,2006-11-10,time unavailable,@,Calgary Flames,0,3,L,REG,12,1,4,L 1,37,14,0,0,18,20,0,0
18,2006-11-12,time unavailable,H,Minnesota Wild,3,2,W,REG,13,1,4,W 1,38,2,1,0,26,10,0,0
19,2006-11-15,time unavailable,H,Philadelphia Flyers,4,7,L,REG,13,2,4,L 1,41,17,2,0,16,21,3,0
20,2006-11-17,time unavailable,H,Chicago Blackhawks,3,4,L,SO,13,2,5,L 2,45,13,2,0,24,29,0,0
21,2006-11-19,time unavailable,H,Phoenix Coyotes,6,4,W,REG,14,2,5,W 1,30,6,2,0,28,8,3,0
22,2006-11-21,time unavailable,H,San Jose Sharks,5,0,W,REG,15,2,5,W 2,44,11,2,0,23,15,0,0
23,2006-11-22,time unavailable,@,Colorado Avalanche,2,3,L,SO,15,2,6,L 1,32,6,1,0,43,8,0,0
24,2006-11-24,time unavailable,H,New Jersey Devils,4,2,W,REG,16,2,6,W 1,37,17,0,1,25,17,1,0
25,2006-11-26,time unavailable,H,Calgary Flames,5,3,W,REG,17,2,6,W 2,39,18,2,0,22,22,1,0
26,2006-11-28,time unavailable,@,Edmonton Oilers,3,2,W,OT,18,2,6,W 3,26,18,1,0,22,16,0,0
27,2006-11-30,time unavailable,@,Vancouver Canucks,2,1,W,REG,19,2,6,W 4,30,4,1,0,24,14,0,0
28,2006-12-02,time unavailable,@,Los Angeles Kings,4,3,W,REG,20,2,6,W 5,29,19,2,0,41,17,2,0
29,2006-12-03,time unavailable,H,Los Angeles Kings,2,3,L,REG,20,3,6,L 1,29,26,1,0,41,6,1,0
30,2006-12-06,time unavailable,H,Nashville Predators,4,0,W,REG,21,3,6,W 1,32,17,2,0,21,15,0,0
31,2006-12-08,time unavailable,@,Washington Capitals,6,1,W,REG,22,3,6,W 2,34,29,0,1,27,23,1,0
32,2006-12-09,time unavailable,@,Tampa Bay Lightning,4,3,W,REG,23,3,6,W 3,25,13,1,0,27,9,0,0
33,2006-12-12,time unavailable,@,Florida Panthers,5,4,W,REG,24,3,6,W 4,36,8,1,0,31,8,0,0
34,2006-12-13,time unavailable,@,Atlanta Thrashers,2,1,W,REG,25,3,6,W 5,32,26,1,0,35,22,1,0
35,2006-12-16,time unavailable,@,San Jose Sharks,3,4,L,REG,25,4,6,L 1,35,21,2,0,29,19,2,0
36,2006-12-18,time unavailable,H,Calgary Flames,4,1,W,REG,26,4,6,W 1,41,19,1,0,28,15,0,0
37,2006-12-20,time unavailable,H,Dallas Stars,4,1,W,REG,27,4,6,W 2,27,15,1,0,27,27,0,0
38,2006-12-23,time unavailable,@,Phoenix Coyotes,0,2,L,REG,27,5,6,L 1,29,8,0,0,32,6,0,0
39,2006-12-26,time unavailable,@,San Jose Sharks,4,3,W,REG,28,5,6,W 1,30,17,0,0,21,13,1,0
40,2006-12-29,time unavailable,@,Carolina Hurricanes,2,4,L,REG,28,6,6,L 1,27,12,1,0,27,12,3,0
41,2006-12-31,time unavailable,@,Minnesota Wild,3,4,L,REG,28,7,6,L 2,30,18,2,0,29,14,3,0
42,2007-01-02,time unavailable,@,Detroit Red Wings,1,2,L,REG,28,8,6,L 3,22,10,1,0,30,10,1,0
43,2007-01-05,time unavailable,H,Columbus Blue Jackets,3,4,L,REG,28,9,6,L 4,36,19,1,0,33,19,0,0
44,2007-01-07,time unavailable,H,Detroit Red Wings,4,2,W,REG,29,9,6,W 1,27,14,0,0,35,4,2,0
45,2007-01-09,time unavailable,@,Nashville Predators,4,5,L,OT,29,9,7,L 1,31,20,2,0,24,20,0,0
46,2007-01-11,time unavailable,@,Dallas Stars,5,1,W,REG,30,9,7,W 1,24,13,3,0,18,30,0,0
47,2007-01-13,time unavailable,H,Colorado Avalanche,2,3,L,SO,30,9,8,L 1,40,6,0,0,17,10,0,0
48,2007-01-16,time unavailable,H,St. Louis Blues,2,6,L,REG,30,10,8,L 2,32,18,1,0,20,24,1,2
49,2007-01-18,time unavailable,@,Edmonton Oilers,1,4,L,REG,30,11,8,L 3,24,18,0,0,20,16,0,0
50,2007-01-19,time unavailable,@,Calgary Flames,2,3,L,REG,30,12,8,L 4,24,23,1,0,22,19,1,0
51,2007-01-28,time unavailable,H,Dallas Stars,4,1,W,REG,31,12,8,W 1,28,31,1,0,31,45,1,0
52,2007-01-31,time unavailable,H,Phoenix Coyotes,2,1,W,REG,32,12,8,W 2,40,6,1,0,25,6,0,0
53,2007-02-03,time unavailable,@,Nashville Predators,0,3,L,REG,32,13,8,L 1,36,64,0,0,20,44,2,0
54,2007-02-06,time unavailable,@,San Jose Sharks,7,4,W,REG,33,13,8,W 1,31,19,0,1,38,11,2,0
55,2007-02-07,time unavailable,H,San Jose Sharks,2,3,L,REG,33,14,8,L 1,22,17,0,0,29,17,1,0
56,2007-02-10,time unavailable,@,Dallas Stars,0,1,L,REG,33,15,8,L 2,32,17,0,0,21,17,1,0
57,2007-02-13,time unavailable,@,Colorado Avalanche,0,2,L,REG,33,16,8,L 3,39,14,0,0,29,10,1,0
58,2007-02-15,time unavailable,@,Phoenix Coyotes,5,4,W,OT,34,16,8,W 1,40,19,3,0,26,35,0,0
59,2007-02-17,time unavailable,@,Los Angeles Kings,3,2,W,SO,35,16,8,W 2,34,29,1,0,32,39,1,0
60,2007-02-18,time unavailable,H,Los Angeles Kings,3,4,L,SO,35,16,9,L 1,42,12,2,0,24,14,2,0
61,2007-02-20,time unavailable,H,Vancouver Canucks,2,3,L,OT,35,16,10,L 2,40,8,1,0,31,8,2,0
62,2007-02-23,time unavailable,@,Dallas Stars,1,4,L,REG,35,17,10,L 3,25,10,0,0,21,12,0,0
63,2007-02-25,time unavailable,H,Colorado Avalanche,5,3,W,REG,36,17,10,W 1,41,10,2,0,26,14,2,0
64,2007-02-26,time unavailable,@,San Jose Sharks,3,2,W,REG,37,17,10,W 2,19,10,0,0,42,2,1,0
65,2007-03-01,time unavailable,@,Los Angeles Kings,3,4,L,OT,37,17,11,L 1,30,12,2,0,21,8,1,0
66,2007-03-02,time unavailable,H,San Jose Sharks,3,1,W,REG,38,17,11,W 1,25,14,2,0,31,12,0,0
67,2007-03-04,time unavailable,H,Nashville Predators,3,2,W,SO,39,17,11,W 2,35,11,0,0,14,17,0,0
68,2007-03-07,time unavailable,H,Phoenix Coyotes,2,1,W,REG,40,17,11,W 3,26,8,1,0,25,4,0,0
69,2007-03-09,time unavailable,H,Edmonton Oilers,5,1,W,REG,41,17,11,W 4,32,13,2,0,29,31,0,1
70,2007-03-11,time unavailable,H,Vancouver Canucks,4,2,W,REG,42,17,11,W 5,24,47,2,0,26,57,0,0
71,2007-03-14,time unavailable,H,Columbus Blue Jackets,4,5,L,SO,42,17,12,L 1,38,16,0,0,27,12,1,0
72,2007-03-16,time unavailable,H,Chicago Blackhawks,5,2,W,REG,43,17,12,W 1,26,68,3,0,33,55,2,0
73,2007-03-18,time unavailable,H,Los Angeles Kings,3,5,L,REG,43,18,12,L 1,27,10,0,0,29,12,2,1
74,2007-03-22,time unavailable,@,Phoenix Coyotes,1,2,L,REG,43,19,12,L 2,23,10,0,0,21,6,0,0
75,2007-03-23,time unavailable,H,Dallas Stars,3,2,W,OT,44,19,12,W 1,35,8,2,0,36,8,1,0
76,2007-03-26,time unavailable,@,Detroit Red Wings,0,1,L,REG,44,20,12,L 1,25,19,0,0,28,19,0,0
77,2007-03-28,time unavailable,@,Chicago Blackhawks,3,1,W,REG,45,20,12,W 1,23,16,0,0,21,16,1,0
78,2007-03-29,time unavailable,@,Columbus Blue Jackets,5,2,W,REG,46,20,12,W 2,31,12,3,0,25,16,0,0
79,2007-03-31,time unavailable,@,St. Louis Blues,3,2,W,OT,47,20,12,W 3,27,13,2,0,22,11,0,0
80,2007-04-04,time unavailable,H,San Jose Sharks,2,3,L,SO,47,20,13,L 1,39,13,1,0,31,15,0,0
81,2007-04-06,time unavailable,@,Dallas Stars,1,2,L,SO,47,20,14,L 2,22,10,0,0,30,6,0,0
82,2007-04-07,time unavailable,@,Columbus Blue Jackets,4,3,W,REG,48,20,14,W 1,25,31,2,0,45,40,0,0

GP,Date,Time,Location,Opponent,GF,GA,Result,Game Ended In,W,L,Streak,S,PIM,PPG,SHG,S,PIM,PPG,SHG,Notes
1,2007-04-11,time unavailable,H,Minnesota Wild,2,1,W,REG,1,0,W 1,34,10,0,0,25,8,0,0
2,2007-04-13,time unavailable,H,Minnesota Wild,3,2,W,REG,2,0,W 2,25,33,2,1,32,29,0,0
3,2007-04-15,time unavailable,@,Minnesota Wild,2,1,W,REG,3,0,W 3,19,14,1,0,20,12,1,0
4,2007-04-17,time unavailable,@,Minnesota Wild,1,4,L,REG,3,1,L 1,29,54,1,0,40,20,1,0
5,2007-04-19,time unavailable,H,Minnesota Wild,4,1,W,REG,4,1,W 1,39,12,1,0,27,10,0,1
6,2007-04-25,time unavailable,H,Vancouver Canucks,5,1,W,REG,5,1,W 2,37,16,2,0,27,18,0,0
7,2007-04-27,time unavailable,H,Vancouver Canucks,1,2,L,2OT,5,2,L 1,44,14,0,0,49,18,0,0
8,2007-04-29,time unavailable,@,Vancouver Canucks,3,2,W,REG,6,2,W 1,24,18,2,0,26,12,1,0
9,2007-05-01,time unavailable,@,Vancouver Canucks,3,2,W,OT,7,2,W 2,30,6,0,0,26,16,0,0
10,2007-05-03,time unavailable,H,Vancouver Canucks,2,1,W,2OT,8,2,W 3,63,12,0,0,27,14,0,0
11,2007-05-11,time unavailable,@,Detroit Red Wings,1,2,L,REG,8,3,L 1,32,19,0,0,19,25,2,0
12,2007-05-13,time unavailable,@,Detroit Red Wings,4,3,W,OT,9,3,W 1,33,18,0,0,27,14,2,1
13,2007-05-15,time unavailable,H,Detroit Red Wings,0,5,L,REG,9,4,L 1,29,31,0,0,28,12,1,0
14,2007-05-17,time unavailable,H,Detroit Red Wings,5,3,W,REG,10,4,W 1,23,16,2,0,39,12,2,0
15,2007-05-20,time unavailable,@,Detroit Red Wings,2,1,W,OT,11,4,W 2,26,16,1,0,37,12,0,0
16,2007-05-22,time unavailable,H,Detroit Red Wings,4,3,W,REG,12,4,W 3,29,12,1,1,29,6,2,0
17,2007-05-28,time unavailable,H,Ottawa Senators,3,2,W,REG,13,4,W 4,32,14,0,0,20,8,2,0
18,2007-05-30,time unavailable,H,Ottawa Senators,1,0,W,REG,14,4,W 5,31,8,0,0,16,8,0,0
19,2007-06-02,time unavailable,@,Ottawa Senators,3,5,L,REG,14,5,L 1,22,24,1,0,29,16,1,0
20,2007-06-04,time unavailable,@,Ottawa Senators,3,2,W,REG,15,5,W 1,21,12,0,0,23,10,1,0
21,2007-06-06,time unavailable,H,Ottawa Senators,6,2,W,REG,16,5,W 2,18,6,2,0,13,12,0,1

Francois Beauchemin,,23,D,26,6-1,208,L/-,2,"June 4, 1980",ca,"7 G, 21 A, 28 P"
Tim Brent,,47,C,22,6-0,188,R/-,R,"March 10, 1984",ca,"1 G, 0 A, 1 P"
Ilya Bryzgalov,,30,G,26,6-3,213,-/L,3,"June 22, 1980",su,"10-8-6, 2.47 GAA"
Sebastien Caron,,29,G,26,6-1,170,-/L,3,"June 25, 1980",ca,"0-0-0, 2.14 GAA"
Stanislav Chistov,,24,RW,23,5-10,200,R/-,2,"April 17, 1983",su,"0 G, 0 A, 0 P"
Joe DiPenta,,33,D,27,6-2,199,L/-,2,"February 25, 1979",ca,"2 G, 6 A, 8 P"
Todd Fedoruk,,29,LW,27,6-2,232,L/-,5,"February 13, 1979",ca,"0 G, 3 A, 3 P"
Ryan Getzlaf,,15,C,21,6-4,221,R/-,1,"May 10, 1985",ca,"25 G, 33 A, 58 P"
Jean-Sebastien Giguere,,35,G,29,6-1,202,-/L,8,"May 16, 1977",ca,"36-10-8, 2.26 GAA"
Curtis Glencross,,46,LW,24,6-1,197,L/-,R,"December 28, 1982",ca,"1 G, 0 A, 1 P"
Travis Green,,39,C,36,6-1,204,R/-,13,"December 20, 1970",ca,"1 G, 1 A, 2 P"
Mark Hartigan,,13,C,29,6-0,200,L/-,4,"October 15, 1977",ca,"0 G, 0 A, 0 P"
Kent Huskins,,40,D,27,6-4,210,L/-,R,"May 4, 1979",ca,"0 G, 3 A, 3 P"
Ric Jackman,,5,D,28,6-2,214,R/-,6,"June 28, 1978",ca,"1 G, 10 A, 11 P"
Chris Kunitz,,14,LW,27,6-0,195,L/-,2,"September 26, 1979",ca,"25 G, 35 A, 60 P"
Todd Marchant,,22,C,33,5-10,179,L/-,12,"August 12, 1973",us,"8 G, 15 A, 23 P"
Brad May,,24,LW,35,6-1,213,L/-,14,"November 29, 1971",ca,"0 G, 1 A, 1 P"
Andy McDonald,,19,C,29,5-10,175,L/-,5,"August 25, 1977",ca,"27 G, 51 A, 78 P"
Bjorn Melin,,43,RW,25,6-1,205,R/-,R,"July 4, 1981",se,"1 G, 0 A, 1 P"
Travis Moen,,32,LW,24,6-2,215,L/-,2,"April 6, 1982",ca,"11 G, 10 A, 21 P"
Ian Moran,,18,D,34,6-0,205,R/-,10,"August 24, 1972",us,"0 G, 0 A, 0 P"
Rob Niedermayer,,44,C,32,6-2,203,L/-,12,"December 28, 1974",ca,"5 G, 11 A, 16 P"
Scott Niedermayer,(C),27,D,33,6-1,194,L/-,14,"August 31, 1973",ca,"15 G, 54 A, 69 P"
Shane O'Brien,,37,D,23,6-3,230,L/-,R,"August 9, 1983",ca,"2 G, 12 A, 14 P"
Sean O'Donnell,,21,D,35,6-2,238,L/-,11,"October 13, 1971",ca,"2 G, 15 A, 17 P"
Samuel Pahlsson,,26,C,29,6-0,202,L/-,5,"December 17, 1977",se,"8 G, 18 A, 26 P"
George Parros,,16,RW,27,6-5,228,R/-,1,"December 29, 1979",us,"1 G, 0 A, 1 P"
Dustin Penner,,17,RW,24,6-4,242,L/-,1,"September 28, 1982",ca,"29 G, 16 A, 45 P"
Corey Perry,,10,RW,21,6-3,210,R/-,1,"May 16, 1985",ca,"17 G, 27 A, 44 P"
Chris Pronger,,25,D,32,6-6,220,-/-,12,"October 10, 1974",ca,"13 G, 46 A, 59 P"
Aaron Rome,,34,D,23,6-1,218,L/-,R,"September 27, 1983",ca,"0 G, 0 A, 0 P"
Teemu Selanne,,8,RW,36,6-0,200,R/-,13,"July 3, 1970",fi,"48 G, 46 A, 94 P"
Ryan Shannon,,38,RW,23,5-9,175,R/-,R,"March 2, 1983",us,"2 G, 9 A, 11 P"
Shawn Thornton,,45,LW,29,6-2,217,R/-,3,"July 23, 1977",ca,"2 G, 7 A, 9 P"
Michael Wall,,31,G,21,6-2,209,-/L,R,"July 25, 1985",ca,"2-2-0, 2.97 GAA"
