Carolina Hurricanes,CAR,nhl
2006-07,2007
30
82
0
GP,Date,Time,Location,Opponent,GF,GA,Result,Game Ended In,W,L,OL,Streak,S,PIM,PPG,SHG,S,PIM,PPG,SHG,Notes
1,2006-10-04,time unavailable,H,Buffalo Sabres,2,3,L,SO,0,0,1,L 1,34,20,1,0,32,20,0,0
2,2006-10-06,time unavailable,H,New Jersey Devils,0,4,L,REG,0,1,1,L 2,29,15,0,0,30,19,1,0
3,2006-10-07,time unavailable,@,Washington Capitals,2,5,L,REG,0,2,1,L 3,27,20,1,0,35,14,2,0
4,2006-10-11,time unavailable,@,Florida Panthers,3,6,L,REG,0,3,1,L 4,35,8,1,0,31,16,1,1
5,2006-10-13,time unavailable,@,Atlanta Thrashers,4,3,W,REG,1,3,1,W 1,33,10,0,0,34,12,0,0
6,2006-10-14,time unavailable,@,Pittsburgh Penguins,5,1,W,REG,2,3,1,W 2,34,25,1,0,26,17,1,0
7,2006-10-16,time unavailable,@,Tampa Bay Lightning,5,1,W,REG,3,3,1,W 3,23,13,3,0,35,21,0,0
8,2006-10-20,time unavailable,@,Buffalo Sabres,4,5,L,REG,3,4,1,L 1,20,10,1,1,29,10,1,1
9,2006-10-21,time unavailable,@,New York Islanders,3,4,L,OT,3,4,2,L 2,40,12,1,1,25,12,3,0
10,2006-10-25,time unavailable,H,Atlanta Thrashers,5,4,W,OT,4,4,2,W 1,38,13,1,0,36,19,0,0
11,2006-10-26,time unavailable,@,Tampa Bay Lightning,1,5,L,REG,4,5,2,L 1,24,10,0,1,27,6,2,0
12,2006-10-28,time unavailable,H,Tampa Bay Lightning,6,4,W,REG,5,5,2,W 1,29,12,2,0,23,12,1,0
13,2006-11-01,time unavailable,@,Atlanta Thrashers,5,2,W,REG,6,5,2,W 2,18,25,0,0,42,25,1,0
14,2006-11-02,time unavailable,H,Montreal Canadiens,0,4,L,REG,6,6,2,L 1,31,12,0,0,27,18,1,2
15,2006-11-04,time unavailable,@,Ottawa Senators,3,2,W,REG,7,6,2,W 1,40,14,2,0,26,14,0,0
16,2006-11-07,time unavailable,@,New Jersey Devils,2,3,L,SO,7,6,3,L 1,28,12,1,0,20,10,1,0
17,2006-11-09,time unavailable,H,Washington Capitals,5,0,W,REG,8,6,3,W 1,39,8,1,0,20,14,0,0
18,2006-11-11,time unavailable,H,Pittsburgh Penguins,6,2,W,REG,9,6,3,W 2,30,21,2,2,20,29,0,0
19,2006-11-13,time unavailable,H,Buffalo Sabres,4,7,L,REG,9,7,3,L 1,35,18,1,0,34,12,3,0
20,2006-11-15,time unavailable,H,New York Rangers,2,1,W,REG,10,7,3,W 1,24,8,0,0,24,8,1,0
21,2006-11-17,time unavailable,@,Washington Capitals,4,1,W,REG,11,7,3,W 2,29,10,2,0,22,12,1,0
22,2006-11-18,time unavailable,H,Dallas Stars,5,4,W,REG,12,7,3,W 3,25,8,2,0,25,18,1,1
23,2006-11-21,time unavailable,@,New York Rangers,0,4,L,REG,12,8,3,L 1,34,6,0,0,27,8,0,0
24,2006-11-22,time unavailable,@,New York Islanders,2,4,L,REG,12,9,3,L 2,15,17,1,0,48,19,0,0
25,2006-11-24,time unavailable,@,Boston Bruins,5,1,W,REG,13,9,3,W 1,40,10,1,0,26,8,1,0
26,2006-11-28,time unavailable,H,Ottawa Senators,1,4,L,REG,13,10,3,L 1,30,12,0,0,36,10,1,0
27,2006-11-30,time unavailable,H,Montreal Canadiens,4,2,W,REG,14,10,3,W 1,48,6,0,0,27,8,0,0
28,2006-12-02,time unavailable,H,Boston Bruins,5,2,W,REG,15,10,3,W 2,30,19,0,1,19,17,0,0
29,2006-12-05,time unavailable,@,Calgary Flames,0,3,L,REG,15,11,3,L 1,23,6,0,0,32,8,0,0
30,2006-12-06,time unavailable,@,Edmonton Oilers,1,3,L,REG,15,12,3,L 2,29,10,0,0,24,8,0,0
31,2006-12-08,time unavailable,@,Vancouver Canucks,3,4,L,OT,15,12,4,L 3,39,20,1,0,31,14,4,0
32,2006-12-11,time unavailable,@,Colorado Avalanche,2,5,L,REG,15,13,4,L 4,28,10,1,0,30,14,3,0
33,2006-12-15,time unavailable,H,Toronto Maple Leafs,3,4,L,REG,15,14,4,L 5,32,14,1,0,25,16,2,0
34,2006-12-16,time unavailable,@,Tampa Bay Lightning,3,2,W,REG,16,14,4,W 1,27,10,1,0,32,8,1,0
35,2006-12-19,time unavailable,@,Philadelphia Flyers,2,1,W,REG,17,14,4,W 2,42,15,0,0,30,19,0,0
36,2006-12-22,time unavailable,H,New York Islanders,5,1,W,REG,18,14,4,W 3,35,20,4,0,25,28,0,0
37,2006-12-23,time unavailable,@,Florida Panthers,3,2,W,OT,19,14,4,W 4,17,12,1,0,36,8,0,0
38,2006-12-26,time unavailable,H,Florida Panthers,4,2,W,REG,20,14,4,W 5,30,13,1,0,27,17,0,0
39,2006-12-28,time unavailable,@,Buffalo Sabres,1,4,L,REG,20,15,4,L 1,30,15,0,1,26,11,1,0
40,2006-12-29,time unavailable,H,Anaheim Ducks,4,2,W,REG,21,15,4,W 1,27,12,3,0,27,12,1,0
41,2006-12-31,time unavailable,H,Philadelphia Flyers,2,5,L,REG,21,16,4,L 1,42,10,1,0,19,18,1,0
42,2007-01-02,time unavailable,@,Pittsburgh Penguins,0,3,L,REG,21,17,4,L 2,31,10,0,0,37,12,1,0
43,2007-01-04,time unavailable,H,Phoenix Coyotes,0,2,L,REG,21,18,4,L 3,29,10,0,0,28,10,0,0
44,2007-01-06,time unavailable,H,New York Islanders,4,2,W,REG,22,18,4,W 1,27,12,2,0,35,12,0,0
45,2007-01-09,time unavailable,@,Toronto Maple Leafs,4,1,W,REG,23,18,4,W 2,29,4,2,0,30,10,0,0
46,2007-01-11,time unavailable,H,Florida Panthers,6,4,W,REG,24,18,4,W 3,27,8,1,0,38,10,1,0
47,2007-01-13,time unavailable,H,Atlanta Thrashers,3,4,L,SO,24,18,5,L 1,27,22,0,0,26,10,1,0
48,2007-01-16,time unavailable,@,Florida Panthers,3,2,W,OT,25,18,5,W 1,27,6,2,0,20,14,1,0
49,2007-01-18,time unavailable,H,Washington Capitals,2,5,L,REG,25,19,5,L 1,36,6,0,0,30,6,1,0
50,2007-01-20,time unavailable,H,Tampa Bay Lightning,5,6,L,SO,25,19,6,L 2,35,2,1,0,29,6,0,0
51,2007-01-26,time unavailable,H,Washington Capitals,6,2,W,REG,26,19,6,W 1,41,23,0,0,26,37,1,0
52,2007-01-27,time unavailable,@,Washington Capitals,3,7,L,REG,26,20,6,L 1,37,12,1,0,23,12,2,1
53,2007-01-30,time unavailable,H,Toronto Maple Leafs,1,4,L,REG,26,21,6,L 2,29,15,0,0,38,13,0,0
54,2007-02-01,time unavailable,H,Tampa Bay Lightning,0,4,L,REG,26,22,6,L 3,31,9,0,0,20,15,2,0
55,2007-02-03,time unavailable,H,Boston Bruins,3,4,L,OT,26,22,7,L 4,37,20,1,0,33,24,2,0
56,2007-02-06,time unavailable,@,Montreal Canadiens,2,1,W,REG,27,22,7,W 1,34,11,2,0,26,13,0,0
57,2007-02-08,time unavailable,@,Boston Bruins,5,2,W,REG,28,22,7,W 2,36,17,1,0,36,27,0,0
58,2007-02-10,time unavailable,@,Minnesota Wild,4,5,L,REG,28,23,7,L 1,26,16,1,0,29,10,2,0
59,2007-02-13,time unavailable,H,Los Angeles Kings,2,1,W,REG,29,23,7,W 1,29,12,1,0,22,6,1,0
60,2007-02-15,time unavailable,H,New York Rangers,1,4,L,REG,29,24,7,L 1,24,11,0,0,27,9,3,0
61,2007-02-17,time unavailable,@,Montreal Canadiens,5,3,W,REG,30,24,7,W 1,32,10,2,1,45,8,0,0
62,2007-02-20,time unavailable,H,Atlanta Thrashers,1,3,L,REG,30,25,7,L 1,34,4,0,0,23,8,0,1
63,2007-02-22,time unavailable,H,Philadelphia Flyers,3,2,W,OT,31,25,7,W 1,30,9,0,1,35,13,0,0
64,2007-02-24,time unavailable,@,Atlanta Thrashers,4,1,W,REG,32,25,7,W 2,28,8,0,0,29,10,0,1
65,2007-02-27,time unavailable,H,Ottawa Senators,2,4,L,REG,32,26,7,L 1,25,6,1,0,35,8,0,0
66,2007-02-28,time unavailable,@,Ottawa Senators,0,2,L,REG,32,27,7,L 2,27,14,0,0,26,20,0,0
67,2007-03-02,time unavailable,H,Pittsburgh Penguins,3,2,W,REG,33,27,7,W 1,26,23,0,0,24,21,0,0
68,2007-03-04,time unavailable,@,Atlanta Thrashers,1,3,L,REG,33,28,7,L 1,36,10,0,0,25,6,1,0
69,2007-03-09,time unavailable,@,Washington Capitals,3,0,W,REG,34,28,7,W 1,45,17,0,0,25,21,0,0
70,2007-03-11,time unavailable,@,New York Rangers,1,2,L,SO,34,28,8,L 1,31,10,0,0,26,8,0,0
71,2007-03-13,time unavailable,H,Florida Panthers,3,1,W,REG,35,28,8,W 1,34,10,1,1,27,12,0,0
72,2007-03-15,time unavailable,H,New Jersey Devils,2,3,L,REG,35,29,8,L 1,40,6,0,0,25,4,0,0
73,2007-03-17,time unavailable,@,New Jersey Devils,7,2,W,REG,36,29,8,W 1,30,19,2,0,20,31,0,0
74,2007-03-22,time unavailable,H,Washington Capitals,4,3,W,REG,37,29,8,W 2,39,4,1,1,10,10,1,0
75,2007-03-24,time unavailable,H,San Jose Sharks,6,4,W,REG,38,29,8,W 3,20,14,1,0,24,16,2,0
76,2007-03-27,time unavailable,@,Toronto Maple Leafs,1,6,L,REG,38,30,8,L 1,27,6,0,0,32,6,0,0
77,2007-03-28,time unavailable,@,Philadelphia Flyers,1,5,L,REG,38,31,8,L 2,24,15,0,0,25,17,1,0
78,2007-03-30,time unavailable,H,Tampa Bay Lightning,2,4,L,REG,38,32,8,L 3,28,21,0,0,29,13,0,0
79,2007-04-01,time unavailable,@,Florida Panthers,4,3,W,OT,39,32,8,W 1,37,12,1,1,31,18,1,0
80,2007-04-03,time unavailable,@,Tampa Bay Lightning,2,3,L,REG,39,33,8,L 1,25,4,1,0,30,6,0,0
81,2007-04-06,time unavailable,H,Atlanta Thrashers,1,4,L,REG,39,34,8,L 2,33,12,1,0,28,16,0,0
82,2007-04-07,time unavailable,H,Florida Panthers,5,4,W,OT,40,34,8,W 1,53,6,2,0,39,14,1,0

Time,Location,Result,Game Ended In

Craig Adams,,27,RW,29,6-0,197,R/-,5,"April 26, 1977",bn,"7 G, 7 A, 14 P"
Kevyn Adams,,14,C,32,6-1,200,R/-,8,"October 8, 1974",us,"2 G, 2 A, 4 P"
Keith Aucoin,,37,RW,28,5-8,171,R/-,1,"November 6, 1978",us,"0 G, 1 A, 1 P"
Anton Babchuk,,48,D,22,6-5,200,R/-,2,"May 6, 1984",su,"2 G, 12 A, 14 P"
Ryan Bayda,,18,LW,26,5-11,185,L/-,2,"December 9, 1980",ca,"1 G, 1 A, 2 P"
Eric Belanger,,25,C,29,5-11,185,L/-,5,"December 16, 1977",ca,"8 G, 12 A, 20 P"
Rod Brind'Amour,(C),17,C,36,6-1,205,L/-,16,"August 9, 1970",ca,"26 G, 56 A, 82 P"
Anson Carter,,77,RW,32,6-1,210,R/-,9,"June 6, 1974",ca,"1 G, 0 A, 1 P"
Erik Cole,,26,LW,28,6-2,210,L/-,4,"November 6, 1978",us,"29 G, 32 A, 61 P"
Mike Commodore,,22,D,27,6-4,227,R/-,5,"November 7, 1979",ca,"7 G, 22 A, 29 P"
Tim Gleason,,8,D,24,6-0,217,L/-,2,"January 29, 1983",us,"2 G, 4 A, 6 P"
David Gove,,34,LW,28,5-9,190,L/-,1,"May 4, 1978",us,"0 G, 0 A, 0 P"
John Grahame,,47,G,31,6-3,220,-/L,6,"August 31, 1975",us,"10-13-2, 2.85 GAA"
Bret Hedican,,6,D,36,6-2,210,L/-,14,"August 10, 1970",us,"0 G, 10 A, 10 P"
Andrew Hutchinson,,28,D,26,6-2,195,R/-,2,"March 24, 1980",us,"3 G, 11 A, 14 P"
Frantisek Kaberle,,5,D,33,6-0,190,L/-,6,"November 8, 1973",cs,"2 G, 6 A, 8 P"
Andrew Ladd,,16,LW,21,6-3,200,L/-,1,"December 12, 1985",ca,"11 G, 10 A, 21 P"
Chad Larose,,59,C,24,5-10,181,R/-,1,"March 27, 1982",us,"6 G, 12 A, 18 P"
Trevor Letowski,,19,RW,29,5-10,180,R/-,7,"April 5, 1977",ca,"2 G, 6 A, 8 P"
Dennis Seidenberg,,4,D,25,6-0,198,L/-,3,"July 18, 1981",de,"1 G, 5 A, 6 P"
Eric Staal,,12,C,22,6-4,205,L/-,2,"October 29, 1984",ca,"30 G, 40 A, 70 P"
Cory Stillman,,61,LW,33,6-0,200,L/-,11,"December 20, 1973",ca,"5 G, 22 A, 27 P"
David Tanabe,,45,D,26,6-1,212,R/-,6,"July 19, 1980",us,"5 G, 12 A, 17 P"
Josef Vasicek,,63,C,26,6-5,214,L/-,5,"September 12, 1980",cs,"2 G, 7 A, 9 P"
Scott Walker,,24,RW,33,5-10,196,R/-,11,"July 19, 1973",ca,"21 G, 30 A, 51 P"
Niclas Wallin,,7,D,31,6-3,220,L/-,5,"February 20, 1975",se,"2 G, 8 A, 10 P"
Cam Ward,,30,G,22,6-1,185,-/L,1,"February 29, 1984",ca,"30-21-6, 2.93 GAA"
Glen Wesley,,2,D,38,6-1,207,L/-,18,"October 2, 1968",ca,"1 G, 12 A, 13 P"
Ray Whitney,,13,LW,34,5-10,180,R/-,14,"May 8, 1972",ca,"32 G, 51 A, 83 P"
Justin Williams,,11,RW,25,6-1,186,R/-,5,"October 4, 1981",ca,"33 G, 34 A, 67 P"
