Columbus Blue Jackets,CBJ,nhl
2006-07,2007
38
82
0
GP,Date,Time,Location,Opponent,GF,GA,Result,Game Ended In,W,L,OL,Streak,S,PIM,PPG,SHG,S,PIM,PPG,SHG,Notes
1,2006-10-06,time unavailable,H,Vancouver Canucks,2,3,L,OT,0,0,1,L 1,20,8,2,0,44,10,1,0
2,2006-10-07,time unavailable,@,Chicago Blackhawks,5,4,W,REG,1,0,1,W 1,24,18,3,0,22,20,2,0
3,2006-10-09,time unavailable,H,Phoenix Coyotes,5,1,W,REG,2,0,1,W 2,29,18,3,0,24,24,0,0
4,2006-10-14,time unavailable,@,Minnesota Wild,0,5,L,REG,2,1,1,L 1,24,26,0,0,30,18,2,0
5,2006-10-20,time unavailable,H,Toronto Maple Leafs,2,4,L,REG,2,2,1,L 2,25,10,0,0,27,16,1,0
6,2006-10-21,time unavailable,@,Pittsburgh Penguins,3,5,L,REG,2,3,1,L 3,39,27,2,0,34,41,3,2
7,2006-10-23,time unavailable,H,San Jose Sharks,0,3,L,REG,2,4,1,L 4,23,23,0,0,32,19,2,0
8,2006-10-27,time unavailable,H,Los Angeles Kings,2,0,W,REG,3,4,1,W 1,14,14,0,0,38,6,0,0
9,2006-10-28,time unavailable,@,New Jersey Devils,0,1,L,REG,3,5,1,L 1,22,27,0,0,21,15,0,0
10,2006-11-01,time unavailable,H,Colorado Avalanche,3,5,L,REG,3,6,1,L 2,44,8,1,0,22,14,1,0
11,2006-11-03,time unavailable,H,Calgary Flames,5,4,W,SO,4,6,1,W 1,37,21,4,0,32,27,1,1
12,2006-11-04,time unavailable,@,Detroit Red Wings,1,4,L,REG,4,7,1,L 1,17,16,1,0,37,20,0,1
13,2006-11-09,time unavailable,@,St. Louis Blues,4,2,W,REG,5,7,1,W 1,29,24,1,1,26,22,1,0
14,2006-11-10,time unavailable,H,Edmonton Oilers,1,4,L,REG,5,8,1,L 1,27,33,1,0,29,36,0,0
15,2006-11-12,time unavailable,@,Chicago Blackhawks,0,1,L,REG,5,9,1,L 2,28,6,0,0,19,18,0,0
16,2006-11-15,time unavailable,H,Nashville Predators,4,5,L,REG,5,10,1,L 3,33,8,0,0,30,10,1,1
17,2006-11-17,time unavailable,H,Colorado Avalanche,0,3,L,REG,5,11,1,L 4,25,14,0,0,28,14,1,0
18,2006-11-18,time unavailable,@,Nashville Predators,2,4,L,REG,5,12,1,L 5,30,35,1,0,25,21,3,0
19,2006-11-20,time unavailable,H,Nashville Predators,1,3,L,REG,5,13,1,L 6,24,17,0,0,23,11,1,0
20,2006-11-22,time unavailable,H,St. Louis Blues,3,4,L,SO,5,13,2,L 7,32,11,1,0,38,17,0,0
21,2006-11-24,time unavailable,@,Philadelphia Flyers,2,3,L,REG,5,14,2,L 8,41,10,1,0,22,12,1,0
22,2006-11-25,time unavailable,H,Minnesota Wild,5,3,W,REG,6,14,2,W 1,33,10,1,0,22,10,1,0
23,2006-11-28,time unavailable,@,Vancouver Canucks,0,1,L,REG,6,15,2,L 1,24,10,0,0,33,16,0,0
24,2006-12-01,time unavailable,@,Calgary Flames,1,2,L,REG,6,16,2,L 2,19,6,1,0,31,10,0,0
25,2006-12-02,time unavailable,@,Edmonton Oilers,4,0,W,REG,7,16,2,W 1,23,10,1,0,21,6,0,0
26,2006-12-05,time unavailable,@,Colorado Avalanche,3,0,W,REG,8,16,2,W 2,21,8,0,0,42,4,0,0
27,2006-12-09,time unavailable,@,St. Louis Blues,5,1,W,REG,9,16,2,W 3,24,16,1,0,25,18,1,0
28,2006-12-10,time unavailable,H,Ottawa Senators,6,2,W,REG,10,16,2,W 4,31,21,5,0,33,38,1,0
29,2006-12-12,time unavailable,@,Dallas Stars,3,1,W,REG,11,16,2,W 5,23,18,0,0,26,14,1,0
30,2006-12-14,time unavailable,@,Phoenix Coyotes,4,5,L,SO,11,16,3,L 1,25,18,0,1,29,10,2,1
31,2006-12-16,time unavailable,H,Chicago Blackhawks,4,6,L,REG,11,17,3,L 2,36,8,2,0,24,14,1,0
32,2006-12-18,time unavailable,H,Detroit Red Wings,4,3,W,REG,12,17,3,W 1,26,10,1,1,36,12,0,0
33,2006-12-20,time unavailable,@,Detroit Red Wings,0,5,L,REG,12,18,3,L 1,27,14,0,0,25,14,2,0
34,2006-12-22,time unavailable,H,Vancouver Canucks,3,2,W,REG,13,18,3,W 1,22,21,1,0,33,15,1,0
35,2006-12-23,time unavailable,@,New York Islanders,0,4,L,REG,13,19,3,L 1,26,19,0,0,23,27,1,0
36,2006-12-26,time unavailable,H,Boston Bruins,5,4,W,OT,14,19,3,W 1,42,12,1,1,26,12,1,0
37,2006-12-28,time unavailable,H,Detroit Red Wings,4,7,L,REG,14,20,3,L 1,25,6,2,0,36,6,1,0
38,2006-12-29,time unavailable,@,Minnesota Wild,3,4,L,OT,14,20,4,L 2,29,22,1,0,24,8,3,0
39,2006-12-31,time unavailable,H,Chicago Blackhawks,3,1,W,REG,15,20,4,W 1,24,20,1,0,22,18,0,0
40,2007-01-03,time unavailable,@,Los Angeles Kings,0,3,L,REG,15,21,4,L 1,26,25,0,0,32,13,1,0
41,2007-01-05,time unavailable,@,Anaheim Ducks,4,3,W,REG,16,21,4,W 1,33,19,0,0,36,19,1,0
42,2007-01-06,time unavailable,@,San Jose Sharks,2,5,L,REG,16,22,4,L 1,19,25,2,0,33,21,5,0
43,2007-01-09,time unavailable,H,St. Louis Blues,3,4,L,SO,16,22,5,L 2,22,8,1,0,24,10,1,0
44,2007-01-12,time unavailable,@,Nashville Predators,0,2,L,REG,16,23,5,L 3,22,8,0,0,24,4,0,0
45,2007-01-13,time unavailable,H,Nashville Predators,1,4,L,REG,16,24,5,L 4,40,11,1,0,17,31,0,0
46,2007-01-16,time unavailable,@,Chicago Blackhawks,5,4,W,OT,17,24,5,W 1,18,6,0,0,28,2,0,0
47,2007-01-18,time unavailable,@,Nashville Predators,0,4,L,REG,17,25,5,L 1,33,10,0,0,26,10,1,0
48,2007-01-19,time unavailable,H,Detroit Red Wings,3,1,W,REG,18,25,5,W 1,27,10,2,0,42,16,0,0
49,2007-01-26,time unavailable,H,Buffalo Sabres,3,2,W,REG,19,25,5,W 2,26,21,1,0,38,21,2,0
50,2007-01-27,time unavailable,H,Minnesota Wild,3,2,W,REG,20,25,5,W 3,22,18,2,0,37,14,1,0
51,2007-01-30,time unavailable,@,Vancouver Canucks,3,2,W,SO,21,25,5,W 4,28,8,1,0,37,6,2,0
52,2007-01-31,time unavailable,@,Edmonton Oilers,2,5,L,REG,21,26,5,L 1,22,6,1,0,37,4,2,0
53,2007-02-02,time unavailable,@,Calgary Flames,2,6,L,REG,21,27,5,L 2,22,30,0,0,24,32,4,0
54,2007-02-06,time unavailable,H,Phoenix Coyotes,0,3,L,REG,21,28,5,L 3,28,21,0,0,27,21,0,0
55,2007-02-08,time unavailable,H,Calgary Flames,2,1,W,REG,22,28,5,W 1,31,14,0,0,25,16,1,0
56,2007-02-11,time unavailable,H,Chicago Blackhawks,4,5,L,REG,22,29,5,L 1,28,29,2,0,28,19,1,0
57,2007-02-14,time unavailable,H,St. Louis Blues,2,4,L,REG,22,30,5,L 2,22,15,0,0,17,13,0,0
58,2007-02-16,time unavailable,H,San Jose Sharks,3,0,W,REG,23,30,5,W 1,19,12,1,0,29,12,0,0
59,2007-02-18,time unavailable,H,Montreal Canadiens,2,3,L,REG,23,31,5,L 1,33,14,0,0,28,8,2,0
60,2007-02-20,time unavailable,@,St. Louis Blues,4,5,L,SO,23,31,6,L 2,31,18,2,0,35,8,3,0
61,2007-02-22,time unavailable,H,Edmonton Oilers,0,4,L,REG,23,32,6,L 3,28,42,0,0,28,38,2,0
62,2007-02-24,time unavailable,@,New York Rangers,3,2,W,REG,24,32,6,W 1,25,15,0,2,42,9,1,0
63,2007-02-25,time unavailable,H,Nashville Predators,3,4,L,SO,24,32,7,L 1,34,13,1,0,25,15,1,0
64,2007-02-27,time unavailable,@,Colorado Avalanche,2,3,L,REG,24,33,7,L 2,23,19,0,0,23,13,1,0
65,2007-03-02,time unavailable,@,Dallas Stars,3,2,W,SO,25,33,7,W 1,24,8,0,0,24,4,1,0
66,2007-03-03,time unavailable,@,Phoenix Coyotes,4,3,W,REG,26,33,7,W 2,27,19,1,0,35,15,2,0
67,2007-03-07,time unavailable,H,Los Angeles Kings,3,2,W,OT,27,33,7,W 3,30,19,1,0,29,17,1,0
68,2007-03-09,time unavailable,H,Dallas Stars,0,3,L,REG,27,34,7,L 1,30,10,0,0,31,6,2,0
69,2007-03-10,time unavailable,@,Nashville Predators,1,2,L,REG,27,35,7,L 2,29,10,0,0,33,10,0,0
70,2007-03-14,time unavailable,@,Anaheim Ducks,5,4,W,SO,28,35,7,W 1,27,12,1,0,38,16,0,0
71,2007-03-16,time unavailable,@,San Jose Sharks,0,3,L,REG,28,36,7,L 1,35,12,0,0,24,8,0,1
72,2007-03-17,time unavailable,@,Los Angeles Kings,3,5,L,REG,28,37,7,L 2,34,47,0,0,20,21,2,0
73,2007-03-20,time unavailable,H,Chicago Blackhawks,5,2,W,REG,29,37,7,W 1,30,17,2,0,24,21,1,0
74,2007-03-22,time unavailable,@,Detroit Red Wings,2,1,W,SO,30,37,7,W 2,30,10,0,0,36,12,0,0
75,2007-03-25,time unavailable,H,St. Louis Blues,4,1,W,REG,31,37,7,W 3,26,16,1,0,26,6,1,0
76,2007-03-27,time unavailable,@,St. Louis Blues,4,1,W,REG,32,37,7,W 4,25,19,2,0,20,31,0,0
77,2007-03-29,time unavailable,H,Anaheim Ducks,2,5,L,REG,32,38,7,L 1,25,16,0,0,31,12,3,0
78,2007-03-30,time unavailable,@,Chicago Blackhawks,1,3,L,REG,32,39,7,L 2,32,10,1,0,25,18,0,1
79,2007-04-01,time unavailable,H,Detroit Red Wings,1,4,L,REG,32,40,7,L 3,32,6,0,0,25,12,1,1
80,2007-04-03,time unavailable,@,Detroit Red Wings,0,3,L,REG,32,41,7,L 4,35,12,0,0,23,12,0,1
81,2007-04-05,time unavailable,H,Dallas Stars,2,1,W,OT,33,41,7,W 1,28,14,0,0,20,8,0,0
82,2007-04-07,time unavailable,H,Anaheim Ducks,3,4,L,REG,33,42,7,L 1,45,40,0,0,25,31,2,0

Time,Location,Result,Game Ended In

Jaroslav Balastik,,40,LW,27,6-2,205,L/-,1,"November 28, 1979",cs,"1 G, 1 A, 2 P"
Bryan Berard,,4,D,29,6-2,220,L/-,8,"March 5, 1977",us,"0 G, 3 A, 3 P"
Brian Boucher,,35,G,30,6-2,198,-/L,6,"January 2, 1977",us,"1-1-0, 3.80 GAA"
Gilbert Brule,,17,C,20,5-11,187,R/-,1,"January 1, 1987",ca,"9 G, 10 A, 19 P"
Darcy Campbell,,37,D,22,6-1,180,L/-,R,"May 12, 1984",ca,"0 G, 0 A, 0 P"
Anson Carter,,77,RW,32,6-1,210,R/-,9,"June 6, 1974",ca,"10 G, 17 A, 27 P"
Jason Chimera,,25,LW,27,6-3,216,L/-,5,"May 2, 1979",ca,"15 G, 21 A, 36 P"
Ty Conklin,,35,G,30,6-1,185,-/L,3,"March 30, 1976",us,"2-3-2, 3.30 GAA"
Anders Eriksson,,2,D,32,6-3,224,L/-,9,"January 9, 1975",se,"0 G, 23 A, 23 P"
Sergei Fedorov,,91,C,37,6-2,207,L/-,15,"December 13, 1969",su,"18 G, 24 A, 42 P"
Adam Foote,(C),52,D,35,6-2,220,R/-,14,"July 10, 1971",ca,"3 G, 9 A, 12 P"
Dan Fritsche,,49,C,21,6-1,204,R/-,2,"July 13, 1985",us,"12 G, 15 A, 27 P"
Curtis Glencross,,20,LW,24,6-1,197,L/-,R,"December 28, 1982",ca,"0 G, 0 A, 0 P"
Steven Goertzen,,39,RW,22,6-2,216,R/-,1,"May 26, 1984",ca,"0 G, 0 A, 0 P"
Ron Hainsey,,6,D,25,6-3,210,L/-,3,"March 24, 1981",us,"9 G, 25 A, 34 P"
Mark Hartigan,,42,C,29,6-0,200,L/-,4,"October 15, 1977",ca,"1 G, 2 A, 3 P"
Aaron Johnson,,44,D,23,6-1,204,L/-,2,"April 30, 1983",ca,"3 G, 7 A, 10 P"
Rostislav Klesla,,97,D,24,6-3,223,L/-,5,"March 21, 1982",cs,"9 G, 13 A, 22 P"
Zenon Konopka,,28,C,26,6-0,209,L/-,1,"January 2, 1981",ca,"0 G, 0 A, 0 P"
Pascal Leclaire,,31,G,24,6-2,202,-/L,2,"November 7, 1982",ca,"6-15-2, 2.97 GAA"
Joakim Lindstrom,,38,C,23,6-0,187,L/-,1,"December 5, 1983",se,"1 G, 0 A, 1 P"
Manny Malhotra,,27,C,26,6-2,220,L/-,7,"May 18, 1980",ca,"9 G, 16 A, 25 P"
Marc Methot,,48,D,21,6-3,228,L/-,R,"June 21, 1985",ca,"0 G, 4 A, 4 P"
Fredrik Modin,,33,LW,32,6-4,220,L/-,9,"October 8, 1974",se,"22 G, 20 A, 42 P"
Joe Motzko,,37,RW,26,6-0,184,R/-,2,"March 14, 1980",us,"1 G, 0 A, 1 P"
Rick Nash,,61,LW,22,6-4,220,L/-,3,"June 16, 1984",ca,"27 G, 30 A, 57 P"
Fredrik Norrena,,30,G,33,6-0,189,-/L,R,"November 29, 1973",fi,"24-23-3, 2.78 GAA"
Filip Novak,,46,D,24,6-1,198,L/-,1,"May 7, 1982",cs,"0 G, 0 A, 0 P"
Alexandre Picard,,19,LW,21,6-2,206,L/-,1,"October 9, 1985",ca,"0 G, 1 A, 1 P"
Geoff Platt,,47,C,21,5-9,175,L/-,1,"July 10, 1985",ca,"4 G, 5 A, 9 P"
Tomas Popperle,,1,G,22,6-1,187,L/L,R,"October 10, 1984",cs,"0-0-0, 1.33 GAA"
Jody Shelley,,45,LW,30,6-3,230,L/-,5,"February 7, 1976",ca,"1 G, 1 A, 2 P"
Alexander Svitov,,16,C,24,6-3,228,L/-,2,"November 3, 1982",su,"7 G, 11 A, 18 P"
Ole-Kristian Tollefsen,,55,D,22,6-2,211,L/-,1,"March 29, 1984",no,"2 G, 3 A, 5 P"
David Vyborny,,9,RW,32,5-10,181,L/-,5,"January 22, 1975",cs,"16 G, 48 A, 64 P"
Derrick Walser,,23,D,28,5-10,190,L/-,3,"May 12, 1978",ca,"2 G, 0 A, 2 P"
Duvie Westcott,,10,D,29,5-11,197,R/-,4,"October 30, 1977",ca,"4 G, 6 A, 10 P"
Nikolai Zherdev,,13,RW,22,6-2,203,R/-,2,"November 5, 1984",su,"10 G, 22 A, 32 P"
