Chicago Black Hawks,CBH,nhl
1968-69,1969
27
76
0
GP,Date,Time,Location,Opponent,GF,GA,Result,Game Ended In,W,L,T,Streak
1,1968-10-11,time unavailable,H,St. Louis Blues,4,3,W,REG,1,0,0,W 1
2,1968-10-13,time unavailable,H,New York Rangers,5,2,W,REG,2,0,0,W 2
3,1968-10-16,time unavailable,H,Minnesota North Stars,10,4,W,REG,3,0,0,W 3
4,1968-10-19,time unavailable,@,Toronto Maple Leafs,3,1,W,REG,4,0,0,W 4
5,1968-10-20,time unavailable,H,Oakland Seals,3,4,L,REG,4,1,0,L 1
6,1968-10-23,time unavailable,@,Pittsburgh Penguins,8,5,W,REG,5,1,0,W 1
7,1968-10-27,time unavailable,@,Detroit Red Wings,3,4,L,REG,5,2,0,L 1
8,1968-10-30,time unavailable,@,Los Angeles Kings,4,2,W,REG,6,2,0,W 1
9,1968-11-01,time unavailable,@,Oakland Seals,2,5,L,REG,6,3,0,L 1
10,1968-11-03,time unavailable,@,Boston Bruins,3,5,L,REG,6,4,0,L 2
11,1968-11-06,time unavailable,H,Detroit Red Wings,5,6,L,REG,6,5,0,L 3
12,1968-11-10,time unavailable,H,New York Rangers,2,4,L,REG,6,6,0,L 4
13,1968-11-13,time unavailable,H,Pittsburgh Penguins,6,5,W,REG,7,6,0,W 1
14,1968-11-14,time unavailable,@,Pittsburgh Penguins,6,4,W,REG,8,6,0,W 2
15,1968-11-16,time unavailable,@,Toronto Maple Leafs,1,3,L,REG,8,7,0,L 1
16,1968-11-17,time unavailable,H,Toronto Maple Leafs,1,1,T,REG,8,7,1,T 1
17,1968-11-20,time unavailable,@,Minnesota North Stars,2,0,W,REG,9,7,1,W 1
18,1968-11-23,time unavailable,@,St. Louis Blues,0,1,L,REG,9,8,1,L 1
19,1968-11-24,time unavailable,H,Minnesota North Stars,6,0,W,REG,10,8,1,W 1
20,1968-11-27,time unavailable,@,New York Rangers,4,2,W,REG,11,8,1,W 2
21,1968-11-28,time unavailable,H,Pittsburgh Penguins,2,3,L,REG,11,9,1,L 1
22,1968-12-01,time unavailable,H,Montreal Canadiens,1,3,L,REG,11,10,1,L 2
23,1968-12-04,time unavailable,@,St. Louis Blues,3,3,T,REG,11,10,2,T 1
24,1968-12-07,time unavailable,@,Montreal Canadiens,3,6,L,REG,11,11,2,L 1
25,1968-12-08,time unavailable,H,Boston Bruins,7,4,W,REG,12,11,2,W 1
26,1968-12-11,time unavailable,H,St. Louis Blues,6,3,W,REG,13,11,2,W 2
27,1968-12-14,time unavailable,@,Boston Bruins,5,10,L,REG,13,12,2,L 1
28,1968-12-15,time unavailable,H,Oakland Seals,7,4,W,REG,14,12,2,W 1
29,1968-12-18,time unavailable,@,New York Rangers,3,1,W,REG,15,12,2,W 2
30,1968-12-19,time unavailable,@,Detroit Red Wings,2,0,W,REG,16,12,2,W 3
31,1968-12-22,time unavailable,H,Pittsburgh Penguins,3,1,W,REG,17,12,2,W 4
32,1968-12-25,time unavailable,H,Toronto Maple Leafs,3,4,L,REG,17,13,2,L 1
33,1968-12-28,time unavailable,@,Minnesota North Stars,5,2,W,REG,18,13,2,W 1
34,1968-12-29,time unavailable,H,Los Angeles Kings,4,1,W,REG,19,13,2,W 2
35,1969-01-01,time unavailable,H,Detroit Red Wings,4,1,W,REG,20,13,2,W 3
36,1969-01-02,time unavailable,@,Philadelphia Flyers,2,2,T,REG,20,13,3,T 1
37,1969-01-04,time unavailable,@,Montreal Canadiens,6,3,W,REG,21,13,3,W 1
38,1969-01-05,time unavailable,H,Montreal Canadiens,2,4,L,REG,21,14,3,L 1
39,1969-01-08,time unavailable,H,St. Louis Blues,3,1,W,REG,22,14,3,W 1
40,1969-01-11,time unavailable,@,St. Louis Blues,1,6,L,REG,22,15,3,L 1
41,1969-01-12,time unavailable,H,Los Angeles Kings,4,2,W,REG,23,15,3,W 1
42,1969-01-15,time unavailable,@,Oakland Seals,3,4,L,REG,23,16,3,L 1
43,1969-01-16,time unavailable,@,Los Angeles Kings,2,3,L,REG,23,17,3,L 2
44,1969-01-18,time unavailable,@,Montreal Canadiens,1,3,L,REG,23,18,3,L 3
45,1969-01-23,time unavailable,H,Philadelphia Flyers,2,2,T,REG,23,18,4,T 1
46,1969-01-25,time unavailable,@,New York Rangers,0,3,L,REG,23,19,4,L 1
47,1969-01-26,time unavailable,H,Los Angeles Kings,9,3,W,REG,24,19,4,W 1
48,1969-01-30,time unavailable,@,Philadelphia Flyers,12,0,W,REG,25,19,4,W 2
49,1969-02-01,time unavailable,@,Minnesota North Stars,5,5,T,REG,25,19,5,T 1
50,1969-02-02,time unavailable,H,Montreal Canadiens,4,6,L,REG,25,20,5,L 1
51,1969-02-05,time unavailable,H,Boston Bruins,2,7,L,REG,25,21,5,L 2
52,1969-02-06,time unavailable,@,Detroit Red Wings,1,6,L,REG,25,22,5,L 3
53,1969-02-08,time unavailable,H,Detroit Red Wings,1,3,L,REG,25,23,5,L 4
54,1969-02-09,time unavailable,H,Toronto Maple Leafs,3,5,L,REG,25,24,5,L 5
55,1969-02-11,time unavailable,@,Boston Bruins,3,7,L,REG,25,25,5,L 6
56,1969-02-12,time unavailable,H,Philadelphia Flyers,3,3,T,REG,25,25,6,T 1
57,1969-02-15,time unavailable,@,Philadelphia Flyers,3,0,W,REG,26,25,6,W 1
58,1969-02-16,time unavailable,H,Boston Bruins,5,1,W,REG,27,25,6,W 2
59,1969-02-19,time unavailable,@,Oakland Seals,2,5,L,REG,27,26,6,L 1
60,1969-02-20,time unavailable,@,Los Angeles Kings,6,2,W,REG,28,26,6,W 1
61,1969-02-22,time unavailable,@,Toronto Maple Leafs,4,2,W,REG,29,26,6,W 2
62,1969-02-26,time unavailable,@,New York Rangers,3,5,L,REG,29,27,6,L 1
63,1969-02-27,time unavailable,@,Pittsburgh Penguins,3,4,L,REG,29,28,6,L 2
64,1969-03-02,time unavailable,@,Toronto Maple Leafs,1,2,L,REG,29,29,6,L 3
65,1969-03-03,time unavailable,H,Minnesota North Stars,6,1,W,REG,30,29,6,W 1
66,1969-03-05,time unavailable,H,New York Rangers,4,4,T,REG,30,29,7,T 1
67,1969-03-12,time unavailable,H,Oakland Seals,1,4,L,REG,30,30,7,L 1
68,1969-03-15,time unavailable,@,Montreal Canadiens,1,3,L,REG,30,31,7,L 2
69,1969-03-16,time unavailable,H,Philadelphia Flyers,6,2,W,REG,31,31,7,W 1
70,1969-03-19,time unavailable,H,Montreal Canadiens,2,5,L,REG,31,32,7,L 1
71,1969-03-20,time unavailable,@,Boston Bruins,5,5,T,REG,31,32,8,T 1
72,1969-03-22,time unavailable,H,Boston Bruins,3,5,L,REG,31,33,8,L 1
73,1969-03-23,time unavailable,H,Toronto Maple Leafs,4,1,W,REG,32,33,8,W 1
74,1969-03-26,time unavailable,H,New York Rangers,6,4,W,REG,33,33,8,W 2
75,1969-03-29,time unavailable,@,Detroit Red Wings,1,1,T,REG,33,33,9,T 1
76,1969-03-30,time unavailable,H,Detroit Red Wings,9,5,W,REG,34,33,9,W 1

Time,Location,Result,Game Ended In

Andre Boudrias,,18,LW,25,5-8,165,L/-,4,"September 19, 1943",ca,"4 G, 10 A, 14 P"
Denis DeJordy,,1,G,30,5-9,185,-/L,5,"November 12, 1938",ca,"22-22-7, 3.14 GAA"
Dave Dryden,,30,G,27,6-1,186,-/L,3,"September 5, 1941",ca,"11-11-2, 3.20 GAA"
Bobby Hull,,9,LW,30,5-10,195,L/-,11,"January 3, 1939",ca,"58 G, 49 A, 107 P"
Dennis Hull,,10,LW,24,5-11,198,L/-,4,"November 19, 1944",ca,"30 G, 34 A, 64 P"
Doug Jarrett,,20,D,24,6-3,205,L/-,4,"April 22, 1944",ca,"0 G, 13 A, 13 P"
J.P. LeBlanc,,22,C,22,5-10,170,L/-,R,"October 20, 1946",ca,"1 G, 2 A, 3 P"
Chico Maki,,16,RW,29,5-10,170,R/-,7,"August 17, 1939",ca,"7 G, 21 A, 28 P"
Wayne Maki,,14,LW,24,6-0,185,L/-,1,"November 10, 1944",ca,"0 G, 0 A, 0 P"
Gilles Marotte,,2,D,23,5-9,205,L/-,3,"June 7, 1945",ca,"5 G, 29 A, 34 P"
Pit Martin,,7,C,25,5-9,170,R/-,6,"December 9, 1943",ca,"23 G, 38 A, 61 P"
Ray McKay,,5,D,22,6-4,183,L/-,R,"August 22, 1946",ca,"0 G, 1 A, 1 P"
Mike McMahon,,4,D,27,5-11,180,L/-,4,"August 30, 1941",ca,"0 G, 8 A, 8 P"
Stan Mikita,,21,C,28,5-9,169,R/-,10,"May 20, 1940",cs,"30 G, 67 A, 97 P"
Doug Mohns,,11,LW,35,6-0,185,L/-,15,"December 13, 1933",ca,"22 G, 19 A, 41 P"
Eric Nesterenko,,15,C,35,6-2,197,R/-,17,"October 31, 1933",ca,"15 G, 17 A, 32 P"
Jack Norris,,30,G,26,5-10,185,-/L,2,"August 5, 1942",ca,"1-0-0, 6.00 GAA"
Bill Orban,,6,LW,24,6-0,185,L/-,1,"February 20, 1944",ca,"4 G, 6 A, 10 P"
Jim Pappin,,8,RW,29,6-0,190,R/-,5,"September 10, 1939",ca,"30 G, 40 A, 70 P"
Matt Ravlich,,5,D,30,5-10,185,L/-,4,"July 12, 1938",ca,"2 G, 12 A, 14 P"
Tom Reid,,4,D,22,6-1,200,L/-,1,"June 24, 1946",ca,"0 G, 3 A, 3 P"
Bobby Schmautz,,19,RW,23,5-9,172,R/-,1,"March 28, 1945",ca,"9 G, 7 A, 16 P"
Paul Shmyr,,23,D,23,5-11,170,L/-,R,"January 28, 1946",ca,"1 G, 0 A, 1 P"
Pat Stapleton,,12,D,28,5-8,180,L/-,5,"July 4, 1940",ca,"6 G, 50 A, 56 P"
Kenny Wharram,,17,RW,35,5-9,160,R/-,13,"July 2, 1933",ca,"30 G, 39 A, 69 P"
Jim Wiste,,22,C,22,5-10,185,L/-,R,"February 18, 1946",ca,"0 G, 0 A, 0 P"
Howie Young,,3,D,31,5-11,175,R/-,6,"August 2, 1937",ca,"3 G, 7 A, 10 P"
