Montreal Canadiens,MTL,nhl
1952-53,1953
27
70
7,5
GP,Date,Time,Location,Opponent,GF,GA,Result,Game Ended In,W,L,T,Streak
1,1952-10-09,time unavailable,H,Chicago Black Hawks,2,3,L,REG,0,1,0,L 1
2,1952-10-11,time unavailable,H,Detroit Red Wings,2,1,W,REG,1,1,0,W 1
3,1952-10-12,time unavailable,@,Boston Bruins,1,1,T,REG,1,1,1,T 1
4,1952-10-16,time unavailable,H,New York Rangers,3,1,W,REG,2,1,1,W 1
5,1952-10-18,time unavailable,H,Boston Bruins,2,1,W,REG,3,1,1,W 2
6,1952-10-19,time unavailable,@,Detroit Red Wings,1,6,L,REG,3,2,1,L 1
7,1952-10-23,time unavailable,@,Chicago Black Hawks,2,2,T,REG,3,2,2,T 1
8,1952-10-25,time unavailable,H,Detroit Red Wings,9,0,W,REG,4,2,2,W 1
9,1952-10-29,time unavailable,@,Toronto Maple Leafs,5,7,L,REG,4,3,2,L 1
10,1952-11-01,time unavailable,H,New York Rangers,4,1,W,REG,5,3,2,W 1
11,1952-11-02,time unavailable,@,New York Rangers,2,2,T,REG,5,3,3,T 1
12,1952-11-06,time unavailable,H,Toronto Maple Leafs,3,1,W,REG,6,3,3,W 1
13,1952-11-08,time unavailable,H,Chicago Black Hawks,6,4,W,REG,7,3,3,W 2
14,1952-11-13,time unavailable,H,Toronto Maple Leafs,1,3,L,REG,7,4,3,L 1
15,1952-11-15,time unavailable,H,Boston Bruins,2,0,W,REG,8,4,3,W 1
16,1952-11-16,time unavailable,@,Chicago Black Hawks,1,4,L,REG,8,5,3,L 1
17,1952-11-22,time unavailable,@,Toronto Maple Leafs,2,2,T,REG,8,5,4,T 1
18,1952-11-23,time unavailable,@,New York Rangers,2,2,T,REG,8,5,5,T 2
19,1952-11-27,time unavailable,@,Detroit Red Wings,2,2,T,REG,8,5,6,T 3
20,1952-11-29,time unavailable,H,Chicago Black Hawks,1,1,T,REG,8,5,7,T 4
21,1952-11-30,time unavailable,@,Boston Bruins,1,3,L,REG,8,6,7,L 1
22,1952-12-04,time unavailable,H,Toronto Maple Leafs,1,2,L,REG,8,7,7,L 2
23,1952-12-06,time unavailable,H,Boston Bruins,1,2,L,REG,8,8,7,L 3
24,1952-12-07,time unavailable,@,New York Rangers,2,2,T,REG,8,8,8,T 1
25,1952-12-10,time unavailable,@,Toronto Maple Leafs,2,1,W,REG,9,8,8,W 1
26,1952-12-11,time unavailable,@,Chicago Black Hawks,3,2,W,REG,10,8,8,W 2
27,1952-12-13,time unavailable,H,Chicago Black Hawks,3,0,W,REG,11,8,8,W 3
28,1952-12-14,time unavailable,@,Detroit Red Wings,0,0,T,REG,11,8,9,T 1
29,1952-12-18,time unavailable,H,New York Rangers,6,2,W,REG,12,8,9,W 1
30,1952-12-20,time unavailable,H,Boston Bruins,3,6,L,REG,12,9,9,L 1
31,1952-12-21,time unavailable,@,Boston Bruins,4,3,W,REG,13,9,9,W 1
32,1952-12-24,time unavailable,@,Toronto Maple Leafs,0,2,L,REG,13,10,9,L 1
33,1952-12-27,time unavailable,H,Detroit Red Wings,2,2,T,REG,13,10,10,T 1
34,1952-12-31,time unavailable,@,Detroit Red Wings,2,0,W,REG,14,10,10,W 1
35,1953-01-01,time unavailable,@,Chicago Black Hawks,2,2,T,REG,14,10,11,T 1
36,1953-01-03,time unavailable,H,Boston Bruins,0,1,L,REG,14,11,11,L 1
37,1953-01-08,time unavailable,H,New York Rangers,4,4,T,REG,14,11,12,T 1
38,1953-01-10,time unavailable,H,Chicago Black Hawks,5,2,W,REG,15,11,12,W 1
39,1953-01-11,time unavailable,@,New York Rangers,0,7,L,REG,15,12,12,L 1
40,1953-01-15,time unavailable,@,Chicago Black Hawks,2,0,W,REG,16,12,12,W 1
41,1953-01-17,time unavailable,H,Detroit Red Wings,1,1,T,REG,16,12,13,T 1
42,1953-01-18,time unavailable,@,Detroit Red Wings,3,2,W,REG,17,12,13,W 1
43,1953-01-21,time unavailable,@,Toronto Maple Leafs,1,0,W,REG,18,12,13,W 2
44,1953-01-22,time unavailable,H,Toronto Maple Leafs,4,1,W,REG,19,12,13,W 3
45,1953-01-24,time unavailable,H,Chicago Black Hawks,1,5,L,REG,19,13,13,L 1
46,1953-01-25,time unavailable,@,Detroit Red Wings,3,3,T,REG,19,13,14,T 1
47,1953-01-28,time unavailable,@,New York Rangers,2,1,W,REG,20,13,14,W 1
48,1953-01-29,time unavailable,H,New York Rangers,5,2,W,REG,21,13,14,W 2
49,1953-01-31,time unavailable,H,Boston Bruins,0,0,T,REG,21,13,15,T 1
50,1953-02-01,time unavailable,@,Boston Bruins,3,4,L,REG,21,14,15,L 1
51,1953-02-05,time unavailable,H,Toronto Maple Leafs,2,0,W,REG,22,14,15,W 1
52,1953-02-07,time unavailable,H,Detroit Red Wings,1,3,L,REG,22,15,15,L 1
53,1953-02-08,time unavailable,@,New York Rangers,1,1,T,REG,22,15,16,T 1
54,1953-02-12,time unavailable,@,Chicago Black Hawks,3,2,W,REG,23,15,16,W 1
55,1953-02-14,time unavailable,@,Toronto Maple Leafs,2,2,T,REG,23,15,17,T 1
56,1953-02-15,time unavailable,@,Boston Bruins,0,1,L,REG,23,16,17,L 1
57,1953-02-19,time unavailable,H,Detroit Red Wings,1,4,L,REG,23,17,17,L 2
58,1953-02-21,time unavailable,H,New York Rangers,4,1,W,REG,24,17,17,W 1
59,1953-02-25,time unavailable,@,Toronto Maple Leafs,2,1,W,REG,25,17,17,W 2
60,1953-02-26,time unavailable,H,Toronto Maple Leafs,4,1,W,REG,26,17,17,W 3
61,1953-02-28,time unavailable,H,Detroit Red Wings,3,4,L,REG,26,18,17,L 1
62,1953-03-05,time unavailable,@,Boston Bruins,0,5,L,REG,26,19,17,L 2
63,1953-03-07,time unavailable,H,Chicago Black Hawks,1,0,W,REG,27,19,17,W 1
64,1953-03-08,time unavailable,@,New York Rangers,3,4,L,REG,27,20,17,L 1
65,1953-03-12,time unavailable,@,Chicago Black Hawks,2,2,T,REG,27,20,18,T 1
66,1953-03-14,time unavailable,H,New York Rangers,3,2,W,REG,28,20,18,W 1
67,1953-03-15,time unavailable,@,Boston Bruins,1,2,L,REG,28,21,18,L 1
68,1953-03-19,time unavailable,H,Toronto Maple Leafs,1,4,L,REG,28,22,18,L 2
69,1953-03-21,time unavailable,H,Boston Bruins,1,2,L,REG,28,23,18,L 3
70,1953-03-22,time unavailable,@,Detroit Red Wings,1,1,T,REG,28,23,19,T 1

GP,Date,Time,Location,Opponent,GF,GA,Result,Game Ended In,W,L,T,Streak
1,1953-03-24,time unavailable,H,Chicago Black Hawks,3,1,W,REG,1,0,0,W 1
2,1953-03-26,time unavailable,H,Chicago Black Hawks,4,3,W,REG,2,0,0,W 2
3,1953-03-29,time unavailable,@,Chicago Black Hawks,1,2,L,OT,2,1,0,L 1
4,1953-03-31,time unavailable,@,Chicago Black Hawks,1,3,L,REG,2,2,0,L 2
5,1953-04-02,time unavailable,H,Chicago Black Hawks,2,4,L,REG,2,3,0,L 3
6,1953-04-04,time unavailable,@,Chicago Black Hawks,3,0,W,REG,3,3,0,W 1
7,1953-04-07,time unavailable,H,Chicago Black Hawks,4,1,W,REG,4,3,0,W 2
8,1953-04-09,time unavailable,H,Boston Bruins,4,2,W,REG,5,3,0,W 3
9,1953-04-11,time unavailable,H,Boston Bruins,1,4,L,REG,5,4,0,L 1
10,1953-04-12,time unavailable,@,Boston Bruins,3,0,W,REG,6,4,0,W 1
11,1953-04-14,time unavailable,@,Boston Bruins,7,3,W,REG,7,4,0,W 2
12,1953-04-16,time unavailable,H,Boston Bruins,1,0,W,OT,8,4,0,W 3

Reg Abbott,,4,C,22,5-11,164,L/-,R,"February 4, 1930",ca,"0 G, 0 A, 0 P"
Jean Beliveau,,12,C,21,6-3,205,L/-,1,"August 31, 1931",ca,"5 G, 0 A, 5 P"
Butch Bouchard,(C),3,D,33,6-2,205,R/-,11,"September 4, 1919",ca,"2 G, 8 A, 10 P"
Floyd Curry,,6,RW,27,5-11,174,R/-,4,"August 11, 1925",ca,"16 G, 6 A, 22 P"
Gerard Desaulniers,,23,C,24,5-11,152,L/-,1,"December 31, 1928",ca,"0 G, 1 A, 1 P"
Dick Gamble,,8,LW,24,6-0,178,L/-,2,"November 16, 1928",ca,"11 G, 13 A, 24 P"
Bernie Geoffrion,,5,RW,21,5-9,166,R/-,2,"February 16, 1931",ca,"22 G, 17 A, 39 P"
Doug Harvey,,2,D,28,5-11,187,L/-,5,"December 19, 1924",ca,"4 G, 30 A, 34 P"
Ivan Irwin,,4,D,25,6-2,185,L/-,R,"March 13, 1927",us,"0 G, 1 A, 1 P"
Tom Johnson,,10,D,24,6-0,180,L/-,3,"February 18, 1928",ca,"3 G, 8 A, 11 P"
Elmer Lach,,16,C,35,5-10,165,L/-,12,"January 22, 1918",ca,"16 G, 25 A, 41 P"
Ed Litzenberger,,4,C,20,6-1,174,R/-,R,"July 15, 1932",ca,"1 G, 0 A, 1 P"
Bud MacPherson,,21,D,25,6-4,200,L/-,3,"March 31, 1927",ca,"2 G, 3 A, 5 P"
Paul Masnick,,11-22,C,21,5-9,165,R/-,2,"April 14, 1931",ca,"5 G, 7 A, 12 P"
John McCormack,,17,C,27,6-0,185,L/-,5,"August 2, 1925",ca,"1 G, 9 A, 10 P"
Gerry McNeil,,1,G,26,5-7,155,-/L,4,"April 17, 1926",ca,"25-23-18, 2.12 GAA"
Paul Meger,,20,LW,23,5-7,160,L/-,2,"February 17, 1929",ca,"9 G, 17 A, 26 P"
Dickie Moore,,12,LW,22,5-10,168,L/-,1,"January 6, 1931",ca,"2 G, 6 A, 8 P"
Ken Mosdell,,18,C,30,6-1,170,L/-,9,"July 13, 1922",ca,"5 G, 14 A, 19 P"
Hal Murphy,,1,G,25,5-9,140,-/R,R,"July 6, 1927",ca,"1-0-0, 4.00 GAA"
Bert Olmstead,,15,LW,26,6-1,180,L/-,4,"September 4, 1926",ca,"17 G, 28 A, 45 P"
Jacques Plante,,1,G,24,6-0,175,-/L,R,"January 17, 1929",ca,"2-0-1, 1.33 GAA"
Billy Reay,,14,C,34,5-7,155,L/-,9,"August 21, 1918",ca,"4 G, 15 A, 19 P"
Maurice Richard,,9,RW,31,5-10,170,L/-,10,"August 4, 1921",ca,"28 G, 33 A, 61 P"
Roland Rousseau,,23,D,23,5-8,160,L/-,R,"December 1, 1929",ca,"0 G, 0 A, 0 P"
Dollard St. Laurent,,19,D,23,5-11,205,L/-,2,"May 12, 1929",ca,"2 G, 6 A, 8 P"
Gaye Stewart,,23,LW,29,5-11,175,L/-,8,"June 23, 1923",ca,"0 G, 2 A, 2 P"
