Worriers,winter2013,Ice Hockey: Worriers (All Star)
7,6,6,1,1
Sun Jan 20 @ 9:00 pm,Columbia Icefield Arena,lost,1,4,3,Captain Shrab and the Phorias
Tue Jan 22 @ 8:00 pm,Columbia Icefield Arena,won,7,1,1,All Star Individuals 2
Sun Feb 3 @ 9:00 pm,Columbia Icefield Arena,tie,1,1,2,G-Rebels
Tue Feb 12 @ 8:00 pm,Columbia Icefield Arena,lost,2,3,3,All Star Individuals 1
Tue Feb 26 @ 9:00 pm,Columbia Icefield Arena,won,4,2,3,We Were Sharks
Sun Mar 17 @ 9:00 pm,Columbia Icefield Arena,tie,3,3,3,Sharp Dressed Men
Sun Mar 24 @ 5:00 pm,Columbia Icefield Arena,lost,1,3,0,North Stars

Bill Eickmeier,Bill Futher,David Hammond,Drew Higgins,Timothy Kenyon,Alan Ker,Jeffrey Labahn,Adam Metherel,Jeff Randall,David Smyth,Ken D. Stark,A.Russell Tupling,Steven Woods,George Labahn
