SJU,winter2013,Ice Hockey: SJU (All Star)
7,6,6,1,1
Tue Jan 15 @ 8:00 pm,Columbia Icefield Arena,won,3,2,3,All Star Individuals 1
Fri Jan 25 @ 11:00 pm,Columbia Icefield Arena,lost,3,4,2,Sharp Dressed Men
Fri Feb 1 @ 7:00 pm,Columbia Icefield Arena,won,3,0,avg.,AverageJoes
Sat Feb 2 @ 10:00 am,Columbia Icefield Arena,won,3,2,3,Don’t Cry We Were Olli Jokinen
Fri Mar 1 @ 8:00 pm,Columbia Icefield Arena,lost,0,2,3,Captain Shrab and the Phorias
Sun Mar 17 @ 11:00 am,Columbia Icefield Arena,tie,0,0,avg.,All Star Individuals 2
Fri Mar 22 @ 8:00 pm,Columbia Icefield Arena,lost,3,4,0,We Were Sharks

Paul Brennan,Benjamin Carroll,Eric Cimino,Adam Deyell,Nicholas Edgeworth,Michael Foran,Scott Hurley,John McMulkin,Michael Reid,Eric Rogers,Mackenzie Saunders,Ryan Schultz,Cameron Smith,Scott Somerville,Alexander Takarabe,Robert Teare,Brian Mills
