AverageJoes,winter2013,Ice Hockey: AverageJoes (All Star)
7,6,6,1,1
Fri Jan 18 @ 10:00 pm,Columbia Icefield Arena,won,2,0,3,We Were Sharks
Fri Jan 25 @ 9:00 pm,Columbia Icefield Arena,lost,2,5,-4,North Stars
Wed Jan 30 @ 9:00 pm,Columbia Icefield Arena,lost,1,7,2,Easton Fection
Fri Feb 1 @ 7:00 pm,Columbia Icefield Arena,lost,0,3,-2,SJU
Fri Mar 1 @ 6:00 pm,Columbia Icefield Arena,lost,0,1,4,North Stars
Wed Mar 13 @ 9:00 pm,Columbia Icefield Arena,tie,6,6,3,Don’t Cry We Were Olli Jokinen
Fri Mar 22 @ 7:00 pm,Columbia Icefield Arena,lost,0,3,0,Captain Shrab and the Phorias

Brendan Conway,Alexander Cowle,Corey Dawson,Brandon Eaket,Aaron Gartner,Curtis Good,Steven Hallman,Michael Hancock,Peter Morgan,Eric Roque,Michael Sheremeta,Cody Tapsell,Marco Visentin,Gregory Zaitz,Spencer Thompson
