All Star Individuals 1,winter2013,Ice Hockey: All Star Individuals 1 (All Star)
8,6,6,2,2
Tue Jan 15 @ 8:00 pm,Columbia Icefield Arena,lost,2,3,3,SJU
Tue Jan 22 @ 10:00 pm,Columbia Icefield Arena,lost,0,6,3,G-Rebels
Mon Jan 28 @ 10:00 pm,Columbia Icefield Arena,tie,1,1,3,North Stars
Tue Feb 12 @ 8:00 pm,Columbia Icefield Arena,won,3,2,3,Worriers
Tue Feb 26 @ 8:00 pm,Columbia Icefield Arena,won,4,1,3,Don’t Cry We Were Olli Jokinen
Mon Mar 11 @ 10:00 pm,Columbia Icefield Arena,won,6,2,3,We Were Sharks
Tue Mar 26 @ 9:00 pm,Columbia Icefield Arena,won,3,2,0,Don’t Cry We Were Olli Jokinen
Thu Mar 28 @ 8:00 pm,Columbia Icefield Arena,lost,1,4,0,We Were Sharks

Gian Bajwa,Jacob Brunning,Keith Burns,Avery Clarke,Oleg Gittsovich,Devin Lebel,Nicholas Pecoskie,Patrik Sandvik,Michael Tribou,Cory Woods,Joshua Yemm,Vincent Zuccala,Location
