Boston Bruins,BOS,nhl
1926-27,1927
17
44
2,2,4
GP,Date,Time,Location,Opponent,GF,GA,Result,Game Ended In,W,L,T,Streak,Notes
1,1926-11-16,time unavailable,H,Montreal Canadiens,4,1,W,REG,1,0,0,W 1
2,1926-11-18,time unavailable,@,Detroit Cougars,2,0,W,REG,2,0,0,W 2,"at Windsor, ON"
3,1926-11-20,time unavailable,@,Chicago Black Hawks,1,5,L,REG,2,1,0,L 1
4,1926-11-23,time unavailable,H,Montreal Maroons,1,2,L,REG,2,2,0,L 2
5,1926-11-30,time unavailable,H,Ottawa Senators,1,2,L,REG,2,3,0,L 3
6,1926-12-04,time unavailable,@,Pittsburgh Pirates,4,3,W,OT,3,3,0,W 1
7,1926-12-07,time unavailable,H,New York Rangers,0,1,L,REG,3,4,0,L 1
8,1926-12-12,time unavailable,@,New York Rangers,1,2,L,OT,3,5,0,L 2
9,1926-12-14,time unavailable,H,Detroit Cougars,7,2,W,REG,4,5,0,W 1
10,1926-12-16,time unavailable,@,Montreal Canadiens,2,2,T,OT,4,5,1,T 1
11,1926-12-18,time unavailable,H,Pittsburgh Pirates,3,0,W,REG,5,5,1,W 1
12,1926-12-21,time unavailable,H,Toronto Maple Leafs,3,5,L,REG,5,6,1,L 1
13,1926-12-23,time unavailable,@,Montreal Maroons,2,1,W,REG,6,6,1,W 1
14,1926-12-28,time unavailable,H,New York Americans,2,1,W,REG,7,6,1,W 2
15,1926-12-30,time unavailable,@,Toronto Maple Leafs,1,4,L,REG,7,7,1,L 1
16,1927-01-02,time unavailable,@,New York Americans,0,3,L,REG,7,8,1,L 2
17,1927-01-04,time unavailable,H,Ottawa Senators,2,1,W,OT,8,8,1,W 1
18,1927-01-08,time unavailable,H,Montreal Maroons,0,3,L,REG,8,9,1,L 1
19,1927-01-11,time unavailable,H,Chicago Black Hawks,6,3,W,REG,9,9,1,W 1
20,1927-01-13,time unavailable,@,Detroit Cougars,2,3,L,REG,9,10,1,L 1,"at Windsor, ON"
21,1927-01-15,time unavailable,@,Ottawa Senators,4,5,L,REG,9,11,1,L 2
22,1927-01-18,time unavailable,H,New York Rangers,7,3,W,REG,10,11,1,W 1
23,1927-01-20,time unavailable,@,New York Rangers,2,2,T,OT,10,11,2,T 1
24,1927-01-22,time unavailable,@,Chicago Black Hawks,2,2,T,OT,10,11,3,T 2
25,1927-01-25,time unavailable,H,Pittsburgh Pirates,3,1,W,REG,11,11,3,W 1
26,1927-01-29,time unavailable,@,Pittsburgh Pirates,0,2,L,REG,11,12,3,L 1
27,1927-02-01,time unavailable,H,Toronto Maple Leafs,1,0,W,REG,12,12,3,W 1
28,1927-02-05,time unavailable,@,Toronto Maple Leafs,0,1,L,REG,12,13,3,L 1
29,1927-02-08,time unavailable,H,Detroit Cougars,2,0,W,REG,13,13,3,W 1
30,1927-02-12,time unavailable,@,Montreal Maroons,3,2,W,REG,14,13,3,W 2
31,1927-02-15,time unavailable,H,Chicago Black Hawks,3,0,W,REG,15,13,3,W 3
32,1927-02-20,time unavailable,@,New York Rangers,1,3,L,REG,15,14,3,L 1
33,1927-02-22,time unavailable,H,Detroit Cougars,3,2,W,REG,16,14,3,W 1
34,1927-02-26,time unavailable,@,Montreal Canadiens,0,2,L,REG,16,15,3,L 1
35,1927-03-01,time unavailable,@,New York Americans,0,3,L,REG,16,16,3,L 2
36,1927-03-05,time unavailable,H,New York Americans,5,0,W,REG,17,16,3,W 1
37,1927-03-08,time unavailable,H,Pittsburgh Pirates,5,2,W,REG,18,16,3,W 2
38,1927-03-13,time unavailable,H,Chicago Black Hawks,0,4,L,REG,18,17,3,L 1
39,1927-03-15,time unavailable,@,Chicago Black Hawks,2,1,W,OT,19,17,3,W 1
40,1927-03-17,time unavailable,@,Ottawa Senators,0,1,L,REG,19,18,3,L 1
41,1927-03-19,time unavailable,@,Detroit Cougars,3,1,W,REG,20,18,3,W 1,"at Windsor, ON"
42,1927-03-22,time unavailable,H,Montreal Canadiens,0,1,L,REG,20,19,3,L 1
43,1927-03-24,time unavailable,@,Pittsburgh Pirates,3,4,L,REG,20,20,3,L 2
44,1927-03-26,time unavailable,H,New York Rangers,4,3,W,OT,21,20,3,W 1

GP,Date,Time,Location,Opponent,GF,GA,Result,Game Ended In,W,L,T,Streak,Notes
1,1927-03-29,time unavailable,@,Chicago Black Hawks,6,1,W,REG,1,0,0,W 1,"at New York, NY"
2,1927-03-31,time unavailable,H,Chicago Black Hawks,4,4,T,REG,1,0,1,T 1
3,1927-04-02,time unavailable,H,New York Rangers,0,0,T,REG,1,0,2,T 2
4,1927-04-04,time unavailable,@,New York Rangers,3,1,W,REG,2,0,2,W 1
5,1927-04-07,time unavailable,H,Ottawa Senators,0,0,T,OT,2,0,3,T 1
6,1927-04-09,time unavailable,H,Ottawa Senators,1,3,L,REG,2,1,3,L 1
7,1927-04-11,time unavailable,@,Ottawa Senators,1,1,T,OT,2,1,4,T 1
8,1927-04-13,time unavailable,@,Ottawa Senators,1,3,L,REG,2,2,4,L 1

Billy Boucher,,n/a,RW,27,5-7,155,R/-,5,"November 10, 1899",ca,"2 G, 0 A, 2 P"
Archie Briden,,n/a,LW,28,5-8,170,L/-,R,"July 16, 1898",ca,"2 G, 2 A, 4 P"
Charles Cahill,,n/a,F,23,5-10,180,R/-,1,"January 4, 1904",ca,"0 G, 0 A, 0 P"
Sprague Cleghorn,,n/a,D,36,5-10,190,L/-,8,"March 11, 1890",ca,"7 G, 1 A, 8 P"
Carson Cooper,,n/a,RW,27,5-7,160,R/-,2,"July 17, 1899",ca,"4 G, 0 A, 4 P"
Billy Coutu,,n/a,D,34,5-11,190,L/-,9,"March 1, 1892",ca,"1 G, 1 A, 2 P"
Frank Fredrickson,,n/a,C,31,5-11,180,L/-,R,"June 11, 1895",ca,"14 G, 7 A, 21 P"
Percy Galbraith,,n/a,LW,28,5-10,162,L/-,R,"December 5, 1898",ca,"9 G, 8 A, 17 P"
Jimmy Herbert,,n/a,C,29,5-10,185,R/-,2,"October 31, 1897",ca,"15 G, 7 A, 22 P"
Lionel Hitchman,,n/a,D,25,6-1,167,L/-,4,"November 3, 1901",ca,"3 G, 6 A, 9 P"
Duke Keats,,n/a,C,31,5-11,195,R/-,R,"March 21, 1895",ca,"4 G, 7 A, 11 P"
Harry Meeking,,n/a,LW,32,5-7,160,L/-,2,"November 4, 1894",ca,"1 G, 0 A, 1 P"
Harry Oliver,,n/a,RW,28,5-8,155,R/-,R,"October 26, 1898",ca,"18 G, 6 A, 24 P"
Eddie Shore,,n/a,D,24,5-11,190,R/-,R,"November 25, 1902",ca,"12 G, 6 A, 18 P"
Charles Stewart,,n/a,G,31,5-7,140,-/L,2,"November 13, 1895",ca,"9-11-1, 2.26 GAA"
Billy Stuart,,n/a,D,26,5-11,190,L/-,6,"February 1, 1900",ca,"3 G, 1 A, 4 P"
Hal Winkler,,n/a,G,34,5-8,150,-/-,R,"March 20, 1892",ca,"12-9-2, 1.66 GAA"
