Chicago Black Hawks,CBH,nhl
1926-27,1927
16
44
2
GP,Date,Time,Location,Opponent,GF,GA,Result,Game Ended In,W,L,T,Streak,Notes
1,1926-11-17,time unavailable,H,Toronto Maple Leafs,4,1,W,REG,1,0,0,W 1
2,1926-11-20,time unavailable,H,Boston Bruins,5,1,W,REG,2,0,0,W 2
3,1926-11-24,time unavailable,H,Detroit Cougars,0,1,L,REG,2,1,0,L 1
4,1926-11-27,time unavailable,H,Pittsburgh Pirates,3,5,L,REG,2,2,0,L 2
5,1926-11-30,time unavailable,@,New York Rangers,3,4,L,OT,2,3,0,L 3
6,1926-12-01,time unavailable,@,New York Americans,2,2,T,OT,2,3,1,T 1
7,1926-12-04,time unavailable,@,Montreal Maroons,5,3,W,REG,3,3,1,W 1
8,1926-12-07,time unavailable,H,Ottawa Senators,2,3,L,REG,3,4,1,L 1
9,1926-12-09,time unavailable,@,Toronto Maple Leafs,2,5,L,REG,3,5,1,L 2
10,1926-12-11,time unavailable,@,Montreal Canadiens,3,0,W,REG,4,5,1,W 1
11,1926-12-15,time unavailable,H,New York Rangers,6,2,W,REG,5,5,1,W 2
12,1926-12-18,time unavailable,H,New York Americans,4,2,W,REG,6,5,1,W 3
13,1926-12-22,time unavailable,H,Montreal Canadiens,1,3,L,REG,6,6,1,L 1
14,1926-12-25,time unavailable,H,Detroit Cougars,2,0,W,REG,7,6,1,W 1
15,1926-12-29,time unavailable,H,Montreal Maroons,5,4,W,OT,8,6,1,W 2
16,1927-01-01,time unavailable,H,New York Rangers,0,4,L,REG,8,7,1,L 1
17,1927-01-04,time unavailable,H,Pittsburgh Pirates,1,2,L,REG,8,8,1,L 2
18,1927-01-08,time unavailable,@,Pittsburgh Pirates,4,0,W,REG,9,8,1,W 1
19,1927-01-11,time unavailable,@,Boston Bruins,3,6,L,REG,9,9,1,L 1
20,1927-01-16,time unavailable,@,New York Rangers,4,5,L,REG,9,10,1,L 2
21,1927-01-19,time unavailable,H,Toronto Maple Leafs,4,3,W,OT,10,10,1,W 1
22,1927-01-22,time unavailable,H,Boston Bruins,2,2,T,OT,10,10,2,T 1
23,1927-01-27,time unavailable,@,Pittsburgh Pirates,2,4,L,REG,10,11,2,L 1
24,1927-01-29,time unavailable,@,Toronto Maple Leafs,1,6,L,REG,10,12,2,L 2
25,1927-02-01,time unavailable,@,Detroit Cougars,3,4,L,OT,10,13,2,L 3,"at Windsor, ON"
26,1927-02-03,time unavailable,@,Montreal Maroons,0,3,L,REG,10,14,2,L 4
27,1927-02-05,time unavailable,@,Ottawa Senators,1,2,L,REG,10,15,2,L 5
28,1927-02-09,time unavailable,H,Ottawa Senators,5,3,W,REG,11,15,2,W 1
29,1927-02-11,time unavailable,H,Montreal Canadiens,6,1,W,REG,12,15,2,W 2
30,1927-02-13,time unavailable,@,New York Americans,1,2,L,OT,12,16,2,L 1
31,1927-02-15,time unavailable,@,Boston Bruins,0,3,L,REG,12,17,2,L 2
32,1927-02-19,time unavailable,@,Detroit Cougars,4,1,W,REG,13,17,2,W 1,"at Windsor, ON"
33,1927-02-23,time unavailable,H,New York Americans,3,1,W,REG,14,17,2,W 2
34,1927-02-26,time unavailable,H,Montreal Maroons,1,2,L,OT,14,18,2,L 1
35,1927-03-01,time unavailable,H,New York Rangers,3,0,W,REG,15,18,2,W 1
36,1927-03-03,time unavailable,@,Montreal Canadiens,1,7,L,REG,15,19,2,L 1
37,1927-03-05,time unavailable,@,Ottawa Senators,2,1,W,OT,16,19,2,W 1
38,1927-03-08,time unavailable,@,Detroit Cougars,4,1,W,REG,17,19,2,W 2,"at Windsor, ON"
39,1927-03-13,time unavailable,@,Boston Bruins,4,0,W,REG,18,19,2,W 3
40,1927-03-15,time unavailable,H,Boston Bruins,1,2,L,OT,18,20,2,L 1
41,1927-03-17,time unavailable,@,Pittsburgh Pirates,2,6,L,REG,18,21,2,L 2
42,1927-03-19,time unavailable,H,Pittsburgh Pirates,3,2,W,OT,19,21,2,W 1
43,1927-03-22,time unavailable,H,Detroit Cougars,3,3,T,OT,19,21,3,T 1
44,1927-03-25,time unavailable,@,New York Rangers,0,4,L,REG,19,22,3,L 1

GP,Date,Time,Location,Opponent,GF,GA,Result,Game Ended In,W,L,T,Streak,Notes
1,1927-03-29,time unavailable,H,Boston Bruins,1,6,L,REG,0,1,0,L 1,"at New York, NY"
2,1927-03-31,time unavailable,@,Boston Bruins,4,4,T,REG,0,1,1,T 1

Ken Doraty,,n/a,RW,20,5-7,133,R/-,R,"June 23, 1906",ca,"0 G, 0 A, 0 P"
Duke Dukowski,,n/a,F/D,24,5-10,185,L/-,R,"August 30, 1902",ca,"3 G, 2 A, 5 P"
Babe Dye,,n/a,RW,28,5-8,150,R/-,7,"May 13, 1898",ca,"25 G, 5 A, 30 P"
Gord Fraser,,n/a,D,25,6-0,180,L/-,R,"January 3, 1902",ca,"14 G, 6 A, 20 P"
George Hay,,n/a,LW,29,5-10,155,L/-,R,"January 10, 1898",ca,"14 G, 8 A, 22 P"
Dick Irvin,(C),n/a,C,34,5-9,162,L/-,R,"July 19, 1892",ca,"18 G, 18 A, 36 P"
Hugh Lehman,,n/a,G,41,5-8,168,-/L,R,"October 27, 1885",ca,"19-22-3, 2.49 GAA"
Mickey MacKay,,n/a,C,32,5-9,162,L/-,R,"May 25, 1894",ca,"14 G, 8 A, 22 P"
Gord McFarlane,,n/a,D,25,6-2,180,R/-,R,"July 18, 1901",ca,"0 G, 0 A, 0 P"
Charley McVeigh,,n/a,RW,28,5-6,145,L/-,R,"March 29, 1898",ca,"12 G, 4 A, 16 P"
Jim Riley,,n/a,LW,31,5-11,180,L/-,R,"May 25, 1895",ca,"0 G, 0 A, 0 P"
Eddie Rodden,,n/a,RW,25,5-7,150,R/-,R,"March 22, 1901",ca,"3 G, 3 A, 6 P"
Art Townsend,,n/a,D,21,5-10,185,L/-,R,"October 9, 1905",ca,"0 G, 0 A, 0 P"
Bob Trapp,,n/a,D,27,5-10,170,L/-,R,"December 16, 1899",ca,"4 G, 2 A, 6 P"
Percy Traub,,n/a,D,30,5-9,175,L/-,R,"August 23, 1896",ca,"0 G, 2 A, 2 P"
Cully Wilson,,n/a,RW,34,5-8,180,R/-,4,"June 5, 1892",ca,"8 G, 4 A, 12 P"
