Toronto Maple Leafs,TOR,nhl
1926-27,1927
18
44
0
GP,Date,Time,Location,Opponent,GF,GA,Result,Game Ended In,W,L,T,Streak,Notes
1,1926-11-17,time unavailable,@,Chicago Black Hawks,1,4,L,REG,0,1,0,L 1
2,1926-11-20,time unavailable,H,New York Rangers,1,5,L,REG,0,2,0,L 2
3,1926-11-25,time unavailable,H,Ottawa Senators,2,2,T,OT,0,2,1,T 1
4,1926-11-30,time unavailable,H,Pittsburgh Pirates,6,0,W,REG,1,2,1,W 1
5,1926-12-02,time unavailable,@,Montreal Canadiens,0,2,L,REG,1,3,1,L 1
6,1926-12-04,time unavailable,H,New York Americans,0,1,L,REG,1,4,1,L 2
7,1926-12-09,time unavailable,H,Chicago Black Hawks,5,2,W,REG,2,4,1,W 1
8,1926-12-11,time unavailable,@,Ottawa Senators,1,2,L,REG,2,5,1,L 1
9,1926-12-14,time unavailable,@,Montreal Maroons,0,3,L,REG,2,6,1,L 2
10,1926-12-18,time unavailable,H,Montreal Canadiens,0,2,L,REG,2,7,1,L 3
11,1926-12-20,time unavailable,@,New York Americans,0,2,L,REG,2,8,1,L 4
12,1926-12-21,time unavailable,@,Boston Bruins,5,3,W,REG,3,8,1,W 1
13,1926-12-25,time unavailable,@,Pittsburgh Pirates,2,3,L,REG,3,9,1,L 1
14,1926-12-30,time unavailable,H,Boston Bruins,4,1,W,REG,4,9,1,W 1
15,1927-01-01,time unavailable,H,Montreal Maroons,0,3,L,REG,4,10,1,L 1
16,1927-01-04,time unavailable,@,Detroit Cougars,2,1,W,REG,5,10,1,W 1,"at Windsor, ON"
17,1927-01-08,time unavailable,H,New York Americans,3,1,W,REG,6,10,1,W 2
18,1927-01-11,time unavailable,@,Ottawa Senators,1,4,L,REG,6,11,1,L 1
19,1927-01-13,time unavailable,@,New York Rangers,1,1,T,OT,6,11,2,T 1
20,1927-01-15,time unavailable,H,Detroit Cougars,1,1,T,OT,6,11,3,T 2
21,1927-01-19,time unavailable,@,Chicago Black Hawks,3,4,L,OT,6,12,3,L 1
22,1927-01-22,time unavailable,@,Montreal Canadiens,0,4,L,REG,6,13,3,L 2
23,1927-01-27,time unavailable,H,Montreal Maroons,3,5,L,REG,6,14,3,L 3
24,1927-01-29,time unavailable,H,Chicago Black Hawks,6,1,W,REG,7,14,3,W 1
25,1927-02-01,time unavailable,@,Boston Bruins,0,1,L,REG,7,15,3,L 1
26,1927-02-03,time unavailable,@,New York Americans,0,0,T,OT,7,15,4,T 1
27,1927-02-05,time unavailable,H,Boston Bruins,1,0,W,REG,8,15,4,W 1
28,1927-02-08,time unavailable,@,Montreal Maroons,0,3,L,REG,8,16,4,L 1
29,1927-02-10,time unavailable,H,New York Rangers,2,3,L,REG,8,17,4,L 2
30,1927-02-12,time unavailable,H,Ottawa Senators,0,1,L,REG,8,18,4,L 3
31,1927-02-16,time unavailable,@,Detroit Cougars,1,5,L,REG,8,19,4,L 4,"at Windsor, ON"
32,1927-02-17,time unavailable,H,New York Americans,4,1,W,REG,9,19,4,W 1
33,1927-02-19,time unavailable,H,Montreal Maroons,1,2,L,OT,9,20,4,L 1
34,1927-02-22,time unavailable,@,New York Rangers,3,2,W,OT,10,20,4,W 1
35,1927-02-24,time unavailable,H,Montreal Canadiens,2,3,L,REG,10,21,4,L 1
36,1927-02-26,time unavailable,@,Pittsburgh Pirates,1,1,T,OT,10,21,5,T 1
37,1927-03-01,time unavailable,H,Pittsburgh Pirates,4,1,W,REG,11,21,5,W 1
38,1927-03-05,time unavailable,H,Detroit Cougars,4,2,W,REG,12,21,5,W 2
39,1927-03-10,time unavailable,@,Montreal Canadiens,2,4,L,REG,12,22,5,L 1
40,1927-03-12,time unavailable,@,Montreal Maroons,1,0,W,REG,13,22,5,W 1
41,1927-03-19,time unavailable,H,Ottawa Senators,0,2,L,REG,13,23,5,L 1
42,1927-03-21,time unavailable,@,New York Americans,4,1,W,REG,14,23,5,W 1
43,1927-03-24,time unavailable,@,Ottawa Senators,0,4,L,REG,14,24,5,L 1
44,1927-03-26,time unavailable,H,Montreal Canadiens,2,1,W,REG,15,24,5,W 1

Time,Location,Result,Game Ended In

Ace Bailey,,n/a,RW,23,5-10,160,R/-,R,"July 3, 1903",ca,"15 G, 13 A, 28 P"
Pete Bellefeuille,,n/a,RW,25,5-10,180,R/-,1,"October 19, 1901",ca,"0 G, 0 A, 0 P"
Leo Bourgeault,,n/a,D/RW,24,5-6,165,L/-,R,"January 17, 1903",ca,"1 G, 0 A, 1 P"
Bill Brydge,,n/a,D,25,5-9,195,R/-,R,"October 22, 1901",ca,"6 G, 3 A, 9 P"
Bill Carson,,n/a,C,26,5-8,158,L/-,R,"November 25, 1900",ca,"16 G, 6 A, 22 P"
Bert Corbeau,,n/a,D,32,5-11,200,R/-,9,"February 9, 1894",ca,"1 G, 2 A, 3 P"
Danny Cox,,n/a,LW,23,5-10,180,L/-,R,"October 12, 1903",ca,"0 G, 1 A, 1 P"
Hap Day,,n/a,LW/D,25,5-11,175,L/-,2,"June 14, 1901",ca,"11 G, 5 A, 16 P"
Corb Denneny,,n/a,C,33,5-8,160,R/-,7,"January 25, 1894",ca,"7 G, 1 A, 8 P"
Lloyd Gross,,n/a,LW,21,5-9,175,L/-,R,"September 5, 1905",ca,"1 G, 1 A, 2 P"
Harold Halderson,,n/a,D,27,6-3,200,R/-,R,"January 6, 1900",ca,"1 G, 2 A, 3 P"
Butch Keeling,,n/a,C/LW,21,5-11,180,L/-,R,"August 10, 1905",ca,"11 G, 2 A, 13 P"
Bert McCaffrey,,n/a,D,33,5-10,180,R/-,2,"April 12, 1893",ca,"5 G, 5 A, 10 P"
George Patterson,,n/a,RW,20,6-1,176,R/-,R,"May 22, 1906",ca,"4 G, 2 A, 6 P"
Al Pudas,,n/a,LW,27,5-10,160,R/-,R,"February 17, 1899",fi,"0 G, 0 A, 0 P"
John Ross Roach,,n/a,G,26,5-5,130,-/L,5,"June 23, 1900",ca,"15-24-5, 2.04 GAA"
Jesse Spring,,n/a,RW,26,6-0,185,L/-,3,"January 18, 1901",us,"0 G, 0 A, 0 P"
Carl Voss,,n/a,C,20,5-9,168,L/-,R,"January 6, 1907",us,"0 G, 0 A, 0 P"
