The Warriors,winter2011Contact,Ice Hockey: The Warriors (All Star Contact)
7,6,6,1,1
Sun Jan 16 @ 11:00 pm,Columbia Icefield Arena,lost,1,7,4,Sharks
Sun Jan 23 @ 9:00 pm,Columbia Icefield Arena,lost,3,5,4,The King’s Men
Sat Jan 29 @ 7:00 pm,Columbia Icefield Arena,lost,2,6,4,Donna’s Cherry
Sun Feb 13 @ 10:00 pm,Columbia Icefield Arena,lost,1,5,3,SJ Contact
Sun Mar 13 @ 11:00 pm,Columbia Icefield Arena,lost,1,7,4,HC Dynamo
Sun Mar 20 @ 3:00 pm,Columbia Icefield Arena,lost,3,6,4,Contact Indies 1
Sat Apr 2 @ 6:00 pm,Columbia Icefield Arena,lost,0,6,1,The King’s Men

Tyler Barnes,Matthew Daly,Reed Froklage,Christopher Gilson,Jesse Harwood,Shahil Kanji,Blake Martin,Ryan McCaw,Matthew Nywening,Kevin O’Leary,Andrew Pequegnat,Umesh Thillaivasan,Alexander Kranyak
