The Veterans,winter2011Contact,Ice Hockey: The Veterans (All Star Contact)
7,6,6,1,1
Sun Jan 16 @ 8:00 pm,Columbia Icefield Arena,tie,2,2,0,Danglers
Sat Jan 22 @ 4:00 pm,Columbia Icefield Arena,won,3,2,4,Broken Rubbers
Sun Feb 13 @ 1:00 pm,Columbia Icefield Arena,lost,0,6,2,Contact Indies 1
Mon Feb 14 @ 11:00 pm,Columbia Icefield Arena,tie,2,2,0,SJ Contact
Sat Mar 12 @ 4:00 pm,Columbia Icefield Arena,lost,1,5,2,Contact Indies 2
Sun Mar 20 @ 11:00 pm,Columbia Icefield Arena,won,1,0,2,Donna’s Cherry
Tue Mar 29 @ 11:00 pm,Columbia Icefield Arena,lost,2,3,1,Sharks

Geoffrey Dijkema,Sebastien Gobeil,Michael Hardy,Carter Hilliker,Samuel Huberman,Travis Kelly,Rene Marchand,Michael McCauley,Dale Memering,Timothy Pasche,Jean-Samuel Rancourt,Matthew Twynstra,Robert Watson,William Robichaud
