Danglers,winter2011Contact,Ice Hockey: Danglers (All Star Contact)
7,6,6,1,1
Sun Jan 16 @ 8:00 pm,Columbia Icefield Arena,tie,2,2,0,The Veterans
Sat Jan 29 @ 6:00 pm,Columbia Icefield Arena,lost,3,5,2,Victorious Secret
Tue Feb 8 @ 8:00 pm,Columbia Icefield Arena,won,7,1,4,Broken Rubbers
Sun Feb 27 @ 2:00 pm,Columbia Icefield Arena,lost,1,2,4,Contact Indies 2
Sat Mar 12 @ 3:00 pm,Columbia Icefield Arena,lost,3,7,4,Contact Indies 1
Sat Mar 19 @ 7:00 pm,Columbia Icefield Arena,won,4,1,3,The King’s Men
Sat Mar 26 @ 5:00 pm,Columbia Icefield Arena,lost,0,4,1,Contact Indies 1

Thomas Black,Clark Hannon,Benjamin Koeslag,Paul Mackinnon,Nicholas Marko,Christopher McGuire,Kyle Parks,James Skuza,Corey St-Laurent,Marco Visentin,Isaac Wilkinson,Tyler Wittmaier,Travis Burnside
