The King’s Men,winter2011Contact,Ice Hockey: The King’s Men (All Star Contact)
8,6,6,2,2
Sun Jan 16 @ 9:00 pm,Columbia Icefield Arena,lost,3,4,1,SJ Contact
Sun Jan 23 @ 9:00 pm,Columbia Icefield Arena,won,5,3,4,The Warriors
Tue Feb 8 @ 11:00 pm,Columbia Icefield Arena,won,6,1,-2,Donna’s Cherry
Tue Mar 1 @ 11:00 pm,Columbia Icefield Arena,lost,3,6,4,HC Dynamo
Sun Mar 13 @ 9:00 pm,Columbia Icefield Arena,tie,3,3,0,Sharks
Sat Mar 19 @ 7:00 pm,Columbia Icefield Arena,lost,1,4,2,Danglers
Sat Apr 2 @ 6:00 pm,Columbia Icefield Arena,won,6,0,1,The Warriors
Sun Apr 3 @ 3:00 pm,Columbia Icefield Arena,lost,4,5,1,Broken Rubbers

Michael Glover,Thomas Hunt,Tyler Hunt,Stephen Jones,Daniel Lee,Douglas Lusted,Nathan Mac Intosh,Nicholas Petroff,Dylan Powell,Scott Thompson,Michael Vitelli,Michael Tollis
