Donna’s Cherry,winter2011Contact,Ice Hockey: Donna’s Cherry (All Star Contact)
7,6,6,1,1
Sun Jan 16 @ 10:00 pm,Columbia Icefield Arena,lost,2,8,4,HC Dynamo
Sat Jan 29 @ 7:00 pm,Columbia Icefield Arena,won,6,2,4,The Warriors
Sun Jan 30 @ 5:00 pm,Columbia Icefield Arena,lost,2,8,3,Sharks
Tue Feb 8 @ 11:00 pm,Columbia Icefield Arena,lost,1,6,0,The King’s Men
Sun Mar 13 @ 10:00 pm,Columbia Icefield Arena,lost,3,5,3,SJ Contact
Sun Mar 20 @ 11:00 pm,Columbia Icefield Arena,lost,0,1,2,The Veterans
Sat Apr 2 @ 5:00 pm,Columbia Icefield Arena,lost,2,5,1,Broken Rubbers

Jeffrey Azzolin,Dylan Brethour,Aaron Gartner,Jeffrey Gordon,John Grilli,Brendan Parliament,Navdeep Sahai,Jeffrey Sanderson,Nabeel Sheiban,Cory Shewfelt,Zachary Spiler,Jackson Stevens,David Woolley,Joshua Brethour
