Sharks,winter2011Contact,Ice Hockey: Sharks (All Star Contact)
10,7,7,3,3
Sun Jan 16 @ 11:00 pm,Columbia Icefield Arena,won,7,1,4,The Warriors
Sun Jan 30 @ 5:00 pm,Columbia Icefield Arena,won,8,2,2,Donna’s Cherry
Mon Feb 7 @ 11:00 pm,Columbia Icefield Arena,won,2,0,0,HC Dynamo
Sun Feb 27 @ 1:00 pm,Columbia Icefield Arena,won,5,2,3,Victorious Secret
Sun Mar 13 @ 9:00 pm,Columbia Icefield Arena,tie,3,3,4,The King’s Men
Sun Mar 20 @ 9:00 pm,Columbia Icefield Arena,tie,0,0,avg.,Victorious Secret
Mon Apr 4 @ 8:00 pm,Columbia Icefield Arena,tie,2,2,2,Victorious Secret
Tue Mar 29 @ 11:00 pm,Columbia Icefield Arena,won,3,2,1,The Veterans
Thu Mar 31 @ 11:00 pm,Columbia Icefield Arena,won,6,1,2,HC Dynamo
Sun Apr 3 @ 4:00 pm,Columbia Icefield Arena,won,3,1,1,Contact Indies 1

Daniel Bayer,Andrew D’Angelo,Michael Demarco,Zachary Junkin,Michael Laporte,Scott Laporte,Sheldon McGinn,Brandon Skinner,Peter Wideman,Derek Laporte
