Broken Rubbers,winter2011Contact,Ice Hockey: Broken Rubbers (All Star Contact)
8,6,6,2,2
Sun Jan 16 @ 5:00 pm,Columbia Icefield Arena,lost,2,7,3,Contact Indies 2
Sat Jan 22 @ 4:00 pm,Columbia Icefield Arena,lost,2,3,4,The Veterans
Tue Feb 8 @ 8:00 pm,Columbia Icefield Arena,lost,1,7,4,Danglers
Sun Feb 27 @ 12:00 pm,Columbia Icefield Arena,lost,0,3,0,Contact Indies 1
Sat Mar 12 @ 5:00 pm,Columbia Icefield Arena,tie,2,2,4,Victorious Secret
Sun Mar 20 @ 10:00 pm,Columbia Icefield Arena,won,4,2,2,SJ Contact
Sat Apr 2 @ 5:00 pm,Columbia Icefield Arena,won,5,2,1,Donna’s Cherry
Sun Apr 3 @ 3:00 pm,Columbia Icefield Arena,won,5,4,1,The King’s Men

Andrei Bucur,Jake Carriere,Michael Lalande,Benjamin McIntyre,Kyle Mundell,Benjamin Norman,Nicholas Paolini,Mitchell Patterson,Charles Reid,Kerry Cooper
