Los Angeles Kings,LAK,nhl
1970-71,1971
28
78
0
GP,Date,Time,Location,Opponent,GF,GA,Result,Game Ended In,W,L,T,Streak
1,1970-10-09,time unavailable,@,Vancouver Canucks,3,1,W,REG,1,0,0,W 1
2,1970-10-14,time unavailable,H,Boston Bruins,5,8,L,REG,1,1,0,L 1
3,1970-10-17,time unavailable,H,California Golden Seals,6,1,W,REG,2,1,0,W 1
4,1970-10-21,time unavailable,H,Pittsburgh Penguins,4,2,W,REG,3,1,0,W 2
5,1970-10-24,time unavailable,H,St. Louis Blues,3,1,W,REG,4,1,0,W 3
6,1970-10-28,time unavailable,@,Pittsburgh Penguins,3,5,L,REG,4,2,0,L 1
7,1970-10-29,time unavailable,@,Philadelphia Flyers,1,3,L,REG,4,3,0,L 2
8,1970-10-31,time unavailable,@,St. Louis Blues,0,3,L,REG,4,4,0,L 3
9,1970-11-01,time unavailable,H,Buffalo Sabres,4,2,W,REG,5,4,0,W 1
10,1970-11-04,time unavailable,H,Toronto Maple Leafs,3,2,W,REG,6,4,0,W 2
11,1970-11-07,time unavailable,H,New York Rangers,2,6,L,REG,6,5,0,L 1
12,1970-11-10,time unavailable,@,Pittsburgh Penguins,5,1,W,REG,7,5,0,W 1
13,1970-11-11,time unavailable,@,Minnesota North Stars,1,3,L,REG,7,6,0,L 1
14,1970-11-15,time unavailable,H,Detroit Red Wings,4,4,T,REG,7,6,1,T 1
15,1970-11-18,time unavailable,H,New York Rangers,3,5,L,REG,7,7,1,L 1
16,1970-11-20,time unavailable,@,Vancouver Canucks,1,7,L,REG,7,8,1,L 2
17,1970-11-21,time unavailable,H,Vancouver Canucks,1,3,L,REG,7,9,1,L 3
18,1970-11-25,time unavailable,@,California Golden Seals,3,1,W,REG,8,9,1,W 1
19,1970-11-28,time unavailable,H,Minnesota North Stars,2,3,L,REG,8,10,1,L 1
20,1970-11-29,time unavailable,@,Chicago Black Hawks,3,5,L,REG,8,11,1,L 2
21,1970-12-02,time unavailable,@,Toronto Maple Leafs,0,7,L,REG,8,12,1,L 3
22,1970-12-03,time unavailable,@,Detroit Red Wings,4,4,T,REG,8,12,2,T 1
23,1970-12-05,time unavailable,H,Philadelphia Flyers,4,4,T,REG,8,12,3,T 2
24,1970-12-09,time unavailable,H,New York Rangers,2,2,T,REG,8,12,4,T 3
25,1970-12-12,time unavailable,@,Montreal Canadiens,1,8,L,REG,8,13,4,L 1
26,1970-12-13,time unavailable,@,New York Rangers,0,4,L,REG,8,14,4,L 2
27,1970-12-16,time unavailable,@,Boston Bruins,4,6,L,REG,8,15,4,L 3
28,1970-12-17,time unavailable,@,Buffalo Sabres,3,4,L,REG,8,16,4,L 4
29,1970-12-19,time unavailable,H,Philadelphia Flyers,2,2,T,REG,8,16,5,T 1
30,1970-12-20,time unavailable,H,Montreal Canadiens,7,2,W,REG,9,16,5,W 1
31,1970-12-23,time unavailable,H,Chicago Black Hawks,4,6,L,REG,9,17,5,L 1
32,1970-12-26,time unavailable,H,California Golden Seals,9,3,W,REG,10,17,5,W 1
33,1970-12-30,time unavailable,H,Vancouver Canucks,1,4,L,REG,10,18,5,L 1
34,1971-01-02,time unavailable,H,Minnesota North Stars,3,3,T,REG,10,18,6,T 1
35,1971-01-03,time unavailable,H,St. Louis Blues,3,7,L,REG,10,19,6,L 1
36,1971-01-06,time unavailable,@,Chicago Black Hawks,4,2,W,REG,11,19,6,W 1
37,1971-01-07,time unavailable,@,Philadelphia Flyers,5,5,T,REG,11,19,7,T 1
38,1971-01-09,time unavailable,@,Montreal Canadiens,0,1,L,REG,11,20,7,L 1
39,1971-01-10,time unavailable,@,Buffalo Sabres,2,2,T,REG,11,20,8,T 1
40,1971-01-13,time unavailable,@,Pittsburgh Penguins,2,4,L,REG,11,21,8,L 1
41,1971-01-14,time unavailable,@,Boston Bruins,5,9,L,REG,11,22,8,L 2
42,1971-01-16,time unavailable,@,Toronto Maple Leafs,1,8,L,REG,11,23,8,L 3
43,1971-01-17,time unavailable,@,Philadelphia Flyers,4,1,W,REG,12,23,8,W 1
44,1971-01-21,time unavailable,H,Pittsburgh Penguins,4,2,W,REG,13,23,8,W 2
45,1971-01-23,time unavailable,H,Toronto Maple Leafs,3,2,W,REG,14,23,8,W 3
46,1971-01-27,time unavailable,H,Buffalo Sabres,3,3,T,REG,14,23,9,T 1
47,1971-01-30,time unavailable,@,Detroit Red Wings,3,3,T,REG,14,23,10,T 2
48,1971-01-31,time unavailable,@,New York Rangers,2,2,T,REG,14,23,11,T 3
49,1971-02-03,time unavailable,@,Boston Bruins,3,7,L,REG,14,24,11,L 1
50,1971-02-04,time unavailable,@,Buffalo Sabres,2,5,L,REG,14,25,11,L 2
51,1971-02-06,time unavailable,H,Montreal Canadiens,6,3,W,REG,15,25,11,W 1
52,1971-02-10,time unavailable,H,Detroit Red Wings,5,2,W,REG,16,25,11,W 2
53,1971-02-13,time unavailable,@,Toronto Maple Leafs,1,8,L,REG,16,26,11,L 1
54,1971-02-14,time unavailable,@,Detroit Red Wings,0,4,L,REG,16,27,11,L 2
55,1971-02-17,time unavailable,H,Philadelphia Flyers,0,4,L,REG,16,28,11,L 3
56,1971-02-20,time unavailable,H,Boston Bruins,5,4,W,REG,17,28,11,W 1
57,1971-02-21,time unavailable,@,Chicago Black Hawks,5,7,L,REG,17,29,11,L 1
58,1971-02-24,time unavailable,@,Minnesota North Stars,1,5,L,REG,17,30,11,L 2
59,1971-02-25,time unavailable,H,Montreal Canadiens,3,5,L,REG,17,31,11,L 3
60,1971-02-27,time unavailable,H,Chicago Black Hawks,1,4,L,REG,17,32,11,L 4
61,1971-02-28,time unavailable,@,California Golden Seals,8,3,W,REG,18,32,11,W 1
62,1971-03-03,time unavailable,H,Buffalo Sabres,3,3,T,REG,18,32,12,T 1
63,1971-03-06,time unavailable,@,Montreal Canadiens,2,8,L,REG,18,33,12,L 1
64,1971-03-07,time unavailable,@,New York Rangers,2,4,L,REG,18,34,12,L 2
65,1971-03-09,time unavailable,@,St. Louis Blues,4,0,W,REG,19,34,12,W 1
66,1971-03-11,time unavailable,H,Boston Bruins,2,7,L,REG,19,35,12,L 1
67,1971-03-13,time unavailable,H,Detroit Red Wings,5,2,W,REG,20,35,12,W 1
68,1971-03-16,time unavailable,H,Minnesota North Stars,2,7,L,REG,20,36,12,L 1
69,1971-03-18,time unavailable,H,Chicago Black Hawks,3,2,W,REG,21,36,12,W 1
70,1971-03-20,time unavailable,H,Pittsburgh Penguins,8,4,W,REG,22,36,12,W 2
71,1971-03-21,time unavailable,@,California Golden Seals,2,5,L,REG,22,37,12,L 1
72,1971-03-23,time unavailable,@,Minnesota North Stars,1,3,L,REG,22,38,12,L 2
73,1971-03-25,time unavailable,H,Toronto Maple Leafs,5,3,W,REG,23,38,12,W 1
74,1971-03-27,time unavailable,H,St. Louis Blues,3,6,L,REG,23,39,12,L 1
75,1971-03-30,time unavailable,@,St. Louis Blues,3,4,L,REG,23,40,12,L 2
76,1971-03-31,time unavailable,H,Vancouver Canucks,2,2,T,REG,23,40,13,T 1
77,1971-04-03,time unavailable,H,California Golden Seals,6,4,W,REG,24,40,13,W 1
78,1971-04-04,time unavailable,@,Vancouver Canucks,4,2,W,REG,25,40,13,W 2

Time,Location,Result,Game Ended In

Ralph Backstrom,,9,C,33,5-10,165,L/-,14,"September 18, 1937",ca,"14 G, 13 A, 27 P"
Bob Berry,,18,LW,27,6-0,185,L/-,1,"November 29, 1943",ca,"25 G, 38 A, 63 P"
Mike Byers,,24,RW,24,5-10,185,R/-,2,"September 11, 1946",ca,"27 G, 18 A, 45 P"
Larry Cahan,(C),3,D,37,6-2,222,R/-,12,"December 25, 1933",ca,"3 G, 11 A, 14 P"
Paul Curtis,,6,D,23,6-0,185,L/-,1,"September 29, 1947",ca,"1 G, 13 A, 14 P"
Denis DeJordy,,30,G,32,5-9,185,-/L,7,"November 12, 1938",ca,"18-29-11, 3.80 GAA"
Dick Duff,,7,LW,34,5-9,166,L/-,16,"February 18, 1936",ca,"1 G, 0 A, 1 P"
Bill Flett,,17,RW,27,6-1,205,R/-,3,"July 21, 1943",ca,"13 G, 24 A, 37 P"
Butch Goring,,19,C,21,5-9,170,L/-,1,"October 22, 1949",ca,"2 G, 5 A, 7 P"
Lucien Grenier,,14,RW,24,5-10,163,L/-,1,"November 3, 1946",ca,"9 G, 7 A, 16 P"
Dale Hoganson,,2,D,21,5-10,190,L/-,1,"July 8, 1949",ca,"4 G, 10 A, 14 P"
Harry Howell,,5,D,38,6-1,195,L/-,18,"December 28, 1932",ca,"3 G, 8 A, 11 P"
Eddie Joyal,,16,C,30,6-0,178,L/-,7,"May 8, 1940",ca,"20 G, 21 A, 41 P"
Gord Labossiere,,9,C,31,6-1,190,R/-,4,"January 2, 1940",ca,"11 G, 10 A, 21 P"
Real Lemieux,,7,LW,26,5-11,180,L/-,4,"January 3, 1945",ca,"3 G, 6 A, 9 P"
Ross Lonsberry,,8,LW,23,5-11,195,L/-,4,"February 7, 1947",ca,"25 G, 28 A, 53 P"
Gilles Marotte,,4,D,25,5-9,205,L/-,5,"June 7, 1945",ca,"6 G, 27 A, 33 P"
Al McDonough,,22,RW,20,6-1,175,R/-,R,"June 6, 1950",ca,"2 G, 1 A, 3 P"
Larry Mickey,,12,RW,27,5-11,175,R/-,6,"October 21, 1943",ca,"6 G, 12 A, 18 P"
Jack Norris,,1,G,28,5-10,185,-/L,3,"August 5, 1942",ca,"7-11-2, 3.91 GAA"
Jean Potvin,,23,D,21,5-11,188,R/-,R,"March 25, 1949",ca,"1 G, 3 A, 4 P"
Noel Price,,5,D,35,6-0,190,L/-,9,"December 9, 1935",ca,"1 G, 19 A, 20 P"
Bob Pulford,,20,LW,34,5-11,188,L/-,14,"March 31, 1936",ca,"17 G, 26 A, 43 P"
Matt Ravlich,,21,D,32,5-10,185,L/-,6,"July 12, 1938",ca,"3 G, 16 A, 19 P"
Doug Robinson,,11,LW,30,6-2,197,L/-,5,"August 27, 1940",ca,"15 G, 13 A, 28 P"
Eddie Shack,,23,LW,33,6-1,200,L/-,12,"February 11, 1937",ca,"2 G, 2 A, 4 P"
Jim Stanfield,,23,C,24,5-10,160,L/-,1,"January 1, 1947",ca,"0 G, 0 A, 0 P"
Juha Widing,,15,C,23,6-0,180,L/-,1,"July 4, 1947",fi,"25 G, 40 A, 65 P"
