Minnesota North Stars,MNS,nhl
1970-71,1971
34
78
6,6
GP,Date,Time,Location,Opponent,GF,GA,Result,Game Ended In,W,L,T,Streak
1,1970-10-10,time unavailable,@,Philadelphia Flyers,1,2,L,REG,0,1,0,L 1
2,1970-10-15,time unavailable,H,Pittsburgh Penguins,4,2,W,REG,1,1,0,W 1
3,1970-10-17,time unavailable,H,Detroit Red Wings,2,3,L,REG,1,2,0,L 1
4,1970-10-18,time unavailable,@,Detroit Red Wings,2,1,W,REG,2,2,0,W 1
5,1970-10-21,time unavailable,@,Montreal Canadiens,3,1,W,REG,3,2,0,W 2
6,1970-10-24,time unavailable,H,New York Rangers,1,4,L,REG,3,3,0,L 1
7,1970-10-28,time unavailable,H,Chicago Black Hawks,2,1,W,REG,4,3,0,W 1
8,1970-10-31,time unavailable,@,Toronto Maple Leafs,3,1,W,REG,5,3,0,W 2
9,1970-11-01,time unavailable,@,Boston Bruins,0,5,L,REG,5,4,0,L 1
10,1970-11-04,time unavailable,H,Montreal Canadiens,3,4,L,REG,5,5,0,L 2
11,1970-11-07,time unavailable,H,St. Louis Blues,1,1,T,REG,5,5,1,T 1
12,1970-11-08,time unavailable,@,Chicago Black Hawks,3,3,T,REG,5,5,2,T 2
13,1970-11-11,time unavailable,H,Los Angeles Kings,3,1,W,REG,6,5,2,W 1
14,1970-11-14,time unavailable,H,Vancouver Canucks,3,3,T,REG,6,5,3,T 1
15,1970-11-17,time unavailable,@,St. Louis Blues,5,3,W,REG,7,5,3,W 1
16,1970-11-18,time unavailable,H,Boston Bruins,4,8,L,REG,7,6,3,L 1
17,1970-11-21,time unavailable,H,Buffalo Sabres,3,0,W,REG,8,6,3,W 1
18,1970-11-22,time unavailable,@,New York Rangers,0,2,L,REG,8,7,3,L 1
19,1970-11-24,time unavailable,@,Vancouver Canucks,2,3,L,REG,8,8,3,L 2
20,1970-11-27,time unavailable,@,California Golden Seals,3,2,W,REG,9,8,3,W 1
21,1970-11-28,time unavailable,@,Los Angeles Kings,3,2,W,REG,10,8,3,W 2
22,1970-12-02,time unavailable,H,California Golden Seals,3,2,W,REG,11,8,3,W 3
23,1970-12-05,time unavailable,H,Chicago Black Hawks,1,4,L,REG,11,9,3,L 1
24,1970-12-06,time unavailable,@,Buffalo Sabres,0,1,L,REG,11,10,3,L 2
25,1970-12-09,time unavailable,H,Pittsburgh Penguins,2,2,T,REG,11,10,4,T 1
26,1970-12-10,time unavailable,@,Montreal Canadiens,1,6,L,REG,11,11,4,L 1
27,1970-12-12,time unavailable,@,Pittsburgh Penguins,1,0,W,REG,12,11,4,W 1
28,1970-12-13,time unavailable,@,Chicago Black Hawks,2,5,L,REG,12,12,4,L 1
29,1970-12-15,time unavailable,@,St. Louis Blues,1,2,L,REG,12,13,4,L 2
30,1970-12-16,time unavailable,H,Montreal Canadiens,1,1,T,REG,12,13,5,T 1
31,1970-12-19,time unavailable,H,New York Rangers,3,5,L,REG,12,14,5,L 1
32,1970-12-20,time unavailable,@,Boston Bruins,2,7,L,REG,12,15,5,L 2
33,1970-12-25,time unavailable,H,Toronto Maple Leafs,6,3,W,REG,13,15,5,W 1
34,1970-12-26,time unavailable,@,St. Louis Blues,1,1,T,REG,13,15,6,T 1
35,1970-12-30,time unavailable,H,Boston Bruins,2,6,L,REG,13,16,6,L 1
36,1970-12-31,time unavailable,@,Pittsburgh Penguins,1,4,L,REG,13,17,6,L 2
37,1971-01-02,time unavailable,@,Los Angeles Kings,3,3,T,REG,13,17,7,T 1
38,1971-01-05,time unavailable,H,Toronto Maple Leafs,0,2,L,REG,13,18,7,L 1
39,1971-01-06,time unavailable,@,Toronto Maple Leafs,4,4,T,REG,13,18,8,T 1
40,1971-01-09,time unavailable,H,New York Rangers,0,1,L,REG,13,19,8,L 1
41,1971-01-10,time unavailable,@,Chicago Black Hawks,3,2,W,REG,14,19,8,W 1
42,1971-01-14,time unavailable,H,Montreal Canadiens,3,3,T,REG,14,19,9,T 1
43,1971-01-16,time unavailable,H,Buffalo Sabres,3,4,L,REG,14,20,9,L 1
44,1971-01-17,time unavailable,@,Detroit Red Wings,2,0,W,REG,15,20,9,W 1
45,1971-01-21,time unavailable,H,St. Louis Blues,5,3,W,REG,16,20,9,W 2
46,1971-01-23,time unavailable,H,Philadelphia Flyers,2,2,T,REG,16,20,10,T 1
47,1971-01-24,time unavailable,@,New York Rangers,2,6,L,REG,16,21,10,L 1
48,1971-01-27,time unavailable,@,California Golden Seals,2,6,L,REG,16,22,10,L 2
49,1971-01-29,time unavailable,@,Vancouver Canucks,2,1,W,REG,17,22,10,W 1
50,1971-01-31,time unavailable,H,California Golden Seals,7,1,W,REG,18,22,10,W 2
51,1971-02-03,time unavailable,H,Detroit Red Wings,4,4,T,REG,18,22,11,T 1
52,1971-02-06,time unavailable,H,Chicago Black Hawks,2,6,L,REG,18,23,11,L 1
53,1971-02-07,time unavailable,@,Boston Bruins,4,4,T,REG,18,23,12,T 1
54,1971-02-10,time unavailable,@,New York Rangers,3,4,L,REG,18,24,12,L 1
55,1971-02-11,time unavailable,@,Montreal Canadiens,2,6,L,REG,18,25,12,L 2
56,1971-02-13,time unavailable,H,Philadelphia Flyers,2,2,T,REG,18,25,13,T 1
57,1971-02-14,time unavailable,H,Pittsburgh Penguins,5,4,W,REG,19,25,13,W 1
58,1971-02-17,time unavailable,H,California Golden Seals,3,2,W,REG,20,25,13,W 2
59,1971-02-18,time unavailable,@,Detroit Red Wings,3,5,L,REG,20,26,13,L 1
60,1971-02-21,time unavailable,H,Toronto Maple Leafs,1,4,L,REG,20,27,13,L 2
61,1971-02-24,time unavailable,H,Los Angeles Kings,5,1,W,REG,21,27,13,W 1
62,1971-02-25,time unavailable,@,Toronto Maple Leafs,1,1,T,REG,21,27,14,T 1
63,1971-02-27,time unavailable,H,Detroit Red Wings,4,2,W,REG,22,27,14,W 1
64,1971-02-28,time unavailable,@,Buffalo Sabres,2,5,L,REG,22,28,14,L 1
65,1971-03-02,time unavailable,H,Boston Bruins,0,6,L,REG,22,29,14,L 2
66,1971-03-06,time unavailable,H,Vancouver Canucks,3,1,W,REG,23,29,14,W 1
67,1971-03-07,time unavailable,H,Philadelphia Flyers,3,1,W,REG,24,29,14,W 2
68,1971-03-10,time unavailable,H,St. Louis Blues,4,0,W,REG,25,29,14,W 3
69,1971-03-13,time unavailable,@,Pittsburgh Penguins,0,0,T,REG,25,29,15,T 1
70,1971-03-14,time unavailable,H,Buffalo Sabres,0,5,L,REG,25,30,15,L 1
71,1971-03-16,time unavailable,@,Los Angeles Kings,7,2,W,REG,26,30,15,W 1
72,1971-03-21,time unavailable,@,Vancouver Canucks,6,3,W,REG,27,30,15,W 2
73,1971-03-23,time unavailable,H,Los Angeles Kings,3,1,W,REG,28,30,15,W 3
74,1971-03-25,time unavailable,@,Philadelphia Flyers,2,2,T,REG,28,30,16,T 1
75,1971-03-28,time unavailable,@,Buffalo Sabres,2,4,L,REG,28,31,16,L 1
76,1971-03-30,time unavailable,H,Vancouver Canucks,1,2,L,REG,28,32,16,L 2
77,1971-03-31,time unavailable,@,California Golden Seals,1,4,L,REG,28,33,16,L 3
78,1971-04-03,time unavailable,@,Philadelphia Flyers,2,3,L,REG,28,34,16,L 4

GP,Date,Time,Location,Opponent,GF,GA,Result,Game Ended In,W,L,T,Streak
1,1971-04-07,time unavailable,@,St. Louis Blues,3,2,W,REG,1,0,0,W 1
2,1971-04-08,time unavailable,@,St. Louis Blues,2,4,L,REG,1,1,0,L 1
3,1971-04-10,time unavailable,H,St. Louis Blues,0,3,L,REG,1,2,0,L 2
4,1971-04-11,time unavailable,H,St. Louis Blues,2,1,W,REG,2,2,0,W 1
5,1971-04-13,time unavailable,@,St. Louis Blues,4,3,W,REG,3,2,0,W 2
6,1971-04-15,time unavailable,H,St. Louis Blues,5,2,W,REG,4,2,0,W 3
7,1971-04-20,time unavailable,@,Montreal Canadiens,2,7,L,REG,4,3,0,L 1
8,1971-04-22,time unavailable,@,Montreal Canadiens,6,3,W,REG,5,3,0,W 1
9,1971-04-24,time unavailable,H,Montreal Canadiens,3,6,L,REG,5,4,0,L 1
10,1971-04-25,time unavailable,H,Montreal Canadiens,5,2,W,REG,6,4,0,W 1
11,1971-04-27,time unavailable,@,Montreal Canadiens,1,6,L,REG,6,5,0,L 1
12,1971-04-29,time unavailable,H,Montreal Canadiens,2,3,L,REG,6,6,0,L 2

Bob Barlow,,14,C,35,5-10,165,L/-,1,"June 17, 1935",ca,"0 G, 0 A, 0 P"
Fred Barrett,,3,D,21,5-11,195,L/-,R,"January 26, 1950",ca,"0 G, 13 A, 13 P"
Norm Beaudin,,17,RW,29,5-8,165,R/-,1,"November 28, 1941",ca,"0 G, 1 A, 1 P"
Charlie Burns,,9,LW,34,5-11,170,L/-,8,"February 14, 1936",us,"9 G, 19 A, 28 P"
Terry Caffery,,7,C,21,5-9,165,R/-,1,"April 1, 1949",ca,"0 G, 0 A, 0 P"
Jude Drouin,,16,C,22,5-10,160,R/-,2,"October 28, 1948",ca,"16 G, 52 A, 68 P"
Gary Geldart,,5,D,20,5-8,160,L/-,R,"June 14, 1950",ca,"0 G, 0 A, 0 P"
Barry Gibbs,,2,D,22,5-11,195,R/-,3,"September 28, 1948",ca,"5 G, 15 A, 20 P"
Gilles Gilbert,,35,G,21,6-1,175,-/L,1,"March 31, 1949",ca,"5-9-2, 3.80 GAA"
Bill Goldsworthy,,8,RW,26,6-0,190,R/-,6,"August 24, 1944",ca,"34 G, 31 A, 65 P"
Danny Grant,,21,LW,24,5-10,188,L/-,4,"February 21, 1946",ca,"34 G, 23 A, 57 P"
Ted Hampson,,12,C,34,5-8,173,L/-,10,"December 11, 1936",ca,"4 G, 6 A, 10 P"
Ted Harris,(C),4,D,34,6-2,183,L/-,7,"July 18, 1936",ca,"2 G, 13 A, 15 P"
Buster Harvey,,26,RW,20,6-0,185,R/-,R,"April 2, 1950",ca,"12 G, 8 A, 20 P"
Bill Heindl,,14,LW,24,5-10,175,L/-,R,"May 13, 1946",ca,"1 G, 1 A, 2 P"
Marshall Johnston,,22,D,29,5-11,175,R/-,3,"June 6, 1941",ca,"0 G, 0 A, 0 P"
Gord Labossiere,,25,C,31,6-1,190,R/-,4,"January 2, 1940",ca,"8 G, 4 A, 12 P"
Danny Lawson,,15,RW,23,5-11,180,R/-,3,"October 30, 1947",ca,"1 G, 5 A, 6 P"
Cesare Maniago,,30,G,32,6-3,195,-/L,7,"January 13, 1939",ca,"19-15-6, 2.70 GAA"
Walt McKechnie,,22,C,23,6-2,195,L/-,3,"June 19, 1947",ca,"3 G, 1 A, 4 P"
Doug Mohns,,6,D,37,6-0,185,L/-,17,"December 13, 1933",ca,"2 G, 5 A, 7 P"
Wayne Muloin,,27,D,29,5-8,175,L/-,2,"December 24, 1941",ca,"0 G, 0 A, 0 P"
Lou Nanne,,23,D,29,6-1,185,R/-,3,"June 2, 1941",ca,"5 G, 11 A, 16 P"
Dennis O'Brien,,5,D,21,6-0,195,L/-,R,"June 10, 1949",ca,"3 G, 2 A, 5 P"
Danny O'Shea,,7,C,25,6-1,190,L/-,2,"June 15, 1945",ca,"14 G, 12 A, 26 P"
Murray Oliver,,10,C,33,5-10,170,L/-,12,"November 14, 1937",ca,"9 G, 23 A, 32 P"
J.P. Parise,,11,LW,29,5-9,175,L/-,5,"December 11, 1941",ca,"11 G, 23 A, 34 P"
Tom Polanic,,26,D,27,6-3,205,L/-,1,"April 2, 1943",ca,"0 G, 0 A, 0 P"
Dick Redmond,,6,D,21,5-11,178,L/-,1,"August 14, 1949",ca,"0 G, 2 A, 2 P"
Tom Reid,,20,D,24,6-1,200,L/-,3,"June 24, 1946",ca,"3 G, 14 A, 17 P"
Bobby Rousseau,,15,RW,30,5-10,178,R/-,10,"July 26, 1940",ca,"4 G, 20 A, 24 P"
Dan Seguin,,12,LW,22,5-8,165,L/-,R,"June 7, 1948",ca,"1 G, 1 A, 2 P"
Tommy Williams,,12,RW,30,5-11,180,R/-,9,"April 17, 1940",us,"10 G, 13 A, 23 P"
Gump Worsley,,1,G,41,5-7,180,-/L,17,"May 14, 1929",ca,"4-10-8, 2.50 GAA"
