Pittsburgh Penguins,PIT,nhl
1970-71,1971
31
78
0
GP,Date,Time,Location,Opponent,GF,GA,Result,Game Ended In,W,L,T,Streak
1,1970-10-10,time unavailable,H,Buffalo Sabres,1,2,L,REG,0,1,0,L 1
2,1970-10-15,time unavailable,@,Minnesota North Stars,2,4,L,REG,0,2,0,L 2
3,1970-10-17,time unavailable,H,Philadelphia Flyers,0,0,T,REG,0,2,1,T 1
4,1970-10-18,time unavailable,@,Buffalo Sabres,1,1,T,REG,0,2,2,T 2
5,1970-10-21,time unavailable,@,Los Angeles Kings,2,4,L,REG,0,3,2,L 1
6,1970-10-23,time unavailable,@,California Golden Seals,3,1,W,REG,1,3,2,W 1
7,1970-10-25,time unavailable,@,Vancouver Canucks,1,1,T,REG,1,3,3,T 1
8,1970-10-28,time unavailable,H,Los Angeles Kings,5,3,W,REG,2,3,3,W 1
9,1970-10-31,time unavailable,H,Chicago Black Hawks,2,5,L,REG,2,4,3,L 1
10,1970-11-01,time unavailable,@,Philadelphia Flyers,2,3,L,REG,2,5,3,L 2
11,1970-11-04,time unavailable,H,Vancouver Canucks,8,3,W,REG,3,5,3,W 1
12,1970-11-07,time unavailable,H,Boston Bruins,2,2,T,REG,3,5,4,T 1
13,1970-11-08,time unavailable,@,Detroit Red Wings,3,3,T,REG,3,5,5,T 2
14,1970-11-10,time unavailable,H,Los Angeles Kings,1,5,L,REG,3,6,5,L 1
15,1970-11-11,time unavailable,@,New York Rangers,3,3,T,REG,3,6,6,T 1
16,1970-11-14,time unavailable,H,California Golden Seals,6,1,W,REG,4,6,6,W 1
17,1970-11-19,time unavailable,H,St. Louis Blues,0,1,L,REG,4,7,6,L 1
18,1970-11-21,time unavailable,H,Detroit Red Wings,6,1,W,REG,5,7,6,W 1
19,1970-11-22,time unavailable,@,Boston Bruins,2,4,L,REG,5,8,6,L 1
20,1970-11-24,time unavailable,@,Toronto Maple Leafs,4,4,T,REG,5,8,7,T 1
21,1970-11-25,time unavailable,H,Buffalo Sabres,4,4,T,REG,5,8,8,T 2
22,1970-11-28,time unavailable,@,Montreal Canadiens,1,5,L,REG,5,9,8,L 1
23,1970-11-29,time unavailable,@,New York Rangers,2,6,L,REG,5,10,8,L 2
24,1970-12-02,time unavailable,H,Montreal Canadiens,3,3,T,REG,5,10,9,T 1
25,1970-12-05,time unavailable,H,Vancouver Canucks,3,1,W,REG,6,10,9,W 1
26,1970-12-06,time unavailable,@,Boston Bruins,3,6,L,REG,6,11,9,L 1
27,1970-12-08,time unavailable,H,Toronto Maple Leafs,4,0,W,REG,7,11,9,W 1
28,1970-12-09,time unavailable,@,Minnesota North Stars,2,2,T,REG,7,11,10,T 1
29,1970-12-11,time unavailable,@,St. Louis Blues,2,3,L,REG,7,12,10,L 1
30,1970-12-12,time unavailable,H,Minnesota North Stars,0,1,L,REG,7,13,10,L 2
31,1970-12-16,time unavailable,H,Toronto Maple Leafs,2,4,L,REG,7,14,10,L 3
32,1970-12-19,time unavailable,H,Detroit Red Wings,9,1,W,REG,8,14,10,W 1
33,1970-12-20,time unavailable,@,Chicago Black Hawks,1,2,L,REG,8,15,10,L 1
34,1970-12-23,time unavailable,@,New York Rangers,1,6,L,REG,8,16,10,L 2
35,1970-12-25,time unavailable,@,Boston Bruins,4,8,L,REG,8,17,10,L 3
36,1970-12-26,time unavailable,H,Boston Bruins,4,2,W,REG,9,17,10,W 1
37,1970-12-30,time unavailable,@,Montreal Canadiens,3,3,T,REG,9,17,11,T 1
38,1970-12-31,time unavailable,H,Minnesota North Stars,4,1,W,REG,10,17,11,W 1
39,1971-01-02,time unavailable,H,New York Rangers,1,3,L,REG,10,18,11,L 1
40,1971-01-06,time unavailable,@,Philadelphia Flyers,3,4,L,REG,10,19,11,L 2
41,1971-01-09,time unavailable,@,Toronto Maple Leafs,2,5,L,REG,10,20,11,L 3
42,1971-01-13,time unavailable,H,Los Angeles Kings,4,2,W,REG,11,20,11,W 1
43,1971-01-14,time unavailable,@,Detroit Red Wings,2,2,T,REG,11,20,12,T 1
44,1971-01-16,time unavailable,@,Vancouver Canucks,4,3,W,REG,12,20,12,W 1
45,1971-01-20,time unavailable,@,California Golden Seals,4,2,W,REG,13,20,12,W 2
46,1971-01-21,time unavailable,@,Los Angeles Kings,2,4,L,REG,13,21,12,L 1
47,1971-01-23,time unavailable,H,Vancouver Canucks,4,1,W,REG,14,21,12,W 1
48,1971-01-27,time unavailable,H,Toronto Maple Leafs,3,1,W,REG,15,21,12,W 2
49,1971-01-28,time unavailable,@,Chicago Black Hawks,1,4,L,REG,15,22,12,L 1
50,1971-01-30,time unavailable,H,Chicago Black Hawks,3,1,W,REG,16,22,12,W 1
51,1971-02-03,time unavailable,H,California Golden Seals,6,1,W,REG,17,22,12,W 2
52,1971-02-05,time unavailable,@,St. Louis Blues,2,2,T,REG,17,22,13,T 1
53,1971-02-07,time unavailable,@,Chicago Black Hawks,0,1,L,REG,17,23,13,L 1
54,1971-02-09,time unavailable,@,Montreal Canadiens,1,4,L,REG,17,24,13,L 2
55,1971-02-10,time unavailable,H,Philadelphia Flyers,5,3,W,REG,18,24,13,W 1
56,1971-02-13,time unavailable,H,Chicago Black Hawks,5,4,W,REG,19,24,13,W 2
57,1971-02-14,time unavailable,@,Minnesota North Stars,4,5,L,REG,19,25,13,L 1
58,1971-02-17,time unavailable,@,Toronto Maple Leafs,3,4,L,REG,19,26,13,L 2
59,1971-02-18,time unavailable,@,Buffalo Sabres,6,6,T,REG,19,26,14,T 1
60,1971-02-20,time unavailable,H,New York Rangers,0,2,L,REG,19,27,14,L 1
61,1971-02-24,time unavailable,H,St. Louis Blues,5,5,T,REG,19,27,15,T 1
62,1971-02-27,time unavailable,H,New York Rangers,0,4,L,REG,19,28,15,L 1
63,1971-02-28,time unavailable,@,Detroit Red Wings,2,4,L,REG,19,29,15,L 2
64,1971-03-03,time unavailable,H,Montreal Canadiens,4,0,W,REG,20,29,15,W 1
65,1971-03-06,time unavailable,H,Boston Bruins,3,6,L,REG,20,30,15,L 1
66,1971-03-07,time unavailable,H,California Golden Seals,3,3,T,REG,20,30,16,T 1
67,1971-03-10,time unavailable,H,Philadelphia Flyers,2,2,T,REG,20,30,17,T 2
68,1971-03-13,time unavailable,H,Minnesota North Stars,0,0,T,REG,20,30,18,T 3
69,1971-03-14,time unavailable,H,Montreal Canadiens,1,5,L,REG,20,31,18,L 1
70,1971-03-17,time unavailable,@,California Golden Seals,2,5,L,REG,20,32,18,L 2
71,1971-03-19,time unavailable,@,Vancouver Canucks,4,6,L,REG,20,33,18,L 3
72,1971-03-20,time unavailable,@,Los Angeles Kings,4,8,L,REG,20,34,18,L 4
73,1971-03-24,time unavailable,H,Detroit Red Wings,8,2,W,REG,21,34,18,W 1
74,1971-03-28,time unavailable,@,Philadelphia Flyers,1,3,L,REG,21,35,18,L 1
75,1971-03-31,time unavailable,H,Buffalo Sabres,4,6,L,REG,21,36,18,L 2
76,1971-04-01,time unavailable,@,Buffalo Sabres,3,3,T,REG,21,36,19,T 1
77,1971-04-03,time unavailable,@,St. Louis Blues,3,4,L,REG,21,37,19,L 1
78,1971-04-04,time unavailable,H,St. Louis Blues,1,1,T,REG,21,37,20,T 1

Time,Location,Result,Game Ended In

Syl Apps,,26,C,23,6-0,185,R/-,R,"August 1, 1947",ca,"9 G, 16 A, 25 P"
Andy Bathgate,,9,RW,38,6-0,180,R/-,16,"August 28, 1932",ca,"15 G, 29 A, 44 P"
Les Binkley,,30,G,36,6-0,175,-/R,3,"June 6, 1934",ca,"11-11-10, 2.86 GAA"
Bob Blackburn,,4,D,32,5-11,198,L/-,2,"February 1, 1938",ca,"4 G, 5 A, 9 P"
Wally Boyer,,18,C,33,5-8,165,L/-,5,"September 27, 1937",ca,"11 G, 30 A, 41 P"
Robin Burns,,10,LW,24,6-0,195,L/-,R,"August 27, 1946",ca,"0 G, 3 A, 3 P"
Steve Cardwell,,15,LW,20,5-11,190,L/-,R,"August 13, 1950",ca,"0 G, 1 A, 1 P"
Val Fonteyne,,8,LW,37,5-10,160,L/-,11,"December 2, 1933",ca,"4 G, 9 A, 13 P"
Nick Harbaruk,,11,RW,27,6-0,195,R/-,1,"August 16, 1943",pl,"13 G, 12 A, 25 P"
Bryan Hextall,,7,C,29,5-11,185,L/-,2,"May 23, 1941",ca,"16 G, 32 A, 48 P"
Paul Hoganson,,1,G,21,5-11,175,-/R,R,"November 12, 1949",ca,"0-1-0, 7.37 GAA"
Sheldon Kannegiesser,,16,D,23,6-0,198,L/-,R,"August 15, 1947",ca,"0 G, 2 A, 2 P"
Rick Kessell,,23,C,21,5-10,175,L/-,1,"July 27, 1949",ca,"0 G, 2 A, 2 P"
Yvon Labre,,15,D,21,5-11,190,L/-,R,"November 29, 1949",ca,"1 G, 1 A, 2 P"
Lowell MacDonald,,14,LW,29,5-11,185,R/-,6,"August 30, 1941",ca,"0 G, 1 A, 1 P"
Dunc McCallum,,6,D,30,6-1,193,R/-,4,"March 29, 1940",ca,"9 G, 20 A, 29 P"
Keith McCreary,,10,LW,30,5-10,180,L/-,4,"June 19, 1940",ca,"21 G, 12 A, 33 P"
Jim Morrison,,27,D,39,5-10,183,L/-,11,"October 11, 1931",ca,"0 G, 10 A, 10 P"
Cam Newton,,1,G,20,5-11,170,-/L,R,"February 25, 1950",ca,"1-3-1, 3.42 GAA"
Greg Polis,,22,LW,20,6-0,195,L/-,R,"August 8, 1950",ca,"18 G, 15 A, 33 P"
Dean Prentice,,20,LW,38,5-11,180,L/-,18,"October 5, 1932",ca,"21 G, 17 A, 38 P"
Jean Pronovost,,19,RW,25,6-0,185,R/-,2,"December 18, 1945",ca,"21 G, 24 A, 45 P"
Duane Rupp,,2,D,32,6-1,195,L/-,7,"March 29, 1938",ca,"5 G, 28 A, 33 P"
Glen Sather,,16,LW,27,5-11,180,L/-,4,"September 2, 1943",ca,"8 G, 3 A, 11 P"
Ken Schinkel,,12,RW,38,5-10,172,R/-,9,"November 27, 1932",ca,"15 G, 19 A, 34 P"
Ron Schock,,17,C,27,5-11,180,L/-,7,"December 19, 1943",ca,"14 G, 26 A, 40 P"
Al Smith,,29,G,25,6-1,200,-/L,4,"November 10, 1945",ca,"9-22-9, 3.11 GAA"
John Stewart,,23,LW,20,6-0,180,L/-,R,"May 16, 1950",ca,"2 G, 1 A, 3 P"
Bryan Watson,,5,D,28,5-9,175,R/-,7,"November 14, 1942",ca,"2 G, 6 A, 8 P"
Bob Woytowich,,3,D,29,6-0,185,R/-,6,"August 18, 1941",ca,"4 G, 22 A, 26 P"
Rod Zaine,,24,C,24,5-10,180,L/-,R,"May 18, 1946",ca,"8 G, 5 A, 13 P"
