Montreal Canadiens,MTL,nhl
1965-66,1966
25
70
4,6
GP,Date,Time,Location,Opponent,GF,GA,Result,Game Ended In,W,L,T,Streak,Notes
1,1965-10-23,time unavailable,H,Detroit Red Wings,8,1,W,REG,1,0,0,W 1
2,1965-10-24,time unavailable,@,New York Rangers,4,3,W,REG,2,0,0,W 2
3,1965-10-27,time unavailable,H,New York Rangers,4,3,W,REG,3,0,0,W 3
4,1965-10-30,time unavailable,H,Chicago Black Hawks,4,6,L,REG,3,1,0,L 1
5,1965-10-31,time unavailable,@,Detroit Red Wings,2,2,T,REG,3,1,1,T 1
6,1965-11-04,time unavailable,H,Toronto Maple Leafs,5,1,W,REG,4,1,1,W 1
7,1965-11-06,time unavailable,H,Boston Bruins,1,3,L,REG,4,2,1,L 1
8,1965-11-07,time unavailable,@,Boston Bruins,5,2,W,REG,5,2,1,W 1
9,1965-11-10,time unavailable,@,Toronto Maple Leafs,3,3,T,REG,5,2,2,T 1
10,1965-11-13,time unavailable,@,Chicago Black Hawks,5,2,W,REG,6,2,2,W 1
11,1965-11-14,time unavailable,@,Detroit Red Wings,2,2,T,REG,6,2,3,T 1
12,1965-11-18,time unavailable,H,Toronto Maple Leafs,1,3,L,REG,6,3,3,L 1
13,1965-11-20,time unavailable,H,New York Rangers,9,3,W,REG,7,3,3,W 1
14,1965-11-21,time unavailable,@,Boston Bruins,2,3,L,REG,7,4,3,L 1
15,1965-11-24,time unavailable,@,Toronto Maple Leafs,2,1,W,REG,8,4,3,W 1
16,1965-11-27,time unavailable,H,Detroit Red Wings,3,2,W,REG,9,4,3,W 2
17,1965-11-28,time unavailable,@,Chicago Black Hawks,2,1,W,REG,10,4,3,W 3
18,1965-12-04,time unavailable,H,New York Rangers,4,3,W,REG,11,4,3,W 4
19,1965-12-05,time unavailable,@,Boston Bruins,4,4,T,REG,11,4,4,T 1
20,1965-12-08,time unavailable,H,Boston Bruins,8,3,W,REG,12,4,4,W 1
21,1965-12-11,time unavailable,H,Chicago Black Hawks,2,1,W,REG,13,4,4,W 2
22,1965-12-12,time unavailable,@,Chicago Black Hawks,5,3,W,REG,14,4,4,W 3
23,1965-12-16,time unavailable,H,Toronto Maple Leafs,2,3,L,REG,14,5,4,L 1
24,1965-12-18,time unavailable,H,Boston Bruins,2,1,W,REG,15,5,4,W 1
25,1965-12-19,time unavailable,@,New York Rangers,2,3,L,REG,15,6,4,L 1
26,1965-12-25,time unavailable,H,Detroit Red Wings,4,3,W,REG,16,6,4,W 1
27,1965-12-26,time unavailable,@,Detroit Red Wings,0,1,L,REG,16,7,4,L 1
28,1965-12-29,time unavailable,@,Toronto Maple Leafs,2,3,L,REG,16,8,4,L 2
29,1966-01-01,time unavailable,H,New York Rangers,5,1,W,REG,17,8,4,W 1
30,1966-01-02,time unavailable,@,New York Rangers,6,3,W,REG,18,8,4,W 2
31,1966-01-05,time unavailable,H,Chicago Black Hawks,2,4,L,REG,18,9,4,L 1
32,1966-01-08,time unavailable,H,Boston Bruins,6,0,W,REG,19,9,4,W 1
33,1966-01-09,time unavailable,@,Detroit Red Wings,2,4,L,REG,19,10,4,L 1
34,1966-01-13,time unavailable,H,Toronto Maple Leafs,0,6,L,REG,19,11,4,L 2
35,1966-01-15,time unavailable,H,Chicago Black Hawks,6,4,W,REG,20,11,4,W 1
36,1966-01-16,time unavailable,@,Boston Bruins,3,1,W,REG,21,11,4,W 2
37,1966-01-20,time unavailable,@,Detroit Red Wings,2,5,L,REG,21,12,4,L 1
38,1966-01-22,time unavailable,H,Detroit Red Wings,0,3,L,REG,21,13,4,L 2
39,1966-01-23,time unavailable,@,Chicago Black Hawks,3,3,T,REG,21,13,5,T 1
40,1966-01-26,time unavailable,H,Chicago Black Hawks,2,4,L,REG,21,14,5,L 1
41,1966-01-29,time unavailable,H,New York Rangers,6,2,W,REG,22,14,5,W 1
42,1966-01-30,time unavailable,@,Boston Bruins,3,1,W,REG,23,14,5,W 2
43,1966-02-03,time unavailable,H,Toronto Maple Leafs,5,4,W,REG,24,14,5,W 3
44,1966-02-05,time unavailable,H,Detroit Red Wings,2,2,T,REG,24,14,6,T 1
45,1966-02-06,time unavailable,@,New York Rangers,4,0,W,REG,25,14,6,W 1
46,1966-02-10,time unavailable,@,Boston Bruins,0,2,L,REG,25,15,6,L 1
47,1966-02-12,time unavailable,@,Chicago Black Hawks,2,2,T,REG,25,15,7,T 1
48,1966-02-13,time unavailable,@,Detroit Red Wings,4,3,W,REG,26,15,7,W 1
49,1966-02-16,time unavailable,@,Toronto Maple Leafs,1,3,L,REG,26,16,7,L 1
50,1966-02-19,time unavailable,H,Chicago Black Hawks,5,2,W,REG,27,16,7,W 1
51,1966-02-20,time unavailable,@,New York Rangers,5,3,W,REG,28,16,7,W 2
52,1966-02-23,time unavailable,H,Boston Bruins,3,2,W,REG,29,16,7,W 3
53,1966-02-26,time unavailable,H,New York Rangers,4,3,W,REG,30,16,7,W 4
54,1966-02-27,time unavailable,@,Detroit Red Wings,5,3,W,REG,31,16,7,W 5
55,1966-03-02,time unavailable,@,Toronto Maple Leafs,3,3,T,REG,31,16,8,T 1
56,1966-03-03,time unavailable,H,Toronto Maple Leafs,0,4,L,REG,31,17,8,L 1
57,1966-03-05,time unavailable,H,Detroit Red Wings,7,2,W,REG,32,17,8,W 1
58,1966-03-06,time unavailable,@,Chicago Black Hawks,1,0,W,REG,33,17,8,W 2
59,1966-03-09,time unavailable,H,Boston Bruins,1,3,L,REG,33,18,8,L 1
60,1966-03-12,time unavailable,H,Detroit Red Wings,4,1,W,REG,34,18,8,W 1
61,1966-03-13,time unavailable,@,New York Rangers,2,3,L,REG,34,19,8,L 1
62,1966-03-16,time unavailable,@,Toronto Maple Leafs,7,2,W,REG,35,19,8,W 1
63,1966-03-19,time unavailable,H,New York Rangers,6,2,W,REG,36,19,8,W 2
64,1966-03-20,time unavailable,@,Chicago Black Hawks,2,4,L,REG,36,20,8,L 1
65,1966-03-24,time unavailable,H,Toronto Maple Leafs,0,2,L,REG,36,21,8,L 2
66,1966-03-26,time unavailable,H,Boston Bruins,5,2,W,REG,37,21,8,W 1
67,1966-03-27,time unavailable,@,Boston Bruins,3,1,W,REG,38,21,8,W 2
68,1966-03-30,time unavailable,@,Toronto Maple Leafs,3,1,W,REG,39,21,8,W 3
69,1966-04-02,time unavailable,H,Chicago Black Hawks,8,3,W,REG,40,21,8,W 4
70,1966-04-03,time unavailable,@,New York Rangers,4,1,W,REG,41,21,8,W 5

GP,Date,Time,Location,Opponent,GF,GA,Result,Game Ended In,W,L,T,Streak,Notes
1,1966-04-07,time unavailable,H,Toronto Maple Leafs,4,3,W,REG,1,0,0,W 1
2,1966-04-09,time unavailable,H,Toronto Maple Leafs,2,0,W,REG,2,0,0,W 2
3,1966-04-12,time unavailable,@,Toronto Maple Leafs,5,2,W,REG,3,0,0,W 3
4,1966-04-14,time unavailable,@,Toronto Maple Leafs,4,1,W,REG,4,0,0,W 4
5,1966-04-24,time unavailable,H,Detroit Red Wings,2,3,L,REG,4,1,0,L 1
6,1966-04-26,time unavailable,H,Detroit Red Wings,2,5,L,REG,4,2,0,L 2
7,1966-04-28,time unavailable,@,Detroit Red Wings,4,2,W,REG,5,2,0,W 1
8,1966-05-01,time unavailable,@,Detroit Red Wings,2,1,W,REG,6,2,0,W 2
9,1966-05-03,time unavailable,H,Detroit Red Wings,5,1,W,REG,7,2,0,W 3
10,1966-05-05,time unavailable,@,Detroit Red Wings,3,2,W,OT,8,2,0,W 4

Ralph Backstrom,,6,C,28,5-10,165,L/-,9,"September 18, 1937",ca,"22 G, 20 A, 42 P"
Dave Balon,,20,LW,27,5-10,180,L/-,6,"August 2, 1938",ca,"3 G, 7 A, 10 P"
Jean Beliveau,(C),4,C,34,6-3,205,L/-,14,"August 31, 1931",ca,"29 G, 48 A, 77 P"
Red Berenson,,23,LW,26,6-0,185,L/-,4,"December 8, 1939",ca,"3 G, 4 A, 7 P"
Yvan Cournoyer,,12,RW,22,5-7,178,L/-,2,"November 22, 1943",ca,"18 G, 11 A, 29 P"
Dick Duff,,8,LW,29,5-9,166,L/-,11,"February 18, 1936",ca,"21 G, 24 A, 45 P"
John Ferguson,,22,LW,27,5-11,190,L/-,2,"September 5, 1938",ca,"11 G, 14 A, 25 P"
Jean Gauthier,,25,D,28,6-1,190,R/-,4,"April 29, 1937",ca,"0 G, 0 A, 0 P"
Danny Grant,,18,LW,19,5-10,188,L/-,R,"February 21, 1946",ca,"0 G, 0 A, 0 P"
Terry Harper,,19,D,26,6-1,200,R/-,3,"January 27, 1940",ca,"1 G, 11 A, 12 P"
Ted Harris,,10,D,29,6-2,183,L/-,2,"July 18, 1936",ca,"0 G, 13 A, 13 P"
Charlie Hodge,,1,G,32,5-6,150,-/L,7,"July 28, 1933",ca,"12-7-2, 2.58 GAA"
Don Johns,,25,D,28,6-0,180,R/-,4,"December 13, 1937",ca,"0 G, 0 A, 0 P"
Jacques Laperriere,,2,D,24,6-2,190,L/-,3,"November 22, 1941",ca,"6 G, 25 A, 31 P"
Claude Larose,,11,RW,23,6-0,180,R/-,3,"March 2, 1942",ca,"15 G, 18 A, 33 P"
Noel Price,,23-25,D,30,6-0,190,L/-,5,"December 9, 1935",ca,"0 G, 6 A, 6 P"
Claude Provost,,14,RW,32,5-9,168,R/-,10,"September 17, 1933",ca,"19 G, 36 A, 55 P"
Henri Richard,,16,C,29,5-7,160,R/-,10,"February 29, 1936",ca,"22 G, 39 A, 61 P"
Jimmy Roberts,,26,D,25,5-10,185,R/-,2,"April 9, 1940",ca,"5 G, 5 A, 10 P"
Leon Rochefort,,25,RW,26,6-0,185,R/-,4,"May 4, 1939",ca,"0 G, 1 A, 1 P"
Bobby Rousseau,,15,RW,25,5-10,178,R/-,5,"July 26, 1940",ca,"30 G, 48 A, 78 P"
Jean-Guy Talbot,,17,D,33,5-11,170,L/-,11,"July 11, 1932",ca,"1 G, 14 A, 15 P"
Gilles Tremblay,,21,LW,27,5-10,170,L/-,5,"December 17, 1938",ca,"27 G, 21 A, 48 P"
J.C. Tremblay,,3,D,27,5-11,170,L/-,6,"January 22, 1939",ca,"6 G, 29 A, 35 P"
Gump Worsley,,30,G,36,5-7,180,-/L,12,"May 14, 1929",ca,"29-14-6, 2.36 GAA"
