Toronto Maple Leafs,TOR,nhl
1965-66,1966
34
70
4
GP,Date,Time,Location,Opponent,GF,GA,Result,Game Ended In,W,L,T,Streak,Notes
1,1965-10-23,time unavailable,H,Chicago Black Hawks,0,4,L,REG,0,1,0,L 1
2,1965-10-24,time unavailable,@,Detroit Red Wings,0,3,L,REG,0,2,0,L 2
3,1965-10-27,time unavailable,@,Boston Bruins,2,1,W,REG,1,2,0,W 1
4,1965-10-30,time unavailable,H,Detroit Red Wings,4,3,W,REG,2,2,0,W 2
5,1965-11-03,time unavailable,@,New York Rangers,2,2,T,REG,2,2,1,T 1
6,1965-11-04,time unavailable,@,Montreal Canadiens,1,5,L,REG,2,3,1,L 1
7,1965-11-06,time unavailable,H,New York Rangers,2,4,L,REG,2,4,1,L 2
8,1965-11-07,time unavailable,@,Chicago Black Hawks,0,9,L,REG,2,5,1,L 3
9,1965-11-10,time unavailable,H,Montreal Canadiens,3,3,T,REG,2,5,2,T 1
10,1965-11-13,time unavailable,H,New York Rangers,5,2,W,REG,3,5,2,W 1
11,1965-11-14,time unavailable,@,Boston Bruins,0,2,L,REG,3,6,2,L 1
12,1965-11-18,time unavailable,@,Montreal Canadiens,3,1,W,REG,4,6,2,W 1
13,1965-11-20,time unavailable,H,Chicago Black Hawks,3,1,W,REG,5,6,2,W 2
14,1965-11-21,time unavailable,@,Chicago Black Hawks,7,3,W,REG,6,6,2,W 3
15,1965-11-24,time unavailable,H,Montreal Canadiens,1,2,L,REG,6,7,2,L 1
16,1965-11-27,time unavailable,H,Boston Bruins,1,2,L,REG,6,8,2,L 2
17,1965-11-28,time unavailable,@,New York Rangers,4,2,W,REG,7,8,2,W 1
18,1965-12-01,time unavailable,@,New York Rangers,2,2,T,REG,7,8,3,T 1
19,1965-12-04,time unavailable,H,Detroit Red Wings,3,5,L,REG,7,9,3,L 1
20,1965-12-05,time unavailable,@,Detroit Red Wings,1,5,L,REG,7,10,3,L 2
21,1965-12-11,time unavailable,H,Boston Bruins,8,3,W,REG,8,10,3,W 1
22,1965-12-12,time unavailable,@,New York Rangers,1,1,T,REG,8,10,4,T 1
23,1965-12-15,time unavailable,H,Detroit Red Wings,5,3,W,REG,9,10,4,W 1
24,1965-12-16,time unavailable,@,Montreal Canadiens,3,2,W,REG,10,10,4,W 2
25,1965-12-18,time unavailable,H,New York Rangers,8,4,W,REG,11,10,4,W 3
26,1965-12-19,time unavailable,@,Boston Bruins,3,1,W,REG,12,10,4,W 4
27,1965-12-25,time unavailable,H,Chicago Black Hawks,5,3,W,REG,13,10,4,W 5
28,1965-12-26,time unavailable,@,Chicago Black Hawks,1,1,T,REG,13,10,5,T 1
29,1965-12-29,time unavailable,H,Montreal Canadiens,3,2,W,REG,14,10,5,W 1
30,1966-01-01,time unavailable,H,Boston Bruins,6,3,W,REG,15,10,5,W 2
31,1966-01-02,time unavailable,@,Detroit Red Wings,0,4,L,REG,15,11,5,L 1
32,1966-01-08,time unavailable,H,Detroit Red Wings,1,3,L,REG,15,12,5,L 2
33,1966-01-09,time unavailable,@,Chicago Black Hawks,3,5,L,REG,15,13,5,L 3
34,1966-01-13,time unavailable,@,Montreal Canadiens,6,0,W,REG,16,13,5,W 1
35,1966-01-15,time unavailable,H,Boston Bruins,6,1,W,REG,17,13,5,W 2
36,1966-01-16,time unavailable,@,Detroit Red Wings,0,4,L,REG,17,14,5,L 1
37,1966-01-19,time unavailable,H,New York Rangers,6,2,W,REG,18,14,5,W 1
38,1966-01-22,time unavailable,H,Chicago Black Hawks,4,0,W,REG,19,14,5,W 2
39,1966-01-23,time unavailable,@,Boston Bruins,1,2,L,REG,19,15,5,L 1
40,1966-01-29,time unavailable,H,Boston Bruins,6,3,W,REG,20,15,5,W 1
41,1966-01-30,time unavailable,@,New York Rangers,4,8,L,REG,20,16,5,L 1
42,1966-02-03,time unavailable,@,Montreal Canadiens,4,5,L,REG,20,17,5,L 2
43,1966-02-05,time unavailable,H,Chicago Black Hawks,5,2,W,REG,21,17,5,W 1
44,1966-02-06,time unavailable,@,Chicago Black Hawks,2,3,L,REG,21,18,5,L 1
45,1966-02-09,time unavailable,H,New York Rangers,3,0,W,REG,22,18,5,W 1
46,1966-02-12,time unavailable,H,Detroit Red Wings,3,3,T,REG,22,18,6,T 1
47,1966-02-13,time unavailable,@,Boston Bruins,4,4,T,REG,22,18,7,T 2
48,1966-02-16,time unavailable,H,Montreal Canadiens,3,1,W,REG,23,18,7,W 1
49,1966-02-19,time unavailable,H,New York Rangers,1,3,L,REG,23,19,7,L 1
50,1966-02-20,time unavailable,@,Detroit Red Wings,1,4,L,REG,23,20,7,L 2
51,1966-02-23,time unavailable,@,Chicago Black Hawks,3,2,W,REG,24,20,7,W 1
52,1966-02-26,time unavailable,H,Boston Bruins,3,2,W,REG,25,20,7,W 2
53,1966-02-27,time unavailable,@,New York Rangers,2,2,T,REG,25,20,8,T 1
54,1966-03-02,time unavailable,H,Montreal Canadiens,3,3,T,REG,25,20,9,T 2
55,1966-03-03,time unavailable,@,Montreal Canadiens,4,0,W,REG,26,20,9,W 1
56,1966-03-05,time unavailable,H,Chicago Black Hawks,5,0,W,REG,27,20,9,W 2
57,1966-03-06,time unavailable,@,Boston Bruins,5,3,W,REG,28,20,9,W 3
58,1966-03-09,time unavailable,H,Detroit Red Wings,1,0,W,REG,29,20,9,W 4
59,1966-03-12,time unavailable,H,Boston Bruins,6,0,W,REG,30,20,9,W 5
60,1966-03-13,time unavailable,@,Chicago Black Hawks,1,5,L,REG,30,21,9,L 1
61,1966-03-16,time unavailable,H,Montreal Canadiens,2,7,L,REG,30,22,9,L 2
62,1966-03-19,time unavailable,H,Chicago Black Hawks,4,2,W,REG,31,22,9,W 1
63,1966-03-20,time unavailable,@,Detroit Red Wings,1,6,L,REG,31,23,9,L 1
64,1966-03-24,time unavailable,@,Montreal Canadiens,2,0,W,REG,32,23,9,W 1
65,1966-03-26,time unavailable,H,Detroit Red Wings,3,1,W,REG,33,23,9,W 2
66,1966-03-27,time unavailable,@,New York Rangers,5,1,W,REG,34,23,9,W 3
67,1966-03-30,time unavailable,H,Montreal Canadiens,1,3,L,REG,34,24,9,L 1
68,1966-03-31,time unavailable,@,Boston Bruins,1,3,L,REG,34,25,9,L 2
69,1966-04-02,time unavailable,H,New York Rangers,3,3,T,REG,34,25,10,T 1
70,1966-04-03,time unavailable,@,Detroit Red Wings,3,3,T,REG,34,25,11,T 2

GP,Date,Time,Location,Opponent,GF,GA,Result,Game Ended In,W,L,T,Streak,Notes
1,1966-04-07,time unavailable,@,Montreal Canadiens,3,4,L,REG,0,1,0,L 1
2,1966-04-09,time unavailable,@,Montreal Canadiens,0,2,L,REG,0,2,0,L 2
3,1966-04-12,time unavailable,H,Montreal Canadiens,2,5,L,REG,0,3,0,L 3
4,1966-04-14,time unavailable,H,Montreal Canadiens,1,4,L,REG,0,4,0,L 4

Al Arbour,,18,D,33,6-0,180,L/-,9,"November 1, 1932",ca,"0 G, 1 A, 1 P"
George Armstrong,(C),10,RW,35,6-1,184,R/-,15,"July 6, 1930",ca,"16 G, 35 A, 51 P"
Bob Baun,,21,D,29,5-9,175,R/-,9,"September 9, 1936",ca,"0 G, 6 A, 6 P"
Johnny Bower,,1,G,41,5-11,189,-/L,10,"November 8, 1924",ca,"18-10-5, 2.25 GAA"
Wally Boyer,,15,C,28,5-8,165,L/-,R,"September 27, 1937",ca,"4 G, 17 A, 21 P"
Wayne Carleton,,12,C,19,6-3,212,L/-,R,"August 4, 1946",ca,"0 G, 1 A, 1 P"
Brian Conacher,,18,LW,24,6-3,197,L/-,1,"August 31, 1941",ca,"0 G, 0 A, 0 P"
Kent Douglas,,19,D,29,5-10,180,L/-,3,"February 6, 1936",ca,"6 G, 14 A, 20 P"
Ron Ellis,,8,RW,21,5-9,195,R/-,2,"January 8, 1945",ca,"19 G, 23 A, 42 P"
Bruce Gamble,,30,G,27,5-9,200,-/L,3,"May 24, 1938",ca,"5-2-3, 2.51 GAA"
Dick Gamble,,9,LW,37,6-0,178,L/-,6,"November 16, 1928",ca,"1 G, 0 A, 1 P"
Larry Hillman,,2,D,28,6-0,185,L/-,11,"February 5, 1937",ca,"3 G, 25 A, 28 P"
Tim Horton,,7,D,36,5-10,180,R/-,15,"January 12, 1930",ca,"6 G, 22 A, 28 P"
Brent Imlach,,24,C,19,5-8,160,L/-,R,"November 16, 1946",ca,"0 G, 0 A, 0 P"
Larry Jeffrey,,22,LW,25,5-11,189,L/-,4,"October 12, 1940",ca,"1 G, 1 A, 2 P"
Eddie Joyal,,24,C,25,6-0,178,L/-,3,"May 8, 1940",ca,"0 G, 2 A, 2 P"
Red Kelly,,4,C,38,5-11,180,L/-,18,"July 9, 1927",ca,"8 G, 24 A, 32 P"
Dave Keon,,14,C,25,5-9,165,L/-,5,"March 22, 1940",ca,"24 G, 30 A, 54 P"
Orland Kurtenbach,,25,RW,29,6-2,180,L/-,4,"September 7, 1936",ca,"9 G, 6 A, 15 P"
Frank Mahovlich,,27,LW,28,6-0,205,L/-,9,"January 10, 1938",ca,"32 G, 24 A, 56 P"
Jim McKenny,,17,D,19,5-11,192,R/-,R,"December 1, 1946",ca,"0 G, 0 A, 0 P"
Jim Pappin,,18,RW,26,6-0,190,R/-,2,"September 10, 1939",ca,"0 G, 3 A, 3 P"
Marcel Pronovost,,3,D,35,6-0,190,L/-,15,"June 15, 1930",ca,"2 G, 8 A, 10 P"
Bob Pulford,,20,LW,29,5-11,188,L/-,9,"March 31, 1936",ca,"28 G, 28 A, 56 P"
Duane Rupp,,17,D,27,6-1,195,L/-,2,"March 29, 1938",ca,"0 G, 1 A, 1 P"
Terry Sawchuk,,30,G,36,5-11,195,-/L,16,"December 28, 1929",ca,"10-11-3, 3.16 GAA"
Brit Selby,,11,LW,20,5-10,175,L/-,1,"March 27, 1945",ca,"14 G, 13 A, 27 P"
Eddie Shack,,23,LW,28,6-1,200,L/-,7,"February 11, 1937",ca,"26 G, 17 A, 43 P"
Darryl Sly,,21,D,26,5-11,185,R/-,R,"April 3, 1939",ca,"0 G, 0 A, 0 P"
Al Smith,,1,G,20,6-1,200,-/L,R,"November 10, 1945",ca,"1-0-0, 1.94 GAA"
Gary Smith,,1,G,21,6-4,215,-/L,R,"February 4, 1944",ca,"0-2-0, 3.56 GAA"
Allan Stanley,,26,D,39,6-1,170,L/-,17,"March 1, 1926",ca,"4 G, 14 A, 18 P"
Pete Stemkowski,,12,C,22,6-1,196,L/-,2,"August 25, 1943",ca,"4 G, 12 A, 16 P"
Mike Walton,,16,C,21,5-10,175,L/-,R,"January 3, 1945",ca,"1 G, 3 A, 4 P"
