Blades of Steel,fall2011,Ice Hockey: Blades of Steel (Advanced)
7,6,6,1,1
Wed Sep 28 @ 9:00 pm,Columbia Icefield Arena,lost,2,3,3,Danglers
Thu Oct 13 @ 9:00 pm,Columbia Icefield Arena,lost,5,6,2,Danglers
Sun Oct 23 @ 6:00 pm,Columbia Icefield Arena,lost,1,4,-2,Mac1ve Stick5
Thu Oct 27 @ 9:00 pm,Columbia Icefield Arena,tie,4,4,1,Mac1ve Stick5
Tue Nov 1 @ 8:00 pm,Columbia Icefield Arena,won,3,1,2,Advanced Indies 1
Wed Nov 9 @ 9:00 pm,Columbia Icefield Arena,won,8,4,2,Advanced Indies 4
Mon Nov 28 @ 9:00 pm,Columbia Icefield Arena,won,3,2,-2,District 5

Daniel Baggio,Kristopher Beyer,Darin Bloemberg,Benjamin Deignan,Chad Gooyers,Daniel Hall,Thomas Karakolis,Evan McDonald,Michael McMillan,Andrew Robertson,Jonathan Craig Singer,Mateusz Sycz,Jonathan Thacker,Christopher Vigna,Matthew Brown
