Goodfellas,fall2011,Ice Hockey: Goodfellas (Advanced)
9,6,6,3,3
Thu Sep 29 @ 11:00 pm,Columbia Icefield Arena,won,6,0,4,Johnny What the Puck
Thu Oct 6 @ 11:00 pm,Columbia Icefield Arena,won,3,0,avg.,Team Gongshow
Thu Oct 13 @ 11:00 pm,Columbia Icefield Arena,won,4,0,-2,Jesters
Sun Oct 23 @ 5:00 pm,Columbia Icefield Arena,won,6,1,1,bendy Garden Gnomes
Sun Oct 30 @ 7:00 pm,Columbia Icefield Arena,won,7,1,3,Advanced Indies 2
Sun Nov 13 @ 10:00 pm,Columbia Icefield Arena,won,4,1,2,The Shockers
Thu Nov 24 @ 11:00 pm,Columbia Icefield Arena,won,4,3,0,Danglers
Thu Dec 1 @ 8:00 pm,Columbia Icefield Arena,won,6,0,0,Advanced Indies 4
Sun Dec 4 @ 11:00 pm,Columbia Icefield Arena,lost,1,3,0,Johnny What the Puck

Sabatino Bianchi,Alan Bowden,Timothy Boyadjian,Christopher Gilson,Paul Hammell,Andrew Hulbert,Kiefer Lindsay,Christopher McCulley-Hayden,Hal McPhail,Christopher Moning,Jason Neevel,Michael Smyth,John Kurelek
