Manthrax,fall2011,Ice Hockey: Manthrax (Advanced)
8,6,6,2,2
Wed Sep 21 @ 10:00 pm,Columbia Icefield Arena,lost,1,4,4,Team Gongshow
Tue Sep 27 @ 11:00 pm,Columbia Icefield Arena,won,1,0,4,The Shockers
Wed Sep 28 @ 11:00 pm,Columbia Icefield Arena,lost,2,4,3,Jesters
Wed Oct 5 @ 9:00 pm,Columbia Icefield Arena,tie,1,1,3,bendy Garden Gnomes
Thu Oct 6 @ 10:00 pm,Columbia Icefield Arena,won,3,0,2,Advanced Indies 2
Wed Oct 26 @ 10:00 pm,Columbia Icefield Arena,lost,3,5,3,Johnny What the Puck
Thu Nov 24 @ 10:00 pm,Columbia Icefield Arena,won,3,1,0,Alvin and the Mitt Mucks
Wed Nov 30 @ 7:00 pm,Columbia Icefield Arena,lost,1,3,0,District 5

Matthew Charles,Andrew Csernyei,David Drewery,Mitchell Guild,Benjamin Hanley,Michael Kozluk,Adam Masson,Nicholas Pecoskie,Danielle Rinaldi,Alonzo Smith,Michael Sousa,Carl Steenbergen,Robert Teare,Kieran Young,Michael Foran
