Danglers,fall2011,Ice Hockey: Danglers (Advanced)
7,6,6,1,1
Wed Sep 28 @ 9:00 pm,Columbia Icefield Arena,won,3,2,3,Blades of Steel
Fri Sep 30 @ 9:00 pm,Columbia Icefield Arena,tie,0,0,3,Advanced Indies 4
Thu Oct 13 @ 9:00 pm,Columbia Icefield Arena,won,6,5,2,Blades of Steel
Sun Oct 30 @ 5:00 pm,Columbia Icefield Arena,lost,2,5,4,Advanced Indies 1
Sun Nov 6 @ 3:00 pm,Columbia Icefield Arena,won,6,0,1,Mac1ve Stick5
Sun Nov 13 @ 3:00 pm,Columbia Icefield Arena,lost,3,5,0,The Fur Trappers
Thu Nov 24 @ 11:00 pm,Columbia Icefield Arena,lost,3,4,0,Goodfellas

Michael Goldring,Clark Hannon,Benjamin Koeslag,Barret Kuntz,Jake Marchildon,Nicholas Marko,Christopher McGuire,Kyle Parks,James Skuza,Corey St-Laurent,Isaac Wilkinson,Travis Burnside
