The Benchwarmers,fall2011,Ice Hockey: The Benchwarmers (Advanced)
9,6,6,3,3
Sat Sep 24 @ 1:00 pm,Columbia Icefield Arena,won,2,1,3,bendy Garden Gnomes
Tue Oct 4 @ 10:00 pm,Columbia Icefield Arena,tie,3,3,1,Jagr Bombs
Sat Oct 22 @ 7:00 pm,Columbia Icefield Arena,won,4,3,1,Alvin and the Mitt Mucks
Mon Oct 24 @ 10:00 pm,Columbia Icefield Arena,lost,1,5,3,The Beers
Tue Nov 1 @ 9:00 pm,Columbia Icefield Arena,lost,0,2,3,The Jabronies
Sat Nov 12 @ 7:00 pm,Columbia Icefield Arena,tie,2,2,3,Advanced Indies 3
Sat Nov 26 @ 3:00 pm,Columbia Icefield Arena,won,4,1,0,bendy Garden Gnomes
Wed Nov 30 @ 8:00 pm,Columbia Icefield Arena,won,2,1,0,Jagr Bombs
Sun Dec 4 @ 1:00 pm,Columbia Icefield Arena,lost,0,5,0,District 5

Kyle Arnold,Taylor Bach,Joshua Dlugokecki,Joshua Fuss,Mackenzie Gray,Simon Haney,Marc Koster,Tyler Morrow,Scott Rederer,Daniel Rickert,Jason Simpson,Christopher Voss,Mitchell Voss,Stephen Jamison
