Teemu’s Salami,fall2011,Ice Hockey: Teemu’s Salami (Advanced)
7,6,6,1,1
Fri Sep 30 @ 8:00 pm,Columbia Icefield Arena,won,3,0,0,The Fur Trappers
Tue Oct 4 @ 8:00 pm,Columbia Icefield Arena,lost,1,3,4,Advanced Indies 1
Sun Oct 23 @ 8:00 pm,Columbia Icefield Arena,lost,1,3,-2,Motherpuckers
Mon Oct 24 @ 11:00 pm,Columbia Icefield Arena,lost,0,3,-2,Advanced Indies 1
Fri Oct 28 @ 11:00 pm,Columbia Icefield Arena,won,4,3,1,Mac1ve Stick5
Wed Nov 2 @ 9:00 pm,Columbia Icefield Arena,tie,1,1,3,Advanced Indies 4
Fri Dec 2 @ 7:00 pm,Columbia Icefield Arena,lost,1,5,0,Jesters

Romel Bhiro,Branden Bouchard,Boyan Brkic,Evan Burgess,Abel Chaves,Soo Cho,Corey Godfrey,Ron Hughes,Mackenzie Jonker,Dana Kamenetsky,Gregory Knox,Jeffrey Lampole,Kodie Lee,William Lotosky,Michael Lyon,Jonathan MacIntyre,Scott McKee,Cameron Stewart,Joshua Bursey
