Team Gongshow,fall2011,Ice Hockey: Team Gongshow (Advanced)
7,6,6,1,1
Wed Sep 21 @ 10:00 pm,Columbia Icefield Arena,won,4,1,3,Manthrax
Sat Sep 24 @ 7:00 pm,Columbia Icefield Arena,tie,4,4,3,District 5
Sat Oct 1 @ 8:00 pm,Columbia Icefield Arena,tie,3,3,4,Advanced Indies 2
Thu Oct 6 @ 11:00 pm,Columbia Icefield Arena,lost,0,3,-2,Goodfellas
Wed Oct 26 @ 11:00 pm,Columbia Icefield Arena,won,3,0,avg.,Motherpuckers
Sun Nov 13 @ 11:00 pm,Columbia Icefield Arena,won,5,4,4,Jesters
Mon Nov 21 @ 11:00 pm,Columbia Icefield Arena,lost,1,2,0,Advanced Indies 4

Jeffrey Goeree,Garrett Jones,Jason Laporta,Eric Lee,Douglas Lusted,Brandyn McCarthy,Daniel McCulloch,Nolan Pettipiece,Matthew Quigley,Michael Shortt,Jared Slattery,Jake Tennant,Skye Wattie,Matthew Cyr
