Advanced Indies 3,fall2011,Ice Hockey: Advanced Indies 3 (Advanced)
7,6,6,1,1
Sun Sep 25 @ 3:00 pm,Columbia Icefield Arena,lost,1,5,3,The Beers
Sun Oct 23 @ 4:00 pm,Columbia Icefield Arena,tie,2,2,4,Alvin and the Mitt Mucks
Sat Oct 29 @ 10:00 pm,Columbia Icefield Arena,won,3,0,avg.,Jagr Bombs
Sun Oct 30 @ 11:00 pm,Columbia Icefield Arena,lost,0,6,4,The Jabronies
Sat Nov 5 @ 9:00 pm,Columbia Icefield Arena,won,6,5,3,District 5
Sat Nov 12 @ 7:00 pm,Columbia Icefield Arena,tie,2,2,3,The Benchwarmers
Sat Nov 26 @ 1:00 pm,Columbia Icefield Arena,lost,1,3,0,Jagr Bombs

Zakary Duench,Bradley Durrer,Andrew Kowalczyszyn,Dylan Lam-Johnson,Spencer Moore,Cameron Robertson,Jake Rochman,Gary Ryckman,Brandon Smith,Paul Taillon,Philip Van-Lane,Lucas Whalen,Bradley Wolff
