Advanced Indies 2,fall2011,Ice Hockey: Advanced Indies 2 (Advanced)
7,6,6,1,1
Thu Sep 22 @ 11:00 pm,Columbia Icefield Arena,tie,2,2,3,Jesters
Sat Oct 1 @ 8:00 pm,Columbia Icefield Arena,tie,3,3,4,Team Gongshow
Thu Oct 6 @ 10:00 pm,Columbia Icefield Arena,lost,0,3,2,Manthrax
Sun Oct 30 @ 7:00 pm,Columbia Icefield Arena,lost,1,7,3,Goodfellas
Sat Nov 5 @ 10:00 pm,Columbia Icefield Arena,lost,0,3,-2,The Shockers
Sun Nov 13 @ 9:00 pm,Columbia Icefield Arena,lost,5,8,4,Johnny What the Puck
Thu Nov 24 @ 9:00 pm,Columbia Icefield Arena,lost,3,4,0,The Fur Trappers

Tyler Butterfield,Zachary Caringi,Devin Drury,Ryan Good,Dominic Gora,Bradley Hallman,Jessica Hoskins,Scott Hurley,Stuart May,James Sisson,Liam Teeple,Cameron White
