Boston Bruins,BOS,nhl
1929-30,1930
17
44
4,2
GP,Date,Time,Location,Opponent,GF,GA,Result,Game Ended In,W,L,T,Streak,Notes
1,1929-11-14,time unavailable,@,Detroit Cougars,5,2,W,REG,1,0,0,W 1
2,1929-11-16,time unavailable,@,Toronto Maple Leafs,6,5,W,REG,2,0,0,W 2
3,1929-11-19,time unavailable,H,New York Rangers,3,2,W,REG,3,0,0,W 3
4,1929-11-23,time unavailable,@,Montreal Maroons,4,3,W,REG,4,0,0,W 4
5,1929-11-26,time unavailable,H,Montreal Maroons,1,6,L,REG,4,1,0,L 1
6,1929-11-30,time unavailable,@,Pittsburgh Pirates,6,2,W,REG,5,1,0,W 1
7,1929-12-01,time unavailable,@,Chicago Black Hawks,1,3,L,REG,5,2,0,L 1
8,1929-12-03,time unavailable,H,Montreal Canadiens,3,1,W,REG,6,2,0,W 1
9,1929-12-07,time unavailable,H,Detroit Cougars,2,1,W,REG,7,2,0,W 2
10,1929-12-10,time unavailable,H,Pittsburgh Pirates,5,4,W,REG,8,2,0,W 3
11,1929-12-12,time unavailable,@,Ottawa Senators,3,2,W,REG,9,2,0,W 4
12,1929-12-15,time unavailable,@,New York Americans,8,4,W,REG,10,2,0,W 5
13,1929-12-17,time unavailable,H,Ottawa Senators,6,2,W,REG,11,2,0,W 6
14,1929-12-21,time unavailable,H,Chicago Black Hawks,4,1,W,REG,12,2,0,W 7
15,1929-12-25,time unavailable,H,Toronto Maple Leafs,6,2,W,REG,13,2,0,W 8
16,1929-12-26,time unavailable,@,New York Rangers,4,2,W,REG,14,2,0,W 9
17,1929-12-28,time unavailable,@,Montreal Canadiens,3,2,W,REG,15,2,0,W 10
18,1930-01-01,time unavailable,H,New York Americans,5,2,W,REG,16,2,0,W 11
19,1930-01-04,time unavailable,@,Montreal Maroons,4,2,W,REG,17,2,0,W 12
20,1930-01-07,time unavailable,H,New York Rangers,3,0,W,REG,18,2,0,W 13
21,1930-01-09,time unavailable,@,Pittsburgh Pirates,4,3,W,REG,19,2,0,W 14
22,1930-01-12,time unavailable,@,New York Americans,2,3,L,REG,19,3,0,L 1
23,1930-01-14,time unavailable,H,Ottawa Senators,5,1,W,REG,20,3,0,W 1
24,1930-01-16,time unavailable,@,Chicago Black Hawks,1,2,L,REG,20,4,0,L 1
25,1930-01-19,time unavailable,@,Detroit Cougars,5,4,W,REG,21,4,0,W 1
26,1930-01-21,time unavailable,H,Chicago Black Hawks,5,1,W,REG,22,4,0,W 2
27,1930-01-23,time unavailable,H,New York Americans,2,1,W,OT,23,4,0,W 3
28,1930-01-25,time unavailable,@,Montreal Canadiens,2,1,W,REG,24,4,0,W 4
29,1930-01-28,time unavailable,H,Pittsburgh Pirates,6,0,W,REG,25,4,0,W 5
30,1930-02-02,time unavailable,@,New York Rangers,3,3,T,OT,25,4,1,T 1
31,1930-02-04,time unavailable,H,Detroit Cougars,3,1,W,REG,26,4,1,W 1
32,1930-02-11,time unavailable,H,Toronto Maple Leafs,6,5,W,OT,27,4,1,W 2
33,1930-02-12,time unavailable,@,Pittsburgh Pirates,4,3,W,REG,28,4,1,W 3
34,1930-02-15,time unavailable,@,Toronto Maple Leafs,5,3,W,REG,29,4,1,W 4
35,1930-02-16,time unavailable,@,Detroit Cougars,4,2,W,REG,30,4,1,W 5
36,1930-02-18,time unavailable,H,Montreal Maroons,3,2,W,REG,31,4,1,W 6
37,1930-02-23,time unavailable,@,New York Rangers,3,2,W,REG,32,4,1,W 7
38,1930-02-25,time unavailable,H,Pittsburgh Pirates,7,0,W,REG,33,4,1,W 8
39,1930-03-01,time unavailable,@,Ottawa Senators,2,1,W,REG,34,4,1,W 9
40,1930-03-04,time unavailable,H,Montreal Canadiens,5,2,W,REG,35,4,1,W 10
41,1930-03-11,time unavailable,H,Chicago Black Hawks,4,3,W,REG,36,4,1,W 11
42,1930-03-13,time unavailable,@,Chicago Black Hawks,2,3,L,OT,36,5,1,L 1
43,1930-03-15,time unavailable,H,Detroit Cougars,5,2,W,REG,37,5,1,W 1
44,1930-03-18,time unavailable,H,New York Rangers,9,2,W,REG,38,5,1,W 2

GP,Date,Time,Location,Opponent,GF,GA,Result,Game Ended In,W,L,T,Streak,Notes
1,1930-03-20,time unavailable,@,Montreal Maroons,2,1,W,3OT,1,0,0,W 1
2,1930-03-22,time unavailable,@,Montreal Maroons,4,2,W,REG,2,0,0,W 2
3,1930-03-25,time unavailable,H,Montreal Maroons,0,1,L,2OT,2,1,0,L 1
4,1930-03-27,time unavailable,H,Montreal Maroons,5,1,W,REG,3,1,0,W 1
5,1930-04-01,time unavailable,H,Montreal Canadiens,0,3,L,REG,3,2,0,L 1
6,1930-04-03,time unavailable,@,Montreal Canadiens,3,4,L,REG,3,3,0,L 2

Marty Barry,,n/a,C,24,5-11,175,L/-,1,"December 8, 1905",ca,"18 G, 15 A, 33 P"
Bill Carson,,n/a,C,29,5-8,158,L/-,3,"November 25, 1900",ca,"7 G, 4 A, 11 P"
Dit Clapper,,n/a,RW/D,22,6-2,195,R/-,2,"February 9, 1907",ca,"41 G, 20 A, 61 P"
Harry Connor,,n/a,LW,25,6-0,195,L/-,2,"December 3, 1904",ca,"0 G, 0 A, 0 P"
Art Gagne,,n/a,RW,32,5-7,160,R/-,3,"October 11, 1897",ca,"0 G, 1 A, 1 P"
Dutch Gainor,,n/a,LW,25,6-1,170,L/-,2,"April 10, 1904",ca,"18 G, 31 A, 49 P"
Percy Galbraith,,n/a,LW,31,5-10,162,L/-,3,"December 5, 1898",ca,"7 G, 9 A, 16 P"
Lionel Hitchman,(C),n/a,D,28,6-1,167,L/-,7,"November 3, 1901",ca,"2 G, 7 A, 9 P"
Bill Hutton,,n/a,RW,20,5-11,165,R/-,R,"January 28, 1910",ca,"2 G, 0 A, 2 P"
Myles Lane,,n/a,D,24,6-0,180,L/-,1,"October 2, 1905",us,"0 G, 0 A, 0 P"
Mickey MacKay,,n/a,C,35,5-9,162,L/-,3,"May 25, 1894",ca,"4 G, 5 A, 9 P"
Harry Oliver,,n/a,RW,31,5-8,155,R/-,3,"October 26, 1898",ca,"16 G, 5 A, 21 P"
George Owen,,n/a,D,28,5-11,190,L/-,1,"February 12, 1901",ca,"9 G, 4 A, 13 P"
Eddie Shore,,n/a,D,27,5-11,190,R/-,3,"November 25, 1902",ca,"12 G, 19 A, 31 P"
Bob Taylor,,n/a,F,25,6-1,190,R/-,R,"August 12, 1904",us,"0 G, 0 A, 0 P"
Tiny Thompson,,n/a,G,26,5-10,160,-/L,1,"May 31, 1903",ca,"38-5-1, 2.19 GAA"
Cooney Weiland,,n/a,C,25,5-7,150,L/-,1,"November 5, 1904",ca,"43 G, 30 A, 73 P"
