New York Americans,NYA,nhl
1929-30,1930
16
44
0
GP,Date,Time,Location,Opponent,GF,GA,Result,Game Ended In,W,L,T,Streak,Notes
1,1929-11-16,time unavailable,@,Ottawa Senators,3,4,L,REG,0,1,0,L 1
2,1929-11-19,time unavailable,H,Chicago Black Hawks,1,5,L,REG,0,2,0,L 2
3,1929-11-24,time unavailable,H,Montreal Canadiens,2,3,L,OT,0,3,0,L 3
4,1929-11-28,time unavailable,H,Ottawa Senators,4,3,W,OT,1,3,0,W 1
5,1929-11-30,time unavailable,@,Montreal Canadiens,1,3,L,REG,1,4,0,L 1
6,1929-12-03,time unavailable,@,Toronto Maple Leafs,0,6,L,REG,1,5,0,L 2
7,1929-12-05,time unavailable,@,Detroit Cougars,2,3,L,REG,1,6,0,L 3
8,1929-12-08,time unavailable,@,Chicago Black Hawks,2,4,L,REG,1,7,0,L 4
9,1929-12-10,time unavailable,H,Toronto Maple Leafs,1,0,W,REG,2,7,0,W 1
10,1929-12-14,time unavailable,@,Pittsburgh Pirates,1,8,L,REG,2,8,0,L 1
11,1929-12-15,time unavailable,H,Boston Bruins,4,8,L,REG,2,9,0,L 2
12,1929-12-17,time unavailable,@,New York Rangers,2,6,L,REG,2,10,0,L 3
13,1929-12-19,time unavailable,H,Montreal Maroons,3,5,L,REG,2,11,0,L 4
14,1929-12-21,time unavailable,@,Montreal Maroons,3,5,L,REG,2,12,0,L 5
15,1929-12-24,time unavailable,H,Detroit Cougars,5,3,W,REG,3,12,0,W 1
16,1929-12-29,time unavailable,H,Pittsburgh Pirates,3,2,W,REG,4,12,0,W 2
17,1930-01-01,time unavailable,@,Boston Bruins,2,5,L,REG,4,13,0,L 1
18,1930-01-02,time unavailable,H,New York Rangers,7,1,W,REG,5,13,0,W 1
19,1930-01-04,time unavailable,@,Ottawa Senators,1,4,L,REG,5,14,0,L 1
20,1930-01-07,time unavailable,H,Toronto Maple Leafs,1,1,T,OT,5,14,1,T 1
21,1930-01-11,time unavailable,@,Pittsburgh Pirates,3,1,W,REG,6,14,1,W 1
22,1930-01-12,time unavailable,H,Boston Bruins,3,2,W,REG,7,14,1,W 2
23,1930-01-16,time unavailable,H,Montreal Maroons,2,3,L,OT,7,15,1,L 1
24,1930-01-18,time unavailable,@,Toronto Maple Leafs,1,4,L,REG,7,16,1,L 2
25,1930-01-21,time unavailable,H,Montreal Canadiens,2,5,L,REG,7,17,1,L 3
26,1930-01-23,time unavailable,@,Boston Bruins,1,2,L,OT,7,18,1,L 4
27,1930-01-26,time unavailable,H,Pittsburgh Pirates,1,1,T,OT,7,18,2,T 1
28,1930-01-28,time unavailable,@,New York Rangers,3,4,L,OT,7,19,2,L 1
29,1930-01-30,time unavailable,H,Detroit Cougars,3,2,W,REG,8,19,2,W 1
30,1930-02-01,time unavailable,@,Montreal Maroons,2,7,L,REG,8,20,2,L 1
31,1930-02-04,time unavailable,H,New York Rangers,5,3,W,REG,9,20,2,W 1
32,1930-02-09,time unavailable,H,Toronto Maple Leafs,2,3,L,REG,9,21,2,L 1
33,1930-02-16,time unavailable,H,Ottawa Senators,2,2,T,OT,9,21,3,T 1
34,1930-02-18,time unavailable,@,Chicago Black Hawks,6,4,W,OT,10,21,3,W 1
35,1930-02-20,time unavailable,H,Montreal Maroons,3,3,T,OT,10,21,4,T 1
36,1930-02-22,time unavailable,@,Montreal Canadiens,2,9,L,REG,10,22,4,L 1
37,1930-02-25,time unavailable,H,Montreal Canadiens,4,2,W,REG,11,22,4,W 1
38,1930-03-01,time unavailable,@,Montreal Maroons,1,5,L,REG,11,23,4,L 1
39,1930-03-04,time unavailable,@,Toronto Maple Leafs,1,1,T,OT,11,23,5,T 1
40,1930-03-06,time unavailable,@,Detroit Cougars,1,0,W,REG,12,23,5,W 1
41,1930-03-09,time unavailable,H,Chicago Black Hawks,5,2,W,REG,13,23,5,W 2
42,1930-03-13,time unavailable,H,Ottawa Senators,2,1,W,OT,14,23,5,W 3
43,1930-03-15,time unavailable,@,Ottawa Senators,7,8,L,REG,14,24,5,L 1
44,1930-03-18,time unavailable,@,Montreal Canadiens,3,8,L,REG,14,25,5,L 2

Time,Location,Result,Game Ended In

Bill Boyd,,n/a,RW,31,5-10,185,R/-,3,"May 15, 1898",ca,"7 G, 6 A, 13 P"
Bill Brydge,,n/a,D,28,5-9,195,R/-,2,"October 22, 1901",ca,"2 G, 6 A, 8 P"
Billy Burch,,n/a,C,29,6-0,200,L/-,7,"November 20, 1900",us,"7 G, 3 A, 10 P"
Roy Burmister,,n/a,LW,23,5-10,155,L/-,R,"August 12, 1906",ca,"1 G, 1 A, 2 P"
Lionel Conacher,,n/a,D,28,6-2,195,L/-,4,"May 24, 1901",ca,"4 G, 6 A, 10 P"
Jake Forbes,,n/a,G,32,5-6,140,-/L,9,"July 4, 1897",ca,"0-0-1, 0.86 GAA"
Benny Grant,,n/a,G,21,5-11,160,-/L,1,"July 14, 1908",ca,"3-4-0, 3.57 GAA"
Normie Himes,,n/a,C,26,5-9,145,R/-,3,"April 13, 1903",ca,"28 G, 22 A, 50 P"
Bill Holmes,,n/a,F,30,6-0,200,R/-,2,"March 9, 1899",ca,"5 G, 4 A, 9 P"
George Massecar,,n/a,LW,25,5-9,165,L/-,R,"July 10, 1904",ca,"7 G, 3 A, 10 P"
Charley McVeigh,,n/a,RW,31,5-6,145,L/-,3,"March 29, 1898",ca,"14 G, 14 A, 28 P"
George Patterson,,n/a,RW,23,6-1,176,R/-,3,"May 22, 1906",ca,"13 G, 4 A, 17 P"
Leo Reise,,n/a,D,37,5-11,175,R/-,7,"June 1, 1892",ca,"0 G, 0 A, 0 P"
Johnny Sheppard,,n/a,C,26,5-7,165,L/-,3,"July 23, 1903",ca,"14 G, 15 A, 29 P"
Joe Simpson,,n/a,D,36,5-10,175,R/-,4,"August 13, 1893",ca,"8 G, 13 A, 21 P"
Roy Worters,,n/a,G,29,5-3,135,-/L,4,"October 19, 1900",ca,"11-21-4, 3.57 GAA"
