New York Rangers,NYR,nhl
1929-30,1930
17
44
2,2
GP,Date,Time,Location,Opponent,GF,GA,Result,Game Ended In,W,L,T,Streak,Notes
1,1929-11-14,time unavailable,@,Montreal Maroons,2,1,W,REG,1,0,0,W 1
2,1929-11-17,time unavailable,H,Detroit Cougars,5,5,T,OT,1,0,1,T 1
3,1929-11-19,time unavailable,@,Boston Bruins,2,3,L,REG,1,1,1,L 1
4,1929-11-21,time unavailable,H,Montreal Maroons,2,1,W,REG,2,1,1,W 1
5,1929-11-23,time unavailable,@,Pittsburgh Pirates,5,3,W,REG,3,1,1,W 2
6,1929-11-26,time unavailable,H,Toronto Maple Leafs,3,4,L,REG,3,2,1,L 1
7,1929-11-28,time unavailable,@,Chicago Black Hawks,3,2,W,REG,4,2,1,W 1
8,1929-12-01,time unavailable,@,Detroit Cougars,3,4,L,REG,4,3,1,L 1
9,1929-12-08,time unavailable,H,Pittsburgh Pirates,5,1,W,REG,5,3,1,W 1
10,1929-12-12,time unavailable,H,Montreal Canadiens,8,3,W,REG,6,3,1,W 2
11,1929-12-14,time unavailable,@,Toronto Maple Leafs,6,7,L,OT,6,4,1,L 1
12,1929-12-17,time unavailable,H,New York Americans,6,2,W,REG,7,4,1,W 1
13,1929-12-19,time unavailable,@,Montreal Canadiens,2,7,L,REG,7,5,1,L 1
14,1929-12-22,time unavailable,H,Chicago Black Hawks,3,1,W,REG,8,5,1,W 1
15,1929-12-26,time unavailable,H,Boston Bruins,2,4,L,REG,8,6,1,L 1
16,1929-12-28,time unavailable,@,Ottawa Senators,3,1,W,REG,9,6,1,W 1,"at Atlantic City, NJ"
17,1929-12-31,time unavailable,H,Ottawa Senators,1,1,T,OT,9,6,2,T 1
18,1930-01-02,time unavailable,@,New York Americans,1,7,L,REG,9,7,2,L 1
19,1930-01-05,time unavailable,H,Pittsburgh Pirates,8,3,W,REG,10,7,2,W 1
20,1930-01-07,time unavailable,@,Boston Bruins,0,3,L,REG,10,8,2,L 1
21,1930-01-09,time unavailable,H,Montreal Maroons,4,5,L,REG,10,9,2,L 2
22,1930-01-12,time unavailable,@,Chicago Black Hawks,1,2,L,REG,10,10,2,L 3
23,1930-01-14,time unavailable,H,Detroit Cougars,3,0,W,REG,11,10,2,W 1
24,1930-01-18,time unavailable,@,Pittsburgh Pirates,6,5,W,REG,12,10,2,W 2
25,1930-01-19,time unavailable,H,Chicago Black Hawks,4,1,W,REG,13,10,2,W 3
26,1930-01-23,time unavailable,H,Ottawa Senators,6,3,W,REG,14,10,2,W 4
27,1930-01-26,time unavailable,@,Detroit Cougars,3,7,L,REG,14,11,2,L 1
28,1930-01-28,time unavailable,H,New York Americans,4,3,W,OT,15,11,2,W 1
29,1930-02-02,time unavailable,H,Boston Bruins,3,3,T,OT,15,11,3,T 1
30,1930-02-04,time unavailable,@,New York Americans,3,5,L,REG,15,12,3,L 1
31,1930-02-06,time unavailable,H,Detroit Cougars,1,1,T,OT,15,12,4,T 1
32,1930-02-08,time unavailable,@,Ottawa Senators,2,2,T,OT,15,12,5,T 2
33,1930-02-11,time unavailable,@,Montreal Maroons,2,5,L,REG,15,13,5,L 1
34,1930-02-13,time unavailable,H,Pittsburgh Pirates,4,1,W,REG,16,13,5,W 1
35,1930-02-18,time unavailable,H,Toronto Maple Leafs,1,5,L,REG,16,14,5,L 1
36,1930-02-23,time unavailable,H,Boston Bruins,2,3,L,REG,16,15,5,L 2
37,1930-02-27,time unavailable,H,Chicago Black Hawks,1,1,T,OT,16,15,6,T 1
38,1930-03-01,time unavailable,@,Toronto Maple Leafs,3,3,T,OT,16,15,7,T 2
39,1930-03-02,time unavailable,@,Detroit Cougars,2,2,T,OT,16,15,8,T 3
40,1930-03-04,time unavailable,@,Chicago Black Hawks,2,2,T,OT,16,15,9,T 4
41,1930-03-08,time unavailable,@,Montreal Canadiens,0,6,L,REG,16,16,9,L 1
42,1930-03-11,time unavailable,H,Montreal Canadiens,3,3,T,OT,16,16,10,T 1
43,1930-03-15,time unavailable,@,Pittsburgh Pirates,4,3,W,OT,17,16,10,W 1
44,1930-03-18,time unavailable,@,Boston Bruins,2,9,L,REG,17,17,10,L 1

GP,Date,Time,Location,Opponent,GF,GA,Result,Game Ended In,W,L,T,Streak,Notes
1,1930-03-20,time unavailable,@,Ottawa Senators,1,1,T,REG,0,0,1,T 1
2,1930-03-23,time unavailable,H,Ottawa Senators,5,2,W,REG,1,0,1,W 1
3,1930-03-28,time unavailable,@,Montreal Canadiens,1,2,L,4OT,1,1,1,L 1
4,1930-03-30,time unavailable,H,Montreal Canadiens,0,2,L,REG,1,2,1,L 2

Frank Boucher,,n/a,C,28,5-9,185,L/-,4,"October 7, 1901",ca,"26 G, 36 A, 62 P"
Leo Bourgeault,,n/a,D,27,5-6,165,L/-,3,"January 17, 1903",ca,"7 G, 6 A, 13 P"
Bill Cook,(C),n/a,RW,33,5-10,170,R/-,3,"October 9, 1896",ca,"29 G, 30 A, 59 P"
Bun Cook,,n/a,LW,26,5-11,180,L/-,3,"September 18, 1903",ca,"24 G, 18 A, 42 P"
Yip Foster,,n/a,D,22,6-6,198,L/-,R,"November 25, 1907",ca,"0 G, 0 A, 0 P"
Leroy Goldsworthy,,n/a,RW,23,6-0,165,R/-,R,"October 18, 1906",us,"4 G, 1 A, 5 P"
Obs Heximer,,n/a,RW,19,5-7,159,L/-,R,"February 16, 1910",ca,"1 G, 0 A, 1 P"
Ching Johnson,,n/a,D,31,5-11,210,L/-,3,"December 7, 1898",ca,"3 G, 3 A, 6 P"
Butch Keeling,,n/a,C/LW,24,5-11,180,L/-,3,"August 10, 1905",ca,"19 G, 7 A, 26 P"
Murray Murdoch,,n/a,C/LW,25,5-10,180,L/-,3,"May 19, 1904",ca,"13 G, 13 A, 26 P"
Leo Quenneville,,n/a,F,29,5-10,170,L/-,R,"June 15, 1900",ca,"0 G, 3 A, 3 P"
Bill Regan,,n/a,D,21,6-1,190,L/-,R,"December 11, 1908",ca,"0 G, 0 A, 0 P"
Leo Reise,,n/a,D,37,5-11,175,R/-,7,"June 1, 1892",ca,"0 G, 1 A, 1 P"
John Ross Roach,,n/a,G,29,5-5,130,-/L,8,"June 23, 1900",ca,"17-17-10, 3.10 GAA"
Ralph Taylor,,n/a,RW,24,5-9,180,R/-,2,"October 2, 1905",ca,"2 G, 0 A, 2 P"
Paul Thompson,,n/a,LW,23,5-11,180,L/-,3,"November 2, 1906",ca,"7 G, 12 A, 19 P"
Sparky Vail,,n/a,D,23,6-0,185,L/-,1,"July 5, 1906",ca,"1 G, 1 A, 2 P"
