Delta Force Flyers,winter2012,Ice Hockey: Delta Force Flyers (Advanced)
7,6,6,1,1
Sun Jan 15 @ 4:00 pm,Columbia Icefield Arena,lost,3,6,4,Debbie’s Dingle Show
Sat Jan 21 @ 7:00 pm,Columbia Icefield Arena,lost,0,1,3,Bush League
Fri Jan 27 @ 11:00 pm,Columbia Icefield Arena,lost,2,3,3,Blades of Steel
Sun Feb 12 @ 9:00 pm,Columbia Icefield Arena,won,5,0,4,1 Advanced Indy
Sun Mar 4 @ 1:00 pm,Columbia Icefield Arena,won,4,3,3,Manthrax
Sat Mar 10 @ 4:00 pm,Columbia Icefield Arena,won,5,0,4,3 Advanced Indy
Mon Mar 26 @ 8:00 pm,Columbia Icefield Arena,lost,0,4,2,The Jesters

Steven Boileau,Colin Bolzon,Paul Brogee,Tayler Cook,Andrew Doherty,Dave Hannah,James Ingle,Andrew McDonald,Namish Modi,Peter Moffat,Adam Silvestro,Jordan Strauss,Nicolas Wu,Gregory Bolzon
