Debbie’s Dingle Show,winter2012,Ice Hockey: Debbie’s Dingle Show (Advanced)
7,6,6,1,1
Sun Jan 15 @ 4:00 pm,Columbia Icefield Arena,won,6,3,4,Delta Force Flyers
Tue Jan 17 @ 7:00 pm,Columbia Icefield Arena,won,5,3,4,Blades of Steel
Fri Feb 3 @ 7:00 pm,Columbia Icefield Arena,won,9,4,4,3 Advanced Indy
Mon Feb 13 @ 10:00 pm,Columbia Icefield Arena,won,5,2,4,Bendy Garden Gnomes
Sun Mar 11 @ 3:00 pm,Columbia Icefield Arena,lost,0,3,-2,4 Advanced Indy
Sat Mar 17 @ 11:00 am,Columbia Icefield Arena,lost,4,6,4,The Strawberry Daquiris
Sun Mar 25 @ 10:00 pm,Columbia Icefield Arena,lost,2,5,1,Goodfellas

Evan Earl,Andrew Holliday,Jacob Janes,Tyler Macgillivray,Corbett Morrison,Brent Rae,Bradley Rowley,Gary Ryckman,Paul Taillon,Joseph Spohn
