Jagr Bombs,winter2012,Ice Hockey: Jagr Bombs (Advanced)
8,7,7,1,1
Fri Jan 27 @ 9:00 pm,Columbia Icefield Arena,won,3,2,0,Pharmacy GFY
Sat Jan 28 @ 5:00 pm,Columbia Icefield Arena,tie,3,3,2,The Strawberry Daquiris
Sat Feb 4 @ 11:00 pm,Columbia Icefield Arena,won,3,1,4,The Jesters
Sat Feb 11 @ 8:00 pm,Columbia Icefield Arena,won,3,0,avg.,2 Advanced Indy
Sat Mar 3 @ 10:00 am,Columbia Icefield Arena,lost,5,7,4,Johnny What the Puck
Sun Mar 11 @ 11:00 pm,Columbia Icefield Arena,won,5,4,-1,Manthrax
Sat Jan 14 @ 12:00 pm,Columbia Icefield Arena,tie,0,0,0,The Jesters
Fri Mar 23 @ 7:00 pm,Columbia Icefield Arena,lost,2,4,2,The Fur Trappers

Anthony Dyster,Connor Ivany,Timothy McCulloch,Jordan Minos,Peter Morgan,Alexander Morrison,Curtis Mosier,Cameron Richardson,Dexter Shepherd,Adam Wendland,Joshua Barber
