Goodfellas,winter2012,Ice Hockey: Goodfellas (Advanced)
9,6,6,3,3
Wed Jan 11 @ 8:00 pm,Columbia Icefield Arena,tie,2,2,2,Johnny What the Puck
Sun Jan 15 @ 3:00 pm,Columbia Icefield Arena,won,1,0,3,1 Advanced Indy
Thu Jan 26 @ 9:00 pm,Columbia Icefield Arena,won,7,1,3,Assist To Mouth
Thu Feb 2 @ 9:00 pm,Columbia Icefield Arena,won,3,1,-4,District 5
Sun Feb 5 @ 4:00 pm,Columbia Icefield Arena,lost,2,3,2,Pharmacy GFY
Wed Feb 8 @ 11:00 pm,Columbia Icefield Arena,won,5,3,3,The Fur Trappers
Sun Mar 25 @ 10:00 pm,Columbia Icefield Arena,won,5,2,1,Debbie’s Dingle Show
Thu Mar 29 @ 10:00 pm,Columbia Icefield Arena,won,4,1,2,The Fur Trappers
Sun Apr 1 @ 2:00 pm,Columbia Icefield Arena,lost,2,3,1,The Eh-Team

Alan Bowden,Timothy Boyadjian,Paul Hammell,Carmen Heine,Andrew Hulbert,Kiefer Lindsay,Christopher McCulley-Hayden,Hal McPhail,Christopher Moning,Jason Neevel,Christopher Smellie,Nicolai Smitiuch,Michael Smyth,Christopher Tidder,Joshua Wallace,John Kurelek
