District 5,winter2012,Ice Hockey: District 5 (Advanced)
7,6,6,1,1
Sun Jan 15 @ 10:00 am,Columbia Icefield Arena,tie,2,2,3,Bush League
Sat Jan 28 @ 4:00 pm,Columbia Icefield Arena,tie,1,1,3,The Benchwarmers
Thu Feb 2 @ 9:00 pm,Columbia Icefield Arena,lost,1,3,-3,Goodfellas
Sat Feb 4 @ 11:00 am,Columbia Icefield Arena,lost,2,7,-2,Bendy Garden Gnomes
Thu Mar 8 @ 9:00 pm,Columbia Icefield Arena,lost,1,7,4,The Eh-Team
Sat Mar 10 @ 10:00 am,Columbia Icefield Arena,won,6,3,4,Cheddar Bombs
Fri Mar 23 @ 9:00 pm,Columbia Icefield Arena,lost,2,3,1,Cheddar Bombs

Dylan Fisher,William Francis,Geoffrey Iwasa,Chris Ladubec,Timothy MacGregor,William Murdoch,Andrew Pequegnat,Ken Ruffolo,Michael Blake
