The Rebel Alliance,winter2012,Ice Hockey: The Rebel Alliance (Advanced)
7,6,6,1,1
Sun Jan 15 @ 2:00 pm,Columbia Icefield Arena,lost,4,5,3,2 Advanced Indy
Thu Jan 19 @ 9:00 pm,Columbia Icefield Arena,lost,0,6,4,Pharmacy GFY
Sat Jan 28 @ 2:00 pm,Columbia Icefield Arena,lost,1,3,4,Cheddar Bombs
Mon Jan 30 @ 11:00 pm,Columbia Icefield Arena,lost,0,6,4,The Eh-Team
Sat Feb 4 @ 7:00 pm,Columbia Icefield Arena,tie,4,4,1,Johnny What the Puck
Fri Mar 16 @ 7:00 pm,Columbia Icefield Arena,won,6,4,-3,3 Advanced Indy
Sat Mar 24 @ 8:00 pm,Columbia Icefield Arena,lost,2,4,2,Assist To Mouth

Evan Bechtel,Jon-Paul Browne,Brendan Coady,Matthew Craig,Brittany Hicks,Sawyer Hogenkamp,Daniel Koetsier,Nicole Lee,Aaron Neufeld,Andrew Pauls,Aaron Postma,Ian Reed
