Assist To Mouth,winter2012,Ice Hockey: Assist To Mouth (Advanced)
8,6,6,2,2
Sun Jan 15 @ 1:00 pm,Columbia Icefield Arena,won,4,2,3,4 Advanced Indy
Thu Jan 26 @ 9:00 pm,Columbia Icefield Arena,lost,1,7,3,Goodfellas
Sat Jan 28 @ 3:00 pm,Columbia Icefield Arena,tie,6,6,2,3 Advanced Indy
Thu Mar 1 @ 9:00 pm,Columbia Icefield Arena,lost,3,5,3,The Eh-Team
Fri Mar 16 @ 9:00 pm,Columbia Icefield Arena,lost,1,2,4,The Fur Trappers
Sun Mar 18 @ 1:00 pm,Columbia Icefield Arena,lost,2,8,4,Manthrax
Sat Mar 24 @ 8:00 pm,Columbia Icefield Arena,won,4,2,2,The Rebel Alliance
Sat Mar 31 @ 12:00 pm,Columbia Icefield Arena,lost,4,5,2,Blades of Steel

Stuart Anderson,Romel Bhiro,Joshua Bursey,Abel Chaves,Weibon Chin,Soo Cho,Corey Godfrey,Qi Guo,Ron Hughes,Mackenzie Jonker,Dana Kamenetsky,Jeffrey Lampole,Kodie Lee,William Lotosky,Scott McKee,Karl Price,Derek Sargent,Cameron Toy,Rene Vince,Michael Lyon
