4 Advanced Indy,winter2012,Ice Hockey: 4 Advanced Indy (Advanced)
8,6,6,2,2
Sun Jan 15 @ 1:00 pm,Columbia Icefield Arena,lost,2,4,-1,Assist To Mouth
Sat Jan 21 @ 8:00 pm,Columbia Icefield Arena,lost,2,3,2,The Jesters
Sun Feb 5 @ 1:00 pm,Columbia Icefield Arena,won,6,0,4,1 Advanced Indy
Sun Mar 11 @ 3:00 pm,Columbia Icefield Arena,won,3,0,avg.,Debbie’s Dingle Show
Thu Mar 15 @ 11:00 pm,Columbia Icefield Arena,lost,2,3,-3,The Eh-Team
Sun Mar 18 @ 2:00 pm,Columbia Icefield Arena,won,4,1,3,Blades of Steel
Sat Mar 24 @ 7:00 pm,Columbia Icefield Arena,won,4,1,1,The Strawberry Daquiris
Sat Mar 31 @ 2:00 pm,Columbia Icefield Arena,lost,1,4,2,The Jesters

Jeffrey Dow,Zakary Duench,Bradley Durrer,Trevor Fairey,Jeffrey Goeree,John Hinton-Barber,Benjamin Hobers,Jeffrey Hodgson,Eric Lee,Aaron Leung,Matthew Piazza,Cameron Robertson,Shannon Ross,Brent Sloper,Location
