Labatt’s Blues,winter2010Contact,Ice Hockey: Labatt’s Blues (All Star Contact)
7,6,6,1,1
Sun Jan 17 @ 6:00 pm,Columbia Icefield Arena,won,7,1,2,Flint Michigan Tropics
Thu Jan 21 @ 10:00 pm,Columbia Icefield Arena,won,2,0,1,Given’er Generals of Canada
Sun Feb 7 @ 10:00 pm,Columbia Icefield Arena,lost,1,6,0,Two-Four
Mon Feb 8 @ 11:00 pm,Columbia Icefield Arena,won,2,0,0,Given’er Generals of Canada
Sat Feb 27 @ 6:00 pm,Columbia Icefield Arena,lost,1,3,2,HC Dynamo
Sat Mar 13 @ 4:00 pm,Columbia Icefield Arena,won,4,0,1,District 5: Peewee Hockey
Sat Mar 20 @ 1:00 pm,Columbia Icefield Arena,lost,1,2,2,Ex-Ringette Players

Mitchell Addison,Andrew Brinkman,Taren Byrne,Tyler Craig,Robert Dubois,Robert Enouy,Tucker Gagen,Steven McDonald,Simon Meulendyk,Corey Moore,Timothy Pasche,Jeff Perttula,Michael Rolfe,Eric Roque,Shane Speziali,Thomas Van Der Hoff,Robert Watson
