Puck You,winter2010Contact,Ice Hockey: Puck You (All Star Contact)
8,6,6,2,2
Tue Jan 12 @ 9:00 pm,Columbia Icefield Arena,won,4,1,3,Contact Indies 1
Sat Jan 16 @ 11:00 am,Columbia Icefield Arena,lost,0,3,-2,Team CanSkate
Sat Jan 30 @ 5:00 pm,Columbia Icefield Arena,lost,2,6,2,Ex-Ringette Players
Sat Feb 6 @ 4:00 pm,Columbia Icefield Arena,won,7,4,0,Easton Fection
Tue Mar 9 @ 10:00 pm,Columbia Icefield Arena,lost,4,5,2,SJ Manthrax
Sat Mar 13 @ 5:00 pm,Columbia Icefield Arena,lost,0,6,1,New Zealand All-Whites
Sun Mar 21 @ 9:00 pm,Columbia Icefield Arena,won,2,0,0,SJ Manthrax
Mon Mar 29 @ 11:00 pm,Columbia Icefield Arena,won,4,3,0,Flint Michigan Tropics

Tyler Barnes,Aaron Chan,Reed Froklage,Jesse Harwood,Kevin Lyons,Blake Martin,Ryan McCaw,Erwin-Michael Melocoton,Fady Mettias,Lindsay Orr,Nazar Semenov,Brandon Koaches
