SJ Manthrax,winter2010Contact,Ice Hockey: SJ Manthrax (All Star Contact)
7,6,6,1,1
Sun Jan 17 @ 10:00 pm,Columbia Icefield Arena,won,3,1,3,HC Dynamo
Thu Jan 21 @ 11:00 pm,Columbia Icefield Arena,lost,0,6,3,Two-Four
Mon Feb 1 @ 11:00 pm,Columbia Icefield Arena,lost,1,3,3,Flint Michigan Tropics
Mon Feb 8 @ 10:00 pm,Columbia Icefield Arena,lost,1,7,0,New Zealand All-Whites
Mon Mar 1 @ 10:00 pm,Columbia Icefield Arena,lost,3,5,3,District 5: Peewee Hockey
Tue Mar 9 @ 10:00 pm,Columbia Icefield Arena,won,5,4,3,Puck You
Sun Mar 21 @ 9:00 pm,Columbia Icefield Arena,lost,0,2,0,Puck You

Kevin Boisvert,Benjamin Connolly,Christopher Farrugia,Michael Foran,Trevor Kenny,Nathan Mac Intosh,Jonathan MacIntyre,John McMulkin,Brian Mills,Carl Pawlowski,Robert Teare,David Valade,Kieran Young,Jason Annan
