District 5: Peewee Hockey,winter2010Contact,Ice Hockey: District 5: Peewee Hockey (All Star Contact)
7,6,6,1,1
Fri Jan 15 @ 9:00 pm,Columbia Icefield Arena,lost,2,4,0,Given’er Generals of Canada
Sun Jan 31 @ 11:00 pm,Columbia Icefield Arena,lost,2,4,2,HC Dynamo
Sat Feb 27 @ 5:00 pm,Columbia Icefield Arena,tie,1,1,3,Flint Michigan Tropics
Mon Mar 1 @ 10:00 pm,Columbia Icefield Arena,won,5,3,2,SJ Manthrax
Sun Mar 7 @ 1:00 pm,Columbia Icefield Arena,won,5,3,3,Team CanSkate
Sat Mar 13 @ 4:00 pm,Columbia Icefield Arena,lost,0,4,0,Labatt’s Blues
Sun Mar 21 @ 10:00 pm,Columbia Icefield Arena,lost,0,6,1,New Zealand All-Whites

Douglas Allingham,Ian Blackie,Zachary Hogg,Bryan Keogh,Ian King,Chet Kuchyt,Colin Little,Matthew Michael,Jeffrey Nguyen,Patrick Sandlak,Mark Smith,Evan Tomek,Cole McLay
