Easton Fection,winter2010Contact,Ice Hockey: Easton Fection (All Star Contact)
7,6,6,1,1
Fri Jan 15 @ 10:00 pm,Columbia Icefield Arena,won,3,0,avg.,Contact Indies 1
Sun Jan 17 @ 11:00 pm,Columbia Icefield Arena,lost,0,6,4,New Zealand All-Whites
Sat Jan 30 @ 7:00 pm,Columbia Icefield Arena,lost,0,6,4,Team CanSkate
Sat Feb 6 @ 4:00 pm,Columbia Icefield Arena,lost,4,7,3,Puck You
Sat Feb 27 @ 7:00 pm,Columbia Icefield Arena,won,4,1,3,Ex-Ringette Players
Sun Mar 14 @ 10:00 pm,Columbia Icefield Arena,lost,0,6,4,New Zealand All-Whites
Sat Mar 20 @ 2:00 pm,Columbia Icefield Arena,lost,0,3,-2,Flint Michigan Tropics

Steven Arnott,Andrew Farrugia,Bryan Germann,Samuel Huberman,Evan Koritko,Thomas Longo,Russell Mackay,Alexander Mackenzie,Michael McCauley,Michael Miniou,Jean-Samuel Rancourt,Matthew Twynstra,Dale Memering
