Given’er Generals of Canada,winter2010Contact,Ice Hockey: Given’er Generals of Canada (All Star Contact)
7,6,6,1,1
Fri Jan 15 @ 9:00 pm,Columbia Icefield Arena,won,4,2,0,District 5: Peewee Hockey
Thu Jan 21 @ 10:00 pm,Columbia Icefield Arena,lost,0,2,-2,Labatt’s Blues
Tue Feb 2 @ 10:00 pm,Columbia Icefield Arena,tie,3,3,3,HC Dynamo
Mon Feb 8 @ 11:00 pm,Columbia Icefield Arena,lost,0,2,-4,Labatt’s Blues
Mon Mar 1 @ 11:00 pm,Columbia Icefield Arena,won,6,1,4,Flint Michigan Tropics
Tue Mar 9 @ 11:00 pm,Columbia Icefield Arena,won,3,0,4,Contact Indies 1
Thu Mar 25 @ 11:00 pm,Columbia Icefield Arena,lost,2,3,1,HC Dynamo

Thomas Bryan,Adam De Sousa,Michael Demarco,John Glover,Michael Glover,Stephen Jones,Timothy Lawless,Stuart Milligan,John Ohashi,Adam Penny,Andrew Pequegnat,Dylan Powell,Douglas Smith,John Stuart,Scott Thompson
