Chicago Black Hawks,CBH,nhl
1962-63,1963
20
70
6
GP,Date,Time,Location,Opponent,GF,GA,Result,Game Ended In,W,L,T,Streak,Notes
1,1962-10-10,time unavailable,H,Toronto Maple Leafs,1,3,L,REG,0,1,0,L 1
2,1962-10-13,time unavailable,H,Detroit Red Wings,0,0,T,REG,0,1,1,T 1
3,1962-10-14,time unavailable,@,Boston Bruins,2,2,T,REG,0,1,2,T 2
4,1962-10-17,time unavailable,@,New York Rangers,5,1,W,REG,1,1,2,W 1
5,1962-10-20,time unavailable,@,Toronto Maple Leafs,1,3,L,REG,1,2,2,L 1
6,1962-10-21,time unavailable,@,Detroit Red Wings,1,3,L,REG,1,3,2,L 2
7,1962-10-23,time unavailable,H,Montreal Canadiens,4,4,T,REG,1,3,3,T 1
8,1962-10-27,time unavailable,@,Montreal Canadiens,3,2,W,REG,2,3,3,W 1
9,1962-10-28,time unavailable,@,New York Rangers,5,3,W,REG,3,3,3,W 2
10,1962-10-30,time unavailable,H,New York Rangers,5,3,W,REG,4,3,3,W 3
11,1962-11-01,time unavailable,@,Boston Bruins,4,2,W,REG,5,3,3,W 4
12,1962-11-04,time unavailable,@,Detroit Red Wings,1,3,L,REG,5,4,3,L 1
13,1962-11-07,time unavailable,H,Boston Bruins,3,3,T,REG,5,4,4,T 1
14,1962-11-10,time unavailable,@,Montreal Canadiens,3,1,W,REG,6,4,4,W 1
15,1962-11-11,time unavailable,H,Toronto Maple Leafs,3,5,L,REG,6,5,4,L 1
16,1962-11-14,time unavailable,H,Detroit Red Wings,4,2,W,REG,7,5,4,W 1
17,1962-11-17,time unavailable,@,New York Rangers,4,3,W,REG,8,5,4,W 2
18,1962-11-18,time unavailable,H,Montreal Canadiens,1,1,T,REG,8,5,5,T 1
19,1962-11-22,time unavailable,H,Toronto Maple Leafs,1,0,W,REG,9,5,5,W 1
20,1962-11-24,time unavailable,H,Detroit Red Wings,1,1,T,REG,9,5,6,T 1
21,1962-11-25,time unavailable,@,Detroit Red Wings,2,3,L,REG,9,6,6,L 1
22,1962-11-29,time unavailable,@,Boston Bruins,5,0,W,REG,10,6,6,W 1
23,1962-12-01,time unavailable,@,Montreal Canadiens,1,2,L,REG,10,7,6,L 1
24,1962-12-02,time unavailable,H,New York Rangers,5,1,W,REG,11,7,6,W 1
25,1962-12-05,time unavailable,H,Boston Bruins,5,4,W,REG,12,7,6,W 2
26,1962-12-08,time unavailable,@,Toronto Maple Leafs,1,1,T,REG,12,7,7,T 1
27,1962-12-09,time unavailable,H,Montreal Canadiens,2,1,W,REG,13,7,7,W 1
28,1962-12-12,time unavailable,H,New York Rangers,4,3,W,REG,14,7,7,W 2
29,1962-12-15,time unavailable,@,Detroit Red Wings,1,3,L,REG,14,8,7,L 1
30,1962-12-16,time unavailable,H,Toronto Maple Leafs,2,6,L,REG,14,9,7,L 2
31,1962-12-19,time unavailable,H,Boston Bruins,3,2,W,REG,15,9,7,W 1
32,1962-12-22,time unavailable,@,Montreal Canadiens,1,1,T,REG,15,9,8,T 1
33,1962-12-23,time unavailable,@,New York Rangers,3,1,W,REG,16,9,8,W 1
34,1962-12-25,time unavailable,H,Montreal Canadiens,0,6,L,REG,16,10,8,L 1
35,1962-12-29,time unavailable,@,Toronto Maple Leafs,1,1,T,REG,16,10,9,T 1
36,1962-12-30,time unavailable,H,Boston Bruins,4,2,W,REG,17,10,9,W 1
37,1963-01-01,time unavailable,H,Detroit Red Wings,4,2,W,REG,18,10,9,W 2
38,1963-01-06,time unavailable,H,Toronto Maple Leafs,1,5,L,REG,18,11,9,L 1
39,1963-01-09,time unavailable,@,Toronto Maple Leafs,3,1,W,REG,19,11,9,W 1
40,1963-01-10,time unavailable,@,Boston Bruins,4,5,L,REG,19,12,9,L 1
41,1963-01-12,time unavailable,H,New York Rangers,3,1,W,REG,20,12,9,W 1
42,1963-01-13,time unavailable,H,Montreal Canadiens,2,2,T,REG,20,12,10,T 1
43,1963-01-16,time unavailable,H,Boston Bruins,4,5,L,REG,20,13,10,L 1
44,1963-01-19,time unavailable,@,Toronto Maple Leafs,4,1,W,REG,21,13,10,W 1
45,1963-01-20,time unavailable,H,New York Rangers,6,2,W,REG,22,13,10,W 2
46,1963-01-23,time unavailable,@,New York Rangers,3,3,T,REG,22,13,11,T 1
47,1963-01-26,time unavailable,@,Detroit Red Wings,3,0,W,REG,23,13,11,W 1
48,1963-01-27,time unavailable,H,Montreal Canadiens,1,3,L,REG,23,14,11,L 1
49,1963-01-31,time unavailable,@,Boston Bruins,9,2,W,REG,24,14,11,W 1
50,1963-02-02,time unavailable,@,Montreal Canadiens,3,3,T,REG,24,14,12,T 1
51,1963-02-03,time unavailable,H,Toronto Maple Leafs,3,1,W,REG,25,14,12,W 1
52,1963-02-06,time unavailable,H,Detroit Red Wings,3,3,T,REG,25,14,13,T 1
53,1963-02-09,time unavailable,@,New York Rangers,3,3,T,REG,25,14,14,T 2
54,1963-02-10,time unavailable,H,New York Rangers,4,2,W,REG,26,14,14,W 1
55,1963-02-16,time unavailable,@,Montreal Canadiens,2,4,L,REG,26,15,14,L 1
56,1963-02-17,time unavailable,H,Boston Bruins,3,1,W,REG,27,15,14,W 1
57,1963-02-21,time unavailable,@,Detroit Red Wings,5,3,W,REG,28,15,14,W 2
58,1963-02-23,time unavailable,H,Detroit Red Wings,3,2,W,REG,29,15,14,W 3
59,1963-02-24,time unavailable,H,Boston Bruins,4,3,W,REG,30,15,14,W 4
60,1963-02-27,time unavailable,@,Toronto Maple Leafs,3,6,L,REG,30,16,14,L 1
61,1963-02-28,time unavailable,H,New York Rangers,1,6,L,REG,30,17,14,L 2
62,1963-03-03,time unavailable,H,Montreal Canadiens,2,2,T,REG,30,17,15,T 1
63,1963-03-06,time unavailable,@,New York Rangers,2,5,L,REG,30,18,15,L 1
64,1963-03-10,time unavailable,H,Toronto Maple Leafs,1,1,T,REG,30,18,16,T 1
65,1963-03-14,time unavailable,@,Boston Bruins,2,0,W,REG,31,18,16,W 1
66,1963-03-16,time unavailable,@,Toronto Maple Leafs,0,3,L,REG,31,19,16,L 1
67,1963-03-17,time unavailable,@,Detroit Red Wings,2,4,L,REG,31,20,16,L 2
68,1963-03-19,time unavailable,H,Detroit Red Wings,1,5,L,REG,31,21,16,L 3
69,1963-03-23,time unavailable,@,Montreal Canadiens,4,4,T,REG,31,21,17,T 1
70,1963-03-24,time unavailable,@,Boston Bruins,4,3,W,REG,32,21,17,W 1

GP,Date,Time,Location,Opponent,GF,GA,Result,Game Ended In,W,L,T,Streak,Notes
1,1963-03-26,time unavailable,H,Detroit Red Wings,5,4,W,REG,1,0,0,W 1
2,1963-03-28,time unavailable,H,Detroit Red Wings,5,2,W,REG,2,0,0,W 2
3,1963-03-31,time unavailable,@,Detroit Red Wings,2,4,L,REG,2,1,0,L 1
4,1963-04-02,time unavailable,@,Detroit Red Wings,1,4,L,REG,2,2,0,L 2
5,1963-04-04,time unavailable,H,Detroit Red Wings,2,4,L,REG,2,3,0,L 3
6,1963-04-07,time unavailable,@,Detroit Red Wings,4,7,L,REG,2,4,0,L 4

Murray Balfour,,8,RW,26,5-9,178,R/-,5,"August 24, 1936",ca,"10 G, 23 A, 33 P"
Denis DeJordy,,30,G,24,5-9,185,-/L,R,"November 12, 1938",ca,"2-1-2, 2.48 GAA"
Aut Erickson,,12,D,25,6-1,188,L/-,2,"January 25, 1938",ca,"0 G, 0 A, 0 P"
Jack Evans,,5,D,34,6-0,185,L/-,13,"April 21, 1928",gb,"0 G, 8 A, 8 P"
Reggie Fleming,,6,W/D,26,5-8,170,L/-,3,"April 21, 1936",ca,"7 G, 7 A, 14 P"
Glenn Hall,,1,G,31,5-11,180,-/L,9,"October 3, 1931",ca,"30-20-15, 2.47 GAA"
Bill Hay,,11,C,27,6-3,190,L/-,3,"December 9, 1935",ca,"12 G, 33 A, 45 P"
Wayne Hillman,,20,D,24,6-1,205,R/-,1,"November 13, 1938",ca,"3 G, 5 A, 8 P"
Bobby Hull,,7,LW,24,5-10,195,L/-,5,"January 3, 1939",ca,"31 G, 31 A, 62 P"
Len Lunde,,18,C,26,6-1,194,R/-,4,"November 13, 1936",ca,"6 G, 22 A, 28 P"
Al MacNeil,,19,D,27,5-10,183,L/-,5,"September 27, 1935",ca,"2 G, 19 A, 21 P"
Chico Maki,,16,RW,23,5-10,170,R/-,1,"August 17, 1939",ca,"7 G, 17 A, 24 P"
Ab McDonald,,14,LW,26,6-3,192,L/-,4,"February 18, 1936",ca,"20 G, 41 A, 61 P"
Stan Mikita,,21,RW,22,5-9,169,R/-,4,"May 20, 1940",cs,"31 G, 45 A, 76 P"
Ron Murphy,,10,LW,29,5-11,185,L/-,10,"April 10, 1933",ca,"18 G, 16 A, 34 P"
Eric Nesterenko,,15,C,29,6-2,197,R/-,11,"October 31, 1933",ca,"12 G, 15 A, 27 P"
Pierre Pilote,(C),3,D,31,5-10,178,L/-,7,"December 11, 1931",ca,"8 G, 18 A, 26 P"
Bob Turner,,2,D,29,6-0,170,L/-,7,"January 31, 1934",ca,"3 G, 3 A, 6 P"
Moose Vasko,,4,D,27,6-2,200,L/-,6,"December 11, 1935",ca,"4 G, 9 A, 13 P"
Kenny Wharram,,17,RW,29,5-9,160,R/-,7,"July 2, 1933",ca,"20 G, 18 A, 38 P"
