Rad’s Squad,winter2015,Ice Hockey: Rad’s Squad (Advanced)
8,6,6,2,2
Wed Jan 14 @ 11:00 pm,Columbia Icefield Arena,lost,0,4,3,Morning Sherwoods
Wed Jan 21 @ 10:00 pm,Columbia Icefield Arena,lost,1,3,3,Cher The Puck
Wed Feb 4 @ 11:00 pm,Columbia Icefield Arena,lost,1,3,3,Advanced Indies 03
Fri Mar 6 @ 11:00 pm,Columbia Icefield Arena,won,1,0,3,Priests with Wheels
Tue Mar 10 @ 10:00 pm,Columbia Icefield Arena,lost,0,6,3,Captain Strab and the Phorias
Sun Mar 15 @ 12:00 pm,Columbia Icefield Arena,lost,2,4,3,Debbie’s Dingleshow
Sun Mar 22 @ 11:00 pm,Columbia Icefield Arena,won,1,0,2,Advanced Indies 01
Thu Mar 26 @ 11:00 pm,Columbia Icefield Arena,lost,1,4,2,Kane Toads 4.0

Shannon Bennett,Sebastian Borsatti,Gavin Bradley,Colin Evans,Daniel Marcoccia,Aidan Oneil,Brandon Rad,Justin Trudell,Katherine Wade,Nicholas Lepp
