Cher The Puck,winter2015,Ice Hockey: Cher The Puck (Advanced)
7,6,6,1,1
Wed Jan 21 @ 10:00 pm,Columbia Icefield Arena,won,3,1,3,Rad’s Squad
Tue Jan 27 @ 11:00 pm,Columbia Icefield Arena,lost,4,7,3,Captain Strab and the Phorias
Sun Feb 8 @ 11:00 pm,Columbia Icefield Arena,won,4,0,3,Advanced Indies 03
Tue Feb 10 @ 11:00 pm,Columbia Icefield Arena,won,2,1,2,Priests with Wheels
Tue Feb 24 @ 9:00 pm,Columbia Icefield Arena,lost,0,5,3,Advanced Indies 02
Tue Mar 3 @ 10:00 pm,Columbia Icefield Arena,won,5,3,3,Mighty geese
Fri Mar 27 @ 7:00 pm,Columbia Icefield Arena,lost,2,7,2,Captain Strab and the Phorias

Adam Freeman,Thomas Huijbregts,Geoffrey Iwasa,Travis Jansen,Michael Kardash,Ryan Kinghorn,Alvin Le,Connor Nickelson,Mykal Reid,Zachary Schenk,Paul Socka,Yogaluxman Yogasegaran,Brett Young,Ian Fraser
