Kane Toads 4.0,winter2015,Ice Hockey: Kane Toads 4.0 (Advanced)
7,6,6,1,1
Mon Jan 19 @ 11:00 pm,Columbia Icefield Arena,lost,4,6,2,Soft Dumps in the Corner
Sun Feb 8 @ 10:00 pm,Columbia Icefield Arena,won,2,1,1,Fleury
Mon Feb 9 @ 11:00 pm,Columbia Icefield Arena,lost,5,7,2,Blades of Steel
Tue Mar 10 @ 11:00 pm,Columbia Icefield Arena,lost,4,7,3,Bendy Garden Gnomes
Thu Mar 12 @ 10:00 pm,Columbia Icefield Arena,won,7,3,3,Advanced Indies 01
Sat Mar 14 @ 5:00 pm,Columbia Icefield Arena,lost,2,3,2,Soft Dumps in the Corner
Thu Mar 26 @ 11:00 pm,Columbia Icefield Arena,won,4,1,2,Rad’s Squad

William Breen,Callum Gaskin,Benjamin Gerber,Luke Harrison,Connor Hicks,Michael Hucko,Anthony Lalingo,Michael McKerrall,Jacob Orlandi,Cole Roddick,Scott Ryall,Ryan Samyn,Cooper Sheridan,Michael Slegers,Alexander Wightman,Cameron Wilkinson,Adam Logan
