Mighty geese,winter2015,Ice Hockey: Mighty geese (Advanced)
7,6,6,1,1
Thu Jan 15 @ 10:00 pm,Columbia Icefield Arena,won,7,2,3,Debbie’s Dingleshow
Fri Jan 23 @ 9:00 pm,Columbia Icefield Arena,lost,2,3,3,Advanced Indies 02
Tue Jan 27 @ 10:00 pm,Columbia Icefield Arena,lost,0,5,2,G-Rebels
Sat Feb 7 @ 5:00 pm,Columbia Icefield Arena,won,3,0,avg.,Morning Sherwoods
Tue Mar 3 @ 10:00 pm,Columbia Icefield Arena,lost,3,5,3,Cher The Puck
Sat Mar 14 @ 2:00 pm,Columbia Icefield Arena,lost,2,8,3,Advanced Indies 03
Sat Mar 21 @ 4:00 pm,Columbia Icefield Arena,lost,0,3,-2,Advanced Indies 03

Dustin Bortoluzzi,Michael Fujiwara,Andrew Giannini,Caleb Jefferies,Lucas Krist,Brandyn McCarthy,Joshua Pickering,Joshua Pinter,Julian Rossi,Jesse Stremler,Jake Tennant,Bernadette Weaver,Brett Webster,Timothy Welch,Michael Mackenzie
