Blades of Steel,winter2015,Ice Hockey: Blades of Steel (Advanced)
7,6,6,1,1
Fri Jan 16 @ 8:00 pm,Columbia Icefield Arena,won,6,2,3,Bendy Garden Gnomes
Thu Jan 22 @ 10:00 pm,Columbia Icefield Arena,won,4,1,3,Fleury
Thu Feb 5 @ 11:00 pm,Columbia Icefield Arena,tie,3,3,2,Hurricane Heatley
Mon Feb 9 @ 11:00 pm,Columbia Icefield Arena,won,7,5,2,Kane Toads 4.0
Mon Mar 9 @ 11:00 pm,Columbia Icefield Arena,won,7,2,3,Advanced Indies 01
Wed Mar 11 @ 11:00 pm,Columbia Icefield Arena,won,4,3,3,Puckers
Tue Mar 24 @ 9:00 pm,Columbia Icefield Arena,lost,3,4,0,Priests with Wheels

Kristopher Beyer,Darin Bloemberg,Ryan Bradley,Alan Cudlip,Haydon Friesen,Robert Hicks,Scott Janssen,Benoit Lafleur,Angelica Lang,Colin McKinnon,Liana Tennant,Jonathan Thacker,Ben Norris
