Debbie’s Dingleshow,winter2015,Ice Hockey: Debbie’s Dingleshow (Advanced)
7,6,6,1,1
Thu Jan 15 @ 10:00 pm,Columbia Icefield Arena,lost,2,7,3,Mighty geese
Sun Jan 25 @ 11:00 pm,Columbia Icefield Arena,won,5,3,3,Advanced Indies 03
Wed Jan 28 @ 11:00 pm,Columbia Icefield Arena,won,6,5,3,Advanced Indies 02
Wed Mar 4 @ 10:00 pm,Columbia Icefield Arena,won,4,3,3,Advanced Indies 04
Thu Mar 12 @ 9:00 pm,Columbia Icefield Arena,lost,1,3,3,G-Rebels
Sun Mar 15 @ 12:00 pm,Columbia Icefield Arena,won,4,2,3,Rad’s Squad
Sun Mar 22 @ 10:00 pm,Columbia Icefield Arena,lost,2,7,-1,Hurricane Heatley

Jordan Daoust,Nicholas Fergusson,Tyler Macgillivray,Mathew Martin,Jordan Minos,Alexander Morrison,Ryan Murdoch,Edward Nevill,Shannon Riches,Nickolas Sarantakos,Paul Taillon,Adam Wendland,Joseph Spohn
