Priests with Wheels,winter2015,Ice Hockey: Priests with Wheels (Advanced)
8,6,6,2,2
Fri Jan 16 @ 6:00 pm,Columbia Icefield Arena,won,5,3,3,Advanced Indies 02
Sun Jan 18 @ 4:00 pm,Columbia Icefield Arena,tie,1,1,3,G-Rebels
Sat Feb 7 @ 4:00 pm,Columbia Icefield Arena,won,4,0,3,Captain Strab and the Phorias
Tue Feb 10 @ 11:00 pm,Columbia Icefield Arena,lost,1,2,3,Cher The Puck
Tue Mar 3 @ 9:00 pm,Columbia Icefield Arena,won,5,2,3,Advanced Indies 03
Fri Mar 6 @ 11:00 pm,Columbia Icefield Arena,lost,0,1,3,Rad’s Squad
Tue Mar 24 @ 9:00 pm,Columbia Icefield Arena,won,4,3,0,Blades of Steel
Sun Mar 29 @ 9:00 pm,Columbia Icefield Arena,lost,1,7,0,Captain Strab and the Phorias

Michael Born,Micah Brubaker-Zehr,Michelle Good,Kenneth Hildebrand,Jordan Hoskin,Mackenzie Huber,Kieran Klassen,Brett Kropf,Michael Kuurstra,Sypros Loukidelis,David Mamujee,Timothy Spadzinski,Matthew Steinman
