Morning Sherwoods,winter2015,Ice Hockey: Morning Sherwoods (Advanced)
7,6,6,1,1
Wed Jan 14 @ 11:00 pm,Columbia Icefield Arena,won,4,0,3,Rad’s Squad
Tue Jan 20 @ 8:00 pm,Columbia Icefield Arena,lost,0,5,3,G-Rebels
Fri Jan 23 @ 10:00 pm,Columbia Icefield Arena,lost,1,7,2,Captain Strab and the Phorias
Sat Feb 7 @ 5:00 pm,Columbia Icefield Arena,lost,0,3,-2,Mighty geese
Fri Mar 6 @ 10:00 pm,Columbia Icefield Arena,won,7,6,3,Advanced Indies 02
Sun Mar 15 @ 4:00 pm,Columbia Icefield Arena,lost,1,5,2,G-Rebels
Fri Mar 27 @ 8:00 pm,Columbia Icefield Arena,lost,0,4,1,Fleury

 ,Jack Butter,Matthew Cook,Matthieu Daoust,Marie-Elizabeth Duguay,Amar Gharial,Connor Haday,Cooper Karasek,Anthony Kubrak,Owen Mototsune,Jeremy Stimson
