Advanced Indies 03,winter2015,Ice Hockey: Advanced Indies 03 (Advanced)
9,6,6,3,3
Wed Jan 14 @ 10:00 pm,Columbia Icefield Arena,lost,1,7,3,Captain Strab and the Phorias
Sun Jan 25 @ 11:00 pm,Columbia Icefield Arena,lost,3,5,3,Debbie’s Dingleshow
Wed Feb 4 @ 11:00 pm,Columbia Icefield Arena,won,3,1,3,Rad’s Squad
Sun Feb 8 @ 11:00 pm,Columbia Icefield Arena,lost,0,4,3,Cher The Puck
Tue Mar 3 @ 9:00 pm,Columbia Icefield Arena,lost,2,5,3,Priests with Wheels
Sat Mar 14 @ 2:00 pm,Columbia Icefield Arena,won,8,2,3,Mighty geese
Sat Mar 21 @ 4:00 pm,Columbia Icefield Arena,won,3,0,0,Mighty geese
Mon Mar 23 @ 6:00 pm,Columbia Icefield Arena,won,6,0,2,Soft Dumps in the Corner
Tue Mar 31 @ 8:00 pm,Columbia Icefield Arena,won,3,2,2,Puckers

Matthew Frazer,Colin Hilliard,Daniel Koetsier,Aaron McCreight,Steven Norwood,Isaac Noyes,Colin Palmer,Scott Reid,Raman Sarvaria,Liam Teeple
