Montreal Canadiens,MTL,nhl
1951-52,1952
27
70
7,4
GP,Date,Time,Location,Opponent,GF,GA,Result,Game Ended In,W,L,T,Streak
1,1951-10-11,time unavailable,H,Chicago Black Hawks,4,2,W,REG,1,0,0,W 1
2,1951-10-13,time unavailable,H,Boston Bruins,1,2,L,REG,1,1,0,L 1
3,1951-10-14,time unavailable,@,Boston Bruins,4,3,W,REG,2,1,0,W 1
4,1951-10-18,time unavailable,H,New York Rangers,3,2,W,REG,3,1,0,W 2
5,1951-10-20,time unavailable,@,Detroit Red Wings,0,3,L,REG,3,2,0,L 1
6,1951-10-22,time unavailable,H,Detroit Red Wings,1,3,L,REG,3,3,0,L 2
7,1951-10-25,time unavailable,@,Chicago Black Hawks,2,2,T,REG,3,3,1,T 1
8,1951-10-28,time unavailable,@,New York Rangers,1,2,L,REG,3,4,1,L 1
9,1951-10-29,time unavailable,H,New York Rangers,6,1,W,REG,4,4,1,W 1
10,1951-10-31,time unavailable,@,Toronto Maple Leafs,0,1,L,REG,4,5,1,L 1
11,1951-11-01,time unavailable,H,Toronto Maple Leafs,2,4,L,REG,4,6,1,L 2
12,1951-11-03,time unavailable,H,Detroit Red Wings,2,3,L,REG,4,7,1,L 3
13,1951-11-08,time unavailable,H,Boston Bruins,4,2,W,REG,5,7,1,W 1
14,1951-11-10,time unavailable,H,Chicago Black Hawks,4,2,W,REG,6,7,1,W 2
15,1951-11-11,time unavailable,@,Detroit Red Wings,3,3,T,REG,6,7,2,T 1
16,1951-11-17,time unavailable,H,New York Rangers,3,2,W,REG,7,7,2,W 1
17,1951-11-18,time unavailable,@,Boston Bruins,3,3,T,REG,7,7,3,T 1
18,1951-11-22,time unavailable,@,Chicago Black Hawks,1,5,L,REG,7,8,3,L 1
19,1951-11-24,time unavailable,@,Toronto Maple Leafs,2,4,L,REG,7,9,3,L 2
20,1951-11-25,time unavailable,@,New York Rangers,1,2,L,REG,7,10,3,L 3
21,1951-11-29,time unavailable,H,Toronto Maple Leafs,5,1,W,REG,8,10,3,W 1
22,1951-12-01,time unavailable,H,Chicago Black Hawks,4,2,W,REG,9,10,3,W 2
23,1951-12-02,time unavailable,@,Boston Bruins,1,4,L,REG,9,11,3,L 1
24,1951-12-08,time unavailable,H,Detroit Red Wings,0,3,L,REG,9,12,3,L 2
25,1951-12-09,time unavailable,@,Detroit Red Wings,2,3,L,REG,9,13,3,L 3
26,1951-12-13,time unavailable,@,Chicago Black Hawks,1,1,T,REG,9,13,4,T 1
27,1951-12-15,time unavailable,H,Boston Bruins,3,1,W,REG,10,13,4,W 1
28,1951-12-16,time unavailable,@,Boston Bruins,4,2,W,REG,11,13,4,W 2
29,1951-12-19,time unavailable,@,New York Rangers,2,4,L,REG,11,14,4,L 1
30,1951-12-20,time unavailable,H,Toronto Maple Leafs,4,1,W,REG,12,14,4,W 1
31,1951-12-22,time unavailable,H,Chicago Black Hawks,5,1,W,REG,13,14,4,W 2
32,1951-12-23,time unavailable,@,Detroit Red Wings,0,4,L,REG,13,15,4,L 1
33,1951-12-26,time unavailable,@,Toronto Maple Leafs,3,2,W,REG,14,15,4,W 1
34,1951-12-29,time unavailable,H,New York Rangers,7,2,W,REG,15,15,4,W 2
35,1951-12-31,time unavailable,@,Detroit Red Wings,5,3,W,REG,16,15,4,W 3
36,1952-01-01,time unavailable,@,Chicago Black Hawks,3,0,W,REG,17,15,4,W 4
37,1952-01-03,time unavailable,H,Toronto Maple Leafs,3,1,W,REG,18,15,4,W 5
38,1952-01-05,time unavailable,H,Boston Bruins,2,3,L,REG,18,16,4,L 1
39,1952-01-12,time unavailable,H,Chicago Black Hawks,8,3,W,REG,19,16,4,W 1
40,1952-01-13,time unavailable,@,New York Rangers,2,2,T,REG,19,16,5,T 1
41,1952-01-17,time unavailable,H,Toronto Maple Leafs,2,2,T,REG,19,16,6,T 2
42,1952-01-19,time unavailable,H,Detroit Red Wings,0,4,L,REG,19,17,6,L 1
43,1952-01-20,time unavailable,@,Boston Bruins,1,2,L,REG,19,18,6,L 2
44,1952-01-23,time unavailable,@,Toronto Maple Leafs,4,2,W,REG,20,18,6,W 1
45,1952-01-24,time unavailable,@,Chicago Black Hawks,4,1,W,REG,21,18,6,W 2
46,1952-01-26,time unavailable,H,Boston Bruins,5,3,W,REG,22,18,6,W 3
47,1952-01-27,time unavailable,@,New York Rangers,5,3,W,REG,23,18,6,W 4
48,1952-01-31,time unavailable,H,New York Rangers,1,0,W,REG,24,18,6,W 5
49,1952-02-02,time unavailable,H,Detroit Red Wings,2,2,T,REG,24,18,7,T 1
50,1952-02-03,time unavailable,@,Boston Bruins,0,1,L,REG,24,19,7,L 1
51,1952-02-07,time unavailable,@,Detroit Red Wings,3,5,L,REG,24,20,7,L 2
52,1952-02-09,time unavailable,@,Toronto Maple Leafs,2,3,L,REG,24,21,7,L 3
53,1952-02-10,time unavailable,@,Chicago Black Hawks,3,2,W,REG,25,21,7,W 1
54,1952-02-14,time unavailable,H,Toronto Maple Leafs,3,1,W,REG,26,21,7,W 2
55,1952-02-16,time unavailable,H,New York Rangers,5,1,W,REG,27,21,7,W 3
56,1952-02-17,time unavailable,@,New York Rangers,2,3,L,REG,27,22,7,L 1
57,1952-02-21,time unavailable,H,Boston Bruins,3,3,T,REG,27,22,8,T 1
58,1952-02-23,time unavailable,H,Chicago Black Hawks,7,0,W,REG,28,22,8,W 1
59,1952-02-28,time unavailable,H,Detroit Red Wings,3,2,W,REG,29,22,8,W 2
60,1952-03-01,time unavailable,H,New York Rangers,3,1,W,REG,30,22,8,W 3
61,1952-03-02,time unavailable,@,Chicago Black Hawks,6,4,W,REG,31,22,8,W 4
62,1952-03-05,time unavailable,@,Toronto Maple Leafs,2,6,L,REG,31,23,8,L 1
63,1952-03-08,time unavailable,H,Chicago Black Hawks,4,4,T,REG,31,23,9,T 1
64,1952-03-09,time unavailable,@,New York Rangers,2,0,W,REG,32,23,9,W 1
65,1952-03-13,time unavailable,H,Toronto Maple Leafs,3,1,W,REG,33,23,9,W 2
66,1952-03-15,time unavailable,H,Boston Bruins,0,2,L,REG,33,24,9,L 1
67,1952-03-16,time unavailable,@,Boston Bruins,1,2,L,REG,33,25,9,L 2
68,1952-03-19,time unavailable,@,Toronto Maple Leafs,3,0,W,REG,34,25,9,W 1
69,1952-03-22,time unavailable,H,Detroit Red Wings,3,3,T,REG,34,25,10,T 1
70,1952-03-23,time unavailable,@,Detroit Red Wings,2,7,L,REG,34,26,10,L 1

GP,Date,Time,Location,Opponent,GF,GA,Result,Game Ended In,W,L,T,Streak
1,1952-03-25,time unavailable,H,Boston Bruins,5,1,W,REG,1,0,0,W 1
2,1952-03-27,time unavailable,H,Boston Bruins,4,0,W,REG,2,0,0,W 2
3,1952-03-30,time unavailable,@,Boston Bruins,1,4,L,REG,2,1,0,L 1
4,1952-04-01,time unavailable,@,Boston Bruins,2,3,L,REG,2,2,0,L 2
5,1952-04-03,time unavailable,H,Boston Bruins,0,1,L,REG,2,3,0,L 3
6,1952-04-06,time unavailable,@,Boston Bruins,3,2,W,2OT,3,3,0,W 1
7,1952-04-08,time unavailable,H,Boston Bruins,3,1,W,REG,4,3,0,W 2
8,1952-04-10,time unavailable,H,Detroit Red Wings,1,3,L,REG,4,4,0,L 1
9,1952-04-12,time unavailable,H,Detroit Red Wings,1,2,L,REG,4,5,0,L 2
10,1952-04-13,time unavailable,@,Detroit Red Wings,0,3,L,REG,4,6,0,L 3
11,1952-04-15,time unavailable,@,Detroit Red Wings,0,3,L,REG,4,7,0,L 4

Gene Achtymichuk,,11,C,19,5-11,170,L/-,R,"September 7, 1932",ca,"0 G, 0 A, 0 P"
Butch Bouchard,(C),3,D,32,6-2,205,R/-,10,"September 4, 1919",ca,"3 G, 9 A, 12 P"
Gerry Couture,,12,RW,26,6-2,185,R/-,6,"August 6, 1925",ca,"0 G, 1 A, 1 P"
Floyd Curry,,6,RW,26,5-11,174,R/-,3,"August 11, 1925",ca,"20 G, 18 A, 38 P"
Lorne Davis,,11-23,RW,21,5-11,190,R/-,R,"July 20, 1930",ca,"1 G, 1 A, 2 P"
Garry Edmundson,,23,LW,19,6-0,173,L/-,R,"May 6, 1932",ca,"0 G, 0 A, 0 P"
Bob Fryday,,23,RW,23,5-10,155,R/-,1,"December 5, 1928",ca,"0 G, 0 A, 0 P"
Dick Gamble,,8,LW,23,6-0,178,L/-,1,"November 16, 1928",ca,"23 G, 17 A, 40 P"
Bernie Geoffrion,,5,RW,20,5-9,166,R/-,1,"February 16, 1931",ca,"30 G, 24 A, 54 P"
Doug Harvey,,2,D,27,5-11,187,L/-,4,"December 19, 1924",ca,"6 G, 23 A, 29 P"
Tom Johnson,,10,D,23,6-0,180,L/-,2,"February 18, 1928",ca,"0 G, 7 A, 7 P"
Elmer Lach,,16,C,34,5-10,165,L/-,11,"January 22, 1918",ca,"15 G, 50 A, 65 P"
Ross Lowe,,4,D,23,6-2,180,R/-,2,"September 21, 1928",ca,"1 G, 5 A, 6 P"
Calum MacKay,,11,LW,25,5-10,178,L/-,4,"January 1, 1927",ca,"0 G, 1 A, 1 P"
Bud MacPherson,,21,D,24,6-4,200,L/-,2,"March 31, 1927",ca,"2 G, 1 A, 3 P"
Cliff Malone,,23,RW,26,5-10,155,R/-,R,"September 4, 1925",ca,"0 G, 0 A, 0 P"
Don Marshall,,23,C,19,5-10,160,L/-,R,"March 23, 1932",ca,"0 G, 0 A, 0 P"
Paul Masnick,,11-22-23,C,20,5-9,165,R/-,1,"April 14, 1931",ca,"1 G, 2 A, 3 P"
John McCormack,,17,C,26,6-0,185,L/-,4,"August 2, 1925",ca,"2 G, 10 A, 12 P"
Gerry McNeil,,1,G,25,5-7,155,-/L,3,"April 17, 1926",ca,"34-26-10, 2.34 GAA"
Paul Meger,,19-20,LW,22,5-7,160,L/-,1,"February 17, 1929",ca,"24 G, 18 A, 42 P"
Dickie Moore,,12,LW,21,5-10,168,L/-,R,"January 6, 1931",ca,"18 G, 15 A, 33 P"
Ken Mosdell,,18,C,29,6-1,170,L/-,8,"July 13, 1922",ca,"5 G, 11 A, 16 P"
Bert Olmstead,,15,LW,25,6-1,180,L/-,3,"September 4, 1926",ca,"7 G, 28 A, 35 P"
Billy Reay,,14,C,33,5-7,155,L/-,8,"August 21, 1918",ca,"7 G, 34 A, 41 P"
Maurice Richard,,9,RW,30,5-10,170,L/-,9,"August 4, 1921",ca,"27 G, 17 A, 44 P"
Dollard St. Laurent,,19,D,22,5-11,205,L/-,1,"May 12, 1929",ca,"3 G, 10 A, 13 P"
