New York Rangers,NYR,nhl
1951-52,1952
25
70
0
GP,Date,Time,Location,Opponent,GF,GA,Result,Game Ended In,W,L,T,Streak
1,1951-10-14,time unavailable,@,Chicago Black Hawks,2,3,L,REG,0,1,0,L 1
2,1951-10-18,time unavailable,@,Montreal Canadiens,2,3,L,REG,0,2,0,L 2
3,1951-10-20,time unavailable,@,Toronto Maple Leafs,3,2,W,REG,1,2,0,W 1
4,1951-10-21,time unavailable,@,Boston Bruins,1,1,T,REG,1,2,1,T 1
5,1951-10-24,time unavailable,H,Boston Bruins,1,3,L,REG,1,3,1,L 1
6,1951-10-28,time unavailable,H,Montreal Canadiens,2,1,W,REG,2,3,1,W 1
7,1951-10-29,time unavailable,@,Montreal Canadiens,1,6,L,REG,2,4,1,L 1
8,1951-11-01,time unavailable,@,Chicago Black Hawks,2,4,L,REG,2,5,1,L 2
9,1951-11-03,time unavailable,@,Toronto Maple Leafs,2,1,W,REG,3,5,1,W 1
10,1951-11-04,time unavailable,@,Detroit Red Wings,2,4,L,REG,3,6,1,L 1
11,1951-11-07,time unavailable,H,Detroit Red Wings,4,4,T,REG,3,6,2,T 1
12,1951-11-11,time unavailable,H,Chicago Black Hawks,3,2,W,REG,4,6,2,W 1
13,1951-11-14,time unavailable,H,Toronto Maple Leafs,2,2,T,REG,4,6,3,T 1
14,1951-11-17,time unavailable,@,Montreal Canadiens,2,3,L,REG,4,7,3,L 1
15,1951-11-18,time unavailable,H,Detroit Red Wings,2,5,L,REG,4,8,3,L 2
16,1951-11-21,time unavailable,H,Boston Bruins,3,3,T,REG,4,8,4,T 1
17,1951-11-22,time unavailable,@,Detroit Red Wings,1,2,L,REG,4,9,4,L 1
18,1951-11-25,time unavailable,H,Montreal Canadiens,2,1,W,REG,5,9,4,W 1
19,1951-11-27,time unavailable,@,Boston Bruins,1,1,T,REG,5,9,5,T 1
20,1951-11-28,time unavailable,H,Chicago Black Hawks,6,3,W,REG,6,9,5,W 1
21,1951-12-01,time unavailable,@,Toronto Maple Leafs,2,8,L,REG,6,10,5,L 1
22,1951-12-02,time unavailable,@,Chicago Black Hawks,4,6,L,REG,6,11,5,L 2
23,1951-12-05,time unavailable,H,Boston Bruins,2,3,L,REG,6,12,5,L 3
24,1951-12-09,time unavailable,H,Toronto Maple Leafs,7,2,W,REG,7,12,5,W 1
25,1951-12-11,time unavailable,@,Boston Bruins,2,4,L,REG,7,13,5,L 1
26,1951-12-12,time unavailable,H,Boston Bruins,6,3,W,REG,8,13,5,W 1
27,1951-12-15,time unavailable,@,Toronto Maple Leafs,1,4,L,REG,8,14,5,L 1
28,1951-12-16,time unavailable,H,Detroit Red Wings,1,3,L,REG,8,15,5,L 2
29,1951-12-19,time unavailable,H,Montreal Canadiens,4,2,W,REG,9,15,5,W 1
30,1951-12-23,time unavailable,H,Chicago Black Hawks,3,2,W,REG,10,15,5,W 2
31,1951-12-25,time unavailable,@,Detroit Red Wings,1,2,L,REG,10,16,5,L 1
32,1951-12-26,time unavailable,H,Detroit Red Wings,1,0,W,REG,11,16,5,W 1
33,1951-12-29,time unavailable,@,Montreal Canadiens,2,7,L,REG,11,17,5,L 1
34,1951-12-30,time unavailable,H,Toronto Maple Leafs,2,2,T,REG,11,17,6,T 1
35,1952-01-01,time unavailable,@,Boston Bruins,4,2,W,REG,12,17,6,W 1
36,1952-01-02,time unavailable,H,Detroit Red Wings,1,0,W,REG,13,17,6,W 2
37,1952-01-06,time unavailable,H,Chicago Black Hawks,3,2,W,REG,14,17,6,W 3
38,1952-01-09,time unavailable,H,Toronto Maple Leafs,1,2,L,REG,14,18,6,L 1
39,1952-01-10,time unavailable,@,Detroit Red Wings,2,5,L,REG,14,19,6,L 2
40,1952-01-13,time unavailable,H,Montreal Canadiens,2,2,T,REG,14,19,7,T 1
41,1952-01-16,time unavailable,H,Chicago Black Hawks,4,6,L,REG,14,20,7,L 1
42,1952-01-17,time unavailable,@,Chicago Black Hawks,6,6,T,REG,14,20,8,T 1
43,1952-01-20,time unavailable,@,Detroit Red Wings,3,2,W,REG,15,20,8,W 1
44,1952-01-22,time unavailable,@,Boston Bruins,3,3,T,REG,15,20,9,T 1
45,1952-01-26,time unavailable,@,Toronto Maple Leafs,3,3,T,REG,15,20,10,T 2
46,1952-01-27,time unavailable,H,Montreal Canadiens,3,5,L,REG,15,21,10,L 1
47,1952-01-31,time unavailable,@,Montreal Canadiens,0,1,L,REG,15,22,10,L 2
48,1952-02-03,time unavailable,@,Detroit Red Wings,3,4,L,REG,15,23,10,L 3
49,1952-02-07,time unavailable,@,Chicago Black Hawks,3,1,W,REG,16,23,10,W 1
50,1952-02-09,time unavailable,@,Boston Bruins,4,2,W,REG,17,23,10,W 2
51,1952-02-10,time unavailable,H,Toronto Maple Leafs,3,4,L,REG,17,24,10,L 1
52,1952-02-13,time unavailable,H,Boston Bruins,6,2,W,REG,18,24,10,W 1
53,1952-02-16,time unavailable,@,Montreal Canadiens,1,5,L,REG,18,25,10,L 1
54,1952-02-17,time unavailable,H,Montreal Canadiens,3,2,W,REG,19,25,10,W 1
55,1952-02-19,time unavailable,@,Toronto Maple Leafs,3,3,T,REG,19,25,11,T 1
56,1952-02-20,time unavailable,H,Detroit Red Wings,1,1,T,REG,19,25,12,T 2
57,1952-02-24,time unavailable,H,Boston Bruins,5,2,W,REG,20,25,12,W 1
58,1952-02-27,time unavailable,H,Toronto Maple Leafs,1,3,L,REG,20,26,12,L 1
59,1952-02-28,time unavailable,@,Chicago Black Hawks,2,2,T,REG,20,26,13,T 1
60,1952-03-01,time unavailable,@,Montreal Canadiens,1,3,L,REG,20,27,13,L 1
61,1952-03-02,time unavailable,H,Detroit Red Wings,4,6,L,REG,20,28,13,L 2
62,1952-03-04,time unavailable,@,Boston Bruins,1,4,L,REG,20,29,13,L 3
63,1952-03-06,time unavailable,@,Chicago Black Hawks,5,3,W,REG,21,29,13,W 1
64,1952-03-09,time unavailable,H,Montreal Canadiens,0,2,L,REG,21,30,13,L 1
65,1952-03-12,time unavailable,H,Chicago Black Hawks,10,2,W,REG,22,30,13,W 1
66,1952-03-15,time unavailable,@,Toronto Maple Leafs,2,5,L,REG,22,31,13,L 1
67,1952-03-16,time unavailable,H,Toronto Maple Leafs,2,4,L,REG,22,32,13,L 2
68,1952-03-19,time unavailable,H,Boston Bruins,6,4,W,REG,23,32,13,W 1
69,1952-03-20,time unavailable,@,Detroit Red Wings,3,7,L,REG,23,33,13,L 1
70,1952-03-23,time unavailable,H,Chicago Black Hawks,6,7,L,REG,23,34,13,L 2

Time,Location,Result,Game Ended In

Lloyd Ailsby,,17,D,34,5-11,194,L/-,R,"May 11, 1917",ca,"0 G, 0 A, 0 P"
Lorne Anderson,,1,G,20,5-11,166,-/R,R,"July 26, 1931",ca,"1-2-0, 6.00 GAA"
Hy Buller,,4,D,25,5-11,183,L/-,2,"March 15, 1926",ca,"12 G, 23 A, 35 P"
Jim Conacher,,15,C,30,5-10,155,L/-,6,"May 5, 1921",gb,"0 G, 1 A, 1 P"
Herb Dickenson,,14,LW,20,5-11,175,L/-,R,"June 11, 1931",ca,"14 G, 13 A, 27 P"
Frank Eddolls,(C),2,D,30,5-8,180,L/-,7,"July 5, 1921",ca,"3 G, 5 A, 8 P"
Jack Evans,,3,D,23,6-0,185,L/-,3,"April 21, 1928",gb,"1 G, 6 A, 7 P"
Emile Francis,,1,G,25,5-6,145,-/L,5,"September 13, 1926",ca,"4-7-3, 3.00 GAA"
Wally Hergesheimer,,18,RW,25,5-8,155,R/-,R,"January 8, 1927",ca,"26 G, 12 A, 38 P"
Stephen Kraftcheck,,6,D,22,5-11,190,R/-,1,"March 3, 1929",ca,"8 G, 9 A, 17 P"
Eddie Kullman,,19,RW,28,5-7,165,R/-,3,"December 12, 1923",ca,"11 G, 10 A, 21 P"
Edgar Laprade,,10,C,32,5-8,160,R/-,6,"October 10, 1919",ca,"9 G, 29 A, 38 P"
Clare Martin,,17,D,29,5-11,180,R/-,5,"February 25, 1922",ca,"0 G, 1 A, 1 P"
Jackie McLeod,,12,RW,21,5-9,150,R/-,2,"April 30, 1930",ca,"2 G, 3 A, 5 P"
Nick Mickoski,,11,LW,24,6-1,183,L/-,3,"December 7, 1927",ca,"7 G, 13 A, 20 P"
Don Raleigh,,7,C,25,5-11,150,L/-,5,"June 27, 1926",ca,"19 G, 42 A, 61 P"
Chuck Rayner,,1,G,31,5-11,190,-/L,8,"August 11, 1920",ca,"18-25-10, 3.00 GAA"
Paul Ronty,,9,C,23,6-0,160,L/-,4,"June 12, 1928",ca,"12 G, 31 A, 43 P"
Jim Ross,,15,D,25,6-3,185,R/-,R,"May 20, 1926",gb,"2 G, 9 A, 11 P"
Reg Sinclair,,21,RW,26,6-0,165,R/-,1,"March 6, 1925",ca,"20 G, 10 A, 30 P"
Ed Slowinski,,20,LW,29,5-11,195,R/-,4,"November 18, 1922",ca,"21 G, 22 A, 43 P"
Allan Stanley,(C),8,D,25,6-1,170,L/-,3,"March 1, 1926",ca,"5 G, 14 A, 19 P"
Gaye Stewart,,16,LW,28,5-11,175,L/-,7,"June 23, 1923",ca,"15 G, 25 A, 40 P"
Jack Stoddard,,13,RW,25,6-3,185,R/-,R,"September 26, 1926",ca,"4 G, 2 A, 6 P"
Zellio Toppazzini,,12,RW,22,5-11,180,R/-,3,"January 5, 1930",ca,"1 G, 1 A, 2 P"
