Toronto Maple Leafs,TOR,nhl
1951-52,1952
29
70
4
GP,Date,Time,Location,Opponent,GF,GA,Result,Game Ended In,W,L,T,Streak
1,1951-10-13,time unavailable,H,Chicago Black Hawks,1,3,L,REG,0,1,0,L 1
2,1951-10-14,time unavailable,@,Detroit Red Wings,3,2,W,REG,1,1,0,W 1
3,1951-10-17,time unavailable,H,Boston Bruins,4,2,W,REG,2,1,0,W 2
4,1951-10-20,time unavailable,H,New York Rangers,2,3,L,REG,2,2,0,L 1
5,1951-10-21,time unavailable,@,Chicago Black Hawks,1,1,T,REG,2,2,1,T 1
6,1951-10-27,time unavailable,H,Detroit Red Wings,1,2,L,REG,2,3,1,L 1
7,1951-10-29,time unavailable,@,Detroit Red Wings,2,2,T,REG,2,3,2,T 1
8,1951-10-31,time unavailable,H,Montreal Canadiens,1,0,W,REG,3,3,2,W 1
9,1951-11-01,time unavailable,@,Montreal Canadiens,4,2,W,REG,4,3,2,W 2
10,1951-11-03,time unavailable,H,New York Rangers,1,2,L,REG,4,4,2,L 1
11,1951-11-07,time unavailable,H,Chicago Black Hawks,1,0,W,REG,5,4,2,W 1
12,1951-11-08,time unavailable,@,Chicago Black Hawks,3,1,W,REG,6,4,2,W 2
13,1951-11-10,time unavailable,H,Detroit Red Wings,3,3,T,REG,6,4,3,T 1
14,1951-11-11,time unavailable,@,Boston Bruins,1,1,T,REG,6,4,4,T 2
15,1951-11-14,time unavailable,@,New York Rangers,2,2,T,REG,6,4,5,T 3
16,1951-11-17,time unavailable,H,Boston Bruins,1,1,T,REG,6,4,6,T 4
17,1951-11-18,time unavailable,@,Chicago Black Hawks,0,1,L,REG,6,5,6,L 1
18,1951-11-21,time unavailable,H,Chicago Black Hawks,5,1,W,REG,7,5,6,W 1
19,1951-11-24,time unavailable,H,Montreal Canadiens,4,2,W,REG,8,5,6,W 2
20,1951-11-25,time unavailable,@,Boston Bruins,4,1,W,REG,9,5,6,W 3
21,1951-11-29,time unavailable,@,Montreal Canadiens,1,5,L,REG,9,6,6,L 1
22,1951-12-01,time unavailable,H,New York Rangers,8,2,W,REG,10,6,6,W 1
23,1951-12-02,time unavailable,@,Detroit Red Wings,2,1,W,REG,11,6,6,W 2
24,1951-12-05,time unavailable,H,Detroit Red Wings,2,2,T,REG,11,6,7,T 1
25,1951-12-08,time unavailable,H,Chicago Black Hawks,3,1,W,REG,12,6,7,W 1
26,1951-12-09,time unavailable,@,New York Rangers,2,7,L,REG,12,7,7,L 1
27,1951-12-13,time unavailable,@,Detroit Red Wings,1,3,L,REG,12,8,7,L 2
28,1951-12-15,time unavailable,H,New York Rangers,4,1,W,REG,13,8,7,W 1
29,1951-12-16,time unavailable,@,Chicago Black Hawks,3,4,L,REG,13,9,7,L 1
30,1951-12-20,time unavailable,@,Montreal Canadiens,1,4,L,REG,13,10,7,L 2
31,1951-12-22,time unavailable,H,Boston Bruins,3,2,W,REG,14,10,7,W 1
32,1951-12-23,time unavailable,@,Boston Bruins,2,4,L,REG,14,11,7,L 1
33,1951-12-26,time unavailable,H,Montreal Canadiens,2,3,L,REG,14,12,7,L 2
34,1951-12-29,time unavailable,H,Boston Bruins,4,0,W,REG,15,12,7,W 1
35,1951-12-30,time unavailable,@,New York Rangers,2,2,T,REG,15,12,8,T 1
36,1952-01-03,time unavailable,@,Montreal Canadiens,1,3,L,REG,15,13,8,L 1
37,1952-01-05,time unavailable,H,Chicago Black Hawks,2,1,W,REG,16,13,8,W 1
38,1952-01-09,time unavailable,@,New York Rangers,2,1,W,REG,17,13,8,W 2
39,1952-01-12,time unavailable,H,Detroit Red Wings,5,3,W,REG,18,13,8,W 3
40,1952-01-13,time unavailable,@,Detroit Red Wings,1,2,L,REG,18,14,8,L 1
41,1952-01-15,time unavailable,@,Boston Bruins,1,0,W,REG,19,14,8,W 1
42,1952-01-17,time unavailable,@,Montreal Canadiens,2,2,T,REG,19,14,9,T 1
43,1952-01-19,time unavailable,H,Boston Bruins,6,2,W,REG,20,14,9,W 1
44,1952-01-20,time unavailable,@,Chicago Black Hawks,3,1,W,REG,21,14,9,W 2
45,1952-01-23,time unavailable,H,Montreal Canadiens,2,4,L,REG,21,15,9,L 1
46,1952-01-24,time unavailable,@,Detroit Red Wings,2,2,T,REG,21,15,10,T 1
47,1952-01-26,time unavailable,H,New York Rangers,3,3,T,REG,21,15,11,T 2
48,1952-01-27,time unavailable,@,Boston Bruins,3,0,W,REG,22,15,11,W 1
49,1952-02-02,time unavailable,H,Boston Bruins,1,1,T,REG,22,15,12,T 1
50,1952-02-03,time unavailable,@,Chicago Black Hawks,1,3,L,REG,22,16,12,L 1
51,1952-02-09,time unavailable,H,Montreal Canadiens,3,2,W,REG,23,16,12,W 1
52,1952-02-10,time unavailable,@,New York Rangers,4,3,W,REG,24,16,12,W 2
53,1952-02-13,time unavailable,H,Detroit Red Wings,1,3,L,REG,24,17,12,L 1
54,1952-02-14,time unavailable,@,Montreal Canadiens,1,3,L,REG,24,18,12,L 2
55,1952-02-16,time unavailable,H,Chicago Black Hawks,2,2,T,REG,24,18,13,T 1
56,1952-02-19,time unavailable,H,New York Rangers,3,3,T,REG,24,18,14,T 2
57,1952-02-21,time unavailable,@,Chicago Black Hawks,1,5,L,REG,24,19,14,L 1
58,1952-02-23,time unavailable,H,Detroit Red Wings,1,3,L,REG,24,20,14,L 2
59,1952-02-27,time unavailable,@,New York Rangers,3,1,W,REG,25,20,14,W 1
60,1952-03-01,time unavailable,H,Boston Bruins,1,1,T,REG,25,20,15,T 1
61,1952-03-02,time unavailable,@,Boston Bruins,2,2,T,REG,25,20,16,T 2
62,1952-03-05,time unavailable,H,Montreal Canadiens,6,2,W,REG,26,20,16,W 1
63,1952-03-08,time unavailable,H,Detroit Red Wings,6,3,W,REG,27,20,16,W 2
64,1952-03-09,time unavailable,@,Detroit Red Wings,1,6,L,REG,27,21,16,L 1
65,1952-03-13,time unavailable,@,Montreal Canadiens,1,3,L,REG,27,22,16,L 2
66,1952-03-15,time unavailable,H,New York Rangers,5,2,W,REG,28,22,16,W 1
67,1952-03-16,time unavailable,@,New York Rangers,4,2,W,REG,29,22,16,W 2
68,1952-03-19,time unavailable,H,Montreal Canadiens,0,3,L,REG,29,23,16,L 1
69,1952-03-22,time unavailable,H,Chicago Black Hawks,2,3,L,REG,29,24,16,L 2
70,1952-03-23,time unavailable,@,Boston Bruins,2,4,L,REG,29,25,16,L 3

GP,Date,Time,Location,Opponent,GF,GA,Result,Game Ended In,W,L,T,Streak
1,1952-03-25,time unavailable,@,Detroit Red Wings,0,3,L,REG,0,1,0,L 1
2,1952-03-27,time unavailable,@,Detroit Red Wings,0,1,L,REG,0,2,0,L 2
3,1952-03-29,time unavailable,H,Detroit Red Wings,2,6,L,REG,0,3,0,L 3
4,1952-04-01,time unavailable,H,Detroit Red Wings,1,3,L,REG,0,4,0,L 4

George Armstrong,,15-20,RW,21,6-1,184,R/-,1,"July 6, 1930",ca,"3 G, 3 A, 6 P"
Earl Balfour,,25,LW,19,6-1,180,L/-,R,"January 4, 1933",ca,"0 G, 0 A, 0 P"
Max Bentley,,7,C,31,5-10,155,L/-,9,"March 1, 1920",ca,"24 G, 17 A, 41 P"
Leo Boivin,,16,D,19,5-8,183,L/-,R,"August 2, 1932",ca,"0 G, 1 A, 1 P"
Hugh Bolton,,20,D,22,6-3,186,L/-,2,"April 15, 1929",ca,"3 G, 13 A, 16 P"
Turk Broda,,1,G,37,5-9,180,-/L,13,"May 15, 1914",ca,"0-1-0, 6.00 GAA"
Fern Flaman,,12,D,25,5-10,190,R/-,7,"January 25, 1927",ca,"0 G, 7 A, 7 P"
Cal Gardner,,17,C,27,6-1,172,L/-,6,"October 30, 1924",ca,"15 G, 26 A, 41 P"
Tim Horton,,16,D,22,5-10,180,R/-,1,"January 12, 1930",ca,"0 G, 0 A, 0 P"
Bill Juzda,,18,D,31,5-9,190,R/-,8,"October 29, 1920",ca,"1 G, 4 A, 5 P"
Ted Kennedy,(C),10,C,26,5-10,170,R/-,9,"December 12, 1925",ca,"19 G, 33 A, 52 P"
Joe Klukay,,19,LW,29,6-0,182,L/-,5,"November 6, 1922",ca,"4 G, 8 A, 12 P"
Danny Lewicki,,21,LW,20,5-8,147,L/-,1,"March 12, 1931",ca,"4 G, 9 A, 13 P"
Fleming MacKell,,16,C,22,5-7,156,L/-,4,"April 30, 1929",ca,"2 G, 8 A, 10 P"
Frank Mathers,,20,D,27,6-1,182,L/-,2,"March 29, 1924",ca,"0 G, 0 A, 0 P"
John McLellan,,14,C,23,5-11,150,L/-,R,"August 6, 1928",ca,"0 G, 0 A, 0 P"
Howie Meeker,,15,RW,27,5-9,165,R/-,5,"November 4, 1924",ca,"9 G, 14 A, 23 P"
Rudy Migay,,14,C,23,5-6,150,L/-,1,"November 18, 1928",ca,"2 G, 1 A, 3 P"
Jim Morrison,,24,D,20,5-10,183,L/-,R,"October 11, 1931",ca,"0 G, 1 A, 1 P"
Gus Mortson,,3,D,27,5-11,190,L/-,5,"January 24, 1925",ca,"1 G, 10 A, 11 P"
Eric Nesterenko,,25,RW,18,6-2,197,R/-,R,"October 31, 1933",ca,"0 G, 0 A, 0 P"
Al Rollins,,23,G,25,6-2,175,-/L,2,"October 9, 1926",ca,"29-24-16, 2.22 GAA"
Bob Sabourin,,16,LW,18,5-9,177,L/-,R,"March 17, 1933",ca,"0 G, 0 A, 0 P"
Tod Sloan,,11,RW,24,5-10,152,R/-,3,"November 30, 1927",ca,"25 G, 23 A, 48 P"
Sid Smith,,8,LW,26,5-10,173,L/-,5,"July 11, 1925",ca,"27 G, 30 A, 57 P"
Bob Solinger,,25,RW,26,5-9,170,L/-,R,"December 23, 1925",ca,"5 G, 3 A, 8 P"
Jimmy Thomson,,2,D,24,5-11,175,R/-,6,"February 23, 1927",ca,"0 G, 25 A, 25 P"
Ray Timgren,,22,LW,23,5-9,150,L/-,3,"September 29, 1928",ca,"2 G, 4 A, 6 P"
Harry Watson,,4,LW,28,6-1,207,L/-,8,"May 6, 1923",ca,"22 G, 17 A, 39 P"
