Danglers,winter2013,Ice Hockey: Danglers (Advanced)
7,6,6,1,1
Fri Jan 18 @ 8:00 pm,Columbia Icefield Arena,won,2,1,3,Jagr Bombs
Sat Jan 26 @ 10:00 pm,Columbia Icefield Arena,tie,1,1,3,Pharmacy Puckers
Sat Feb 2 @ 8:00 pm,Columbia Icefield Arena,tie,2,2,2,Advanced Indies 3
Fri Mar 8 @ 7:00 pm,Columbia Icefield Arena,won,1,0,3,Multiple Scorgasms
Sat Mar 9 @ 10:00 am,Columbia Icefield Arena,won,3,0,avg.,Hejduk-en!
Fri Mar 15 @ 6:00 pm,Columbia Icefield Arena,won,3,1,1,MaCIVE Sticks
Thu Mar 21 @ 11:00 pm,Columbia Icefield Arena,lost,2,3,0,Blades of Steel

Derek Ditner,Michael Goldring,Kevin Goorts,Clark Hannon,Benjamin Koeslag,Matthew Kritzer,Nicholas Marko,Christopher McGuire,Kyle Parks,Corey St-Laurent,Isaac Wilkinson,James Wilton,Travis Burnside
