We’re Still Locked Out,winter2013,Ice Hockey: We’re Still Locked Out (Advanced)
8,6,6,2,2
Wed Jan 23 @ 10:00 pm,Columbia Icefield Arena,won,4,1,2,Let’s Puck It
Tue Jan 29 @ 11:00 pm,Columbia Icefield Arena,won,1,0,1,The Eh-Team
Thu Feb 7 @ 9:00 pm,Columbia Icefield Arena,tie,3,3,1,Scissor Me Timbers
Mon Feb 11 @ 11:00 pm,Columbia Icefield Arena,won,6,0,2,Let’s Puck It
Sat Mar 16 @ 6:00 pm,Columbia Icefield Arena,lost,3,4,3,Kane Toads
Sun Mar 17 @ 3:00 pm,Columbia Icefield Arena,lost,1,3,2,Ducks
Sun Mar 24 @ 9:00 pm,Columbia Icefield Arena,won,4,3,0,MaCIVE Sticks
Wed Apr 3 @ 10:00 pm,Columbia Icefield Arena,lost,2,8,0,Jagr Bombs

Matt Berardocco,Bryan Emonts,Jordan Farag,Peter Francis,Jeffrey Goeree,Benjamin Hobers,Jeffrey Hodgson,Nathan Hufnagel,Eric Kessel,Eric Lee,William Murdoch,Colin Phipps,Jonathan Templin,William Francis
