Advanced Indies 1,winter2013,Ice Hockey: Advanced Indies 1 (Advanced)
8,6,6,2,2
Sat Jan 19 @ 8:00 pm,Columbia Icefield Arena,lost,2,8,3,Romneys Mitts
Sat Jan 26 @ 11:00 pm,Columbia Icefield Arena,lost,1,7,2,Pimpin’ Ain’t Parise
Sat Feb 9 @ 12:00 pm,Columbia Icefield Arena,tie,0,0,-2,Jagr Bombs
Sat Mar 9 @ 11:00 am,Columbia Icefield Arena,lost,0,5,2,Pharmacy Puckers
Sat Mar 16 @ 12:00 pm,Columbia Icefield Arena,lost,3,9,4,Multiple Scorgasms
Sun Mar 17 @ 1:00 pm,Columbia Icefield Arena,lost,2,7,3,MaCIVE Sticks
Sat Mar 23 @ 9:00 pm,Columbia Icefield Arena,won,5,3,0,Hejduk-en!
Sat Apr 6 @ 1:00 pm,Columbia Icefield Arena,won,8,7,0,Let’s Puck It

Matthew Courtney,Ian Dimock,Jarrett Gray,Aly Haji,Tyler Harper,Caleb Marks,John Mazenauer,Sheldon McGinn,Alexander McMaster,Nicholas Moxam,Isaac Noyes,Oliver Sun,Jeffrey Watchorn
