Advanced Indies 2,winter2013,Ice Hockey: Advanced Indies 2 (Advanced)
7,6,6,1,1
Tue Jan 15 @ 9:00 pm,Columbia Icefield Arena,lost,1,6,3,Ducks
Mon Jan 28 @ 11:00 pm,Columbia Icefield Arena,lost,1,6,2,Blades of Steel
Tue Feb 12 @ 9:00 pm,Columbia Icefield Arena,lost,0,5,3,The Delta Force
Mon Mar 4 @ 11:00 pm,Columbia Icefield Arena,lost,3,7,3,The Eh-Team
Mon Mar 11 @ 11:00 pm,Columbia Icefield Arena,lost,0,6,3,Scissor Me Timbers
Thu Mar 14 @ 9:00 pm,Columbia Icefield Arena,lost,3,7,2,Let’s Puck It
Mon Mar 25 @ 11:00 pm,Columbia Icefield Arena,lost,2,3,0,Let’s Puck It

Braxtin Da Roza,Edward Dawley,Claire Diffey,Ian Duncan,Bradley Hodge,Travis Kerr,Brent Malecki,Jessie Medeiros,Catherine Mezenberg,Kathryn Roy,Sebastian Slaman,Diane Snobelen,Cameron White,Bradley Wolff
