North Stars,fall2013,Ice Hockey: North Stars (All Star)
8,6,6,2,2
Sun Sep 29 @ 11:00 pm,Columbia Icefield Arena,won,4,2,3,Sharp Dressed Men
Sun Oct 6 @ 10:00 pm,Columbia Icefield Arena,won,7,4,3,All-Star Indies 2
Thu Oct 17 @ 10:00 pm,Columbia Icefield Arena,lost,2,3,1,Team Mike Lalande
Sun Oct 27 @ 9:00 pm,Columbia Icefield Arena,lost,3,6,4,Worriers
Thu Nov 7 @ 9:00 pm,Columbia Icefield Arena,lost,1,7,2,The Sam Auoras
Sun Nov 10 @ 9:00 pm,Columbia Icefield Arena,won,3,2,3,Worriers
Sun Nov 17 @ 10:00 pm,Columbia Icefield Arena,won,3,2,2,Sharp Dressed Men
Tue Nov 26 @ 10:00 pm,Columbia Icefield Arena,lost,0,4,1,The Sam Auoras

Thomas Black,Brett Bullen,Joshua Dlugokecki,Zakary Duench,Bradley Durrer,Joel Janssen,Travis Kelly,Bradley Latchford,Simon Meulendyk,Corey Moore,Michael Rolfe,Robert Watson,Mitchell Addison
