DNS Ducks,fall2013,Ice Hockey: DNS Ducks (All Star)
8,6,6,2,2
Tue Oct 1 @ 11:00 pm,Columbia Icefield Arena,lost,1,5,1,The Sam Auoras
Sun Oct 6 @ 11:00 pm,Columbia Icefield Arena,won,6,5,0,Stacked Like Pancakes
Tue Oct 15 @ 10:00 pm,Columbia Icefield Arena,won,8,2,3,All-Star Indies 1
Tue Oct 22 @ 10:00 pm,Columbia Icefield Arena,won,4,3,0,Team Mike Lalande
Sun Nov 3 @ 10:00 pm,Columbia Icefield Arena,won,6,0,2,Stacked Like Pancakes
Sat Nov 9 @ 2:00 pm,Columbia Icefield Arena,won,7,1,2,Sharp Dressed Men
Thu Nov 21 @ 11:00 pm,Columbia Icefield Arena,won,6,1,1,Stacked Like Pancakes
Sun Nov 24 @ 9:00 pm,Columbia Icefield Arena,lost,2,4,1,Worriers

Douglas Allingham,James Evans,Bryan Keogh,Robert Little,Cole McLay,Riley McLay,Ryan Murdoch,Patrick Sandlak,Mark Smith,Evan Tomek,Connor Watson,Evan Zsiros,Ian King
