Worriers,fall2013,Ice Hockey: Worriers (All Star)
9,6,6,3,3
Tue Sep 24 @ 9:00 pm,Columbia Icefield Arena,tie,1,1,3,Stacked Like Pancakes
Tue Oct 1 @ 9:00 pm,Columbia Icefield Arena,won,2,0,0,Sharp Dressed Men
Tue Oct 15 @ 9:00 pm,Columbia Icefield Arena,won,7,1,3,All-Star Indies 2
Sun Oct 27 @ 9:00 pm,Columbia Icefield Arena,won,6,3,4,North Stars
Tue Oct 29 @ 9:00 pm,Columbia Icefield Arena,won,5,0,3,Team Mike Lalande
Sun Nov 10 @ 9:00 pm,Columbia Icefield Arena,lost,2,3,3,North Stars
Sun Nov 17 @ 9:00 pm,Columbia Icefield Arena,won,6,4,2,Team Mike Lalande
Sun Nov 24 @ 9:00 pm,Columbia Icefield Arena,won,4,2,1,DNS Ducks
Sun Dec 1 @ 9:00 pm,Columbia Icefield Arena,lost,0,4,2,The Sam Auoras

Bart Domzy,Bill Futher,David Hammond,Jacob Jefferies,Timothy Kenyon,Alan Ker,George Labahn,Jeffrey Labahn,Adam Metherel,Colin Phipps,Jeff Randall,David Smyth,Ken D. Stark,A.Russell Tupling,Steven Woods,Bill Eickmeier
