The Sam Auoras,fall2013,Ice Hockey: The Sam Auoras (All Star)
9,6,6,3,3
Sun Sep 29 @ 10:00 pm,Columbia Icefield Arena,won,10,5,1,All-Star Indies 1
Tue Oct 1 @ 11:00 pm,Columbia Icefield Arena,won,5,1,2,DNS Ducks
Sat Oct 19 @ 3:00 pm,Columbia Icefield Arena,won,2,1,3,Stacked Like Pancakes
Wed Oct 23 @ 9:00 pm,Columbia Icefield Arena,lost,1,3,0,Sharp Dressed Men
Tue Oct 29 @ 10:00 pm,Columbia Icefield Arena,won,3,0,avg.,All-Star Indies 2
Thu Nov 7 @ 9:00 pm,Columbia Icefield Arena,won,7,1,2,North Stars
Thu Nov 21 @ 9:00 pm,Columbia Icefield Arena,won,6,0,2,All-Star Indies 2
Tue Nov 26 @ 10:00 pm,Columbia Icefield Arena,won,4,0,1,North Stars
Sun Dec 1 @ 9:00 pm,Columbia Icefield Arena,won,4,0,2,Worriers

Paul Brennan,Benjamin Carroll,Avery Clarke,Thomas Murray,Eric Rogers,Mackenzie Saunders,Ryan Schultz,Cameron Smith,Alexander Takarabe,Cory Woods,Richard Wright-Gedcke,Adam Deyell
