Ottawa Senators,OTS,nhl
1930-31,1931
16
44
0
GP,Date,Time,Location,Opponent,GF,GA,Result,Game Ended In,W,L,T,Streak
1,1930-11-11,time unavailable,H,Montreal Maroons,2,0,W,REG,1,0,0,W 1
2,1930-11-15,time unavailable,@,Montreal Canadiens,1,5,L,REG,1,1,0,L 1
3,1930-11-18,time unavailable,@,Philadelphia Quakers,2,2,T,OT,1,1,1,T 1
4,1930-11-20,time unavailable,H,Detroit Falcons,1,0,W,REG,2,1,1,W 1
5,1930-11-22,time unavailable,@,Toronto Maple Leafs,0,2,L,REG,2,2,1,L 1
6,1930-11-25,time unavailable,@,New York Americans,1,0,W,REG,3,2,1,W 1
7,1930-11-27,time unavailable,H,Boston Bruins,1,2,L,REG,3,3,1,L 1
8,1930-11-29,time unavailable,H,Chicago Black Hawks,0,3,L,REG,3,4,1,L 2
9,1930-12-04,time unavailable,H,Philadelphia Quakers,5,2,W,REG,4,4,1,W 1
10,1930-12-06,time unavailable,@,Montreal Maroons,0,1,L,REG,4,5,1,L 1
11,1930-12-09,time unavailable,@,New York Rangers,2,3,L,REG,4,6,1,L 2
12,1930-12-11,time unavailable,H,Montreal Canadiens,4,5,L,OT,4,7,1,L 3
13,1930-12-16,time unavailable,@,Chicago Black Hawks,2,4,L,REG,4,8,1,L 4
14,1930-12-18,time unavailable,@,Detroit Falcons,0,3,L,REG,4,9,1,L 5
15,1930-12-25,time unavailable,H,New York Rangers,1,4,L,REG,4,10,1,L 6
16,1930-12-27,time unavailable,@,Montreal Canadiens,5,8,L,REG,4,11,1,L 7
17,1930-12-30,time unavailable,@,Boston Bruins,3,7,L,REG,4,12,1,L 8
18,1931-01-01,time unavailable,H,Montreal Maroons,2,3,L,REG,4,13,1,L 9
19,1931-01-03,time unavailable,@,Philadelphia Quakers,5,4,W,OT,5,13,1,W 1
20,1931-01-06,time unavailable,H,Toronto Maple Leafs,2,2,T,OT,5,13,2,T 1
21,1931-01-08,time unavailable,H,Boston Bruins,1,3,L,REG,5,14,2,L 1
22,1931-01-15,time unavailable,H,New York Americans,1,2,L,REG,5,15,2,L 2
23,1931-01-17,time unavailable,@,Montreal Maroons,2,3,L,REG,5,16,2,L 3
24,1931-01-20,time unavailable,@,Boston Bruins,2,4,L,REG,5,17,2,L 4
25,1931-01-22,time unavailable,H,Montreal Canadiens,0,3,L,REG,5,18,2,L 5
26,1931-01-24,time unavailable,@,Toronto Maple Leafs,2,5,L,REG,5,19,2,L 6
27,1931-01-29,time unavailable,H,Toronto Maple Leafs,2,3,L,REG,5,20,2,L 7
28,1931-02-01,time unavailable,@,New York Americans,2,4,L,REG,5,21,2,L 8
29,1931-02-03,time unavailable,H,New York Americans,2,4,L,REG,5,22,2,L 9
30,1931-02-05,time unavailable,H,Detroit Falcons,5,4,W,REG,6,22,2,W 1
31,1931-02-08,time unavailable,@,Detroit Falcons,0,2,L,REG,6,23,2,L 1
32,1931-02-12,time unavailable,H,Chicago Black Hawks,2,3,L,REG,6,24,2,L 2
33,1931-02-17,time unavailable,@,New York Rangers,5,4,W,REG,7,24,2,W 1
34,1931-02-19,time unavailable,@,Toronto Maple Leafs,2,1,W,REG,8,24,2,W 2
35,1931-02-21,time unavailable,H,Montreal Maroons,3,3,T,OT,8,24,3,T 1
36,1931-02-26,time unavailable,H,New York Americans,4,2,W,REG,9,24,3,W 1
37,1931-03-01,time unavailable,@,Chicago Black Hawks,0,5,L,REG,9,25,3,L 1
38,1931-03-03,time unavailable,H,Montreal Canadiens,0,1,L,REG,9,26,3,L 2
39,1931-03-07,time unavailable,@,Montreal Maroons,2,6,L,REG,9,27,3,L 3
40,1931-03-10,time unavailable,H,Philadelphia Quakers,5,3,W,OT,10,27,3,W 1
41,1931-03-12,time unavailable,@,New York Americans,0,2,L,REG,10,28,3,L 1
42,1931-03-14,time unavailable,@,Montreal Canadiens,3,3,T,OT,10,28,4,T 1
43,1931-03-17,time unavailable,H,New York Rangers,1,3,L,REG,10,29,4,L 1
44,1931-03-21,time unavailable,H,Toronto Maple Leafs,6,9,L,REG,10,30,4,L 2

Time,Location,Result,Game Ended In

Bill Beveridge,,n/a,G,21,5-8,170,-/L,1,"July 1, 1909",ca,"0-8-0, 3.69 GAA"
Leo Bourgeault,,n/a,D/RW,28,5-6,165,L/-,4,"January 17, 1903",ca,"0 G, 4 A, 4 P"
Alec Connell,,n/a,G,28,5-9,150,-/R,6,"February 8, 1902",ca,"10-22-4, 3.01 GAA"
Harry Connor,,n/a,LW,26,6-0,195,L/-,3,"December 3, 1904",ca,"0 G, 0 A, 0 P"
Danny Cox,,n/a,LW,27,5-10,180,L/-,4,"October 12, 1903",ca,"9 G, 12 A, 21 P"
Frank Finnigan,,n/a,RW,27,5-9,165,R/-,7,"July 9, 1903",ca,"9 G, 8 A, 17 P"
Art Gagne,,n/a,RW,33,5-7,160,R/-,4,"October 11, 1897",ca,"19 G, 11 A, 30 P"
Len Grosvenor,,n/a,C,25,5-9,172,R/-,3,"July 21, 1905",ca,"5 G, 4 A, 9 P"
Hec Kilrea,,n/a,LW,23,5-8,175,L/-,5,"June 11, 1907",ca,"14 G, 8 A, 22 P"
Ray Kinsella,,n/a,F,20,5-10,162,L/-,R,"January 27, 1911",ca,"0 G, 0 A, 0 P"
Joe Lamb,,n/a,C/RW,24,5-10,170,R/-,3,"June 18, 1906",ca,"11 G, 14 A, 25 P"
Eric Pettinger,,n/a,LW,26,6-0,175,L/-,2,"December 14, 1904",gb,"0 G, 0 A, 0 P"
Alex Smith,,n/a,D,28,5-11,176,L/-,6,"April 2, 1902",gb,"5 G, 6 A, 11 P"
Art Smith,,n/a,D,24,5-10,200,L/-,3,"November 29, 1906",ca,"2 G, 4 A, 6 P"
Harold Starr,,n/a,D,24,5-11,176,L/-,1,"July 6, 1906",ca,"2 G, 1 A, 3 P"
Bill Touhey,,n/a,LW/C,24,5-9,155,L/-,3,"March 23, 1906",ca,"15 G, 15 A, 30 P"
