INFO:
teamName,One Hit Wonders
teamAbbreviation,One Hit Wonders
sportId,n/a
sportName,n/a
sportRules,n/a
leagueId,watMu
levelId,n/a
seasonName,n/a
seasonId,n/a
Roster Size,10
Season Games Played,6
Playoff Round Lengths,1
END_INFO

SEASON:
Date/Time,Location,Opposing Team,Score,S.O.C.
Fri May 27 @ 4:00 pm,Columbia Icefield: Gym 2,"Grab, Twist and Pull",won 3 - 6,3
Sat May 28 @ 1:00 pm,Columbia Icefield: Gym 2,V1-N5,lost 5 - 4,3
Fri Jun 3 @ 5:00 pm,Columbia Icefield: Gym 2,I’d Hit That,won 6 - 1,4
Fri Jun 10 @ 5:00 pm,Columbia Icefield: Gym 2,VasaTea,lost 7 - 2,4
Sat Jun 11 @ 1:00 pm,Columbia Icefield: Gym 2,V1-N5,won 0 - 5,avg.
Wed Jun 22 @ 7:00 pm,Columbia Icefield: Gym 3,Civil Chem,lost 5 - 4,3
END_SEASON

PLAYOFFS:
Date/Time,Location,Opposing Team,Score,S.O.C.
Wed Jul 13 @ 7:00 pm,Columbia Icefield: Gym 3,Civil Chem,lost 5 - 0,2
END_PLAYOFFS

ROSTER:
Player,Captaincy,uwaterloo_email
Ricardo Salmon,(C),rsalmon@uwaterloo.ca
Areej Alhothali,,
Prima Chairunnanda,,
Francisco Claude,,
David Fagnan,,
Divam Jain,,
Maheedhar Kolla,,
Kehinde Odumosu,,
Kimiisa Oshikoji,,
Anthony Schmieder,,
END_ROSTER
