INFO:
teamName,"Grab, Twist and Pull"
teamAbbreviation,"Grab, Twist and Pull"
sportId,n/a
sportName,n/a
sportRules,n/a
leagueId,watMu
levelId,n/a
seasonName,n/a
seasonId,n/a
Roster Size,19
Season Games Played,6
Playoff Round Lengths,1,1
END_INFO

SEASON:
Date/Time,Location,Opposing Team,Score,S.O.C.
Wed May 18 @ 6:00 pm,Columbia Icefield: Gym 3,Civil Chem,lost 5 - 1,3
Wed May 25 @ 7:00 pm,Columbia Icefield: Gym 3,VasaTea,lost 4 - 3,2
Fri May 27 @ 4:00 pm,Columbia Icefield: Gym 2,One Hit Wonders,lost 3 - 6,3
Wed Jun 8 @ 8:00 pm,Columbia Icefield: Gym 3,VasaTea,lost 5 - 3,3
Wed Jun 15 @ 7:00 pm,Columbia Icefield: Gym 3,Civil Chem,won 0 - 7,3
Wed Jun 22 @ 5:00 pm,Columbia Icefield: Gym 3,V1-N5,won 0 - 5,avg.
END_SEASON

PLAYOFFS:
Date/Time,Location,Opposing Team,Score,S.O.C.
Wed Jul 13 @ 6:00 pm,Columbia Icefield: Gym 3,I’d Hit That,won 5 - 0,2
Fri Jul 15 @ 6:00 pm,Columbia Icefield: Gym 1,VasaTea,lost 4 - 3,0
END_PLAYOFFS

ROSTER:
Player,Captaincy,uwaterloo_email
Matthew Lowe,(C),m2lowe@uwaterloo.ca
Shaina Chawla,,
Tracey Chen,,
Cheuk Hei Cheng,,
Iris Cheung,,
Chee Ying Sally Chiu,,
Zain Chughtai,,
Shengda Cui,,
Vamsikrishna Gandikota,,
Julie Huynh,,
Kelvin Lam,,
Alice Lu,,
Sabrina Ma,,
David Naseem,,
Andrea Ng,,
Radhika Patel,,
Vasanti Singh,,
Robert Tutins,,
Sherina Yang,,
END_ROSTER
