INFO:
teamName,I’d Hit That
teamAbbreviation,I’d Hit That
sportId,n/a
sportName,n/a
sportRules,n/a
leagueId,watMu
levelId,n/a
seasonName,n/a
seasonId,n/a
Roster Size,13
Season Games Played,6
Playoff Round Lengths,1
END_INFO

SEASON:
Date/Time,Location,Opposing Team,Score,S.O.C.
Fri May 27 @ 5:00 pm,Columbia Icefield: Gym 2,VasaTea,lost 8 - 1,4
Fri Jun 3 @ 5:00 pm,Columbia Icefield: Gym 2,One Hit Wonders,lost 6 - 1,4
Fri Jun 17 @ 5:00 pm,Columbia Icefield: Gym 2,VasaTea,lost 5 - 0,-2
Wed Jun 22 @ 6:00 pm,Columbia Icefield: Gym 3,Civil Chem,lost 8 - 1,3
Fri Jun 24 @ 5:00 pm,Columbia Icefield: Gym 2,Civil Chem,lost 6 - 3,3
Fri Jun 24 @ 6:00 pm,Columbia Icefield: Gym 2,V1-N5,lost 6 - 5,2
END_SEASON

PLAYOFFS:
Date/Time,Location,Opposing Team,Score,S.O.C.
Wed Jul 13 @ 6:00 pm,Columbia Icefield: Gym 3,"Grab, Twist and Pull",lost 5 - 0,2
END_PLAYOFFS

ROSTER:
Player,Captaincy,uwaterloo_email
Zi Xie,(C),aarontse888@hotmail.com
Clement Chan,,
Hong Cheng,,
Wen Hou,,
Jessica Lee,,
Rosanne Li,,
Karen Ly,,
Tracey McKenna,,
Priscilla Tam,,
Xin Wei,,
Himothy Yeung,,
Jun Zhang,,
Xiaotong Zhang,,
END_ROSTER
