INFO:
teamName,Civil Chem
teamAbbreviation,Civil Chem
sportId,n/a
sportName,n/a
sportRules,n/a
leagueId,watMu
levelId,n/a
seasonName,n/a
seasonId,n/a
Roster Size,19
Season Games Played,6
Playoff Round Lengths,1,1
END_INFO

SEASON:
Date/Time,Location,Opposing Team,Score,S.O.C.
Wed May 18 @ 6:00 pm,Columbia Icefield: Gym 3,"Grab, Twist and Pull",won 5 - 1,3
Wed May 25 @ 6:00 pm,Columbia Icefield: Gym 3,V1-N5,won 2 - 6,3
Wed Jun 15 @ 7:00 pm,Columbia Icefield: Gym 3,"Grab, Twist and Pull",lost 0 - 7,3
Wed Jun 22 @ 6:00 pm,Columbia Icefield: Gym 3,I’d Hit That,won 8 - 1,3
Wed Jun 22 @ 7:00 pm,Columbia Icefield: Gym 3,One Hit Wonders,won 5 - 4,3
Fri Jun 24 @ 5:00 pm,Columbia Icefield: Gym 2,I’d Hit That,won 6 - 3,2
END_SEASON

PLAYOFFS:
Date/Time,Location,Opposing Team,Score,S.O.C.
Wed Jul 13 @ 7:00 pm,Columbia Icefield: Gym 3,One Hit Wonders,won 5 - 0,2
Wed Jul 20 @ 5:00 pm,Columbia Icefield: Gym 3,VasaTea,lost 2 - 5,1
END_PLAYOFFS

ROSTER:
Player,Captaincy,uwaterloo_email
Amir Ghods,(C),ahghods@uwaterloo.ca
David Duong,,
Mahshad Eslamifar,,
Pedram Ghodsnia,,
German Gomez Rios,,
Nasim Hosseini,,
Hadi Hosseinzadeh Khaligh,,
Mehran Kafi Farashah,,
Shahin Karimidorabati,,
Moein Mehrtash,,
Fatemeh Mirnaghi,,
Fatemeh Mousavi,,
Akram Nour,,
Seyed Saman Razavi,,
Mahdi Safa,,
Arash Shahi,,
Somaiyah Sultani,,
Rana Tehrani Yekta,,
Atefeh Zarabadi,,
END_ROSTER
