INFO:
teamName,VasaTea
teamAbbreviation,VasaTea
sportId,n/a
sportName,n/a
sportRules,n/a
leagueId,watMu
levelId,n/a
seasonName,n/a
seasonId,n/a
Roster Size,14
Season Games Played,6
Playoff Round Lengths,1,1
END_INFO

SEASON:
Date/Time,Location,Opposing Team,Score,S.O.C.
Wed May 25 @ 7:00 pm,Columbia Icefield: Gym 3,"Grab, Twist and Pull",won 4 - 3,2
Fri May 27 @ 5:00 pm,Columbia Icefield: Gym 2,I’d Hit That,won 8 - 1,4
Wed Jun 1 @ 9:00 pm,Columbia Icefield: Gym 3,V1-N5,won 5 - 0,avg.
Wed Jun 8 @ 8:00 pm,Columbia Icefield: Gym 3,"Grab, Twist and Pull",won 5 - 3,4
Fri Jun 10 @ 5:00 pm,Columbia Icefield: Gym 2,One Hit Wonders,won 7 - 2,4
Fri Jun 17 @ 5:00 pm,Columbia Icefield: Gym 2,I’d Hit That,won 5 - 0,avg.
END_SEASON

PLAYOFFS:
Date/Time,Location,Opposing Team,Score,S.O.C.
Fri Jul 15 @ 6:00 pm,Columbia Icefield: Gym 1,"Grab, Twist and Pull",won 4 - 3,0
Wed Jul 20 @ 5:00 pm,Columbia Icefield: Gym 3,Civil Chem,won 2 - 5,1
END_PLAYOFFS

ROSTER:
Player,Captaincy,uwaterloo_email
Mehdi Amoui Kalareh,(C),mehdi.amoui@gmail.com
Abtin Athari,,
Avid Banihashemi Jahromi,,
Saman Barghi,,
Tania Fiuzie,,
Shahin Kamali,,
Niousha Kazemi,,
Pooyan Khajehpour Tadavani,,
Vajihollah Montaghami,,
Afsaneh Nabifar,,
Ali Niknafs,,
Sara Rahmani,,
Pourya Shaker,,
Amirhossein Vakili,,
END_ROSTER
