INFO:
teamName,V1-N5
teamAbbreviation,V1-N5
sportId,n/a
sportName,n/a
sportRules,n/a
leagueId,watMu
levelId,n/a
seasonName,n/a
seasonId,n/a
Roster Size,10
Season Games Played,6
Playoff Round Lengths,0
END_INFO

SEASON:
Date/Time,Location,Opposing Team,Score,S.O.C.
Wed May 25 @ 6:00 pm,Columbia Icefield: Gym 3,Civil Chem,lost 2 - 6,3
Sat May 28 @ 1:00 pm,Columbia Icefield: Gym 2,One Hit Wonders,won 5 - 4,3
Wed Jun 1 @ 9:00 pm,Columbia Icefield: Gym 3,VasaTea,lost 5 - 0,-2
Sat Jun 11 @ 1:00 pm,Columbia Icefield: Gym 2,One Hit Wonders,lost 0 - 5,-2
Wed Jun 22 @ 5:00 pm,Columbia Icefield: Gym 3,"Grab, Twist and Pull",lost 0 - 5,-2
Fri Jun 24 @ 6:00 pm,Columbia Icefield: Gym 2,I’d Hit That,won 6 - 5,1
END_SEASON

PLAYOFFS:
Date/Time,Location,Opposing Team,Score,S.O.C.
END_PLAYOFFS

ROSTER:
Player,Captaincy,uwaterloo_email
Anthony Caterini,(C),alcateri@uwaterloo.ca
Simar Deol,,
Aryan Goharzad,,
Prashant Hariharan,,
Hooman Hejazi,,
Brook Jensen,,
Satya Kandarpa,,
Jae-Wi Kwak,,
Nirushan Mahatheva,,
Christopher Sturgess,,
END_ROSTER
