Boston Bruins,BOS,nhl
1953-54,1954
20
70
4
GP,Date,Time,Location,Opponent,GF,GA,Result,Game Ended In,W,L,T,Streak,Notes
1,1953-10-11,time unavailable,H,Montreal Canadiens,4,1,W,REG,1,0,0,W 1
2,1953-10-15,time unavailable,H,Toronto Maple Leafs,1,4,L,REG,1,1,0,L 1
3,1953-10-17,time unavailable,@,Montreal Canadiens,2,5,L,REG,1,2,0,L 2
4,1953-10-18,time unavailable,H,New York Rangers,3,2,W,REG,2,2,0,W 1
5,1953-10-22,time unavailable,@,New York Rangers,3,4,L,REG,2,3,0,L 1
6,1953-10-24,time unavailable,@,Toronto Maple Leafs,3,2,W,REG,3,3,0,W 1
7,1953-10-25,time unavailable,@,Chicago Black Hawks,4,3,W,REG,4,3,0,W 2
8,1953-10-31,time unavailable,@,Detroit Red Wings,3,1,W,REG,5,3,0,W 3
9,1953-11-01,time unavailable,@,Chicago Black Hawks,0,0,T,REG,5,3,1,T 1
10,1953-11-05,time unavailable,H,Chicago Black Hawks,4,2,W,REG,6,3,1,W 1
11,1953-11-07,time unavailable,@,Montreal Canadiens,2,5,L,REG,6,4,1,L 1
12,1953-11-08,time unavailable,H,Montreal Canadiens,2,0,W,REG,7,4,1,W 1
13,1953-11-11,time unavailable,H,Detroit Red Wings,2,2,T,REG,7,4,2,T 1
14,1953-11-14,time unavailable,@,Toronto Maple Leafs,0,2,L,REG,7,5,2,L 1
15,1953-11-15,time unavailable,H,Toronto Maple Leafs,1,1,T,REG,7,5,3,T 1
16,1953-11-19,time unavailable,@,Detroit Red Wings,2,3,L,REG,7,6,3,L 1
17,1953-11-20,time unavailable,@,Chicago Black Hawks,2,0,W,REG,8,6,3,W 1
18,1953-11-22,time unavailable,H,Montreal Canadiens,2,2,T,REG,8,6,4,T 1
19,1953-11-25,time unavailable,@,New York Rangers,3,5,L,REG,8,7,4,L 1
20,1953-11-26,time unavailable,H,New York Rangers,5,2,W,REG,9,7,4,W 1
21,1953-11-29,time unavailable,H,Toronto Maple Leafs,2,1,W,REG,10,7,4,W 2
22,1953-12-03,time unavailable,H,Chicago Black Hawks,3,1,W,REG,11,7,4,W 3
23,1953-12-05,time unavailable,@,Montreal Canadiens,2,4,L,REG,11,8,4,L 1
24,1953-12-06,time unavailable,H,Montreal Canadiens,2,7,L,REG,11,9,4,L 2
25,1953-12-10,time unavailable,H,Detroit Red Wings,6,3,W,REG,12,9,4,W 1
26,1953-12-12,time unavailable,@,Detroit Red Wings,1,7,L,REG,12,10,4,L 1
27,1953-12-13,time unavailable,@,Chicago Black Hawks,2,2,T,REG,12,10,5,T 1
28,1953-12-16,time unavailable,@,New York Rangers,3,4,L,REG,12,11,5,L 1
29,1953-12-17,time unavailable,H,Toronto Maple Leafs,3,2,W,REG,13,11,5,W 1
30,1953-12-19,time unavailable,@,Montreal Canadiens,3,7,L,REG,13,12,5,L 1
31,1953-12-20,time unavailable,H,Detroit Red Wings,2,4,L,REG,13,13,5,L 2
32,1953-12-25,time unavailable,H,Chicago Black Hawks,4,1,W,REG,14,13,5,W 1
33,1953-12-27,time unavailable,@,Detroit Red Wings,1,2,L,REG,14,14,5,L 1
34,1953-12-29,time unavailable,@,New York Rangers,6,2,W,REG,15,14,5,W 1
35,1954-01-01,time unavailable,H,New York Rangers,1,2,L,REG,15,15,5,L 1
36,1954-01-02,time unavailable,@,Montreal Canadiens,1,1,T,REG,15,15,6,T 1
37,1954-01-07,time unavailable,@,Detroit Red Wings,1,3,L,REG,15,16,6,L 1
38,1954-01-09,time unavailable,@,Toronto Maple Leafs,2,3,L,REG,15,17,6,L 2
39,1954-01-10,time unavailable,H,Chicago Black Hawks,5,3,W,REG,16,17,6,W 1
40,1954-01-14,time unavailable,H,Detroit Red Wings,1,2,L,REG,16,18,6,L 1
41,1954-01-16,time unavailable,@,Montreal Canadiens,1,2,L,REG,16,19,6,L 2
42,1954-01-17,time unavailable,H,Montreal Canadiens,3,2,W,REG,17,19,6,W 1
43,1954-01-20,time unavailable,@,New York Rangers,3,8,L,REG,17,20,6,L 1
44,1954-01-21,time unavailable,@,Chicago Black Hawks,3,2,W,REG,18,20,6,W 1,"at Indianapolis, IN"
45,1954-01-23,time unavailable,H,New York Rangers,3,4,L,REG,18,21,6,L 1
46,1954-01-24,time unavailable,H,New York Rangers,2,1,W,REG,19,21,6,W 1
47,1954-01-28,time unavailable,H,Chicago Black Hawks,3,2,W,REG,20,21,6,W 2
48,1954-01-30,time unavailable,@,Toronto Maple Leafs,2,4,L,REG,20,22,6,L 1
49,1954-01-31,time unavailable,H,Toronto Maple Leafs,2,0,W,REG,21,22,6,W 1
50,1954-02-04,time unavailable,@,Detroit Red Wings,0,5,L,REG,21,23,6,L 1
51,1954-02-06,time unavailable,H,Detroit Red Wings,2,4,L,REG,21,24,6,L 2
52,1954-02-07,time unavailable,H,Detroit Red Wings,1,1,T,REG,21,24,7,T 1
53,1954-02-10,time unavailable,@,Toronto Maple Leafs,3,2,W,REG,22,24,7,W 1
54,1954-02-11,time unavailable,H,Toronto Maple Leafs,1,3,L,REG,22,25,7,L 1
55,1954-02-13,time unavailable,H,New York Rangers,1,0,W,REG,23,25,7,W 1
56,1954-02-14,time unavailable,H,Montreal Canadiens,4,1,W,REG,24,25,7,W 2
57,1954-02-17,time unavailable,@,New York Rangers,1,2,L,REG,24,26,7,L 1
58,1954-02-20,time unavailable,@,Toronto Maple Leafs,2,3,L,REG,24,27,7,L 2
59,1954-02-21,time unavailable,@,Chicago Black Hawks,4,3,W,REG,25,27,7,W 1
60,1954-02-24,time unavailable,@,New York Rangers,5,3,W,REG,26,27,7,W 2
61,1954-03-04,time unavailable,H,Montreal Canadiens,1,1,T,REG,26,27,8,T 1
62,1954-03-06,time unavailable,@,Montreal Canadiens,3,3,T,REG,26,27,9,T 2
63,1954-03-07,time unavailable,H,Chicago Black Hawks,6,0,W,REG,27,27,9,W 1
64,1954-03-11,time unavailable,H,New York Rangers,1,0,W,REG,28,27,9,W 2
65,1954-03-13,time unavailable,@,Toronto Maple Leafs,2,1,W,REG,29,27,9,W 3
66,1954-03-14,time unavailable,H,Toronto Maple Leafs,3,0,W,REG,30,27,9,W 4
67,1954-03-16,time unavailable,H,Detroit Red Wings,4,2,W,REG,31,27,9,W 5
68,1954-03-18,time unavailable,@,Detroit Red Wings,3,3,T,REG,31,27,10,T 1
69,1954-03-19,time unavailable,@,Chicago Black Hawks,0,7,L,REG,31,28,10,L 1
70,1954-03-21,time unavailable,H,Chicago Black Hawks,9,5,W,REG,32,28,10,W 1

GP,Date,Time,Location,Opponent,GF,GA,Result,Game Ended In,W,L,T,Streak,Notes
1,1954-03-23,time unavailable,@,Montreal Canadiens,0,2,L,REG,0,1,0,L 1
2,1954-03-25,time unavailable,@,Montreal Canadiens,1,8,L,REG,0,2,0,L 2
3,1954-03-28,time unavailable,H,Montreal Canadiens,3,4,L,REG,0,3,0,L 3
4,1954-03-30,time unavailable,H,Montreal Canadiens,0,2,L,REG,0,4,0,L 4

Bob Armstrong,,4,D,22,6-1,190,R/-,2,"April 7, 1931",ca,"2 G, 10 A, 12 P"
Gus Bodnar,,18,C,30,5-11,160,R/-,10,"April 24, 1923",ca,"3 G, 3 A, 6 P"
Real Chevrefils,,24,LW,21,5-10,180,L/-,2,"May 2, 1932",ca,"4 G, 1 A, 5 P"
Dave Creighton,,17,C,23,6-1,195,L/-,5,"June 24, 1930",ca,"20 G, 20 A, 40 P"
Woody Dumart,,14,LW,37,6-0,190,L/-,15,"December 23, 1916",ca,"4 G, 3 A, 7 P"
Cal Gardner,,9,C,29,6-1,172,L/-,8,"October 30, 1924",ca,"14 G, 20 A, 34 P"
Ray Gariepy,,24,D,25,5-9,180,L/-,R,"September 4, 1928",ca,"1 G, 6 A, 7 P"
Warren Godfrey,,6,D,22,6-1,190,L/-,1,"March 23, 1931",ca,"5 G, 9 A, 14 P"
Jim Henry,,1,G,33,5-9,165,-/L,7,"October 23, 1920",ca,"32-28-10, 2.59 GAA"
Joe Klukay,,22,RW,31,6-0,182,L/-,7,"November 6, 1922",ca,"20 G, 17 A, 37 P"
Leo Labine,,16,RW,22,5-10,170,R/-,2,"July 22, 1931",ca,"16 G, 19 A, 35 P"
Hal Laycoe,,10,D,31,6-2,185,L/-,8,"June 23, 1922",ca,"3 G, 16 A, 19 P"
Fleming MacKell,,8,C,24,5-7,156,L/-,6,"April 30, 1929",ca,"15 G, 32 A, 47 P"
Frank Martin,,21,D,20,6-2,190,L/-,1,"May 1, 1933",ca,"3 G, 17 A, 20 P"
Doug Mohns,,19,LW,20,6-0,185,L/-,R,"December 13, 1933",ca,"13 G, 14 A, 27 P"
Johnny Peirson,,23,RW,28,5-11,170,R/-,7,"July 21, 1925",ca,"21 G, 19 A, 40 P"
Bill Quackenbush,,11,D,31,5-11,190,L/-,11,"March 2, 1922",ca,"0 G, 17 A, 17 P"
Ed Sandford,,7,LW,25,6-1,180,R/-,6,"August 20, 1928",ca,"16 G, 31 A, 47 P"
Milt Schmidt,(C),15,C,35,6-0,185,L/-,14,"March 5, 1918",ca,"14 G, 18 A, 32 P"
Jerry Toppazzini,,20,RW,22,6-0,180,R/-,1,"July 29, 1931",ca,"0 G, 5 A, 5 P"
