Wicked Messengers,winter2011,Ice Hockey: Wicked Messengers (Advanced)
8,6,6,2,2
Sun Jan 23 @ 11:00 pm,Columbia Icefield Arena,lost,3,4,-1,The Furtrappers
Fri Jan 28 @ 10:00 pm,Columbia Icefield Arena,tie,3,3,2,THE REMEDY
Sun Feb 13 @ 2:00 pm,Columbia Icefield Arena,tie,2,2,3,Advanced Indies 1
Tue Mar 8 @ 9:00 pm,Columbia Icefield Arena,won,2,0,4,Who Cares?
Tue Mar 15 @ 7:00 pm,Columbia Icefield Arena,won,5,2,3,Jagr Non-Bombs
Tue Mar 22 @ 8:00 pm,Columbia Icefield Arena,won,3,1,2,The Smell of Adventure
Sat Mar 26 @ 4:00 pm,Columbia Icefield Arena,won,4,1,1,Advanced Indies 1
Sat Apr 2 @ 9:00 pm,Columbia Icefield Arena,lost,0,3,1,Cheddar on Fire IH

Brandon Eaket,Curtis Good,Zachary Grasley,Andrew Heeley,Aubrey Jesseau,Aaron King,Daniel McCulloch,Mitchel Nicholson,Reid Nicholson,Austin Partridge,Eric Polini,Eric Roque,Brett Springett,Joseph Storozuk,Patrick McGarry
