Jagr Non-Bombs,winter2011,Ice Hockey: Jagr Non-Bombs (Advanced)
8,6,6,2,2
Sat Jan 22 @ 6:00 pm,Columbia Icefield Arena,lost,0,4,3,Advanced Indies 2
Tue Jan 25 @ 8:00 pm,Columbia Icefield Arena,won,4,2,3,Who Cares?
Sat Jan 29 @ 8:00 pm,Columbia Icefield Arena,tie,3,3,3,The Smell of Adventure
Sat Feb 5 @ 7:00 pm,Columbia Icefield Arena,lost,1,3,2,The Furtrappers
Sun Mar 6 @ 4:00 pm,Columbia Icefield Arena,lost,1,6,4,THE REMEDY
Tue Mar 15 @ 7:00 pm,Columbia Icefield Arena,lost,2,5,3,Wicked Messengers
Sat Apr 2 @ 1:00 pm,Columbia Icefield Arena,won,5,3,1,Teemu’s Salami
Sun Apr 3 @ 1:00 pm,Columbia Icefield Arena,won,3,0,1,Advanced Indies 2

Matthew Cyr,Michael Fujiwara,Garrett Jones,Garrett Jones,Jason Laporta,Nolan Lassaline,Jamieson Mackay,Brandyn McCarthy,Brendan Shapton,Cameron Shortt,Michael Shortt,Jared Slattery,Robert Stephens,Skye Wattie,Ryan Huron
