Dangerous Geese,winter2011,Ice Hockey: Dangerous Geese (Advanced)
7,6,6,1,1
Sun Jan 23 @ 5:00 pm,Columbia Icefield Arena,lost,2,4,3,Advanced Indies 1
Sun Jan 30 @ 10:00 pm,Columbia Icefield Arena,lost,0,5,4,Bendy Garden Gnomes
Tue Feb 8 @ 10:00 pm,Columbia Icefield Arena,lost,2,7,2,Blades of Steel
Sun Mar 6 @ 5:00 pm,Columbia Icefield Arena,lost,1,2,3,Goodfellas
Sun Mar 20 @ 12:00 pm,Columbia Icefield Arena,lost,0,4,3,Teemu’s Salami
Mon Mar 21 @ 10:00 pm,Columbia Icefield Arena,lost,0,5,4,Cheddar on Fire IH
Sun Mar 27 @ 5:00 pm,Columbia Icefield Arena,lost,1,6,1,The Smell of Adventure

Joshua Bearss,Gregory Boyle,Victor Chabot,John Chibuk,Tyler Coghlan,Adam Dobri,Dylan Feld,Zachary Feld,Corey Hiller,Thomas Holbrook,Ethan Lerner,Mark Sinasac,Scott Sinasac,Blake Ziegler,Craig Munch
