The Smell of Adventure,winter2011,Ice Hockey: The Smell of Adventure (Advanced)
8,6,6,2,2
Thu Jan 13 @ 9:00 pm,Columbia Icefield Arena,lost,1,5,4,Who Cares?
Sat Jan 29 @ 8:00 pm,Columbia Icefield Arena,tie,3,3,2,Jagr Non-Bombs
Sat Feb 5 @ 6:00 pm,Columbia Icefield Arena,lost,0,3,2,THE REMEDY
Sun Mar 6 @ 1:00 pm,Columbia Icefield Arena,lost,1,4,3,Bendy Garden Gnomes
Sun Mar 20 @ 1:00 pm,Columbia Icefield Arena,lost,0,3,1,Advanced Indies 2
Tue Mar 22 @ 8:00 pm,Columbia Icefield Arena,lost,1,3,4,Wicked Messengers
Sun Mar 27 @ 5:00 pm,Columbia Icefield Arena,won,6,1,1,Dangerous Geese
Thu Mar 31 @ 10:00 pm,Columbia Icefield Arena,lost,2,5,2,Advanced Indies 2

Lucas Born,Benjamin Brubaker-Zehr,Jakob Bursey,Dylan Campion,Stuart Cooke,Jesse Dyck,John Friesen,Caleb Jackett,Nicole Lee,Peter Mullen,Andrew Portengen,James Scott,Michael Stiver,Neil Thomas,Daniel Weber,Craig Nafziger
