Goodfellas,winter2011,Ice Hockey: Goodfellas (Advanced)
6,6,6,0,0
Sun Jan 23 @ 4:00 pm,Columbia Icefield Arena,lost,3,6,3,Bendy Garden Gnomes
Sat Feb 5 @ 5:00 pm,Columbia Icefield Arena,lost,2,4,-2,Blades of Steel
Sat Feb 12 @ 4:00 pm,Columbia Icefield Arena,won,4,2,0,Advanced Indies 2
Mon Feb 28 @ 10:00 pm,Columbia Icefield Arena,lost,2,3,-4,Cheddar on Fire IH
Sun Mar 6 @ 5:00 pm,Columbia Icefield Arena,won,2,1,3,Dangerous Geese
Sat Mar 19 @ 3:00 pm,Columbia Icefield Arena,won,4,0,2,Teemu’s Salami

Sabatino Bianchi,Alan Bowden,Timothy Boyadjian,Aaron Grant,Paul Hammell,Andrew Hulbert,Kiefer Lindsay,Christopher McCulley-Hayden,Hal McPhail,Christopher Moning,Bradley Morris,Jason Neevel,Michael Smyth,Christopher Tidder,This team has been disqualified from participating in the playoffs.,John Kurelek
