Bendy Garden Gnomes,winter2011,Ice Hockey: Bendy Garden Gnomes (Advanced)
8,6,6,2,2
Sun Jan 23 @ 4:00 pm,Columbia Icefield Arena,won,6,3,2,Goodfellas
Sun Jan 30 @ 10:00 pm,Columbia Icefield Arena,won,5,0,4,Dangerous Geese
Mon Feb 7 @ 10:00 pm,Columbia Icefield Arena,tie,0,0,4,Cheddar on Fire IH
Sun Feb 27 @ 5:00 pm,Columbia Icefield Arena,won,2,0,3,Teemu’s Salami
Sun Mar 6 @ 1:00 pm,Columbia Icefield Arena,won,4,1,3,The Smell of Adventure
Mon Mar 7 @ 10:00 pm,Columbia Icefield Arena,lost,1,3,4,Blades of Steel
Mon Mar 28 @ 10:00 pm,Columbia Icefield Arena,won,3,1,2,The Furtrappers
Sat Apr 2 @ 12:00 pm,Columbia Icefield Arena,lost,0,1,1,THE REMEDY

Chad Bredin,Cameron Curwood,Spenser Emery,Andrew Flynn,Michael Leblanc,Derek Scott,Gabriel Shaughnessy,Tony Shaughnessy,Matthew Stevens,Denis Viens,Ryan Westbrook,Justin Wilker,Riston Tapp
