THE REMEDY,winter2011,Ice Hockey: THE REMEDY (Advanced)
9,6,6,3,3
Fri Jan 28 @ 10:00 pm,Columbia Icefield Arena,tie,3,3,2,Wicked Messengers
Tue Feb 1 @ 10:00 pm,Columbia Icefield Arena,won,4,2,2,Advanced Indies 2
Sat Feb 5 @ 6:00 pm,Columbia Icefield Arena,won,3,0,2,The Smell of Adventure
Tue Feb 15 @ 9:00 pm,Columbia Icefield Arena,won,5,0,4,Who Cares?
Sun Mar 6 @ 4:00 pm,Columbia Icefield Arena,won,6,1,3,Jagr Non-Bombs
Sat Mar 19 @ 4:00 pm,Columbia Icefield Arena,won,5,0,-4,The Furtrappers
Thu Mar 24 @ 11:00 pm,Columbia Icefield Arena,won,4,1,1,Blades of Steel
Sat Apr 2 @ 12:00 pm,Columbia Icefield Arena,won,1,0,1,Bendy Garden Gnomes
Sun Apr 3 @ 2:00 pm,Columbia Icefield Arena,lost,0,1,2,Cheddar on Fire IH

Jason Amadio,Benjamin Austin,Leandro Avila,Noah Bates,Gregory Becotte,Joshua Brady,Scott Campbell,Alexander Carducci,Kiel Cattle,Steven Celetti,Claude Charbonneau,Daniel Chenier,Michael Collins,Mathew Demarco,Matthew Woolsey,Anthony Amadio
