Advanced Indies 1,winter2011,Ice Hockey: Advanced Indies 1 (Advanced)
7,6,6,1,1
Sun Jan 23 @ 5:00 pm,Columbia Icefield Arena,won,4,2,3,Dangerous Geese
Sun Jan 30 @ 9:00 pm,Columbia Icefield Arena,lost,0,1,1,Cheddar on Fire IH
Fri Feb 4 @ 10:00 pm,Columbia Icefield Arena,won,5,4,2,Teemu’s Salami
Sun Feb 13 @ 2:00 pm,Columbia Icefield Arena,tie,2,2,3,Wicked Messengers
Sun Mar 6 @ 12:00 pm,Columbia Icefield Arena,tie,5,5,3,The Furtrappers
Sat Mar 19 @ 5:00 pm,Columbia Icefield Arena,won,6,2,1,Blades of Steel
Sat Mar 26 @ 4:00 pm,Columbia Icefield Arena,lost,1,4,1,Wicked Messengers

Devin Bliefert,Jonathan Burshaw,Michael Gainham,Scott Hurley,Andrew Kowalczyszyn,Dylan Lam-Johnson,Manny Mangat,Richard Mathieson,James Maxwell,John Mazenauer,Spencer Moore,Ryan Mulders,William Murdoch,Ryan Santos,David Stewart,Philip Van-Lane,Lucas Whalen,Scott Whalen
