The Eh-Team,fall2012,Ice Hockey: The Eh-Team (All Star)
8,6,6,2,2
Wed Sep 19 @ 10:00 pm,Columbia Icefield Arena,lost,1,4,4,Sharp Dressed Men
Wed Sep 26 @ 11:00 pm,Columbia Icefield Arena,lost,1,4,3,North Stars
Wed Oct 3 @ 10:00 pm,Columbia Icefield Arena,lost,4,5,2,All Star Indies 1
Sun Oct 14 @ 10:00 pm,Columbia Icefield Arena,tie,0,0,3,Captain Strab and the Phorias
Wed Oct 24 @ 11:00 pm,Columbia Icefield Arena,lost,2,7,3,DNS MIghty Ducks
Wed Nov 14 @ 9:00 pm,Columbia Icefield Arena,tie,4,4,3,All Star Indies 1
Tue Nov 27 @ 11:00 pm,Columbia Icefield Arena,won,6,0,0,All Star Indies 1
Thu Nov 29 @ 10:00 pm,Columbia Icefield Arena,lost,3,5,0,G-Rebels

Corey Bethune,Adam Caprini,Riley Duke,Drew Dutton,Zachary Gowanlock,Jason Hill,Ian Milligan,Alex Mommersteeg,Aren Patel,Thommaso Raso,Josiah Sales,Brandon Van Asseldonk,Jordan Chan
