Sharks,fall2012,Ice Hockey: Sharks (All Star)
9,6,6,3,3
Mon Oct 1 @ 11:00 pm,Columbia Icefield Arena,lost,2,3,4,G-Rebels
Tue Oct 16 @ 9:00 pm,Columbia Icefield Arena,tie,2,2,2,Worriers
Sat Nov 3 @ 9:00 pm,Columbia Icefield Arena,won,3,1,3,Sharp Dressed Men
Sun Nov 4 @ 9:00 pm,Columbia Icefield Arena,lost,2,4,3,All Star Indies 2
Wed Nov 7 @ 10:00 pm,Columbia Icefield Arena,won,2,1,-1,SJU
Wed Nov 14 @ 10:00 pm,Columbia Icefield Arena,tie,3,3,3,SJU
Sun Nov 25 @ 11:00 pm,Columbia Icefield Arena,won,2,0,0,All Star Indies 2
Fri Nov 30 @ 6:00 pm,Columbia Icefield Arena,won,2,1,0,Captain Strab and the Phorias
Tue Dec 4 @ 11:00 pm,Columbia Icefield Arena,lost,1,4,0,G-Rebels

Zachary Junkin,Michael Lalande,Michael Laporte,Scott Laporte,Kyle Mundell,Nicholas Paolini,Mitchell Patterson,Charles Reid,Rajeev Sarvaria,Brandon Skinner,Bryan Warner,Peter Wideman,Derek Laporte
