DNS MIghty Ducks,fall2012,Ice Hockey: DNS MIghty Ducks (All Star)
7,6,6,1,1
Fri Sep 21 @ 8:00 pm,Columbia Icefield Arena,won,6,0,3,North Stars
Sun Sep 23 @ 10:00 pm,Columbia Icefield Arena,lost,3,7,2,Captain Strab and the Phorias
Tue Sep 25 @ 8:00 pm,Columbia Icefield Arena,lost,0,3,3,All Star Indies 1
Wed Oct 24 @ 11:00 pm,Columbia Icefield Arena,won,7,2,3,The Eh-Team
Tue Oct 30 @ 9:00 pm,Columbia Icefield Arena,tie,3,3,1,Worriers
Sun Nov 11 @ 12:00 pm,Columbia Icefield Arena,won,3,0,avg.,All Star Indies 2
Wed Nov 21 @ 10:00 pm,Columbia Icefield Arena,lost,2,3,1,North Stars

Douglas Allingham,David Bar,James Evans,Bryan Keogh,Cole McLay,Riley McLay,Matthew Michael,Ryan Murdoch,Patrick Sandlak,Mark Smith,Evan Tomek,Connor Watson,Ian King
