SJU,fall2012,Ice Hockey: SJU (All Star)
7,6,6,1,1
Fri Sep 21 @ 10:00 pm,Columbia Icefield Arena,lost,2,4,4,G-Rebels
Sun Sep 23 @ 11:00 pm,Columbia Icefield Arena,tie,1,1,4,All Star Indies 2
Sun Oct 28 @ 11:00 pm,Columbia Icefield Arena,lost,1,3,2,Sharp Dressed Men
Fri Nov 2 @ 9:00 pm,Columbia Icefield Arena,won,3,0,3,North Stars
Wed Nov 7 @ 10:00 pm,Columbia Icefield Arena,lost,1,2,2,Sharks
Wed Nov 14 @ 10:00 pm,Columbia Icefield Arena,tie,3,3,3,Sharks
Thu Nov 22 @ 11:00 pm,Columbia Icefield Arena,lost,2,4,0,G-Rebels

Paul Brennan,Benjamin Carroll,Adam Deyell,Nicholas Edgeworth,Christopher Farrugia,Michael Foran,Scott Hurley,John McMulkin,Carl Pawlowski,Eric Rogers,Mackenzie Saunders,Ryan Schultz,Cameron Smith,Alexander Takarabe,Robert Teare,Brian Mills
