G-Rebels,fall2012,Ice Hockey: G-Rebels (All Star)
10,6,6,4,4
Fri Sep 21 @ 10:00 pm,Columbia Icefield Arena,won,4,2,3,SJU
Mon Oct 1 @ 11:00 pm,Columbia Icefield Arena,won,3,2,4,Sharks
Wed Oct 3 @ 11:00 pm,Columbia Icefield Arena,tie,2,2,3,Sharp Dressed Men
Sun Oct 28 @ 10:00 pm,Columbia Icefield Arena,lost,0,3,2,North Stars
Fri Nov 2 @ 11:00 pm,Columbia Icefield Arena,won,6,3,3,All Star Indies 1
Sun Nov 11 @ 11:00 pm,Columbia Icefield Arena,lost,1,3,0,Captain Strab and the Phorias
Thu Nov 22 @ 11:00 pm,Columbia Icefield Arena,won,4,2,0,SJU
Thu Nov 29 @ 10:00 pm,Columbia Icefield Arena,won,5,3,0,The Eh-Team
Fri Nov 30 @ 7:00 pm,Columbia Icefield Arena,won,5,3,0,North Stars
Tue Dec 4 @ 11:00 pm,Columbia Icefield Arena,won,4,1,0,Sharks

Corey Blad,Jason Brenneman,Michael Chong,Blaine Cressman,Keith Dancy,Tyler Good,Nicholas Kelly,Spencer Neufeld,Caleb Redekop,Joshua Zehr,Adam Stobbe
