Vancouver Canucks,VAN,nhl
1973-74,1974
35
78
0
GP,Date,Time,Location,Opponent,GF,GA,Result,Game Ended In,W,L,T,Streak
1,1973-10-10,time unavailable,@,Boston Bruins,4,6,L,REG,0,1,0,L 1
2,1973-10-13,time unavailable,@,Montreal Canadiens,3,4,L,REG,0,2,0,L 2
3,1973-10-14,time unavailable,@,Buffalo Sabres,3,1,W,REG,1,2,0,W 1
4,1973-10-17,time unavailable,@,Chicago Black Hawks,0,5,L,REG,1,3,0,L 1
5,1973-10-19,time unavailable,H,Philadelphia Flyers,2,1,W,REG,2,3,0,W 1
6,1973-10-23,time unavailable,H,Atlanta Flames,3,0,W,REG,3,3,0,W 2
7,1973-10-26,time unavailable,H,Detroit Red Wings,8,3,W,REG,4,3,0,W 3
8,1973-10-30,time unavailable,H,New York Rangers,3,3,T,REG,4,3,1,T 1
9,1973-11-02,time unavailable,H,St. Louis Blues,1,3,L,REG,4,4,1,L 1
10,1973-11-06,time unavailable,H,Buffalo Sabres,3,2,W,REG,5,4,1,W 1
11,1973-11-09,time unavailable,H,Chicago Black Hawks,0,4,L,REG,5,5,1,L 1
12,1973-11-11,time unavailable,@,Boston Bruins,2,4,L,REG,5,6,1,L 2
13,1973-11-13,time unavailable,@,St. Louis Blues,1,6,L,REG,5,7,1,L 3
14,1973-11-14,time unavailable,@,Minnesota North Stars,3,6,L,REG,5,8,1,L 4
15,1973-11-16,time unavailable,H,Toronto Maple Leafs,3,3,T,REG,5,8,2,T 1
16,1973-11-17,time unavailable,H,Philadelphia Flyers,2,2,T,REG,5,8,3,T 2
17,1973-11-21,time unavailable,@,Pittsburgh Penguins,4,5,L,REG,5,9,3,L 1
18,1973-11-23,time unavailable,@,Atlanta Flames,1,4,L,REG,5,10,3,L 2
19,1973-11-25,time unavailable,@,New York Rangers,0,5,L,REG,5,11,3,L 3
20,1973-11-27,time unavailable,@,St. Louis Blues,2,2,T,REG,5,11,4,T 1
21,1973-11-30,time unavailable,H,Minnesota North Stars,4,5,L,REG,5,12,4,L 1
22,1973-12-04,time unavailable,H,Los Angeles Kings,2,3,L,REG,5,13,4,L 2
23,1973-12-07,time unavailable,H,Atlanta Flames,0,2,L,REG,5,14,4,L 3
24,1973-12-08,time unavailable,H,Pittsburgh Penguins,3,2,W,REG,6,14,4,W 1
25,1973-12-11,time unavailable,H,Montreal Canadiens,2,2,T,REG,6,14,5,T 1
26,1973-12-15,time unavailable,@,Boston Bruins,2,7,L,REG,6,15,5,L 1
27,1973-12-16,time unavailable,@,Detroit Red Wings,5,7,L,REG,6,16,5,L 2
28,1973-12-18,time unavailable,@,New York Islanders,2,2,T,REG,6,16,6,T 1
29,1973-12-20,time unavailable,@,Philadelphia Flyers,3,9,L,REG,6,17,6,L 1
30,1973-12-22,time unavailable,@,Toronto Maple Leafs,6,4,W,REG,7,17,6,W 1
31,1973-12-23,time unavailable,@,Chicago Black Hawks,2,6,L,REG,7,18,6,L 1
32,1973-12-26,time unavailable,H,California Golden Seals,6,4,W,REG,8,18,6,W 1
33,1973-12-28,time unavailable,H,Minnesota North Stars,3,5,L,REG,8,19,6,L 1
34,1973-12-29,time unavailable,H,New York Islanders,3,4,L,REG,8,20,6,L 2
35,1974-01-01,time unavailable,H,Boston Bruins,2,2,T,REG,8,20,7,T 1
36,1974-01-03,time unavailable,@,New York Islanders,2,3,L,REG,8,21,7,L 1
37,1974-01-05,time unavailable,@,Montreal Canadiens,3,5,L,REG,8,22,7,L 2
38,1974-01-06,time unavailable,@,Buffalo Sabres,3,6,L,REG,8,23,7,L 3
39,1974-01-08,time unavailable,H,St. Louis Blues,1,3,L,REG,8,24,7,L 4
40,1974-01-11,time unavailable,@,California Golden Seals,3,2,W,REG,9,24,7,W 1
41,1974-01-12,time unavailable,H,New York Rangers,1,6,L,REG,9,25,7,L 1
42,1974-01-15,time unavailable,H,Toronto Maple Leafs,4,2,W,REG,10,25,7,W 1
43,1974-01-18,time unavailable,H,Pittsburgh Penguins,2,6,L,REG,10,26,7,L 1
44,1974-01-20,time unavailable,@,Chicago Black Hawks,2,7,L,REG,10,27,7,L 2
45,1974-01-22,time unavailable,H,Philadelphia Flyers,2,3,L,REG,10,28,7,L 3
46,1974-01-25,time unavailable,H,Minnesota North Stars,4,5,L,REG,10,29,7,L 4
47,1974-01-27,time unavailable,@,Buffalo Sabres,3,2,W,REG,11,29,7,W 1
48,1974-01-30,time unavailable,@,Detroit Red Wings,7,3,W,REG,12,29,7,W 2
49,1974-02-02,time unavailable,H,New York Islanders,2,2,T,REG,12,29,8,T 1
50,1974-02-06,time unavailable,@,California Golden Seals,2,4,L,REG,12,30,8,L 1
51,1974-02-09,time unavailable,H,Detroit Red Wings,5,4,W,REG,13,30,8,W 1
52,1974-02-10,time unavailable,H,Buffalo Sabres,5,2,W,REG,14,30,8,W 2
53,1974-02-12,time unavailable,@,St. Louis Blues,3,2,W,REG,15,30,8,W 3
54,1974-02-13,time unavailable,@,Minnesota North Stars,3,3,T,REG,15,30,9,T 1
55,1974-02-15,time unavailable,H,Boston Bruins,2,4,L,REG,15,31,9,L 1
56,1974-02-16,time unavailable,H,New York Rangers,4,9,L,REG,15,32,9,L 2
57,1974-02-19,time unavailable,@,Los Angeles Kings,4,3,W,REG,16,32,9,W 1
58,1974-02-21,time unavailable,@,Montreal Canadiens,2,5,L,REG,16,33,9,L 1
59,1974-02-23,time unavailable,@,Toronto Maple Leafs,4,3,W,REG,17,33,9,W 1
60,1974-02-26,time unavailable,@,New York Islanders,1,1,T,REG,17,33,10,T 1
61,1974-02-27,time unavailable,@,New York Rangers,2,4,L,REG,17,34,10,L 1
62,1974-03-02,time unavailable,@,Pittsburgh Penguins,1,6,L,REG,17,35,10,L 2
63,1974-03-03,time unavailable,@,Atlanta Flames,3,5,L,REG,17,36,10,L 3
64,1974-03-08,time unavailable,H,Buffalo Sabres,2,4,L,REG,17,37,10,L 4
65,1974-03-09,time unavailable,H,Chicago Black Hawks,4,4,T,REG,17,37,11,T 1
66,1974-03-12,time unavailable,H,Detroit Red Wings,1,2,L,REG,17,38,11,L 1
67,1974-03-15,time unavailable,H,Atlanta Flames,3,0,W,REG,18,38,11,W 1
68,1974-03-16,time unavailable,H,Pittsburgh Penguins,6,8,L,REG,18,39,11,L 1
69,1974-03-20,time unavailable,@,New York Rangers,7,5,W,REG,19,39,11,W 1
70,1974-03-21,time unavailable,@,Philadelphia Flyers,1,3,L,REG,19,40,11,L 1
71,1974-03-23,time unavailable,@,Los Angeles Kings,0,5,L,REG,19,41,11,L 2
72,1974-03-24,time unavailable,H,Toronto Maple Leafs,3,2,W,REG,20,41,11,W 1
73,1974-03-26,time unavailable,H,Montreal Canadiens,3,4,L,REG,20,42,11,L 1
74,1974-03-30,time unavailable,H,New York Islanders,4,2,W,REG,21,42,11,W 1
75,1974-03-31,time unavailable,H,California Golden Seals,7,0,W,REG,22,42,11,W 2
76,1974-04-03,time unavailable,@,California Golden Seals,4,1,W,REG,23,42,11,W 3
77,1974-04-05,time unavailable,H,Los Angeles Kings,5,2,W,REG,24,42,11,W 4
78,1974-04-06,time unavailable,@,Los Angeles Kings,1,11,L,REG,24,43,11,L 1

Time,Location,Result,Game Ended In

Gregg Boddy,,22,D,24,6-2,200,L/-,2,"March 19, 1949",ca,"2 G, 10 A, 12 P"
Paulin Bordeleau,,15,RW,21,5-9,162,R/-,R,"January 29, 1953",ca,"11 G, 13 A, 24 P"
Andre Boudrias,,7,LW,30,5-8,165,L/-,9,"September 19, 1943",ca,"16 G, 59 A, 75 P"
Jacques Caron,,30,G,33,6-2,185,-/L,4,"April 21, 1940",ca,"2-5-1, 4.90 GAA"
Bob Dailey,,3,D,20,6-5,220,R/-,R,"May 3, 1953",ca,"7 G, 17 A, 24 P"
Dave Dunn,,24,D,25,6-2,202,L/-,R,"August 19, 1948",ca,"11 G, 22 A, 33 P"
Ed Dyck,,35,G,23,5-11,160,-/L,2,"October 29, 1950",ca,"2-5-2, 4.63 GAA"
Peter Folco,,14,D,20,6-0,185,L/-,R,"August 13, 1953",ca,"0 G, 0 A, 0 P"
Dan Gloor,,12,C,21,5-9,170,L/-,R,"December 4, 1952",ca,"0 G, 0 A, 0 P"
John Gould,,21,RW,24,5-11,197,L/-,2,"April 11, 1949",ca,"9 G, 10 A, 19 P"
Larry Gould,,17-18,LW,21,5-9,170,L/-,R,"August 16, 1952",ca,"0 G, 0 A, 0 P"
Jocelyn Guevremont,,2,D,22,6-2,200,R/-,2,"March 1, 1951",ca,"15 G, 24 A, 39 P"
Dennis Kearns,,6,D,28,5-9,185,L/-,2,"September 27, 1945",ca,"4 G, 13 A, 17 P"
Jerry Korab,,27,D,25,6-3,220,L/-,3,"September 15, 1948",ca,"4 G, 7 A, 11 P"
Orland Kurtenbach,(C),25,C,37,6-2,180,L/-,12,"September 7, 1936",ca,"8 G, 13 A, 21 P"
Bobby Lalonde,,20,LW,22,5-5,155,L/-,2,"March 27, 1951",ca,"3 G, 4 A, 7 P"
Mike Lampman,,18,LW,23,6-2,195,L/-,1,"April 20, 1950",us,"1 G, 0 A, 1 P"
Rich Lemieux,,19,C,22,5-8,155,L/-,2,"April 19, 1951",ca,"5 G, 17 A, 22 P"
Don Lever,,9,C,21,5-11,185,L/-,1,"November 14, 1952",ca,"23 G, 25 A, 48 P"
Jim Mair,,18,D,27,5-9,170,R/-,3,"May 15, 1946",ca,"1 G, 3 A, 4 P"
Dennis McCord,,14,D,21,5-10,190,L/-,R,"July 28, 1952",ca,"0 G, 0 A, 0 P"
Bryan McSheffrey,,26,RW,21,6-2,205,R/-,1,"September 25, 1952",ca,"9 G, 3 A, 12 P"
Gerry O'Flaherty,,23,LW,23,5-10,182,L/-,2,"August 31, 1950",us,"22 G, 20 A, 42 P"
Paul O'Neil,,17,C,20,6-1,185,R/-,R,"August 24, 1953",us,"0 G, 0 A, 0 P"
Chris Oddleifson,,11,C,23,6-2,185,R/-,1,"September 7, 1950",ca,"3 G, 5 A, 8 P"
Tracy Pratt,,5,D,30,6-2,195,L/-,6,"March 8, 1943",us,"3 G, 8 A, 11 P"
Bobby Schmautz,,8,RW,28,5-9,172,R/-,5,"March 28, 1945",ca,"26 G, 19 A, 45 P"
Dan Seguin,,14,LW,25,5-8,165,L/-,1,"June 7, 1948",ca,"1 G, 0 A, 1 P"
Gary Smith,,1,G,29,6-4,215,-/L,8,"February 4, 1944",ca,"20-33-8, 3.44 GAA"
Gene Sobchuk,,21,LW,22,5-9,160,L/-,R,"February 19, 1951",ca,"0 G, 0 A, 0 P"
Steve Stone,,14-26,RW,21,5-8,170,R/-,R,"September 26, 1952",ca,"0 G, 0 A, 0 P"
Don Tannahill,,16,LW,24,5-11,178,L/-,1,"February 21, 1949",ca,"8 G, 12 A, 20 P"
Dennis Ververgaert,,10,RW,20,6-0,185,R/-,R,"March 30, 1953",ca,"26 G, 31 A, 57 P"
Barry Wilkins,,4,D,26,6-0,190,L/-,6,"February 28, 1947",ca,"3 G, 28 A, 31 P"
John Wright,,14,C,25,5-11,175,R/-,1,"November 9, 1948",ca,"3 G, 3 A, 6 P"
