Guts and Glory,spring2009,Ice Hockey: Guts and Glory (Advanced)
8,6,6,2,2
Wed May 13 @ 8:00 pm,Columbia Icefield Arena,won,6,3,3,The Dangerous Geese
Sun May 31 @ 9:00 pm,Columbia Icefield Arena,lost,5,6,3,Team Feel Good
Wed Jun 3 @ 7:00 pm,Columbia Icefield Arena,lost,3,4,4,Bendy Garden Gnomes
Wed Jun 10 @ 6:00 pm,Columbia Icefield Arena,tie,4,4,2,Cunning Linguists
Wed Jun 24 @ 7:00 pm,Columbia Icefield Arena,won,6,0,3,Advanced Indies 01
Tue Jun 30 @ 8:00 pm,Columbia Icefield Arena,won,3,0,avg.,Advanced Indies 02
Sun Jul 19 @ 9:00 pm,Columbia Icefield Arena,won,4,1,1,The Fatties
Sun Jul 26 @ 7:00 pm,Columbia Icefield Arena,lost,0,3,-2,Cunning Linguists

Steven Black,Christopher Everest,Craig Flear,Graham Gaine,Alan Hitchman,Mark Outram,Daniel Rodrigues,Jeffrey Spence,Carson White,Corey Bainerman
