Weasel Wackers,spring2009,Ice Hockey: Weasel Wackers (Advanced)
7,6,6,1,1
Sun May 24 @ 8:00 pm,Columbia Icefield Arena,lost,1,7,3,Advanced Indies 02
Sun May 31 @ 8:00 pm,Columbia Icefield Arena,won,6,3,4,The Fatties
Wed Jun 3 @ 8:00 pm,Columbia Icefield Arena,lost,0,2,0,The Dangerous Geese
Sun Jun 21 @ 9:00 pm,Columbia Icefield Arena,lost,0,6,4,Team Feel Good
Sun Jul 5 @ 7:00 pm,Columbia Icefield Arena,lost,0,3,-2,Menno Knights
Wed Jul 8 @ 6:00 pm,Columbia Icefield Arena,won,4,1,2,Advanced Indies 01
Tue Jul 14 @ 8:00 pm,Columbia Icefield Arena,lost,2,3,1,The Dangerous Geese

Zachary Gowanlock,Philip Kariam,John Kurelek,John Kurelek,Mark-Andrew Matta,Nicholas Menzies,Andrew Novokowsky,Andrew Pequegnat,Patrick Quinlan,Carl Steenbergen,Michael Steffler,Brandon Van Asseldonk,Michael Quinlan
