The Dangerous Geese,spring2009,Ice Hockey: The Dangerous Geese (Advanced)
9,6,6,3,3
Wed May 13 @ 8:00 pm,Columbia Icefield Arena,lost,3,6,3,Guts and Glory
Wed May 27 @ 7:00 pm,Columbia Icefield Arena,won,4,2,2,Advanced Indies 01
Wed Jun 3 @ 8:00 pm,Columbia Icefield Arena,won,2,0,1,Weasel Wackers
Wed Jun 10 @ 7:00 pm,Columbia Icefield Arena,lost,2,5,4,Bendy Garden Gnomes
Wed Jun 17 @ 6:00 pm,Columbia Icefield Arena,lost,0,6,4,Cunning Linguists
Wed Jul 8 @ 7:00 pm,Columbia Icefield Arena,lost,1,5,4,Bendy Garden Gnomes
Tue Jul 14 @ 8:00 pm,Columbia Icefield Arena,won,3,2,1,Weasel Wackers
Tue Jul 21 @ 8:00 pm,Columbia Icefield Arena,won,3,0,1,Team Feel Good
Sun Jul 26 @ 8:00 pm,Columbia Icefield Arena,lost,0,2,1,Bendy Garden Gnomes

Victor Chabot,Tyler Coghlan,Andre Gauthier,Corey Hiller,Trevor Lebel,Mark MacGregor,Timothy MacGregor,Geoffrey Mather,Kevin Roberts,Shaun Smith,David Tran,Adam Dobri
