New York Americans,NYA,nhl
1928-29,1929
16
44
2
GP,Date,Time,Location,Opponent,GF,GA,Result,Game Ended In,W,L,T,Streak,Notes
1,1928-11-15,time unavailable,@,Ottawa Senators,0,0,T,OT,0,0,1,T 1
2,1928-11-18,time unavailable,H,New York Rangers,1,1,T,OT,0,0,2,T 2
3,1928-11-22,time unavailable,H,Toronto Maple Leafs,3,0,W,REG,1,0,2,W 1
4,1928-11-24,time unavailable,@,Montreal Canadiens,4,3,W,REG,2,0,2,W 2
5,1928-11-27,time unavailable,H,Ottawa Senators,1,0,W,REG,3,0,2,W 3
6,1928-12-01,time unavailable,@,Toronto Maple Leafs,0,3,L,REG,3,1,2,L 1
7,1928-12-02,time unavailable,@,Detroit Cougars,1,2,L,REG,3,2,2,L 2
8,1928-12-06,time unavailable,@,Montreal Maroons,1,4,L,REG,3,3,2,L 3
9,1928-12-09,time unavailable,H,Boston Bruins,2,1,W,REG,4,3,2,W 1
10,1928-12-11,time unavailable,@,Boston Bruins,3,0,W,REG,5,3,2,W 2
11,1928-12-13,time unavailable,H,Montreal Maroons,2,1,W,REG,6,3,2,W 3
12,1928-12-16,time unavailable,@,Chicago Black Hawks,1,0,W,REG,7,3,2,W 4
13,1928-12-18,time unavailable,H,Pittsburgh Pirates,2,0,W,REG,8,3,2,W 5
14,1928-12-20,time unavailable,@,Pittsburgh Pirates,0,1,L,REG,8,4,2,L 1
15,1928-12-23,time unavailable,H,Detroit Cougars,0,2,L,REG,8,5,2,L 2
16,1928-12-25,time unavailable,@,New York Rangers,1,0,W,REG,9,5,2,W 1
17,1928-12-27,time unavailable,H,Chicago Black Hawks,0,2,L,REG,9,6,2,L 1
18,1928-12-29,time unavailable,@,Ottawa Senators,2,2,T,OT,9,6,3,T 1
19,1929-01-01,time unavailable,H,Montreal Canadiens,1,1,T,OT,9,6,4,T 2
20,1929-01-06,time unavailable,H,New York Rangers,0,0,T,OT,9,6,5,T 3
21,1929-01-10,time unavailable,H,Toronto Maple Leafs,2,0,W,REG,10,6,5,W 1
22,1929-01-12,time unavailable,@,Toronto Maple Leafs,1,0,W,OT,11,6,5,W 2
23,1929-01-15,time unavailable,H,Ottawa Senators,1,1,T,OT,11,6,6,T 1
24,1929-01-17,time unavailable,@,Montreal Maroons,0,0,T,OT,11,6,7,T 2
25,1929-01-20,time unavailable,H,Pittsburgh Pirates,0,2,L,REG,11,7,7,L 1
26,1929-01-24,time unavailable,H,Montreal Maroons,2,0,W,REG,12,7,7,W 1
27,1929-01-27,time unavailable,@,Detroit Cougars,2,1,W,REG,13,7,7,W 2
28,1929-01-29,time unavailable,H,Montreal Canadiens,0,1,L,REG,13,8,7,L 1
29,1929-01-31,time unavailable,@,New York Rangers,1,2,L,REG,13,9,7,L 2
30,1929-02-03,time unavailable,H,Toronto Maple Leafs,1,3,L,REG,13,10,7,L 3
31,1929-02-05,time unavailable,@,Boston Bruins,1,0,W,REG,14,10,7,W 1
32,1929-02-07,time unavailable,H,Chicago Black Hawks,1,0,W,REG,15,10,7,W 2
33,1929-02-10,time unavailable,@,Chicago Black Hawks,1,0,W,REG,16,10,7,W 3,"at Fort Erie, ON"
34,1929-02-14,time unavailable,H,Detroit Cougars,1,1,T,OT,16,10,8,T 1
35,1929-02-16,time unavailable,@,Montreal Canadiens,1,1,T,OT,16,10,9,T 2
36,1929-02-19,time unavailable,H,Montreal Maroons,0,1,L,REG,16,11,9,L 1
37,1929-02-21,time unavailable,@,Pittsburgh Pirates,4,2,W,REG,17,11,9,W 1
38,1929-02-24,time unavailable,H,Boston Bruins,2,2,T,OT,17,11,10,T 1
39,1929-02-28,time unavailable,H,Montreal Canadiens,0,0,T,OT,17,11,11,T 2
40,1929-03-05,time unavailable,@,Ottawa Senators,1,1,T,OT,17,11,12,T 3
41,1929-03-09,time unavailable,@,Montreal Maroons,3,2,W,REG,18,11,12,W 1
42,1929-03-12,time unavailable,H,Ottawa Senators,2,1,W,REG,19,11,12,W 2
43,1929-03-14,time unavailable,@,Toronto Maple Leafs,0,5,L,REG,19,12,12,L 1
44,1929-03-16,time unavailable,@,Montreal Canadiens,1,4,L,REG,19,13,12,L 2

GP,Date,Time,Location,Opponent,GF,GA,Result,Game Ended In,W,L,T,Streak,Notes
1,1929-03-19,time unavailable,H,New York Rangers,0,0,T,REG,0,0,1,T 1
2,1929-03-21,time unavailable,@,New York Rangers,0,1,L,2OT,0,1,1,L 1

Edmond Bouchard,,n/a,LW,36,5-10,185,L/-,7,"May 24, 1892",ca,"0 G, 0 A, 0 P"
Punch Broadbent,,n/a,RW,36,5-7,183,R/-,10,"July 13, 1892",ca,"1 G, 4 A, 5 P"
Billy Burch,,n/a,C,28,6-0,200,L/-,6,"November 20, 1900",us,"11 G, 5 A, 16 P"
Lionel Conacher,,n/a,D,27,6-2,195,L/-,3,"May 24, 1901",ca,"5 G, 2 A, 7 P"
Harry Connor,,n/a,LW,24,6-0,195,L/-,1,"December 3, 1904",ca,"6 G, 2 A, 8 P"
Babe Dye,,n/a,RW,30,5-8,150,R/-,9,"May 13, 1898",ca,"1 G, 0 A, 1 P"
Jake Forbes,,n/a,G,31,5-6,140,-/L,8,"July 4, 1897",ca,"1-0-0, 3.00 GAA"
Normie Himes,,n/a,C,25,5-9,145,R/-,2,"April 13, 1903",ca,"10 G, 0 A, 10 P"
Charley McVeigh,,n/a,RW,30,5-6,145,L/-,2,"March 29, 1898",ca,"6 G, 2 A, 8 P"
Leo Reise,,n/a,D,36,5-11,175,R/-,6,"June 1, 1892",ca,"4 G, 1 A, 5 P"
Johnny Sheppard,,n/a,C,25,5-7,165,L/-,2,"July 23, 1903",ca,"5 G, 4 A, 9 P"
Joe Simpson,,n/a,D,35,5-10,175,R/-,3,"August 13, 1893",ca,"3 G, 2 A, 5 P"
Jesse Spring,,n/a,RW,28,6-0,185,L/-,4,"January 18, 1901",us,"0 G, 0 A, 0 P"
Flat Walsh,,n/a,G,31,5-11,180,-/L,2,"March 23, 1897",ca,"2-0-2, 0.23 GAA"
Tex White,,n/a,RW,28,5-11,155,R/-,3,"June 26, 1900",ca,"2 G, 1 A, 3 P"
Roy Worters,,n/a,G,28,5-3,135,-/L,3,"October 19, 1900",ca,"16-12-10, 1.15 GAA"
