Ottawa Senators,OTS,nhl
1928-29,1929
14
44
0
GP,Date,Time,Location,Opponent,GF,GA,Result,Game Ended In,W,L,T,Streak,Notes
1,1928-11-15,time unavailable,H,New York Americans,0,0,T,OT,0,0,1,T 1
2,1928-11-17,time unavailable,H,Boston Bruins,2,2,T,OT,0,0,2,T 2
3,1928-11-20,time unavailable,H,Toronto Maple Leafs,4,1,W,REG,1,0,2,W 1
4,1928-11-22,time unavailable,@,Montreal Maroons,1,0,W,REG,2,0,2,W 2
5,1928-11-24,time unavailable,H,Detroit Cougars,1,1,T,OT,2,0,3,T 1
6,1928-11-27,time unavailable,@,New York Americans,0,1,L,REG,2,1,3,L 1
7,1928-12-01,time unavailable,H,Montreal Canadiens,0,2,L,REG,2,2,3,L 2
8,1928-12-06,time unavailable,H,Chicago Black Hawks,2,0,W,REG,3,2,3,W 1
9,1928-12-08,time unavailable,@,Toronto Maple Leafs,2,1,W,OT,4,2,3,W 2
10,1928-12-11,time unavailable,@,Chicago Black Hawks,1,2,L,REG,4,3,3,L 1
11,1928-12-13,time unavailable,@,Detroit Cougars,1,1,T,OT,4,3,4,T 1
12,1928-12-15,time unavailable,H,Pittsburgh Pirates,0,0,T,OT,4,3,5,T 2
13,1928-12-18,time unavailable,H,Montreal Maroons,1,2,L,REG,4,4,5,L 1
14,1928-12-20,time unavailable,@,New York Rangers,0,1,L,REG,4,5,5,L 2
15,1928-12-22,time unavailable,@,Montreal Canadiens,0,1,L,REG,4,6,5,L 3
16,1928-12-29,time unavailable,H,New York Americans,2,2,T,OT,4,6,6,T 1
17,1929-01-01,time unavailable,@,Boston Bruins,0,3,L,REG,4,7,6,L 1
18,1929-01-03,time unavailable,H,Montreal Canadiens,1,1,T,OT,4,7,7,T 1
19,1929-01-05,time unavailable,@,Toronto Maple Leafs,1,3,L,REG,4,8,7,L 1
20,1929-01-08,time unavailable,@,Montreal Maroons,1,1,T,OT,4,8,8,T 1
21,1929-01-10,time unavailable,H,New York Rangers,3,9,L,REG,4,9,8,L 1
22,1929-01-12,time unavailable,@,Pittsburgh Pirates,2,1,W,REG,5,9,8,W 1
23,1929-01-15,time unavailable,@,New York Americans,1,1,T,OT,5,9,9,T 1
24,1929-01-19,time unavailable,H,Montreal Maroons,1,1,T,OT,5,9,10,T 2
25,1929-01-22,time unavailable,H,Chicago Black Hawks,1,1,T,OT,5,9,11,T 3
26,1929-01-26,time unavailable,H,Montreal Canadiens,1,2,L,REG,5,10,11,L 1
27,1929-01-29,time unavailable,H,Toronto Maple Leafs,4,2,W,OT,6,10,11,W 1
28,1929-02-02,time unavailable,@,Montreal Canadiens,0,1,L,REG,6,11,11,L 1
29,1929-02-07,time unavailable,H,New York Rangers,2,1,W,REG,7,11,11,W 1
30,1929-02-09,time unavailable,H,Detroit Cougars,0,2,L,REG,7,12,11,L 1
31,1929-02-12,time unavailable,H,Montreal Maroons,2,1,W,REG,8,12,11,W 1
32,1929-02-14,time unavailable,@,Montreal Maroons,0,4,L,REG,8,13,11,L 1
33,1929-02-16,time unavailable,@,Pittsburgh Pirates,2,1,W,OT,9,13,11,W 1
34,1929-02-19,time unavailable,@,Detroit Cougars,2,1,W,REG,10,13,11,W 2
35,1929-02-21,time unavailable,@,Chicago Black Hawks,3,0,W,REG,11,13,11,W 3,"at Detroit, MI"
36,1929-02-23,time unavailable,H,Pittsburgh Pirates,3,0,W,REG,12,13,11,W 4
37,1929-02-26,time unavailable,@,New York Rangers,0,2,L,REG,12,14,11,L 1
38,1929-02-28,time unavailable,H,Boston Bruins,0,4,L,REG,12,15,11,L 2
39,1929-03-02,time unavailable,@,Toronto Maple Leafs,1,1,T,OT,12,15,12,T 1
40,1929-03-05,time unavailable,H,New York Americans,1,1,T,OT,12,15,13,T 2
41,1929-03-07,time unavailable,@,Montreal Canadiens,0,3,L,REG,12,16,13,L 1
42,1929-03-09,time unavailable,@,Boston Bruins,2,1,W,REG,13,16,13,W 1
43,1929-03-12,time unavailable,@,New York Americans,1,2,L,REG,13,17,13,L 1
44,1929-03-16,time unavailable,H,Toronto Maple Leafs,2,0,W,REG,14,17,13,W 1

Time,Location,Result,Game Ended In

Georges Boucher,,n/a,D,32,5-9,169,L/-,11,"August 17, 1896",ca,"3 G, 1 A, 4 P"
King Clancy,,n/a,D,25,5-7,155,L/-,7,"February 25, 1903",ca,"13 G, 2 A, 15 P"
Alec Connell,,n/a,G,26,5-9,150,-/R,4,"February 8, 1902",ca,"14-17-13, 1.43 GAA"
Fred Elliott,,n/a,RW,25,5-8,165,R/-,R,"February 18, 1903",ca,"2 G, 0 A, 2 P"
Frank Finnigan,,n/a,RW,25,5-9,165,R/-,5,"July 9, 1903",ca,"15 G, 4 A, 19 P"
Sam Godin,,n/a,W,19,5-10,156,R/-,1,"September 20, 1909",ca,"2 G, 1 A, 3 P"
Len Grosvenor,,n/a,C,23,5-9,172,R/-,1,"July 21, 1905",ca,"3 G, 2 A, 5 P"
Milt Halliday,,n/a,F/D,22,5-10,180,L/-,2,"September 21, 1906",ca,"0 G, 0 A, 0 P"
Hec Kilrea,,n/a,LW,21,5-8,175,L/-,3,"June 11, 1907",ca,"5 G, 7 A, 12 P"
Joe Lamb,,n/a,LW,22,5-10,170,R/-,1,"June 18, 1906",ca,"0 G, 0 A, 0 P"
Frank Nighbor,,n/a,C,36,5-9,160,R/-,11,"January 26, 1893",ca,"1 G, 4 A, 5 P"
Al Shields,,n/a,D,21,6-0,188,R/-,1,"May 10, 1907",ca,"0 G, 1 A, 1 P"
Alex Smith,,n/a,D,26,5-11,176,L/-,4,"April 2, 1902",gb,"1 G, 7 A, 8 P"
Bill Touhey,,n/a,LW/C,22,5-9,155,L/-,1,"March 23, 1906",ca,"9 G, 3 A, 12 P"
