Montreal Canadiens,MTL,nhl
1922-23,1923
11
24
2
GP,Date,Time,Location,Opponent,GF,GA,Result,Game Ended In,W,L,T,Streak,Notes
1,1922-12-16,time unavailable,@,Toronto St. Patricks,2,7,L,REG,0,1,0,L 1
2,1922-12-20,time unavailable,H,Hamilton Tigers,7,3,W,REG,1,1,0,W 1
3,1922-12-23,time unavailable,H,Ottawa Senators,0,3,L,REG,1,2,0,L 1
4,1922-12-27,time unavailable,@,Ottawa Senators,2,2,T,OT,1,2,1,T 1
5,1922-12-30,time unavailable,H,Toronto St. Patricks,8,2,W,REG,2,2,1,W 1
6,1923-01-03,time unavailable,@,Hamilton Tigers,4,1,W,REG,3,2,1,W 2
7,1923-01-06,time unavailable,H,Hamilton Tigers,2,3,L,OT,3,3,1,L 1
8,1923-01-10,time unavailable,@,Ottawa Senators,2,6,L,REG,3,4,1,L 2
9,1923-01-13,time unavailable,@,Toronto St. Patricks,2,2,T,OT,3,4,2,T 1
10,1923-01-17,time unavailable,H,Ottawa Senators,2,1,W,REG,4,4,2,W 1
11,1923-01-20,time unavailable,H,Toronto St. Patricks,3,1,W,REG,5,4,2,W 2
12,1923-01-24,time unavailable,@,Hamilton Tigers,5,1,W,REG,6,4,2,W 3
13,1923-01-27,time unavailable,@,Toronto St. Patricks,2,4,L,REG,6,5,2,L 1
14,1923-01-31,time unavailable,H,Hamilton Tigers,5,4,W,REG,7,5,2,W 1
15,1923-02-03,time unavailable,H,Ottawa Senators,4,1,W,REG,8,5,2,W 2
16,1923-02-07,time unavailable,@,Ottawa Senators,0,3,L,REG,8,6,2,L 1
17,1923-02-10,time unavailable,H,Toronto St. Patricks,5,3,W,REG,9,6,2,W 1
18,1923-02-14,time unavailable,@,Hamilton Tigers,2,4,L,REG,9,7,2,L 1
19,1923-02-17,time unavailable,@,Ottawa Senators,0,2,L,REG,9,8,2,L 2
20,1923-02-21,time unavailable,H,Hamilton Tigers,5,3,W,REG,10,8,2,W 1
21,1923-02-24,time unavailable,@,Toronto St. Patricks,3,4,L,REG,10,9,2,L 1
22,1923-02-28,time unavailable,H,Toronto St. Patricks,3,0,W,REG,11,9,2,W 1
23,1923-03-03,time unavailable,H,Ottawa Senators,1,0,W,REG,12,9,2,W 2
24,1923-03-05,time unavailable,@,Hamilton Tigers,4,1,W,REG,13,9,2,W 3

GP,Date,Time,Location,Opponent,GF,GA,Result,Game Ended In,W,L,T,Streak,Notes
1,1923-03-07,time unavailable,H,Ottawa Senators,0,2,L,REG,0,1,0,L 1
2,1923-03-09,time unavailable,@,Ottawa Senators,2,1,W,REG,1,1,0,W 1

Billy Bell,,9,F,31,5-10,180,R/-,4,"June 10, 1891",ca,"0 G, 0 A, 0 P"
Louis Berlinguette,,6,LW,35,5-11,175,L/-,5,"May 26, 1887",ca,"2 G, 4 A, 6 P"
Edmond Bouchard,,8,F,30,5-10,185,L/-,1,"May 24, 1892",ca,"0 G, 0 A, 0 P"
Billy Boucher,,5,RW,23,5-7,155,R/-,1,"November 10, 1899",ca,"24 G, 7 A, 31 P"
Odie Cleghorn,,7,C,31,5-9,195,R/-,4,"September 19, 1891",ca,"19 G, 6 A, 25 P"
Sprague Cleghorn,(C),2,D,32,5-10,190,L/-,4,"March 11, 1890",ca,"9 G, 8 A, 17 P"
Billy Coutu,,3,D,30,5-11,190,L/-,5,"March 1, 1892",ca,"5 G, 2 A, 7 P"
Aurele Joliat,,4,LW,21,5-7,136,L/-,R,"August 29, 1901",ca,"12 G, 9 A, 21 P"
Joe Malone,,n/a,C,32,5-10,150,L/-,5,"February 28, 1890",ca,"1 G, 0 A, 1 P"
Didier Pitre,,10,RW,39,5-11,185,R/-,5,"September 1, 1883",ca,"1 G, 2 A, 3 P"
Georges Vezina,,1,G,36,5-6,185,-/L,5,"January 21, 1887",ca,"13-9-2, 2.46 GAA"
