Toronto St. Patricks,TRS,nhl
1922-23,1923
12
24
0
GP,Date,Time,Location,Opponent,GF,GA,Result,Game Ended In,W,L,T,Streak,Notes
1,1922-12-16,time unavailable,H,Montreal Canadiens,7,2,W,REG,1,0,0,W 1
2,1922-12-20,time unavailable,@,Ottawa Senators,2,7,L,REG,1,1,0,L 1
3,1922-12-23,time unavailable,H,Hamilton Tigers,9,4,W,REG,2,1,0,W 1
4,1922-12-27,time unavailable,@,Hamilton Tigers,6,9,L,REG,2,2,0,L 1
5,1922-12-30,time unavailable,@,Montreal Canadiens,2,8,L,REG,2,3,0,L 2
6,1923-01-03,time unavailable,H,Ottawa Senators,3,2,W,OT,3,3,0,W 1
7,1923-01-06,time unavailable,@,Ottawa Senators,1,2,L,REG,3,4,0,L 1
8,1923-01-10,time unavailable,@,Hamilton Tigers,7,6,W,OT,4,4,0,W 1
9,1923-01-13,time unavailable,H,Montreal Canadiens,2,2,T,OT,4,4,1,T 1
10,1923-01-17,time unavailable,H,Hamilton Tigers,2,5,L,REG,4,5,1,L 1
11,1923-01-20,time unavailable,@,Montreal Canadiens,1,3,L,REG,4,6,1,L 2
12,1923-01-24,time unavailable,H,Ottawa Senators,2,1,W,OT,5,6,1,W 1
13,1923-01-27,time unavailable,H,Montreal Canadiens,4,2,W,REG,6,6,1,W 2
14,1923-01-31,time unavailable,@,Ottawa Senators,1,2,L,REG,6,7,1,L 1
15,1923-02-03,time unavailable,H,Hamilton Tigers,6,5,W,REG,7,7,1,W 1
16,1923-02-07,time unavailable,@,Hamilton Tigers,4,2,W,REG,8,7,1,W 2
17,1923-02-10,time unavailable,@,Montreal Canadiens,3,5,L,REG,8,8,1,L 1
18,1923-02-14,time unavailable,H,Ottawa Senators,6,4,W,REG,9,8,1,W 1
19,1923-02-17,time unavailable,@,Hamilton Tigers,3,2,W,REG,10,8,1,W 2
20,1923-02-21,time unavailable,@,Ottawa Senators,1,6,L,REG,10,9,1,L 1
21,1923-02-24,time unavailable,H,Montreal Canadiens,4,3,W,REG,11,9,1,W 1
22,1923-02-28,time unavailable,@,Montreal Canadiens,0,3,L,REG,11,10,1,L 1
23,1923-03-03,time unavailable,H,Hamilton Tigers,4,3,W,REG,12,10,1,W 1
24,1923-03-05,time unavailable,H,Ottawa Senators,2,0,W,REG,13,10,1,W 2

Time,Location,Result,Game Ended In

Jack Adams,,n/a,C,27,5-9,175,R/-,2,"June 14, 1895",ca,"19 G, 9 A, 28 P"
Lloyd Andrews,,n/a,F,28,L/-,1,"November 4, 1894","5 G, 4 A, 9 P",ca
Harry Cameron,,n/a,D,32,5-10,155,R/-,5,"February 6, 1890",ca,"9 G, 7 A, 16 P"
Corb Denneny,,n/a,LW/C,29,5-8,160,R/-,5,"January 25, 1894",ca,"1 G, 0 A, 1 P"
Gerry Denoird,,n/a,F,20,5-10,170,R/-,R,"August 4, 1902",ca,"0 G, 1 A, 1 P"
Babe Dye,,n/a,RW,24,5-8,150,R/-,3,"May 13, 1898",ca,"26 G, 11 A, 37 P"
Reg Noble,,n/a,LW,26,5-8,180,L/-,5,"June 23, 1896",ca,"12 G, 11 A, 23 P"
Ken Randall,,n/a,D/RW,34,5-10,180,R/-,5,"December 14, 1888",ca,"3 G, 5 A, 8 P"
John Ross Roach,,n/a,G,22,5-5,130,-/L,1,"June 23, 1900",ca,"13-10-1, 3.59 GAA"
Ganton Scott,,n/a,RW,19,5-9,165,R/-,R,"March 23, 1903",ca,"0 G, 0 A, 0 P"
Rod Smylie,,n/a,LW,27,5-10,170,R/-,2,"September 28, 1895",ca,"0 G, 0 A, 0 P"
Billy Stuart,,n/a,D,22,5-11,190,L/-,2,"February 1, 1900",ca,"7 G, 3 A, 10 P"
