Montreal Canadiens,MTL,nhl
1919-20,1920
12
24
0
GP,Date,Time,Location,Opponent,GF,GA,Result,Game Ended In,W,L,T,Streak,Notes
1,1919-12-25,time unavailable,@,Quebec Athletic Club/Bulldogs,12,5,W,REG,1,0,0,W 1
2,1919-12-27,time unavailable,H,Ottawa Senators,0,2,L,REG,1,1,0,L 1
3,1919-12-31,time unavailable,@,Toronto St. Patricks,1,5,L,REG,1,2,0,L 2
4,1920-01-07,time unavailable,@,Ottawa Senators,3,4,L,REG,1,3,0,L 3
5,1920-01-10,time unavailable,H,Toronto St. Patricks,14,7,W,REG,2,3,0,W 1
6,1920-01-12,time unavailable,H,Quebec Athletic Club/Bulldogs,7,3,W,REG,3,3,0,W 2
7,1920-01-14,time unavailable,@,Toronto St. Patricks,4,3,W,REG,4,3,0,W 3
8,1920-01-17,time unavailable,H,Ottawa Senators,3,2,W,REG,5,3,0,W 4
9,1920-01-21,time unavailable,H,Toronto St. Patricks,3,2,W,REG,6,3,0,W 5
10,1920-01-24,time unavailable,@,Quebec Athletic Club/Bulldogs,8,4,W,REG,7,3,0,W 6
11,1920-01-28,time unavailable,H,Quebec Athletic Club/Bulldogs,4,3,W,OT,8,3,0,W 7
12,1920-01-31,time unavailable,@,Ottawa Senators,3,11,L,REG,8,4,0,L 1
13,1920-02-04,time unavailable,@,Toronto St. Patricks,6,5,W,REG,9,4,0,W 1
14,1920-02-07,time unavailable,H,Quebec Athletic Club/Bulldogs,6,2,W,REG,10,4,0,W 2
15,1920-02-11,time unavailable,@,Ottawa Senators,3,4,L,REG,10,5,0,L 1
16,1920-02-14,time unavailable,H,Ottawa Senators,2,3,L,OT,10,6,0,L 2
17,1920-02-18,time unavailable,H,Toronto St. Patricks,2,8,L,REG,10,7,0,L 3
18,1920-02-21,time unavailable,@,Quebec Athletic Club/Bulldogs,7,8,L,OT,10,8,0,L 4
19,1920-02-25,time unavailable,@,Ottawa Senators,3,6,L,REG,10,9,0,L 5
20,1920-02-28,time unavailable,H,Quebec Athletic Club/Bulldogs,8,6,W,REG,11,9,0,W 1
21,1920-03-03,time unavailable,@,Quebec Athletic Club/Bulldogs,16,3,W,REG,12,9,0,W 2
22,1920-03-06,time unavailable,H,Ottawa Senators,3,4,L,OT,12,10,0,L 1
23,1920-03-10,time unavailable,H,Toronto St. Patricks,7,2,W,REG,13,10,0,W 1
24,1920-03-13,time unavailable,@,Toronto St. Patricks,4,11,L,REG,13,11,0,L 1

Time,Location,Result,Game Ended In

Amos Arbour,,10,LW,25,5-8,160,L/-,1,"January 26, 1895",ca,"21 G, 5 A, 26 P"
Louis Berlinguette,,8,LW,32,5-11,175,L/-,2,"May 26, 1887",ca,"8 G, 9 A, 17 P"
Harry Cameron,,11,D,29,5-10,155,R/-,2,"February 6, 1890",ca,"12 G, 5 A, 17 P"
Odie Cleghorn,,6,C,28,5-9,195,R/-,1,"September 19, 1891",ca,"20 G, 4 A, 24 P"
Bert Corbeau,,2,D,25,5-11,200,R/-,2,"February 9, 1894",ca,"11 G, 6 A, 17 P"
Jack Coughlin,,12,F,27,5-10,170,R/-,1,"June 6, 1892",ca,"0 G, 0 A, 0 P"
Billy Coutu,,9,D,27,5-11,190,L/-,2,"March 1, 1892",ca,"4 G, 0 A, 4 P"
Newsy Lalonde,(C),4,C,32,5-9,168,R/-,2,"October 31, 1887",ca,"37 G, 9 A, 46 P"
Howard McNamara,,3,D,26,6-0,240,L/-,R,"August 3, 1893",ca,"1 G, 0 A, 1 P"
Didier Pitre,,5,RW,36,5-11,185,R/-,2,"September 1, 1883",ca,"14 G, 12 A, 26 P"
Don Smith,,7,C,31,5-7,160,L/-,R,"June 3, 1888",ca,"1 G, 0 A, 1 P"
Georges Vezina,,1,G,33,5-6,185,-/L,2,"January 21, 1887",ca,"13-11-0, 4.66 GAA"
