INFO:
teamName,South Six Ball-eivers
teamAbbreviation,South Six Ball-eivers
sportId,n/a
sportName,n/a
sportRules,n/a
leagueId,watMu
levelId,n/a
seasonName,n/a
seasonId,n/a
Roster Size,23
Season Games Played,6
Playoff Round Lengths,1
END_INFO

SEASON:
Date/Time,Location,Opposing Team,Score,S.O.C.
Sat Sep 20 @ 10:30 pm,Columbia Icefield: Gym 3,Wondrous Walruses,lost 5 - 0,2
Tue Oct 14 @ 10:30 pm,Columbia Icefield: Gym 3,GETTIN THE D...odge,won 5 - 3,-2
Wed Oct 22 @ 5:30 pm,Columbia Icefield: Gym 3,Chu Chus,lost 7 - 2,1
Sun Oct 26 @ 10:00 pm,Columbia Icefield: Gym 3,Abusement Park,lost 4 - 5,1
Tue Oct 28 @ 9:30 pm,Columbia Icefield: Gym 3,Paul’s Balls,won 6 - 3,2
Tue Nov 4 @ 8:30 pm,Columbia Icefield: Gym 3,UW Greeks,won 0 - 5,avg.
END_SEASON

PLAYOFFS:
Date/Time,Location,Opposing Team,Score,S.O.C.
Tue Nov 18 @ 8:30 pm,Columbia Icefield: Gym 3,SYDE PRIDE,lost 3 - 5,2
END_PLAYOFFS

ROSTER:
Player,Captaincy,uwaterloo_email
Jared Borosch,(C),jgborosc@uwaterloo.ca
Cameron Boyes,,
Olivia Cao,,
Thomas Chan,,
Jimmy Hoi Ching Chu,,
Felicia Corrado,,
Avery-Jade Delisle,,
Lindsay Dohar,,
Kendrick Galano,,
Sarah Griffith,,
Allyson Hildebrandt,,
Hyunhee Kim,,
Michael Latayan,,
Kara Lyon,,
Menagan Mehanathan,,
Shaveta Mohan,,
Samantha Newman,,
Nathan Nolan,,
Jessica Russell,,
Arjun Saini,,
Pelisha Samithamby,,
Maher Shoura,,
Adrian Woodfine,,
END_ROSTER
