INFO:
teamName,OCC Mc’Dodgers
teamAbbreviation,OCC Mc’Dodgers
sportId,n/a
sportName,n/a
sportRules,n/a
leagueId,watMu
levelId,n/a
seasonName,n/a
seasonId,n/a
Roster Size,15
Season Games Played,6
Playoff Round Lengths,1
END_INFO

SEASON:
Date/Time,Location,Opposing Team,Score,S.O.C.
Tue Sep 23 @ 10:30 pm,Columbia Icefield: Gym 3,The Legion of Doom,lost 3 - 6,3
Wed Oct 8 @ 10:30 pm,Columbia Icefield: Gym 3,Agile Albatrosses,lost 5 - 3,3
Wed Oct 15 @ 6:30 pm,Columbia Icefield: Gym 3,Chu Chus,lost 2 - 7,4
Wed Oct 29 @ 8:30 pm,Columbia Icefield: Gym 3,Dodgepauls,won 5 - 1,2
Wed Nov 5 @ 5:30 pm,Columbia Icefield: Gym 3,Kevin,lost 7 - 0,1
Tue Nov 11 @ 9:30 pm,Columbia Icefield: Gym 3,SYDE PRIDE,won 5 - 0,avg.
END_SEASON

PLAYOFFS:
Date/Time,Location,Opposing Team,Score,S.O.C.
Tue Nov 18 @ 6:30 pm,Columbia Icefield: Gym 3,West All Stars,lost 5 - 0,-2
END_PLAYOFFS

ROSTER:
Player,Captaincy,uwaterloo_email
Taylor Harpell Facchini,(C),taylor.facchini@hotmail.com
Natalia Godwinska,,
Kieran Gooch,,
Dominic Gora,,
Rhiannon Hodgson,,
Sumeeth Jugdave,,
Nawazish Khan,,
Nicole Mann,,
Claudia Martin Calderon,,
Jie Ni,,
Bethany Strelioff,,
Tomson Tran,,
Carol Valerio Pena,,
Peter Wong,,
Terence Yu Asensi,,
END_ROSTER
