INFO:
teamName,N5 Best Alive
teamAbbreviation,N5 Best Alive
sportId,n/a
sportName,n/a
sportRules,n/a
leagueId,watMu
levelId,n/a
seasonName,n/a
seasonId,n/a
Roster Size,15
Season Games Played,6
Playoff Round Lengths,1
END_INFO

SEASON:
Date/Time,Location,Opposing Team,Score,S.O.C.
Thu Sep 18 @ 6:00 pm,Columbia Icefield: Gym 3,Kevin,lost 5 - 1,3
Wed Oct 1 @ 10:30 pm,Columbia Icefield: Gym 3,SYDE PRIDE,lost 2 - 6,3
Tue Oct 21 @ 9:30 pm,Columbia Icefield: Gym 3,Dodgepauls,won 0 - 5,avg.
Wed Oct 29 @ 7:30 pm,Columbia Icefield: Gym 3,Chu Chus,lost 5 - 2,4
Wed Nov 5 @ 9:30 pm,Columbia Icefield: Gym 3,BLYTHWOOD BEAUTIES,lost 8 - 0,3
Sat Nov 8 @ 1:00 pm,Columbia Icefield: Gym 1,You Tan Touch This!,lost 5 - 0,-2
END_SEASON

PLAYOFFS:
Date/Time,Location,Opposing Team,Score,S.O.C.
Tue Nov 25 @ 9:30 pm,Columbia Icefield: Gym 3,Rubber Duckies,lost 0 - 5,-2
END_PLAYOFFS

ROSTER:
Player,Captaincy,uwaterloo_email
Rohit Jacob,(C),rtjacob@uwaterloo.ca
Adeen Bilal,,
Jialu Chen,,
Hamid Darvish-Kazem,,
Darren Dyer,,
Ziyuan Gao,,
Kathryn Illing,,
Omar Kaakati,,
Xin Li,,
Yu Lin,,
Michelle Luu,,
Isaiah Magtanong,,
Sidhant Mishra,,
Rafa Narciso,,
Monel Pithadia,,
END_ROSTER
