INFO:
teamName,GETTIN THE D...odge
teamAbbreviation,GETTIN THE D...odge
sportId,n/a
sportName,n/a
sportRules,n/a
leagueId,watMu
levelId,n/a
seasonName,n/a
seasonId,n/a
Roster Size,12
Season Games Played,6
Playoff Round Lengths,1,1
END_INFO

SEASON:
Date/Time,Location,Opposing Team,Score,S.O.C.
Thu Sep 18 @ 5:00 pm,Columbia Icefield: Gym 3,CE Purple Cobras,lost 5 - 1,3
Sat Sep 20 @ 9:30 pm,Columbia Icefield: Gym 3,The Dodgefathers,won 5 - 2,2
Thu Oct 9 @ 6:00 pm,Columbia Icefield: Gym 3,Macho Man Randy Savage and his Gang of Thieves,lost 8 - 1,2
Tue Oct 14 @ 10:30 pm,Columbia Icefield: Gym 3,South Six Ball-eivers,lost 5 - 3,3
Sat Nov 1 @ 4:00 pm,Columbia Icefield: Gym 1,Pharm Dodgers,lost 8 - 1,3
Sat Nov 8 @ 7:00 pm,Columbia Icefield: Gym 1,Wondrous Walruses,tie 0 - 0,-2
END_SEASON

PLAYOFFS:
Date/Time,Location,Opposing Team,Score,S.O.C.
Wed Nov 26 @ 7:30 pm,Columbia Icefield: Gym 3,Kashif If You Can,won 6 - 2,2
Tue Dec 2 @ 8:30 pm,Columbia Icefield: Gym 2,Rubber Duckies,won 5 - 0,3
END_PLAYOFFS

ROSTER:
Player,Captaincy,uwaterloo_email
Nolan Boyes,(C),nboyes@uwaterloo.ca
Ali Abbas,,
Kevin Deavy,,
Victoria Debrincat,,
Jonathan Dell,,
Lisa Grant,,
Mohamed Hassan,,
Joab Howell,,
Luke Kershaw,,
Pathirage Perera,,
Zachary Poole,,
Michelle Ryan,,
END_ROSTER
