INFO:
teamName,Agile Albatrosses
teamAbbreviation,Agile Albatrosses
sportId,n/a
sportName,n/a
sportRules,n/a
leagueId,watMu
levelId,n/a
seasonName,n/a
seasonId,n/a
Roster Size,11
Season Games Played,6
Playoff Round Lengths,1
END_INFO

SEASON:
Date/Time,Location,Opposing Team,Score,S.O.C.
Tue Sep 16 @ 10:30 pm,Columbia Icefield: Gym 3,Balls Deep,lost 5 - 3,3
Wed Oct 8 @ 10:30 pm,Columbia Icefield: Gym 3,OCC Mc’Dodgers,won 5 - 3,3
Sat Nov 1 @ 8:00 pm,Columbia Icefield: Gym 1,Kashif If You Can,won 5 - 0,avg.
Thu Nov 6 @ 6:00 pm,Columbia Icefield: Gym 3,Falcon Punch,tie 4 - 4,3
Sat Nov 8 @ 8:00 pm,Columbia Icefield: Gym 1,North C-men,lost 3 - 5,3
Tue Nov 11 @ 8:30 pm,Columbia Icefield: Gym 3,Paul’s Balls,won 5 - 0,avg.
END_SEASON

PLAYOFFS:
Date/Time,Location,Opposing Team,Score,S.O.C.
Wed Nov 19 @ 10:30 pm,Columbia Icefield: Gym 3,Kevin,lost 5 - 2,2
END_PLAYOFFS

ROSTER:
Player,Captaincy,uwaterloo_email
Timothy Greenwood,(C),TDGREENW@uwaterloo.ca
Trevor Alkema,,
Benjamin Craig,,
Alexandra Decker,,
Lukas Hayter,,
Charles Pavey,,
Luke Reed,,
Pamela Reimer,,
Aaron Shantz,,
Jordan Snyder,,
Mackenzie Wright,,
END_ROSTER
