INFO:
teamName,Kevin
teamAbbreviation,Kevin
sportId,n/a
sportName,n/a
sportRules,n/a
leagueId,watMu
levelId,n/a
seasonName,n/a
seasonId,n/a
Roster Size,16
Season Games Played,6
Playoff Round Lengths,1,1,1
END_INFO

SEASON:
Date/Time,Location,Opposing Team,Score,S.O.C.
Thu Sep 18 @ 6:00 pm,Columbia Icefield: Gym 3,N5 Best Alive,won 5 - 1,3
Sat Oct 4 @ 2:00 pm,Columbia Icefield: Gym 1,The Dodgefathers,lost 0 - 5,-2
Sat Oct 18 @ 7:00 pm,Columbia Icefield: Gym 1,Abusement Park,won 5 - 4,-2
Sat Nov 1 @ 2:00 pm,Columbia Icefield: Gym 1,Ball So Hard,won 0 - 5,avg.
Wed Nov 5 @ 5:30 pm,Columbia Icefield: Gym 3,OCC Mc’Dodgers,won 7 - 0,1
Sat Nov 8 @ 4:00 pm,Columbia Icefield: Gym 1,Macho Man Randy Savage and his Gang of Thieves,lost 4 - 5,3
END_SEASON

PLAYOFFS:
Date/Time,Location,Opposing Team,Score,S.O.C.
Wed Nov 19 @ 10:30 pm,Columbia Icefield: Gym 3,Agile Albatrosses,won 5 - 2,2
Thu Nov 27 @ 6:00 pm,Columbia Icefield: Gym 3,DBSTL,won 1 - 5,2
Mon Dec 1 @ 10:00 pm,Columbia Icefield: Gym 2,Wondrous Walruses,lost 4 - 3,1
END_PLAYOFFS

ROSTER:
Player,Captaincy,uwaterloo_email
Max Fondyga,(C),MAFONDYG@uwaterloo.ca
Mohamed Abou Zid,,
Mohammed Barbouti,,
Kevin Dang,,
Eric Ho,,
Syed Husainie,,
Jeong Kim,,
Seo Kim,,
Carlton Lai,,
Harry Oh,,
Thomas Paradis,,
Said Roubi,,
Sayantan Sengupta,,
Tyler Sennema,,
Aaron Trainor,,
Jan Van Niekerk,,
END_ROSTER
