INFO:
teamName,Wondrous Walruses
teamAbbreviation,Wondrous Walruses
sportId,n/a
sportName,n/a
sportRules,n/a
leagueId,watMu
levelId,n/a
seasonName,n/a
seasonId,n/a
Roster Size,9
Season Games Played,6
Playoff Round Lengths,1,1,1
END_INFO

SEASON:
Date/Time,Location,Opposing Team,Score,S.O.C.
Sat Sep 20 @ 10:30 pm,Columbia Icefield: Gym 3,South Six Ball-eivers,won 5 - 0,2
Sat Oct 18 @ 1:00 pm,Columbia Icefield: Gym 1,UW Greeks,won 0 - 5,avg.
Tue Nov 4 @ 9:30 pm,Columbia Icefield: Gym 3,Macho Man Randy Savage and his Gang of Thieves,won 5 - 4,2
Thu Nov 6 @ 5:00 pm,Columbia Icefield: Gym 3,West Side Dodgers,lost 5 - 0,-2
Sat Nov 8 @ 7:00 pm,Columbia Icefield: Gym 1,GETTIN THE D...odge,tie 0 - 0,-2
Mon Nov 10 @ 5:00 pm,Columbia Icefield: Gym 2,Rubber Duckies,won 0 - 9,3
END_SEASON

PLAYOFFS:
Date/Time,Location,Opposing Team,Score,S.O.C.
Wed Nov 19 @ 7:30 pm,Columbia Icefield: Gym 3,I Shaved My Dodgeballs For This?,won 6 - 3,2
Wed Nov 26 @ 5:30 pm,Columbia Icefield: Gym 3,You Tan Touch This!,won 4 - 5,2
Mon Dec 1 @ 10:00 pm,Columbia Icefield: Gym 2,Kevin,won 4 - 3,1
END_PLAYOFFS

ROSTER:
Player,Captaincy,uwaterloo_email
Perry Everett,(C),pbeveret@uwaterloo.ca
Alyssa Bruulsema,,
Patrick Carroll,,
Mika Driedger,,
James Loewen,,
Sypros Loukidelis,,
Peter Reesor,,
Alexander Rudy,,
Graham Thomas,,
END_ROSTER
