INFO:
teamName,SYDE PRIDE
teamAbbreviation,SYDE PRIDE
sportId,n/a
sportName,n/a
sportRules,n/a
leagueId,watMu
levelId,n/a
seasonName,n/a
seasonId,n/a
Roster Size,13
Season Games Played,6
Playoff Round Lengths,1,1
END_INFO

SEASON:
Date/Time,Location,Opposing Team,Score,S.O.C.
Tue Sep 16 @ 9:30 pm,Columbia Icefield: Gym 3,We’re Alright ... I Guess,won 5 - 4,3
Wed Oct 1 @ 10:30 pm,Columbia Icefield: Gym 3,N5 Best Alive,won 2 - 6,1
Sat Oct 4 @ 5:00 pm,Columbia Icefield: Gym 1,West All Stars,lost 5 - 0,-2
Wed Nov 5 @ 6:30 pm,Columbia Icefield: Gym 3,CE Purple Cobras,lost 0 - 5,0
Wed Nov 5 @ 7:30 pm,Columbia Icefield: Gym 3,Goose Attack,lost 5 - 4,3
Tue Nov 11 @ 9:30 pm,Columbia Icefield: Gym 3,OCC Mc’Dodgers,lost 5 - 0,-2
END_SEASON

PLAYOFFS:
Date/Time,Location,Opposing Team,Score,S.O.C.
Tue Nov 18 @ 8:30 pm,Columbia Icefield: Gym 3,South Six Ball-eivers,won 3 - 5,2
Tue Nov 25 @ 7:30 pm,Columbia Icefield: Gym 3,Falcon Punch,lost 6 - 3,3
END_PLAYOFFS

ROSTER:
Player,Captaincy,uwaterloo_email
Cole Jackes,(C),clbjacke@uwaterloo.ca
Ali Akram,,
Landon Catenacci,,
Nolan Dey,,
Nicholas Mohamed,,
Mohamed Moussa,,
Paula Przybylski,,
Rachel Schwegel,,
Emily Shepherd,,
Iryna Shvydchenko,,
Derek Toews,,
Sebastian Wetteskind,,
Jerry Zhang,,
END_ROSTER
