INFO:
teamName,Macho Man Randy Savage and his Gang of Thieves
teamAbbreviation,Macho Man Randy Savage and his Gang of Thieves
sportId,n/a
sportName,n/a
sportRules,n/a
leagueId,watMu
levelId,n/a
seasonName,n/a
seasonId,n/a
Roster Size,15
Season Games Played,6
Playoff Round Lengths,1,1
END_INFO

SEASON:
Date/Time,Location,Opposing Team,Score,S.O.C.
Thu Oct 2 @ 5:00 pm,Columbia Icefield: Gym 3,Rubber Duckies,won 5 - 0,avg.
Sat Oct 4 @ 7:00 pm,Columbia Icefield: Gym 1,Ball So Hard,won 1 - 8,3
Thu Oct 9 @ 6:00 pm,Columbia Icefield: Gym 3,GETTIN THE D...odge,won 8 - 1,2
Sat Oct 18 @ 8:00 pm,Columbia Icefield: Gym 1,The Dodgefathers,won 0 - 7,4
Tue Nov 4 @ 9:30 pm,Columbia Icefield: Gym 3,Wondrous Walruses,lost 5 - 4,3
Sat Nov 8 @ 4:00 pm,Columbia Icefield: Gym 1,Kevin,won 4 - 5,3
END_SEASON

PLAYOFFS:
Date/Time,Location,Opposing Team,Score,S.O.C.
Tue Nov 18 @ 9:30 pm,Columbia Icefield: Gym 3,We’re Alright ... I Guess,won 5 - 2,2
Wed Nov 26 @ 10:30 pm,Columbia Icefield: Gym 3,Pharm Dodgers,lost 2 - 5,2
END_PLAYOFFS

ROSTER:
Player,Captaincy,uwaterloo_email
Michael Macleod,(C),mrmacleo@uwaterloo.ca
Byeong-Geon Cho,,
Thomas Constantin,,
Grace Gibson,,
Adrienne Goldsworthy,,
Elizabeth Griffin,,
Geoffrey Iwasa,,
Scott Kavanagh,,
Brandon Lum,,
James McNally,,
Thomas Mesher,,
Dobrivoje Nezic,,
Edward Sokolowski,,
Kristen Wesenberg,,
Steven Wong,,
END_ROSTER
