INFO:
teamName,I Shaved My Dodgeballs For This?
teamAbbreviation,I Shaved My Dodgeballs For This?
sportId,n/a
sportName,n/a
sportRules,n/a
leagueId,watMu
levelId,n/a
seasonName,n/a
seasonId,n/a
Roster Size,10
Season Games Played,6
Playoff Round Lengths,1
END_INFO

SEASON:
Date/Time,Location,Opposing Team,Score,S.O.C.
Wed Sep 17 @ 5:00 pm,Columbia Icefield: Gym 2,Rubber Duckies,won 8 - 1,2
Wed Sep 24 @ 10:30 pm,Columbia Icefield: Gym 3,DBSTL,won 3 - 4,1
Wed Oct 8 @ 9:30 pm,Columbia Icefield: Gym 3,Pharm Dodgers,lost 9 - 0,2
Wed Oct 22 @ 6:30 pm,Columbia Icefield: Gym 3,South 5 Warriors,lost 4 - 5,3
Wed Oct 29 @ 5:30 pm,Columbia Icefield: Gym 3,North C-men,lost 4 - 5,4
Sat Nov 8 @ 6:00 pm,Columbia Icefield: Gym 1,Balls Deep,won 0 - 5,avg.
END_SEASON

PLAYOFFS:
Date/Time,Location,Opposing Team,Score,S.O.C.
Wed Nov 19 @ 7:30 pm,Columbia Icefield: Gym 3,Wondrous Walruses,lost 6 - 3,2
END_PLAYOFFS

ROSTER:
Player,Captaincy,uwaterloo_email
Eric Lindsay,(C),emlindsa@uwaterloo.ca
Anjali Arya,,
Anirudh Bakhru,,
Michael Chan,,
Puneet Kapoor,,
Evan Keir-Sage,,
Carly McCready,,
Rishi Sharma,,
Evan Shepherdson,,
Martin Smith,,
END_ROSTER
