INFO:
teamName,West All Stars
teamAbbreviation,West All Stars
sportId,n/a
sportName,n/a
sportRules,n/a
leagueId,watMu
levelId,n/a
seasonName,n/a
seasonId,n/a
Roster Size,32
Season Games Played,6
Playoff Round Lengths,1,1
END_INFO

SEASON:
Date/Time,Location,Opposing Team,Score,S.O.C.
Wed Sep 24 @ 8:30 pm,Columbia Icefield: Gym 3,Paul’s Balls,lost 3 - 6,0
Sat Oct 4 @ 5:00 pm,Columbia Icefield: Gym 1,SYDE PRIDE,won 5 - 0,avg.
Tue Oct 7 @ 8:30 pm,Columbia Icefield: Gym 3,Dodgepauls,lost 0 - 5,-2
Tue Oct 21 @ 8:30 pm,Columbia Icefield: Gym 3,We’re Alright ... I Guess,lost 3 - 4,2
Tue Oct 28 @ 8:30 pm,Columbia Icefield: Gym 3,The Legion of Doom,won 0 - 5,avg.
Wed Nov 5 @ 8:30 pm,Columbia Icefield: Gym 3,Winter is Coming...,won 5 - 3,2
END_SEASON

PLAYOFFS:
Date/Time,Location,Opposing Team,Score,S.O.C.
Tue Nov 18 @ 6:30 pm,Columbia Icefield: Gym 3,OCC Mc’Dodgers,won 5 - 0,2
Tue Nov 25 @ 8:30 pm,Columbia Icefield: Gym 3,Winter is Coming...,lost 0 - 5,2
END_PLAYOFFS

ROSTER:
Player,Captaincy,uwaterloo_email
Kamadchi Karunanandan,(C),kamadchi@hotmail.com
Alka Benawra,,
Riley Bennett,,
Mitchell Brown,,
Eneet Chandi,,
Crispin Coelho,,
Michael Corrigan,,
Benjamin Curry,,
Christian Efpatridis,,
Sindhujaa Ganesamoorthy,,
Daniel Guiomar Izidoro,,
Justin Hellreich,,
Adam Hewitt,,
Hatim Jafferjee,,
Stylianos Kapadoukakis,,
Nicole Lee,,
Ryan Mendonsa,,
Ryan Murdoch,,
Olusegun Odumosu,,
Shelby Oldford,,
Kevin Osei-Ababio,,
Craig Rozell,,
Zachary Simard,,
Amelia Simpson,,
Jamie Sun,,
Ioan Tataru,,
Mathusan Thanabalasingam,,
Blessing Ukiri,,
Mercedes Van Sloun,,
Nicole Wang,,
Rayanne Ward-Bishun,,
Brian Yu,,
END_ROSTER
