INFO:
teamName,CE Purple Cobras
teamAbbreviation,CE Purple Cobras
sportId,n/a
sportName,n/a
sportRules,n/a
leagueId,watMu
levelId,n/a
seasonName,n/a
seasonId,n/a
Roster Size,13
Season Games Played,6
Playoff Round Lengths,1,1,1
END_INFO

SEASON:
Date/Time,Location,Opposing Team,Score,S.O.C.
Thu Sep 18 @ 5:00 pm,Columbia Icefield: Gym 3,GETTIN THE D...odge,won 5 - 1,3
Tue Oct 7 @ 10:30 pm,Columbia Icefield: Gym 3,Rubber Duckies,won 5 - 0,4
Thu Oct 30 @ 6:00 pm,Columbia Icefield: Gym 3,Falcon Punch,won 2 - 6,0
Wed Nov 5 @ 6:30 pm,Columbia Icefield: Gym 3,SYDE PRIDE,won 0 - 5,avg.
Thu Nov 6 @ 8:30 pm,Columbia Icefield: Gym 2,The Legion of Doom,lost 3 - 5,3
Mon Nov 10 @ 5:30 pm,Columbia Icefield: Gym 3,Balls Deep,won 3 - 6,3
END_SEASON

PLAYOFFS:
Date/Time,Location,Opposing Team,Score,S.O.C.
Tue Nov 18 @ 7:30 pm,Columbia Icefield: Gym 3,South 5 Warriors,won 2 - 5,2
Wed Nov 26 @ 9:30 pm,Columbia Icefield: Gym 3,BLYTHWOOD BEAUTIES,won 5 - 1,2
Mon Dec 1 @ 7:30 pm,Columbia Icefield: Gym 3,Pharm Dodgers,lost 1 - 5,1
END_PLAYOFFS

ROSTER:
Player,Captaincy,uwaterloo_email
Raed Makhlouf,(C),rmakhlou@uwaterloo.ca
Anthony Clark,,
Lawrence Fu,,
Jeff He,,
Pei Li,,
Salar Mumtaz,,
Ryan Orr,,
Rudra Raina,,
Zeki Sherif,,
Tomasz Szwiega,,
Michael Thomson,,
Kevin Wong,,
Bo Zhao,,
END_ROSTER
