INFO:
teamName,Pharm Dodgers
teamAbbreviation,Pharm Dodgers
sportId,n/a
sportName,n/a
sportRules,n/a
leagueId,watMu
levelId,n/a
seasonName,n/a
seasonId,n/a
Roster Size,10
Season Games Played,6
Playoff Round Lengths,1,1,1
END_INFO

SEASON:
Date/Time,Location,Opposing Team,Score,S.O.C.
Wed Sep 24 @ 9:30 pm,Columbia Icefield: Gym 3,Winter is Coming...,won 9 - 0,1
Wed Oct 1 @ 9:30 pm,Columbia Icefield: Gym 3,Goose Attack,won 9 - 0,2
Wed Oct 8 @ 9:30 pm,Columbia Icefield: Gym 3,I Shaved My Dodgeballs For This?,won 9 - 0,2
Wed Oct 15 @ 9:30 pm,Columbia Icefield: Gym 3,BLYTHWOOD BEAUTIES,won 2 - 7,3
Wed Oct 29 @ 9:30 pm,Columbia Icefield: Gym 3,Falcon Punch,won 5 - 0,avg.
Sat Nov 1 @ 4:00 pm,Columbia Icefield: Gym 1,GETTIN THE D...odge,won 8 - 1,2
END_SEASON

PLAYOFFS:
Date/Time,Location,Opposing Team,Score,S.O.C.
Wed Nov 19 @ 8:30 pm,Columbia Icefield: Gym 3,Abusement Park,won 5 - 4,2
Wed Nov 26 @ 10:30 pm,Columbia Icefield: Gym 3,Macho Man Randy Savage and his Gang of Thieves,won 2 - 5,2
Mon Dec 1 @ 7:30 pm,Columbia Icefield: Gym 3,CE Purple Cobras,won 1 - 5,1
END_PLAYOFFS

ROSTER:
Player,Captaincy,uwaterloo_email
Roberta Miller,(C),rlmiller@uwaterloo.ca
Benjamin Harper,,
Christine Hockin,,
Michelle Holm,,
Holly Meginnis,,
Vince Pileggi,,
Bryce Poirier,,
Victoria Sarnovsky,,
Zachary Thompson,,
Marcus Walz,,
END_ROSTER
