INFO:
teamName,Paul’s Balls
teamAbbreviation,Paul’s Balls
sportId,n/a
sportName,n/a
sportRules,n/a
leagueId,watMu
levelId,n/a
seasonName,n/a
seasonId,n/a
Roster Size,10
Season Games Played,6
Playoff Round Lengths,0
END_INFO

SEASON:
Date/Time,Location,Opposing Team,Score,S.O.C.
Wed Sep 24 @ 8:30 pm,Columbia Icefield: Gym 3,West All Stars,won 3 - 6,0
Thu Oct 23 @ 6:00 pm,Columbia Icefield: Gym 3,Winter is Coming...,lost 5 - 0,0
Tue Oct 28 @ 9:30 pm,Columbia Icefield: Gym 3,South Six Ball-eivers,lost 6 - 3,-1
Thu Oct 30 @ 5:00 pm,Columbia Icefield: Gym 3,Abusement Park,lost 0 - 5,-2
Tue Nov 4 @ 5:00 pm,Columbia Icefield: Gym 1,The Legion of Doom,lost 0 - 5,-2
Tue Nov 11 @ 8:30 pm,Columbia Icefield: Gym 3,Agile Albatrosses,lost 5 - 0,-2
END_SEASON

PLAYOFFS:
Date/Time,Location,Opposing Team,Score,S.O.C.
END_PLAYOFFS

ROSTER:
Player,Captaincy,uwaterloo_email
Ellen McGowan,(C),esmcgowa@uwaterloo.ca
Jason Bell,,
Vanessa Bulfon,,
Cameron Cai,,
Joseph Casson,,
Travis Layton,,
Ethan McDonagh,,
Julia Pinder,,
Madison Stadler-Rose,,
Michael Wiegand,,
END_ROSTER
