INFO:
teamName,You Tan Touch This!
teamAbbreviation,You Tan Touch This!
sportId,n/a
sportName,n/a
sportRules,n/a
leagueId,watMu
levelId,n/a
seasonName,n/a
seasonId,n/a
Roster Size,10
Season Games Played,6
Playoff Round Lengths,1,1
END_INFO

SEASON:
Date/Time,Location,Opposing Team,Score,S.O.C.
Sat Oct 4 @ 1:00 pm,Columbia Icefield: Gym 1,Kashif If You Can,won 8 - 1,3
Sat Oct 18 @ 6:00 pm,Columbia Icefield: Gym 1,DBSTL,lost 5 - 3,1
Tue Oct 21 @ 10:30 pm,Columbia Icefield: Gym 3,Rubber Duckies,won 4 - 5,3
Tue Oct 28 @ 10:30 pm,Columbia Icefield: Gym 3,Kashif If You Can,won 5 - 4,3
Sat Nov 1 @ 3:00 pm,Columbia Icefield: Gym 1,South 5 Warriors,lost 5 - 0,-2
Sat Nov 8 @ 1:00 pm,Columbia Icefield: Gym 1,N5 Best Alive,won 5 - 0,avg.
END_SEASON

PLAYOFFS:
Date/Time,Location,Opposing Team,Score,S.O.C.
Sat Nov 15 @ 7:00 pm,Columbia Icefield: Gym 1,The Legion of Doom,won 5 - 4,2
Wed Nov 26 @ 5:30 pm,Columbia Icefield: Gym 3,Wondrous Walruses,lost 4 - 5,2
END_PLAYOFFS

ROSTER:
Player,Captaincy,uwaterloo_email
Emmanuel Olawale,(C),eolawale@uwaterloo.ca
Dustin Ammendolia,,
Jocelyn Campbell,,
Kevin Chen,,
Virginia Hyland,,
Apiramy Jeyapalan,,
Austin Lee,,
Samantha Lynch,,
Harsh Naik,,
Robert Yun,,
END_ROSTER
