INFO:
teamName,Dodgepauls
teamAbbreviation,Dodgepauls
sportId,n/a
sportName,n/a
sportRules,n/a
leagueId,watMu
levelId,n/a
seasonName,n/a
seasonId,n/a
Roster Size,10
Season Games Played,6
Playoff Round Lengths,1
END_INFO

SEASON:
Date/Time,Location,Opposing Team,Score,S.O.C.
Tue Sep 23 @ 9:30 pm,Columbia Icefield: Gym 3,We’re Alright ... I Guess,lost 1 - 7,3
Tue Oct 7 @ 8:30 pm,Columbia Icefield: Gym 3,West All Stars,won 0 - 5,avg.
Tue Oct 14 @ 9:30 pm,Columbia Icefield: Gym 2,Abusement Park,lost 7 - 2,3
Tue Oct 21 @ 9:30 pm,Columbia Icefield: Gym 3,N5 Best Alive,lost 0 - 5,0
Thu Oct 23 @ 10:30 pm,Columbia Icefield: Gym 2,BLYTHWOOD BEAUTIES,lost 1 - 5,3
Wed Oct 29 @ 8:30 pm,Columbia Icefield: Gym 3,OCC Mc’Dodgers,lost 5 - 1,2
END_SEASON

PLAYOFFS:
Date/Time,Location,Opposing Team,Score,S.O.C.
Tue Nov 25 @ 10:30 pm,Columbia Icefield: Gym 3,Balls Deep,lost 0 - 5,3
END_PLAYOFFS

ROSTER:
Player,Captaincy,uwaterloo_email
Yanic Rosenkrantz,(C),y.rosenkrantz@gmail.com
Jonathan Ackerley,,
Sarah Botros,,
Veronique Bouzane,,
Clarissa Cheung,,
Colin Foxcroft,,
Madeline Leblanc,,
Sara Mak,,
Mariah Smith,,
Rachel Vesz,,
END_ROSTER
