INFO:
teamName,Chu Chus
teamAbbreviation,Chu Chus
sportId,n/a
sportName,n/a
sportRules,n/a
leagueId,watMu
levelId,n/a
seasonName,n/a
seasonId,n/a
Roster Size,12
Season Games Played,6
Playoff Round Lengths,1
END_INFO

SEASON:
Date/Time,Location,Opposing Team,Score,S.O.C.
Thu Sep 25 @ 6:00 pm,Columbia Icefield: Gym 3,The Legion of Doom,tie 4 - 4,3
Tue Sep 30 @ 8:30 pm,Columbia Icefield: Gym 3,We’re Alright ... I Guess,lost 6 - 3,3
Wed Oct 8 @ 7:30 pm,Columbia Icefield: Gym 3,The Legion of Doom,won 0 - 5,avg.
Wed Oct 15 @ 6:30 pm,Columbia Icefield: Gym 3,OCC Mc’Dodgers,won 2 - 7,3
Wed Oct 22 @ 5:30 pm,Columbia Icefield: Gym 3,South Six Ball-eivers,won 7 - 2,2
Wed Oct 29 @ 7:30 pm,Columbia Icefield: Gym 3,N5 Best Alive,won 5 - 2,4
END_SEASON

PLAYOFFS:
Date/Time,Location,Opposing Team,Score,S.O.C.
Thu Nov 20 @ 6:00 pm,Columbia Icefield: Gym 3,DBSTL,lost 3 - 4,2
END_PLAYOFFS

ROSTER:
Player,Captaincy,uwaterloo_email
Danny Nguyen,(C),dannyh.nguyen@hotmail.com
Anisa Al-Busaidy,,
Asha Anantharajah,,
Jobie Antony,,
Shubneet Bharwani,,
Pierce Busch,,
Parth Midha,,
Mickenzie Moore,,
Matthew Roberts,,
Andrew Robinson,,
Jordan Thatcher,,
Adam Weinstein,,
END_ROSTER
