INFO:
teamName,The Legion of Doom
teamAbbreviation,The Legion of Doom
sportId,n/a
sportName,n/a
sportRules,n/a
leagueId,watMu
levelId,n/a
seasonName,n/a
seasonId,n/a
Roster Size,15
Season Games Played,6
Playoff Round Lengths,1
END_INFO

SEASON:
Date/Time,Location,Opposing Team,Score,S.O.C.
Tue Sep 23 @ 10:30 pm,Columbia Icefield: Gym 3,OCC Mc’Dodgers,won 3 - 6,0
Thu Sep 25 @ 6:00 pm,Columbia Icefield: Gym 3,Chu Chus,tie 4 - 4,2
Wed Oct 8 @ 7:30 pm,Columbia Icefield: Gym 3,Chu Chus,lost 0 - 5,-2
Tue Oct 28 @ 8:30 pm,Columbia Icefield: Gym 3,West All Stars,lost 0 - 5,-2
Tue Nov 4 @ 5:00 pm,Columbia Icefield: Gym 1,Paul’s Balls,won 0 - 5,avg.
Thu Nov 6 @ 8:30 pm,Columbia Icefield: Gym 2,CE Purple Cobras,won 3 - 5,4
END_SEASON

PLAYOFFS:
Date/Time,Location,Opposing Team,Score,S.O.C.
Sat Nov 15 @ 7:00 pm,Columbia Icefield: Gym 1,You Tan Touch This!,lost 5 - 4,2
END_PLAYOFFS

ROSTER:
Player,Captaincy,uwaterloo_email
Chandler Piche,(C),cgpiche@uwaterloo.ca
Liam Benson,,
Adam Brown,,
Christopher Carniello,,
Keith Daigle,,
Matthew Fletcher,,
Peter Keillor,,
Isabelle Leeson,,
Jasmine Leeson,,
Akkshini Loganathan,,
Andrew McEwen,,
Kate McLeary,,
Bradd Smith,,
Michelle Wright,,
Jie You,,
END_ROSTER
