INFO:
teamName,Falcon Punch
teamAbbreviation,Falcon Punch
sportId,n/a
sportName,n/a
sportRules,n/a
leagueId,watMu
levelId,n/a
seasonName,n/a
seasonId,n/a
Roster Size,15
Season Games Played,6
Playoff Round Lengths,1,1,1
END_INFO

SEASON:
Date/Time,Location,Opposing Team,Score,S.O.C.
Sat Oct 18 @ 5:00 pm,Columbia Icefield: Gym 1,West Side Dodgers,won 6 - 3,4
Thu Oct 23 @ 8:30 pm,Columbia Icefield: Gym 2,Abusement Park,lost 3 - 5,3
Wed Oct 29 @ 9:30 pm,Columbia Icefield: Gym 3,Pharm Dodgers,lost 5 - 0,-2
Thu Oct 30 @ 6:00 pm,Columbia Icefield: Gym 3,CE Purple Cobras,lost 2 - 6,1
Thu Nov 6 @ 6:00 pm,Columbia Icefield: Gym 3,Agile Albatrosses,tie 4 - 4,3
Mon Nov 10 @ 6:30 pm,Columbia Icefield: Gym 3,UW Greeks,won 5 - 0,avg.
END_SEASON

PLAYOFFS:
Date/Time,Location,Opposing Team,Score,S.O.C.
Sat Nov 15 @ 6:00 pm,Columbia Icefield: Gym 1,The Dodgefathers,won 5 - 0,2
Tue Nov 25 @ 7:30 pm,Columbia Icefield: Gym 3,SYDE PRIDE,won 6 - 3,1
Mon Dec 1 @ 9:00 pm,Columbia Icefield: Gym 2,Winter is Coming...,won 5 - 3,1
END_PLAYOFFS

ROSTER:
Player,Captaincy,uwaterloo_email
Saudia Rahamat,(C),s_rahamat92@hotmail.com
Sacha Kyle Aitkens,,
Jordan Berry,,
Emily Campbell,,
Brandon Caron,,
Matthew Cook,,
Bryan Emonts,,
John Friesen,,
Sean Kauffman,,
Augustine Kong,,
Colin Li,,
Heather Moir,,
Graham Mutter,,
Timothy Sipkens,,
Stephanie Sutanto,,
END_ROSTER
