INFO:
teamName,North C-men
teamAbbreviation,North C-men
sportId,n/a
sportName,n/a
sportRules,n/a
leagueId,watMu
levelId,n/a
seasonName,n/a
seasonId,n/a
Roster Size,14
Season Games Played,6
Playoff Round Lengths,1
END_INFO

SEASON:
Date/Time,Location,Opposing Team,Score,S.O.C.
Tue Oct 14 @ 9:30 pm,Columbia Icefield: Gym 3,We’re Alright ... I Guess,lost 6 - 3,3
Sat Oct 18 @ 3:00 pm,Columbia Icefield: Gym 1,Balls Deep,won 0 - 5,avg.
Thu Oct 23 @ 9:30 pm,Columbia Icefield: Gym 2,Kashif If You Can,won 1 - 5,3
Wed Oct 29 @ 5:30 pm,Columbia Icefield: Gym 3,I Shaved My Dodgeballs For This?,won 4 - 5,4
Sat Nov 1 @ 10:00 pm,Columbia Icefield: Gym 1,West Side Dodgers,won 0 - 5,avg.
Sat Nov 8 @ 8:00 pm,Columbia Icefield: Gym 1,Agile Albatrosses,won 3 - 5,3
END_SEASON

PLAYOFFS:
Date/Time,Location,Opposing Team,Score,S.O.C.
Tue Nov 18 @ 10:30 pm,Columbia Icefield: Gym 3,BLYTHWOOD BEAUTIES,lost 4 - 5,2
END_PLAYOFFS

ROSTER:
Player,Captaincy,uwaterloo_email
Matthew Palango,(C),mepalang@uwaterloo.ca
Bradley Carter,,
Dylan Desrosier,,
Dan Kim,,
Charles Kovacs,,
Huizhi Liu,,
Andre Ostrovsky,,
Sonali Patel,,
Samantha Proctor,,
Rakan Qabbani,,
Jesse Schneider,,
Po-An Tsai,,
Jonathan Vine,,
Sayivishnee Visagan,,
END_ROSTER
