INFO:
teamName,South 5 Warriors
teamAbbreviation,South 5 Warriors
sportId,n/a
sportName,n/a
sportRules,n/a
leagueId,watMu
levelId,n/a
seasonName,n/a
seasonId,n/a
Roster Size,17
Season Games Played,6
Playoff Round Lengths,1
END_INFO

SEASON:
Date/Time,Location,Opposing Team,Score,S.O.C.
Sat Oct 4 @ 4:00 pm,Columbia Icefield: Gym 1,DBSTL,won 3 - 5,4
Sat Oct 18 @ 2:00 pm,Columbia Icefield: Gym 1,Kashif If You Can,won 9 - 0,3
Wed Oct 22 @ 6:30 pm,Columbia Icefield: Gym 3,I Shaved My Dodgeballs For This?,won 4 - 5,3
Sat Nov 1 @ 3:00 pm,Columbia Icefield: Gym 1,You Tan Touch This!,won 5 - 0,avg.
Tue Nov 4 @ 10:30 pm,Columbia Icefield: Gym 3,UW Greeks,won 2 - 7,3
Thu Nov 6 @ 10:30 pm,Columbia Icefield: Gym 2,Winter is Coming...,tie 4 - 4,0
END_SEASON

PLAYOFFS:
Date/Time,Location,Opposing Team,Score,S.O.C.
Tue Nov 18 @ 7:30 pm,Columbia Icefield: Gym 3,CE Purple Cobras,lost 2 - 5,2
END_PLAYOFFS

ROSTER:
Player,Captaincy,uwaterloo_email
Eryn Stewart,(C),epstewar@uwaterloo.ca
Alisha Bhanji,,
Maria Cheng,,
Peyman Gardideh,,
Justin Groff,,
Francois Le Roux,,
Nathan Leung,,
Stephanie Leung,,
Munashe Marechera,,
Cameron Mills,,
Martin Najdovski,,
Abhishek Ravi,,
Alim Ravjiani,,
Mathias Renaud,,
Parth Sethi,,
Kevin Vandam,,
Elijah Wong,,
END_ROSTER
