INFO:
teamName,We’re Alright ... I Guess
teamAbbreviation,We’re Alright ... I Guess
sportId,n/a
sportName,n/a
sportRules,n/a
leagueId,watMu
levelId,n/a
seasonName,n/a
seasonId,n/a
Roster Size,15
Season Games Played,6
Playoff Round Lengths,1
END_INFO

SEASON:
Date/Time,Location,Opposing Team,Score,S.O.C.
Tue Sep 16 @ 9:30 pm,Columbia Icefield: Gym 3,SYDE PRIDE,lost 5 - 4,3
Tue Sep 23 @ 9:30 pm,Columbia Icefield: Gym 3,Dodgepauls,won 1 - 7,3
Tue Sep 30 @ 8:30 pm,Columbia Icefield: Gym 3,Chu Chus,won 6 - 3,3
Tue Oct 7 @ 9:30 pm,Columbia Icefield: Gym 3,Balls Deep,won 4 - 3,3
Tue Oct 14 @ 9:30 pm,Columbia Icefield: Gym 3,North C-men,won 6 - 3,3
Tue Oct 21 @ 8:30 pm,Columbia Icefield: Gym 3,West All Stars,won 3 - 4,2
END_SEASON

PLAYOFFS:
Date/Time,Location,Opposing Team,Score,S.O.C.
Tue Nov 18 @ 9:30 pm,Columbia Icefield: Gym 3,Macho Man Randy Savage and his Gang of Thieves,lost 5 - 2,2
END_PLAYOFFS

ROSTER:
Player,Captaincy,uwaterloo_email
Damen Nyland,(C),dmnyland@uwaterloo.ca
Tyler Black,,
Kevin Ho,,
Nicole Langlois,,
Craig Macqueen,,
Kaitlyn Miller,,
Laura Morales-Pires,,
Alec Paprocki,,
William Plain,,
Jiawei Qiu,,
Ashley Scheurman,,
Tyler Shaw,,
Muhammad Siddiqui,,
Brandon Tilker,,
Michael Vansteenkiste,,
END_ROSTER
