INFO:
teamName,West Side Dodgers
teamAbbreviation,West Side Dodgers
sportId,n/a
sportName,n/a
sportRules,n/a
leagueId,watMu
levelId,n/a
seasonName,n/a
seasonId,n/a
Roster Size,19
Season Games Played,6
Playoff Round Lengths,1
END_INFO

SEASON:
Date/Time,Location,Opposing Team,Score,S.O.C.
Sat Oct 18 @ 5:00 pm,Columbia Icefield: Gym 1,Falcon Punch,lost 6 - 3,4
Sun Oct 26 @ 9:00 pm,Columbia Icefield: Gym 3,Ball So Hard,won 5 - 0,avg.
Sat Nov 1 @ 10:00 pm,Columbia Icefield: Gym 1,North C-men,lost 0 - 5,-2
Thu Nov 6 @ 5:00 pm,Columbia Icefield: Gym 3,Wondrous Walruses,won 5 - 0,avg.
Sat Nov 8 @ 3:00 pm,Columbia Icefield: Gym 1,Ball So Hard,won 0 - 5,avg.
Sun Nov 9 @ 9:30 pm,Columbia Icefield: Gym 2,Ball So Hard,lost 5 - 0,-2
END_SEASON

PLAYOFFS:
Date/Time,Location,Opposing Team,Score,S.O.C.
Thu Nov 20 @ 5:00 pm,Columbia Icefield: Gym 3,Winter is Coming...,lost 0 - 7,2
END_PLAYOFFS

ROSTER:
Player,Captaincy,uwaterloo_email
Eric Schmitz,(C),ejschmit@uwaterloo.ca
Robert Beamish,,
Lok Chan,,
Marco Ghobrial,,
Aidin Ghotbi,,
Brittney Mazereeuw,,
Andrew Mickleson,,
Konur Ozcan,,
Rachael Patrick,,
Maria Perez,,
Khashayar Pourdeilami,,
Shahrzad Rabiae,,
Zoe Talbot,,
Chloe Tam,,
Sindhura Thirumal,,
Emily Tingey,,
Tiffany Trieu,,
Jiawen Yuan,,
Minkai Zeng,,
END_ROSTER
