INFO:
teamName,Winter is Coming...
teamAbbreviation,Winter is Coming...
sportId,n/a
sportName,n/a
sportRules,n/a
leagueId,watMu
levelId,n/a
seasonName,n/a
seasonId,n/a
Roster Size,11
Season Games Played,6
Playoff Round Lengths,1,1,1
END_INFO

SEASON:
Date/Time,Location,Opposing Team,Score,S.O.C.
Wed Sep 24 @ 9:30 pm,Columbia Icefield: Gym 3,Pharm Dodgers,lost 9 - 0,1
Wed Oct 8 @ 6:30 pm,Columbia Icefield: Gym 3,BLYTHWOOD BEAUTIES,lost 5 - 2,1
Wed Oct 15 @ 8:30 pm,Columbia Icefield: Gym 3,Goose Attack,won 2 - 6,0
Thu Oct 23 @ 6:00 pm,Columbia Icefield: Gym 3,Paul’s Balls,won 5 - 0,avg.
Wed Nov 5 @ 8:30 pm,Columbia Icefield: Gym 3,West All Stars,lost 5 - 3,2
Thu Nov 6 @ 10:30 pm,Columbia Icefield: Gym 2,South 5 Warriors,tie 4 - 4,0
END_SEASON

PLAYOFFS:
Date/Time,Location,Opposing Team,Score,S.O.C.
Thu Nov 20 @ 5:00 pm,Columbia Icefield: Gym 3,West Side Dodgers,won 0 - 7,2
Tue Nov 25 @ 8:30 pm,Columbia Icefield: Gym 3,West All Stars,won 0 - 5,2
Mon Dec 1 @ 9:00 pm,Columbia Icefield: Gym 2,Falcon Punch,lost 5 - 3,1
END_PLAYOFFS

ROSTER:
Player,Captaincy,uwaterloo_email
Farhan Sunka,(C),fsunka@uwaterloo.ca
Talal Aamir,,
Fatima Assad,,
Waleed Hassan,,
Waleed Imtiaz,,
Rida Khan,,
Shehrbano Khan,,
Saif Mahamood,,
Amal Mustafa,,
Kudrat Pannu,,
Muhammad Zubair,,
END_ROSTER
