INFO:
teamName,Rubber Duckies
teamAbbreviation,Rubber Duckies
sportId,n/a
sportName,n/a
sportRules,n/a
leagueId,watMu
levelId,n/a
seasonName,n/a
seasonId,n/a
Roster Size,15
Season Games Played,6
Playoff Round Lengths,1,1,1
END_INFO

SEASON:
Date/Time,Location,Opposing Team,Score,S.O.C.
Wed Sep 17 @ 5:00 pm,Columbia Icefield: Gym 2,I Shaved My Dodgeballs For This?,lost 8 - 1,3
Thu Sep 25 @ 5:00 pm,Columbia Icefield: Gym 3,The Dodgefathers,tie 4 - 4,3
Thu Oct 2 @ 5:00 pm,Columbia Icefield: Gym 3,Macho Man Randy Savage and his Gang of Thieves,lost 5 - 0,-2
Tue Oct 7 @ 10:30 pm,Columbia Icefield: Gym 3,CE Purple Cobras,lost 5 - 0,4
Tue Oct 21 @ 10:30 pm,Columbia Icefield: Gym 3,You Tan Touch This!,lost 4 - 5,3
Mon Nov 10 @ 5:00 pm,Columbia Icefield: Gym 2,Wondrous Walruses,lost 0 - 9,3
END_SEASON

PLAYOFFS:
Date/Time,Location,Opposing Team,Score,S.O.C.
Tue Nov 25 @ 9:30 pm,Columbia Icefield: Gym 3,N5 Best Alive,won 0 - 5,0
Thu Nov 27 @ 5:00 pm,Columbia Icefield: Gym 3,Balls Deep,won 5 - 0,0
Tue Dec 2 @ 8:30 pm,Columbia Icefield: Gym 2,GETTIN THE D...odge,lost 5 - 0,-2
END_PLAYOFFS

ROSTER:
Player,Captaincy,uwaterloo_email
Andrew Tran,(C),A56TRAN@uwaterloo.ca
Arsalan Ahmed,,
Laura Chandler,,
Rocky Chen,,
Alexander Fung,,
Yi Gao,,
Yuan Gu,,
Xuan He,,
Yongli Jiang,,
Joanne Lau,,
Yangyi Liu,,
Sean Po,,
Chen Qian,,
Matthew Stephenson,,
William Tran,,
END_ROSTER
