INFO:
teamName,UW Greeks
teamAbbreviation,UW Greeks
sportId,n/a
sportName,n/a
sportRules,n/a
leagueId,watMu
levelId,n/a
seasonName,n/a
seasonId,n/a
Roster Size,14
Season Games Played,6
Playoff Round Lengths,0
END_INFO

SEASON:
Date/Time,Location,Opposing Team,Score,S.O.C.
Sat Oct 18 @ 1:00 pm,Columbia Icefield: Gym 1,Wondrous Walruses,lost 0 - 5,-2
Sat Nov 1 @ 5:00 pm,Columbia Icefield: Gym 1,DBSTL,lost 5 - 0,3
Tue Nov 4 @ 8:30 pm,Columbia Icefield: Gym 3,South Six Ball-eivers,lost 0 - 5,-2
Tue Nov 4 @ 10:30 pm,Columbia Icefield: Gym 3,South 5 Warriors,lost 2 - 7,3
Sat Nov 8 @ 2:00 pm,Columbia Icefield: Gym 1,The Dodgefathers,tie 0 - 0,-2
Mon Nov 10 @ 6:30 pm,Columbia Icefield: Gym 3,Falcon Punch,lost 5 - 0,-2
END_SEASON

PLAYOFFS:
Date/Time,Location,Opposing Team,Score,S.O.C.
END_PLAYOFFS

ROSTER:
Player,Captaincy,uwaterloo_email
Kelly White,(C),ka2white@uwaterloo.ca
Narmadha Ajithkumar,,
Martha Appiah,,
Jacob Askin,,
Lukas Budziak,,
Kristen Cruz,,
Fiona Dobrik,,
Jonathan Golla,,
Weida Li,,
Artem Litchmanov,,
Suramiya Radhakrishnan,,
Katie Robertson,,
Rawlric Sumner,,
Philip Van-Lane,,
END_ROSTER
