INFO:
teamName,Goose Attack
teamAbbreviation,Goose Attack
sportId,n/a
sportName,n/a
sportRules,n/a
leagueId,watMu
levelId,n/a
seasonName,n/a
seasonId,n/a
Roster Size,28
Season Games Played,6
Playoff Round Lengths,1
END_INFO

SEASON:
Date/Time,Location,Opposing Team,Score,S.O.C.
Wed Oct 1 @ 9:30 pm,Columbia Icefield: Gym 3,Pharm Dodgers,lost 9 - 0,2
Wed Oct 15 @ 8:30 pm,Columbia Icefield: Gym 3,Winter is Coming...,lost 2 - 6,2
Wed Oct 22 @ 8:30 pm,Columbia Icefield: Gym 3,BLYTHWOOD BEAUTIES,lost 6 - 2,2
Tue Nov 4 @ 6:00 pm,Columbia Icefield: Gym 1,BLYTHWOOD BEAUTIES,lost 5 - 0,-2
Wed Nov 5 @ 7:30 pm,Columbia Icefield: Gym 3,SYDE PRIDE,won 5 - 4,3
Thu Nov 6 @ 9:30 pm,Columbia Icefield: Gym 2,Abusement Park,lost 7 - 1,3
END_SEASON

PLAYOFFS:
Date/Time,Location,Opposing Team,Score,S.O.C.
Wed Nov 19 @ 9:30 pm,Columbia Icefield: Gym 3,Kashif If You Can,lost 5 - 4,2
END_PLAYOFFS

ROSTER:
Player,Captaincy,uwaterloo_email
Matthew Silver,(C),mwwsilve@uwaterloo.ca
Samuel Archibald,,
Macarena Bigolin-Rovillard,,
Hamza Yasin Chaudhry,,
Matthew Dragon-Dziedzic,,
Yash Goel,,
Moaraj Hasan,,
Adrian Ho,,
Steven Hong,,
Darius Hu,,
Hao Jin,,
Samantha Kan,,
Eilon Lavi,,
Karissa Manning,,
Tiffany Ngo,,
Danieltemiloluw Obadun,,
Justin Paulin,,
Brian Rajadurai,,
Christopher Rowles,,
Adrian Russell,,
Rusheel Shahani,,
Kate Stericker,,
Raminder Uppal,,
Jay Wright,,
Mingzhuo Xie,,
Siwen Yang,,
Walter Yip,,
Sabrina Zuccaro,,
END_ROSTER
