INFO:
teamName,Kashif If You Can
teamAbbreviation,Kashif If You Can
sportId,n/a
sportName,n/a
sportRules,n/a
leagueId,watMu
levelId,n/a
seasonName,n/a
seasonId,n/a
Roster Size,14
Season Games Played,6
Playoff Round Lengths,1,1
END_INFO

SEASON:
Date/Time,Location,Opposing Team,Score,S.O.C.
Sat Oct 4 @ 1:00 pm,Columbia Icefield: Gym 1,You Tan Touch This!,lost 8 - 1,3
Sat Oct 18 @ 2:00 pm,Columbia Icefield: Gym 1,South 5 Warriors,lost 9 - 0,3
Thu Oct 23 @ 9:30 pm,Columbia Icefield: Gym 2,North C-men,lost 1 - 5,3
Tue Oct 28 @ 10:30 pm,Columbia Icefield: Gym 3,You Tan Touch This!,lost 5 - 4,3
Sat Nov 1 @ 8:00 pm,Columbia Icefield: Gym 1,Agile Albatrosses,lost 5 - 0,-2
Sat Nov 8 @ 5:00 pm,Columbia Icefield: Gym 1,DBSTL,won 0 - 5,avg.
END_SEASON

PLAYOFFS:
Date/Time,Location,Opposing Team,Score,S.O.C.
Wed Nov 19 @ 9:30 pm,Columbia Icefield: Gym 3,Goose Attack,won 5 - 4,2
Wed Nov 26 @ 7:30 pm,Columbia Icefield: Gym 3,GETTIN THE D...odge,lost 6 - 2,2
END_PLAYOFFS

ROSTER:
Player,Captaincy,uwaterloo_email
Nicollette Zaptses,(C),ngzaptse@uwaterloo.ca
Joshua Bauman,,
Matthew Botelho,,
Harry Gandhi,,
Nadia Gilani,,
Diana Huynh,,
Kaavia Kanesalingam,,
Jennifer Kwong,,
Yuen Lam,,
Neelan Muthurajah,,
Andrea Ricci,,
Joseph Torosantucci,,
Matthew Wilson,,
Aira Yu,,
END_ROSTER
