INFO:
teamName,Balls Deep
teamAbbreviation,Balls Deep
sportId,n/a
sportName,n/a
sportRules,n/a
leagueId,watMu
levelId,n/a
seasonName,n/a
seasonId,n/a
Roster Size,11
Season Games Played,6
Playoff Round Lengths,1,1
END_INFO

SEASON:
Date/Time,Location,Opposing Team,Score,S.O.C.
Tue Sep 16 @ 10:30 pm,Columbia Icefield: Gym 3,Agile Albatrosses,won 5 - 3,3
Thu Oct 2 @ 6:00 pm,Columbia Icefield: Gym 3,DBSTL,lost 5 - 3,3
Tue Oct 7 @ 9:30 pm,Columbia Icefield: Gym 3,We’re Alright ... I Guess,lost 4 - 3,3
Sat Oct 18 @ 3:00 pm,Columbia Icefield: Gym 1,North C-men,lost 0 - 5,-2
Sat Nov 8 @ 6:00 pm,Columbia Icefield: Gym 1,I Shaved My Dodgeballs For This?,lost 0 - 5,-2
Mon Nov 10 @ 5:30 pm,Columbia Icefield: Gym 3,CE Purple Cobras,lost 3 - 6,3
END_SEASON

PLAYOFFS:
Date/Time,Location,Opposing Team,Score,S.O.C.
Tue Nov 25 @ 10:30 pm,Columbia Icefield: Gym 3,Dodgepauls,won 0 - 5,3
Thu Nov 27 @ 5:00 pm,Columbia Icefield: Gym 3,Rubber Duckies,lost 5 - 0,-2
END_PLAYOFFS

ROSTER:
Player,Captaincy,uwaterloo_email
Rodrigo Alvarino,(C),realvari@uwaterloo.ca
Joanna Chu,,
Nirupan Eilamurugan,,
Daniel Lahey,,
Michael McClure,,
Vladimir Osadchyi,,
George Petrovski,,
Adam Poertner,,
Stephanie Sharp,,
Joshua Thomas,,
Brittany Vandriel,,
END_ROSTER
