INFO:
teamName,DBSTL
teamAbbreviation,DBSTL
sportId,n/a
sportName,n/a
sportRules,n/a
leagueId,watMu
levelId,n/a
seasonName,n/a
seasonId,n/a
Roster Size,12
Season Games Played,6
Playoff Round Lengths,1,1
END_INFO

SEASON:
Date/Time,Location,Opposing Team,Score,S.O.C.
Wed Sep 24 @ 10:30 pm,Columbia Icefield: Gym 3,I Shaved My Dodgeballs For This?,lost 3 - 4,1
Thu Oct 2 @ 6:00 pm,Columbia Icefield: Gym 3,Balls Deep,won 5 - 3,3
Sat Oct 4 @ 4:00 pm,Columbia Icefield: Gym 1,South 5 Warriors,lost 3 - 5,2
Sat Oct 18 @ 6:00 pm,Columbia Icefield: Gym 1,You Tan Touch This!,won 5 - 3,2
Sat Nov 1 @ 5:00 pm,Columbia Icefield: Gym 1,UW Greeks,won 5 - 0,3
Sat Nov 8 @ 5:00 pm,Columbia Icefield: Gym 1,Kashif If You Can,lost 0 - 5,-2
END_SEASON

PLAYOFFS:
Date/Time,Location,Opposing Team,Score,S.O.C.
Thu Nov 20 @ 6:00 pm,Columbia Icefield: Gym 3,Chu Chus,won 3 - 4,2
Thu Nov 27 @ 6:00 pm,Columbia Icefield: Gym 3,Kevin,lost 1 - 5,2
END_PLAYOFFS

ROSTER:
Player,Captaincy,uwaterloo_email
Abid Karmali,(C),a6karmal@uwaterloo.ca
Daniel-James Angelucci,,
Mannan Arain,,
Jessica Ashton,,
Ian Blainey,,
Tyler Bulmer,,
Ryan Carne,,
Ethan Chen,,
Kelly Livingstone,,
Jakub Schmidtke,,
Vincent Talbot,,
Ryan Webber,,
END_ROSTER
