INFO:
teamName,Ball So Hard
teamAbbreviation,Ball So Hard
sportId,n/a
sportName,n/a
sportRules,n/a
leagueId,watMu
levelId,n/a
seasonName,n/a
seasonId,n/a
Roster Size,10
Season Games Played,6
Playoff Round Lengths,0
END_INFO

SEASON:
Date/Time,Location,Opposing Team,Score,S.O.C.
Sat Oct 4 @ 7:00 pm,Columbia Icefield: Gym 1,Macho Man Randy Savage and his Gang of Thieves,lost 1 - 8,3
Sun Oct 26 @ 9:00 pm,Columbia Icefield: Gym 3,West Side Dodgers,lost 5 - 0,-2
Sat Nov 1 @ 1:00 pm,Columbia Icefield: Gym 1,The Dodgefathers,tie 0 - 0,-2
Sat Nov 1 @ 2:00 pm,Columbia Icefield: Gym 1,Kevin,lost 0 - 5,-2
Sat Nov 8 @ 3:00 pm,Columbia Icefield: Gym 1,West Side Dodgers,lost 0 - 5,-2
Sun Nov 9 @ 9:30 pm,Columbia Icefield: Gym 2,West Side Dodgers,won 5 - 0,avg.
END_SEASON

PLAYOFFS:
Date/Time,Location,Opposing Team,Score,S.O.C.
END_PLAYOFFS

ROSTER:
Player,Captaincy,uwaterloo_email
Justin Li,(C),jsy3li@uwaterloo.ca
Ho Choi,,
Tenzing Kuyee,,
Billy Lam,,
Jasper Lam,,
Nicholas Lee,,
Hantong Li,,
Bill Liu,,
Muhammad Mousa,,
Haoxiang Wang,,
END_ROSTER
