INFO:
teamName,The Dodgefathers
teamAbbreviation,The Dodgefathers
sportId,n/a
sportName,n/a
sportRules,n/a
leagueId,watMu
levelId,n/a
seasonName,n/a
seasonId,n/a
Roster Size,25
Season Games Played,6
Playoff Round Lengths,1
END_INFO

SEASON:
Date/Time,Location,Opposing Team,Score,S.O.C.
Sat Sep 20 @ 9:30 pm,Columbia Icefield: Gym 3,GETTIN THE D...odge,lost 5 - 2,2
Thu Sep 25 @ 5:00 pm,Columbia Icefield: Gym 3,Rubber Duckies,tie 4 - 4,3
Sat Oct 4 @ 2:00 pm,Columbia Icefield: Gym 1,Kevin,won 0 - 5,avg.
Sat Oct 18 @ 8:00 pm,Columbia Icefield: Gym 1,Macho Man Randy Savage and his Gang of Thieves,lost 0 - 7,4
Sat Nov 1 @ 1:00 pm,Columbia Icefield: Gym 1,Ball So Hard,tie 0 - 0,-2
Sat Nov 8 @ 2:00 pm,Columbia Icefield: Gym 1,UW Greeks,tie 0 - 0,-2
END_SEASON

PLAYOFFS:
Date/Time,Location,Opposing Team,Score,S.O.C.
Sat Nov 15 @ 6:00 pm,Columbia Icefield: Gym 1,Falcon Punch,lost 5 - 0,-2
END_PLAYOFFS

ROSTER:
Player,Captaincy,uwaterloo_email
Nicholas Lepp,(C),naalepp@uwaterloo.ca
Suraj Amarnani,,
Robert Banyard,,
Shannon Bennett,,
Sebastian Borsatti,,
Gavin Bradley,,
Olena Chemij,,
Chantal Cote,,
Rachel Dennis,,
Kathleen Ford,,
Shanon Hawthorn,,
Shannon Hughes,,
Adrienne Lainas,,
Johnny Le,,
Daniel Marcoccia,,
Aidan Oneil,,
Gordon Poon,,
Brandon Rad,,
Arvin Rajamohan,,
Thomas Rees,,
Jesse Siatras,,
Justin Trudell,,
Katharine Valenzuela,,
Katherine Wade,,
Isaac Young,,
END_ROSTER
