INFO:
teamName,BLYTHWOOD BEAUTIES
teamAbbreviation,BLYTHWOOD BEAUTIES
sportId,n/a
sportName,n/a
sportRules,n/a
leagueId,watMu
levelId,n/a
seasonName,n/a
seasonId,n/a
Roster Size,9
Season Games Played,6
Playoff Round Lengths,1,1
END_INFO

SEASON:
Date/Time,Location,Opposing Team,Score,S.O.C.
Wed Oct 8 @ 6:30 pm,Columbia Icefield: Gym 3,Winter is Coming...,won 5 - 2,1
Wed Oct 15 @ 9:30 pm,Columbia Icefield: Gym 3,Pharm Dodgers,lost 2 - 7,3
Wed Oct 22 @ 8:30 pm,Columbia Icefield: Gym 3,Goose Attack,won 6 - 2,4
Thu Oct 23 @ 10:30 pm,Columbia Icefield: Gym 2,Dodgepauls,won 1 - 5,3
Tue Nov 4 @ 6:00 pm,Columbia Icefield: Gym 1,Goose Attack,won 5 - 0,avg.
Wed Nov 5 @ 9:30 pm,Columbia Icefield: Gym 3,N5 Best Alive,won 8 - 0,3
END_SEASON

PLAYOFFS:
Date/Time,Location,Opposing Team,Score,S.O.C.
Tue Nov 18 @ 10:30 pm,Columbia Icefield: Gym 3,North C-men,won 4 - 5,2
Wed Nov 26 @ 9:30 pm,Columbia Icefield: Gym 3,CE Purple Cobras,lost 5 - 1,2
END_PLAYOFFS

ROSTER:
Player,Captaincy,uwaterloo_email
Spencer Hopkins,(C),sbhopkin@uwaterloo.ca
Jessica-Lee Bender,,
Jason Grightmire,,
Brayden King,,
Shane King,,
Timothy Kwan,,
Joanna Liss,,
Jacob Mattell,,
West Ochocinski,,
END_ROSTER
