INFO:
teamName,Abusement Park
teamAbbreviation,Abusement Park
sportId,n/a
sportName,n/a
sportRules,n/a
leagueId,watMu
levelId,n/a
seasonName,n/a
seasonId,n/a
Roster Size,9
Season Games Played,6
Playoff Round Lengths,1
END_INFO

SEASON:
Date/Time,Location,Opposing Team,Score,S.O.C.
Tue Oct 14 @ 9:30 pm,Columbia Icefield: Gym 2,Dodgepauls,won 7 - 2,3
Sat Oct 18 @ 7:00 pm,Columbia Icefield: Gym 1,Kevin,lost 5 - 4,0
Thu Oct 23 @ 8:30 pm,Columbia Icefield: Gym 2,Falcon Punch,won 3 - 5,3
Sun Oct 26 @ 10:00 pm,Columbia Icefield: Gym 3,South Six Ball-eivers,won 4 - 5,1
Thu Oct 30 @ 5:00 pm,Columbia Icefield: Gym 3,Paul’s Balls,won 0 - 5,avg.
Thu Nov 6 @ 9:30 pm,Columbia Icefield: Gym 2,Goose Attack,won 7 - 1,3
END_SEASON

PLAYOFFS:
Date/Time,Location,Opposing Team,Score,S.O.C.
Wed Nov 19 @ 8:30 pm,Columbia Icefield: Gym 3,Pharm Dodgers,lost 5 - 4,2
END_PLAYOFFS

ROSTER:
Player,Captaincy,uwaterloo_email
Ian Bernas,(C),iahberna@uwaterloo.ca
Hart Andrin,,
Vishal Brar,,
John Chan,,
Kevin Ma,,
Mackenzie McNeil,,
Rahul Patel,,
Ryland Scott,,
Jonathan Seet,,
END_ROSTER
