Boston Bruins,BOS,nhl
1935-36,1936
28
48
2
GP,Date,Time,Location,Opponent,GF,GA,Result,Game Ended In,W,L,T,Streak,Notes
1,1935-11-16,time unavailable,@,Montreal Maroons,0,1,L,REG,0,1,0,L 1
2,1935-11-19,time unavailable,H,New York Americans,1,0,W,REG,1,1,0,W 1
3,1935-11-24,time unavailable,@,New York Rangers,0,1,L,REG,1,2,0,L 1
4,1935-11-26,time unavailable,H,Toronto Maple Leafs,1,2,L,REG,1,3,0,L 2
5,1935-11-30,time unavailable,@,New York Americans,1,2,L,REG,1,4,0,L 3
6,1935-12-01,time unavailable,H,New York Rangers,2,0,W,REG,2,4,0,W 1
7,1935-12-03,time unavailable,H,Chicago Black Hawks,1,3,L,REG,2,5,0,L 1
8,1935-12-05,time unavailable,@,Detroit Red Wings,1,2,L,REG,2,6,0,L 2
9,1935-12-08,time unavailable,@,Chicago Black Hawks,0,1,L,REG,2,7,0,L 3
10,1935-12-10,time unavailable,H,Montreal Maroons,2,0,W,REG,3,7,0,W 1
11,1935-12-12,time unavailable,@,Montreal Canadiens,1,1,T,OT,3,7,1,T 1
12,1935-12-15,time unavailable,H,Montreal Canadiens,2,1,W,REG,4,7,1,W 1
13,1935-12-17,time unavailable,H,Detroit Red Wings,4,1,W,REG,5,7,1,W 2
14,1935-12-19,time unavailable,@,Toronto Maple Leafs,0,0,T,OT,5,7,2,T 1
15,1935-12-22,time unavailable,@,New York Rangers,1,3,L,REG,5,8,2,L 1
16,1935-12-25,time unavailable,H,New York Rangers,2,3,L,REG,5,9,2,L 2
17,1935-12-28,time unavailable,@,Montreal Maroons,6,3,W,REG,6,9,2,W 1
18,1935-12-29,time unavailable,@,Detroit Red Wings,4,3,W,OT,7,9,2,W 2
19,1936-01-01,time unavailable,H,Montreal Canadiens,0,2,L,REG,7,10,2,L 1
20,1936-01-04,time unavailable,@,Montreal Canadiens,1,1,T,OT,7,10,3,T 1
21,1936-01-07,time unavailable,H,Chicago Black Hawks,2,0,W,REG,8,10,3,W 1
22,1936-01-12,time unavailable,@,New York Rangers,6,3,W,REG,9,10,3,W 2
23,1936-01-14,time unavailable,H,Toronto Maple Leafs,4,1,W,REG,10,10,3,W 3
24,1936-01-18,time unavailable,@,Toronto Maple Leafs,2,5,L,REG,10,11,3,L 1
25,1936-01-19,time unavailable,@,Chicago Black Hawks,1,2,L,REG,10,12,3,L 2
26,1936-01-21,time unavailable,H,Montreal Maroons,1,0,W,REG,11,12,3,W 1
27,1936-01-26,time unavailable,@,New York Americans,2,1,W,REG,12,12,3,W 2
28,1936-01-28,time unavailable,H,Detroit Red Wings,2,0,W,REG,13,12,3,W 3
29,1936-02-02,time unavailable,H,New York Americans,2,1,W,OT,14,12,3,W 4
30,1936-02-04,time unavailable,H,Toronto Maple Leafs,0,3,L,REG,14,13,3,L 1
31,1936-02-06,time unavailable,@,Montreal Canadiens,4,3,W,REG,15,13,3,W 1
32,1936-02-09,time unavailable,@,New York Rangers,0,2,L,REG,15,14,3,L 1
33,1936-02-11,time unavailable,H,Chicago Black Hawks,7,1,W,REG,16,14,3,W 1
34,1936-02-13,time unavailable,@,Detroit Red Wings,0,1,L,REG,16,15,3,L 1
35,1936-02-16,time unavailable,@,Chicago Black Hawks,2,4,L,REG,16,16,3,L 2
36,1936-02-18,time unavailable,H,Detroit Red Wings,1,2,L,REG,16,17,3,L 3
37,1936-02-23,time unavailable,H,New York Rangers,3,4,L,REG,16,18,3,L 4
38,1936-02-25,time unavailable,H,New York Americans,3,2,W,REG,17,18,3,W 1
39,1936-02-27,time unavailable,@,Montreal Maroons,2,1,W,REG,18,18,3,W 2
40,1936-03-01,time unavailable,@,New York Americans,2,5,L,REG,18,19,3,L 1
41,1936-03-03,time unavailable,H,Montreal Maroons,3,3,T,OT,18,19,4,T 1
42,1936-03-05,time unavailable,@,Chicago Black Hawks,2,2,T,OT,18,19,5,T 2
43,1936-03-08,time unavailable,@,Detroit Red Wings,5,2,W,REG,19,19,5,W 1
44,1936-03-10,time unavailable,H,Detroit Red Wings,1,0,W,OT,20,19,5,W 2
45,1936-03-15,time unavailable,H,Chicago Black Hawks,1,0,W,REG,21,19,5,W 3
46,1936-03-17,time unavailable,H,Montreal Canadiens,1,0,W,REG,22,19,5,W 4
47,1936-03-19,time unavailable,@,Toronto Maple Leafs,2,2,T,OT,22,19,6,T 1
48,1936-03-22,time unavailable,H,New York Rangers,1,3,L,REG,22,20,6,L 1

GP,Date,Time,Location,Opponent,GF,GA,Result,Game Ended In,W,L,T,Streak,Notes
1,1936-03-24,time unavailable,H,Toronto Maple Leafs,3,0,W,REG,1,0,0,W 1
2,1936-03-26,time unavailable,@,Toronto Maple Leafs,3,8,L,REG,1,1,0,L 1

Red Beattie,,n/a,LW,28,5-9,170,L/-,5,"October 2, 1907",gb,"14 G, 18 A, 32 P"
Phil Besler,,n/a,RW,22,5-11,180,R/-,R,"December 9, 1913",ca,"0 G, 0 A, 0 P"
Bob Blake,,n/a,D,21,6-0,200,L/-,R,"August 16, 1914",us,"0 G, 0 A, 0 P"
Dit Clapper,(C),n/a,RW/D,28,6-2,195,R/-,8,"February 9, 1907",ca,"12 G, 13 A, 25 P"
Bill Cowley,,n/a,C,23,5-10,165,L/-,1,"June 12, 1912",ca,"11 G, 10 A, 21 P"
Bob Davie,,n/a,D,23,6-0,170,R/-,2,"September 12, 1912",ca,"0 G, 0 A, 0 P"
Lorne Duguid,,n/a,LW,25,5-11,185,L/-,4,"April 4, 1910",ca,"1 G, 4 A, 5 P"
Woody Dumart,,n/a,LW,19,6-0,190,L/-,R,"December 23, 1916",ca,"0 G, 0 A, 0 P"
Ed Finnigan,,n/a,F,22,5-8,170,L/-,1,"May 23, 1913",ca,"0 G, 0 A, 0 P"
Ray Getliffe,,n/a,LW/C,21,5-11,175,L/-,R,"April 3, 1914",ca,"0 G, 0 A, 0 P"
Ted Graham,,n/a,D,30,5-8,170,L/-,7,"January 30, 1906",ca,"4 G, 1 A, 5 P"
Flash Hollett,,n/a,D,23,6-0,180,L/-,2,"April 13, 1912",ca,"1 G, 2 A, 3 P"
Percy Jackson,,n/a,G,28,5-9,165,-/L,3,"September 21, 1907",ca,"0-0-0, 1.50 GAA"
Walter Jackson,,n/a,F,27,5-8,164,L/-,3,"June 3, 1908",gb,"0 G, 0 A, 0 P"
Roger Jenkins,,n/a,RW/D,24,5-11,173,R/-,4,"November 18, 1911",us,"2 G, 6 A, 8 P"
Max Kaminsky,,n/a,C,22,5-11,160,L/-,2,"April 19, 1913",ca,"1 G, 2 A, 3 P"
Bert McInenly,,n/a,D,29,5-9,160,L/-,5,"May 6, 1906",ca,"0 G, 0 A, 0 P"
Alex Motter,,n/a,C/D,22,6-0,175,L/-,1,"June 20, 1913",ca,"1 G, 4 A, 5 P"
Jim O'Neil,,n/a,RW/C,22,5-8,160,R/-,2,"April 3, 1913",ca,"2 G, 11 A, 13 P"
Jack Portland,,n/a,D,23,6-2,185,L/-,2,"July 30, 1912",ca,"0 G, 0 A, 0 P"
Jack Riley,,n/a,C,25,5-11,160,L/-,3,"December 29, 1910",ie,"0 G, 0 A, 0 P"
Paul Runge,,n/a,LW,27,5-11,167,L/-,4,"September 10, 1908",ca,"8 G, 2 A, 10 P"
Charlie Sands,,n/a,C/RW,24,5-9,160,R/-,3,"March 23, 1911",ca,"6 G, 4 A, 10 P"
Gerry Shannon,,n/a,LW,25,5-11,170,L/-,2,"October 25, 1910",ca,"0 G, 1 A, 1 P"
Eddie Shore,,n/a,D,33,5-11,190,R/-,9,"November 25, 1902",ca,"3 G, 16 A, 19 P"
Babe Siebert,,n/a,LW/D,32,5-10,182,L/-,10,"January 14, 1904",ca,"12 G, 9 A, 21 P"
Tiny Thompson,,n/a,G,32,5-10,160,-/L,7,"May 31, 1903",ca,"22-20-6, 1.68 GAA"
Cooney Weiland,,n/a,C,31,5-7,150,L/-,7,"November 5, 1904",ca,"14 G, 13 A, 27 P"
