Boston Bruins,BOS,nhl
1945-46,1946
23
50
5,5
GP,Date,Time,Location,Opponent,GF,GA,Result,Game Ended In,W,L,T,Streak
1,1945-10-24,time unavailable,H,Chicago Black Hawks,4,5,L,REG,0,1,0,L 1
2,1945-10-27,time unavailable,@,Toronto Maple Leafs,1,1,T,REG,0,1,1,T 1
3,1945-10-28,time unavailable,@,Detroit Red Wings,0,7,L,REG,0,2,1,L 1
4,1945-11-04,time unavailable,H,Montreal Canadiens,6,5,W,REG,1,2,1,W 1
5,1945-11-07,time unavailable,@,Toronto Maple Leafs,4,3,W,REG,2,2,1,W 2
6,1945-11-10,time unavailable,@,Montreal Canadiens,3,5,L,REG,2,3,1,L 1
7,1945-11-11,time unavailable,@,New York Rangers,7,1,W,REG,3,3,1,W 1
8,1945-11-21,time unavailable,H,Montreal Canadiens,3,0,W,REG,4,3,1,W 2
9,1945-11-25,time unavailable,H,Toronto Maple Leafs,5,3,W,REG,5,3,1,W 3
10,1945-11-28,time unavailable,H,New York Rangers,5,1,W,REG,6,3,1,W 4
11,1945-12-02,time unavailable,H,Detroit Red Wings,2,2,T,REG,6,3,2,T 1
12,1945-12-05,time unavailable,H,Chicago Black Hawks,6,3,W,REG,7,3,2,W 1
13,1945-12-09,time unavailable,@,Chicago Black Hawks,3,8,L,REG,7,4,2,L 1
14,1945-12-12,time unavailable,H,Detroit Red Wings,2,2,T,REG,7,4,3,T 1
15,1945-12-15,time unavailable,@,Montreal Canadiens,3,3,T,REG,7,4,4,T 2
16,1945-12-16,time unavailable,H,Toronto Maple Leafs,3,3,T,REG,7,4,5,T 3
17,1945-12-19,time unavailable,H,New York Rangers,8,7,W,REG,8,4,5,W 1
18,1945-12-23,time unavailable,H,Montreal Canadiens,1,4,L,REG,8,5,5,L 1
19,1945-12-29,time unavailable,@,Toronto Maple Leafs,4,3,W,REG,9,5,5,W 1
20,1945-12-30,time unavailable,@,Detroit Red Wings,3,3,T,REG,9,5,6,T 1
21,1946-01-01,time unavailable,H,Detroit Red Wings,4,0,W,REG,10,5,6,W 1
22,1946-01-05,time unavailable,@,Montreal Canadiens,2,4,L,REG,10,6,6,L 1
23,1946-01-06,time unavailable,@,New York Rangers,2,4,L,REG,10,7,6,L 2
24,1946-01-10,time unavailable,@,Detroit Red Wings,1,2,L,REG,10,8,6,L 3
25,1946-01-12,time unavailable,H,Chicago Black Hawks,4,3,W,REG,11,8,6,W 1
26,1946-01-16,time unavailable,H,New York Rangers,3,2,W,REG,12,8,6,W 2
27,1946-01-17,time unavailable,@,New York Rangers,4,2,W,REG,13,8,6,W 3
28,1946-01-19,time unavailable,@,Montreal Canadiens,1,3,L,REG,13,9,6,L 1
29,1946-01-20,time unavailable,H,Montreal Canadiens,3,0,W,REG,14,9,6,W 1
30,1946-01-23,time unavailable,H,Toronto Maple Leafs,7,1,W,REG,15,9,6,W 2
31,1946-01-26,time unavailable,@,Detroit Red Wings,4,2,W,REG,16,9,6,W 3
32,1946-01-27,time unavailable,@,Chicago Black Hawks,1,4,L,REG,16,10,6,L 1
33,1946-01-30,time unavailable,H,Chicago Black Hawks,4,3,W,REG,17,10,6,W 1
34,1946-02-02,time unavailable,@,Toronto Maple Leafs,5,3,W,REG,18,10,6,W 2
35,1946-02-03,time unavailable,@,Chicago Black Hawks,1,3,L,REG,18,11,6,L 1
36,1946-02-06,time unavailable,H,Toronto Maple Leafs,3,3,T,REG,18,11,7,T 1
37,1946-02-10,time unavailable,H,Montreal Canadiens,0,2,L,REG,18,12,7,L 1
38,1946-02-13,time unavailable,H,Detroit Red Wings,3,0,W,REG,19,12,7,W 1
39,1946-02-14,time unavailable,@,New York Rangers,2,2,T,REG,19,12,8,T 1
40,1946-02-16,time unavailable,H,New York Rangers,2,6,L,REG,19,13,8,L 1
41,1946-02-20,time unavailable,@,Chicago Black Hawks,3,4,L,REG,19,14,8,L 2
42,1946-02-23,time unavailable,@,Toronto Maple Leafs,2,7,L,REG,19,15,8,L 3
43,1946-02-24,time unavailable,@,Detroit Red Wings,3,4,L,REG,19,16,8,L 4
44,1946-02-27,time unavailable,@,Montreal Canadiens,5,3,W,REG,20,16,8,W 1
45,1946-03-03,time unavailable,@,Chicago Black Hawks,3,5,L,REG,20,17,8,L 1
46,1946-03-06,time unavailable,H,Detroit Red Wings,4,2,W,REG,21,17,8,W 1
47,1946-03-10,time unavailable,H,Toronto Maple Leafs,7,3,W,REG,22,17,8,W 2
48,1946-03-12,time unavailable,@,New York Rangers,3,2,W,REG,23,17,8,W 3
49,1946-03-13,time unavailable,H,New York Rangers,3,5,L,REG,23,18,8,L 1
50,1946-03-17,time unavailable,H,Chicago Black Hawks,5,3,W,REG,24,18,8,W 1

GP,Date,Time,Location,Opponent,GF,GA,Result,Game Ended In,W,L,T,Streak
1,1946-03-19,time unavailable,H,Detroit Red Wings,3,1,W,REG,1,0,0,W 1
2,1946-03-21,time unavailable,H,Detroit Red Wings,0,3,L,REG,1,1,0,L 1
3,1946-03-24,time unavailable,@,Detroit Red Wings,5,2,W,REG,2,1,0,W 1
4,1946-03-26,time unavailable,@,Detroit Red Wings,4,1,W,REG,3,1,0,W 2
5,1946-03-28,time unavailable,H,Detroit Red Wings,4,3,W,OT,4,1,0,W 3
6,1946-03-30,time unavailable,@,Montreal Canadiens,3,4,L,OT,4,2,0,L 1
7,1946-04-02,time unavailable,@,Montreal Canadiens,2,3,L,OT,4,3,0,L 2
8,1946-04-04,time unavailable,H,Montreal Canadiens,2,4,L,REG,4,4,0,L 3
9,1946-04-07,time unavailable,H,Montreal Canadiens,3,2,W,OT,5,4,0,W 1
10,1946-04-09,time unavailable,@,Montreal Canadiens,3,6,L,REG,5,5,0,L 1

Bobby Bauer,,n/a,RW,30,5-6,150,R/-,6,"February 16, 1915",ca,"11 G, 10 A, 21 P"
Paul Bibeault,,n/a,G,26,5-9,160,-/L,5,"April 13, 1919",ca,"8-4-4, 2.81 GAA"
Frank Brimsek,,n/a,G,30,5-9,170,-/L,5,"September 26, 1915",us,"16-14-4, 3.26 GAA"
Gordie Bruce,,n/a,LW,26,5-11,190,L/-,2,"May 9, 1919",ca,"0 G, 0 A, 0 P"
Herb Cain,,n/a,LW,33,5-11,180,L/-,12,"December 24, 1912",ca,"17 G, 12 A, 29 P"
Jack Church,,n/a,D,30,5-11,180,R/-,4,"May 24, 1915",ca,"2 G, 6 A, 8 P"
Dit Clapper,(C),n/a,D,38,6-2,195,R/-,18,"February 9, 1907",ca,"2 G, 3 A, 5 P"
Roy Conacher,,n/a,LW,29,6-2,175,L/-,4,"October 5, 1916",ca,"2 G, 1 A, 3 P"
Bill Cowley,,n/a,C,33,5-10,165,L/-,11,"June 12, 1912",ca,"12 G, 12 A, 24 P"
Jack Crawford,,n/a,D,29,5-11,200,R/-,8,"October 26, 1916",ca,"7 G, 9 A, 16 P"
Armand Delmonte,,n/a,RW,18,5-10,170,R/-,R,"June 3, 1927",ca,"0 G, 0 A, 0 P"
Woody Dumart,,n/a,LW,29,6-0,190,L/-,7,"December 23, 1916",ca,"22 G, 12 A, 34 P"
Pat Egan,,n/a,D,27,5-10,195,R/-,5,"April 25, 1918",ca,"8 G, 10 A, 18 P"
Fern Flaman,,n/a,D,19,5-10,190,R/-,1,"January 25, 1927",ca,"0 G, 0 A, 0 P"
Don Gallinger,,n/a,C,20,6-0,170,L/-,2,"April 16, 1925",ca,"17 G, 23 A, 40 P"
Bep Guidolin,,n/a,LW,20,5-8,175,L/-,2,"December 9, 1925",ca,"15 G, 17 A, 32 P"
Murray Henderson,,n/a,D,24,6-0,180,L/-,1,"September 5, 1921",ca,"4 G, 11 A, 15 P"
Jack McGill,,n/a,C,25,6-1,180,L/-,2,"September 19, 1920",ca,"6 G, 14 A, 20 P"
Mike McMahon,,n/a,D,30,5-8,215,L/-,1,"February 1, 1915",ca,"0 G, 0 A, 0 P"
Terry Reardon,,n/a,RW,26,5-10,170,R/-,4,"April 6, 1919",ca,"12 G, 11 A, 23 P"
Milt Schmidt,,n/a,C,27,6-0,185,L/-,6,"March 5, 1918",ca,"13 G, 18 A, 31 P"
Bill Shill,,n/a,RW,22,6-1,175,R/-,1,"March 6, 1923",ca,"15 G, 12 A, 27 P"
Ken Smith,,n/a,LW,21,5-7,150,L/-,1,"May 8, 1924",ca,"2 G, 6 A, 8 P"
