Detroit Red Wings,DET,nhl
1945-46,1946
26
50
5
GP,Date,Time,Location,Opponent,GF,GA,Result,Game Ended In,W,L,T,Streak
1,1945-10-28,time unavailable,H,Boston Bruins,7,0,W,REG,1,0,0,W 1
2,1945-11-03,time unavailable,@,Montreal Canadiens,1,3,L,REG,1,1,0,L 1
3,1945-11-04,time unavailable,H,New York Rangers,4,1,W,REG,2,1,0,W 1
4,1945-11-08,time unavailable,H,Toronto Maple Leafs,3,2,W,REG,3,1,0,W 2
5,1945-11-10,time unavailable,@,New York Rangers,0,2,L,REG,3,2,0,L 1
6,1945-11-11,time unavailable,H,Montreal Canadiens,4,1,W,REG,4,2,0,W 1
7,1945-11-15,time unavailable,H,Chicago Black Hawks,5,2,W,REG,5,2,0,W 2
8,1945-11-17,time unavailable,@,Toronto Maple Leafs,6,5,W,REG,6,2,0,W 3
9,1945-11-18,time unavailable,@,Chicago Black Hawks,5,3,W,REG,7,2,0,W 4
10,1945-11-24,time unavailable,@,Montreal Canadiens,1,2,L,REG,7,3,0,L 1
11,1945-11-25,time unavailable,H,New York Rangers,1,4,L,REG,7,4,0,L 2
12,1945-12-02,time unavailable,@,Boston Bruins,2,2,T,REG,7,4,1,T 1
13,1945-12-09,time unavailable,H,Montreal Canadiens,2,1,W,REG,8,4,1,W 1
14,1945-12-12,time unavailable,@,Boston Bruins,2,2,T,REG,8,4,2,T 1
15,1945-12-15,time unavailable,@,Toronto Maple Leafs,1,3,L,REG,8,5,2,L 1
16,1945-12-16,time unavailable,@,Chicago Black Hawks,4,6,L,REG,8,6,2,L 2
17,1945-12-22,time unavailable,H,Chicago Black Hawks,4,6,L,REG,8,7,2,L 3
18,1945-12-23,time unavailable,@,Chicago Black Hawks,4,4,T,REG,8,7,3,T 1
19,1945-12-25,time unavailable,H,Toronto Maple Leafs,6,3,W,REG,9,7,3,W 1
20,1945-12-26,time unavailable,@,New York Rangers,3,2,W,REG,10,7,3,W 2
21,1945-12-30,time unavailable,H,Boston Bruins,3,3,T,REG,10,7,4,T 1
22,1946-01-01,time unavailable,@,Boston Bruins,0,4,L,REG,10,8,4,L 1
23,1946-01-03,time unavailable,H,New York Rangers,3,3,T,REG,10,8,5,T 1
24,1946-01-06,time unavailable,H,Chicago Black Hawks,3,2,W,REG,11,8,5,W 1
25,1946-01-10,time unavailable,H,Boston Bruins,2,1,W,REG,12,8,5,W 2
26,1946-01-12,time unavailable,@,Toronto Maple Leafs,3,9,L,REG,12,9,5,L 1
27,1946-01-13,time unavailable,H,Montreal Canadiens,3,1,W,REG,13,9,5,W 1
28,1946-01-20,time unavailable,H,Toronto Maple Leafs,1,3,L,REG,13,10,5,L 1
29,1946-01-26,time unavailable,H,Boston Bruins,2,4,L,REG,13,11,5,L 2
30,1946-01-27,time unavailable,@,New York Rangers,2,5,L,REG,13,12,5,L 3
31,1946-02-02,time unavailable,@,Montreal Canadiens,1,5,L,REG,13,13,5,L 4
32,1946-02-03,time unavailable,H,Montreal Canadiens,2,0,W,REG,14,13,5,W 1
33,1946-02-07,time unavailable,H,New York Rangers,4,2,W,REG,15,13,5,W 2
34,1946-02-09,time unavailable,@,Toronto Maple Leafs,1,4,L,REG,15,14,5,L 1
35,1946-02-10,time unavailable,H,Toronto Maple Leafs,2,2,T,REG,15,14,6,T 1
36,1946-02-13,time unavailable,@,Boston Bruins,0,3,L,REG,15,15,6,L 1
37,1946-02-16,time unavailable,H,Chicago Black Hawks,3,3,T,REG,15,15,7,T 1
38,1946-02-17,time unavailable,@,Chicago Black Hawks,2,2,T,REG,15,15,8,T 2
39,1946-02-20,time unavailable,@,Montreal Canadiens,2,1,W,REG,16,15,8,W 1
40,1946-02-21,time unavailable,@,New York Rangers,2,2,T,REG,16,15,9,T 1
41,1946-02-24,time unavailable,H,Boston Bruins,4,3,W,REG,17,15,9,W 1
42,1946-02-28,time unavailable,H,New York Rangers,4,1,W,REG,18,15,9,W 2
43,1946-03-02,time unavailable,@,Montreal Canadiens,3,3,T,REG,18,15,10,T 1
44,1946-03-03,time unavailable,H,Montreal Canadiens,4,2,W,REG,19,15,10,W 1
45,1946-03-06,time unavailable,@,Boston Bruins,2,4,L,REG,19,16,10,L 1
46,1946-03-10,time unavailable,@,New York Rangers,2,3,L,REG,19,17,10,L 2
47,1946-03-13,time unavailable,@,Chicago Black Hawks,4,9,L,REG,19,18,10,L 3
48,1946-03-14,time unavailable,H,Chicago Black Hawks,7,3,W,REG,20,18,10,W 1
49,1946-03-16,time unavailable,@,Toronto Maple Leafs,3,7,L,REG,20,19,10,L 1
50,1946-03-17,time unavailable,H,Toronto Maple Leafs,7,11,L,REG,20,20,10,L 2

GP,Date,Time,Location,Opponent,GF,GA,Result,Game Ended In,W,L,T,Streak
1,1946-03-19,time unavailable,@,Boston Bruins,1,3,L,REG,0,1,0,L 1
2,1946-03-21,time unavailable,@,Boston Bruins,3,0,W,REG,1,1,0,W 1
3,1946-03-24,time unavailable,H,Boston Bruins,2,5,L,REG,1,2,0,L 1
4,1946-03-26,time unavailable,H,Boston Bruins,1,4,L,REG,1,3,0,L 2
5,1946-03-28,time unavailable,@,Boston Bruins,3,4,L,OT,1,4,0,L 3

Sid Abel,(C),n/a,C,27,5-11,170,L/-,5,"February 22, 1918",ca,"0 G, 2 A, 2 P"
Murray Armstrong,,n/a,C,30,5-10,170,L/-,7,"January 1, 1916",ca,"8 G, 18 A, 26 P"
Adam Brown,,n/a,LW,25,5-9,175,L/-,2,"February 4, 1920",gb,"20 G, 11 A, 31 P"
Gerry Brown,,n/a,LW,28,5-9,170,L/-,1,"July 7, 1917",ca,"0 G, 1 A, 1 P"
Eddie Bruneteau,,n/a,RW,26,5-9,172,R/-,3,"August 1, 1919",ca,"17 G, 12 A, 29 P"
Mud Bruneteau,,n/a,RW,31,5-11,185,R/-,10,"November 28, 1914",ca,"6 G, 4 A, 10 P"
Joe Carveth,,n/a,RW,27,5-10,180,R/-,5,"March 21, 1918",ca,"17 G, 18 A, 35 P"
Jim Conacher,,n/a,C,24,5-10,155,L/-,R,"May 5, 1921",gb,"1 G, 5 A, 6 P"
Gerry Couture,,n/a,C,20,6-2,185,R/-,R,"August 6, 1925",ca,"3 G, 7 A, 10 P"
Les Douglas,,n/a,C,27,5-9,165,L/-,2,"December 5, 1918",ca,"0 G, 0 A, 0 P"
Fern Gauthier,,n/a,RW,26,5-11,175,R/-,2,"August 31, 1919",ca,"9 G, 8 A, 17 P"
Flash Hollett,(C),n/a,D,33,6-0,180,L/-,12,"April 13, 1912",ca,"4 G, 9 A, 13 P"
John Holota,,n/a,C,24,5-6,160,L/-,1,"February 25, 1921",ca,"0 G, 0 A, 0 P"
Syd Howe,,n/a,C,34,5-9,165,L/-,16,"September 28, 1911",ca,"4 G, 7 A, 11 P"
Harold Jackson,,n/a,D,27,6-0,195,R/-,6,"August 1, 1918",ca,"3 G, 4 A, 7 P"
Ted Lindsay,,n/a,LW,20,5-8,163,L/-,1,"July 29, 1925",ca,"7 G, 10 A, 17 P"
Carl Liscombe,,n/a,LW,30,5-7,162,L/-,8,"May 17, 1915",ca,"12 G, 9 A, 21 P"
Harry Lumley,,n/a,G,19,6-0,195,-/L,2,"November 11, 1926",ca,"20-20-10, 3.18 GAA"
Pat Lundy,,n/a,C,21,5-11,170,R/-,R,"May 21, 1924",ca,"3 G, 2 A, 5 P"
Doug McCaig,,n/a,D,26,6-0,190,R/-,1,"February 24, 1919",ca,"0 G, 1 A, 1 P"
Rollie McLenahan,,n/a,D,24,5-7,169,L/-,R,"October 26, 1921",ca,"2 G, 1 A, 3 P"
Bill Quackenbush,,n/a,D,23,5-11,190,L/-,3,"March 2, 1922",ca,"11 G, 10 A, 21 P"
Roly Rossignol,,n/a,RW,24,5-9,168,R/-,2,"October 18, 1921",ca,"1 G, 2 A, 3 P"
Earl Seibert,,n/a,D,34,6-2,198,R/-,14,"December 7, 1911",ca,"0 G, 3 A, 3 P"
Jack Stewart,,n/a,D,28,5-10,190,L/-,5,"May 6, 1917",ca,"4 G, 11 A, 15 P"
Harry Watson,,n/a,LW,22,6-1,207,L/-,2,"May 6, 1923",ca,"14 G, 10 A, 24 P"
