Toronto Maple Leafs,TOR,nhl
1945-46,1946
25
50
0
GP,Date,Time,Location,Opponent,GF,GA,Result,Game Ended In,W,L,T,Streak
1,1945-10-27,time unavailable,H,Boston Bruins,1,1,T,REG,0,0,1,T 1
2,1945-11-01,time unavailable,@,Montreal Canadiens,2,4,L,REG,0,1,1,L 1
3,1945-11-03,time unavailable,H,New York Rangers,1,4,L,REG,0,2,1,L 2
4,1945-11-04,time unavailable,@,Chicago Black Hawks,4,7,L,REG,0,3,1,L 3
5,1945-11-07,time unavailable,H,Boston Bruins,3,4,L,REG,0,4,1,L 4
6,1945-11-08,time unavailable,@,Detroit Red Wings,2,3,L,REG,0,5,1,L 5
7,1945-11-10,time unavailable,H,Chicago Black Hawks,3,2,W,REG,1,5,1,W 1
8,1945-11-11,time unavailable,@,Chicago Black Hawks,3,5,L,REG,1,6,1,L 1
9,1945-11-14,time unavailable,H,Montreal Canadiens,1,6,L,REG,1,7,1,L 2
10,1945-11-17,time unavailable,H,Detroit Red Wings,5,6,L,REG,1,8,1,L 3
11,1945-11-18,time unavailable,@,New York Rangers,3,1,W,REG,2,8,1,W 1
12,1945-11-24,time unavailable,H,New York Rangers,4,3,W,REG,3,8,1,W 2
13,1945-11-25,time unavailable,@,Boston Bruins,3,5,L,REG,3,9,1,L 1
14,1945-12-01,time unavailable,H,Chicago Black Hawks,2,8,L,REG,3,10,1,L 2
15,1945-12-02,time unavailable,@,Chicago Black Hawks,5,3,W,REG,4,10,1,W 1
16,1945-12-08,time unavailable,H,Montreal Canadiens,0,1,L,REG,4,11,1,L 1
17,1945-12-09,time unavailable,@,New York Rangers,1,2,L,REG,4,12,1,L 2
18,1945-12-13,time unavailable,@,Montreal Canadiens,4,3,W,REG,5,12,1,W 1
19,1945-12-15,time unavailable,H,Detroit Red Wings,3,1,W,REG,6,12,1,W 2
20,1945-12-16,time unavailable,@,Boston Bruins,3,3,T,REG,6,12,2,T 1
21,1945-12-22,time unavailable,H,New York Rangers,5,5,T,REG,6,12,3,T 2
22,1945-12-23,time unavailable,@,New York Rangers,4,3,W,REG,7,12,3,W 1
23,1945-12-25,time unavailable,@,Detroit Red Wings,3,6,L,REG,7,13,3,L 1
24,1945-12-26,time unavailable,H,Montreal Canadiens,2,4,L,REG,7,14,3,L 2
25,1945-12-29,time unavailable,H,Boston Bruins,3,4,L,REG,7,15,3,L 3
26,1946-01-01,time unavailable,@,Chicago Black Hawks,1,3,L,REG,7,16,3,L 4
27,1946-01-05,time unavailable,H,Chicago Black Hawks,0,3,L,REG,7,17,3,L 5
28,1946-01-10,time unavailable,@,Montreal Canadiens,5,4,W,REG,8,17,3,W 1
29,1946-01-12,time unavailable,H,Detroit Red Wings,9,3,W,REG,9,17,3,W 2
30,1946-01-19,time unavailable,H,New York Rangers,3,1,W,REG,10,17,3,W 3
31,1946-01-20,time unavailable,@,Detroit Red Wings,3,1,W,REG,11,17,3,W 4
32,1946-01-23,time unavailable,@,Boston Bruins,1,7,L,REG,11,18,3,L 1
33,1946-01-26,time unavailable,H,Chicago Black Hawks,6,5,W,REG,12,18,3,W 1
34,1946-02-02,time unavailable,H,Boston Bruins,3,5,L,REG,12,19,3,L 1
35,1946-02-03,time unavailable,@,New York Rangers,6,6,T,REG,12,19,4,T 1
36,1946-02-06,time unavailable,@,Boston Bruins,3,3,T,REG,12,19,5,T 2
37,1946-02-09,time unavailable,H,Detroit Red Wings,4,1,W,REG,13,19,5,W 1
38,1946-02-10,time unavailable,@,Detroit Red Wings,2,2,T,REG,13,19,6,T 1
39,1946-02-16,time unavailable,H,Montreal Canadiens,2,4,L,REG,13,20,6,L 1
40,1946-02-23,time unavailable,H,Boston Bruins,7,2,W,REG,14,20,6,W 1
41,1946-02-24,time unavailable,@,Montreal Canadiens,2,6,L,REG,14,21,6,L 1
42,1946-02-27,time unavailable,H,New York Rangers,4,6,L,REG,14,22,6,L 2
43,1946-03-02,time unavailable,H,Chicago Black Hawks,9,4,W,REG,15,22,6,W 1
44,1946-03-03,time unavailable,@,New York Rangers,5,2,W,REG,16,22,6,W 2
45,1946-03-06,time unavailable,@,Chicago Black Hawks,5,2,W,REG,17,22,6,W 3
46,1946-03-09,time unavailable,H,Montreal Canadiens,1,2,L,REG,17,23,6,L 1
47,1946-03-10,time unavailable,@,Boston Bruins,3,7,L,REG,17,24,6,L 2
48,1946-03-14,time unavailable,@,Montreal Canadiens,2,2,T,REG,17,24,7,T 1
49,1946-03-16,time unavailable,H,Detroit Red Wings,7,3,W,REG,18,24,7,W 1
50,1946-03-17,time unavailable,@,Detroit Red Wings,11,7,W,REG,19,24,7,W 2

Time,Location,Result,Game Ended In

Syl Apps,(C),n/a,C,31,6-0,185,L/-,7,"January 18, 1915",ca,"24 G, 16 A, 40 P"
Doug Baldwin,,n/a,D,23,6-0,175,L/-,R,"November 2, 1922",ca,"0 G, 1 A, 1 P"
Baz Bastien,,n/a,G,26,5-7,160,-/L,R,"August 29, 1919",ca,"0-4-1, 4.00 GAA"
Gordie Bell,,n/a,G,20,5-10,164,-/L,R,"March 13, 1925",ca,"3-5-0, 3.87 GAA"
Gus Bodnar,,n/a,C,22,5-11,160,R/-,2,"April 24, 1923",ca,"14 G, 23 A, 37 P"
Turk Broda,,n/a,G,31,5-9,180,-/L,7,"May 15, 1914",ca,"6-6-3, 3.53 GAA"
Lorne Carr,,n/a,RW,35,5-8,161,R/-,12,"July 2, 1910",ca,"5 G, 8 A, 13 P"
Bob Davidson,,n/a,LW,33,5-11,185,L/-,11,"February 10, 1912",ca,"9 G, 9 A, 18 P"
Ernie Dickens,,n/a,D,24,6-0,175,L/-,1,"June 25, 1921",ca,"1 G, 3 A, 4 P"
Bill Ezinicki,,n/a,RW,21,5-10,170,R/-,1,"March 11, 1924",ca,"4 G, 8 A, 12 P"
Bob Goldham,,n/a,D,23,6-2,195,R/-,1,"May 12, 1922",ca,"7 G, 14 A, 21 P"
Jack Hamilton,,n/a,C,20,5-7,170,L/-,2,"June 2, 1925",ca,"7 G, 9 A, 16 P"
Mel Hill,,n/a,RW,31,5-10,175,R/-,8,"February 15, 1914",ca,"5 G, 7 A, 12 P"
Ted Kennedy,,n/a,C,20,5-10,170,R/-,3,"December 12, 1925",ca,"3 G, 2 A, 5 P"
Frank McCool,,n/a,G,27,6-0,170,-/L,1,"October 27, 1918",ca,"10-9-3, 3.68 GAA"
Don Metz,,n/a,RW,30,5-10,165,R/-,3,"January 10, 1916",ca,"1 G, 0 A, 1 P"
Nick Metz,,n/a,LW,31,5-11,160,L/-,9,"February 16, 1914",ca,"11 G, 11 A, 22 P"
Moe Morris,,n/a,D,25,5-8,187,L/-,2,"January 3, 1921",ca,"1 G, 5 A, 6 P"
Bud Poile,,n/a,RW,21,6-0,189,R/-,2,"February 10, 1924",ca,"1 G, 8 A, 9 P"
Babe Pratt,,n/a,D,30,6-3,212,L/-,10,"January 7, 1916",ca,"5 G, 20 A, 25 P"
Sweeney Schriner,,n/a,LW,34,6-0,185,L/-,10,"November 30, 1911",ru,"13 G, 6 A, 19 P"
Wally Stanowski,,n/a,D,26,5-11,180,L/-,4,"April 28, 1919",ca,"3 G, 10 A, 13 P"
Gaye Stewart,,n/a,LW,22,5-11,175,L/-,1,"June 23, 1923",ca,"37 G, 15 A, 52 P"
Billy Taylor,,n/a,C,26,5-9,150,R/-,4,"May 3, 1919",ca,"23 G, 18 A, 41 P"
Jimmy Thomson,,n/a,D,18,5-11,175,R/-,R,"February 23, 1927",ca,"0 G, 1 A, 1 P"
