Czechoslovakia,CZC,wha
1977-78,1978
24
8
0
GP,Date,Time,Location,Opponent,GF,GA,Result,Game Ended In,W,L,T,Streak
1,1977-12-09,time unavailable,@,Indianapolis Racers,5,3,W,REG,1,0,0,W 1
2,1977-12-11,time unavailable,@,Quebec Nordiques,4,8,L,REG,1,1,0,L 1
3,1977-12-13,time unavailable,@,Winnipeg Jets,1,5,L,REG,1,2,0,L 2
4,1977-12-14,time unavailable,@,Edmonton Oilers,1,6,L,REG,1,3,0,L 3
5,1977-12-16,time unavailable,@,New England Whalers,3,5,L,REG,1,4,0,L 4
6,1977-12-18,time unavailable,@,Houston Aeros,2,3,L,REG,1,5,0,L 5
7,1977-12-20,time unavailable,@,Cincinnati Stingers,5,5,T,REG,1,5,1,T 1
8,1977-12-21,time unavailable,@,Birmingham Bulls,0,5,L,REG,1,6,1,L 1

GP,Date,Time,Location,Opponent,GF,GA,Result,Game Ended In,W,L,T,Streak

Frantisek Cernik,,n/a,RW,24,5-10,189,R/-,R,"June 3, 1953",cs,"4 G, 3 A, 7 P"
Vitezslav Duris,,n/a,D,24,6-1,185,L/-,R,"January 5, 1954",cs,"5 G, 0 A, 5 P"
Vladimir Dzurilla,,n/a,G,35,5-10,205,-/L,R,"August 2, 1942",cs,", 5.15 GAA"
Milan Figala,,n/a,D,-/-,R,"0 G, 0 A, 0 P",unknown
Vaclav Honc,,n/a,C,-/-,R,"0 G, 1 A, 1 P",unknown
Miroslav Kapoun,,n/a,G,-/-,R,", 5.03 GAA",unknown
Jan Klabouch,,n/a,LW,-/-,R,"1 G, 0 A, 1 P",unknown
Jaroslav Kocer,,n/a,D,-/-,R,"0 G, 1 A, 1 P",unknown
Jindrich Kokrment,,n/a,C,-/-,R,"1 G, 2 A, 3 P",unknown
Jiri Kolar,,n/a,C,-/-,R,"1 G, 2 A, 3 P",unknown
Milan Kraft,,n/a,C,-/-,R,"0 G, 0 A, 0 P",unknown
Josef Kveton,,n/a,D,-/-,R,"0 G, 1 A, 1 P",unknown
Jaroslav Lycka,,n/a,D,-/-,R,"1 G, 0 A, 1 P",unknown
Jaroslav Mec,,n/a,C,-/-,R,"2 G, 5 A, 7 P",unknown
Milos Novak,,n/a,LW,-/-,R,"0 G, 2 A, 2 P",unknown
Ludimir Ozlizlo,,n/a,D,-/-,R,"0 G, 0 A, 0 P",unknown
Pavel Pazourek,,n/a,D,-/-,R,"0 G, 0 A, 0 P",unknown
Lubomir Penicka,,n/a,LW,-/-,R,"0 G, 3 A, 3 P",unknown
Ivan Podesva,,n/a,G,-/-,R,", 4.41 GAA",unknown
Pavel Richter,,n/a,RW,-/-,R,"3 G, 1 A, 4 P",unknown
Rudolf Slavik,,n/a,RW,-/-,R,"0 G, 0 A, 0 P",unknown
Milow Tarant,,n/a,LW,-/-,R,"1 G, 1 A, 2 P",unknown
Vladislav Vlcek,,n/a,D,-/-,R,"2 G, 7 A, 9 P",unknown
Frantisek Vyborny,,n/a,LW,-/-,R,"0 G, 1 A, 1 P",unknown
