Houston Aeros,HSA,wha
1977-78,1978
25
80
6
GP,Date,Time,Location,Opponent,GF,GA,Result,Game Ended In,W,L,T,Streak
1,1977-10-12,time unavailable,H,New England Whalers,0,3,L,REG,0,1,0,L 1
2,1977-10-14,time unavailable,@,Birmingham Bulls,3,5,L,REG,0,2,0,L 2
3,1977-10-15,time unavailable,H,Indianapolis Racers,5,1,W,REG,1,2,0,W 1
4,1977-10-21,time unavailable,H,Cincinnati Stingers,6,5,W,REG,2,2,0,W 2
5,1977-10-26,time unavailable,H,Edmonton Oilers,8,7,W,OT,3,2,0,W 3
6,1977-10-29,time unavailable,@,New England Whalers,2,7,L,REG,3,3,0,L 1
7,1977-10-30,time unavailable,@,Quebec Nordiques,4,5,L,REG,3,4,0,L 2
8,1977-11-01,time unavailable,@,Indianapolis Racers,3,6,L,REG,3,5,0,L 3
9,1977-11-02,time unavailable,H,Birmingham Bulls,5,3,W,REG,4,5,0,W 1
10,1977-11-04,time unavailable,H,Quebec Nordiques,6,7,L,REG,4,6,0,L 1
11,1977-11-06,time unavailable,@,Edmonton Oilers,1,7,L,REG,4,7,0,L 2
12,1977-11-09,time unavailable,@,Winnipeg Jets,3,4,L,REG,4,8,0,L 3
13,1977-11-11,time unavailable,H,Indianapolis Racers,5,3,W,REG,5,8,0,W 1
14,1977-11-18,time unavailable,H,Quebec Nordiques,6,5,W,REG,6,8,0,W 2
15,1977-11-19,time unavailable,@,Birmingham Bulls,3,4,L,REG,6,9,0,L 1
16,1977-11-23,time unavailable,H,Birmingham Bulls,3,0,W,REG,7,9,0,W 1
17,1977-11-25,time unavailable,H,Cincinnati Stingers,3,1,W,REG,8,9,0,W 2
18,1977-11-30,time unavailable,H,New England Whalers,3,3,T,REG,8,9,1,T 1
19,1977-12-02,time unavailable,H,Indianapolis Racers,2,4,L,REG,8,10,1,L 1
20,1977-12-04,time unavailable,@,Cincinnati Stingers,3,2,W,REG,9,10,1,W 1
21,1977-12-06,time unavailable,@,Quebec Nordiques,3,4,L,OT,9,11,1,L 1
22,1977-12-07,time unavailable,@,Winnipeg Jets,2,5,L,REG,9,12,1,L 2
23,1977-12-09,time unavailable,@,Edmonton Oilers,5,3,W,REG,10,12,1,W 1
24,1977-12-11,time unavailable,@,Edmonton Oilers,4,2,W,REG,11,12,1,W 2
25,1977-12-13,time unavailable,H,Birmingham Bulls,3,5,L,REG,11,13,1,L 1
26,1977-12-15,time unavailable,@,Indianapolis Racers,3,3,T,REG,11,13,2,T 1
27,1977-12-18,time unavailable,H,Czechoslovakia,3,2,W,REG,12,13,2,W 1
28,1977-12-20,time unavailable,H,Edmonton Oilers,6,4,W,REG,13,13,2,W 2
29,1977-12-21,time unavailable,H,Winnipeg Jets,3,4,L,REG,13,14,2,L 1
30,1977-12-23,time unavailable,H,Soviet All-Stars,2,6,L,REG,13,15,2,L 2
31,1977-12-29,time unavailable,@,Indianapolis Racers,7,1,W,REG,14,15,2,W 1
32,1977-12-30,time unavailable,H,Cincinnati Stingers,5,5,T,REG,14,15,3,T 1
33,1978-01-01,time unavailable,@,Edmonton Oilers,2,1,W,REG,15,15,3,W 1
34,1978-01-04,time unavailable,@,Cincinnati Stingers,3,5,L,REG,15,16,3,L 1
35,1978-01-06,time unavailable,@,Birmingham Bulls,4,6,L,REG,15,17,3,L 2
36,1978-01-07,time unavailable,H,Indianapolis Racers,1,2,L,OT,15,18,3,L 3
37,1978-01-08,time unavailable,H,Edmonton Oilers,2,4,L,REG,15,19,3,L 4
38,1978-01-13,time unavailable,H,Winnipeg Jets,3,2,W,REG,16,19,3,W 1
39,1978-01-14,time unavailable,@,New England Whalers,5,4,W,OT,17,19,3,W 2
40,1978-01-20,time unavailable,@,Indianapolis Racers,4,3,W,REG,18,19,3,W 3
41,1978-01-21,time unavailable,H,Cincinnati Stingers,5,2,W,REG,19,19,3,W 4
42,1978-01-22,time unavailable,H,Birmingham Bulls,4,2,W,REG,20,19,3,W 5
43,1978-01-24,time unavailable,@,Quebec Nordiques,6,5,W,REG,21,19,3,W 6
44,1978-01-26,time unavailable,H,Winnipeg Jets,2,1,W,OT,22,19,3,W 7
45,1978-01-28,time unavailable,H,New England Whalers,0,3,L,REG,22,20,3,L 1
46,1978-01-29,time unavailable,H,New England Whalers,6,4,W,REG,23,20,3,W 1
47,1978-01-31,time unavailable,@,Birmingham Bulls,4,2,W,REG,24,20,3,W 2
48,1978-02-03,time unavailable,@,Cincinnati Stingers,0,1,L,REG,24,21,3,L 1
49,1978-02-04,time unavailable,H,New England Whalers,5,4,W,REG,25,21,3,W 1
50,1978-02-09,time unavailable,H,Quebec Nordiques,2,1,W,REG,26,21,3,W 2
51,1978-02-11,time unavailable,H,Quebec Nordiques,8,4,W,REG,27,21,3,W 3
52,1978-02-12,time unavailable,H,Winnipeg Jets,5,6,L,REG,27,22,3,L 1
53,1978-02-15,time unavailable,@,Cincinnati Stingers,5,2,W,REG,28,22,3,W 1
54,1978-02-16,time unavailable,H,Birmingham Bulls,2,5,L,REG,28,23,3,L 1
55,1978-02-17,time unavailable,H,Cincinnati Stingers,3,4,L,OT,28,24,3,L 2
56,1978-02-18,time unavailable,@,Birmingham Bulls,3,2,W,REG,29,24,3,W 1
57,1978-02-22,time unavailable,@,Edmonton Oilers,6,5,W,REG,30,24,3,W 2
58,1978-02-24,time unavailable,@,Edmonton Oilers,4,5,L,OT,30,25,3,L 1
59,1978-02-26,time unavailable,@,Winnipeg Jets,6,9,L,REG,30,26,3,L 2
60,1978-02-28,time unavailable,@,Quebec Nordiques,2,5,L,REG,30,27,3,L 3
61,1978-03-01,time unavailable,@,Indianapolis Racers,1,5,L,REG,30,28,3,L 4
62,1978-03-03,time unavailable,@,New England Whalers,3,2,W,OT,31,28,3,W 1
63,1978-03-04,time unavailable,@,Quebec Nordiques,3,3,T,REG,31,28,4,T 1
64,1978-03-05,time unavailable,@,Winnipeg Jets,4,3,W,REG,32,28,4,W 1
65,1978-03-07,time unavailable,H,Edmonton Oilers,4,3,W,REG,33,28,4,W 2
66,1978-03-09,time unavailable,H,New England Whalers,6,4,W,REG,34,28,4,W 3
67,1978-03-11,time unavailable,@,Indianapolis Racers,2,4,L,REG,34,29,4,L 1
68,1978-03-12,time unavailable,H,Indianapolis Racers,6,3,W,REG,35,29,4,W 1
69,1978-03-17,time unavailable,H,Birmingham Bulls,2,3,L,REG,35,30,4,L 1
70,1978-03-22,time unavailable,@,Cincinnati Stingers,2,9,L,REG,35,31,4,L 2
71,1978-03-24,time unavailable,@,New England Whalers,1,0,W,REG,36,31,4,W 1
72,1978-03-25,time unavailable,H,Quebec Nordiques,4,3,W,OT,37,31,4,W 2
73,1978-03-28,time unavailable,H,Winnipeg Jets,5,3,W,REG,38,31,4,W 3
74,1978-03-30,time unavailable,H,Edmonton Oilers,5,1,W,REG,39,31,4,W 4
75,1978-04-02,time unavailable,@,Quebec Nordiques,1,7,L,REG,39,32,4,L 1
76,1978-04-03,time unavailable,@,New England Whalers,6,8,L,REG,39,33,4,L 2
77,1978-04-04,time unavailable,H,Winnipeg Jets,6,3,W,REG,40,33,4,W 1
78,1978-04-07,time unavailable,@,Birmingham Bulls,3,5,L,REG,40,34,4,L 1
79,1978-04-08,time unavailable,H,Cincinnati Stingers,5,4,W,REG,41,34,4,W 1
80,1978-04-09,time unavailable,@,Winnipeg Jets,5,4,W,REG,42,34,4,W 2

GP,Date,Time,Location,Opponent,GF,GA,Result,Game Ended In,W,L,T,Streak
1,1978-04-16,time unavailable,H,Quebec Nordiques,4,3,W,OT,1,0,0,W 1
2,1978-04-18,time unavailable,H,Quebec Nordiques,4,5,L,OT,1,1,0,L 1
3,1978-04-20,time unavailable,@,Quebec Nordiques,1,5,L,REG,1,2,0,L 2
4,1978-04-21,time unavailable,@,Quebec Nordiques,0,3,L,REG,1,3,0,L 3
5,1978-04-23,time unavailable,H,Quebec Nordiques,5,2,W,REG,2,3,0,W 1
6,1978-04-25,time unavailable,@,Quebec Nordiques,2,11,L,REG,2,4,0,L 1

Scott Campbell,,n/a,D,20,6-3,205,L/-,R,"June 22, 1957",ca,"8 G, 29 A, 37 P"
Cam Connor,,n/a,LW,23,6-2,200,L/-,3,"August 10, 1954",ca,"21 G, 16 A, 37 P"
John Gray,,n/a,RW,28,5-10,180,L/-,3,"August 13, 1949",ca,"35 G, 23 A, 58 P"
Larry Hale,,n/a,D,36,6-1,180,L/-,5,"October 9, 1941",ca,"2 G, 11 A, 13 P"
Ron Hansis,,n/a,RW,25,6-2,195,R/-,1,"November 12, 1952",us,"13 G, 9 A, 22 P"
Frank Hughes,,n/a,RW,28,5-10,180,L/-,5,"October 1, 1949",ca,"3 G, 2 A, 5 P"
John Hughes,,n/a,D,23,5-11,200,L/-,3,"March 18, 1954",ca,"3 G, 25 A, 28 P"
Glen Irwin,,n/a,D,26,5-11,195,R/-,3,"March 1, 1951",ca,"0 G, 0 A, 0 P"
Andre Lacroix,,n/a,C,32,5-8,175,L/-,5,"June 5, 1945",ca,"36 G, 77 A, 113 P"
Don Larway,,n/a,RW,23,6-1,192,R/-,3,"February 2, 1954",ca,"24 G, 35 A, 59 P"
Morris Lukowich,,n/a,LW,21,5-9,170,L/-,1,"June 1, 1956",ca,"40 G, 35 A, 75 P"
Larry Lund,,n/a,C,37,6-0,190,R/-,5,"September 9, 1940",ca,"9 G, 17 A, 26 P"
John Mazur,,n/a,LW,23,5-10,175,L/-,R,"June 1, 1954",ca,"0 G, 0 A, 0 P"
Al McLeod,,n/a,D,28,5-11,200,L/-,3,"June 17, 1949",ca,"2 G, 22 A, 24 P"
Cleland Mortson,,n/a,C,43,5-10,165,R/-,1,"March 29, 1934",ca,"0 G, 1 A, 1 P"
Poul Popiel,,n/a,D,34,5-10,175,L/-,5,"February 28, 1943",dk,"6 G, 31 A, 37 P"
Rich Preston,,n/a,RW,25,6-0,185,R/-,3,"May 22, 1952",ca,"25 G, 25 A, 50 P"
Terry Ruskowski,,n/a,C,23,5-10,178,L/-,3,"December 31, 1954",ca,"15 G, 57 A, 72 P"
Wayne Rutledge,,n/a,G,36,6-2,200,-/L,5,"January 5, 1942",ca,", 4.45 GAA"
John Schella,,n/a,D,30,6-0,180,R/-,5,"May 9, 1947",ca,"9 G, 20 A, 29 P"
Ted Taylor,,n/a,LW,35,6-0,175,L/-,5,"February 25, 1942",ca,"11 G, 11 A, 22 P"
John Tonelli,,n/a,C,20,6-1,200,L/-,2,"March 23, 1957",ca,"23 G, 41 A, 64 P"
Ernie Wakely,,n/a,G,37,5-11,160,-/L,5,"November 27, 1940",ca,", 3.24 GAA"
Steve West,,n/a,C,25,5-8,150,L/-,2,"March 20, 1952",ca,"11 G, 21 A, 32 P"
Lynn Zimmerman,,n/a,G,35,5-7,155,-/R,1,"July 13, 1942",ca,", 4.32 GAA"
