Soviet All-Stars,SVT,wha
1977-78,1978
23
8
0
GP,Date,Time,Location,Opponent,GF,GA,Result,Game Ended In,W,L,T,Streak
1,1977-12-14,time unavailable,@,New England Whalers,2,7,L,REG,0,1,0,L 1
2,1977-12-17,time unavailable,@,Cincinnati Stingers,5,4,W,REG,1,1,0,W 1
3,1977-12-18,time unavailable,@,Indianapolis Racers,4,3,W,REG,2,1,0,W 2
4,1977-12-20,time unavailable,@,Winnipeg Jets,4,6,L,REG,2,2,0,L 1
5,1977-12-21,time unavailable,@,Edmonton Oilers,2,5,L,REG,2,3,0,L 2
6,1977-12-23,time unavailable,@,Houston Aeros,6,2,W,REG,3,3,0,W 1
7,1977-12-26,time unavailable,@,Birmingham Bulls,1,6,L,REG,3,4,0,L 1
8,1978-01-03,time unavailable,@,Quebec Nordiques,3,3,T,REG,3,4,1,T 1

GP,Date,Time,Location,Opponent,GF,GA,Result,Game Ended In,W,L,T,Streak

Sergei Babariko,,n/a,G,-/-,R,", 3.40 GAA",unknown
Zinetul Biljaketdinov,,n/a,D,22,5-11,191,L/-,R,"March 13, 1955",su,"5 G, 2 A, 7 P"
Valeri Bragin,,n/a,LW,21,-/-,R,"May 31, 1956","0 G, 2 A, 2 P",unknown
Anatoli Emeljaneko,,n/a,RW,-/-,R,"2 G, 4 A, 6 P",unknown
Jrek Gimaev,,n/a,C,-/-,R,"1 G, 0 A, 1 P",unknown
Sergei Gimaev,,n/a,-/-,R,"0 G, 0 A, 0 P",unknown
Vladimir Gulobovich,,n/a,RW,-/-,R,"2 G, 0 A, 2 P",unknown
Sergei Korotov,,n/a,D,-/-,R,"0 G, 0 A, 0 P",unknown
Alexei Kostylev,,n/a,RW,-/-,R,"0 G, 0 A, 0 P",unknown
Vladimir Lavrentiev,,n/a,RW,-/-,R,"1 G, 7 A, 8 P",unknown
Vladimir Lokotko,,n/a,D,23,-/-,R,"July 18, 1954","0 G, 0 A, 0 P",unknown
Nicolai Makarov,,n/a,D,-/-,R,"1 G, 3 A, 4 P",unknown
Viacheslav Nazarov,,n/a,D,28,-/-,R,"September 1, 1949","0 G, 5 A, 5 P",unknown
Sergei Podgortsev,,n/a,LW,-/-,R,"0 G, 1 A, 1 P",unknown
Vladimir Popov,,n/a,C,24,-/-,R,"March 3, 1953","2 G, 3 A, 5 P",unknown
Igor Romashin,,n/a,C,-/-,R,"3 G, 3 A, 6 P",unknown
Vladimir Semjonov,,n/a,LW,-/-,R,"1 G, 2 A, 3 P",unknown
Mikhail Shostak,,n/a,C,20,-/-,R,"April 26, 1957","1 G, 1 A, 2 P",unknown
Vasili Spiridinov,,n/a,D,-/-,R,"0 G, 2 A, 2 P",unknown
Victor Tjmenev,,n/a,LW,-/-,R,"2 G, 2 A, 4 P",unknown
Mikhail Vasilnok,,n/a,G,-/-,R,", 6.33 GAA",unknown
Alexei Volchenkov,,n/a,D,24,-/-,R,"February 5, 1953","3 G, 1 A, 4 P",unknown
Alexsandr Volchkov,,n/a,LW,26,-/-,R,"January 11, 1952","3 G, 2 A, 5 P",unknown
