Cleveland Crusaders,CLC,wha
1974-75,1975
24
78
5
GP,Date,Time,Location,Opponent,GF,GA,Result,Game Ended In,W,L,T,Streak
1,1974-10-19,time unavailable,@,Minnesota Fighting Saints,3,1,W,REG,1,0,0,W 1
2,1974-10-20,time unavailable,@,Phoenix Roadrunners,4,4,T,REG,1,0,1,T 1
3,1974-10-22,time unavailable,@,San Diego Mariners,2,5,L,REG,1,1,1,L 1
4,1974-10-23,time unavailable,@,Vancouver Blazers,1,4,L,REG,1,2,1,L 2
5,1974-10-31,time unavailable,@,Michigan Stags/Baltimore Blades,4,2,W,REG,2,2,1,W 1
6,1974-11-02,time unavailable,H,Edmonton Oilers,2,4,L,REG,2,3,1,L 1
7,1974-11-08,time unavailable,@,Vancouver Blazers,2,1,W,REG,3,3,1,W 1
8,1974-11-10,time unavailable,@,Edmonton Oilers,1,4,L,REG,3,4,1,L 1
9,1974-11-14,time unavailable,@,Phoenix Roadrunners,2,1,W,OT,4,4,1,W 1
10,1974-11-15,time unavailable,@,San Diego Mariners,5,3,W,REG,5,4,1,W 2
11,1974-11-19,time unavailable,H,Toronto Toros,5,6,L,REG,5,5,1,L 1
12,1974-11-22,time unavailable,@,Quebec Nordiques,2,3,L,REG,5,6,1,L 2
13,1974-11-24,time unavailable,H,Quebec Nordiques,3,1,W,REG,6,6,1,W 1
14,1974-11-27,time unavailable,H,Winnipeg Jets,5,4,W,OT,7,6,1,W 2
15,1974-11-29,time unavailable,H,Indianapolis Racers,4,2,W,REG,8,6,1,W 3
16,1974-11-30,time unavailable,@,Houston Aeros,5,4,W,REG,9,6,1,W 4
17,1974-12-04,time unavailable,H,New England Whalers,2,3,L,REG,9,7,1,L 1
18,1974-12-07,time unavailable,H,San Diego Mariners,3,1,W,REG,10,7,1,W 1
19,1974-12-10,time unavailable,H,Vancouver Blazers,3,4,L,REG,10,8,1,L 1
20,1974-12-12,time unavailable,@,Quebec Nordiques,2,5,L,REG,10,9,1,L 2
21,1974-12-13,time unavailable,@,Toronto Toros,6,7,L,OT,10,10,1,L 3
22,1974-12-15,time unavailable,@,Vancouver Blazers,1,2,L,REG,10,11,1,L 4
23,1974-12-17,time unavailable,@,San Diego Mariners,3,8,L,REG,10,12,1,L 5
24,1974-12-19,time unavailable,@,Michigan Stags/Baltimore Blades,0,1,L,REG,10,13,1,L 6
25,1974-12-20,time unavailable,H,New England Whalers,3,0,W,REG,11,13,1,W 1
26,1974-12-22,time unavailable,H,Houston Aeros,0,3,L,REG,11,14,1,L 1
27,1974-12-23,time unavailable,@,Toronto Toros,4,1,W,REG,12,14,1,W 1
28,1974-12-27,time unavailable,H,Quebec Nordiques,4,3,W,REG,13,14,1,W 2
29,1974-12-28,time unavailable,@,Phoenix Roadrunners,2,3,L,OT,13,15,1,L 1
30,1974-12-29,time unavailable,@,Minnesota Fighting Saints,0,6,L,REG,13,16,1,L 2
31,1974-12-31,time unavailable,H,Chicago Cougars,3,4,L,REG,13,17,1,L 3
32,1975-01-01,time unavailable,@,Minnesota Fighting Saints,2,6,L,REG,13,18,1,L 4
33,1975-01-02,time unavailable,H,Indianapolis Racers,4,1,W,REG,14,18,1,W 1
34,1975-01-04,time unavailable,H,San Diego Mariners,0,2,L,REG,14,19,1,L 1
35,1975-01-05,time unavailable,H,Toronto Toros,3,4,L,REG,14,20,1,L 2
36,1975-01-07,time unavailable,H,Winnipeg Jets,4,4,T,REG,14,20,2,T 1
37,1975-01-10,time unavailable,H,Vancouver Blazers,6,4,W,REG,15,20,2,W 1
38,1975-01-12,time unavailable,H,Phoenix Roadrunners,4,2,W,REG,16,20,2,W 2
39,1975-01-15,time unavailable,H,Minnesota Fighting Saints,2,4,L,REG,16,21,2,L 1
40,1975-01-16,time unavailable,@,Indianapolis Racers,2,4,L,REG,16,22,2,L 2
41,1975-01-18,time unavailable,H,Michigan Stags/Baltimore Blades,2,1,W,REG,17,22,2,W 1
42,1975-01-19,time unavailable,@,Winnipeg Jets,4,9,L,REG,17,23,2,L 1
43,1975-01-23,time unavailable,@,Quebec Nordiques,5,3,W,REG,18,23,2,W 1
44,1975-01-25,time unavailable,H,Michigan Stags/Baltimore Blades,2,1,W,REG,19,23,2,W 2
45,1975-01-27,time unavailable,@,New England Whalers,0,2,L,REG,19,24,2,L 1
46,1975-01-28,time unavailable,@,Chicago Cougars,3,4,L,REG,19,25,2,L 2
47,1975-01-29,time unavailable,H,Phoenix Roadrunners,6,2,W,REG,20,25,2,W 1
48,1975-01-31,time unavailable,@,Edmonton Oilers,2,0,W,REG,21,25,2,W 2
49,1975-02-02,time unavailable,H,Quebec Nordiques,3,4,L,REG,21,26,2,L 1
50,1975-02-05,time unavailable,H,Winnipeg Jets,3,2,W,REG,22,26,2,W 1
51,1975-02-06,time unavailable,@,Michigan Stags/Baltimore Blades,4,0,W,REG,23,26,2,W 2
52,1975-02-07,time unavailable,@,Toronto Toros,1,4,L,REG,23,27,2,L 1
53,1975-02-09,time unavailable,H,Houston Aeros,1,4,L,REG,23,28,2,L 2
54,1975-02-12,time unavailable,H,Chicago Cougars,5,3,W,REG,24,28,2,W 1
55,1975-02-14,time unavailable,H,San Diego Mariners,3,2,W,REG,25,28,2,W 2
56,1975-02-15,time unavailable,@,Winnipeg Jets,1,5,L,REG,25,29,2,L 1
57,1975-02-17,time unavailable,H,Minnesota Fighting Saints,1,2,L,REG,25,30,2,L 2
58,1975-02-19,time unavailable,H,Minnesota Fighting Saints,3,5,L,REG,25,31,2,L 3
59,1975-02-22,time unavailable,H,Toronto Toros,4,3,W,REG,26,31,2,W 1
60,1975-02-23,time unavailable,@,Indianapolis Racers,0,6,L,REG,26,32,2,L 1
61,1975-02-26,time unavailable,@,Houston Aeros,5,9,L,REG,26,33,2,L 2
62,1975-03-01,time unavailable,@,New England Whalers,4,4,T,REG,26,33,3,T 1
63,1975-03-04,time unavailable,@,Edmonton Oilers,3,1,W,REG,27,33,3,W 1
64,1975-03-05,time unavailable,@,Winnipeg Jets,2,4,L,REG,27,34,3,L 1
65,1975-03-08,time unavailable,@,Indianapolis Racers,6,5,W,REG,28,34,3,W 1
66,1975-03-12,time unavailable,H,Michigan Stags/Baltimore Blades,0,2,L,REG,28,35,3,L 1
67,1975-03-14,time unavailable,H,Edmonton Oilers,3,0,W,REG,29,35,3,W 1
68,1975-03-16,time unavailable,H,Houston Aeros,1,2,L,REG,29,36,3,L 1
69,1975-03-17,time unavailable,@,Chicago Cougars,2,3,L,REG,29,37,3,L 2
70,1975-03-19,time unavailable,H,Phoenix Roadrunners,5,4,W,REG,30,37,3,W 1
71,1975-03-22,time unavailable,H,Edmonton Oilers,5,1,W,REG,31,37,3,W 2
72,1975-03-26,time unavailable,H,Vancouver Blazers,4,2,W,REG,32,37,3,W 3
73,1975-03-27,time unavailable,@,New England Whalers,3,5,L,REG,32,38,3,L 1
74,1975-03-29,time unavailable,H,Indianapolis Racers,7,5,W,REG,33,38,3,W 1
75,1975-03-30,time unavailable,H,Chicago Cougars,7,6,W,REG,34,38,3,W 2
76,1975-04-01,time unavailable,@,Chicago Cougars,2,3,L,OT,34,39,3,L 1
77,1975-04-02,time unavailable,@,Houston Aeros,6,7,L,REG,34,40,3,L 2
78,1975-04-05,time unavailable,H,New England Whalers,5,2,W,REG,35,40,3,W 1

GP,Date,Time,Location,Opponent,GF,GA,Result,Game Ended In,W,L,T,Streak
1,1975-04-10,time unavailable,@,Houston Aeros,5,8,L,REG,0,1,0,L 1
2,1975-04-12,time unavailable,@,Houston Aeros,3,5,L,REG,0,2,0,L 2
3,1975-04-13,time unavailable,H,Houston Aeros,3,1,W,REG,1,2,0,W 1
4,1975-04-15,time unavailable,H,Houston Aeros,2,7,L,REG,1,3,0,L 1
5,1975-04-17,time unavailable,@,Houston Aeros,1,3,L,REG,1,4,0,L 2

Ron F. Anderson,,n/a,D,26,6-0,190,R/-,2,"November 15, 1948",ca,"0 G, 9 A, 9 P"
Paul Baxter,,n/a,D,19,5-11,200,R/-,R,"October 28, 1955",ca,"0 G, 0 A, 0 P"
Ron Buchanan,,n/a,RW,30,6-3,170,L/-,2,"November 15, 1944",ca,"2 G, 0 A, 2 P"
Steve Cardwell,,n/a,LW,24,5-11,190,L/-,1,"August 13, 1950",ca,"9 G, 13 A, 22 P"
Gerry Cheevers,,n/a,G,34,5-11,185,-/L,2,"December 7, 1940",ca,", 3.26 GAA"
Ray Clearwater,,n/a,D,32,5-11,175,L/-,2,"November 10, 1942",ca,"4 G, 18 A, 22 P"
Tom Edur,,n/a,D,20,6-1,185,R/-,1,"November 18, 1954",ca,"3 G, 20 A, 23 P"
Grant Erickson,,n/a,LW,27,5-9,165,-/-,2,"April 28, 1947",ca,"12 G, 15 A, 27 P"
Jim Harrison,,n/a,C,27,5-11,185,R/-,2,"July 9, 1947",ca,"20 G, 22 A, 42 P"
Larry Hillman,,n/a,D,37,6-0,185,L/-,1,"February 5, 1937",ca,"0 G, 16 A, 16 P"
Wayne Hillman,,n/a,D,36,6-1,205,R/-,1,"November 13, 1938",ca,"2 G, 9 A, 11 P"
Terry Holbrook,,n/a,RW,24,6-0,185,R/-,R,"July 11, 1950",ca,"10 G, 13 A, 23 P"
Gary Jarrett,,n/a,LW,32,5-8,170,L/-,2,"September 3, 1942",ca,"17 G, 24 A, 41 P"
Skip Krake,,n/a,RW,31,5-11,170,R/-,2,"October 14, 1943",ca,"15 G, 23 A, 38 P"
Rich LeDuc,,n/a,C,23,5-11,170,L/-,R,"August 24, 1951",ca,"35 G, 31 A, 66 P"
Al McDonough,,n/a,RW,24,6-1,175,R/-,R,"June 6, 1950",ca,"34 G, 30 A, 64 P"
Wayne Muloin,,n/a,D,33,5-8,175,L/-,2,"December 24, 1941",ca,"4 G, 17 A, 21 P"
Robbie Neale,,n/a,C,21,6-0,185,L/-,1,"April 17, 1953",ca,"1 G, 3 A, 4 P"
Gerry Pinder,,n/a,LW,26,5-8,165,R/-,2,"September 15, 1948",ca,"13 G, 28 A, 41 P"
Paul Shmyr,,n/a,D,29,5-11,170,L/-,2,"January 28, 1946",ca,"7 G, 14 A, 21 P"
John Stewart,,n/a,C,21,6-0,180,L/-,R,"January 2, 1954",ca,"4 G, 7 A, 11 P"
Russ Walker,,n/a,RW,21,6-2,185,R/-,1,"May 24, 1953",ca,"14 G, 11 A, 25 P"
Ron Ward,,n/a,C,30,5-11,175,R/-,2,"September 12, 1944",ca,"30 G, 32 A, 62 P"
Bob Whidden,,n/a,G,28,5-10,165,-/R,2,"July 27, 1946",ca,", 3.23 GAA"
