Houston Aeros,HSA,wha
1974-75,1975
20
78
5,4,4
GP,Date,Time,Location,Opponent,GF,GA,Result,Game Ended In,W,L,T,Streak
1,1974-10-16,time unavailable,@,Vancouver Blazers,6,0,W,REG,1,0,0,W 1
2,1974-10-18,time unavailable,@,Phoenix Roadrunners,4,6,L,REG,1,1,0,L 1
3,1974-10-19,time unavailable,@,San Diego Mariners,2,6,L,REG,1,2,0,L 2
4,1974-10-22,time unavailable,@,Quebec Nordiques,2,7,L,REG,1,3,0,L 3
5,1974-10-23,time unavailable,@,New England Whalers,4,5,L,REG,1,4,0,L 4
6,1974-10-26,time unavailable,H,Minnesota Fighting Saints,3,2,W,REG,2,4,0,W 1
7,1974-10-29,time unavailable,@,Chicago Cougars,4,2,W,REG,3,4,0,W 2
8,1974-10-30,time unavailable,H,Chicago Cougars,1,0,W,REG,4,4,0,W 3
9,1974-11-02,time unavailable,H,Phoenix Roadrunners,8,2,W,REG,5,4,0,W 4
10,1974-11-05,time unavailable,H,San Diego Mariners,9,3,W,REG,6,4,0,W 5
11,1974-11-09,time unavailable,H,Indianapolis Racers,4,5,L,OT,6,5,0,L 1
12,1974-11-12,time unavailable,H,New England Whalers,6,1,W,REG,7,5,0,W 1
13,1974-11-13,time unavailable,@,Minnesota Fighting Saints,8,5,W,REG,8,5,0,W 2
14,1974-11-16,time unavailable,H,Chicago Cougars,6,2,W,REG,9,5,0,W 3
15,1974-11-17,time unavailable,H,San Diego Mariners,3,4,L,REG,9,6,0,L 1
16,1974-11-19,time unavailable,@,Indianapolis Racers,10,0,W,REG,10,6,0,W 1
17,1974-11-22,time unavailable,@,Vancouver Blazers,4,1,W,REG,11,6,0,W 2
18,1974-11-23,time unavailable,@,Vancouver Blazers,4,2,W,REG,12,6,0,W 3
19,1974-11-24,time unavailable,@,Edmonton Oilers,4,3,W,OT,13,6,0,W 4
20,1974-11-26,time unavailable,H,Phoenix Roadrunners,4,6,L,REG,13,7,0,L 1
21,1974-11-28,time unavailable,H,Edmonton Oilers,2,0,W,REG,14,7,0,W 1
22,1974-11-30,time unavailable,H,Cleveland Crusaders,4,5,L,REG,14,8,0,L 1
23,1974-12-01,time unavailable,@,Indianapolis Racers,7,3,W,REG,15,8,0,W 1
24,1974-12-03,time unavailable,@,Toronto Toros,5,4,W,REG,16,8,0,W 2
25,1974-12-04,time unavailable,@,Winnipeg Jets,3,2,W,REG,17,8,0,W 3
26,1974-12-08,time unavailable,@,Quebec Nordiques,1,2,L,REG,17,9,0,L 1
27,1974-12-11,time unavailable,H,Vancouver Blazers,5,2,W,REG,18,9,0,W 1
28,1974-12-14,time unavailable,H,Winnipeg Jets,5,3,W,REG,19,9,0,W 2
29,1974-12-15,time unavailable,H,San Diego Mariners,3,4,L,REG,19,10,0,L 1
30,1974-12-17,time unavailable,H,Edmonton Oilers,7,2,W,REG,20,10,0,W 1
31,1974-12-19,time unavailable,H,Vancouver Blazers,1,3,L,REG,20,11,0,L 1
32,1974-12-21,time unavailable,@,New England Whalers,5,3,W,REG,21,11,0,W 1
33,1974-12-22,time unavailable,@,Cleveland Crusaders,3,0,W,REG,22,11,0,W 2
34,1974-12-28,time unavailable,H,New England Whalers,6,1,W,REG,23,11,0,W 3
35,1974-12-29,time unavailable,H,Winnipeg Jets,6,3,W,REG,24,11,0,W 4
36,1975-01-02,time unavailable,H,Michigan Stags/Baltimore Blades,6,3,W,REG,25,11,0,W 5
37,1975-01-04,time unavailable,H,Michigan Stags/Baltimore Blades,5,2,W,REG,26,11,0,W 6
38,1975-01-11,time unavailable,H,Phoenix Roadrunners,6,4,W,REG,27,11,0,W 7
39,1975-01-12,time unavailable,H,Toronto Toros,4,7,L,REG,27,12,0,L 1
40,1975-01-15,time unavailable,H,Edmonton Oilers,9,2,W,REG,28,12,0,W 1
41,1975-01-18,time unavailable,@,San Diego Mariners,4,5,L,OT,28,13,0,L 1
42,1975-01-24,time unavailable,@,Edmonton Oilers,5,7,L,REG,28,14,0,L 2
43,1975-01-26,time unavailable,@,Winnipeg Jets,3,1,W,REG,29,14,0,W 1
44,1975-01-28,time unavailable,@,Edmonton Oilers,5,7,L,REG,29,15,0,L 1
45,1975-01-31,time unavailable,@,Minnesota Fighting Saints,1,4,L,REG,29,16,0,L 2
46,1975-02-01,time unavailable,@,Chicago Cougars,6,5,W,REG,30,16,0,W 1
47,1975-02-02,time unavailable,@,Michigan Stags/Baltimore Blades,5,2,W,REG,31,16,0,W 2
48,1975-02-04,time unavailable,@,Indianapolis Racers,4,3,W,OT,32,16,0,W 3
49,1975-02-05,time unavailable,H,Toronto Toros,5,2,W,REG,33,16,0,W 4
50,1975-02-06,time unavailable,H,Quebec Nordiques,3,4,L,REG,33,17,0,L 1
51,1975-02-08,time unavailable,H,Michigan Stags/Baltimore Blades,4,6,L,REG,33,18,0,L 2
52,1975-02-09,time unavailable,@,Cleveland Crusaders,4,1,W,REG,34,18,0,W 1
53,1975-02-11,time unavailable,@,Michigan Stags/Baltimore Blades,5,2,W,REG,35,18,0,W 2
54,1975-02-12,time unavailable,@,Minnesota Fighting Saints,3,1,W,REG,36,18,0,W 3
55,1975-02-14,time unavailable,@,Winnipeg Jets,3,5,L,REG,36,19,0,L 1
56,1975-02-17,time unavailable,@,Quebec Nordiques,5,3,W,REG,37,19,0,W 1
57,1975-02-19,time unavailable,H,Quebec Nordiques,10,4,W,REG,38,19,0,W 2
58,1975-02-22,time unavailable,H,Vancouver Blazers,2,4,L,REG,38,20,0,L 1
59,1975-02-23,time unavailable,H,Toronto Toros,5,1,W,REG,39,20,0,W 1
60,1975-02-26,time unavailable,H,Cleveland Crusaders,9,5,W,REG,40,20,0,W 2
61,1975-02-27,time unavailable,@,Phoenix Roadrunners,7,2,W,REG,41,20,0,W 3
62,1975-03-01,time unavailable,H,Chicago Cougars,4,2,W,REG,42,20,0,W 4
63,1975-03-02,time unavailable,H,Indianapolis Racers,4,3,W,OT,43,20,0,W 5
64,1975-03-06,time unavailable,@,San Diego Mariners,4,7,L,REG,43,21,0,L 1
65,1975-03-08,time unavailable,H,New England Whalers,4,5,L,REG,43,22,0,L 2
66,1975-03-14,time unavailable,@,Chicago Cougars,5,4,W,REG,44,22,0,W 1
67,1975-03-16,time unavailable,@,Cleveland Crusaders,2,1,W,REG,45,22,0,W 2
68,1975-03-17,time unavailable,@,Toronto Toros,4,5,L,REG,45,23,0,L 1
69,1975-03-19,time unavailable,H,Indianapolis Racers,6,5,W,REG,46,23,0,W 1
70,1975-03-20,time unavailable,H,Quebec Nordiques,5,3,W,REG,47,23,0,W 2
71,1975-03-22,time unavailable,@,New England Whalers,5,3,W,REG,48,23,0,W 3
72,1975-03-26,time unavailable,@,Phoenix Roadrunners,1,2,L,REG,48,24,0,L 1
73,1975-03-27,time unavailable,H,Winnipeg Jets,8,0,W,REG,49,24,0,W 1
74,1975-03-29,time unavailable,H,Minnesota Fighting Saints,8,2,W,REG,50,24,0,W 2
75,1975-04-02,time unavailable,H,Cleveland Crusaders,7,6,W,REG,51,24,0,W 3
76,1975-04-05,time unavailable,H,Minnesota Fighting Saints,8,2,W,REG,52,24,0,W 4
77,1975-04-06,time unavailable,@,Toronto Toros,5,2,W,REG,53,24,0,W 5
78,1975-04-07,time unavailable,@,Michigan Stags/Baltimore Blades,2,4,L,REG,53,25,0,L 1

GP,Date,Time,Location,Opponent,GF,GA,Result,Game Ended In,W,L,T,Streak
1,1975-04-10,time unavailable,H,Cleveland Crusaders,8,5,W,REG,1,0,0,W 1
2,1975-04-12,time unavailable,H,Cleveland Crusaders,5,3,W,REG,2,0,0,W 2
3,1975-04-13,time unavailable,@,Cleveland Crusaders,1,3,L,REG,2,1,0,L 1
4,1975-04-15,time unavailable,@,Cleveland Crusaders,7,2,W,REG,3,1,0,W 1
5,1975-04-17,time unavailable,H,Cleveland Crusaders,3,1,W,REG,4,1,0,W 2
6,1975-04-25,time unavailable,@,San Diego Mariners,4,0,W,REG,5,1,0,W 3
7,1975-04-27,time unavailable,@,San Diego Mariners,2,1,W,REG,6,1,0,W 4
8,1975-04-29,time unavailable,H,San Diego Mariners,6,0,W,REG,7,1,0,W 5
9,1975-05-01,time unavailable,H,San Diego Mariners,5,4,W,OT,8,1,0,W 6
10,1975-05-03,time unavailable,H,Quebec Nordiques,6,2,W,REG,9,1,0,W 7
11,1975-05-06,time unavailable,H,Quebec Nordiques,5,3,W,REG,10,1,0,W 8
12,1975-05-10,time unavailable,@,Quebec Nordiques,2,0,W,REG,11,1,0,W 9
13,1975-05-12,time unavailable,@,Quebec Nordiques,7,2,W,REG,12,1,0,W 10

Ron Grahame,,n/a,G,24,5-11,175,-/L,1,"June 7, 1950",ca,", 3.03 GAA"
Larry Hale,,n/a,D,33,6-1,180,L/-,2,"October 9, 1941",ca,"2 G, 18 A, 20 P"
Murray Hall,,n/a,RW,34,6-0,175,R/-,2,"November 24, 1940",ca,"18 G, 29 A, 47 P"
Andre Hinse,,n/a,LW,29,5-9,175,L/-,1,"April 19, 1945",ca,"39 G, 47 A, 86 P"
Gordie Howe,,n/a,RW,46,6-0,205,R/-,1,"March 31, 1928",ca,"34 G, 65 A, 99 P"
Mark Howe,,n/a,LW,19,5-11,185,L/-,1,"May 28, 1955",us,"36 G, 40 A, 76 P"
Marty Howe,,n/a,D,20,6-1,195,L/-,1,"February 18, 1954",us,"13 G, 21 A, 34 P"
Frank Hughes,,n/a,RW,25,5-10,180,L/-,2,"October 1, 1949",ca,"48 G, 35 A, 83 P"
Glen Irwin,,n/a,D,23,5-11,195,R/-,R,"March 1, 1951",ca,"2 G, 11 A, 13 P"
Gord Labossiere,,n/a,C,35,6-1,190,R/-,2,"January 2, 1940",ca,"23 G, 34 A, 57 P"
Don Larway,,n/a,RW,20,6-1,192,R/-,R,"February 2, 1954",ca,"22 G, 14 A, 36 P"
Larry Lund,,n/a,C,34,6-0,190,R/-,2,"September 9, 1940",ca,"33 G, 75 A, 108 P"
Poul Popiel,,n/a,D,31,5-10,175,L/-,2,"February 28, 1943",dk,"11 G, 53 A, 64 P"
Bill Prentice,,n/a,D,24,6-1,195,L/-,2,"August 3, 1950",ca,"0 G, 3 A, 3 P"
Rich Preston,,n/a,LW,22,6-0,185,R/-,R,"May 22, 1952",ca,"20 G, 21 A, 41 P"
Terry Ruskowski,,n/a,C,20,5-10,178,L/-,R,"December 31, 1954",ca,"10 G, 36 A, 46 P"
Wayne Rutledge,,n/a,G,33,6-2,200,-/L,2,"January 5, 1942",ca,", 3.24 GAA"
John Schella,,n/a,D,27,6-0,180,R/-,2,"May 9, 1947",ca,"10 G, 42 A, 52 P"
Jim Sherrit,,n/a,C,26,5-7,170,L/-,1,"September 29, 1948",gb,"22 G, 25 A, 47 P"
Ted Taylor,,n/a,LW,32,6-0,175,L/-,2,"February 25, 1942",ca,"26 G, 27 A, 53 P"
