Indianapolis Racers,INR,wha
1974-75,1975
37
78
0
GP,Date,Time,Location,Opponent,GF,GA,Result,Game Ended In,W,L,T,Streak
1,1974-10-17,time unavailable,H,Michigan Stags/Baltimore Blades,2,4,L,REG,0,1,0,L 1
2,1974-10-18,time unavailable,@,Toronto Toros,1,3,L,REG,0,2,0,L 2
3,1974-10-20,time unavailable,@,Quebec Nordiques,1,4,L,REG,0,3,0,L 3
4,1974-10-24,time unavailable,H,Minnesota Fighting Saints,2,3,L,REG,0,4,0,L 4
5,1974-10-26,time unavailable,@,New England Whalers,1,6,L,REG,0,5,0,L 5
6,1974-10-27,time unavailable,H,Quebec Nordiques,5,3,W,REG,1,5,0,W 1
7,1974-10-31,time unavailable,H,New England Whalers,1,6,L,REG,1,6,0,L 1
8,1974-11-03,time unavailable,H,Edmonton Oilers,1,3,L,REG,1,7,0,L 2
9,1974-11-05,time unavailable,H,Phoenix Roadrunners,0,3,L,REG,1,8,0,L 3
10,1974-11-07,time unavailable,H,San Diego Mariners,3,0,W,REG,2,8,0,W 1
11,1974-11-09,time unavailable,@,Houston Aeros,5,4,W,OT,3,8,0,W 2
12,1974-11-10,time unavailable,@,Michigan Stags/Baltimore Blades,6,1,W,REG,4,8,0,W 3
13,1974-11-13,time unavailable,@,Quebec Nordiques,3,10,L,REG,4,9,0,L 1
14,1974-11-15,time unavailable,@,Winnipeg Jets,0,5,L,REG,4,10,0,L 2
15,1974-11-17,time unavailable,@,Edmonton Oilers,1,2,L,REG,4,11,0,L 3
16,1974-11-19,time unavailable,H,Houston Aeros,0,10,L,REG,4,12,0,L 4
17,1974-11-20,time unavailable,@,Chicago Cougars,4,6,L,REG,4,13,0,L 5
18,1974-11-21,time unavailable,H,New England Whalers,0,4,L,REG,4,14,0,L 6
19,1974-11-24,time unavailable,H,Toronto Toros,2,9,L,REG,4,15,0,L 7
20,1974-11-26,time unavailable,H,Winnipeg Jets,0,4,L,REG,4,16,0,L 8
21,1974-11-28,time unavailable,H,Quebec Nordiques,5,7,L,REG,4,17,0,L 9
22,1974-11-29,time unavailable,@,Cleveland Crusaders,2,4,L,REG,4,18,0,L 10
23,1974-12-01,time unavailable,H,Houston Aeros,3,7,L,REG,4,19,0,L 11
24,1974-12-05,time unavailable,H,Chicago Cougars,3,5,L,REG,4,20,0,L 12
25,1974-12-07,time unavailable,@,New England Whalers,3,6,L,REG,4,21,0,L 13
26,1974-12-08,time unavailable,H,San Diego Mariners,5,3,W,REG,5,21,0,W 1
27,1974-12-10,time unavailable,H,Winnipeg Jets,3,5,L,REG,5,22,0,L 1
28,1974-12-14,time unavailable,@,San Diego Mariners,0,2,L,REG,5,23,0,L 2
29,1974-12-15,time unavailable,H,Edmonton Oilers,1,3,L,REG,5,24,0,L 3
30,1974-12-17,time unavailable,H,Vancouver Blazers,2,3,L,REG,5,25,0,L 4
31,1974-12-19,time unavailable,H,Minnesota Fighting Saints,0,6,L,REG,5,26,0,L 5
32,1974-12-20,time unavailable,@,Minnesota Fighting Saints,4,6,L,REG,5,27,0,L 6
33,1974-12-22,time unavailable,H,New England Whalers,2,1,W,REG,6,27,0,W 1
34,1974-12-27,time unavailable,@,Vancouver Blazers,1,1,T,REG,6,27,1,T 1
35,1974-12-29,time unavailable,@,Edmonton Oilers,4,5,L,OT,6,28,1,L 1
36,1975-01-01,time unavailable,@,Quebec Nordiques,3,6,L,REG,6,29,1,L 2
37,1975-01-02,time unavailable,@,Cleveland Crusaders,1,4,L,REG,6,30,1,L 3
38,1975-01-04,time unavailable,@,Chicago Cougars,4,4,T,REG,6,30,2,T 1
39,1975-01-05,time unavailable,H,Phoenix Roadrunners,1,2,L,REG,6,31,2,L 1
40,1975-01-07,time unavailable,H,Vancouver Blazers,4,2,W,REG,7,31,2,W 1
41,1975-01-10,time unavailable,@,Edmonton Oilers,3,3,T,REG,7,31,3,T 1
42,1975-01-16,time unavailable,H,Cleveland Crusaders,4,2,W,REG,8,31,3,W 1
43,1975-01-19,time unavailable,@,Vancouver Blazers,1,5,L,REG,8,32,3,L 1
44,1975-01-22,time unavailable,@,Winnipeg Jets,3,1,W,REG,9,32,3,W 1
45,1975-01-23,time unavailable,H,Chicago Cougars,4,2,W,REG,10,32,3,W 2
46,1975-01-26,time unavailable,@,Phoenix Roadrunners,0,6,L,REG,10,33,3,L 1
47,1975-01-28,time unavailable,H,Phoenix Roadrunners,1,3,L,REG,10,34,3,L 2
48,1975-01-30,time unavailable,H,Toronto Toros,2,3,L,REG,10,35,3,L 3
49,1975-02-01,time unavailable,H,Quebec Nordiques,1,2,L,REG,10,36,3,L 4
50,1975-02-04,time unavailable,H,Houston Aeros,3,4,L,OT,10,37,3,L 5
51,1975-02-09,time unavailable,@,Toronto Toros,5,7,L,REG,10,38,3,L 6
52,1975-02-10,time unavailable,H,Chicago Cougars,4,1,W,REG,11,38,3,W 1
53,1975-02-14,time unavailable,@,New England Whalers,3,4,L,OT,11,39,3,L 1
54,1975-02-17,time unavailable,@,Chicago Cougars,5,6,L,OT,11,40,3,L 2
55,1975-02-18,time unavailable,H,Vancouver Blazers,2,9,L,REG,11,41,3,L 3
56,1975-02-21,time unavailable,H,Minnesota Fighting Saints,5,2,W,REG,12,41,3,W 1
57,1975-02-23,time unavailable,H,Cleveland Crusaders,6,0,W,REG,13,41,3,W 2
58,1975-02-25,time unavailable,@,Michigan Stags/Baltimore Blades,6,4,W,REG,14,41,3,W 3
59,1975-02-26,time unavailable,@,Minnesota Fighting Saints,3,4,L,OT,14,42,3,L 1
60,1975-03-01,time unavailable,@,Phoenix Roadrunners,2,12,L,REG,14,43,3,L 2
61,1975-03-02,time unavailable,@,Houston Aeros,3,4,L,OT,14,44,3,L 3
62,1975-03-05,time unavailable,@,Michigan Stags/Baltimore Blades,5,2,W,REG,15,44,3,W 1
63,1975-03-07,time unavailable,H,Michigan Stags/Baltimore Blades,4,5,L,OT,15,45,3,L 1
64,1975-03-08,time unavailable,H,Cleveland Crusaders,5,6,L,REG,15,46,3,L 2
65,1975-03-13,time unavailable,H,Toronto Toros,5,4,W,REG,16,46,3,W 1
66,1975-03-15,time unavailable,H,Michigan Stags/Baltimore Blades,7,3,W,REG,17,46,3,W 2
67,1975-03-19,time unavailable,@,Houston Aeros,5,6,L,REG,17,47,3,L 1
68,1975-03-20,time unavailable,H,Edmonton Oilers,3,1,W,REG,18,47,3,W 1
69,1975-03-22,time unavailable,@,San Diego Mariners,3,6,L,REG,18,48,3,L 1
70,1975-03-23,time unavailable,@,Phoenix Roadrunners,3,5,L,REG,18,49,3,L 2
71,1975-03-25,time unavailable,H,Winnipeg Jets,3,4,L,OT,18,50,3,L 3
72,1975-03-27,time unavailable,H,San Diego Mariners,2,5,L,REG,18,51,3,L 4
73,1975-03-29,time unavailable,@,Cleveland Crusaders,5,7,L,REG,18,52,3,L 5
74,1975-03-30,time unavailable,@,Minnesota Fighting Saints,3,5,L,REG,18,53,3,L 6
75,1975-03-31,time unavailable,@,Winnipeg Jets,1,4,L,REG,18,54,3,L 7
76,1975-04-01,time unavailable,@,Toronto Toros,1,7,L,REG,18,55,3,L 8
77,1975-04-05,time unavailable,@,San Diego Mariners,3,8,L,REG,18,56,3,L 9
78,1975-04-06,time unavailable,@,Vancouver Blazers,3,4,L,REG,18,57,3,L 10

Time,Location,Result,Game Ended In

Steve Andrascik,,n/a,RW,26,5-11,200,R/-,R,"November 6, 1948",ca,"2 G, 4 A, 6 P"
Bob Ash,,n/a,D,31,5-9,170,L/-,2,"September 29, 1943",ca,"1 G, 14 A, 15 P"
Ken Block,,n/a,D,30,5-10,191,L/-,2,"March 18, 1944",ca,"0 G, 17 A, 17 P"
Kerry Bond,,n/a,LW,29,6-0,190,L/-,R,"July 18, 1945",ca,"22 G, 15 A, 37 P"
Gary Bredin,,n/a,RW,26,6-0,185,R/-,R,"May 25, 1948",ca,"3 G, 2 A, 5 P"
Andy Brown,,n/a,G,30,6-0,185,-/L,R,"February 15, 1944",ca,", 4.15 GAA"
Ron Buchanan,,n/a,RW,30,6-3,170,L/-,2,"November 15, 1944",ca,"16 G, 15 A, 31 P"
Roger Cote,,n/a,D,35,5-9,184,L/-,2,"December 22, 1939",ca,"0 G, 6 A, 6 P"
Ken Desjardine,,n/a,D,27,6-0,180,L/-,2,"August 23, 1947",ca,"0 G, 8 A, 8 P"
Michel Dion,,n/a,G,20,5-10,185,-/L,R,"February 11, 1954",ca,", 4.07 GAA"
Ed Dyck,,n/a,G,24,5-11,160,-/L,R,"October 29, 1950",ca,", 4.36 GAA"
Bob Fitchner,,n/a,C,24,6-0,190,L/-,1,"December 22, 1950",ca,"11 G, 19 A, 30 P"
Rick Fraser,,n/a,D,20,5-10,175,R/-,R,"July 11, 1954",ca,"0 G, 0 A, 0 P"
Craig Hamner,,n/a,D,19,6-2,210,L/-,R,"January 6, 1956",us,"1 G, 0 A, 1 P"
Nick Harbaruk,,n/a,RW,31,6-0,195,R/-,R,"August 16, 1943",pl,"20 G, 23 A, 43 P"
Joe Hardy,,n/a,C,29,6-0,185,L/-,2,"December 5, 1945",ca,"2 G, 17 A, 19 P"
Jim Hargreaves,,n/a,D,24,5-11,195,R/-,1,"May 2, 1950",ca,"2 G, 5 A, 7 P"
Murray Heatley,,n/a,LW,26,5-8,185,R/-,1,"November 7, 1948",ca,"15 G, 8 A, 23 P"
Ralph Hopiavouri,,n/a,D,23,6-1,185,R/-,2,"July 15, 1951",ca,"2 G, 8 A, 10 P"
Bill Horton,,n/a,D,28,6-0,180,L/-,2,"September 5, 1946",ca,"2 G, 9 A, 11 P"
Jim Johnson,,n/a,C,32,5-9,190,L/-,2,"November 7, 1942",ca,"7 G, 15 A, 22 P"
Gord Kannegiesser,,n/a,D,29,6-0,190,L/-,2,"December 21, 1945",ca,"1 G, 4 A, 5 P"
Murray Kennett,,n/a,D,22,5-10,175,L/-,R,"June 28, 1952",ca,"1 G, 3 A, 4 P"
Jacques Locas,,n/a,C,21,5-8,170,R/-,R,"January 7, 1954",ca,"0 G, 1 A, 1 P"
Brian McDonald,,n/a,RW,29,5-11,190,R/-,2,"March 23, 1945",ca,"14 G, 15 A, 29 P"
Brian McKenzie,,n/a,LW,23,5-10,165,L/-,1,"March 16, 1951",ca,"1 G, 0 A, 1 P"
Dick Proceviat,,n/a,D,28,6-0,180,L/-,2,"June 25, 1946",ca,"1 G, 28 A, 29 P"
Rich Pumple,,n/a,LW,26,6-3,200,L/-,2,"February 11, 1948",ca,"4 G, 8 A, 12 P"
Steve Richardson,,n/a,LW,25,6-1,185,L/-,R,"May 4, 1949",ca,"1 G, 4 A, 5 P"
Joe Robertson,,n/a,C,26,5-11,190,L/-,R,"March 10, 1948",ca,"4 G, 4 A, 8 P"
John Sheridan,,n/a,C,20,6-1,190,L/-,R,"September 18, 1954",us,"17 G, 11 A, 28 P"
Bob Sicinski,,n/a,C,28,5-9,175,L/-,2,"November 13, 1946",ca,"19 G, 34 A, 53 P"
Ross Smith,,n/a,LW,21,6-0,185,L/-,R,"November 20, 1953",ca,"1 G, 6 A, 7 P"
Ron Walters,,n/a,RW,26,6-0,175,R/-,2,"March 9, 1948",ca,"2 G, 1 A, 3 P"
Bob Whitlock,,n/a,C,25,5-10,175,R/-,2,"July 16, 1949",ca,"31 G, 26 A, 57 P"
Jim Wiste,,n/a,C,28,5-10,185,L/-,2,"February 18, 1946",ca,"13 G, 28 A, 41 P"
Bob Woytowich,,n/a,D,33,6-0,185,R/-,2,"August 18, 1941",ca,"0 G, 8 A, 8 P"
