Guts N Glory,spring2010,Ice Hockey: Guts N Glory (Advanced)
7,6,6,1,1
Tue May 11 @ 8:00 pm,Columbia Icefield Arena,won,3,2,2,Bendy Garden Gnomes
Wed May 19 @ 8:00 pm,Columbia Icefield Arena,won,4,3,4,Advanced Indies 2
Wed May 26 @ 8:00 pm,Columbia Icefield Arena,lost,3,6,3,Menno-knights
Tue Jun 1 @ 5:00 pm,Columbia Icefield Arena,lost,1,3,3,Danglers
Tue Jun 8 @ 7:00 pm,Columbia Icefield Arena,won,3,1,3,Jagr Bombs
Tue Jun 22 @ 5:00 pm,Columbia Icefield Arena,lost,2,4,1,The Warriors
Sun Jul 11 @ 10:00 pm,Columbia Icefield Arena,lost,0,6,1,Reservoir Dogs

Corey Bainerman,Steven Black,Thomas Bruce,Matthew Daly,Graham Gaine,Timothy Gendron,Alan Hitchman,Kristin Laurin,Mark MacGregor,Mark Outram,Andrew Pequegnat,Jeffrey Spence,Timothy MacGregor
