Danglers,spring2010,Ice Hockey: Danglers (Advanced)
7,6,6,1,1
Tue May 11 @ 5:00 pm,Columbia Icefield Arena,won,5,3,3,The Warriors
Tue May 25 @ 5:00 pm,Columbia Icefield Arena,lost,1,5,-2,Menno-knights
Tue Jun 1 @ 5:00 pm,Columbia Icefield Arena,won,3,1,2,Guts N Glory
Wed Jun 2 @ 7:00 pm,Columbia Icefield Arena,won,6,2,3,Advanced Indies 2
Wed Jun 23 @ 7:00 pm,Columbia Icefield Arena,tie,0,0,4,Bendy Garden Gnomes
Wed Jul 7 @ 7:00 pm,Columbia Icefield Arena,won,2,0,3,Jagr Bombs
Sun Jul 11 @ 8:00 pm,Columbia Icefield Arena,lost,2,3,1,The Gongshow Boys

Braeden Dufault,Kevin Goorts,Clark Hannon,Benjamin Koeslag,Nicholas Marko,Christopher McGuire,Kyle Parks,James Skuza,Corey St-Laurent,Marco Visentin,Isaac Wilkinson,Travis Burnside
