Goodfellas,spring2010,Ice Hockey: Goodfellas (Advanced)
7,6,6,1,1
Sun May 16 @ 8:00 pm,Columbia Icefield Arena,won,2,1,4,Worriers
Wed May 26 @ 9:00 pm,Columbia Icefield Arena,won,4,1,3,The Remedy
Sun May 30 @ 8:00 pm,Columbia Icefield Arena,won,6,2,4,The Gongshow Boys
Wed Jun 23 @ 8:00 pm,Columbia Icefield Arena,won,2,1,1,Advanced Indies 1
Sun Jun 27 @ 2:00 pm,Columbia Icefield Arena,won,3,0,avg.,The Remedy
Wed Jun 30 @ 9:00 pm,Columbia Icefield Arena,won,3,1,2,Team CanSkate
Wed Jul 14 @ 8:00 pm,Columbia Icefield Arena,lost,2,6,1,Bendy Garden Gnomes

Timothy Boyadjian,Zongbo Duan,Aaron Grant,Paul Hammell,Andrew Hulbert,Kiefer Lindsay,Christopher McCulley-Hayden,Hal McPhail,Christopher Moning,Bradley Morris,Michael Smyth,Christopher Tidder,Jacob Zavitz,John Kurelek
