Advanced Indies 1,spring2010,Ice Hockey: Advanced Indies 1 (Advanced)
8,6,6,2,2
Tue May 18 @ 7:00 pm,Columbia Icefield Arena,lost,0,3,3,Worriers
Sun May 30 @ 4:00 pm,Columbia Icefield Arena,lost,1,7,4,Reservoir Dogs
Wed Jun 2 @ 8:00 pm,Columbia Icefield Arena,lost,5,8,4,The Gongshow Boys
Wed Jun 16 @ 10:00 pm,Columbia Icefield Arena,won,4,1,4,Advanced Indies 2
Wed Jun 23 @ 8:00 pm,Columbia Icefield Arena,lost,1,2,3,Goodfellas
Wed Jul 7 @ 8:00 pm,Columbia Icefield Arena,won,7,1,4,Team CanSkate
Wed Jul 14 @ 10:00 pm,Columbia Icefield Arena,won,4,3,0,Advanced Indies 2
Wed Jul 28 @ 9:00 pm,Columbia Icefield Arena,won,3,2,0,The Remedy

Bradley Hodge,Benjamin Houle,Jeremy Kuikman,James Maxwell,Michael Miniou,Gregory O’Grady,Alex Rak,Poulad Roustaeian,Michael Tribou,Paul Valenti,Adam Walsh,Scott Whalen,Tyler Wittmaier
