Calgary Flames,CGY,nhl
2011-12,2012
40
82
0
GP,Date,Time,Location,Opponent,GF,GA,Result,Game Ended In,W,L,OL,Streak,S,PIM,PPG,SHG,S,PIM,PPG,SHG,Notes
1,2011-10-08,time unavailable,H,Pittsburgh Penguins,3,5,L,REG,0,1,0,L 1,20,16,0,0,37,14,2,0
2,2011-10-10,time unavailable,@,St. Louis Blues,2,5,L,REG,0,2,0,L 2,17,10,1,0,35,8,0,0
3,2011-10-13,time unavailable,@,Montreal Canadiens,4,1,W,REG,1,2,0,W 1,21,8,2,0,36,8,0,0
4,2011-10-15,time unavailable,@,Toronto Maple Leafs,2,3,L,REG,1,3,0,L 1,32,15,0,0,25,13,0,0
5,2011-10-18,time unavailable,H,Edmonton Oilers,2,1,W,REG,2,3,0,W 1,28,22,0,0,25,14,1,0
6,2011-10-20,time unavailable,H,New York Rangers,2,3,L,OT,2,3,1,L 1,35,16,1,0,29,32,1,1
7,2011-10-22,time unavailable,H,Nashville Predators,0,2,L,REG,2,4,1,L 2,33,6,0,0,14,8,0,0
8,2011-10-26,time unavailable,H,Colorado Avalanche,4,2,W,REG,3,4,1,W 1,34,4,1,0,36,6,1,0
9,2011-10-28,time unavailable,H,St. Louis Blues,3,1,W,REG,4,4,1,W 2,18,6,0,0,29,6,0,0
10,2011-11-01,time unavailable,H,Vancouver Canucks,1,5,L,REG,4,5,1,L 1,29,17,0,0,21,17,2,0
11,2011-11-03,time unavailable,@,Detroit Red Wings,4,1,W,REG,5,5,1,W 1,22,6,2,0,29,8,1,0
12,2011-11-04,time unavailable,@,Buffalo Sabres,1,2,L,REG,5,6,1,L 1,30,11,0,0,44,9,0,0
13,2011-11-06,time unavailable,@,Colorado Avalanche,2,1,W,REG,6,6,1,W 1,23,9,1,0,33,7,0,0
14,2011-11-08,time unavailable,H,Minnesota Wild,0,3,L,REG,6,7,1,L 1,41,14,0,0,26,32,1,0
15,2011-11-11,time unavailable,@,Chicago Blackhawks,1,4,L,REG,6,8,1,L 2,25,8,0,0,31,2,1,0
16,2011-11-12,time unavailable,@,Colorado Avalanche,4,3,W,REG,7,8,1,W 1,20,10,0,0,39,6,0,0
17,2011-11-15,time unavailable,H,Ottawa Senators,1,3,L,REG,7,9,1,L 1,39,13,0,0,32,17,0,0
18,2011-11-18,time unavailable,H,Chicago Blackhawks,5,2,W,REG,8,9,1,W 1,26,12,0,0,32,8,1,0
19,2011-11-21,time unavailable,@,Columbus Blue Jackets,1,4,L,REG,8,10,1,L 1,28,4,1,0,30,4,1,0
20,2011-11-23,time unavailable,@,Detroit Red Wings,3,5,L,REG,8,11,1,L 2,22,10,1,0,30,10,3,0
21,2011-11-25,time unavailable,@,St. Louis Blues,0,2,L,REG,8,12,1,L 3,24,7,0,0,24,11,0,1
22,2011-11-27,time unavailable,@,Minnesota Wild,5,2,W,REG,9,12,1,W 1,35,12,0,0,21,6,1,0
23,2011-11-29,time unavailable,H,Nashville Predators,1,0,W,REG,10,12,1,W 2,29,6,0,0,26,4,0,0
24,2011-12-01,time unavailable,H,Columbus Blue Jackets,3,4,L,SO,10,12,2,L 1,35,15,0,0,33,9,0,0
25,2011-12-03,time unavailable,@,Edmonton Oilers,5,3,W,REG,11,12,2,W 1,32,12,2,0,29,6,0,0
26,2011-12-04,time unavailable,@,Vancouver Canucks,1,5,L,REG,11,13,2,L 1,22,29,0,0,36,25,2,0
27,2011-12-06,time unavailable,H,Carolina Hurricanes,7,6,W,REG,12,13,2,W 1,35,6,1,0,34,4,0,0
28,2011-12-08,time unavailable,H,Colorado Avalanche,3,2,W,REG,13,13,2,W 2,35,4,2,0,18,16,0,0
29,2011-12-10,time unavailable,H,Edmonton Oilers,3,0,W,REG,14,13,2,W 3,34,8,1,0,21,12,0,0
30,2011-12-13,time unavailable,@,Nashville Predators,1,2,L,REG,14,14,2,L 1,36,6,0,0,45,2,1,0
31,2011-12-15,time unavailable,@,Tampa Bay Lightning,4,5,L,OT,14,14,3,L 2,27,4,1,0,34,8,1,0
32,2011-12-16,time unavailable,@,Florida Panthers,2,3,L,SO,14,14,4,L 3,26,12,1,0,41,10,0,0
33,2011-12-18,time unavailable,@,Chicago Blackhawks,2,4,L,REG,14,15,4,L 4,24,30,2,0,25,29,2,0
34,2011-12-20,time unavailable,H,Minnesota Wild,2,1,W,REG,15,15,4,W 1,30,16,0,0,30,14,0,0
35,2011-12-22,time unavailable,H,Detroit Red Wings,3,2,W,REG,16,15,4,W 2,27,4,1,0,31,6,0,0
36,2011-12-23,time unavailable,@,Vancouver Canucks,3,1,W,REG,17,15,4,W 3,31,9,0,0,30,7,0,0
37,2011-12-27,time unavailable,@,Columbus Blue Jackets,2,1,W,SO,18,15,4,W 4,26,17,1,0,28,11,0,0
38,2011-12-29,time unavailable,@,New York Islanders,1,3,L,REG,18,16,4,L 1,30,4,0,0,34,6,0,0
39,2011-12-30,time unavailable,@,Ottawa Senators,3,4,L,OT,18,16,5,L 2,32,13,1,0,49,13,1,0
40,2012-01-01,time unavailable,@,Nashville Predators,3,5,L,REG,18,17,5,L 3,20,4,0,0,27,4,0,0
41,2012-01-03,time unavailable,@,Washington Capitals,1,3,L,REG,18,18,5,L 4,19,6,0,0,21,8,2,0
42,2012-01-05,time unavailable,@,Boston Bruins,0,9,L,REG,18,19,5,L 5,25,4,0,0,42,4,1,1
43,2012-01-07,time unavailable,H,Minnesota Wild,3,1,W,REG,19,19,5,W 1,36,6,1,0,28,6,0,0
44,2012-01-10,time unavailable,H,New Jersey Devils,6,3,W,REG,20,19,5,W 2,14,18,1,0,38,18,1,1
45,2012-01-12,time unavailable,H,Anaheim Ducks,1,0,W,OT,21,19,5,W 3,19,2,0,0,23,4,0,0
46,2012-01-14,time unavailable,H,Los Angeles Kings,1,4,L,REG,21,20,5,L 1,30,8,1,0,24,6,1,0
47,2012-01-17,time unavailable,@,San Jose Sharks,1,2,L,SO,21,20,6,L 2,28,6,0,0,31,2,0,0
48,2012-01-19,time unavailable,@,Los Angeles Kings,2,1,W,SO,22,20,6,W 1,25,9,1,0,32,9,0,0
49,2012-01-21,time unavailable,@,Edmonton Oilers,6,2,W,REG,23,20,6,W 2,23,4,1,0,23,10,0,0
50,2012-01-24,time unavailable,H,San Jose Sharks,0,1,L,REG,23,21,6,L 1,25,4,0,0,27,4,0,0
51,2012-01-31,time unavailable,H,Detroit Red Wings,1,3,L,REG,23,22,6,L 2,29,15,1,0,25,13,0,0
52,2012-02-03,time unavailable,H,Chicago Blackhawks,3,1,W,REG,24,22,6,W 1,32,4,1,0,27,10,0,0
53,2012-02-06,time unavailable,@,Anaheim Ducks,2,3,L,SO,24,22,7,L 1,26,12,1,0,33,21,0,0
54,2012-02-08,time unavailable,@,San Jose Sharks,4,3,W,REG,25,22,7,W 1,36,9,1,0,37,13,1,0
55,2012-02-09,time unavailable,@,Phoenix Coyotes,1,2,L,OT,25,22,8,L 1,24,20,0,0,35,10,1,0
56,2012-02-11,time unavailable,H,Vancouver Canucks,3,2,W,SO,26,22,8,W 1,18,18,0,0,31,22,0,0
57,2012-02-14,time unavailable,H,Toronto Maple Leafs,5,1,W,REG,27,22,8,W 2,34,6,0,0,42,4,0,0
58,2012-02-16,time unavailable,@,Dallas Stars,2,3,L,OT,27,22,9,L 1,27,6,0,0,32,10,1,0
59,2012-02-18,time unavailable,@,Los Angeles Kings,1,0,W,REG,28,22,9,W 1,18,6,0,0,28,2,0,0
60,2012-02-21,time unavailable,H,Edmonton Oilers,1,6,L,REG,28,23,9,L 1,22,6,0,0,42,2,1,0
61,2012-02-23,time unavailable,H,Phoenix Coyotes,3,4,L,SO,28,23,10,L 2,24,4,1,0,29,6,0,0
62,2012-02-25,time unavailable,H,Philadelphia Flyers,4,5,L,SO,28,23,11,L 3,21,17,1,1,45,11,1,0
63,2012-02-27,time unavailable,H,St. Louis Blues,1,3,L,REG,28,24,11,L 4,21,13,0,0,24,13,2,0
64,2012-03-01,time unavailable,@,Phoenix Coyotes,4,2,W,REG,29,24,11,W 1,31,17,1,1,31,11,1,0
65,2012-03-02,time unavailable,@,Anaheim Ducks,2,3,L,REG,29,25,11,L 1,29,18,1,0,38,18,0,0
66,2012-03-04,time unavailable,H,Dallas Stars,2,3,L,SO,29,25,12,L 2,38,11,0,0,40,13,1,1
67,2012-03-06,time unavailable,H,Montreal Canadiens,5,4,W,REG,30,25,12,W 1,34,6,0,0,28,6,1,0
68,2012-03-09,time unavailable,H,Winnipeg Jets,5,3,W,REG,31,25,12,W 2,27,6,3,0,45,8,0,0
69,2012-03-11,time unavailable,@,Minnesota Wild,4,3,W,REG,32,25,12,W 3,25,5,0,0,27,5,0,0
70,2012-03-13,time unavailable,H,San Jose Sharks,3,2,W,OT,33,25,12,W 4,22,28,0,0,31,7,1,0
71,2012-03-15,time unavailable,H,Phoenix Coyotes,4,1,W,REG,34,25,12,W 5,19,9,0,1,28,9,0,0
72,2012-03-16,time unavailable,@,Edmonton Oilers,1,3,L,REG,34,26,12,L 1,19,18,0,0,25,8,0,0
73,2012-03-18,time unavailable,H,Columbus Blue Jackets,1,2,L,SO,34,26,13,L 2,31,11,0,0,18,13,0,0
74,2012-03-20,time unavailable,@,Colorado Avalanche,1,2,L,OT,34,26,14,L 3,32,0,0,0,33,4,0,0
75,2012-03-22,time unavailable,@,Minnesota Wild,2,3,L,SO,34,26,15,L 4,29,12,2,0,30,12,1,0
76,2012-03-24,time unavailable,@,Dallas Stars,1,4,L,REG,34,27,15,L 5,36,12,0,0,20,12,0,0
77,2012-03-26,time unavailable,H,Dallas Stars,5,4,W,REG,35,27,15,W 1,35,12,3,0,39,16,1,0
78,2012-03-28,time unavailable,H,Los Angeles Kings,0,3,L,REG,35,28,15,L 1,19,10,0,0,30,10,0,0
79,2012-03-30,time unavailable,H,Colorado Avalanche,1,4,L,REG,35,29,15,L 2,39,0,1,0,24,8,0,0
80,2012-03-31,time unavailable,@,Vancouver Canucks,2,3,L,OT,35,29,16,L 3,33,16,1,0,34,6,0,0
81,2012-04-05,time unavailable,H,Vancouver Canucks,3,2,W,REG,36,29,16,W 1,28,16,0,0,34,12,0,1
82,2012-04-07,time unavailable,H,Anaheim Ducks,5,2,W,REG,37,29,16,W 2,23,20,0,0,25,16,1,0

Time,Location,Result,Game Ended In

Akim Aliu,,29,RW,22,6-4,225,R/-,R,"April 24, 1989",ng,"2 G, 1 A, 3 P"
Anton Babchuk,,33,D,27,6-5,200,R/-,5,"May 6, 1984",su,"2 G, 8 A, 10 P"
Mikael Backlund,,11,C,22,6-1,199,L/-,3,"March 17, 1989",se,"4 G, 7 A, 11 P"
Sven Baertschi,,47,LW,19,5-11,190,L/-,R,"October 5, 1992",ch,"3 G, 0 A, 3 P"
Lance Bouma,,57,C,21,6-2,208,L/-,1,"March 25, 1990",ca,"1 G, 2 A, 3 P"
Rene Bourque,,17,LW,30,6-2,217,L/-,6,"December 10, 1981",ca,"13 G, 3 A, 16 P"
Jay Bouwmeester,,4,D,28,6-4,212,L/-,8,"September 27, 1983",ca,"5 G, 24 A, 29 P"
T.J. Brodie,,7,D,21,6-1,182,L/-,1,"June 7, 1990",ca,"2 G, 12 A, 14 P"
Chris Butler,,44,D,25,6-1,196,L/-,3,"October 27, 1986",us,"2 G, 13 A, 15 P"
Paul Byron,,32,C,22,5-8,158,L/-,1,"April 27, 1989",ca,"3 G, 2 A, 5 P"
Mike Cammalleri,,93,C,29,5-9,185,L/-,8,"June 8, 1982",ca,"11 G, 8 A, 19 P"
Brett Carson,,3,D,26,6-4,220,R/-,3,"November 29, 1985",ca,"0 G, 0 A, 0 P"
Blake Comeau,,10,RW,25,6-1,202,R/-,5,"February 18, 1986",ca,"5 G, 10 A, 15 P"
Guillaume Desbiens,,26,D,26,6-3,216,R/-,2,"April 20, 1985",ca,"0 G, 0 A, 0 P"
Mark Giordano,,5,D,28,6-0,198,L/-,5,"October 3, 1983",ca,"9 G, 18 A, 27 P"
Curtis Glencross,,20,LW,29,6-1,197,L/-,5,"December 28, 1982",ca,"26 G, 22 A, 48 P"
Niklas Hagman,,10,LW,32,5-10,205,L/-,9,"December 5, 1979",fi,"1 G, 3 A, 4 P"
Scott Hannan,,23,D,33,6-1,215,L/-,12,"January 23, 1979",ca,"2 G, 10 A, 12 P"
Roman Horak,,51,C,20,6-0,170,L/-,R,"May 21, 1991",cs,"3 G, 8 A, 11 P"
Jarome Iginla,(C),12,RW,34,6-1,210,R/-,14,"July 1, 1977",ca,"32 G, 35 A, 67 P"
Leland Irving,,37,G,23,6-0,175,-/L,R,"April 11, 1988",ca,"1-3-3, 3.20 GAA"
Raitis Ivanans,,41,LW,33,6-4,240,L/-,6,"January 3, 1979",su,"0 G, 0 A, 0 P"
Tim Jackman,,15,RW,30,6-2,224,R/-,7,"November 14, 1981",us,"1 G, 6 A, 7 P"
Olli Jokinen,,13,C,33,6-2,210,L/-,13,"December 5, 1978",fi,"23 G, 38 A, 61 P"
Blair Jones,,19,C,25,6-2,216,R/-,4,"September 27, 1986",ca,"1 G, 3 A, 4 P"
Henrik Karlsson,,35,G,28,6-6,209,-/L,1,"November 27, 1983",se,"1-4-2, 3.17 GAA"
Miikka Kiprusoff,,34,G,35,6-1,185,-/L,10,"October 26, 1976",fi,"35-22-11, 2.35 GAA"
Krys Kolanos,,8,C,30,6-3,206,R/-,5,"July 27, 1981",ca,"0 G, 1 A, 1 P"
Tom Kostopoulos,,16,RW,33,6-0,200,R/-,9,"January 24, 1979",ca,"4 G, 8 A, 12 P"
Pierre-Luc Letourneau-Leblond,,24,RW,26,6-2,210,-/-,3,"June 4, 1985",unknown,"0 G, 0 A, 0 P"
Brendan Morrison,,8,C,36,5-11,185,L/-,13,"August 15, 1975",ca,"4 G, 7 A, 11 P"
Dave Moss,,25,LW,30,6-4,210,R/-,5,"December 28, 1981",us,"2 G, 7 A, 9 P"
Greg Nemisz,,48,C,21,6-3,197,-/-,1,"June 5, 1990",unknown,"0 G, 0 A, 0 P"
Joe Piskula,,43,D,27,6-3,208,-/-,1,"July 5, 1984",us,"0 G, 0 A, 0 P"
Cory Sarich,,6,D,33,6-4,207,R/-,12,"August 16, 1978",ca,"1 G, 6 A, 7 P"
Derek Smith,,27,D,27,6-1,197,L/-,2,"October 13, 1984",ca,"2 G, 9 A, 11 P"
Matt Stajan,,18,C,28,6-1,195,L/-,8,"December 19, 1983",ca,"8 G, 10 A, 18 P"
Lee Stempniak,,22,RW,28,5-11,195,R/-,6,"February 4, 1983",us,"14 G, 14 A, 28 P"
Alex Tanguay,,40,LW,32,6-1,194,L/-,11,"November 21, 1979",ca,"13 G, 36 A, 49 P"
Clay Wilson,,21,D,28,6-0,195,L/-,4,"April 5, 1983",us,"0 G, 0 A, 0 P"
