Colorado Avalanche,COL,nhl
2011-12,2012
33
82
0
GP,Date,Time,Location,Opponent,GF,GA,Result,Game Ended In,W,L,OL,Streak,S,PIM,PPG,SHG,S,PIM,PPG,SHG,Notes
1,2011-10-08,time unavailable,H,Detroit Red Wings,0,3,L,REG,0,1,0,L 1,29,8,0,0,39,4,0,0
2,2011-10-10,time unavailable,@,Boston Bruins,1,0,W,REG,1,1,0,W 1,36,6,0,0,30,8,0,0
3,2011-10-12,time unavailable,@,Columbus Blue Jackets,3,2,W,SO,2,1,0,W 2,32,13,0,0,33,15,0,0
4,2011-10-13,time unavailable,@,Ottawa Senators,7,1,W,REG,3,1,0,W 3,39,13,4,1,16,15,1,0
5,2011-10-15,time unavailable,@,Montreal Canadiens,6,5,W,SO,4,1,0,W 4,30,8,2,0,43,10,1,0
6,2011-10-17,time unavailable,@,Toronto Maple Leafs,3,2,W,OT,5,1,0,W 5,24,8,1,0,29,4,0,0
7,2011-10-20,time unavailable,H,Chicago Blackhawks,1,3,L,REG,5,2,0,L 1,32,4,0,0,30,2,0,1
8,2011-10-22,time unavailable,@,Chicago Blackhawks,5,4,W,SO,6,2,0,W 1,24,6,0,0,38,0,1,0
9,2011-10-26,time unavailable,@,Calgary Flames,2,4,L,REG,6,3,0,L 1,36,6,1,0,34,4,1,0
10,2011-10-28,time unavailable,H,Edmonton Oilers,1,3,L,REG,6,4,0,L 2,41,25,1,0,19,15,1,0
11,2011-10-30,time unavailable,H,Los Angeles Kings,3,2,W,REG,7,4,0,W 1,16,8,1,1,32,8,2,0
12,2011-11-02,time unavailable,H,Phoenix Coyotes,1,4,L,REG,7,5,0,L 1,40,2,0,0,28,8,0,0
13,2011-11-04,time unavailable,@,Dallas Stars,6,7,L,OT,7,5,1,L 2,40,14,2,0,29,12,3,0
14,2011-11-06,time unavailable,H,Calgary Flames,1,2,L,REG,7,6,1,L 3,33,7,0,0,23,9,1,0
15,2011-11-08,time unavailable,@,Detroit Red Wings,2,5,L,REG,7,7,1,L 4,26,22,2,0,30,6,2,0
16,2011-11-10,time unavailable,H,New York Islanders,4,3,W,OT,8,7,1,W 1,51,20,2,0,33,36,1,0
17,2011-11-12,time unavailable,H,Calgary Flames,3,4,L,REG,8,8,1,L 1,39,6,0,0,20,10,0,0
18,2011-11-15,time unavailable,@,Pittsburgh Penguins,3,6,L,REG,8,9,1,L 2,27,17,0,0,33,9,1,0
19,2011-11-17,time unavailable,@,Minnesota Wild,0,1,L,REG,8,10,1,L 3,27,9,0,0,18,11,0,0
20,2011-11-18,time unavailable,H,Dallas Stars,3,0,W,REG,9,10,1,W 1,45,2,2,0,24,10,0,0
21,2011-11-20,time unavailable,H,San Jose Sharks,1,4,L,REG,9,11,1,L 1,37,22,0,0,18,2,1,0
22,2011-11-23,time unavailable,H,Vancouver Canucks,0,3,L,REG,9,12,1,L 2,24,4,0,0,29,8,0,0
23,2011-11-26,time unavailable,H,Edmonton Oilers,5,2,W,REG,10,12,1,W 1,29,6,1,0,33,6,0,0
24,2011-11-28,time unavailable,H,Dallas Stars,1,3,L,REG,10,13,1,L 1,36,23,0,0,35,11,0,0
25,2011-11-30,time unavailable,H,New Jersey Devils,6,1,W,REG,11,13,1,W 1,25,13,0,1,19,21,0,0
26,2011-12-02,time unavailable,H,St. Louis Blues,3,2,W,SO,12,13,1,W 2,35,8,0,0,37,10,1,0
27,2011-12-04,time unavailable,H,Detroit Red Wings,4,2,W,REG,13,13,1,W 3,35,10,1,1,29,6,1,0
28,2011-12-06,time unavailable,@,Vancouver Canucks,0,6,L,REG,13,14,1,L 1,33,42,0,0,23,39,1,0
29,2011-12-08,time unavailable,@,Calgary Flames,2,3,L,REG,13,15,1,L 2,18,16,0,0,35,4,2,0
30,2011-12-09,time unavailable,@,Edmonton Oilers,1,4,L,REG,13,16,1,L 3,29,10,0,0,35,6,2,0
31,2011-12-13,time unavailable,H,San Jose Sharks,4,3,W,SO,14,16,1,W 1,33,6,1,0,30,4,1,0
32,2011-12-15,time unavailable,@,San Jose Sharks,4,5,L,REG,14,17,1,L 1,27,14,2,0,34,16,0,0
33,2011-12-17,time unavailable,H,Washington Capitals,2,1,W,REG,15,17,1,W 1,28,13,0,0,26,9,0,0
34,2011-12-19,time unavailable,H,Philadelphia Flyers,3,2,W,SO,16,17,1,W 2,27,10,0,0,33,6,1,0
35,2011-12-21,time unavailable,H,St. Louis Blues,3,2,W,REG,17,17,1,W 3,22,10,0,0,39,8,0,0
36,2011-12-23,time unavailable,H,Tampa Bay Lightning,2,1,W,OT,18,17,1,W 4,29,6,0,0,30,6,0,0
37,2011-12-26,time unavailable,@,Minnesota Wild,4,2,W,REG,19,17,1,W 5,32,23,1,0,22,14,1,0
38,2011-12-27,time unavailable,H,Winnipeg Jets,1,4,L,REG,19,18,1,L 1,33,12,0,0,26,12,1,0
39,2011-12-29,time unavailable,H,Phoenix Coyotes,3,2,W,REG,20,18,1,W 1,35,8,0,0,27,10,0,0
40,2011-12-31,time unavailable,@,Anaheim Ducks,4,2,W,REG,21,18,1,W 2,26,9,1,0,20,9,0,0
41,2012-01-02,time unavailable,@,Los Angeles Kings,2,1,W,SO,22,18,1,W 3,21,12,0,0,32,6,0,0
42,2012-01-06,time unavailable,@,Chicago Blackhawks,4,0,W,REG,23,18,1,W 4,22,9,0,0,27,9,0,0
43,2012-01-07,time unavailable,@,St. Louis Blues,0,4,L,REG,23,19,1,L 1,15,24,0,0,39,22,2,0
44,2012-01-10,time unavailable,H,Nashville Predators,1,4,L,REG,23,20,1,L 2,33,6,1,0,26,6,1,0
45,2012-01-12,time unavailable,@,Nashville Predators,2,3,L,OT,23,20,2,L 3,29,12,0,0,35,6,0,0
46,2012-01-14,time unavailable,@,Dallas Stars,2,1,W,REG,24,20,2,W 1,23,8,1,0,22,8,0,0
47,2012-01-16,time unavailable,@,Phoenix Coyotes,1,6,L,REG,24,21,2,L 1,39,11,0,0,33,5,1,0
48,2012-01-18,time unavailable,H,Florida Panthers,4,3,W,OT,25,21,2,W 1,44,6,1,0,29,4,1,0
49,2012-01-21,time unavailable,@,Los Angeles Kings,3,1,W,REG,26,21,2,W 2,31,6,1,0,26,8,0,0
50,2012-01-22,time unavailable,@,Anaheim Ducks,2,3,L,REG,26,22,2,L 1,45,11,1,0,18,11,1,1
51,2012-01-24,time unavailable,H,Minnesota Wild,2,3,L,REG,26,23,2,L 2,26,15,0,0,34,11,1,0
52,2012-01-31,time unavailable,@,Edmonton Oilers,2,3,L,REG,26,24,2,L 3,33,4,0,0,23,4,1,0
53,2012-02-02,time unavailable,H,Minnesota Wild,0,1,L,REG,26,25,2,L 4,37,16,0,0,21,16,0,0
54,2012-02-04,time unavailable,H,Vancouver Canucks,2,3,L,SO,26,25,3,L 5,46,17,1,0,29,15,0,0
55,2012-02-07,time unavailable,H,Chicago Blackhawks,5,2,W,REG,27,25,3,W 1,29,6,0,0,31,0,0,0
56,2012-02-10,time unavailable,H,Carolina Hurricanes,4,3,W,OT,28,25,3,W 2,33,6,0,0,42,0,0,0
57,2012-02-11,time unavailable,@,St. Louis Blues,2,3,L,OT,28,25,4,L 1,19,10,1,0,44,4,2,0
58,2012-02-15,time unavailable,@,Vancouver Canucks,1,3,L,REG,28,26,4,L 2,30,7,0,0,31,9,0,0
59,2012-02-17,time unavailable,@,Edmonton Oilers,3,1,W,REG,29,26,4,W 1,23,8,1,0,27,8,0,0
60,2012-02-19,time unavailable,@,Winnipeg Jets,1,5,L,REG,29,27,4,L 1,32,17,1,0,25,15,2,0
61,2012-02-22,time unavailable,H,Los Angeles Kings,4,1,W,REG,30,27,4,W 1,27,18,0,0,33,14,0,0
62,2012-02-24,time unavailable,@,Columbus Blue Jackets,5,0,W,REG,31,27,4,W 2,25,13,0,0,28,7,0,0
63,2012-02-25,time unavailable,@,Detroit Red Wings,4,3,W,REG,32,27,4,W 3,27,11,0,1,31,9,1,0
64,2012-02-27,time unavailable,H,Anaheim Ducks,4,1,W,REG,33,27,4,W 4,23,6,0,0,28,2,1,0
65,2012-03-01,time unavailable,H,Columbus Blue Jackets,0,2,L,REG,33,28,4,L 1,33,11,0,0,28,11,1,0
66,2012-03-03,time unavailable,H,Pittsburgh Penguins,1,5,L,REG,33,29,4,L 2,36,15,0,0,28,15,0,0
67,2012-03-04,time unavailable,@,Minnesota Wild,2,0,W,REG,34,29,4,W 1,36,6,1,0,30,4,0,0
68,2012-03-06,time unavailable,H,Minnesota Wild,7,1,W,REG,35,29,4,W 2,39,16,1,0,22,30,0,0
69,2012-03-08,time unavailable,@,Nashville Predators,2,4,L,REG,35,30,4,L 1,17,11,0,0,31,7,0,0
70,2012-03-10,time unavailable,H,Edmonton Oilers,3,2,W,SO,36,30,4,W 1,32,4,0,0,30,4,0,0
71,2012-03-12,time unavailable,H,Anaheim Ducks,3,2,W,OT,37,30,4,W 2,33,2,0,0,40,2,1,0
72,2012-03-14,time unavailable,@,Buffalo Sabres,5,4,W,SO,38,30,4,W 3,42,6,1,0,24,10,0,1
73,2012-03-15,time unavailable,@,New Jersey Devils,0,1,L,SO,38,30,5,L 1,28,2,0,0,33,2,0,0
74,2012-03-17,time unavailable,@,New York Rangers,3,1,W,REG,39,30,5,W 1,20,15,1,0,42,9,0,0
75,2012-03-20,time unavailable,H,Calgary Flames,2,1,W,OT,40,30,5,W 2,33,4,0,0,32,0,0,0
76,2012-03-22,time unavailable,@,Phoenix Coyotes,2,3,L,REG,40,31,5,L 1,41,12,0,0,25,6,0,0
77,2012-03-24,time unavailable,H,Vancouver Canucks,2,3,L,OT,40,31,6,L 2,40,12,2,0,32,12,1,0
78,2012-03-26,time unavailable,@,San Jose Sharks,1,5,L,REG,40,32,6,L 3,32,8,0,0,36,4,1,0
79,2012-03-28,time unavailable,@,Vancouver Canucks,0,1,L,REG,40,33,6,L 4,43,11,0,0,22,15,0,1
80,2012-03-30,time unavailable,@,Calgary Flames,4,1,W,REG,41,33,6,W 1,24,8,0,0,39,0,1,0
81,2012-04-05,time unavailable,H,Columbus Blue Jackets,2,5,L,REG,41,34,6,L 1,37,15,1,0,28,25,1,0
82,2012-04-07,time unavailable,H,Nashville Predators,1,6,L,REG,41,35,6,L 2,45,4,0,0,29,4,0,0

Time,Location,Result,Game Ended In

Tyson Barrie,,41,D,20,5-10,190,R/-,R,"July 26, 1991",ca,"0 G, 0 A, 0 P"
Evan Brophey,,47,C,25,6-2,199,L/-,1,"December 3, 1986",ca,"0 G, 0 A, 0 P"
Mike Connolly,,18,LW,22,5-9,180,L/-,R,"July 3, 1989",ca,"0 G, 0 A, 0 P"
Steve Downie,,27,RW,24,5-11,191,R/-,4,"April 3, 1987",ca,"2 G, 11 A, 13 P"
Matt Duchene,,9,C,21,5-11,200,L/-,2,"January 16, 1991",ca,"14 G, 14 A, 28 P"
Stefan Elliott,,46,D,21,6-1,190,R/-,R,"January 30, 1991",ca,"4 G, 9 A, 13 P"
T.J. Galiardi,,39,LW,23,6-2,195,L/-,3,"April 22, 1988",ca,"8 G, 6 A, 14 P"
Jean-Sebastien Giguere,,35,G,34,6-1,202,-/L,13,"May 16, 1977",ca,"15-11-3, 2.27 GAA"
Jan Hejda,,8,D,33,6-4,237,L/-,5,"June 18, 1978",cs,"5 G, 14 A, 19 P"
Milan Hejduk,(C),23,RW,35,6-0,190,R/-,12,"February 14, 1976",cs,"14 G, 23 A, 37 P"
Matt Hunwick,,22,D,26,5-11,194,L/-,4,"May 21, 1985",us,"3 G, 3 A, 6 P"
Erik Johnson,,6,D,23,6-4,232,R/-,3,"March 21, 1988",us,"4 G, 22 A, 26 P"
David Jones,,54,RW,27,6-3,208,R/-,4,"August 10, 1984",ca,"20 G, 17 A, 37 P"
Chuck Kobasew,,17,RW,29,6-0,192,R/-,8,"April 17, 1982",ca,"7 G, 7 A, 14 P"
Gabriel Landeskog,,92,LW,19,6-1,210,L/-,R,"November 23, 1992",se,"22 G, 30 A, 52 P"
Joakim Lindstrom,,28,LW,28,6-0,187,L/-,4,"December 5, 1983",se,"2 G, 3 A, 5 P"
Brad Malone,,42,C,22,6-2,207,L/-,R,"May 20, 1989",ca,"0 G, 2 A, 2 P"
Jay McClement,,16,C,28,6-1,205,L/-,6,"March 2, 1983",ca,"10 G, 7 A, 17 P"
Jamie McGinn,,11,LW,23,6-1,205,L/-,3,"August 5, 1988",ca,"8 G, 5 A, 13 P"
Cody McLeod,,55,LW,27,6-2,210,L/-,4,"June 26, 1984",ca,"6 G, 5 A, 11 P"
Peter Mueller,,88,C,23,6-2,204,R/-,3,"April 14, 1988",us,"7 G, 9 A, 16 P"
Shane O'Brien,,5,D,28,6-3,230,L/-,5,"August 9, 1983",ca,"3 G, 17 A, 20 P"
Ryan O'Byrne,,3,D,27,6-5,234,R/-,4,"July 19, 1984",ca,"1 G, 6 A, 7 P"
Ryan O'Reilly,,37,C,20,6-1,210,L/-,2,"February 7, 1991",ca,"18 G, 37 A, 55 P"
Mark Olver,,40,C,24,5-10,170,L/-,1,"January 1, 1988",ca,"4 G, 3 A, 7 P"
Kevin Porter,,12,RW,25,5-11,191,L/-,3,"March 12, 1986",us,"4 G, 3 A, 7 P"
Kyle Quincey,,27,D,26,6-2,216,L/-,6,"August 12, 1985",ca,"5 G, 18 A, 23 P"
Paul Stastny,,26,C,26,6-0,205,L/-,5,"December 27, 1985",ca,"21 G, 32 A, 53 P"
David Van Der Gulik,,7,RW,28,5-10,173,L/-,2,"April 20, 1983",ca,"1 G, 5 A, 6 P"
Semyon Varlamov,,1,G,23,6-2,209,-/L,3,"April 27, 1988",su,"26-24-3, 2.59 GAA"
Ryan Wilson,,44,D,24,6-1,207,L/-,2,"February 3, 1987",ca,"1 G, 20 A, 21 P"
Daniel Winnik,,34,C,26,6-2,203,L/-,4,"March 6, 1985",ca,"5 G, 13 A, 18 P"
Brandon Yip,,18,RW,26,6-1,198,R/-,2,"April 25, 1985",ca,"0 G, 0 A, 0 P"
