Dallas Stars,DAL,nhl
2011-12,2012
33
82
0
GP,Date,Time,Location,Opponent,GF,GA,Result,Game Ended In,W,L,OL,Streak,S,PIM,PPG,SHG,S,PIM,PPG,SHG,Notes
1,2011-10-07,time unavailable,H,Chicago Blackhawks,2,1,W,REG,1,0,0,W 1,33,8,0,0,38,4,0,0
2,2011-10-08,time unavailable,@,Chicago Blackhawks,2,5,L,REG,1,1,0,L 1,21,27,1,0,31,25,1,0
3,2011-10-10,time unavailable,H,Phoenix Coyotes,2,1,W,SO,2,1,0,W 1,25,15,0,0,41,17,1,0
4,2011-10-13,time unavailable,H,St. Louis Blues,3,2,W,REG,3,1,0,W 2,24,29,1,1,38,31,0,0
5,2011-10-15,time unavailable,H,Columbus Blue Jackets,4,2,W,REG,4,1,0,W 3,33,12,1,0,15,10,1,0
6,2011-10-18,time unavailable,@,Columbus Blue Jackets,3,2,W,REG,5,1,0,W 4,18,13,0,0,40,9,1,0
7,2011-10-21,time unavailable,@,Anaheim Ducks,3,1,W,REG,6,1,0,W 5,19,10,0,0,36,4,1,0
8,2011-10-22,time unavailable,@,Los Angeles Kings,0,1,L,REG,6,2,0,L 1,28,11,0,0,24,11,0,0
9,2011-10-25,time unavailable,@,Phoenix Coyotes,3,2,W,SO,7,2,0,W 1,35,8,1,0,35,8,1,0
10,2011-10-27,time unavailable,H,Los Angeles Kings,3,5,L,REG,7,3,0,L 1,33,14,1,0,29,12,1,0
11,2011-10-29,time unavailable,H,New Jersey Devils,3,1,W,REG,8,3,0,W 1,23,8,0,1,32,6,0,0
12,2011-11-04,time unavailable,H,Colorado Avalanche,7,6,W,OT,9,3,0,W 2,29,12,3,0,40,14,2,0
13,2011-11-06,time unavailable,@,Carolina Hurricanes,5,2,W,REG,10,3,0,W 3,27,28,1,1,32,18,2,0
14,2011-11-08,time unavailable,@,Washington Capitals,5,2,W,REG,11,3,0,W 4,36,15,1,0,32,17,1,0
15,2011-11-11,time unavailable,@,Pittsburgh Penguins,1,3,L,REG,11,4,0,L 1,20,12,0,0,32,6,2,0
16,2011-11-12,time unavailable,@,Detroit Red Wings,2,5,L,REG,11,5,0,L 2,27,13,1,0,40,9,0,0
17,2011-11-15,time unavailable,H,Florida Panthers,0,6,L,REG,11,6,0,L 3,25,10,0,0,30,6,0,0
18,2011-11-18,time unavailable,@,Colorado Avalanche,0,3,L,REG,11,7,0,L 4,24,10,0,0,45,2,2,0
19,2011-11-19,time unavailable,H,San Jose Sharks,1,4,L,REG,11,8,0,L 5,31,53,0,0,38,47,2,0
20,2011-11-21,time unavailable,H,Edmonton Oilers,4,1,W,REG,12,8,0,W 1,35,12,0,1,18,6,0,0
21,2011-11-23,time unavailable,H,Los Angeles Kings,3,2,W,OT,13,8,0,W 2,38,6,0,0,24,6,0,0
22,2011-11-25,time unavailable,H,Toronto Maple Leafs,3,4,L,SO,13,8,1,L 1,29,8,0,0,23,6,1,0
23,2011-11-26,time unavailable,@,Phoenix Coyotes,0,3,L,REG,13,9,1,L 2,26,4,0,0,39,4,0,0
24,2011-11-28,time unavailable,@,Colorado Avalanche,3,1,W,REG,14,9,1,W 1,35,11,0,0,36,23,0,0
25,2011-12-01,time unavailable,H,Ottawa Senators,3,2,W,REG,15,9,1,W 2,32,2,1,0,35,6,0,0
26,2011-12-03,time unavailable,H,New York Islanders,4,5,L,REG,15,10,1,L 1,34,10,0,0,27,8,1,0
27,2011-12-08,time unavailable,@,San Jose Sharks,2,5,L,REG,15,11,1,L 2,20,22,1,0,36,12,0,0
28,2011-12-10,time unavailable,@,Los Angeles Kings,2,1,W,REG,16,11,1,W 1,28,15,1,0,27,23,0,1
29,2011-12-13,time unavailable,@,New York Rangers,1,0,W,REG,17,11,1,W 2,28,15,0,0,34,11,0,0
30,2011-12-15,time unavailable,@,New York Islanders,3,2,W,REG,18,11,1,W 3,29,10,1,0,27,16,0,0
31,2011-12-16,time unavailable,@,New Jersey Devils,3,6,L,REG,18,12,1,L 1,36,2,0,0,31,8,0,1
32,2011-12-19,time unavailable,H,Anaheim Ducks,5,3,W,REG,19,12,1,W 1,33,16,2,0,28,20,2,0
33,2011-12-21,time unavailable,H,Philadelphia Flyers,1,4,L,REG,19,13,1,L 1,31,32,0,0,30,18,2,0
34,2011-12-23,time unavailable,H,Nashville Predators,6,3,W,REG,20,13,1,W 1,29,10,0,0,37,6,2,0
35,2011-12-26,time unavailable,@,St. Louis Blues,3,5,L,REG,20,14,1,L 1,23,11,0,0,38,11,2,0
36,2011-12-29,time unavailable,H,Columbus Blue Jackets,1,4,L,REG,20,15,1,L 2,37,6,0,0,29,8,0,0
37,2011-12-31,time unavailable,H,Boston Bruins,4,2,W,REG,21,15,1,W 1,27,11,2,0,20,15,0,0
38,2012-01-03,time unavailable,H,Detroit Red Wings,4,5,L,REG,21,16,1,L 1,29,0,0,0,31,2,0,0
39,2012-01-05,time unavailable,@,Nashville Predators,4,1,W,REG,22,16,1,W 1,30,13,0,0,25,15,0,0
40,2012-01-07,time unavailable,H,Edmonton Oilers,4,1,W,REG,23,16,1,W 2,34,7,0,0,26,9,0,0
41,2012-01-10,time unavailable,@,Anaheim Ducks,2,5,L,REG,23,17,1,L 1,28,6,0,0,26,6,0,0
42,2012-01-12,time unavailable,@,Los Angeles Kings,5,4,W,SO,24,17,1,W 1,38,23,1,0,41,41,3,0
43,2012-01-14,time unavailable,H,Colorado Avalanche,1,2,L,REG,24,18,1,L 1,22,8,0,0,23,8,1,0
44,2012-01-16,time unavailable,@,St. Louis Blues,0,1,L,REG,24,19,1,L 2,22,15,0,0,32,13,0,0
45,2012-01-17,time unavailable,H,Detroit Red Wings,2,3,L,SO,24,19,2,L 3,27,8,1,0,32,2,0,0
46,2012-01-20,time unavailable,H,Tampa Bay Lightning,1,2,L,REG,24,20,2,L 4,28,11,0,0,22,13,0,0
47,2012-01-21,time unavailable,@,Minnesota Wild,2,5,L,REG,24,21,2,L 5,25,11,0,0,26,9,1,0
48,2012-01-24,time unavailable,H,Anaheim Ducks,1,0,W,REG,25,21,2,W 1,16,11,0,0,27,7,0,0
49,2012-02-01,time unavailable,@,Anaheim Ducks,6,2,W,REG,26,21,2,W 2,26,8,1,0,35,4,0,0
50,2012-02-02,time unavailable,@,San Jose Sharks,2,5,L,REG,26,22,2,L 1,21,12,1,0,37,6,2,0
51,2012-02-04,time unavailable,H,Minnesota Wild,2,1,W,SO,27,22,2,W 1,26,6,1,0,34,4,0,0
52,2012-02-07,time unavailable,H,Phoenix Coyotes,1,4,L,REG,27,23,2,L 1,29,2,0,0,24,8,0,0
53,2012-02-09,time unavailable,@,Columbus Blue Jackets,4,2,W,REG,28,23,2,W 1,35,6,0,0,28,6,2,0
54,2012-02-10,time unavailable,@,Buffalo Sabres,2,3,L,SO,28,23,3,L 1,26,4,1,0,32,8,1,0
55,2012-02-12,time unavailable,H,Los Angeles Kings,2,4,L,REG,28,24,3,L 2,28,8,0,0,16,10,1,0
56,2012-02-14,time unavailable,@,Detroit Red Wings,1,3,L,REG,28,25,3,L 3,21,22,0,0,37,6,1,0
57,2012-02-16,time unavailable,H,Calgary Flames,3,2,W,OT,29,25,3,W 1,32,10,1,0,27,6,0,0
58,2012-02-18,time unavailable,@,Phoenix Coyotes,1,2,L,OT,29,25,4,L 1,31,8,1,0,33,10,0,0
59,2012-02-19,time unavailable,H,Nashville Predators,2,3,L,REG,29,26,4,L 2,24,4,0,0,21,2,1,0
60,2012-02-21,time unavailable,@,Montreal Canadiens,3,0,W,REG,30,26,4,W 1,36,8,0,0,31,2,0,0
61,2012-02-23,time unavailable,@,Chicago Blackhawks,3,1,W,REG,31,26,4,W 2,25,2,0,0,27,0,0,0
62,2012-02-24,time unavailable,H,Minnesota Wild,4,1,W,REG,32,26,4,W 3,25,10,0,0,29,4,1,0
63,2012-02-26,time unavailable,H,Vancouver Canucks,3,2,W,OT,33,26,4,W 4,28,4,1,0,26,4,0,0
64,2012-02-29,time unavailable,H,Pittsburgh Penguins,3,4,L,SO,33,26,5,L 1,33,12,0,0,29,10,0,0
65,2012-03-02,time unavailable,@,Edmonton Oilers,3,1,W,REG,34,26,5,W 1,15,0,0,0,20,4,0,0
66,2012-03-04,time unavailable,@,Calgary Flames,3,2,W,SO,35,26,5,W 2,40,13,1,1,38,11,0,0
67,2012-03-06,time unavailable,@,Vancouver Canucks,5,2,W,REG,36,26,5,W 3,29,8,1,0,31,10,0,0
68,2012-03-08,time unavailable,H,San Jose Sharks,4,3,W,SO,37,26,5,W 4,35,6,0,0,48,4,0,0
69,2012-03-10,time unavailable,H,Anaheim Ducks,2,0,W,REG,38,26,5,W 5,23,10,1,0,21,12,0,0
70,2012-03-13,time unavailable,@,Minnesota Wild,1,0,W,REG,39,26,5,W 6,25,10,0,0,25,6,0,0
71,2012-03-14,time unavailable,@,Winnipeg Jets,2,5,L,REG,39,27,5,L 1,30,30,0,0,28,14,1,0
72,2012-03-16,time unavailable,H,Chicago Blackhawks,1,4,L,REG,39,28,5,L 2,22,8,0,0,31,2,0,0
73,2012-03-20,time unavailable,H,Phoenix Coyotes,4,3,W,SO,40,28,5,W 1,33,37,1,0,30,39,1,1
74,2012-03-22,time unavailable,H,Vancouver Canucks,1,2,L,REG,40,29,5,L 1,26,21,0,0,28,19,0,0
75,2012-03-24,time unavailable,H,Calgary Flames,4,1,W,REG,41,29,5,W 1,20,12,0,0,36,12,0,0
76,2012-03-26,time unavailable,@,Calgary Flames,4,5,L,REG,41,30,5,L 1,39,16,1,0,35,12,3,0
77,2012-03-28,time unavailable,@,Edmonton Oilers,3,1,W,REG,42,30,5,W 1,25,8,0,0,32,10,0,0
78,2012-03-30,time unavailable,@,Vancouver Canucks,2,5,L,REG,42,31,5,L 1,30,6,0,0,34,2,1,0
79,2012-03-31,time unavailable,@,San Jose Sharks,0,3,L,REG,42,32,5,L 2,22,32,0,0,34,16,1,0
80,2012-04-03,time unavailable,H,San Jose Sharks,2,5,L,REG,42,33,5,L 3,31,18,0,0,26,4,1,0
81,2012-04-05,time unavailable,@,Nashville Predators,0,2,L,REG,42,34,5,L 4,28,4,0,0,31,8,0,0
82,2012-04-07,time unavailable,H,St. Louis Blues,2,3,L,REG,42,35,5,L 5,35,19,0,0,35,17,2,0

Time,Location,Result,Game Ended In

Richard Bachman,,31,G,24,5-10,183,-/L,1,"July 25, 1987",us,"8-5-1, 2.77 GAA"
Krys Barch,,13,RW,31,6-2,210,L/-,5,"March 26, 1980",ca,"0 G, 0 A, 0 P"
Jamie Benn,,14,LW,22,6-2,210,L/-,2,"July 18, 1989",ca,"26 G, 37 A, 63 P"
Jordie Benn,,58,D,24,6-2,200,L/-,R,"July 26, 1987",ca,"0 G, 2 A, 2 P"
Adam Burish,,16,C,29,6-1,195,R/-,5,"January 6, 1983",us,"6 G, 13 A, 19 P"
Trevor Daley,,6,D,28,5-11,195,L/-,7,"October 9, 1983",ca,"4 G, 21 A, 25 P"
Brenden Dillon,,4,D,21,6-4,225,L/-,R,"November 13, 1990",ca,"0 G, 0 A, 0 P"
Jake Dowell,,11,C,26,6-0,198,L/-,4,"March 4, 1985",us,"2 G, 5 A, 7 P"
Radek Dvorak,,20,RW,34,6-2,195,R/-,15,"March 9, 1977",cs,"4 G, 17 A, 21 P"
Loui Eriksson,,21,LW,26,6-2,183,L/-,5,"July 17, 1985",se,"26 G, 45 A, 71 P"
Vernon Fiddler,,38,C,31,5-11,205,L/-,8,"May 9, 1980",ca,"8 G, 13 A, 21 P"
Mark Fistric,,28,D,25,6-2,225,L/-,4,"June 1, 1986",ca,"0 G, 2 A, 2 P"
Matt Fraser,,25,LW,21,6-1,204,L/-,R,"May 20, 1990",ca,"0 G, 0 A, 0 P"
Ryan Garbutt,,40,C,26,6-0,195,L/-,R,"August 12, 1985",ca,"2 G, 1 A, 3 P"
Scott Glennie,,15,RW,20,6-1,204,-/-,R,"February 22, 1991",unknown,"0 G, 0 A, 0 P"
Alex Goligoski,,33,D,26,5-11,185,L/-,4,"July 30, 1985",us,"9 G, 21 A, 30 P"
Nicklas Grossmann,,2,D,27,6-4,230,L/-,5,"January 22, 1985",se,"0 G, 5 A, 5 P"
Philip Larsen,,36,D,22,6-0,190,R/-,2,"December 7, 1989",dk,"3 G, 8 A, 11 P"
Kari Lehtonen,,32,G,28,6-4,205,-/L,7,"November 16, 1983",fi,"32-22-4, 2.33 GAA"
Brenden Morrow,(C),10,LW,33,6-0,205,L/-,11,"January 16, 1979",ca,"11 G, 15 A, 26 P"
Eric Nystrom,,24,LW,28,6-1,200,L/-,5,"February 14, 1983",us,"16 G, 5 A, 21 P"
Steve Ott,,29,C,29,6-0,189,L/-,8,"August 19, 1982",ca,"11 G, 28 A, 39 P"
Adam Pardy,,27,D,27,6-4,227,L/-,3,"March 29, 1984",ca,"0 G, 3 A, 3 P"
Toby Petersen,,17,C,33,5-10,198,L/-,7,"October 27, 1978",us,"2 G, 3 A, 5 P"
Andrew Raycroft,,30,G,31,6-1,178,-/L,10,"May 4, 1980",ca,"2-8-0, 3.52 GAA"
Mike Ribeiro,,63,C,31,6-0,179,L/-,11,"February 10, 1980",ca,"18 G, 45 A, 63 P"
Stephane Robidas,,3,D,34,5-11,190,R/-,11,"March 3, 1977",ca,"5 G, 17 A, 22 P"
Michael Ryder,,73,RW,31,6-1,200,R/-,7,"March 31, 1980",ca,"35 G, 27 A, 62 P"
Reilly Smith,,12,RW,20,6-0,185,L/-,R,"April 1, 1991",ca,"0 G, 0 A, 0 P"
Sheldon Souray,,44,D,35,6-4,231,L/-,11,"July 13, 1976",ca,"6 G, 15 A, 21 P"
Tomas Vincour,,81,C,21,6-2,204,R/-,1,"November 19, 1990",cs,"4 G, 6 A, 10 P"
Tom Wandell,,23,C,25,6-1,200,L/-,3,"January 29, 1987",se,"6 G, 9 A, 15 P"
Francis Wathier,,48,LW,27,6-4,218,L/-,2,"December 7, 1984",ca,"0 G, 0 A, 0 P"
