New York Rangers,NYR,nhl
2011-12,2012
32
82
7,7,6
GP,Date,Time,Location,Opponent,GF,GA,Result,Game Ended In,W,L,OL,Streak,S,PIM,PPG,SHG,S,PIM,PPG,SHG,Notes
1,2011-10-07,time unavailable,@,Los Angeles Kings,2,3,L,OT,0,0,1,L 1,26,25,0,0,30,7,1,0,"at Stockholm, SE"
2,2011-10-08,time unavailable,@,Anaheim Ducks,1,2,L,SO,0,0,2,L 2,15,21,0,0,28,19,0,0,"at Stockholm, SE"
3,2011-10-15,time unavailable,@,New York Islanders,2,4,L,REG,0,1,2,L 3,31,14,0,0,34,8,2,0
4,2011-10-18,time unavailable,@,Vancouver Canucks,4,0,W,REG,1,1,2,W 1,19,31,0,0,40,23,0,0
5,2011-10-20,time unavailable,@,Calgary Flames,3,2,W,OT,2,1,2,W 2,29,32,1,1,35,16,1,0
6,2011-10-22,time unavailable,@,Edmonton Oilers,0,2,L,REG,2,2,2,L 1,19,13,0,0,27,13,1,0
7,2011-10-24,time unavailable,@,Winnipeg Jets,2,1,W,REG,3,2,2,W 1,17,7,2,0,28,15,0,0
8,2011-10-27,time unavailable,H,Toronto Maple Leafs,2,4,L,REG,3,3,2,L 1,30,15,0,0,36,13,0,0
9,2011-10-29,time unavailable,H,Ottawa Senators,4,5,L,SO,3,3,3,L 2,28,8,2,0,40,17,1,0
10,2011-10-31,time unavailable,H,San Jose Sharks,5,2,W,REG,4,3,3,W 1,31,11,1,0,26,13,0,0
11,2011-11-03,time unavailable,H,Anaheim Ducks,2,1,W,SO,5,3,3,W 2,25,11,0,0,28,15,0,0
12,2011-11-05,time unavailable,H,Montreal Canadiens,5,3,W,REG,6,3,3,W 3,29,26,1,0,28,38,1,0
13,2011-11-06,time unavailable,H,Winnipeg Jets,3,0,W,REG,7,3,3,W 4,27,8,1,0,23,12,0,0
14,2011-11-09,time unavailable,@,Ottawa Senators,3,2,W,REG,8,3,3,W 5,19,14,0,0,31,12,0,0
15,2011-11-11,time unavailable,H,Carolina Hurricanes,5,1,W,REG,9,3,3,W 6,40,4,1,0,35,6,0,0
16,2011-11-15,time unavailable,@,New York Islanders,4,2,W,REG,10,3,3,W 7,30,22,0,0,33,20,1,0
17,2011-11-19,time unavailable,@,Montreal Canadiens,0,4,L,REG,10,4,3,L 1,17,21,0,0,31,15,2,0
18,2011-11-23,time unavailable,@,Florida Panthers,1,2,L,REG,10,5,3,L 2,20,16,0,0,38,8,1,0
19,2011-11-25,time unavailable,@,Washington Capitals,6,3,W,REG,11,5,3,W 1,33,8,1,0,21,10,1,0
20,2011-11-26,time unavailable,H,Philadelphia Flyers,2,0,W,REG,12,5,3,W 2,32,18,1,0,29,18,0,0
21,2011-11-29,time unavailable,H,Pittsburgh Penguins,4,3,W,REG,13,5,3,W 3,30,19,2,0,27,23,1,0
22,2011-12-01,time unavailable,@,Carolina Hurricanes,5,3,W,REG,14,5,3,W 4,27,7,1,0,31,21,0,0
23,2011-12-03,time unavailable,@,Tampa Bay Lightning,4,2,W,REG,15,5,3,W 5,36,2,0,0,26,4,0,0
24,2011-12-05,time unavailable,H,Toronto Maple Leafs,2,4,L,REG,15,6,3,L 1,32,13,1,0,30,15,1,1
25,2011-12-08,time unavailable,H,Tampa Bay Lightning,2,3,L,SO,15,6,4,L 2,30,30,1,1,31,34,0,1
26,2011-12-10,time unavailable,@,Buffalo Sabres,4,1,W,REG,16,6,4,W 1,33,6,1,2,33,8,0,0
27,2011-12-11,time unavailable,H,Florida Panthers,6,1,W,REG,17,6,4,W 2,33,19,2,0,21,9,0,0
28,2011-12-13,time unavailable,H,Dallas Stars,0,1,L,REG,17,7,4,L 1,34,11,0,0,28,15,0,0
29,2011-12-15,time unavailable,@,St. Louis Blues,1,4,L,REG,17,8,4,L 2,26,2,0,0,36,0,0,0
30,2011-12-17,time unavailable,@,Phoenix Coyotes,3,2,W,REG,18,8,4,W 1,30,6,1,0,23,14,1,1
31,2011-12-20,time unavailable,@,New Jersey Devils,4,1,W,REG,19,8,4,W 2,21,28,0,1,31,24,0,0
32,2011-12-22,time unavailable,H,New York Islanders,4,2,W,REG,20,8,4,W 3,25,17,0,0,26,17,2,0
33,2011-12-23,time unavailable,H,Philadelphia Flyers,4,2,W,REG,21,8,4,W 4,24,18,1,0,30,18,1,0
34,2011-12-26,time unavailable,H,New York Islanders,3,0,W,REG,22,8,4,W 5,31,15,0,0,28,23,0,0
35,2011-12-28,time unavailable,@,Washington Capitals,1,4,L,REG,22,9,4,L 1,32,4,0,0,23,10,0,0
36,2011-12-30,time unavailable,@,Florida Panthers,4,1,W,REG,23,9,4,W 1,25,23,0,0,28,22,0,0
37,2012-01-02,time unavailable,@,Philadelphia Flyers,3,2,W,REG,24,9,4,W 2,33,6,0,0,36,16,0,0,NHL Winter Classic
38,2012-01-05,time unavailable,H,Florida Panthers,3,2,W,OT,25,9,4,W 3,41,2,1,0,21,2,0,0
39,2012-01-06,time unavailable,@,Pittsburgh Penguins,3,1,W,REG,26,9,4,W 4,21,8,0,1,38,4,0,0
40,2012-01-10,time unavailable,H,Phoenix Coyotes,2,1,W,SO,27,9,4,W 5,32,7,0,0,19,9,0,0
41,2012-01-12,time unavailable,H,Ottawa Senators,0,3,L,REG,27,10,4,L 1,34,9,0,0,24,11,1,0
42,2012-01-14,time unavailable,@,Toronto Maple Leafs,3,0,W,REG,28,10,4,W 1,30,2,0,0,20,4,0,0
43,2012-01-15,time unavailable,@,Montreal Canadiens,1,4,L,REG,28,11,4,L 1,29,7,0,0,29,7,0,0
44,2012-01-17,time unavailable,H,Nashville Predators,3,0,W,REG,29,11,4,W 1,28,6,0,0,27,4,0,0
45,2012-01-19,time unavailable,H,Pittsburgh Penguins,1,4,L,REG,29,12,4,L 1,31,21,0,0,36,11,0,0
46,2012-01-21,time unavailable,@,Boston Bruins,3,2,W,OT,30,12,4,W 1,33,15,1,0,34,26,0,0
47,2012-01-24,time unavailable,H,Winnipeg Jets,3,0,W,REG,31,12,4,W 2,31,14,0,0,22,18,0,0
48,2012-01-31,time unavailable,@,New Jersey Devils,3,4,L,SO,31,12,5,L 1,26,6,0,0,29,4,1,0
49,2012-02-01,time unavailable,@,Buffalo Sabres,1,0,W,SO,32,12,5,W 1,29,12,0,0,34,6,0,0
50,2012-02-05,time unavailable,H,Philadelphia Flyers,5,2,W,REG,33,12,5,W 2,38,32,0,0,23,40,1,0
51,2012-02-07,time unavailable,H,New Jersey Devils,0,1,L,REG,33,13,5,L 1,30,18,0,0,22,16,1,0
52,2012-02-09,time unavailable,H,Tampa Bay Lightning,4,3,W,OT,34,13,5,W 1,31,6,1,0,17,8,1,0
53,2012-02-11,time unavailable,@,Philadelphia Flyers,5,2,W,REG,35,13,5,W 2,26,42,3,0,33,68,0,0
54,2012-02-12,time unavailable,H,Washington Capitals,3,2,W,REG,36,13,5,W 3,28,4,0,1,26,4,0,0
55,2012-02-14,time unavailable,@,Boston Bruins,3,0,W,REG,37,13,5,W 4,20,6,1,0,42,6,0,0
56,2012-02-16,time unavailable,H,Chicago Blackhawks,2,4,L,REG,37,14,5,L 1,24,8,0,0,22,14,0,0
57,2012-02-19,time unavailable,H,Columbus Blue Jackets,3,2,W,OT,38,14,5,W 1,35,8,0,0,23,4,1,0
58,2012-02-21,time unavailable,@,Pittsburgh Penguins,0,2,L,REG,38,15,5,L 1,27,8,0,0,31,10,1,0
59,2012-02-24,time unavailable,@,New York Islanders,3,4,L,SO,38,15,6,L 2,36,15,2,0,27,15,1,0
60,2012-02-25,time unavailable,H,Buffalo Sabres,3,2,W,OT,39,15,6,W 1,28,11,0,0,20,11,1,0
61,2012-02-27,time unavailable,H,New Jersey Devils,2,0,W,REG,40,15,6,W 2,15,16,0,0,13,28,0,0
62,2012-03-01,time unavailable,@,Carolina Hurricanes,3,2,W,REG,41,15,6,W 3,25,12,0,0,23,8,1,0
63,2012-03-02,time unavailable,@,Tampa Bay Lightning,3,4,L,OT,41,15,7,L 1,19,10,1,0,31,6,0,0
64,2012-03-04,time unavailable,H,Boston Bruins,4,3,W,REG,42,15,7,W 1,17,19,0,0,33,19,0,0
65,2012-03-06,time unavailable,@,New Jersey Devils,1,4,L,REG,42,16,7,L 1,26,16,0,0,29,14,0,0
66,2012-03-08,time unavailable,@,Ottawa Senators,1,4,L,REG,42,17,7,L 2,26,11,0,0,22,15,0,0
67,2012-03-09,time unavailable,@,Chicago Blackhawks,3,4,L,REG,42,18,7,L 3,25,7,0,0,22,9,0,0
68,2012-03-11,time unavailable,H,New York Islanders,4,3,W,OT,43,18,7,W 1,36,13,3,0,19,29,1,0
69,2012-03-13,time unavailable,H,Carolina Hurricanes,4,2,W,REG,44,18,7,W 2,28,8,0,0,29,6,1,0
70,2012-03-15,time unavailable,H,Pittsburgh Penguins,2,5,L,REG,44,19,7,L 1,31,8,0,0,32,4,0,0
71,2012-03-17,time unavailable,H,Colorado Avalanche,1,3,L,REG,44,20,7,L 2,42,9,0,0,20,15,1,0
72,2012-03-19,time unavailable,H,New Jersey Devils,4,2,W,REG,45,20,7,W 1,27,23,1,0,22,33,0,0
73,2012-03-21,time unavailable,H,Detroit Red Wings,2,1,W,OT,46,20,7,W 2,34,2,1,0,27,4,0,0
74,2012-03-23,time unavailable,H,Buffalo Sabres,1,4,L,REG,46,21,7,L 1,27,2,0,0,26,4,0,0
75,2012-03-24,time unavailable,@,Toronto Maple Leafs,4,3,W,SO,47,21,7,W 1,33,6,0,0,25,4,0,0
76,2012-03-27,time unavailable,@,Minnesota Wild,3,2,W,REG,48,21,7,W 2,32,4,0,0,26,6,2,0
77,2012-03-28,time unavailable,@,Winnipeg Jets,4,2,W,REG,49,21,7,W 3,28,15,2,1,24,15,0,0
78,2012-03-30,time unavailable,H,Montreal Canadiens,4,1,W,REG,50,21,7,W 4,29,6,2,0,20,6,0,0
79,2012-04-01,time unavailable,H,Boston Bruins,1,2,L,REG,50,22,7,L 1,34,2,0,0,21,6,1,0
80,2012-04-03,time unavailable,@,Philadelphia Flyers,5,3,W,REG,51,22,7,W 1,24,26,3,0,40,24,1,0
81,2012-04-05,time unavailable,@,Pittsburgh Penguins,2,5,L,REG,51,23,7,L 1,37,4,1,0,32,25,0,1
82,2012-04-07,time unavailable,H,Washington Capitals,1,4,L,REG,51,24,7,L 2,36,8,0,0,17,8,1,0

GP,Date,Time,Location,Opponent,GF,GA,Result,Game Ended In,W,L,Streak,S,PIM,PPG,SHG,S,PIM,PPG,SHG,Notes
1,2012-04-12,time unavailable,H,Ottawa Senators,4,2,W,REG,1,0,W 1,31,18,0,0,32,20,0,0
2,2012-04-14,time unavailable,H,Ottawa Senators,2,3,L,OT,1,1,L 1,29,26,1,0,32,28,1,0
3,2012-04-16,time unavailable,@,Ottawa Senators,1,0,W,REG,2,1,W 1,23,10,0,0,39,10,0,0
4,2012-04-18,time unavailable,@,Ottawa Senators,2,3,L,OT,2,2,L 1,33,10,2,0,31,14,1,0
5,2012-04-21,time unavailable,H,Ottawa Senators,0,2,L,REG,2,3,L 2,41,10,0,0,30,10,0,0
6,2012-04-23,time unavailable,@,Ottawa Senators,3,2,W,REG,3,3,W 1,22,15,2,0,27,19,1,0
7,2012-04-26,time unavailable,H,Ottawa Senators,2,1,W,REG,4,3,W 2,29,4,0,0,27,6,1,0
8,2012-04-28,time unavailable,H,Washington Capitals,3,1,W,REG,5,3,W 3,14,8,0,0,18,6,0,0
9,2012-04-30,time unavailable,H,Washington Capitals,2,3,L,REG,5,4,L 1,28,6,1,0,25,8,1,0
10,2012-05-02,time unavailable,@,Washington Capitals,2,1,W,3OT,6,4,W 1,49,6,1,0,46,8,0,0
11,2012-05-05,time unavailable,@,Washington Capitals,2,3,L,REG,6,5,L 1,20,4,0,0,26,4,1,0
12,2012-05-07,time unavailable,H,Washington Capitals,3,2,W,OT,7,5,W 1,38,8,2,0,18,10,1,0
13,2012-05-09,time unavailable,@,Washington Capitals,1,2,L,REG,7,6,L 1,31,6,0,0,23,10,1,0
14,2012-05-12,time unavailable,H,Washington Capitals,2,1,W,REG,8,6,W 1,31,2,0,0,23,4,0,0
15,2012-05-14,time unavailable,H,New Jersey Devils,3,0,W,REG,9,6,W 2,28,8,1,0,21,8,0,0
16,2012-05-16,time unavailable,H,New Jersey Devils,2,3,L,REG,9,7,L 1,25,6,2,0,27,8,1,0
17,2012-05-19,time unavailable,@,New Jersey Devils,3,0,W,REG,10,7,W 1,22,12,1,0,36,4,0,0
18,2012-05-21,time unavailable,@,New Jersey Devils,1,4,L,REG,10,8,L 1,29,43,0,0,30,23,1,0
19,2012-05-23,time unavailable,H,New Jersey Devils,3,5,L,REG,10,9,L 2,28,8,0,0,17,8,0,0
20,2012-05-25,time unavailable,@,New Jersey Devils,2,3,L,OT,10,10,L 3,35,6,0,0,29,6,1,0

Artem Anisimov,,42,C,23,6-4,198,L/-,3,"May 24, 1988",su,"16 G, 20 A, 36 P"
Sean Avery,,16,C,31,5-10,195,L/-,9,"April 10, 1980",ca,"3 G, 0 A, 3 P"
Brendan Bell,,39,D,28,6-2,205,L/-,4,"March 31, 1983",ca,"0 G, 0 A, 0 P"
Stu Bickel,,41,D,25,6-4,207,R/-,R,"October 2, 1986",us,"0 G, 9 A, 9 P"
Martin Biron,,43,G,34,6-2,186,-/L,13,"August 15, 1977",ca,"12-6-2, 2.46 GAA"
Brian Boyle,,22,C,27,6-7,243,L/-,4,"December 18, 1984",us,"11 G, 15 A, 26 P"
Ryan Callahan,(C),24,RW,26,5-10,186,R/-,5,"March 21, 1985",us,"29 G, 25 A, 54 P"
Erik Christensen,,40,C,28,6-1,200,L/-,6,"December 17, 1983",ca,"1 G, 4 A, 5 P"
Michael Del Zotto,,4,D,21,6-0,195,L/-,2,"June 24, 1990",ca,"10 G, 31 A, 41 P"
Andre Deveaux,,33,C,27,6-3,220,R/-,2,"February 23, 1984",bs,"0 G, 1 A, 1 P"
Brandon Dubinsky,,17,C,25,6-2,216,L/-,5,"April 29, 1986",us,"10 G, 24 A, 34 P"
Steve Eminger,,44,D,28,6-2,207,R/-,8,"October 31, 1983",ca,"2 G, 3 A, 5 P"
Tim Erixon,,53,D,20,6-2,200,L/-,R,"February 24, 1991",us,"0 G, 2 A, 2 P"
Ruslan Fedotenko,,26,LW,33,6-1,200,L/-,10,"January 18, 1979",su,"9 G, 11 A, 20 P"
Marian Gaborik,,10,RW,29,6-1,205,L/-,10,"February 14, 1982",cs,"41 G, 35 A, 76 P"
Dan Girardi,,5,D,27,6-1,208,R/-,5,"April 29, 1984",ca,"5 G, 24 A, 29 P"
Carl Hagelin,,62,LW,23,5-11,186,L/-,R,"August 23, 1988",se,"14 G, 24 A, 38 P"
Henrik Lundqvist,,30,G,29,6-1,188,-/L,6,"March 2, 1982",se,"39-18-5, 1.97 GAA"
Ryan McDonagh,,27,D,22,6-1,216,L/-,1,"June 13, 1989",us,"7 G, 25 A, 32 P"
John Mitchell,,34,C,27,6-1,204,L/-,3,"January 22, 1985",ca,"5 G, 11 A, 16 P"
Kris Newbury,,45,C,29,5-11,205,-/-,5,"February 19, 1982",ca,"0 G, 0 A, 0 P"
Brandon Prust,,8,LW,27,6-0,195,L/-,4,"March 16, 1984",ca,"5 G, 12 A, 17 P"
Brad Richards,,19,C,31,6-0,199,L/-,10,"May 2, 1980",ca,"25 G, 41 A, 66 P"
Mike Rupp,,71,C,32,6-5,243,L/-,8,"January 13, 1980",us,"4 G, 1 A, 5 P"
Michael Sauer,,38,D,24,6-3,213,R/-,2,"August 7, 1987",us,"1 G, 2 A, 3 P"
John Scott,,28,D,29,6-8,260,L/-,3,"September 26, 1982",ca,"0 G, 0 A, 0 P"
Marc Staal,,18,D,25,6-4,207,L/-,4,"January 13, 1987",ca,"2 G, 3 A, 5 P"
Derek Stepan,,21,C,21,6-0,196,R/-,1,"June 18, 1990",us,"17 G, 34 A, 51 P"
Anton Stralman,,32,D,25,5-11,190,R/-,4,"August 1, 1986",se,"2 G, 16 A, 18 P"
Wojtek Wolski,,86,LW,25,6-3,215,L/-,6,"February 24, 1986",pl,"0 G, 3 A, 3 P"
Jeff Woywitka,,6,D,28,6-3,227,L/-,6,"September 1, 1983",ca,"1 G, 5 A, 6 P"
Mats Zuccarello,,36,LW,24,5-7,179,L/-,1,"September 1, 1987",no,"2 G, 1 A, 3 P"
