St. Louis Blues,STL,nhl
2011-12,2012
32
82
5,4
GP,Date,Time,Location,Opponent,GF,GA,Result,Game Ended In,W,L,OL,Streak,S,PIM,PPG,SHG,S,PIM,PPG,SHG,Notes
1,2011-10-08,time unavailable,H,Nashville Predators,2,4,L,REG,0,1,0,L 1,33,13,1,0,16,15,2,0
2,2011-10-10,time unavailable,H,Calgary Flames,5,2,W,REG,1,1,0,W 1,35,8,0,0,17,10,1,0
3,2011-10-13,time unavailable,@,Dallas Stars,2,3,L,REG,1,2,0,L 1,38,31,0,0,24,29,1,1
4,2011-10-15,time unavailable,@,San Jose Sharks,4,2,W,REG,2,2,0,W 1,20,6,0,0,36,8,1,0
5,2011-10-16,time unavailable,@,Anaheim Ducks,2,4,L,REG,2,3,0,L 1,30,10,0,0,23,10,1,0
6,2011-10-18,time unavailable,@,Los Angeles Kings,0,5,L,REG,2,4,0,L 2,27,8,0,0,24,8,1,0
7,2011-10-21,time unavailable,H,Carolina Hurricanes,3,2,W,OT,3,4,0,W 1,43,4,0,0,29,2,0,0
8,2011-10-22,time unavailable,@,Philadelphia Flyers,4,2,W,REG,4,4,0,W 2,25,13,1,0,36,11,1,0
9,2011-10-26,time unavailable,@,Vancouver Canucks,3,0,W,REG,5,4,0,W 3,31,4,0,0,32,6,0,0
10,2011-10-28,time unavailable,@,Calgary Flames,1,3,L,REG,5,5,0,L 1,29,6,0,0,18,6,0,0
11,2011-10-30,time unavailable,@,Edmonton Oilers,2,4,L,REG,5,6,0,L 2,30,8,1,0,30,6,2,0
12,2011-11-04,time unavailable,H,Vancouver Canucks,3,2,W,REG,6,6,0,W 1,28,11,0,0,30,11,1,0
13,2011-11-05,time unavailable,@,Minnesota Wild,1,2,L,REG,6,7,0,L 1,30,19,0,0,26,17,0,0
14,2011-11-08,time unavailable,H,Chicago Blackhawks,3,0,W,REG,7,7,0,W 1,23,13,1,0,29,9,0,0
15,2011-11-10,time unavailable,H,Toronto Maple Leafs,2,3,L,SO,7,7,1,L 1,40,8,1,0,22,12,2,0
16,2011-11-12,time unavailable,H,Tampa Bay Lightning,3,0,W,REG,8,7,1,W 1,24,12,0,1,19,10,0,0
17,2011-11-15,time unavailable,H,Detroit Red Wings,2,1,W,REG,9,7,1,W 2,37,25,1,0,22,8,0,0
18,2011-11-17,time unavailable,H,Florida Panthers,4,1,W,REG,10,7,1,W 3,31,19,0,0,21,10,0,0
19,2011-11-19,time unavailable,@,Minnesota Wild,2,3,L,SO,10,7,2,L 1,27,4,0,0,32,4,1,1
20,2011-11-22,time unavailable,H,Los Angeles Kings,2,3,L,REG,10,8,2,L 2,25,17,0,0,28,17,1,0
21,2011-11-23,time unavailable,@,Pittsburgh Penguins,3,2,W,OT,11,8,2,W 1,43,13,0,0,33,17,1,0
22,2011-11-25,time unavailable,H,Calgary Flames,2,0,W,REG,12,8,2,W 2,24,11,0,1,24,7,0,0
23,2011-11-27,time unavailable,@,Columbus Blue Jackets,2,1,W,REG,13,8,2,W 3,29,13,1,0,24,15,0,0
24,2011-11-29,time unavailable,@,Washington Capitals,2,1,W,REG,14,8,2,W 4,30,9,0,0,19,13,0,0
25,2011-12-02,time unavailable,@,Colorado Avalanche,2,3,L,SO,14,8,3,L 1,37,10,1,0,35,8,0,0
26,2011-12-03,time unavailable,H,Chicago Blackhawks,2,5,L,REG,14,9,3,L 2,25,12,0,0,36,14,2,1
27,2011-12-06,time unavailable,H,Detroit Red Wings,3,2,W,REG,15,9,3,W 1,26,16,2,0,29,18,2,0
28,2011-12-08,time unavailable,H,Anaheim Ducks,4,2,W,REG,16,9,3,W 2,24,10,0,0,23,8,0,0
29,2011-12-10,time unavailable,H,San Jose Sharks,1,0,W,REG,17,9,3,W 3,19,10,1,0,24,10,0,0
30,2011-12-15,time unavailable,H,New York Rangers,4,1,W,REG,18,9,3,W 4,36,0,0,0,26,2,0,0
31,2011-12-17,time unavailable,@,Nashville Predators,1,2,L,SO,18,9,4,L 1,40,2,1,0,20,10,0,0
32,2011-12-18,time unavailable,H,Columbus Blue Jackets,6,4,W,REG,19,9,4,W 1,34,20,0,0,32,16,1,0
33,2011-12-21,time unavailable,@,Colorado Avalanche,2,3,L,REG,19,10,4,L 1,39,8,0,0,22,10,0,0
34,2011-12-23,time unavailable,@,Phoenix Coyotes,3,2,W,REG,20,10,4,W 1,18,8,0,0,26,16,0,0
35,2011-12-26,time unavailable,H,Dallas Stars,5,3,W,REG,21,10,4,W 2,38,11,2,0,23,11,0,0
36,2011-12-27,time unavailable,@,Detroit Red Wings,2,3,L,REG,21,11,4,L 1,31,12,2,0,32,12,1,0
37,2011-12-30,time unavailable,H,Nashville Predators,1,2,L,SO,21,11,5,L 2,36,4,0,0,34,8,0,0
38,2011-12-31,time unavailable,@,Detroit Red Wings,0,3,L,REG,21,12,5,L 3,31,13,0,0,31,11,0,0
39,2012-01-03,time unavailable,H,Phoenix Coyotes,4,1,W,REG,22,12,5,W 1,31,8,1,0,35,4,1,0
40,2012-01-05,time unavailable,H,Edmonton Oilers,4,3,W,REG,23,12,5,W 2,37,25,2,0,32,16,2,0
41,2012-01-07,time unavailable,H,Colorado Avalanche,4,0,W,REG,24,12,5,W 3,39,22,2,0,15,24,0,0
42,2012-01-10,time unavailable,@,Montreal Canadiens,3,0,W,REG,25,12,5,W 4,25,8,0,0,19,10,0,0
43,2012-01-12,time unavailable,H,Vancouver Canucks,2,3,L,OT,25,12,6,L 1,33,18,0,0,21,20,1,0
44,2012-01-14,time unavailable,H,Minnesota Wild,3,2,W,SO,26,12,6,W 1,49,39,1,0,31,27,1,0
45,2012-01-16,time unavailable,H,Dallas Stars,1,0,W,REG,27,12,6,W 2,32,13,0,0,22,15,0,0
46,2012-01-19,time unavailable,H,Edmonton Oilers,1,0,W,REG,28,12,6,W 3,38,11,0,0,15,17,0,0
47,2012-01-21,time unavailable,H,Buffalo Sabres,4,2,W,REG,29,12,6,W 4,27,17,1,0,21,15,1,0
48,2012-01-23,time unavailable,@,Detroit Red Wings,1,3,L,REG,29,13,6,L 1,22,49,0,0,28,11,2,0
49,2012-01-24,time unavailable,H,Pittsburgh Penguins,2,3,L,SO,29,13,7,L 2,34,10,0,1,39,8,1,0
50,2012-02-03,time unavailable,H,Los Angeles Kings,1,0,W,REG,30,13,7,W 1,33,2,0,0,22,2,0,0
51,2012-02-04,time unavailable,@,Nashville Predators,1,3,L,REG,30,14,7,L 1,43,9,0,0,37,9,1,0
52,2012-02-07,time unavailable,@,Ottawa Senators,3,1,W,REG,31,14,7,W 1,18,15,0,0,29,9,1,0
53,2012-02-09,time unavailable,@,New Jersey Devils,4,3,W,SO,32,14,7,W 2,26,6,0,0,27,15,1,0
54,2012-02-11,time unavailable,H,Colorado Avalanche,3,2,W,OT,33,14,7,W 3,44,4,2,0,19,10,1,0
55,2012-02-12,time unavailable,H,San Jose Sharks,3,0,W,REG,34,14,7,W 4,28,8,2,0,25,22,0,0
56,2012-02-14,time unavailable,@,Columbus Blue Jackets,1,2,L,REG,34,15,7,L 1,32,15,0,1,33,9,1,0
57,2012-02-16,time unavailable,H,New York Islanders,5,1,W,REG,35,15,7,W 1,26,10,2,0,27,6,0,0
58,2012-02-18,time unavailable,H,Minnesota Wild,4,0,W,REG,36,15,7,W 2,34,12,1,0,13,31,0,0
59,2012-02-19,time unavailable,@,Chicago Blackhawks,1,3,L,REG,36,16,7,L 1,30,23,0,0,27,19,0,0
60,2012-02-22,time unavailable,H,Boston Bruins,2,4,L,REG,36,17,7,L 2,32,7,0,0,19,7,0,0
61,2012-02-23,time unavailable,@,Nashville Predators,3,2,W,SO,37,17,7,W 1,24,2,0,0,27,2,0,0
62,2012-02-25,time unavailable,@,Winnipeg Jets,3,2,W,SO,38,17,7,W 2,16,2,0,0,41,2,0,0
63,2012-02-27,time unavailable,@,Calgary Flames,3,1,W,REG,39,17,7,W 3,24,13,2,0,21,13,0,0
64,2012-02-29,time unavailable,@,Edmonton Oilers,5,2,W,REG,40,17,7,W 4,31,9,1,0,24,28,0,0
65,2012-03-01,time unavailable,@,Vancouver Canucks,0,2,L,REG,40,18,7,L 1,29,4,0,0,24,4,0,0
66,2012-03-03,time unavailable,@,San Jose Sharks,3,1,W,REG,41,18,7,W 1,32,6,2,0,19,8,0,0
67,2012-03-06,time unavailable,H,Chicago Blackhawks,5,1,W,REG,42,18,7,W 2,31,15,1,1,20,9,0,0
68,2012-03-08,time unavailable,H,Anaheim Ducks,3,1,W,REG,43,18,7,W 3,27,6,2,0,25,8,0,0
69,2012-03-10,time unavailable,H,Columbus Blue Jackets,4,1,W,REG,44,18,7,W 4,29,32,2,0,22,26,0,0
70,2012-03-11,time unavailable,@,Columbus Blue Jackets,2,1,W,REG,45,18,7,W 5,26,23,0,0,34,15,0,0
71,2012-03-13,time unavailable,@,Chicago Blackhawks,3,4,L,SO,45,18,8,L 1,24,24,0,0,46,24,1,0
72,2012-03-15,time unavailable,@,Carolina Hurricanes,0,2,L,REG,45,19,8,L 2,40,14,0,0,30,10,0,0
73,2012-03-17,time unavailable,@,Tampa Bay Lightning,3,1,W,REG,46,19,8,W 1,21,6,1,1,23,4,0,0
74,2012-03-21,time unavailable,@,Anaheim Ducks,3,4,L,REG,46,20,8,L 1,38,10,0,0,22,6,1,0
75,2012-03-22,time unavailable,@,Los Angeles Kings,0,1,L,SO,46,20,9,L 2,35,9,0,0,37,11,0,0
76,2012-03-25,time unavailable,@,Phoenix Coyotes,4,0,W,REG,47,20,9,W 1,29,8,2,0,20,8,0,0
77,2012-03-27,time unavailable,H,Nashville Predators,3,0,W,REG,48,20,9,W 2,24,2,0,0,24,2,0,0
78,2012-03-29,time unavailable,@,Chicago Blackhawks,3,4,L,SO,48,20,10,L 1,20,4,0,0,40,2,0,0
79,2012-03-31,time unavailable,H,Columbus Blue Jackets,2,5,L,REG,48,21,10,L 2,36,41,0,0,33,23,2,0
80,2012-04-04,time unavailable,H,Detroit Red Wings,2,3,L,SO,48,21,11,L 3,29,21,0,1,28,4,0,0
81,2012-04-06,time unavailable,H,Phoenix Coyotes,1,4,L,REG,48,22,11,L 4,32,26,0,0,32,36,0,0
82,2012-04-07,time unavailable,@,Dallas Stars,3,2,W,REG,49,22,11,W 1,35,17,2,0,35,19,0,0

GP,Date,Time,Location,Opponent,GF,GA,Result,Game Ended In,W,L,Streak,S,PIM,PPG,SHG,S,PIM,PPG,SHG,Notes
1,2012-04-12,time unavailable,H,San Jose Sharks,2,3,L,2OT,0,1,L 1,42,8,1,0,34,8,1,0
2,2012-04-14,time unavailable,H,San Jose Sharks,3,0,W,REG,1,1,W 1,32,68,1,0,29,64,0,0
3,2012-04-16,time unavailable,@,San Jose Sharks,4,3,W,REG,2,1,W 2,27,10,3,0,29,10,1,0
4,2012-04-19,time unavailable,@,San Jose Sharks,2,1,W,REG,3,1,W 3,24,8,1,0,25,6,0,0
5,2012-04-21,time unavailable,H,San Jose Sharks,3,1,W,REG,4,1,W 4,27,9,0,0,27,9,0,0
6,2012-04-28,time unavailable,H,Los Angeles Kings,1,3,L,REG,4,2,L 1,29,20,0,0,29,6,0,1
7,2012-04-30,time unavailable,H,Los Angeles Kings,2,5,L,REG,4,3,L 2,29,57,0,0,21,51,0,1
8,2012-05-03,time unavailable,@,Los Angeles Kings,2,4,L,REG,4,4,L 3,20,15,0,0,22,9,1,0
9,2012-05-06,time unavailable,@,Los Angeles Kings,1,3,L,REG,4,5,L 4,24,17,0,0,19,13,0,0

Jason Arnott,,44,C,37,6-5,220,R/-,17,"October 11, 1974",ca,"17 G, 17 A, 34 P"
David Backes,(C),42,RW,27,6-3,221,R/-,5,"May 1, 1984",us,"24 G, 30 A, 54 P"
Patrik Berglund,,21,C,23,6-3,217,L/-,3,"June 2, 1988",se,"19 G, 19 A, 38 P"
Taylor Chorney,,43,D,24,6-1,190,L/-,3,"April 27, 1987",ca,"0 G, 0 A, 0 P"
Carlo Colaiacovo,,28,D,29,6-1,202,L/-,8,"January 27, 1983",ca,"2 G, 17 A, 19 P"
Ian Cole,,23,D,22,6-1,219,L/-,1,"February 21, 1989",us,"1 G, 5 A, 6 P"
Adam Cracknell,,79,RW,26,6-2,210,R/-,1,"July 15, 1985",ca,"1 G, 0 A, 1 P"
B.J. Crombeen,,26,RW,26,6-2,209,R/-,4,"July 10, 1985",us,"1 G, 2 A, 3 P"
Matt D'Agostini,,36,RW,25,6-0,198,R/-,4,"October 23, 1986",ca,"9 G, 9 A, 18 P"
Brian Elliott,,1,G,26,6-2,209,-/L,4,"April 9, 1985",ca,"23-10-4, 1.56 GAA"
Cade Fairchild,,82,D,23,5-11,175,L/-,R,"January 15, 1989",us,"0 G, 1 A, 1 P"
Evgeny Grachev,,78,C,21,6-4,225,L/-,1,"February 21, 1990",su,"1 G, 3 A, 4 P"
Jaroslav Halak,,41,G,26,5-11,181,-/L,5,"May 13, 1985",cs,"26-12-7, 1.97 GAA"
Kent Huskins,,6,D,32,6-4,210,L/-,5,"May 4, 1979",ca,"2 G, 5 A, 7 P"
Barret Jackman,,5,D,30,6-0,203,L/-,9,"March 5, 1981",ca,"1 G, 12 A, 13 P"
Jamie Langenbrunner,,15,RW,36,6-1,205,R/-,16,"July 24, 1975",us,"6 G, 18 A, 24 P"
Andy McDonald,,10,C,34,5-10,175,L/-,10,"August 25, 1977",ca,"10 G, 12 A, 22 P"
Scott Nichol,,12,C,37,5-8,179,R/-,11,"December 31, 1974",ca,"3 G, 5 A, 8 P"
Nikita Nikitin,,64,D,25,6-4,217,L/-,1,"June 16, 1986",su,"0 G, 0 A, 0 P"
T.J. Oshie,,74,C,25,5-11,189,R/-,3,"December 23, 1986",us,"19 G, 35 A, 54 P"
David Perron,,57,LW,23,6-0,200,R/-,4,"May 28, 1988",ca,"21 G, 21 A, 42 P"
Alex Pietrangelo,,27,D,22,6-3,210,R/-,3,"January 18, 1990",ca,"12 G, 39 A, 51 P"
Roman Polak,,46,D,25,6-0,237,R/-,5,"April 28, 1986",cs,"0 G, 11 A, 11 P"
Chris Porter,,32,C,27,6-1,206,L/-,2,"May 29, 1984",ca,"4 G, 3 A, 7 P"
Ryan Reaves,,75,RW,25,6-1,224,R/-,1,"January 20, 1987",ca,"3 G, 1 A, 4 P"
Kris Russell,,4,D,24,5-10,170,L/-,4,"May 2, 1987",ca,"4 G, 5 A, 9 P"
Jaden Schwartz,,9,C,19,5-10,190,L/-,R,"June 25, 1992",ca,"2 G, 1 A, 3 P"
Kevin Shattenkirk,,22,D,23,6-0,202,R/-,1,"January 29, 1989",us,"9 G, 34 A, 43 P"
Vladimir Sobotka,,17,C,24,5-10,197,L/-,4,"July 2, 1987",cs,"5 G, 15 A, 20 P"
Alex Steen,,20,C,27,5-11,212,L/-,6,"March 1, 1984",ca,"15 G, 13 A, 28 P"
Brett Sterling,,29,LW,27,5-7,175,L/-,3,"April 24, 1984",us,"0 G, 0 A, 0 P"
Chris Stewart,,25,RW,24,6-2,231,R/-,3,"October 30, 1987",ca,"15 G, 15 A, 30 P"
