Boston Bruins,BOS,nhl
1947-48,1948
23
60
5
GP,Date,Time,Location,Opponent,GF,GA,Result,Game Ended In,W,L,T,Streak,Notes
1,1947-10-19,time unavailable,H,New York Rangers,3,1,W,REG,1,0,0,W 1
2,1947-10-22,time unavailable,H,Montreal Canadiens,3,1,W,REG,2,0,0,W 2
3,1947-10-25,time unavailable,@,Montreal Canadiens,0,5,L,REG,2,1,0,L 1
4,1947-10-26,time unavailable,H,Chicago Black Hawks,3,2,W,REG,3,1,0,W 1
5,1947-10-29,time unavailable,@,New York Rangers,3,1,W,REG,4,1,0,W 2
6,1947-11-01,time unavailable,@,Toronto Maple Leafs,1,1,T,REG,4,1,1,T 1
7,1947-11-02,time unavailable,@,Detroit Red Wings,2,3,L,REG,4,2,1,L 1
8,1947-11-05,time unavailable,@,Chicago Black Hawks,2,1,W,REG,5,2,1,W 1
9,1947-11-12,time unavailable,@,New York Rangers,8,2,W,REG,6,2,1,W 2
10,1947-11-15,time unavailable,@,Montreal Canadiens,9,1,W,REG,7,2,1,W 3
11,1947-11-16,time unavailable,H,Detroit Red Wings,1,2,L,REG,7,3,1,L 1
12,1947-11-19,time unavailable,H,Toronto Maple Leafs,7,2,W,REG,8,3,1,W 1
13,1947-11-22,time unavailable,@,Toronto Maple Leafs,3,4,L,REG,8,4,1,L 1
14,1947-11-23,time unavailable,H,Montreal Canadiens,2,2,T,REG,8,4,2,T 1
15,1947-11-26,time unavailable,@,Chicago Black Hawks,3,5,L,REG,8,5,2,L 1
16,1947-11-27,time unavailable,@,Detroit Red Wings,1,4,L,REG,8,6,2,L 2
17,1947-11-30,time unavailable,H,Toronto Maple Leafs,0,0,T,REG,8,6,3,T 1
18,1947-12-03,time unavailable,H,Chicago Black Hawks,4,4,T,REG,8,6,4,T 2
19,1947-12-06,time unavailable,H,New York Rangers,5,5,T,REG,8,6,5,T 3
20,1947-12-07,time unavailable,H,Montreal Canadiens,1,0,W,REG,9,6,5,W 1
21,1947-12-10,time unavailable,@,Chicago Black Hawks,5,6,L,REG,9,7,5,L 1
22,1947-12-14,time unavailable,H,Toronto Maple Leafs,1,1,T,REG,9,7,6,T 1
23,1947-12-17,time unavailable,@,New York Rangers,2,5,L,REG,9,8,6,L 1
24,1947-12-20,time unavailable,@,Montreal Canadiens,4,2,W,REG,10,8,6,W 1
25,1947-12-21,time unavailable,H,Detroit Red Wings,5,6,L,REG,10,9,6,L 1
26,1947-12-25,time unavailable,H,Chicago Black Hawks,1,6,L,REG,10,10,6,L 2
27,1947-12-27,time unavailable,@,Toronto Maple Leafs,1,2,L,REG,10,11,6,L 3
28,1947-12-28,time unavailable,@,Detroit Red Wings,0,3,L,REG,10,12,6,L 4
29,1947-12-31,time unavailable,@,New York Rangers,3,7,L,REG,10,13,6,L 5
30,1948-01-01,time unavailable,H,New York Rangers,4,1,W,REG,11,13,6,W 1
31,1948-01-03,time unavailable,@,Montreal Canadiens,2,2,T,REG,11,13,7,T 1
32,1948-01-10,time unavailable,@,Detroit Red Wings,4,1,W,REG,12,13,7,W 1
33,1948-01-11,time unavailable,@,Chicago Black Hawks,1,4,L,REG,12,14,7,L 1
34,1948-01-14,time unavailable,H,Detroit Red Wings,3,3,T,REG,12,14,8,T 1
35,1948-01-17,time unavailable,@,Toronto Maple Leafs,1,4,L,REG,12,15,8,L 1
36,1948-01-18,time unavailable,H,Montreal Canadiens,1,1,T,REG,12,15,9,T 1
37,1948-01-21,time unavailable,H,Toronto Maple Leafs,2,1,W,REG,13,15,9,W 1
38,1948-01-25,time unavailable,H,New York Rangers,6,4,W,REG,14,15,9,W 2
39,1948-01-28,time unavailable,H,Detroit Red Wings,2,4,L,REG,14,16,9,L 1
40,1948-01-31,time unavailable,H,Chicago Black Hawks,4,7,L,REG,14,17,9,L 2
41,1948-02-01,time unavailable,H,Montreal Canadiens,0,3,L,REG,14,18,9,L 3
42,1948-02-04,time unavailable,H,Toronto Maple Leafs,2,4,L,REG,14,19,9,L 4
43,1948-02-08,time unavailable,@,Detroit Red Wings,3,1,W,REG,15,19,9,W 1
44,1948-02-11,time unavailable,H,Chicago Black Hawks,0,3,L,REG,15,20,9,L 1
45,1948-02-14,time unavailable,H,New York Rangers,4,4,T,REG,15,20,10,T 1
46,1948-02-15,time unavailable,H,Detroit Red Wings,3,1,W,REG,16,20,10,W 1
47,1948-02-18,time unavailable,@,Chicago Black Hawks,4,2,W,REG,17,20,10,W 2
48,1948-02-21,time unavailable,@,Montreal Canadiens,3,1,W,REG,18,20,10,W 3
49,1948-02-22,time unavailable,@,New York Rangers,1,4,L,REG,18,21,10,L 1
50,1948-02-25,time unavailable,@,Toronto Maple Leafs,2,4,L,REG,18,22,10,L 2
51,1948-02-29,time unavailable,@,Chicago Black Hawks,1,5,L,REG,18,23,10,L 3
52,1948-03-03,time unavailable,H,Chicago Black Hawks,4,4,T,REG,18,23,11,T 1
53,1948-03-04,time unavailable,@,Montreal Canadiens,1,1,T,REG,18,23,12,T 2
54,1948-03-07,time unavailable,H,Toronto Maple Leafs,3,1,W,REG,19,23,12,W 1
55,1948-03-10,time unavailable,H,New York Rangers,6,3,W,REG,20,23,12,W 2
56,1948-03-13,time unavailable,@,Toronto Maple Leafs,2,5,L,REG,20,24,12,L 1
57,1948-03-14,time unavailable,@,Detroit Red Wings,5,1,W,REG,21,24,12,W 1
58,1948-03-16,time unavailable,@,New York Rangers,6,2,W,REG,22,24,12,W 2
59,1948-03-17,time unavailable,H,Detroit Red Wings,0,0,T,REG,22,24,13,T 1
60,1948-03-21,time unavailable,H,Montreal Canadiens,4,3,W,REG,23,24,13,W 1

GP,Date,Time,Location,Opponent,GF,GA,Result,Game Ended In,W,L,T,Streak,Notes
1,1948-03-24,time unavailable,@,Toronto Maple Leafs,4,5,L,OT,0,1,0,L 1
2,1948-03-27,time unavailable,@,Toronto Maple Leafs,3,5,L,REG,0,2,0,L 2
3,1948-03-30,time unavailable,H,Toronto Maple Leafs,1,5,L,REG,0,3,0,L 3
4,1948-04-01,time unavailable,H,Toronto Maple Leafs,3,2,W,REG,1,3,0,W 1
5,1948-04-03,time unavailable,@,Toronto Maple Leafs,2,3,L,REG,1,4,0,L 1

Pete Babando,,n/a,LW,22,5-9,187,L/-,R,"May 10, 1925",us,"23 G, 11 A, 34 P"
Frank Brimsek,,n/a,G,32,5-9,170,-/L,7,"September 26, 1915",us,"23-24-13, 2.80 GAA"
Joe Carveth,,n/a,RW,29,5-10,180,R/-,7,"March 21, 1918",ca,"8 G, 9 A, 17 P"
Jack Crawford,(C),n/a,D,31,5-11,200,R/-,10,"October 26, 1916",ca,"3 G, 11 A, 14 P"
Woody Dumart,,n/a,LW,31,6-0,190,L/-,9,"December 23, 1916",ca,"21 G, 16 A, 37 P"
Pat Egan,,n/a,D,29,5-10,195,R/-,7,"April 25, 1918",ca,"8 G, 11 A, 19 P"
Fern Flaman,,n/a,D,21,5-10,190,R/-,3,"January 25, 1927",ca,"4 G, 6 A, 10 P"
Don Gallinger,,n/a,C,22,6-0,170,L/-,4,"April 16, 1925",ca,"10 G, 21 A, 31 P"
Ed Harrison,,n/a,RW,20,6-0,165,L/-,R,"July 25, 1927",ca,"6 G, 7 A, 13 P"
Murray Henderson,,n/a,D/RW,26,6-0,180,L/-,3,"September 5, 1921",ca,"6 G, 8 A, 14 P"
Arnie Kullman,,n/a,C,20,5-7,170,L/-,R,"October 9, 1927",ca,"0 G, 0 A, 0 P"
Ray Manson,,n/a,LW,21,5-11,180,L/-,R,"December 3, 1926",ca,"0 G, 0 A, 0 P"
Clare Martin,,n/a,D,25,5-11,180,R/-,2,"February 25, 1922",ca,"5 G, 13 A, 18 P"
Johnny Peirson,,n/a,RW,22,5-11,170,R/-,1,"July 21, 1925",ca,"4 G, 2 A, 6 P"
Jimmy Peters,,n/a,RW,25,5-11,165,R/-,2,"October 2, 1922",ca,"12 G, 15 A, 27 P"
John Quilty,,n/a,C,27,5-10,175,L/-,3,"January 21, 1921",ca,"3 G, 2 A, 5 P"
Paul Ronty,,n/a,C,19,6-0,160,L/-,R,"June 12, 1928",ca,"3 G, 11 A, 14 P"
Ed Sandford,,n/a,LW,19,6-1,180,R/-,R,"August 20, 1928",ca,"10 G, 15 A, 25 P"
Milt Schmidt,,n/a,C,29,6-0,185,L/-,8,"March 5, 1918",ca,"9 G, 17 A, 26 P"
Ken Smith,,n/a,LW,23,5-7,150,L/-,3,"May 8, 1924",ca,"11 G, 12 A, 23 P"
Billy Taylor,,n/a,C,28,5-9,150,R/-,6,"May 3, 1919",ca,"4 G, 16 A, 20 P"
Grant Warwick,,n/a,RW,26,5-6,155,R/-,6,"October 11, 1921",ca,"6 G, 5 A, 11 P"
Wally Wilson,,n/a,C,26,5-11,165,R/-,R,"May 25, 1921",ca,"11 G, 8 A, 19 P"
