Detroit Red Wings,DET,nhl
1947-48,1948
25
60
6,4
GP,Date,Time,Location,Opponent,GF,GA,Result,Game Ended In,W,L,T,Streak,Notes
1,1947-10-15,time unavailable,H,Chicago Black Hawks,4,2,W,REG,1,0,0,W 1
2,1947-10-18,time unavailable,@,Toronto Maple Leafs,2,2,T,REG,1,0,1,T 1
3,1947-10-19,time unavailable,H,Toronto Maple Leafs,2,0,W,REG,2,0,1,W 1
4,1947-10-26,time unavailable,H,Montreal Canadiens,2,4,L,REG,2,1,1,L 1
5,1947-10-29,time unavailable,@,Chicago Black Hawks,5,2,W,REG,3,1,1,W 1
6,1947-11-01,time unavailable,@,New York Rangers,3,4,L,REG,3,2,1,L 1
7,1947-11-02,time unavailable,H,Boston Bruins,3,2,W,REG,4,2,1,W 1
8,1947-11-06,time unavailable,H,New York Rangers,2,1,W,REG,5,2,1,W 2
9,1947-11-08,time unavailable,@,Montreal Canadiens,3,1,W,REG,6,2,1,W 3
10,1947-11-09,time unavailable,H,Toronto Maple Leafs,0,6,L,REG,6,3,1,L 1
11,1947-11-15,time unavailable,@,Toronto Maple Leafs,3,5,L,REG,6,4,1,L 2
12,1947-11-16,time unavailable,@,Boston Bruins,2,1,W,REG,7,4,1,W 1
13,1947-11-19,time unavailable,H,New York Rangers,5,6,L,REG,7,5,1,L 1
14,1947-11-22,time unavailable,H,Chicago Black Hawks,8,5,W,REG,8,5,1,W 1
15,1947-11-23,time unavailable,@,Chicago Black Hawks,9,3,W,REG,9,5,1,W 2
16,1947-11-27,time unavailable,H,Boston Bruins,4,1,W,REG,10,5,1,W 3
17,1947-11-30,time unavailable,H,Montreal Canadiens,1,1,T,REG,10,5,2,T 1
18,1947-12-06,time unavailable,@,Montreal Canadiens,0,4,L,REG,10,6,2,L 1
19,1947-12-07,time unavailable,@,New York Rangers,1,3,L,REG,10,7,2,L 2
20,1947-12-10,time unavailable,H,Toronto Maple Leafs,2,2,T,REG,10,7,3,T 1
21,1947-12-13,time unavailable,H,Chicago Black Hawks,4,3,W,REG,11,7,3,W 1
22,1947-12-14,time unavailable,@,New York Rangers,1,1,T,REG,11,7,4,T 1
23,1947-12-17,time unavailable,@,Chicago Black Hawks,7,1,W,REG,12,7,4,W 1
24,1947-12-20,time unavailable,@,Toronto Maple Leafs,4,4,T,REG,12,7,5,T 1
25,1947-12-21,time unavailable,@,Boston Bruins,6,5,W,REG,13,7,5,W 1
26,1947-12-25,time unavailable,H,New York Rangers,0,2,L,REG,13,8,5,L 1
27,1947-12-28,time unavailable,H,Boston Bruins,3,0,W,REG,14,8,5,W 1
28,1947-12-31,time unavailable,H,Chicago Black Hawks,4,0,W,REG,15,8,5,W 2
29,1948-01-01,time unavailable,@,Chicago Black Hawks,4,1,W,REG,16,8,5,W 3
30,1948-01-04,time unavailable,H,Montreal Canadiens,6,2,W,REG,17,8,5,W 4
31,1948-01-07,time unavailable,H,New York Rangers,6,0,W,REG,18,8,5,W 5
32,1948-01-08,time unavailable,@,Montreal Canadiens,1,1,T,REG,18,8,6,T 1
33,1948-01-10,time unavailable,H,Boston Bruins,1,4,L,REG,18,9,6,L 1
34,1948-01-11,time unavailable,H,Toronto Maple Leafs,2,2,T,REG,18,9,7,T 1
35,1948-01-14,time unavailable,@,Boston Bruins,3,3,T,REG,18,9,8,T 2
36,1948-01-18,time unavailable,H,Chicago Black Hawks,4,5,L,REG,18,10,8,L 1
37,1948-01-21,time unavailable,@,New York Rangers,4,3,W,REG,19,10,8,W 1
38,1948-01-24,time unavailable,@,Montreal Canadiens,5,1,W,REG,20,10,8,W 2
39,1948-01-25,time unavailable,H,Montreal Canadiens,1,0,W,REG,21,10,8,W 3
40,1948-01-28,time unavailable,@,Boston Bruins,4,2,W,REG,22,10,8,W 4
41,1948-01-31,time unavailable,@,Toronto Maple Leafs,2,3,L,REG,22,11,8,L 1
42,1948-02-01,time unavailable,H,Toronto Maple Leafs,3,0,W,REG,23,11,8,W 1
43,1948-02-03,time unavailable,@,Chicago Black Hawks,4,1,W,REG,24,11,8,W 2
44,1948-02-04,time unavailable,H,New York Rangers,4,4,T,REG,24,11,9,T 1
45,1948-02-07,time unavailable,@,Montreal Canadiens,5,3,W,REG,25,11,9,W 1
46,1948-02-08,time unavailable,H,Boston Bruins,1,3,L,REG,25,12,9,L 1
47,1948-02-15,time unavailable,@,Boston Bruins,1,3,L,REG,25,13,9,L 2
48,1948-02-18,time unavailable,@,New York Rangers,3,1,W,REG,26,13,9,W 1
49,1948-02-21,time unavailable,@,Toronto Maple Leafs,2,3,L,REG,26,14,9,L 1
50,1948-02-22,time unavailable,H,Montreal Canadiens,4,3,W,REG,27,14,9,W 1
51,1948-02-28,time unavailable,@,Montreal Canadiens,5,2,W,REG,28,14,9,W 2
52,1948-03-03,time unavailable,H,New York Rangers,4,2,W,REG,29,14,9,W 3
53,1948-03-06,time unavailable,H,Montreal Canadiens,2,2,T,REG,29,14,10,T 1
54,1948-03-07,time unavailable,@,New York Rangers,2,2,T,REG,29,14,11,T 2
55,1948-03-09,time unavailable,@,Chicago Black Hawks,1,4,L,REG,29,15,11,L 1
56,1948-03-10,time unavailable,H,Chicago Black Hawks,7,2,W,REG,30,15,11,W 1
57,1948-03-14,time unavailable,H,Boston Bruins,1,5,L,REG,30,16,11,L 1
58,1948-03-17,time unavailable,@,Boston Bruins,0,0,T,REG,30,16,12,T 1
59,1948-03-20,time unavailable,@,Toronto Maple Leafs,3,5,L,REG,30,17,12,L 1
60,1948-03-21,time unavailable,H,Toronto Maple Leafs,2,5,L,REG,30,18,12,L 2

GP,Date,Time,Location,Opponent,GF,GA,Result,Game Ended In,W,L,T,Streak,Notes
1,1948-03-24,time unavailable,H,New York Rangers,2,1,W,REG,1,0,0,W 1
2,1948-03-26,time unavailable,H,New York Rangers,5,2,W,REG,2,0,0,W 2
3,1948-03-28,time unavailable,@,New York Rangers,2,3,L,REG,2,1,0,L 1
4,1948-03-30,time unavailable,@,New York Rangers,1,3,L,REG,2,2,0,L 2
5,1948-04-01,time unavailable,H,New York Rangers,3,1,W,REG,3,2,0,W 1
6,1948-04-04,time unavailable,@,New York Rangers,4,2,W,REG,4,2,0,W 2
7,1948-04-07,time unavailable,@,Toronto Maple Leafs,3,5,L,REG,4,3,0,L 1
8,1948-04-10,time unavailable,@,Toronto Maple Leafs,2,4,L,REG,4,4,0,L 2
9,1948-04-11,time unavailable,H,Toronto Maple Leafs,0,2,L,REG,4,5,0,L 3
10,1948-04-14,time unavailable,H,Toronto Maple Leafs,2,7,L,REG,4,6,0,L 4

Sid Abel,(C),n/a,C,29,5-11,170,L/-,7,"February 22, 1918",ca,"14 G, 30 A, 44 P"
Eddie Bruneteau,,n/a,RW,28,5-9,172,R/-,5,"August 1, 1919",ca,"1 G, 1 A, 2 P"
Jim Conacher,,n/a,C,26,5-10,155,L/-,2,"May 5, 1921",gb,"17 G, 23 A, 40 P"
Gerry Couture,,n/a,RW,22,6-2,185,R/-,2,"August 6, 1925",ca,"3 G, 6 A, 9 P"
Fern Gauthier,,n/a,RW,28,5-11,175,R/-,4,"August 31, 1919",ca,"1 G, 5 A, 6 P"
Bep Guidolin,,n/a,LW,22,5-8,175,L/-,4,"December 9, 1925",ca,"12 G, 10 A, 22 P"
Pete Horeck,,n/a,LW,24,5-9,158,L/-,3,"June 15, 1923",ca,"12 G, 17 A, 29 P"
Gordie Howe,,9-17,RW,19,6-0,205,R/-,1,"March 31, 1928",ca,"16 G, 28 A, 44 P"
Red Kelly,,n/a,D,20,5-11,180,L/-,R,"July 9, 1927",ca,"6 G, 14 A, 20 P"
Ted Lindsay,,n/a,LW,22,5-8,163,L/-,3,"July 29, 1925",ca,"33 G, 19 A, 52 P"
Harry Lumley,,n/a,G,21,6-0,195,-/L,4,"November 11, 1926",ca,"30-18-12, 2.46 GAA"
Pat Lundy,,n/a,C,23,5-11,170,R/-,2,"May 21, 1924",ca,"4 G, 1 A, 5 P"
Doug McCaig,,n/a,D,28,6-0,190,R/-,3,"February 24, 1919",ca,"3 G, 3 A, 6 P"
Jim McFadden,,n/a,C,27,5-7,178,L/-,R,"April 15, 1920",ie,"24 G, 24 A, 48 P"
Tom McGrattan,,n/a,G,20,6-2,170,-/L,R,"October 19, 1927",ca,"0-0-0, 7.50 GAA"
Max McNab,,n/a,C,23,6-2,179,L/-,R,"June 21, 1924",ca,"2 G, 2 A, 4 P"
Don Morrison,,n/a,C,24,5-10,165,R/-,R,"July 14, 1923",ca,"10 G, 15 A, 25 P"
Rod Morrison,,n/a,RW,22,5-9,160,R/-,R,"October 7, 1925",ca,"8 G, 7 A, 15 P"
Ed Nicholson,,n/a,D,24,5-8,180,L/-,R,"September 9, 1923",ca,"0 G, 0 A, 0 P"
Marty Pavelich,,n/a,LW,20,5-11,168,L/-,R,"November 6, 1927",ca,"4 G, 8 A, 12 P"
Bill Quackenbush,,n/a,D,25,5-11,190,L/-,5,"March 2, 1922",ca,"6 G, 16 A, 22 P"
Leo Reise,,n/a,D,25,6-0,205,L/-,2,"June 7, 1922",ca,"5 G, 4 A, 9 P"
Enio Sclisizzi,,n/a,LW,22,5-10,170,L/-,R,"August 1, 1925",ca,"1 G, 0 A, 1 P"
Jack Stewart,,n/a,D,30,5-10,190,L/-,7,"May 6, 1917",ca,"5 G, 14 A, 19 P"
Barry Sullivan,,n/a,RW,20,6-0,185,R/-,R,"September 21, 1927",ca,"0 G, 0 A, 0 P"
