INFO:
teamName,DE-wait-for-it-NIED
teamAbbreviation,DE-wait-for-it-NIED
sportId,n/a
sportName,n/a
sportRules,n/a
leagueId,watMu
levelId,n/a
seasonName,n/a
seasonId,n/a
Roster Size,13
Season Games Played,6
Playoff Round Lengths,1
END_INFO

SEASON:
Date/Time,Location,Opposing Team,Score,S.O.C.
Sat Sep 26 @ 3:00 pm,Village Green,C1V1L This,tie 7 - 7,avg.
Sat Sep 26 @ 4:00 pm,Village Green,Child Please,lost 35 - 0,4
Thu Oct 8 @ 3:00 pm,Village Green,C1V1L This,won 0 - 7,avg.
Thu Oct 15 @ 3:00 pm,Village Green,Child Please,lost 49 - 21,4
Thu Oct 22 @ 4:00 pm,Village Green,Victorious Secret,won 7 - 0,avg.
Thu Oct 29 @ 5:00 pm,Village Green,Victorious Secret,lost 21 - 42,4
END_SEASON

PLAYOFFS:
Date/Time,Location,Opposing Team,Score,S.O.C.
Sat Nov 7 @ 2:00 pm,Columbia Icefield: Field 1,Slica Home Skillets,lost 7 - 21,2
END_PLAYOFFS

ROSTER:
Player,Captaincy,uwaterloo_email
Arush Kuthiala,(C),arushkuthiala@hotmail.com
Minwoo Choi,,
Daivik Doshi,,
Guru Guruganesh,,
Jennifer Huynh,,
Ashna Jain,,
Hao Lei,,
Constance Li,,
Stephanie Sinclair,,
Sergiu Toarca,,
Matthew Wang,,
Nicole Williams,,
Tony Zhuang,,
END_ROSTER
