INFO:
teamName,TNT
teamAbbreviation,TNT
sportId,n/a
sportName,n/a
sportRules,n/a
leagueId,watMu
levelId,n/a
seasonName,n/a
seasonId,n/a
Roster Size,13
Season Games Played,7
Playoff Round Lengths,1
END_INFO

SEASON:
Date/Time,Location,Opposing Team,Score,S.O.C.
Thu Sep 24 @ 6:00 pm,Village Green,Child Please,lost 28 - 42,2
Thu Oct 8 @ 6:00 pm,Village Green,AHS-Holes,lost 42 - 35,4
Thu Oct 22 @ 5:00 pm,Village Green,Drift Kings,won 56 - 49,4
Sat Oct 24 @ 5:00 pm,Village Green,Twin City Legends,lost 28 - 49,4
Sat Oct 31 @ 4:00 pm,Village Green,Intermediate Individuals,lost 7 - 0,-2
Sun Nov 1 @ 1:00 pm,Columbia Icefield: Field 7,Da Bys,lost 0 - 7,0
Sat Oct 17 @ 5:00 pm,Village Green,Da Bys,won 49 - 28,3
END_SEASON

PLAYOFFS:
Date/Time,Location,Opposing Team,Score,S.O.C.
Thu Nov 5 @ 4:00 pm,Village Green,C1V1L This,lost 28 - 14,2
END_PLAYOFFS

ROSTER:
Player,Captaincy,uwaterloo_email
Jeffrey Ma,(C),jeffreyma8@gmail.com
Shyam Baskaran,,
Nathanael Cheung,,
Harsh Dave,,
Cyril Francis,,
Ke Hou,,
Kevin Kang,,
Angad Koacher,,
Phi Nguyen,,
Shekhar Saxena,,
Franc Vodopivec,,
Kang Zeng,,
Vaso Zurovac,,
END_ROSTER
