INFO:
teamName,AHS-Holes
teamAbbreviation,AHS-Holes
sportId,n/a
sportName,n/a
sportRules,n/a
leagueId,watMu
levelId,n/a
seasonName,n/a
seasonId,n/a
Roster Size,15
Season Games Played,8
Playoff Round Lengths,1
END_INFO

SEASON:
Date/Time,Location,Opposing Team,Score,S.O.C.
Thu Oct 1 @ 6:00 pm,Village Green,Intermediate Individuals,won 14 - 28,4
Sat Oct 3 @ 2:00 pm,Village Green,Awesome Possums,,
Sat Oct 3 @ 6:00 pm,Village Green,Team Ridiculous,,
Thu Oct 8 @ 6:00 pm,Village Green,TNT,won 42 - 35,2
Sat Oct 24 @ 1:00 pm,Village Green,Drift Kings,lost 35 - 42,4
Sat Oct 31 @ 5:00 pm,Village Green,Slica Home Skillets,won 42 - 28,4
Sun Nov 1 @ 3:00 pm,Columbia Icefield: Field 7,Team Ridiculous,tie 35 - 35,4
Sun Nov 1 @ 4:00 pm,Columbia Icefield: Field 7,Awesome Possums,lost 14 - 21,4
END_SEASON

PLAYOFFS:
Date/Time,Location,Opposing Team,Score,S.O.C.
Sat Nov 7 @ 10:00 am,Columbia Icefield: Field 1,Child Please,lost 7 - 0,0
END_PLAYOFFS

ROSTER:
Player,Captaincy,uwaterloo_email
Ryan Scott,(C),scott_ryan99@hotmail.com
Alexandra Bahlsen,,
James Buchanan,,
Brent Golem,,
William Hillock,,
Yang Li,,
Randy Luciano,,
Robert Lyle,,
Daniel O’Driscoll,,
Andrij Pasche-Arabczuk,,
Eric Reid,,
Mark Santos,,
Justin Scidmore,,
Katelin Stephens,,
Muriel Youngs,,
END_ROSTER
