INFO:
teamName,C1V1L This
teamAbbreviation,C1V1L This
sportId,n/a
sportName,n/a
sportRules,n/a
leagueId,watMu
levelId,n/a
seasonName,n/a
seasonId,n/a
Roster Size,13
Season Games Played,6
Playoff Round Lengths,1,1,1
END_INFO

SEASON:
Date/Time,Location,Opposing Team,Score,S.O.C.
Sat Sep 26 @ 3:00 pm,Village Green,DE-wait-for-it-NIED,tie 7 - 7,0
Thu Oct 1 @ 4:00 pm,Village Green,Flag Monsters,lost 42 - 21,4
Thu Oct 1 @ 5:00 pm,Village Green,Victorious Secret,won 49 - 21,3
Thu Oct 8 @ 3:00 pm,Village Green,DE-wait-for-it-NIED,lost 0 - 7,0
Thu Oct 8 @ 4:00 pm,Village Green,Child Please,lost 7 - 0,0
Thu Oct 29 @ 3:00 pm,Village Green,Flag Monsters,lost 49 - 42,2
END_SEASON

PLAYOFFS:
Date/Time,Location,Opposing Team,Score,S.O.C.
Thu Nov 5 @ 4:00 pm,Village Green,TNT,won 28 - 14,2
Sat Nov 7 @ 3:00 pm,Columbia Icefield: Field 1,Da Bys,won 14 - 28,2
Sat Nov 7 @ 4:00 pm,Columbia Icefield: Field 1,Slica Home Skillets,lost 35 - 14,2
END_PLAYOFFS

ROSTER:
Player,Captaincy,uwaterloo_email
Trevor Ireton,(C),iretont@gmail.com
Michael Andrews,,
Adam Attia,,
Dillon Baratta,,
Patrick Cutten,,
Victor Garcia,,
Sebastien Gobeil,,
Scott Grieve,,
Eric Noort,,
Bradley Stam,,
Ponsuge Tissera,,
Dallas Willms,,
Paul Wright,,
END_ROSTER
