INFO:
teamName,Victorious Secret
teamAbbreviation,Victorious Secret
sportId,n/a
sportName,n/a
sportRules,n/a
leagueId,watMu
levelId,n/a
seasonName,n/a
seasonId,n/a
Roster Size,13
Season Games Played,7
Playoff Round Lengths,1
END_INFO

SEASON:
Date/Time,Location,Opposing Team,Score,S.O.C.
Thu Oct 1 @ 5:00 pm,Village Green,C1V1L This,lost 49 - 21,3
Thu Oct 8 @ 5:00 pm,Village Green,Flag Monsters,lost 49 - 21,4
Thu Oct 15 @ 4:00 pm,Village Green,Flag Monsters,lost 42 - 28,4
Thu Oct 22 @ 4:00 pm,Village Green,DE-wait-for-it-NIED,lost 7 - 0,0
Thu Oct 29 @ 4:00 pm,Village Green,Child Please,lost 63 - 35,4
Thu Oct 29 @ 5:00 pm,Village Green,DE-wait-for-it-NIED,won 21 - 42,4
Thu Nov 5 @ 3:00 pm,Village Green,Flag Monsters,lost 0 - 35,2
END_SEASON

PLAYOFFS:
Date/Time,Location,Opposing Team,Score,S.O.C.
Sat Nov 7 @ 1:00 pm,Columbia Icefield: Field 1,Slica Home Skillets,lost 0 - 1,2
END_PLAYOFFS

ROSTER:
Player,Captaincy,uwaterloo_email
Alexander Cardno,(C),ancardno@uwaterloo.ca
Josiah Allen,,
Gwynne Burgess,,
Jay Desai,,
Rajdeep Malhi,,
Amanda Masse,,
James Pinto,,
Ronuk Raval,,
Benjamin Shepherd,,
John Short,,
Karan Sidhar,,
Shannon Stack,,
Monica Voisin,,
END_ROSTER
