INFO:
teamName,Slica Home Skillets
teamAbbreviation,Slica Home Skillets
sportId,n/a
sportName,n/a
sportRules,n/a
leagueId,watMu
levelId,n/a
seasonName,n/a
seasonId,n/a
Roster Size,14
Season Games Played,8
Playoff Round Lengths,1,1,1
END_INFO

SEASON:
Date/Time,Location,Opposing Team,Score,S.O.C.
Sat Sep 26 @ 12:00 pm,Village Green,Team Ridiculous,lost 42 - 14,3
Sat Oct 3 @ 3:00 pm,Village Green,Drift Kings,,
Sat Oct 17 @ 1:00 pm,Village Green,Intermediate Individuals,won 21 - 28,2
Sat Oct 17 @ 3:00 pm,Village Green,Bad Newz Kennels,lost 7 - 21,0
Sat Oct 31 @ 3:00 pm,Village Green,Awesome Possums,lost 28 - 35,4
Sat Oct 31 @ 5:00 pm,Village Green,AHS-Holes,lost 42 - 28,4
Sun Nov 1 @ 10:00 am,Columbia Icefield: Field 7,Drift Kings,lost 14 - 49,4
Sat Nov 14 @ 2:00 pm,Village Green,Da Bys,tie 0 - 0,0
END_SEASON

PLAYOFFS:
Date/Time,Location,Opposing Team,Score,S.O.C.
Sat Nov 7 @ 1:00 pm,Columbia Icefield: Field 1,Victorious Secret,won 0 - 1,2
Sat Nov 7 @ 2:00 pm,Columbia Icefield: Field 1,DE-wait-for-it-NIED,won 7 - 21,2
Sat Nov 7 @ 4:00 pm,Columbia Icefield: Field 1,C1V1L This,won 35 - 14,2
END_PLAYOFFS

ROSTER:
Player,Captaincy,uwaterloo_email
Kevin Nold,(C),knold@uwaterloo.ca
Dinesh Bakthavatsalam,,
Daniel Bayer,,
Abdullahi Kahiye,,
Mohamed Kahiye,,
Habib Khanani,,
Ian Osborn,,
Blair Rogers,,
Matthew Schokking,,
Daniel Smith,,
Abraham Soesilo,,
Igor Todorovic,,
Mikhail Venkov,,
Michael Yip,,
END_ROSTER
