INFO:
teamName,Child Please
teamAbbreviation,Child Please
sportId,n/a
sportName,n/a
sportRules,n/a
leagueId,watMu
levelId,n/a
seasonName,n/a
seasonId,n/a
Roster Size,12
Season Games Played,6
Playoff Round Lengths,1,1,1,1,1
END_INFO

SEASON:
Date/Time,Location,Opposing Team,Score,S.O.C.
Thu Sep 24 @ 6:00 pm,Village Green,TNT,won 28 - 42,2
Sat Sep 26 @ 4:00 pm,Village Green,DE-wait-for-it-NIED,won 35 - 0,4
Thu Oct 8 @ 4:00 pm,Village Green,C1V1L This,won 7 - 0,avg.
Thu Oct 15 @ 3:00 pm,Village Green,DE-wait-for-it-NIED,won 49 - 21,4
Thu Oct 22 @ 3:00 pm,Village Green,Flag Monsters,won 21 - 28,4
Thu Oct 29 @ 4:00 pm,Village Green,Victorious Secret,won 63 - 35,4
END_SEASON

PLAYOFFS:
Date/Time,Location,Opposing Team,Score,S.O.C.
Sat Nov 7 @ 10:00 am,Columbia Icefield: Field 1,AHS-Holes,won 7 - 0,0
Sat Nov 14 @ 2:00 pm,Columbia Icefield: Field 6,Twin City Legends,won 0 - 7,0
Sat Nov 14 @ 4:30 pm,Columbia Icefield: Field 6,Awesome Possums,,
Thu Nov 26 @ 3:30 pm,Columbia Icefield: Field 6,Twin City Legends,,
Fri Nov 27 @ 3:30 pm,Columbia Icefield: Field 6,Awesome Possums,,
END_PLAYOFFS

ROSTER:
Player,Captaincy,uwaterloo_email
Andrew McGarvey,(C),amcgarve@uwaterloo.ca
Cameron Bruggeman,,
Troy Campbell,,
Brandon Chan,,
Daniel Da Silva,,
Rajesh Jaglal,,
Imran Khamis,,
Riyad Khamis,,
Jeremy Luymes,,
Scott Sexton,,
Jason Tan,,
Michael Yun,,
END_ROSTER
