INFO:
teamName,Flag Monsters
teamAbbreviation,Flag Monsters
sportId,n/a
sportName,n/a
sportRules,n/a
leagueId,watMu
levelId,n/a
seasonName,n/a
seasonId,n/a
Roster Size,12
Season Games Played,7
Playoff Round Lengths,1
END_INFO

SEASON:
Date/Time,Location,Opposing Team,Score,S.O.C.
Thu Sep 24 @ 4:00 pm,Village Green,Awesome Possums,lost 0 - 35,4
Thu Oct 1 @ 4:00 pm,Village Green,C1V1L This,won 42 - 21,4
Thu Oct 8 @ 5:00 pm,Village Green,Victorious Secret,won 49 - 21,4
Thu Oct 15 @ 4:00 pm,Village Green,Victorious Secret,won 42 - 28,4
Thu Oct 22 @ 3:00 pm,Village Green,Child Please,lost 21 - 28,4
Thu Oct 29 @ 3:00 pm,Village Green,C1V1L This,won 49 - 42,0
Thu Nov 5 @ 3:00 pm,Village Green,Victorious Secret,won 0 - 35,2
END_SEASON

PLAYOFFS:
Date/Time,Location,Opposing Team,Score,S.O.C.
Sat Nov 14 @ 12:00 pm,Village Green,Team Ridiculous,lost 42 - 28,0
END_PLAYOFFS

ROSTER:
Player,Captaincy,uwaterloo_email
Sean Messenger,(C),smesseng@uwaterloo.ca
Alexander Badali,,
Alexander Bass,,
Shawn Burgess,,
Andrew Ferrante,,
Ashley Hong,,
Ashley Neveu,,
Jonathan Spike,,
Parthan Thangaraj,,
Meagan Warnica,,
Brandon Wong,,
Tony Zhou,,
END_ROSTER
