INFO:
teamName,Awesome Possums
teamAbbreviation,Awesome Possums
sportId,n/a
sportName,n/a
sportRules,n/a
leagueId,watMu
levelId,n/a
seasonName,n/a
seasonId,n/a
Roster Size,12
Season Games Played,8
Playoff Round Lengths,1,1,1,1,1
END_INFO

SEASON:
Date/Time,Location,Opposing Team,Score,S.O.C.
Thu Sep 24 @ 4:00 pm,Village Green,Flag Monsters,won 0 - 35,4
Sat Sep 26 @ 1:00 pm,Village Green,Intermediate Individuals,,
Sat Oct 3 @ 2:00 pm,Village Green,AHS-Holes,,
Sat Oct 17 @ 2:00 pm,Village Green,Team Ridiculous,won 56 - 63,3
Sat Oct 31 @ 2:00 pm,Village Green,Da Bys,won 42 - 14,4
Sat Oct 31 @ 3:00 pm,Village Green,Slica Home Skillets,won 28 - 35,4
Sun Nov 1 @ 4:00 pm,Columbia Icefield: Field 7,AHS-Holes,won 14 - 21,4
Sun Nov 1 @ 5:00 pm,Columbia Icefield: Field 7,Intermediate Individuals,won 7 - 42,4
END_SEASON

PLAYOFFS:
Date/Time,Location,Opposing Team,Score,S.O.C.
Sat Nov 7 @ 1:00 pm,Village Green,Bad Newz Kennels,won 35 - 14,2
Sat Nov 14 @ 1:00 pm,Columbia Icefield: Field 6,Team Ridiculous,won 7 - 0,0
Sat Nov 14 @ 4:30 pm,Columbia Icefield: Field 6,Child Please,,
Tue Nov 24 @ 4:00 pm,Columbia Icefield: Field 6,Team Ridiculous,,
Fri Nov 27 @ 3:30 pm,Columbia Icefield: Field 6,Child Please,,
END_PLAYOFFS

ROSTER:
Player,Captaincy,uwaterloo_email
Jonathan Burshaw,(C),jtbursha@uwaterloo.ca
Kelly Ambrose,,
Colin Bialik,,
Bryant Bortolotto-Freeman,,
Daniel Chelladurai,,
Emma Cotten,,
Saleh Jiddawi,,
Ian King,,
Shawn MacLellan,,
Cole McLay,,
Tara Tyler,,
Yao-Chieh Yin,,
END_ROSTER
