INFO:
teamName,Drift Kings
teamAbbreviation,Drift Kings
sportId,n/a
sportName,n/a
sportRules,n/a
leagueId,watMu
levelId,n/a
seasonName,n/a
seasonId,n/a
Roster Size,12
Season Games Played,7
Playoff Round Lengths,1
END_INFO

SEASON:
Date/Time,Location,Opposing Team,Score,S.O.C.
Thu Sep 24 @ 5:00 pm,Village Green,Da Bys,won 14 - 7,4
Sat Oct 3 @ 3:00 pm,Village Green,Slica Home Skillets,,
Thu Oct 22 @ 5:00 pm,Village Green,TNT,lost 56 - 49,4
Sat Oct 24 @ 1:00 pm,Village Green,AHS-Holes,won 35 - 42,4
Sat Oct 24 @ 4:00 pm,Village Green,Twin City Legends,won 28 - 21,2
Sat Oct 31 @ 12:00 pm,Village Green,Intermediate Individuals,won 0 - 7,avg.
Sun Nov 1 @ 10:00 am,Columbia Icefield: Field 7,Slica Home Skillets,won 14 - 49,4
END_SEASON

PLAYOFFS:
Date/Time,Location,Opposing Team,Score,S.O.C.
Sat Nov 14 @ 12:00 pm,Columbia Icefield: Field 6,Twin City Legends,lost 14 - 21,2
END_PLAYOFFS

ROSTER:
Player,Captaincy,uwaterloo_email
Thomas Choi,(C),t4choi@uwaterloo.ca
Christopher Baughman,,
Bradley Cotten,,
Cameron Dunning,,
Andrew Gryguc,,
Jeffrey Gryguc,,
Trevor Hall,,
Christopher Halmo,,
Bolun Liu,,
Ganesh Nambiar,,
Kyle Willick,,
Yu Zhang,,
END_ROSTER
