INFO:
teamName,Team Ridiculous
teamAbbreviation,Team Ridiculous
sportId,n/a
sportName,n/a
sportRules,n/a
leagueId,watMu
levelId,n/a
seasonName,n/a
seasonId,n/a
Roster Size,13
Season Games Played,7
Playoff Round Lengths,1,1,1
END_INFO

SEASON:
Date/Time,Location,Opposing Team,Score,S.O.C.
Sat Sep 26 @ 12:00 pm,Village Green,Slica Home Skillets,won 42 - 14,4
Sat Oct 3 @ 1:00 pm,Village Green,Intermediate Individuals,won 14 - 28,4
Sat Oct 3 @ 6:00 pm,Village Green,AHS-Holes,,
Sat Oct 17 @ 2:00 pm,Village Green,Awesome Possums,lost 56 - 63,3
Sat Oct 24 @ 3:00 pm,Village Green,Bad Newz Kennels,won 42 - 35,4
Sat Oct 31 @ 1:00 pm,Village Green,Twin City Legends,tie 35 - 35,4
Sun Nov 1 @ 3:00 pm,Columbia Icefield: Field 7,AHS-Holes,tie 35 - 35,4
END_SEASON

PLAYOFFS:
Date/Time,Location,Opposing Team,Score,S.O.C.
Sat Nov 14 @ 12:00 pm,Village Green,Flag Monsters,won 42 - 28,0
Sat Nov 14 @ 1:00 pm,Columbia Icefield: Field 6,Awesome Possums,lost 7 - 0,0
Tue Nov 24 @ 4:00 pm,Columbia Icefield: Field 6,Awesome Possums,,
END_PLAYOFFS

ROSTER:
Player,Captaincy,uwaterloo_email
Craig Myers,(C),craig_myers21@hotmail.com
Antonio Chang,,
Kuljeet Cheema,,
Chetsovann Chhom,,
Calvin Chu,,
Andrew Fung,,
Adnan Habib,,
Veasna Kim,,
Sabrina Maeng,,
Andrew McNamara,,
Gobinath Nadeshalingam,,
Kevin Tejadipura,,
Kevin Xia,,
END_ROSTER
