INFO:
teamName,Twin City Legends
teamAbbreviation,Twin City Legends
sportId,n/a
sportName,n/a
sportRules,n/a
leagueId,watMu
levelId,n/a
seasonName,n/a
seasonId,n/a
Roster Size,9
Season Games Played,9
Playoff Round Lengths,1,1,1
END_INFO

SEASON:
Date/Time,Location,Opposing Team,Score,S.O.C.
Sat Sep 26 @ 2:00 pm,Village Green,Bad Newz Kennels,,
Sat Oct 3 @ 4:00 pm,Village Green,Bad Newz Kennels,,
Sat Oct 3 @ 5:00 pm,Village Green,Da Bys,,
Sat Oct 24 @ 4:00 pm,Village Green,Drift Kings,lost 28 - 21,2
Sat Oct 24 @ 5:00 pm,Village Green,TNT,won 28 - 49,0
Sat Oct 31 @ 1:00 pm,Village Green,Team Ridiculous,tie 35 - 35,4
Sun Nov 1 @ 11:00 am,Columbia Icefield: Field 7,Bad Newz Kennels,won 0 - 7,avg.
Sun Nov 1 @ 12:00 pm,Columbia Icefield: Field 7,Bad Newz Kennels,won 0 - 7,avg.
Sun Nov 1 @ 2:00 pm,Columbia Icefield: Field 7,Da Bys,tie 21 - 21,4
END_SEASON

PLAYOFFS:
Date/Time,Location,Opposing Team,Score,S.O.C.
Sat Nov 14 @ 12:00 pm,Columbia Icefield: Field 6,Drift Kings,won 14 - 21,2
Sat Nov 14 @ 2:00 pm,Columbia Icefield: Field 6,Child Please,lost 0 - 7,0
Thu Nov 26 @ 3:30 pm,Columbia Icefield: Field 6,Child Please,,
END_PLAYOFFS

ROSTER:
Player,Captaincy,uwaterloo_email
Timothy Klintsaris,(C),t_klintsaris@rogers.com
Anthony Amirthanayagam,,
Douglas Colaco,,
Joshua Ingram,,
Saeed Rajan,,
Nathan Saldanha,,
Vijai Sookrah,,
Suraj Sukumar,,
Azaan Visram,,
END_ROSTER
