INFO:
teamName,Bad Newz Kennels
teamAbbreviation,Bad Newz Kennels
sportId,n/a
sportName,n/a
sportRules,n/a
leagueId,watMu
levelId,n/a
seasonName,n/a
seasonId,n/a
Roster Size,14
Season Games Played,8
Playoff Round Lengths,1
END_INFO

SEASON:
Date/Time,Location,Opposing Team,Score,S.O.C.
Sat Sep 26 @ 2:00 pm,Village Green,Twin City Legends,,
Sat Oct 3 @ 4:00 pm,Village Green,Twin City Legends,,
Sat Oct 17 @ 3:00 pm,Village Green,Slica Home Skillets,won 7 - 21,0
Sat Oct 17 @ 4:00 pm,Village Green,Da Bys,won 35 - 21,1
Sat Oct 24 @ 2:00 pm,Village Green,Da Bys,won 49 - 35,4
Sat Oct 24 @ 3:00 pm,Village Green,Team Ridiculous,lost 42 - 35,4
Sun Nov 1 @ 11:00 am,Columbia Icefield: Field 7,Twin City Legends,lost 0 - 7,-2
Sun Nov 1 @ 12:00 pm,Columbia Icefield: Field 7,Twin City Legends,lost 0 - 7,-2
END_SEASON

PLAYOFFS:
Date/Time,Location,Opposing Team,Score,S.O.C.
Sat Nov 7 @ 1:00 pm,Village Green,Awesome Possums,lost 35 - 14,2
END_PLAYOFFS

ROSTER:
Player,Captaincy,uwaterloo_email
Benjamin Lam,(C),bendotlam@gmail.com
Paul Bian,,
Derek Chan,,
Rico Chan,,
Benjamin Cheung,,
Derek Ho,,
Edmond Ho,,
Hao-Zheong Hsu,,
Tracy Li,,
Eric Nguyen,,
Vincent Santos,,
William Truong,,
Matthew Wai,,
Kenneth Wong,,
END_ROSTER
