INFO:
teamName,Da Bys
teamAbbreviation,Da Bys
sportId,n/a
sportName,n/a
sportRules,n/a
leagueId,watMu
levelId,n/a
seasonName,n/a
seasonId,n/a
Roster Size,11
Season Games Played,9
Playoff Round Lengths,1,1
END_INFO

SEASON:
Date/Time,Location,Opposing Team,Score,S.O.C.
Thu Sep 24 @ 5:00 pm,Village Green,Drift Kings,lost 14 - 7,4
Sat Oct 3 @ 5:00 pm,Village Green,Twin City Legends,,
Sat Oct 17 @ 4:00 pm,Village Green,Bad Newz Kennels,lost 35 - 21,1
Sat Oct 24 @ 2:00 pm,Village Green,Bad Newz Kennels,lost 49 - 35,4
Sat Oct 31 @ 2:00 pm,Village Green,Awesome Possums,lost 42 - 14,4
Sun Nov 1 @ 1:00 pm,Columbia Icefield: Field 7,TNT,won 0 - 7,avg.
Sun Nov 1 @ 2:00 pm,Columbia Icefield: Field 7,Twin City Legends,tie 21 - 21,4
Sat Oct 17 @ 5:00 pm,Village Green,TNT,lost 49 - 28,3
Sat Nov 14 @ 2:00 pm,Village Green,Slica Home Skillets,tie 0 - 0,0
END_SEASON

PLAYOFFS:
Date/Time,Location,Opposing Team,Score,S.O.C.
Sat Nov 7 @ 12:00 pm,Village Green,Intermediate Individuals,won 49 - 28,2
Sat Nov 7 @ 3:00 pm,Columbia Icefield: Field 1,C1V1L This,lost 14 - 28,2
END_PLAYOFFS

ROSTER:
Player,Captaincy,uwaterloo_email
Ryan Egli,(C),ryan.egli@gmail.com
Jamieson Cox,,
Broderick Germain,,
Michael Hammond,,
Peter Lee,,
Siyuan Long,,
Michael McCracken,,
Michael Rolfe,,
Graeme Scott,,
Jason Situ,,
Boyang Zhang,,
END_ROSTER
