INFO:
teamName,Intermediate Individuals
teamAbbreviation,Intermediate Individuals
sportId,n/a
sportName,n/a
sportRules,n/a
leagueId,watMu
levelId,n/a
seasonName,n/a
seasonId,n/a
Roster Size,18
Season Games Played,7
Playoff Round Lengths,1
END_INFO

SEASON:
Date/Time,Location,Opposing Team,Score,S.O.C.
Sat Sep 26 @ 1:00 pm,Village Green,Awesome Possums,,
Thu Oct 1 @ 6:00 pm,Village Green,AHS-Holes,lost 14 - 28,4
Sat Oct 3 @ 1:00 pm,Village Green,Team Ridiculous,lost 14 - 28,4
Sat Oct 17 @ 1:00 pm,Village Green,Slica Home Skillets,lost 21 - 28,0
Sat Oct 31 @ 12:00 pm,Village Green,Drift Kings,lost 0 - 7,-2
Sat Oct 31 @ 4:00 pm,Village Green,TNT,won 7 - 0,avg.
Sun Nov 1 @ 5:00 pm,Columbia Icefield: Field 7,Awesome Possums,lost 7 - 42,4
END_SEASON

PLAYOFFS:
Date/Time,Location,Opposing Team,Score,S.O.C.
Sat Nov 7 @ 12:00 pm,Village Green,Da Bys,lost 49 - 28,2
END_PLAYOFFS

ROSTER:
Player,Captaincy,uwaterloo_email
Kevin Barroso,,
Aaron Bertolo,,
Michael Chan,,
Matthew Chang,,
Justine Cleworth,,
Dorian Ferreira,,
Zhimin Guo,,
Terence Hui,,
Zoe Kim,,
Andrea Mikkila,,
Danielle Mintsoulis,,
Namish Modi,,
Suliman Shahbaz,,
Adil Siddiqui,,
Niket Soni,,
Phillip Vanheuangdy,,
Siddharth Vyas,,
Kyle Wong,,
END_ROSTER
