Elite Indies 02,fall2015,Ice Hockey: Elite Indies 02 (Elite)
7,6,6,1,1
Thu Sep 24 @ 7:00 pm,Columbia Icefield Arena,lost,2,8,3,TCBH
Sun Oct 4 @ 12:00 pm,Columbia Icefield Arena,lost,1,7,2,Team Mike Lalande
Wed Oct 14 @ 10:00 pm,Columbia Icefield Arena,lost,1,7,3,Elite Indies 01
Sat Oct 24 @ 11:00 am,Columbia Icefield Arena,lost,0,3,0,TCBH
Sun Nov 1 @ 9:00 pm,Columbia Icefield Arena,lost,0,5,2,The Chiefs
Sun Nov 8 @ 9:00 pm,Columbia Icefield Arena,won,7,4,3,Worriers
Wed Nov 11 @ 10:00 pm,Columbia Icefield Arena,lost,1,7,1,Elite Indies 01

Charles Barcelos,David Biro,Michael Cairns,Mitchell Finnson,Reid Hayes,Eric Lamoureux,Gregory MacPherson,Lukas Marek,Matthew Sauder,Wade Shields,Blaine Speck,Peter Voltsinis,Adam Zimmerman
