Boston Bruins,BOS,nhl
1955-56,1956
26
70
0
GP,Date,Time,Location,Opponent,GF,GA,Result,Game Ended In,W,L,T,Streak
1,1955-10-08,time unavailable,@,Montreal Canadiens,0,2,L,REG,0,1,0,L 1
2,1955-10-09,time unavailable,H,Montreal Canadiens,2,5,L,REG,0,2,0,L 2
3,1955-10-12,time unavailable,H,Toronto Maple Leafs,2,0,W,REG,1,2,0,W 1
4,1955-10-15,time unavailable,@,Toronto Maple Leafs,2,2,T,REG,1,2,1,T 1
5,1955-10-16,time unavailable,H,New York Rangers,4,1,W,REG,2,2,1,W 1
6,1955-10-20,time unavailable,@,Montreal Canadiens,3,2,W,REG,3,2,1,W 2
7,1955-10-22,time unavailable,@,Detroit Red Wings,0,0,T,REG,3,2,2,T 1
8,1955-10-25,time unavailable,@,Chicago Black Hawks,0,2,L,REG,3,3,2,L 1
9,1955-10-29,time unavailable,@,New York Rangers,1,0,W,REG,4,3,2,W 1
10,1955-11-03,time unavailable,H,Chicago Black Hawks,3,3,T,REG,4,3,3,T 1
11,1955-11-05,time unavailable,@,Montreal Canadiens,2,4,L,REG,4,4,3,L 1
12,1955-11-06,time unavailable,H,Montreal Canadiens,3,3,T,REG,4,4,4,T 1
13,1955-11-10,time unavailable,H,New York Rangers,5,1,W,REG,5,4,4,W 1
14,1955-11-12,time unavailable,@,Toronto Maple Leafs,3,2,W,REG,6,4,4,W 2
15,1955-11-13,time unavailable,H,Detroit Red Wings,0,0,T,REG,6,4,5,T 1
16,1955-11-18,time unavailable,@,Chicago Black Hawks,1,6,L,REG,6,5,5,L 1
17,1955-11-19,time unavailable,@,Toronto Maple Leafs,2,3,L,REG,6,6,5,L 2
18,1955-11-20,time unavailable,H,Toronto Maple Leafs,1,1,T,REG,6,6,6,T 1
19,1955-11-23,time unavailable,@,New York Rangers,0,4,L,REG,6,7,6,L 1
20,1955-11-24,time unavailable,H,New York Rangers,0,5,L,REG,6,8,6,L 2
21,1955-11-26,time unavailable,@,Montreal Canadiens,1,3,L,REG,6,9,6,L 3
22,1955-11-27,time unavailable,H,Chicago Black Hawks,0,6,L,REG,6,10,6,L 4
23,1955-12-01,time unavailable,H,Montreal Canadiens,1,2,L,REG,6,11,6,L 5
24,1955-12-03,time unavailable,H,Detroit Red Wings,0,5,L,REG,6,12,6,L 6
25,1955-12-04,time unavailable,H,Toronto Maple Leafs,5,0,W,REG,7,12,6,W 1
26,1955-12-08,time unavailable,@,Detroit Red Wings,2,2,T,REG,7,12,7,T 1
27,1955-12-09,time unavailable,@,Chicago Black Hawks,1,1,T,REG,7,12,8,T 2
28,1955-12-11,time unavailable,H,Montreal Canadiens,2,4,L,REG,7,13,8,L 1
29,1955-12-15,time unavailable,H,Chicago Black Hawks,4,1,W,REG,8,13,8,W 1
30,1955-12-17,time unavailable,@,Toronto Maple Leafs,1,5,L,REG,8,14,8,L 1
31,1955-12-18,time unavailable,@,Chicago Black Hawks,1,7,L,REG,8,15,8,L 2
32,1955-12-21,time unavailable,@,New York Rangers,3,3,T,REG,8,15,9,T 1
33,1955-12-22,time unavailable,H,Detroit Red Wings,2,3,L,REG,8,16,9,L 1
34,1955-12-25,time unavailable,H,Chicago Black Hawks,2,4,L,REG,8,17,9,L 2
35,1955-12-29,time unavailable,@,Detroit Red Wings,3,4,L,REG,8,18,9,L 3
36,1955-12-31,time unavailable,@,New York Rangers,2,6,L,REG,8,19,9,L 4
37,1956-01-01,time unavailable,H,New York Rangers,2,4,L,REG,8,20,9,L 5
38,1956-01-07,time unavailable,@,Toronto Maple Leafs,2,6,L,REG,8,21,9,L 6
39,1956-01-08,time unavailable,@,Detroit Red Wings,3,4,L,REG,8,22,9,L 7
40,1956-01-12,time unavailable,H,Chicago Black Hawks,0,5,L,REG,8,23,9,L 8
41,1956-01-14,time unavailable,@,Montreal Canadiens,2,0,W,REG,9,23,9,W 1
42,1956-01-15,time unavailable,H,Toronto Maple Leafs,1,4,L,REG,9,24,9,L 1
43,1956-01-19,time unavailable,@,Detroit Red Wings,2,4,L,REG,9,25,9,L 2
44,1956-01-20,time unavailable,@,Chicago Black Hawks,3,0,W,REG,10,25,9,W 1
45,1956-01-22,time unavailable,H,New York Rangers,3,1,W,REG,11,25,9,W 2
46,1956-01-26,time unavailable,H,Montreal Canadiens,5,1,W,REG,12,25,9,W 3
47,1956-01-28,time unavailable,@,Montreal Canadiens,1,6,L,REG,12,26,9,L 1
48,1956-01-29,time unavailable,H,Toronto Maple Leafs,3,1,W,REG,13,26,9,W 1
49,1956-02-02,time unavailable,H,Chicago Black Hawks,2,2,T,REG,13,26,10,T 1
50,1956-02-04,time unavailable,H,New York Rangers,7,1,W,REG,14,26,10,W 1
51,1956-02-05,time unavailable,H,Detroit Red Wings,3,1,W,REG,15,26,10,W 2
52,1956-02-08,time unavailable,@,New York Rangers,3,3,T,REG,15,26,11,T 1
53,1956-02-09,time unavailable,H,Toronto Maple Leafs,1,1,T,REG,15,26,12,T 2
54,1956-02-11,time unavailable,H,Detroit Red Wings,3,2,W,REG,16,26,12,W 1
55,1956-02-12,time unavailable,H,Montreal Canadiens,1,7,L,REG,16,27,12,L 1
56,1956-02-15,time unavailable,@,Toronto Maple Leafs,0,1,L,REG,16,28,12,L 2
57,1956-02-17,time unavailable,@,Chicago Black Hawks,4,2,W,REG,17,28,12,W 1
58,1956-02-19,time unavailable,@,New York Rangers,3,0,W,REG,18,28,12,W 2
59,1956-02-21,time unavailable,@,Detroit Red Wings,1,4,L,REG,18,29,12,L 1
60,1956-02-25,time unavailable,@,Toronto Maple Leafs,3,1,W,REG,19,29,12,W 1
61,1956-02-26,time unavailable,@,Chicago Black Hawks,1,4,L,REG,19,30,12,L 1
62,1956-02-29,time unavailable,@,New York Rangers,2,4,L,REG,19,31,12,L 2
63,1956-03-01,time unavailable,H,Detroit Red Wings,0,2,L,REG,19,32,12,L 3
64,1956-03-03,time unavailable,H,New York Rangers,5,2,W,REG,20,32,12,W 1
65,1956-03-04,time unavailable,H,Toronto Maple Leafs,2,2,T,REG,20,32,13,T 1
66,1956-03-08,time unavailable,@,Detroit Red Wings,2,4,L,REG,20,33,13,L 1
67,1956-03-10,time unavailable,@,Montreal Canadiens,4,0,W,REG,21,33,13,W 1
68,1956-03-11,time unavailable,H,Montreal Canadiens,3,1,W,REG,22,33,13,W 2
69,1956-03-13,time unavailable,H,Detroit Red Wings,4,0,W,REG,23,33,13,W 3
70,1956-03-18,time unavailable,H,Chicago Black Hawks,2,3,L,REG,23,34,13,L 1

Time,Location,Result,Game Ended In

Bob Armstrong,,4,D,24,6-1,190,R/-,4,"April 7, 1931",ca,"0 G, 12 A, 12 P"
Leo Boivin,,20,D,23,5-8,183,L/-,4,"August 2, 1932",ca,"4 G, 16 A, 20 P"
Marcel Bonin,,18-23,RW/LW,23,5-10,170,L/-,3,"September 12, 1932",ca,"9 G, 9 A, 18 P"
Real Chevrefils,,12,LW,23,5-10,180,L/-,4,"May 2, 1932",ca,"11 G, 8 A, 19 P"
Murray Costello,,21,C,21,6-3,190,R/-,2,"February 24, 1934",ca,"6 G, 6 A, 12 P"
Lorne Davis,,24,RW,25,5-11,190,R/-,3,"July 20, 1930",ca,"0 G, 1 A, 1 P"
Lorne Ferguson,,12,LW,25,6-0,175,L/-,4,"May 26, 1930",ca,"7 G, 5 A, 12 P"
Fern Flaman,(C),14,D,29,5-10,190,R/-,11,"January 25, 1927",ca,"4 G, 17 A, 21 P"
Cal Gardner,,9,C,31,6-1,172,L/-,10,"October 30, 1924",ca,"15 G, 21 A, 36 P"
Lionel Heinrich,,6,LW,21,5-10,180,L/-,R,"April 20, 1934",ca,"1 G, 1 A, 2 P"
John Henderson,,1,G,22,6-1,174,-/L,1,"March 25, 1933",ca,"0-1-0, 4.00 GAA"
Leo Labine,,16,RW,24,5-10,170,R/-,4,"July 22, 1931",ca,"16 G, 18 A, 34 P"
Hal Laycoe,,10,D,33,6-2,185,L/-,10,"June 23, 1922",ca,"5 G, 5 A, 10 P"
Fleming MacKell,,8,C,26,5-7,156,L/-,8,"April 30, 1929",ca,"7 G, 9 A, 16 P"
Don McKenney,,17,C,21,6-0,160,L/-,1,"April 30, 1934",ca,"10 G, 24 A, 34 P"
Doug Mohns,,19,LW,22,6-0,185,L/-,2,"December 13, 1933",ca,"10 G, 8 A, 18 P"
Al Nicholson,,25,LW,19,6-1,180,L/-,R,"April 26, 1936",ca,"0 G, 0 A, 0 P"
Ellard O'Brien,,25,LW,25,6-3,183,L/-,R,"May 27, 1930",ca,"0 G, 0 A, 0 P"
Ed Panagabko,,22,LW,21,5-8,170,L/-,R,"May 17, 1934",ca,"0 G, 3 A, 3 P"
Johnny Peirson,,23,RW,30,5-11,170,R/-,8,"July 21, 1925",ca,"11 G, 14 A, 25 P"
Claude Pronovost,,1,G,20,5-9,190,-/L,R,"July 22, 1935",ca,"1-0-0, 0.00 GAA"
Bill Quackenbush,,11,D,33,5-11,190,L/-,13,"March 2, 1922",ca,"3 G, 22 A, 25 P"
Terry Sawchuk,,1,G,26,5-11,195,-/L,6,"December 28, 1929",ca,"22-33-13, 2.60 GAA"
Vic Stasiuk,,7,RW,26,6-0,185,L/-,6,"May 23, 1929",ca,"19 G, 18 A, 37 P"
Orval Tessier,,18,C,22,5-8,160,L/-,1,"June 30, 1933",ca,"2 G, 3 A, 5 P"
Jerry Toppazzini,,21,RW,24,6-0,180,R/-,3,"July 29, 1931",ca,"7 G, 7 A, 14 P"
