New York Rangers,NYR,nhl
1963-64,1964
30
70
0
GP,Date,Time,Location,Opponent,GF,GA,Result,Game Ended In,W,L,T,Streak
1,1963-10-09,time unavailable,@,Chicago Black Hawks,1,3,L,REG,0,1,0,L 1
2,1963-10-12,time unavailable,@,Montreal Canadiens,2,6,L,REG,0,2,0,L 2
3,1963-10-16,time unavailable,H,Detroit Red Wings,3,0,W,REG,1,2,0,W 1
4,1963-10-20,time unavailable,H,Boston Bruins,5,1,W,REG,2,2,0,W 2
5,1963-10-24,time unavailable,@,Boston Bruins,2,0,W,REG,3,2,0,W 3
6,1963-10-26,time unavailable,@,Toronto Maple Leafs,4,6,L,REG,3,3,0,L 1
7,1963-10-27,time unavailable,H,Chicago Black Hawks,1,4,L,REG,3,4,0,L 2
8,1963-10-30,time unavailable,H,Boston Bruins,4,3,W,REG,4,4,0,W 1
9,1963-10-31,time unavailable,@,Detroit Red Wings,1,4,L,REG,4,5,0,L 1
10,1963-11-03,time unavailable,H,Montreal Canadiens,3,5,L,REG,4,6,0,L 2
11,1963-11-05,time unavailable,@,Chicago Black Hawks,2,3,L,REG,4,7,0,L 3
12,1963-11-07,time unavailable,@,Detroit Red Wings,0,1,L,REG,4,8,0,L 4
13,1963-11-09,time unavailable,@,Montreal Canadiens,2,4,L,REG,4,9,0,L 5
14,1963-11-14,time unavailable,H,Toronto Maple Leafs,4,5,L,REG,4,10,0,L 6
15,1963-11-16,time unavailable,@,Toronto Maple Leafs,4,5,L,REG,4,11,0,L 7
16,1963-11-17,time unavailable,H,Detroit Red Wings,5,2,W,REG,5,11,0,W 1
17,1963-11-20,time unavailable,H,Boston Bruins,1,1,T,REG,5,11,1,T 1
18,1963-11-24,time unavailable,H,Toronto Maple Leafs,3,3,T,REG,5,11,2,T 2
19,1963-11-27,time unavailable,H,Detroit Red Wings,3,2,W,REG,6,11,2,W 1
20,1963-11-28,time unavailable,@,Boston Bruins,3,5,L,REG,6,12,2,L 1
21,1963-11-30,time unavailable,H,Chicago Black Hawks,2,3,L,REG,6,13,2,L 2
22,1963-12-01,time unavailable,@,Chicago Black Hawks,3,3,T,REG,6,13,3,T 1
23,1963-12-05,time unavailable,@,Montreal Canadiens,2,4,L,REG,6,14,3,L 1
24,1963-12-07,time unavailable,@,Boston Bruins,6,8,L,REG,6,15,3,L 2
25,1963-12-08,time unavailable,H,Boston Bruins,2,2,T,REG,6,15,4,T 1
26,1963-12-11,time unavailable,H,Chicago Black Hawks,2,6,L,REG,6,16,4,L 1
27,1963-12-12,time unavailable,@,Montreal Canadiens,4,6,L,REG,6,17,4,L 2
28,1963-12-14,time unavailable,@,Toronto Maple Leafs,3,5,L,REG,6,18,4,L 3
29,1963-12-15,time unavailable,H,Montreal Canadiens,4,2,W,REG,7,18,4,W 1
30,1963-12-18,time unavailable,H,Detroit Red Wings,1,1,T,REG,7,18,5,T 1
31,1963-12-22,time unavailable,H,Toronto Maple Leafs,1,1,T,REG,7,18,6,T 2
32,1963-12-25,time unavailable,@,Detroit Red Wings,3,4,L,REG,7,19,6,L 1
33,1963-12-27,time unavailable,H,Chicago Black Hawks,4,2,W,REG,8,19,6,W 1
34,1963-12-29,time unavailable,H,Montreal Canadiens,2,6,L,REG,8,20,6,L 1
35,1964-01-01,time unavailable,@,Chicago Black Hawks,5,2,W,REG,9,20,6,W 1
36,1964-01-04,time unavailable,H,Detroit Red Wings,5,2,W,REG,10,20,6,W 2
37,1964-01-05,time unavailable,H,Toronto Maple Leafs,3,2,W,REG,11,20,6,W 3
38,1964-01-09,time unavailable,@,Boston Bruins,5,3,W,REG,12,20,6,W 4
39,1964-01-12,time unavailable,@,Detroit Red Wings,3,5,L,REG,12,21,6,L 1
40,1964-01-15,time unavailable,@,Toronto Maple Leafs,5,4,W,REG,13,21,6,W 1
41,1964-01-18,time unavailable,@,Chicago Black Hawks,1,6,L,REG,13,22,6,L 1
42,1964-01-19,time unavailable,@,Detroit Red Wings,3,1,W,REG,14,22,6,W 1
43,1964-01-22,time unavailable,H,Boston Bruins,6,4,W,REG,15,22,6,W 2
44,1964-01-23,time unavailable,@,Montreal Canadiens,2,4,L,REG,15,23,6,L 1
45,1964-01-25,time unavailable,@,Toronto Maple Leafs,1,1,T,REG,15,23,7,T 1
46,1964-01-26,time unavailable,H,Detroit Red Wings,3,2,W,REG,16,23,7,W 1
47,1964-01-30,time unavailable,@,Boston Bruins,3,1,W,REG,17,23,7,W 2
48,1964-02-01,time unavailable,H,Chicago Black Hawks,2,2,T,REG,17,23,8,T 1
49,1964-02-02,time unavailable,H,Montreal Canadiens,4,2,W,REG,18,23,8,W 1
50,1964-02-05,time unavailable,H,Boston Bruins,2,3,L,REG,18,24,8,L 1
51,1964-02-06,time unavailable,@,Boston Bruins,0,4,L,REG,18,25,8,L 2
52,1964-02-08,time unavailable,H,Montreal Canadiens,2,8,L,REG,18,26,8,L 3
53,1964-02-09,time unavailable,@,Detroit Red Wings,2,4,L,REG,18,27,8,L 4
54,1964-02-12,time unavailable,@,Chicago Black Hawks,2,5,L,REG,18,28,8,L 5
55,1964-02-16,time unavailable,H,Toronto Maple Leafs,4,2,W,REG,19,28,8,W 1
56,1964-02-19,time unavailable,H,Chicago Black Hawks,2,7,L,REG,19,29,8,L 1
57,1964-02-22,time unavailable,@,Toronto Maple Leafs,2,5,L,REG,19,30,8,L 2
58,1964-02-23,time unavailable,H,Toronto Maple Leafs,3,4,L,REG,19,31,8,L 3
59,1964-02-27,time unavailable,@,Boston Bruins,4,2,W,REG,20,31,8,W 1
60,1964-02-29,time unavailable,@,Montreal Canadiens,0,4,L,REG,20,32,8,L 1
61,1964-03-01,time unavailable,H,Detroit Red Wings,2,2,T,REG,20,32,9,T 1
62,1964-03-04,time unavailable,H,Chicago Black Hawks,4,3,W,REG,21,32,9,W 1
63,1964-03-07,time unavailable,@,Montreal Canadiens,3,2,W,REG,22,32,9,W 2
64,1964-03-08,time unavailable,H,Montreal Canadiens,0,0,T,REG,22,32,10,T 1
65,1964-03-11,time unavailable,H,Boston Bruins,3,5,L,REG,22,33,10,L 1
66,1964-03-14,time unavailable,@,Toronto Maple Leafs,3,7,L,REG,22,34,10,L 2
67,1964-03-15,time unavailable,H,Toronto Maple Leafs,1,3,L,REG,22,35,10,L 3
68,1964-03-17,time unavailable,@,Chicago Black Hawks,0,4,L,REG,22,36,10,L 4
69,1964-03-19,time unavailable,@,Detroit Red Wings,3,9,L,REG,22,37,10,L 5
70,1964-03-22,time unavailable,H,Montreal Canadiens,1,2,L,REG,22,38,10,L 6

Time,Location,Result,Game Ended In

Andy Bathgate,(C),9,RW,31,6-0,180,R/-,11,"August 28, 1932",ca,"16 G, 43 A, 59 P"
Larry Cahan,,5,D,30,6-2,222,R/-,7,"December 25, 1933",ca,"4 G, 8 A, 12 P"
Dick Duff,,9,LW,27,5-9,166,L/-,9,"February 18, 1936",ca,"4 G, 4 A, 8 P"
Marc Dufour,,6,RW,22,6-0,175,R/-,R,"September 11, 1941",ca,"1 G, 0 A, 1 P"
Val Fonteyne,,14,LW,30,5-10,160,L/-,4,"December 2, 1933",ca,"7 G, 18 A, 25 P"
Rod Gilbert,,7,RW,22,5-9,180,R/-,3,"July 1, 1941",ca,"24 G, 40 A, 64 P"
Howie Glover,,8,RW,28,5-11,180,R/-,3,"February 14, 1935",ca,"1 G, 0 A, 1 P"
Phil Goyette,,20,C,30,5-11,170,L/-,7,"October 31, 1933",ca,"24 G, 41 A, 65 P"
Vic Hadfield,,11,LW,23,6-0,190,L/-,2,"October 4, 1940",ca,"14 G, 11 A, 25 P"
Doug Harvey,,2,D,39,5-11,187,L/-,16,"December 19, 1924",ca,"0 G, 2 A, 2 P"
Camille Henry,(C),21,LW,31,5-9,152,L/-,9,"January 31, 1933",ca,"29 G, 26 A, 55 P"
Harry Howell,,3,D,31,6-1,195,L/-,11,"December 28, 1932",ca,"5 G, 31 A, 36 P"
Earl Ingarfield,,10,C,29,5-11,185,L/-,5,"October 25, 1934",ca,"15 G, 11 A, 26 P"
Ron Ingram,,4,D,30,5-11,185,R/-,1,"July 5, 1933",ca,"1 G, 3 A, 4 P"
Don Johns,,6,D,26,6-0,180,R/-,2,"December 13, 1937",ca,"1 G, 9 A, 10 P"
Gord Labossiere,,19,C,24,6-1,190,R/-,R,"January 2, 1940",ca,"0 G, 0 A, 0 P"
Albert Langlois,,4,D,29,6-0,205,L/-,6,"November 6, 1934",ca,"4 G, 2 A, 6 P"
Don Marshall,,22,C,31,5-10,160,L/-,10,"March 23, 1932",ca,"11 G, 12 A, 23 P"
Sandy McGregor,,16,RW,24,5-11,165,R/-,R,"March 30, 1939",ca,"0 G, 0 A, 0 P"
Don McKenney,,17,C,29,6-0,160,L/-,9,"April 30, 1934",ca,"9 G, 17 A, 26 P"
Mike McMahon,,6,D,22,5-11,180,L/-,R,"August 30, 1941",ca,"0 G, 1 A, 1 P"
Dick Meissner,,12,RW,24,5-11,200,R/-,3,"January 6, 1940",ca,"3 G, 5 A, 8 P"
Jim Neilson,,15,D,23,6-2,205,L/-,1,"November 28, 1940",ca,"5 G, 24 A, 29 P"
Bob Nevin,,8,RW,25,6-0,185,R/-,5,"March 18, 1938",ca,"5 G, 4 A, 9 P"
Jacques Plante,,1,G,35,6-0,175,-/L,11,"January 17, 1929",ca,"22-36-7, 3.38 GAA"
Jean Ratelle,,19,C,23,6-1,180,L/-,3,"October 3, 1940",ca,"0 G, 7 A, 7 P"
Dave Richardson,,18,LW,23,5-9,175,L/-,R,"December 11, 1940",ca,"3 G, 1 A, 4 P"
Ken Schinkel,,18,RW,31,5-10,172,R/-,4,"November 27, 1932",ca,"0 G, 0 A, 0 P"
Rod Seiling,,16,D,19,6-0,195,L/-,1,"November 14, 1944",ca,"0 G, 1 A, 1 P"
Gilles Villemure,,1,G,23,5-8,185,-/R,R,"May 30, 1940",ca,"0-2-3, 3.60 GAA"
