Chicago Black Hawks,CBH,nhl
1960-61,1961
19
70
6,6
GP,Date,Time,Location,Opponent,GF,GA,Result,Game Ended In,W,L,T,Streak
1,1960-10-05,time unavailable,H,Detroit Red Wings,1,1,T,REG,0,0,1,T 1
2,1960-10-06,time unavailable,@,Detroit Red Wings,4,2,W,REG,1,0,1,W 1
3,1960-10-09,time unavailable,H,New York Rangers,3,2,W,REG,2,0,1,W 2
4,1960-10-12,time unavailable,H,Toronto Maple Leafs,3,0,W,REG,3,0,1,W 3
5,1960-10-16,time unavailable,H,Boston Bruins,5,2,W,REG,4,0,1,W 4
6,1960-10-19,time unavailable,@,New York Rangers,0,2,L,REG,4,1,1,L 1
7,1960-10-22,time unavailable,@,Montreal Canadiens,4,2,W,REG,5,1,1,W 1
8,1960-10-23,time unavailable,@,Boston Bruins,2,2,T,REG,5,1,2,T 1
9,1960-10-25,time unavailable,H,Montreal Canadiens,8,4,W,REG,6,1,2,W 1
10,1960-10-29,time unavailable,@,Toronto Maple Leafs,4,8,L,REG,6,2,2,L 1
11,1960-10-30,time unavailable,@,Detroit Red Wings,1,2,L,REG,6,3,2,L 2
12,1960-11-02,time unavailable,H,New York Rangers,4,4,T,REG,6,3,3,T 1
13,1960-11-05,time unavailable,@,Montreal Canadiens,4,4,T,REG,6,3,4,T 2
14,1960-11-06,time unavailable,@,Boston Bruins,0,4,L,REG,6,4,4,L 1
15,1960-11-09,time unavailable,H,Toronto Maple Leafs,2,0,W,REG,7,4,4,W 1
16,1960-11-12,time unavailable,@,Toronto Maple Leafs,1,7,L,REG,7,5,4,L 1
17,1960-11-13,time unavailable,H,Detroit Red Wings,7,1,W,REG,8,5,4,W 1
18,1960-11-15,time unavailable,@,Detroit Red Wings,2,3,L,REG,8,6,4,L 1
19,1960-11-17,time unavailable,H,Boston Bruins,4,2,W,REG,9,6,4,W 1
20,1960-11-20,time unavailable,H,Montreal Canadiens,1,1,T,REG,9,6,5,T 1
21,1960-11-24,time unavailable,H,Toronto Maple Leafs,2,1,W,REG,10,6,5,W 1
22,1960-11-26,time unavailable,@,Montreal Canadiens,2,4,L,REG,10,7,5,L 1
23,1960-11-27,time unavailable,@,New York Rangers,3,3,T,REG,10,7,6,T 1
24,1960-11-30,time unavailable,H,Boston Bruins,2,2,T,REG,10,7,7,T 2
25,1960-12-04,time unavailable,H,Montreal Canadiens,5,7,L,REG,10,8,7,L 1
26,1960-12-08,time unavailable,@,Boston Bruins,1,5,L,REG,10,9,7,L 2
27,1960-12-10,time unavailable,@,Toronto Maple Leafs,2,5,L,REG,10,10,7,L 3
28,1960-12-11,time unavailable,H,Toronto Maple Leafs,1,6,L,REG,10,11,7,L 4
29,1960-12-14,time unavailable,H,New York Rangers,4,0,W,REG,11,11,7,W 1
30,1960-12-18,time unavailable,H,Detroit Red Wings,2,3,L,REG,11,12,7,L 1
31,1960-12-21,time unavailable,@,New York Rangers,2,2,T,REG,11,12,8,T 1
32,1960-12-22,time unavailable,@,Boston Bruins,2,4,L,REG,11,13,8,L 1
33,1960-12-24,time unavailable,@,Montreal Canadiens,1,3,L,REG,11,14,8,L 2
34,1960-12-25,time unavailable,@,Detroit Red Wings,3,0,W,REG,12,14,8,W 1
35,1960-12-28,time unavailable,H,Boston Bruins,4,3,W,REG,13,14,8,W 2
36,1960-12-31,time unavailable,@,Detroit Red Wings,3,0,W,REG,14,14,8,W 3
37,1961-01-01,time unavailable,H,Detroit Red Wings,3,0,W,REG,15,14,8,W 4
38,1961-01-04,time unavailable,@,New York Rangers,3,2,W,REG,16,14,8,W 5
39,1961-01-05,time unavailable,@,Boston Bruins,4,3,W,REG,17,14,8,W 6
40,1961-01-08,time unavailable,H,Toronto Maple Leafs,5,1,W,REG,18,14,8,W 7
41,1961-01-11,time unavailable,H,Detroit Red Wings,2,2,T,REG,18,14,9,T 1
42,1961-01-14,time unavailable,@,Toronto Maple Leafs,1,4,L,REG,18,15,9,L 1
43,1961-01-15,time unavailable,H,New York Rangers,1,3,L,REG,18,16,9,L 2
44,1961-01-18,time unavailable,H,Montreal Canadiens,0,4,L,REG,18,17,9,L 3
45,1961-01-21,time unavailable,H,New York Rangers,5,3,W,REG,19,17,9,W 1
46,1961-01-22,time unavailable,H,Boston Bruins,8,3,W,REG,20,17,9,W 2
47,1961-01-26,time unavailable,@,Detroit Red Wings,2,2,T,REG,20,17,10,T 1
48,1961-01-28,time unavailable,@,Toronto Maple Leafs,1,2,L,REG,20,18,10,L 1
49,1961-01-29,time unavailable,H,Montreal Canadiens,1,1,T,REG,20,18,11,T 1
50,1961-02-01,time unavailable,@,New York Rangers,1,3,L,REG,20,19,11,L 1
51,1961-02-02,time unavailable,@,Boston Bruins,2,2,T,REG,20,19,12,T 1
52,1961-02-04,time unavailable,@,Montreal Canadiens,4,1,W,REG,21,19,12,W 1
53,1961-02-05,time unavailable,H,Toronto Maple Leafs,1,1,T,REG,21,19,13,T 1
54,1961-02-08,time unavailable,H,Detroit Red Wings,5,2,W,REG,22,19,13,W 1
55,1961-02-12,time unavailable,H,Montreal Canadiens,3,1,W,REG,23,19,13,W 2
56,1961-02-15,time unavailable,H,New York Rangers,5,2,W,REG,24,19,13,W 3
57,1961-02-18,time unavailable,@,Toronto Maple Leafs,2,5,L,REG,24,20,13,L 1
58,1961-02-19,time unavailable,H,Boston Bruins,2,2,T,REG,24,20,14,T 1
59,1961-02-22,time unavailable,@,New York Rangers,2,4,L,REG,24,21,14,L 1
60,1961-02-25,time unavailable,@,Montreal Canadiens,1,1,T,REG,24,21,15,T 1
61,1961-02-26,time unavailable,H,Boston Bruins,7,2,W,REG,25,21,15,W 1
62,1961-02-28,time unavailable,@,Detroit Red Wings,1,3,L,REG,25,22,15,L 1
63,1961-03-02,time unavailable,H,New York Rangers,7,1,W,REG,26,22,15,W 1
64,1961-03-05,time unavailable,H,Toronto Maple Leafs,3,1,W,REG,27,22,15,W 2
65,1961-03-08,time unavailable,@,New York Rangers,4,3,W,REG,28,22,15,W 3
66,1961-03-11,time unavailable,@,Toronto Maple Leafs,2,2,T,REG,28,22,16,T 1
67,1961-03-12,time unavailable,H,Montreal Canadiens,2,6,L,REG,28,23,16,L 1
68,1961-03-15,time unavailable,H,Detroit Red Wings,2,2,T,REG,28,23,17,T 1
69,1961-03-18,time unavailable,@,Montreal Canadiens,4,1,W,REG,29,23,17,W 1
70,1961-03-19,time unavailable,@,Boston Bruins,3,4,L,REG,29,24,17,L 1

GP,Date,Time,Location,Opponent,GF,GA,Result,Game Ended In,W,L,T,Streak
1,1961-03-21,time unavailable,@,Montreal Canadiens,2,6,L,REG,0,1,0,L 1
2,1961-03-23,time unavailable,@,Montreal Canadiens,4,3,W,REG,1,1,0,W 1
3,1961-03-26,time unavailable,H,Montreal Canadiens,2,1,W,3OT,2,1,0,W 2
4,1961-03-28,time unavailable,H,Montreal Canadiens,2,5,L,REG,2,2,0,L 1
5,1961-04-01,time unavailable,@,Montreal Canadiens,3,0,W,REG,3,2,0,W 1
6,1961-04-04,time unavailable,H,Montreal Canadiens,3,0,W,REG,4,2,0,W 2
7,1961-04-06,time unavailable,H,Detroit Red Wings,3,2,W,REG,5,2,0,W 3
8,1961-04-08,time unavailable,@,Detroit Red Wings,1,3,L,REG,5,3,0,L 1
9,1961-04-10,time unavailable,H,Detroit Red Wings,3,1,W,REG,6,3,0,W 1
10,1961-04-12,time unavailable,@,Detroit Red Wings,1,2,L,REG,6,4,0,L 1
11,1961-04-14,time unavailable,H,Detroit Red Wings,6,3,W,REG,7,4,0,W 1
12,1961-04-16,time unavailable,@,Detroit Red Wings,5,1,W,REG,8,4,0,W 2

Al Arbour,,2,D,28,6-0,180,L/-,5,"November 1, 1932",ca,"3 G, 2 A, 5 P"
Earl Balfour,,20,LW,28,6-1,180,L/-,6,"January 4, 1933",ca,"3 G, 3 A, 6 P"
Murray Balfour,,8,RW,24,5-9,178,R/-,3,"August 24, 1936",ca,"21 G, 27 A, 48 P"
Jack Evans,,5,D,32,6-0,185,L/-,11,"April 21, 1928",gb,"0 G, 8 A, 8 P"
Reggie Fleming,,6,W/D,24,5-8,170,L/-,1,"April 21, 1936",ca,"4 G, 4 A, 8 P"
Glenn Hall,,1,G,29,5-11,180,-/L,7,"October 3, 1931",ca,"29-24-17, 2.51 GAA"
Bill Hay,,11,C,25,6-3,190,L/-,1,"December 9, 1935",ca,"11 G, 48 A, 59 P"
Wayne Hicks,,8,RW,23,5-11,185,R/-,R,"April 9, 1937",us,"0 G, 0 A, 0 P"
Bobby Hull,,16,LW,22,5-10,195,L/-,3,"January 3, 1939",ca,"31 G, 25 A, 56 P"
Ed Litzenberger,(C),12,RW,28,6-1,174,R/-,8,"July 15, 1932",ca,"10 G, 22 A, 32 P"
Ab McDonald,,14,LW,24,6-3,192,L/-,2,"February 18, 1936",ca,"17 G, 16 A, 33 P"
Stan Mikita,,21,RW,20,5-9,169,R/-,2,"May 20, 1940",cs,"19 G, 34 A, 53 P"
Ron Murphy,,10,LW,27,5-11,185,L/-,8,"April 10, 1933",ca,"21 G, 19 A, 40 P"
Eric Nesterenko,,15,C,27,6-2,197,R/-,9,"October 31, 1933",ca,"19 G, 19 A, 38 P"
Pierre Pilote,,3,D,29,5-10,178,L/-,5,"December 11, 1931",ca,"6 G, 29 A, 35 P"
Tod Sloan,,9,C,33,5-10,152,R/-,12,"November 30, 1927",ca,"11 G, 23 A, 34 P"
Dollard St. Laurent,,19,D,31,5-11,205,L/-,10,"May 12, 1929",ca,"2 G, 17 A, 19 P"
Moose Vasko,,4,D,25,6-2,200,L/-,4,"December 11, 1935",ca,"4 G, 18 A, 22 P"
Kenny Wharram,,17,RW,27,5-9,160,R/-,5,"July 2, 1933",ca,"16 G, 29 A, 45 P"
