Boston Bruins,BOS,nhl
1925-26,1926
20
36
0
GP,Date,Time,Location,Opponent,GF,GA,Result,Game Ended In,W,L,T,Streak
1,1925-11-26,time unavailable,H,Pittsburgh Pirates,1,2,L,REG,0,1,0,L 1
2,1925-11-28,time unavailable,@,Toronto St. Patricks,3,2,W,REG,1,1,0,W 1
3,1925-12-01,time unavailable,H,Montreal Canadiens,2,3,L,REG,1,2,0,L 1
4,1925-12-03,time unavailable,@,Ottawa Senators,0,2,L,REG,1,3,0,L 2
5,1925-12-05,time unavailable,@,Montreal Maroons,0,4,L,REG,1,4,0,L 3
6,1925-12-08,time unavailable,H,Montreal Maroons,3,2,W,REG,2,4,0,W 1
7,1925-12-11,time unavailable,@,Pittsburgh Pirates,3,5,L,REG,2,5,0,L 1
8,1925-12-15,time unavailable,H,Ottawa Senators,1,2,L,REG,2,6,0,L 2
9,1925-12-19,time unavailable,@,Montreal Canadiens,5,6,L,OT,2,7,0,L 3
10,1925-12-22,time unavailable,H,New York Americans,2,3,L,REG,2,8,0,L 4
11,1925-12-29,time unavailable,H,Toronto St. Patricks,3,0,W,REG,3,8,0,W 1
12,1926-01-05,time unavailable,H,Pittsburgh Pirates,3,0,W,REG,4,8,0,W 2
13,1926-01-07,time unavailable,@,New York Americans,2,2,T,OT,4,8,1,T 1
14,1926-01-09,time unavailable,@,Toronto St. Patricks,2,3,L,REG,4,9,1,L 1
15,1926-01-12,time unavailable,H,Montreal Canadiens,2,4,L,REG,4,10,1,L 2
16,1926-01-15,time unavailable,@,Pittsburgh Pirates,1,5,L,REG,4,11,1,L 3
17,1926-01-19,time unavailable,H,Montreal Maroons,3,3,T,OT,4,11,2,T 1
18,1926-01-23,time unavailable,@,New York Americans,2,2,T,OT,4,11,3,T 2
19,1926-01-26,time unavailable,H,Ottawa Senators,2,8,L,REG,4,12,3,L 1
20,1926-01-30,time unavailable,@,Montreal Maroons,5,0,W,REG,5,12,3,W 1
21,1926-02-02,time unavailable,H,Toronto St. Patricks,3,2,W,REG,6,12,3,W 2
22,1926-02-04,time unavailable,@,Ottawa Senators,3,2,W,REG,7,12,3,W 3
23,1926-02-06,time unavailable,@,Montreal Canadiens,3,3,T,OT,7,12,4,T 1
24,1926-02-09,time unavailable,H,New York Americans,4,0,W,REG,8,12,4,W 1
25,1926-02-13,time unavailable,@,Toronto St. Patricks,7,4,W,REG,9,12,4,W 2
26,1926-02-16,time unavailable,H,Pittsburgh Pirates,3,2,W,OT,10,12,4,W 3
27,1926-02-18,time unavailable,@,New York Americans,7,3,W,REG,11,12,4,W 4
28,1926-02-20,time unavailable,@,Montreal Canadiens,3,1,W,REG,12,12,4,W 5
29,1926-02-22,time unavailable,H,Toronto St. Patricks,2,1,W,OT,13,12,4,W 6
30,1926-02-27,time unavailable,@,Ottawa Senators,2,3,L,REG,13,13,4,L 1
31,1926-03-02,time unavailable,H,Montreal Canadiens,4,1,W,REG,14,13,4,W 1
32,1926-03-04,time unavailable,@,Montreal Maroons,3,2,W,REG,15,13,4,W 2
33,1926-03-06,time unavailable,H,Ottawa Senators,1,0,W,REG,16,13,4,W 3
34,1926-03-09,time unavailable,H,New York Americans,0,1,L,REG,16,14,4,L 1
35,1926-03-12,time unavailable,@,Pittsburgh Pirates,1,2,L,OT,16,15,4,L 2
36,1926-03-16,time unavailable,H,Montreal Maroons,1,0,W,REG,17,15,4,W 1

Time,Location,Result,Game Ended In

Fred Bergdinon,,n/a,F,19,6-1,170,R/-,R,"June 22, 1906",ca,"0 G, 0 A, 0 P"
John Brackenborough,,n/a,C,28,5-11,170,L/-,R,"February 9, 1897",ca,"0 G, 0 A, 0 P"
Charles Cahill,,n/a,F,22,5-10,180,R/-,R,"January 4, 1904",ca,"0 G, 1 A, 1 P"
Sprague Cleghorn,,n/a,D,35,5-10,190,L/-,7,"March 11, 1890",ca,"6 G, 5 A, 11 P"
Carson Cooper,,n/a,RW,26,5-7,160,R/-,1,"July 17, 1899",ca,"28 G, 3 A, 31 P"
Gerry Geran,,n/a,F,29,5-9,180,R/-,1,"August 3, 1896",us,"5 G, 1 A, 6 P"
Hago Harrington,,n/a,LW,21,5-8,163,L/-,R,"August 13, 1904",us,"7 G, 2 A, 9 P"
Jimmy Herbert,,n/a,C,28,5-10,185,R/-,1,"October 31, 1897",ca,"26 G, 5 A, 31 P"
Lionel Hitchman,,n/a,D,24,6-1,167,L/-,3,"November 3, 1901",ca,"7 G, 4 A, 11 P"
Stan Jackson,,n/a,LW,27,6-0,180,L/-,3,"August 27, 1898",ca,"3 G, 3 A, 6 P"
Bonner Larose,,n/a,F,24,5-8,170,L/-,R,"February 14, 1901",ca,"0 G, 0 A, 0 P"
Joe Matte,,n/a,RW/D,32,5-11,165,R/-,3,"March 6, 1893",ca,"0 G, 0 A, 0 P"
Herb Mitchell,,n/a,D,30,5-10,190,L/-,1,"January 4, 1896",ca,"3 G, 0 A, 3 P"
George Redding,,n/a,D,22,5-7,145,L/-,1,"March 6, 1903",ca,"0 G, 0 A, 0 P"
Moe Roberts,,n/a,G,20,5-9,165,-/R,R,"December 13, 1905",us,"1-1-0, 3.53 GAA"
Werner Schnarr,,n/a,F,22,5-7,145,L/-,1,"March 23, 1903",ca,"0 G, 0 A, 0 P"
Norm Shay,,n/a,LW,26,5-9,158,L/-,1,"February 3, 1899",ca,"1 G, 0 A, 1 P"
Phil Stevens,,n/a,D,32,5-11,165,R/-,2,"February 15, 1893",ca,"0 G, 0 A, 0 P"
Charles Stewart,,n/a,G,30,5-7,140,-/L,1,"November 13, 1895",ca,"16-14-4, 2.21 GAA"
Billy Stuart,,n/a,D,25,5-11,190,L/-,5,"February 1, 1900",ca,"6 G, 1 A, 7 P"
