Pittsburgh Pirates,PTP,nhl
1925-26,1926
14
36
2
GP,Date,Time,Location,Opponent,GF,GA,Result,Game Ended In,W,L,T,Streak
1,1925-11-26,time unavailable,@,Boston Bruins,2,1,W,REG,1,0,0,W 1
2,1925-11-28,time unavailable,@,Montreal Canadiens,1,0,W,REG,2,0,0,W 2
3,1925-12-02,time unavailable,H,New York Americans,1,2,L,OT,2,1,0,L 1
4,1925-12-05,time unavailable,@,Ottawa Senators,0,1,L,REG,2,2,0,L 2
5,1925-12-09,time unavailable,H,Toronto St. Patricks,6,3,W,REG,3,2,0,W 1
6,1925-12-11,time unavailable,H,Boston Bruins,5,3,W,REG,4,2,0,W 2
7,1925-12-16,time unavailable,H,Montreal Maroons,2,4,L,REG,4,3,0,L 1
8,1925-12-18,time unavailable,H,New York Americans,3,2,W,REG,5,3,0,W 1
9,1925-12-19,time unavailable,@,Toronto St. Patricks,1,1,T,OT,5,3,1,T 1
10,1925-12-23,time unavailable,@,Montreal Maroons,0,1,L,OT,5,4,1,L 1
11,1925-12-26,time unavailable,@,New York Americans,1,3,L,REG,5,5,1,L 2
12,1925-12-30,time unavailable,H,Ottawa Senators,0,5,L,REG,5,6,1,L 3
13,1926-01-01,time unavailable,H,Montreal Canadiens,1,2,L,REG,5,7,1,L 4
14,1926-01-05,time unavailable,@,Boston Bruins,0,3,L,REG,5,8,1,L 5
15,1926-01-13,time unavailable,@,Ottawa Senators,0,1,L,REG,5,9,1,L 6
16,1926-01-15,time unavailable,H,Boston Bruins,5,1,W,REG,6,9,1,W 1
17,1926-01-19,time unavailable,@,New York Americans,4,0,W,REG,7,9,1,W 2
18,1926-01-21,time unavailable,H,Toronto St. Patricks,5,4,W,REG,8,9,1,W 3
19,1926-01-23,time unavailable,@,Montreal Maroons,1,4,L,REG,8,10,1,L 1
20,1926-01-27,time unavailable,H,Montreal Maroons,2,1,W,OT,9,10,1,W 1
21,1926-01-29,time unavailable,@,Toronto St. Patricks,2,3,L,REG,9,11,1,L 1
22,1926-02-02,time unavailable,H,Ottawa Senators,1,0,W,REG,10,11,1,W 1
23,1926-02-06,time unavailable,@,New York Americans,6,1,W,REG,11,11,1,W 2
24,1926-02-09,time unavailable,@,Montreal Canadiens,2,4,L,REG,11,12,1,L 1
25,1926-02-13,time unavailable,H,Montreal Canadiens,3,0,W,REG,12,12,1,W 1
26,1926-02-16,time unavailable,@,Boston Bruins,2,3,L,OT,12,13,1,L 1
27,1926-02-19,time unavailable,H,New York Americans,2,3,L,REG,12,14,1,L 2
28,1926-02-20,time unavailable,@,Toronto St. Patricks,1,3,L,REG,12,15,1,L 3
29,1926-02-23,time unavailable,H,Montreal Canadiens,3,2,W,REG,13,15,1,W 1
30,1926-02-26,time unavailable,H,Montreal Maroons,1,0,W,REG,14,15,1,W 2
31,1926-03-02,time unavailable,@,Montreal Maroons,4,0,W,REG,15,15,1,W 3
32,1926-03-04,time unavailable,H,Toronto St. Patricks,7,2,W,REG,16,15,1,W 4
33,1926-03-08,time unavailable,@,Ottawa Senators,0,3,L,REG,16,16,1,L 1
34,1926-03-09,time unavailable,@,Montreal Canadiens,4,3,W,REG,17,16,1,W 1
35,1926-03-12,time unavailable,H,Boston Bruins,2,1,W,OT,18,16,1,W 2
36,1926-03-15,time unavailable,H,Ottawa Senators,2,0,W,REG,19,16,1,W 3

GP,Date,Time,Location,Opponent,GF,GA,Result,Game Ended In,W,L,T,Streak
1,1926-03-20,time unavailable,H,Montreal Maroons,1,3,L,REG,0,1,0,L 1
2,1926-03-23,time unavailable,@,Montreal Maroons,3,3,T,REG,0,1,1,T 1

Louis Berlinguette,,n/a,LW,38,5-11,175,L/-,7,"May 26, 1887",ca,"0 G, 0 A, 0 P"
Odie Cleghorn,,n/a,RW/C,34,5-9,195,R/-,7,"September 19, 1891",ca,"2 G, 1 A, 3 P"
Lionel Conacher,,n/a,D,24,6-2,195,L/-,R,"May 24, 1901",ca,"9 G, 4 A, 13 P"
Baldy Cotton,,n/a,LW,23,5-10,155,L/-,R,"November 5, 1902",ca,"7 G, 1 A, 8 P"
Harold Darragh,,n/a,RW,23,5-10,145,R/-,R,"September 13, 1902",ca,"10 G, 7 A, 17 P"
Herb Drury,,n/a,LW,30,5-7,165,R/-,R,"March 2, 1895",ca,"6 G, 2 A, 8 P"
Fred Lowrey,,n/a,D,23,5-9,155,R/-,1,"August 12, 1902",ca,"0 G, 0 A, 0 P"
Duke McCurry,,n/a,LW,25,5-8,160,L/-,R,"June 13, 1900",ca,"13 G, 4 A, 17 P"
Hib Milks,,n/a,LW,26,5-11,165,L/-,R,"April 1, 1899",ca,"14 G, 5 A, 19 P"
Alf Skinner,,n/a,RW,30,5-10,180,R/-,3,"January 26, 1896",ca,"0 G, 0 A, 0 P"
Rodger Smith,,n/a,D,29,6-0,175,L/-,R,"July 26, 1896",ca,"9 G, 1 A, 10 P"
Jesse Spring,,n/a,D,25,6-0,185,L/-,2,"January 18, 1901",us,"5 G, 0 A, 5 P"
Tex White,,n/a,RW,25,5-11,155,R/-,R,"June 26, 1900",ca,"7 G, 1 A, 8 P"
Roy Worters,,n/a,G,25,5-3,135,-/L,R,"October 19, 1900",ca,"18-16-1, 1.90 GAA"
