INFO:
teamName,Honey Badgers
teamAbbreviation,Honey Badgers
sportId,n/a
sportName,n/a
sportRules,n/a
leagueId,watMu
levelId,n/a
seasonName,n/a
seasonId,n/a
Roster Size,14
Season Games Played,6
Playoff Round Lengths,1,1,1
END_INFO

SEASON:
Date/Time,Location,Opposing Team,Score,S.O.C.
Tue Jan 20 @ 6:00 pm,Columbia Icefield: Gym 3,The Self-Righteous Kitchen Cabinets,won 5 - 3,2
Thu Jan 22 @ 10:00 pm,Columbia Icefield: Gym 3,Hodor,won 7 - 2,3
Thu Feb 26 @ 6:00 pm,Columbia Icefield: Gym 3,East Balls,lost 4 - 5,3
Sat Feb 28 @ 7:30 pm,Columbia Icefield: Gym 2,Renison Dodgeball,lost 1 - 8,3
Sat Mar 7 @ 1:30 pm,Columbia Icefield: Gym 2,Ball.Dodge(),lost 0 - 5,-2
Tue Mar 10 @ 6:00 pm,Columbia Icefield: Gym 3,East Balls,lost 3 - 5,3
END_SEASON

PLAYOFFS:
Date/Time,Location,Opposing Team,Score,S.O.C.
Sat Mar 14 @ 3:30 pm,Columbia Icefield: Gym 2,Renison Dodgeball,won 3 - 6,2
Sat Mar 28 @ 2:00 pm,Columbia Icefield: Gym 3,Nigerian Block Party,won 5 - 3,2
Mon Mar 30 @ 8:00 pm,Columbia Icefield: Gym 3,East Balls,lost 5 - 3,2
END_PLAYOFFS

ROSTER:
Player,Captaincy,uwaterloo_email
Nicole Holland,(C),nholland@uwaterloo.ca
Nasim Ahmadpour,,
Ian Brooks,,
Tyler Charron,,
Christopher Cotterell,,
Zachary Dumencu,,
Ranisha Fernando,,
Jay Flannigan,,
Jesse Kerckaert,,
Emma Pilkington,,
Anitta Raviraj,,
Andrew Riley,,
Patrick Ryan,,
Liam Teeple,,
END_ROSTER
