INFO:
teamName,Ball.Dodge()
teamAbbreviation,Ball.Dodge()
sportId,n/a
sportName,n/a
sportRules,n/a
leagueId,watMu
levelId,n/a
seasonName,n/a
seasonId,n/a
Roster Size,12
Season Games Played,6
Playoff Round Lengths,1
END_INFO

SEASON:
Date/Time,Location,Opposing Team,Score,S.O.C.
Sat Jan 17 @ 3:30 pm,Columbia Icefield: Gym 2,The Self-Righteous Kitchen Cabinets,lost 2 - 5,2
Tue Jan 27 @ 5:00 pm,Columbia Icefield: Gym 3,Nigerian Block Party,lost 5 - 2,3
Sat Feb 7 @ 1:30 pm,Columbia Icefield: Gym 2,East Balls,lost 0 - 9,3
Mon Feb 9 @ 10:00 pm,Columbia Icefield: Gym 3,Hodor,lost 8 - 1,3
Sat Feb 28 @ 1:30 pm,Columbia Icefield: Gym 2,Throw Throw Power Rangers,lost 7 - 2,3
Sat Mar 7 @ 1:30 pm,Columbia Icefield: Gym 2,Honey Badgers,won 0 - 5,avg.
END_SEASON

PLAYOFFS:
Date/Time,Location,Opposing Team,Score,S.O.C.
Sat Mar 14 @ 9:30 pm,Columbia Icefield: Gym 2,Nigerian Block Party,lost 8 - 1,1
END_PLAYOFFS

ROSTER:
Player,Captaincy,uwaterloo_email
Larissa Ulitsky,(C),lulitsky@uwaterloo.ca
Tristan Hume,,
Elizabeth Kish,,
Lukas Lorimer,,
Marc Mailhot,,
Patrick Melanson,,
Arshia Mufti,,
Nolan Munce,,
David Pagurek Van Mossel,,
Carly Pearson-Ennett,,
Zhi Wen,,
Chengtao Zou,,
END_ROSTER
