INFO:
teamName,East Balls
teamAbbreviation,East Balls
sportId,n/a
sportName,n/a
sportRules,n/a
leagueId,watMu
levelId,n/a
seasonName,n/a
seasonId,n/a
Roster Size,16
Season Games Played,6
Playoff Round Lengths,1,1,1
END_INFO

SEASON:
Date/Time,Location,Opposing Team,Score,S.O.C.
Tue Jan 27 @ 6:00 pm,Columbia Icefield: Gym 3,Beast 6,won 5 - 2,3
Thu Jan 29 @ 7:00 pm,Columbia Icefield: Gym 3,Hodor,won 4 - 3,3
Sat Feb 7 @ 1:30 pm,Columbia Icefield: Gym 2,Ball.Dodge(),won 0 - 9,3
Tue Feb 10 @ 6:00 pm,Columbia Icefield: Gym 3,Throw Throw Power Rangers,won 6 - 3,3
Thu Feb 26 @ 6:00 pm,Columbia Icefield: Gym 3,Honey Badgers,won 4 - 5,3
Tue Mar 10 @ 6:00 pm,Columbia Icefield: Gym 3,Honey Badgers,won 3 - 5,3
END_SEASON

PLAYOFFS:
Date/Time,Location,Opposing Team,Score,S.O.C.
Sat Mar 21 @ 2:30 pm,Columbia Icefield: Gym 2,The Self-Righteous Kitchen Cabinets,won 5 - 0,2
Mon Mar 23 @ 8:00 pm,Columbia Icefield: Gym 3,Throw Throw Power Rangers,won 3 - 5,2
Mon Mar 30 @ 8:00 pm,Columbia Icefield: Gym 3,Honey Badgers,won 5 - 3,2
END_PLAYOFFS

ROSTER:
Player,Captaincy,uwaterloo_email
Kurtis Marvyn,(C),kjmarvyn@uwaterloo.ca
Jensen Chadee,,
Andres Escobar Moya,,
Zachary Gilmour,,
Prateek Gusainwal,,
Daniel Kerney,,
Navia Kumar,,
Kunyang Liu,,
Shayan Memarzadeh-Zahedani,,
Malhar Patel,,
Galen Perera,,
Michael Saunders,,
Ethan Tam,,
Benjamin Wu,,
Tengqi Zhan,,
Zi Zhang,,
END_ROSTER
