INFO:
teamName,Hodor
teamAbbreviation,Hodor
sportId,n/a
sportName,n/a
sportRules,n/a
leagueId,watMu
levelId,n/a
seasonName,n/a
seasonId,n/a
Roster Size,18
Season Games Played,6
Playoff Round Lengths,1
END_INFO

SEASON:
Date/Time,Location,Opposing Team,Score,S.O.C.
Thu Jan 15 @ 10:00 pm,Columbia Icefield: Gym 3,Nigerian Block Party,lost 6 - 3,3
Thu Jan 22 @ 10:00 pm,Columbia Icefield: Gym 3,Honey Badgers,lost 7 - 2,3
Thu Jan 29 @ 7:00 pm,Columbia Icefield: Gym 3,East Balls,lost 4 - 3,3
Thu Feb 5 @ 7:00 pm,Columbia Icefield: Gym 3,Beast 6,won 1 - 7,3
Mon Feb 9 @ 10:00 pm,Columbia Icefield: Gym 3,Ball.Dodge(),won 8 - 1,3
Thu Mar 5 @ 10:00 pm,Columbia Icefield: Gym 3,The Self-Righteous Kitchen Cabinets,won 5 - 0,2
END_SEASON

PLAYOFFS:
Date/Time,Location,Opposing Team,Score,S.O.C.
Thu Mar 19 @ 10:00 pm,Columbia Icefield: Gym 3,Throw Throw Power Rangers,lost 5 - 3,2
END_PLAYOFFS

ROSTER:
Player,Captaincy,uwaterloo_email
Sieyor Roach,(C),saroach@uwaterloo.ca
Stanley Fung,,
Rakin Hoque,,
Kenneth Kwong,,
Johnny Li,,
Chen Lin,,
Calend Moore,,
Reesha Morar,,
Sami Nouralla,,
Merrilee Pan,,
Tao Shen,,
Kirk Smith,,
Rebecca Thompson,,
Wilson Tran,,
Nina Volzhanina,,
Teresa Wong,,
Alex Wu,,
Zi Zhao,,
END_ROSTER
