INFO:
teamName,Nigerian Block Party
teamAbbreviation,Nigerian Block Party
sportId,n/a
sportName,n/a
sportRules,n/a
leagueId,watMu
levelId,n/a
seasonName,n/a
seasonId,n/a
Roster Size,19
Season Games Played,6
Playoff Round Lengths,1,1
END_INFO

SEASON:
Date/Time,Location,Opposing Team,Score,S.O.C.
Thu Jan 15 @ 10:00 pm,Columbia Icefield: Gym 3,Hodor,won 6 - 3,3
Tue Jan 27 @ 5:00 pm,Columbia Icefield: Gym 3,Ball.Dodge(),won 5 - 2,3
Tue Feb 3 @ 5:00 pm,Columbia Icefield: Gym 3,Beast 6,won 5 - 0,avg.
Tue Feb 10 @ 5:00 pm,Columbia Icefield: Gym 3,The Self-Righteous Kitchen Cabinets,won 6 - 2,3
Thu Mar 5 @ 5:00 pm,Columbia Icefield: Gym 3,Renison Dodgeball,won 5 - 0,avg.
Tue Mar 10 @ 5:00 pm,Columbia Icefield: Gym 3,Beast 6,tie 0 - 0,-2
END_SEASON

PLAYOFFS:
Date/Time,Location,Opposing Team,Score,S.O.C.
Sat Mar 14 @ 9:30 pm,Columbia Icefield: Gym 2,Ball.Dodge(),won 8 - 1,1
Sat Mar 28 @ 2:00 pm,Columbia Icefield: Gym 3,Honey Badgers,lost 5 - 3,2
END_PLAYOFFS

ROSTER:
Player,Captaincy,uwaterloo_email
Ray Maducdoc,(C),rfmaducd@uwaterloo.ca
Raul Acevedo,,
Fyaaz Barakati,,
Carl Cao,,
Jeffrey Chen,,
Shivdeep Kalsi,,
Srushti Koorapati,,
Jessica Lam,,
Stephen Leung,,
Paige Lim,,
Bernard Mak,,
Siddharth Pathela,,
Aleksandar Pesic,,
Pranjal Singh,,
Edward Tan,,
Priyanka Tolani,,
Kevin Tse,,
Yen-Cheng Wu,,
Xiu Zhang,,
END_ROSTER
