INFO:
teamName,Beast 6
teamAbbreviation,Beast 6
sportId,n/a
sportName,n/a
sportRules,n/a
leagueId,watMu
levelId,n/a
seasonName,n/a
seasonId,n/a
Roster Size,12
Season Games Played,6
Playoff Round Lengths,1
END_INFO

SEASON:
Date/Time,Location,Opposing Team,Score,S.O.C.
Tue Jan 27 @ 6:00 pm,Columbia Icefield: Gym 3,East Balls,lost 5 - 2,3
Sat Jan 31 @ 1:30 pm,Columbia Icefield: Gym 2,Throw Throw Power Rangers,lost 9 - 0,3
Tue Feb 3 @ 5:00 pm,Columbia Icefield: Gym 3,Nigerian Block Party,lost 5 - 0,-2
Thu Feb 5 @ 7:00 pm,Columbia Icefield: Gym 3,Hodor,lost 1 - 7,3
Sat Feb 21 @ 6:30 pm,Columbia Icefield: Gym 2,Renison Dodgeball,tie 0 - 0,0
Tue Mar 10 @ 5:00 pm,Columbia Icefield: Gym 3,Nigerian Block Party,tie 0 - 0,-2
END_SEASON

PLAYOFFS:
Date/Time,Location,Opposing Team,Score,S.O.C.
Sat Mar 14 @ 1:30 pm,Columbia Icefield: Gym 2,The Self-Righteous Kitchen Cabinets,lost 0 - 5,-2
END_PLAYOFFS

ROSTER:
Player,Captaincy,uwaterloo_email
Carly McCready,(C),camccrea@uwaterloo.ca
Asees Bhullar,,
Anish Chopra,,
Samuel Clegg,,
Zamil Hirani,,
Dulwin Jayalath,,
Esther Kwong,,
Connor Ladly-Fredeen,,
Kareem Salem,,
Christopher Wong,,
Eric Woods,,
Ching Wu,,
END_ROSTER
