INFO:
teamName,Renison Dodgeball
teamAbbreviation,Renison Dodgeball
sportId,n/a
sportName,n/a
sportRules,n/a
leagueId,watMu
levelId,n/a
seasonName,n/a
seasonId,n/a
Roster Size,24
Season Games Played,6
Playoff Round Lengths,1
END_INFO

SEASON:
Date/Time,Location,Opposing Team,Score,S.O.C.
Sat Jan 24 @ 8:30 pm,Columbia Icefield: Gym 2,The Self-Righteous Kitchen Cabinets,won 8 - 0,2
Sat Feb 21 @ 6:30 pm,Columbia Icefield: Gym 2,Beast 6,tie 0 - 0,0
Sat Feb 28 @ 7:30 pm,Columbia Icefield: Gym 2,Honey Badgers,won 1 - 8,2
Mon Mar 2 @ 9:00 pm,Columbia Icefield: Gym 3,Throw Throw Power Rangers,tie 2 - 2,2
Thu Mar 5 @ 5:00 pm,Columbia Icefield: Gym 3,Nigerian Block Party,lost 5 - 0,-2
Sat Mar 7 @ 8:30 pm,Columbia Icefield: Gym 2,Throw Throw Power Rangers,won 3 - 6,2
END_SEASON

PLAYOFFS:
Date/Time,Location,Opposing Team,Score,S.O.C.
Sat Mar 14 @ 3:30 pm,Columbia Icefield: Gym 2,Honey Badgers,lost 3 - 6,2
END_PLAYOFFS

ROSTER:
Player,Captaincy,uwaterloo_email
Connor Deluca,(C),clsdeluc@uwaterloo.ca
Muhammad Afzal,,
Emmanuel Allen,,
Adam Capobianco,,
Daelen Fadelle,,
Anne Filion,,
Anita Ghosh,,
Gurpreet Gill,,
Matthew Gougeon,,
Jordan Head,,
Sabrina Ibrahimi,,
Nathan Konrad,,
Jaeho Lee,,
Emily McClement,,
Eric Miller,,
Ana Penacho,,
Amanda Robinson,,
Adriana Romagnino,,
Julian Rossi,,
Md Sharif,,
Jesse Stremler,,
Mitchell Vandermey,,
Damien Wilson,,
Jason Young,,
END_ROSTER
