INFO:
teamName,Throw Throw Power Rangers
teamAbbreviation,Throw Throw Power Rangers
sportId,n/a
sportName,n/a
sportRules,n/a
leagueId,watMu
levelId,n/a
seasonName,n/a
seasonId,n/a
Roster Size,13
Season Games Played,6
Playoff Round Lengths,1,1
END_INFO

SEASON:
Date/Time,Location,Opposing Team,Score,S.O.C.
Sat Jan 31 @ 1:30 pm,Columbia Icefield: Gym 2,Beast 6,won 9 - 0,3
Tue Feb 10 @ 6:00 pm,Columbia Icefield: Gym 3,East Balls,lost 6 - 3,3
Sat Feb 28 @ 1:30 pm,Columbia Icefield: Gym 2,Ball.Dodge(),won 7 - 2,3
Mon Mar 2 @ 9:00 pm,Columbia Icefield: Gym 3,Renison Dodgeball,tie 2 - 2,1
Tue Mar 3 @ 4:00 pm,Columbia Icefield: Gym 3,The Self-Righteous Kitchen Cabinets,won 6 - 1,2
Sat Mar 7 @ 8:30 pm,Columbia Icefield: Gym 2,Renison Dodgeball,lost 3 - 6,2
END_SEASON

PLAYOFFS:
Date/Time,Location,Opposing Team,Score,S.O.C.
Thu Mar 19 @ 10:00 pm,Columbia Icefield: Gym 3,Hodor,won 5 - 3,2
Mon Mar 23 @ 8:00 pm,Columbia Icefield: Gym 3,East Balls,lost 3 - 5,2
END_PLAYOFFS

ROSTER:
Player,Captaincy,uwaterloo_email
Cody Lust,(C),clust@uwaterloo.ca
Jared Borosch,,
Nicolas Driever,,
Brodie Dunley,,
David Emond,,
Connor Judge,,
Madison McDonald,,
Alberto Pagano,,
Tyler Tolhurst,,
Kaitlyn Unger,,
Aaron Wallace,,
Taite Wirschke,,
Emily Wood,,
END_ROSTER
