INFO:
teamName,The Self-Righteous Kitchen Cabinets
teamAbbreviation,The Self-Righteous Kitchen Cabinets
sportId,n/a
sportName,n/a
sportRules,n/a
leagueId,watMu
levelId,n/a
seasonName,n/a
seasonId,n/a
Roster Size,12
Season Games Played,6
Playoff Round Lengths,1,1
END_INFO

SEASON:
Date/Time,Location,Opposing Team,Score,S.O.C.
Sat Jan 17 @ 3:30 pm,Columbia Icefield: Gym 2,Ball.Dodge(),won 2 - 5,2
Tue Jan 20 @ 6:00 pm,Columbia Icefield: Gym 3,Honey Badgers,lost 5 - 3,3
Sat Jan 24 @ 8:30 pm,Columbia Icefield: Gym 2,Renison Dodgeball,lost 8 - 0,3
Tue Feb 10 @ 5:00 pm,Columbia Icefield: Gym 3,Nigerian Block Party,lost 6 - 2,3
Tue Mar 3 @ 4:00 pm,Columbia Icefield: Gym 3,Throw Throw Power Rangers,lost 6 - 1,2
Thu Mar 5 @ 10:00 pm,Columbia Icefield: Gym 3,Hodor,lost 5 - 0,2
END_SEASON

PLAYOFFS:
Date/Time,Location,Opposing Team,Score,S.O.C.
Sat Mar 14 @ 1:30 pm,Columbia Icefield: Gym 2,Beast 6,won 0 - 5,0
Sat Mar 21 @ 2:30 pm,Columbia Icefield: Gym 2,East Balls,lost 5 - 0,2
END_PLAYOFFS

ROSTER:
Player,Captaincy,uwaterloo_email
Sarah Wright,(C),se2wrigh@uwaterloo.ca
Jackson Brown,,
Candace Bustard,,
Sara Camplin,,
Mikhaila Dykstra,,
Samuel Garcia Barrios,,
Angela Krone,,
Aidan Morley,,
Eric Rempel,,
Rebecca Rossi,,
Zachary Strike,,
Mark Whyte,,
END_ROSTER
