Philadelphia Flyers,PHI,nhl
1971-72,1972
39
78
0
GP,Date,Time,Location,Opponent,GF,GA,Result,Game Ended In,W,L,T,Streak
1,1971-10-09,time unavailable,@,Pittsburgh Penguins,2,3,L,REG,0,1,0,L 1
2,1971-10-12,time unavailable,@,Vancouver Canucks,2,3,L,REG,0,2,0,L 2
3,1971-10-13,time unavailable,@,California Golden Seals,5,4,W,REG,1,2,0,W 1
4,1971-10-16,time unavailable,@,Los Angeles Kings,1,0,W,REG,2,2,0,W 2
5,1971-10-21,time unavailable,H,Los Angeles Kings,0,7,L,REG,2,3,0,L 1
6,1971-10-23,time unavailable,@,Toronto Maple Leafs,3,5,L,REG,2,4,0,L 2
7,1971-10-24,time unavailable,H,Chicago Black Hawks,2,1,W,REG,3,4,0,W 1
8,1971-10-28,time unavailable,H,Vancouver Canucks,3,2,W,REG,4,4,0,W 2
9,1971-10-30,time unavailable,@,St. Louis Blues,4,4,T,REG,4,4,1,T 1
10,1971-10-31,time unavailable,H,Montreal Canadiens,5,3,W,REG,5,4,1,W 1
11,1971-11-03,time unavailable,@,Chicago Black Hawks,0,3,L,REG,5,5,1,L 1
12,1971-11-05,time unavailable,@,Buffalo Sabres,2,5,L,REG,5,6,1,L 2
13,1971-11-07,time unavailable,H,Minnesota North Stars,0,3,L,REG,5,7,1,L 3
14,1971-11-11,time unavailable,H,Vancouver Canucks,4,3,W,REG,6,7,1,W 1
15,1971-11-13,time unavailable,H,Detroit Red Wings,3,6,L,REG,6,8,1,L 1
16,1971-11-14,time unavailable,H,Toronto Maple Leafs,3,3,T,REG,6,8,2,T 1
17,1971-11-18,time unavailable,H,Los Angeles Kings,2,0,W,REG,7,8,2,W 1
18,1971-11-20,time unavailable,@,Montreal Canadiens,2,2,T,REG,7,8,3,T 1
19,1971-11-21,time unavailable,H,Minnesota North Stars,1,1,T,REG,7,8,4,T 2
20,1971-11-24,time unavailable,H,Boston Bruins,1,2,L,REG,7,9,4,L 1
21,1971-11-25,time unavailable,@,Boston Bruins,2,4,L,REG,7,10,4,L 2
22,1971-11-28,time unavailable,H,New York Rangers,2,4,L,REG,7,11,4,L 3
23,1971-12-02,time unavailable,H,Detroit Red Wings,1,1,T,REG,7,11,5,T 1
24,1971-12-04,time unavailable,@,Minnesota North Stars,1,3,L,REG,7,12,5,L 1
25,1971-12-05,time unavailable,H,California Golden Seals,3,0,W,REG,8,12,5,W 1
26,1971-12-09,time unavailable,H,New York Rangers,0,5,L,REG,8,13,5,L 1
27,1971-12-11,time unavailable,@,Detroit Red Wings,3,6,L,REG,8,14,5,L 2
28,1971-12-12,time unavailable,H,Montreal Canadiens,4,1,W,REG,9,14,5,W 1
29,1971-12-15,time unavailable,@,New York Rangers,2,6,L,REG,9,15,5,L 1
30,1971-12-16,time unavailable,H,Buffalo Sabres,5,0,W,REG,10,15,5,W 1
31,1971-12-19,time unavailable,H,Toronto Maple Leafs,0,4,L,REG,10,16,5,L 1
32,1971-12-25,time unavailable,@,Boston Bruins,1,5,L,REG,10,17,5,L 2
33,1971-12-26,time unavailable,H,Pittsburgh Penguins,6,1,W,REG,11,17,5,W 1
34,1971-12-29,time unavailable,@,New York Rangers,1,5,L,REG,11,18,5,L 1
35,1972-01-01,time unavailable,@,St. Louis Blues,4,4,T,REG,11,18,6,T 1
36,1972-01-02,time unavailable,@,Chicago Black Hawks,2,6,L,REG,11,19,6,L 1
37,1972-01-06,time unavailable,H,St. Louis Blues,2,3,L,REG,11,20,6,L 2
38,1972-01-08,time unavailable,@,Toronto Maple Leafs,2,2,T,REG,11,20,7,T 1
39,1972-01-09,time unavailable,H,California Golden Seals,10,3,W,REG,12,20,7,W 1
40,1972-01-11,time unavailable,@,Detroit Red Wings,0,5,L,REG,12,21,7,L 1
41,1972-01-15,time unavailable,@,Pittsburgh Penguins,2,4,L,REG,12,22,7,L 2
42,1972-01-16,time unavailable,H,Los Angeles Kings,3,3,T,REG,12,22,8,T 1
43,1972-01-20,time unavailable,H,Chicago Black Hawks,3,2,W,REG,13,22,8,W 1
44,1972-01-22,time unavailable,@,Los Angeles Kings,2,4,L,REG,13,23,8,L 1
45,1972-01-23,time unavailable,@,California Golden Seals,1,3,L,REG,13,24,8,L 2
46,1972-01-27,time unavailable,@,Boston Bruins,2,4,L,REG,13,25,8,L 3
47,1972-01-29,time unavailable,H,Boston Bruins,2,4,L,REG,13,26,8,L 4
48,1972-01-30,time unavailable,H,Pittsburgh Penguins,4,0,W,REG,14,26,8,W 1
49,1972-02-03,time unavailable,H,Detroit Red Wings,5,4,W,REG,15,26,8,W 2
50,1972-02-05,time unavailable,@,Toronto Maple Leafs,3,1,W,REG,16,26,8,W 3
51,1972-02-06,time unavailable,H,St. Louis Blues,2,2,T,REG,16,26,9,T 1
52,1972-02-08,time unavailable,@,Vancouver Canucks,3,1,W,REG,17,26,9,W 1
53,1972-02-09,time unavailable,@,California Golden Seals,2,3,L,REG,17,27,9,L 1
54,1972-02-12,time unavailable,@,Minnesota North Stars,1,5,L,REG,17,28,9,L 2
55,1972-02-13,time unavailable,@,Buffalo Sabres,4,4,T,REG,17,28,10,T 1
56,1972-02-16,time unavailable,@,Chicago Black Hawks,3,3,T,REG,17,28,11,T 2
57,1972-02-17,time unavailable,H,Boston Bruins,1,4,L,REG,17,29,11,L 1
58,1972-02-19,time unavailable,@,Montreal Canadiens,1,3,L,REG,17,30,11,L 2
59,1972-02-20,time unavailable,H,Toronto Maple Leafs,3,1,W,REG,18,30,11,W 1
60,1972-02-23,time unavailable,@,New York Rangers,3,4,L,REG,18,31,11,L 1
61,1972-02-26,time unavailable,@,Pittsburgh Penguins,2,5,L,REG,18,32,11,L 2
62,1972-02-27,time unavailable,@,Detroit Red Wings,3,1,W,REG,19,32,11,W 1
63,1972-03-02,time unavailable,H,Minnesota North Stars,3,0,W,REG,20,32,11,W 2
64,1972-03-04,time unavailable,H,St. Louis Blues,6,2,W,REG,21,32,11,W 3
65,1972-03-05,time unavailable,H,Montreal Canadiens,0,4,L,REG,21,33,11,L 1
66,1972-03-08,time unavailable,@,Vancouver Canucks,6,5,W,REG,22,33,11,W 1
67,1972-03-09,time unavailable,@,Los Angeles Kings,5,3,W,REG,23,33,11,W 2
68,1972-03-11,time unavailable,@,St. Louis Blues,2,4,L,REG,23,34,11,L 1
69,1972-03-13,time unavailable,@,Montreal Canadiens,1,2,L,REG,23,35,11,L 2
70,1972-03-16,time unavailable,H,Buffalo Sabres,3,3,T,REG,23,35,12,T 1
71,1972-03-18,time unavailable,H,New York Rangers,3,5,L,REG,23,36,12,L 1
72,1972-03-23,time unavailable,H,Chicago Black Hawks,2,4,L,REG,23,37,12,L 2
73,1972-03-25,time unavailable,H,California Golden Seals,3,0,W,REG,24,37,12,W 1
74,1972-03-26,time unavailable,H,Vancouver Canucks,4,1,W,REG,25,37,12,W 2
75,1972-03-28,time unavailable,@,Minnesota North Stars,2,2,T,REG,25,37,13,T 1
76,1972-03-30,time unavailable,H,Buffalo Sabres,3,1,W,REG,26,37,13,W 1
77,1972-04-01,time unavailable,H,Pittsburgh Penguins,4,4,T,REG,26,37,14,T 1
78,1972-04-02,time unavailable,@,Buffalo Sabres,2,3,L,REG,26,38,14,L 1

Time,Location,Result,Game Ended In

Barry Ashbee,,4,D,32,5-10,180,R/-,2,"July 28, 1939",ca,"6 G, 14 A, 20 P"
Serge Bernier,,21,C,24,6-1,190,R/-,3,"April 29, 1947",ca,"12 G, 11 A, 23 P"
Willy Brossart,,3-10,D,22,6-0,190,L/-,1,"May 29, 1949",ca,"0 G, 4 A, 4 P"
Larry Brown,,3,D,24,6-2,210,L/-,2,"April 14, 1947",ca,"0 G, 0 A, 0 P"
Bobby Clarke,,16,C,22,5-10,185,L/-,2,"August 13, 1949",ca,"35 G, 46 A, 81 P"
Bill Clement,,10-15,C,21,6-1,194,L/-,R,"December 20, 1950",ca,"9 G, 14 A, 23 P"
Gary Dornhoefer,,12,RW,28,6-1,190,R/-,7,"February 2, 1943",ca,"17 G, 32 A, 49 P"
Rene Drolet,,23,RW,27,5-8,160,R/-,R,"November 13, 1944",ca,"0 G, 0 A, 0 P"
Doug Favell,,1,G,26,5-10,172,-/L,4,"April 5, 1945",ca,"18-25-9, 2.81 GAA"
Bill Flett,,21,RW,28,6-1,205,R/-,4,"July 21, 1943",ca,"11 G, 10 A, 21 P"
Rick Foley,,22,D,26,6-4,223,L/-,1,"September 22, 1945",ca,"11 G, 25 A, 36 P"
Bruce Gamble,,30,G,33,5-9,200,-/L,9,"May 24, 1938",ca,"7-8-2, 2.93 GAA"
Jean-Guy Gendron,,11,LW,37,5-9,165,L/-,13,"August 30, 1934",ca,"6 G, 13 A, 19 P"
Larry Hale,,19-23,D,30,6-1,180,L/-,3,"October 9, 1941",ca,"0 G, 1 A, 1 P"
Wayne Hillman,,6,D,33,6-1,205,R/-,10,"November 13, 1938",ca,"0 G, 3 A, 3 P"
Brent Hughes,,5,D,28,6-0,205,L/-,4,"June 17, 1943",ca,"2 G, 20 A, 22 P"
Jim Johnson,,20,C,29,5-9,190,L/-,7,"November 7, 1942",ca,"13 G, 15 A, 28 P"
Eddie Joyal,,20,C,31,6-0,178,L/-,8,"May 8, 1940",ca,"3 G, 4 A, 7 P"
Larry Keenan,,23,LW,31,5-11,175,L/-,5,"October 1, 1940",ca,"1 G, 1 A, 2 P"
Bob Kelly,,9,LW,21,5-10,200,L/-,1,"November 25, 1950",ca,"14 G, 15 A, 29 P"
Bill Lesuk,,18,LW,25,5-9,187,L/-,3,"November 1, 1946",ca,"7 G, 6 A, 13 P"
Ross Lonsberry,,18,LW,24,5-11,195,L/-,5,"February 7, 1947",ca,"7 G, 7 A, 14 P"
Rick MacLeish,,19,C,22,5-11,185,L/-,1,"January 3, 1950",ca,"1 G, 2 A, 3 P"
Ralph MacSweyn,,19-24,D,29,5-11,190,R/-,3,"September 8, 1942",ca,"0 G, 1 A, 1 P"
Jim Mair,,3,D,25,5-9,170,R/-,1,"May 15, 1946",ca,"0 G, 0 A, 0 P"
Don McLeod,,24-30-34,G,25,6-0,190,-/L,1,"August 24, 1946",ca,"0-3-1, 4.64 GAA"
Larry Mickey,,15,RW,28,5-11,175,R/-,7,"October 21, 1943",ca,"1 G, 2 A, 3 P"
Lew Morrison,,8,RW,23,6-0,185,R/-,2,"February 11, 1948",ca,"5 G, 5 A, 10 P"
Simon Nolet,,17,RW,30,5-9,185,R/-,4,"November 23, 1941",ca,"23 G, 20 A, 43 P"
Michel Parizeau,,7,LW,23,5-10,165,L/-,R,"April 9, 1948",ca,"2 G, 12 A, 14 P"
Pierre Plante,,25,RW,20,6-1,190,R/-,R,"May 14, 1951",ca,"1 G, 0 A, 1 P"
Jean Potvin,,25,D,22,5-11,188,R/-,1,"March 25, 1949",ca,"3 G, 12 A, 15 P"
Don Saleski,,25,RW,22,6-3,205,R/-,R,"November 10, 1949",ca,"0 G, 0 A, 0 P"
Dick Sarrazin,,24,RW,26,6-0,185,R/-,2,"January 22, 1946",ca,"3 G, 4 A, 7 P"
Dave Schultz,,25,LW,22,6-1,190,L/-,R,"October 14, 1949",ca,"0 G, 0 A, 0 P"
Bobby Taylor,,30,G,27,6-1,180,-/L,R,"January 24, 1945",ca,"1-2-2, 3.00 GAA"
Ed Van Impe,(C),2,D,31,5-10,205,L/-,5,"May 27, 1940",ca,"4 G, 9 A, 13 P"
Joe Watson,,14,D,28,5-10,185,L/-,6,"July 6, 1943",ca,"3 G, 7 A, 10 P"
Larry Wright,,10,C,20,6-2,180,L/-,R,"October 8, 1951",ca,"0 G, 1 A, 1 P"
