Toronto Maple Leafs,TOR,nhl
1971-72,1972
25
78
5
GP,Date,Time,Location,Opponent,GF,GA,Result,Game Ended In,W,L,T,Streak
1,1971-10-08,time unavailable,@,Vancouver Canucks,3,2,W,REG,1,0,0,W 1
2,1971-10-10,time unavailable,@,California Golden Seals,3,3,T,REG,1,0,1,T 1
3,1971-10-16,time unavailable,H,New York Rangers,3,5,L,REG,1,1,1,L 1
4,1971-10-17,time unavailable,@,Boston Bruins,2,2,T,REG,1,1,2,T 1
5,1971-10-20,time unavailable,H,Buffalo Sabres,2,7,L,REG,1,2,2,L 1
6,1971-10-22,time unavailable,@,Detroit Red Wings,2,5,L,REG,1,3,2,L 2
7,1971-10-23,time unavailable,H,Philadelphia Flyers,5,3,W,REG,2,3,2,W 1
8,1971-10-27,time unavailable,H,Vancouver Canucks,0,0,T,REG,2,3,3,T 1
9,1971-10-30,time unavailable,H,Minnesota North Stars,1,1,T,REG,2,3,4,T 2
10,1971-10-31,time unavailable,@,New York Rangers,3,3,T,REG,2,3,5,T 3
11,1971-11-01,time unavailable,H,Detroit Red Wings,6,1,W,REG,3,3,5,W 1
12,1971-11-03,time unavailable,@,Minnesota North Stars,1,2,L,REG,3,4,5,L 1
13,1971-11-06,time unavailable,@,Los Angeles Kings,3,2,W,REG,4,4,5,W 1
14,1971-11-07,time unavailable,@,California Golden Seals,1,8,L,REG,4,5,5,L 1
15,1971-11-10,time unavailable,H,Montreal Canadiens,2,5,L,REG,4,6,5,L 2
16,1971-11-13,time unavailable,H,Vancouver Canucks,2,2,T,REG,4,6,6,T 1
17,1971-11-14,time unavailable,@,Philadelphia Flyers,3,3,T,REG,4,6,7,T 2
18,1971-11-17,time unavailable,H,Los Angeles Kings,5,1,W,REG,5,6,7,W 1
19,1971-11-20,time unavailable,H,California Golden Seals,5,1,W,REG,6,6,7,W 2
20,1971-11-21,time unavailable,@,Buffalo Sabres,4,3,W,REG,7,6,7,W 3
21,1971-11-24,time unavailable,@,Pittsburgh Penguins,2,1,W,REG,8,6,7,W 4
22,1971-11-27,time unavailable,H,Chicago Black Hawks,3,3,T,REG,8,6,8,T 1
23,1971-11-28,time unavailable,@,Chicago Black Hawks,1,4,L,REG,8,7,8,L 1
24,1971-12-01,time unavailable,H,St. Louis Blues,4,2,W,REG,9,7,8,W 1
25,1971-12-04,time unavailable,H,Boston Bruins,3,5,L,REG,9,8,8,L 1
26,1971-12-08,time unavailable,H,Minnesota North Stars,3,1,W,REG,10,8,8,W 1
27,1971-12-11,time unavailable,H,Chicago Black Hawks,1,3,L,REG,10,9,8,L 1
28,1971-12-12,time unavailable,@,Buffalo Sabres,4,2,W,REG,11,9,8,W 1
29,1971-12-14,time unavailable,@,St. Louis Blues,4,2,W,REG,12,9,8,W 2
30,1971-12-15,time unavailable,H,Pittsburgh Penguins,3,2,W,REG,13,9,8,W 3
31,1971-12-18,time unavailable,H,Buffalo Sabres,8,1,W,REG,14,9,8,W 4
32,1971-12-19,time unavailable,@,Philadelphia Flyers,4,0,W,REG,15,9,8,W 5
33,1971-12-22,time unavailable,@,Montreal Canadiens,2,4,L,REG,15,10,8,L 1
34,1971-12-25,time unavailable,H,Detroit Red Wings,5,3,W,REG,16,10,8,W 1
35,1971-12-26,time unavailable,@,Boston Bruins,1,3,L,REG,16,11,8,L 1
36,1971-12-28,time unavailable,@,Pittsburgh Penguins,4,2,W,REG,17,11,8,W 1
37,1971-12-29,time unavailable,H,St. Louis Blues,3,6,L,REG,17,12,8,L 1
38,1972-01-01,time unavailable,H,Montreal Canadiens,5,2,W,REG,18,12,8,W 1
39,1972-01-05,time unavailable,H,Boston Bruins,0,2,L,REG,18,13,8,L 1
40,1972-01-08,time unavailable,H,Philadelphia Flyers,2,2,T,REG,18,13,9,T 1
41,1972-01-09,time unavailable,@,Buffalo Sabres,2,1,W,REG,19,13,9,W 1
42,1972-01-12,time unavailable,H,Los Angeles Kings,1,1,T,REG,19,13,10,T 1
43,1972-01-15,time unavailable,H,New York Rangers,4,3,W,REG,20,13,10,W 1
44,1972-01-16,time unavailable,H,St. Louis Blues,3,4,L,REG,20,14,10,L 1
45,1972-01-19,time unavailable,@,Montreal Canadiens,0,1,L,REG,20,15,10,L 2
46,1972-01-22,time unavailable,@,Minnesota North Stars,1,4,L,REG,20,16,10,L 3
47,1972-01-23,time unavailable,@,Chicago Black Hawks,0,4,L,REG,20,17,10,L 4
48,1972-01-26,time unavailable,@,Los Angeles Kings,3,5,L,REG,20,18,10,L 5
49,1972-01-28,time unavailable,@,California Golden Seals,0,3,L,REG,20,19,10,L 6
50,1972-01-29,time unavailable,@,Vancouver Canucks,2,5,L,REG,20,20,10,L 7
51,1972-02-01,time unavailable,@,Detroit Red Wings,0,4,L,REG,20,21,10,L 8
52,1972-02-02,time unavailable,H,Minnesota North Stars,3,2,W,REG,21,21,10,W 1
53,1972-02-05,time unavailable,H,Philadelphia Flyers,1,3,L,REG,21,22,10,L 1
54,1972-02-06,time unavailable,@,New York Rangers,2,2,T,REG,21,22,11,T 1
55,1972-02-08,time unavailable,@,St. Louis Blues,2,1,W,REG,22,22,11,W 1
56,1972-02-09,time unavailable,H,Pittsburgh Penguins,1,4,L,REG,22,23,11,L 1
57,1972-02-12,time unavailable,H,California Golden Seals,3,0,W,REG,23,23,11,W 1
58,1972-02-13,time unavailable,@,Chicago Black Hawks,1,3,L,REG,23,24,11,L 1
59,1972-02-16,time unavailable,@,Pittsburgh Penguins,2,4,L,REG,23,25,11,L 2
60,1972-02-19,time unavailable,H,Buffalo Sabres,4,1,W,REG,24,25,11,W 1
61,1972-02-20,time unavailable,@,Philadelphia Flyers,1,3,L,REG,24,26,11,L 1
62,1972-02-22,time unavailable,@,Detroit Red Wings,4,5,L,REG,24,27,11,L 2
63,1972-02-23,time unavailable,H,Pittsburgh Penguins,2,0,W,REG,25,27,11,W 1
64,1972-02-26,time unavailable,H,Vancouver Canucks,7,1,W,REG,26,27,11,W 2
65,1972-03-01,time unavailable,@,St. Louis Blues,3,1,W,REG,27,27,11,W 3
66,1972-03-04,time unavailable,H,Los Angeles Kings,3,2,W,REG,28,27,11,W 4
67,1972-03-08,time unavailable,H,Detroit Red Wings,5,1,W,REG,29,27,11,W 5
68,1972-03-11,time unavailable,H,California Golden Seals,2,1,W,REG,30,27,11,W 6
69,1972-03-12,time unavailable,@,Minnesota North Stars,2,2,T,REG,30,27,12,T 1
70,1972-03-15,time unavailable,H,Montreal Canadiens,2,5,L,REG,30,28,12,L 1
71,1972-03-18,time unavailable,H,Chicago Black Hawks,2,2,T,REG,30,28,13,T 1
72,1972-03-19,time unavailable,@,New York Rangers,3,5,L,REG,30,29,13,L 1
73,1972-03-22,time unavailable,@,Montreal Canadiens,3,3,T,REG,30,29,14,T 1
74,1972-03-24,time unavailable,@,Vancouver Canucks,3,5,L,REG,30,30,14,L 1
75,1972-03-25,time unavailable,@,Los Angeles Kings,4,0,W,REG,31,30,14,W 1
76,1972-03-29,time unavailable,H,Boston Bruins,4,1,W,REG,32,30,14,W 2
77,1972-04-01,time unavailable,H,New York Rangers,2,1,W,REG,33,30,14,W 3
78,1972-04-02,time unavailable,@,Boston Bruins,4,6,L,REG,33,31,14,L 1

GP,Date,Time,Location,Opponent,GF,GA,Result,Game Ended In,W,L,T,Streak
1,1972-04-05,time unavailable,@,Boston Bruins,0,5,L,REG,0,1,0,L 1
2,1972-04-06,time unavailable,@,Boston Bruins,4,3,W,OT,1,1,0,W 1
3,1972-04-08,time unavailable,H,Boston Bruins,0,2,L,REG,1,2,0,L 1
4,1972-04-09,time unavailable,H,Boston Bruins,4,5,L,REG,1,3,0,L 2
5,1972-04-11,time unavailable,@,Boston Bruins,2,3,L,REG,1,4,0,L 3

Bob Baun,,21,D,35,5-9,175,R/-,15,"September 9, 1936",ca,"2 G, 12 A, 14 P"
Jim Dorey,,8,D,24,6-1,190,L/-,3,"August 17, 1947",ca,"4 G, 19 A, 23 P"
Denis Dupere,,17,LW,23,6-1,200,L/-,1,"June 21, 1948",ca,"7 G, 10 A, 17 P"
Ron Ellis,,6,RW,27,5-9,195,R/-,8,"January 8, 1945",ca,"23 G, 24 A, 47 P"
Brian Glennie,,24,D,25,6-1,197,L/-,2,"August 29, 1946",ca,"2 G, 8 A, 10 P"
Jim Harrison,,7,C,24,5-11,185,R/-,3,"July 9, 1947",ca,"19 G, 17 A, 36 P"
Paul Henderson,,19,LW,29,5-11,180,R/-,9,"January 28, 1943",ca,"38 G, 19 A, 57 P"
Pierre Jarry,,8,LW,22,5-11,190,L/-,R,"March 30, 1949",ca,"3 G, 4 A, 7 P"
Rick Kehoe,,16,RW,20,5-11,180,R/-,R,"July 15, 1951",ca,"8 G, 8 A, 16 P"
Dave Keon,(C),14,C,31,5-9,165,L/-,11,"March 22, 1940",ca,"18 G, 30 A, 48 P"
Rick Ley,,2,D,23,5-9,190,L/-,3,"November 2, 1948",ca,"1 G, 14 A, 15 P"
Billy MacMillan,,12,RW,28,5-10,185,L/-,1,"March 7, 1943",ca,"10 G, 7 A, 17 P"
Brian Marchinko,,22,C,23,6-0,180,R/-,1,"August 2, 1948",ca,"0 G, 0 A, 0 P"
Don Marshall,,22,LW,39,5-10,160,L/-,18,"March 23, 1932",ca,"2 G, 14 A, 16 P"
Jim McKenny,,18,D,25,5-11,192,R/-,6,"December 1, 1946",ca,"5 G, 31 A, 36 P"
Garry Monahan,,20,LW,25,6-0,199,L/-,4,"October 20, 1946",ca,"14 G, 17 A, 31 P"
Gerry O'Flaherty,,16,LW,21,5-10,182,L/-,R,"August 31, 1950",us,"0 G, 0 A, 0 P"
Bernie Parent,,30,G,26,5-10,180,-/L,6,"April 3, 1945",ca,"17-18-9, 2.56 GAA"
Mike Pelyk,,4,D,24,6-1,190,L/-,4,"September 29, 1947",ca,"1 G, 4 A, 5 P"
Jacques Plante,,1,G,43,6-0,175,-/L,16,"January 17, 1929",ca,"16-13-5, 2.63 GAA"
Brad Selwood,,3,D,23,6-1,200,L/-,1,"March 18, 1948",ca,"4 G, 17 A, 21 P"
Darryl Sittler,,27,C,21,6-0,190,L/-,1,"September 18, 1950",ca,"15 G, 17 A, 32 P"
Brian Spencer,,15,LW,22,5-11,185,L/-,2,"September 3, 1949",ca,"1 G, 5 A, 6 P"
Guy Trottier,,11,RW,30,5-8,165,R/-,2,"April 1, 1941",ca,"9 G, 12 A, 21 P"
Norm Ullman,,9,C,36,5-10,175,L/-,16,"December 26, 1935",ca,"23 G, 50 A, 73 P"
