Chicago Black Hawks,CBH,nhl
1937-38,1938
25
48
3,3,4
GP,Date,Time,Location,Opponent,GF,GA,Result,Game Ended In,W,L,T,Streak
1,1937-11-04,time unavailable,H,New York Americans,0,3,L,REG,0,1,0,L 1
2,1937-11-09,time unavailable,@,Montreal Canadiens,2,2,T,OT,0,1,1,T 1
3,1937-11-11,time unavailable,@,New York Rangers,3,1,W,REG,1,1,1,W 1
4,1937-11-13,time unavailable,@,Toronto Maple Leafs,3,7,L,REG,1,2,1,L 1
5,1937-11-14,time unavailable,H,Toronto Maple Leafs,3,3,T,OT,1,2,2,T 1
6,1937-11-18,time unavailable,H,Detroit Red Wings,3,1,W,REG,2,2,2,W 1
7,1937-11-21,time unavailable,H,Boston Bruins,1,2,L,REG,2,3,2,L 1
8,1937-11-25,time unavailable,@,Detroit Red Wings,1,4,L,REG,2,4,2,L 2
9,1937-11-27,time unavailable,@,New York Americans,0,4,L,REG,2,5,2,L 3
10,1937-11-30,time unavailable,@,Montreal Maroons,0,1,L,REG,2,6,2,L 4
11,1937-12-02,time unavailable,H,New York Rangers,2,1,W,REG,3,6,2,W 1
12,1937-12-05,time unavailable,H,Montreal Canadiens,2,3,L,REG,3,7,2,L 1
13,1937-12-12,time unavailable,H,Montreal Maroons,3,2,W,REG,4,7,2,W 1
14,1937-12-16,time unavailable,H,Detroit Red Wings,3,1,W,REG,5,7,2,W 2
15,1937-12-19,time unavailable,H,New York Americans,0,1,L,REG,5,8,2,L 1
16,1937-12-21,time unavailable,@,Boston Bruins,1,2,L,REG,5,9,2,L 2
17,1937-12-26,time unavailable,@,New York Rangers,3,1,W,REG,6,9,2,W 1
18,1937-12-30,time unavailable,@,Detroit Red Wings,2,2,T,OT,6,9,3,T 1
19,1938-01-02,time unavailable,H,Montreal Canadiens,2,4,L,REG,6,10,3,L 1
20,1938-01-06,time unavailable,H,New York Rangers,1,4,L,REG,6,11,3,L 2
21,1938-01-09,time unavailable,H,Montreal Maroons,1,0,W,REG,7,11,3,W 1
22,1938-01-11,time unavailable,@,New York Americans,1,1,T,OT,7,11,4,T 1
23,1938-01-13,time unavailable,@,Montreal Canadiens,2,2,T,OT,7,11,5,T 2
24,1938-01-15,time unavailable,@,Toronto Maple Leafs,4,4,T,OT,7,11,6,T 3
25,1938-01-16,time unavailable,H,Toronto Maple Leafs,2,7,L,REG,7,12,6,L 1
26,1938-01-18,time unavailable,@,Boston Bruins,1,5,L,REG,7,13,6,L 2
27,1938-01-20,time unavailable,@,Detroit Red Wings,2,4,L,REG,7,14,6,L 3
28,1938-01-23,time unavailable,H,Boston Bruins,3,2,W,REG,8,14,6,W 1
29,1938-01-27,time unavailable,H,Detroit Red Wings,4,3,W,REG,9,14,6,W 2
30,1938-01-30,time unavailable,H,New York Rangers,2,2,T,OT,9,14,7,T 1
31,1938-02-01,time unavailable,@,New York Rangers,1,6,L,REG,9,15,7,L 1
32,1938-02-03,time unavailable,@,Montreal Maroons,2,4,L,REG,9,16,7,L 2
33,1938-02-06,time unavailable,H,Boston Bruins,2,7,L,REG,9,17,7,L 3
34,1938-02-08,time unavailable,@,Boston Bruins,1,3,L,REG,9,18,7,L 4
35,1938-02-10,time unavailable,@,Montreal Canadiens,1,2,L,REG,9,19,7,L 5
36,1938-02-12,time unavailable,@,Toronto Maple Leafs,2,1,W,REG,10,19,7,W 1
37,1938-02-13,time unavailable,H,Toronto Maple Leafs,1,1,T,OT,10,19,8,T 1
38,1938-02-17,time unavailable,H,New York Americans,3,3,T,OT,10,19,9,T 2
39,1938-02-20,time unavailable,H,Detroit Red Wings,0,1,L,REG,10,20,9,L 1
40,1938-02-22,time unavailable,@,Montreal Maroons,6,5,W,REG,11,20,9,W 1
41,1938-02-24,time unavailable,@,New York Rangers,3,6,L,REG,11,21,9,L 1
42,1938-02-27,time unavailable,H,New York Rangers,1,4,L,REG,11,22,9,L 2
43,1938-03-03,time unavailable,H,Boston Bruins,3,2,W,REG,12,22,9,W 1
44,1938-03-06,time unavailable,H,Montreal Maroons,7,1,W,REG,13,22,9,W 2
45,1938-03-10,time unavailable,H,Montreal Canadiens,4,1,W,REG,14,22,9,W 3
46,1938-03-13,time unavailable,@,Detroit Red Wings,1,5,L,REG,14,23,9,L 1
47,1938-03-15,time unavailable,@,New York Americans,1,2,L,REG,14,24,9,L 2
48,1938-03-20,time unavailable,@,Boston Bruins,1,6,L,REG,14,25,9,L 3

GP,Date,Time,Location,Opponent,GF,GA,Result,Game Ended In,W,L,T,Streak
1,1938-03-22,time unavailable,@,Montreal Canadiens,4,6,L,REG,0,1,0,L 1
2,1938-03-24,time unavailable,H,Montreal Canadiens,4,0,W,REG,1,1,0,W 1
3,1938-03-26,time unavailable,@,Montreal Canadiens,3,2,W,OT,2,1,0,W 2
4,1938-03-29,time unavailable,@,New York Americans,1,3,L,REG,2,2,0,L 1
5,1938-03-31,time unavailable,H,New York Americans,1,0,W,2OT,3,2,0,W 1
6,1938-04-03,time unavailable,@,New York Americans,3,2,W,REG,4,2,0,W 2
7,1938-04-05,time unavailable,@,Toronto Maple Leafs,3,1,W,REG,5,2,0,W 3
8,1938-04-07,time unavailable,@,Toronto Maple Leafs,1,5,L,REG,5,3,0,L 1
9,1938-04-10,time unavailable,H,Toronto Maple Leafs,2,1,W,REG,6,3,0,W 1
10,1938-04-12,time unavailable,H,Toronto Maple Leafs,4,1,W,REG,7,3,0,W 2

Rudy Ahlin,,n/a,LW,29,5-11,176,L/-,R,"December 13, 1908",us,"0 G, 0 A, 0 P"
Glenn Brydson,,n/a,RW,27,5-10,170,R/-,7,"November 7, 1910",ca,"1 G, 3 A, 4 P"
Marty Burke,,n/a,D,33,5-8,160,L/-,10,"January 28, 1905",ca,"0 G, 0 A, 0 P"
Bert Connelly,,n/a,LW,28,5-11,174,L/-,2,"April 22, 1909",ca,"1 G, 2 A, 3 P"
Cully Dahlstrom,,n/a,C,25,5-11,175,L/-,R,"July 3, 1912",us,"10 G, 9 A, 19 P"
Johnny Gottselig,(C),n/a,LW,32,5-11,158,L/-,9,"June 24, 1905",ru,"13 G, 19 A, 32 P"
Oscar Hanson,,n/a,C,28,5-10,175,L/-,R,"December 27, 1909",ca,"0 G, 0 A, 0 P"
Vic Heyliger,,n/a,C,25,5-9,175,L/-,R,"September 26, 1912",us,"0 G, 0 A, 0 P"
Harold Jackson,,n/a,D,19,6-0,195,R/-,1,"August 1, 1918",ca,"0 G, 0 A, 0 P"
Roger Jenkins,,n/a,D,26,5-11,173,R/-,6,"November 18, 1911",us,"1 G, 8 A, 9 P"
Virgil Johnson,,n/a,D,25,5-9,165,L/-,R,"March 4, 1912",us,"0 G, 2 A, 2 P"
Mike Karakas,,n/a,G,26,5-11,147,-/L,2,"December 12, 1911",us,"14-25-9, 2.80 GAA"
Bill Kendall,,n/a,RW,27,5-8,168,R/-,4,"April 1, 1910",ca,"0 G, 1 A, 1 P"
Alex Levinsky,,n/a,D,27,5-10,184,R/-,7,"February 2, 1910",us,"3 G, 2 A, 5 P"
Bill MacKenzie,,n/a,D,26,5-11,175,R/-,3,"December 12, 1911",ca,"1 G, 2 A, 3 P"
Mush March,,n/a,RW,29,5-5,154,R/-,9,"October 18, 1908",ca,"11 G, 17 A, 28 P"
Hickey Nicholson,,n/a,LW,26,5-10,170,L/-,R,"September 9, 1911",ca,"1 G, 0 A, 1 P"
Pete Palangio,,n/a,LW,29,5-11,175,L/-,4,"September 10, 1908",ca,"2 G, 1 A, 3 P"
Doc Romnes,,n/a,C,29,5-11,156,L/-,7,"January 1, 1909",us,"10 G, 22 A, 32 P"
Earl Seibert,,n/a,D/RW,26,6-2,198,R/-,6,"December 7, 1911",ca,"8 G, 13 A, 21 P"
Jack Shill,,n/a,C,25,5-9,175,L/-,4,"January 12, 1913",ca,"4 G, 3 A, 7 P"
Paul Thompson,,n/a,LW,31,5-11,180,L/-,11,"November 2, 1906",ca,"22 G, 22 A, 44 P"
Lou Trudel,,n/a,RW,25,5-11,167,L/-,4,"July 21, 1912",us,"6 G, 16 A, 22 P"
Carl Voss,,n/a,C,31,5-9,168,L/-,7,"January 6, 1907",us,"3 G, 8 A, 11 P"
Art Wiebe,,n/a,D,25,5-10,180,L/-,4,"September 28, 1912",ca,"0 G, 3 A, 3 P"
