Buffalo Sabres,BUF,nhl
2005-06,2006
30
82
6,5,7
GP,Date,Time,Location,Opponent,GF,GA,Result,Game Ended In,W,L,OL,Streak,S,PIM,PPG,SHG,S,PIM,PPG,SHG,Notes
1,2005-10-05,time unavailable,H,New York Islanders,6,4,W,REG,1,0,0,W 1,39,14,2,0,26,22,1,0
2,2005-10-07,time unavailable,H,Boston Bruins,4,1,W,REG,2,0,0,W 2,41,6,2,0,36,14,0,0
3,2005-10-08,time unavailable,@,Ottawa Senators,0,5,L,REG,2,1,0,L 1,35,15,0,0,35,19,3,1
4,2005-10-10,time unavailable,H,Pittsburgh Penguins,3,2,W,OT,3,1,0,W 1,41,4,0,0,28,10,0,0
5,2005-10-13,time unavailable,@,Tampa Bay Lightning,4,3,W,SO,4,1,0,W 2,33,2,0,0,35,28,0,0
6,2005-10-15,time unavailable,@,Florida Panthers,2,3,L,REG,4,2,0,L 1,34,24,0,0,42,10,1,0
7,2005-10-20,time unavailable,@,Boston Bruins,4,3,W,REG,5,2,0,W 1,37,12,2,0,32,16,1,0
8,2005-10-22,time unavailable,H,New York Rangers,3,1,W,REG,6,2,0,W 2,31,10,2,0,23,16,0,0
9,2005-10-26,time unavailable,H,Washington Capitals,2,3,L,REG,6,3,0,L 1,17,14,2,0,28,12,1,0,"at Rochester, NY"
10,2005-10-28,time unavailable,@,New Jersey Devils,2,3,L,REG,6,4,0,L 2,27,6,1,0,27,12,1,0
11,2005-10-29,time unavailable,@,New York Islanders,6,4,W,REG,7,4,0,W 1,31,12,4,0,37,18,1,0
12,2005-11-02,time unavailable,H,Ottawa Senators,4,10,L,REG,7,5,0,L 1,37,18,2,0,36,26,2,0
13,2005-11-04,time unavailable,H,Montreal Canadiens,2,3,L,REG,7,6,0,L 2,26,14,1,0,31,12,0,0
14,2005-11-05,time unavailable,@,Montreal Canadiens,2,3,L,REG,7,7,0,L 3,30,19,1,0,29,17,2,0
15,2005-11-09,time unavailable,H,Carolina Hurricanes,3,5,L,REG,7,8,0,L 4,44,6,2,0,22,8,1,1
16,2005-11-11,time unavailable,H,Toronto Maple Leafs,5,2,W,REG,8,8,0,W 1,30,6,2,0,29,14,1,0
17,2005-11-12,time unavailable,@,Ottawa Senators,1,6,L,REG,8,9,0,L 1,25,10,0,0,37,10,1,1
18,2005-11-15,time unavailable,H,New Jersey Devils,4,1,W,REG,9,9,0,W 1,24,12,1,0,22,8,0,0
19,2005-11-17,time unavailable,H,Washington Capitals,8,5,W,REG,10,9,0,W 2,27,28,2,0,39,53,1,1
20,2005-11-19,time unavailable,@,Boston Bruins,3,2,W,REG,11,9,0,W 3,24,8,1,0,22,10,1,0
21,2005-11-22,time unavailable,H,New York Rangers,2,3,L,SO,11,9,1,L 1,39,12,1,0,27,10,0,0
22,2005-11-23,time unavailable,@,New York Islanders,4,3,W,SO,12,9,1,W 1,28,8,1,0,26,6,1,0
23,2005-11-25,time unavailable,H,Montreal Canadiens,3,1,W,REG,13,9,1,W 2,31,10,2,0,41,8,1,0
24,2005-11-27,time unavailable,@,Washington Capitals,3,2,W,REG,14,9,1,W 3,29,14,1,1,19,14,1,0
25,2005-11-29,time unavailable,@,Pittsburgh Penguins,3,2,W,REG,15,9,1,W 4,27,18,1,0,32,14,1,0
26,2005-12-01,time unavailable,@,Montreal Canadiens,3,2,W,OT,16,9,1,W 5,30,14,2,0,20,16,1,0
27,2005-12-02,time unavailable,H,San Jose Sharks,0,5,L,REG,16,10,1,L 1,27,14,0,0,26,12,1,0
28,2005-12-04,time unavailable,@,Colorado Avalanche,6,4,W,REG,17,10,1,W 1,30,22,1,1,29,14,1,0
29,2005-12-08,time unavailable,H,Mighty Ducks of Anaheim,3,2,W,OT,18,10,1,W 2,31,8,1,0,30,4,0,0
30,2005-12-11,time unavailable,@,Minnesota Wild,3,2,W,REG,19,10,1,W 3,30,18,0,0,36,12,1,0
31,2005-12-14,time unavailable,H,Dallas Stars,4,3,W,REG,20,10,1,W 4,22,10,1,0,35,10,0,0
32,2005-12-16,time unavailable,@,Pittsburgh Penguins,4,3,W,OT,21,10,1,W 5,27,14,3,0,27,16,2,0
33,2005-12-17,time unavailable,H,Pittsburgh Penguins,4,3,W,REG,22,10,1,W 6,29,18,2,0,33,24,0,0
34,2005-12-19,time unavailable,@,Philadelphia Flyers,2,1,W,SO,23,10,1,W 7,28,22,0,0,34,18,1,0
35,2005-12-22,time unavailable,@,Florida Panthers,1,4,L,REG,23,11,1,L 1,28,14,1,0,30,16,1,1
36,2005-12-23,time unavailable,@,Tampa Bay Lightning,4,1,W,REG,24,11,1,W 1,31,14,1,0,31,10,0,0
37,2005-12-26,time unavailable,H,New York Islanders,6,3,W,REG,25,11,1,W 2,35,10,3,0,19,16,1,0
38,2005-12-29,time unavailable,@,Toronto Maple Leafs,3,4,L,SO,25,11,2,L 1,30,10,1,1,28,8,1,1
39,2005-12-30,time unavailable,H,Atlanta Thrashers,4,1,W,REG,26,11,2,W 1,29,16,2,0,35,16,0,1
40,2006-01-01,time unavailable,H,Florida Panthers,1,2,L,REG,26,12,2,L 1,29,14,0,0,20,16,1,0
41,2006-01-05,time unavailable,H,Tampa Bay Lightning,3,1,W,REG,27,12,2,W 1,31,8,2,0,22,14,0,0
42,2006-01-07,time unavailable,H,New Jersey Devils,2,3,L,REG,27,13,2,L 1,28,12,1,0,27,12,0,0
43,2006-01-12,time unavailable,H,Phoenix Coyotes,1,2,L,SO,27,13,3,L 2,31,16,1,0,40,12,0,0
44,2006-01-14,time unavailable,H,Los Angeles Kings,10,1,W,REG,28,13,3,W 1,34,31,3,1,33,47,0,0
45,2006-01-16,time unavailable,@,Edmonton Oilers,3,1,W,REG,29,13,3,W 2,19,31,2,0,23,39,0,0
46,2006-01-19,time unavailable,@,Vancouver Canucks,1,4,L,REG,29,14,3,L 1,25,12,1,0,27,14,1,1
47,2006-01-21,time unavailable,@,Calgary Flames,1,4,L,REG,29,15,3,L 2,30,17,0,0,37,15,2,1
48,2006-01-24,time unavailable,@,New York Rangers,2,1,W,REG,30,15,3,W 1,26,19,1,0,24,21,1,0
49,2006-01-26,time unavailable,@,Toronto Maple Leafs,8,4,W,REG,31,15,3,W 2,32,18,3,1,37,18,2,1
50,2006-01-31,time unavailable,@,Atlanta Thrashers,5,2,W,REG,32,15,3,W 3,35,19,0,1,37,13,0,0
51,2006-02-02,time unavailable,H,Philadelphia Flyers,4,2,W,REG,33,15,3,W 4,37,8,0,0,23,10,0,0
52,2006-02-04,time unavailable,H,Ottawa Senators,2,1,W,SO,34,15,3,W 5,27,15,0,0,29,21,0,0
53,2006-02-07,time unavailable,@,Montreal Canadiens,3,2,W,OT,35,15,3,W 6,34,6,2,0,32,14,0,1
54,2006-02-09,time unavailable,H,Montreal Canadiens,2,3,L,OT,35,15,4,L 1,28,8,1,0,29,10,0,1
55,2006-02-11,time unavailable,H,Florida Panthers,5,3,W,REG,36,15,4,W 1,35,19,1,0,32,21,0,0
56,2006-02-12,time unavailable,@,Carolina Hurricanes,3,4,L,SO,36,15,5,L 1,20,18,1,0,33,16,0,0
57,2006-03-01,time unavailable,H,Atlanta Thrashers,2,4,L,REG,36,16,5,L 2,36,14,2,0,25,18,2,1
58,2006-03-03,time unavailable,H,Toronto Maple Leafs,6,2,W,REG,37,16,5,W 1,32,16,2,0,23,22,0,0
59,2006-03-04,time unavailable,@,Boston Bruins,3,2,W,REG,38,16,5,W 2,25,8,0,0,42,8,1,0
60,2006-03-07,time unavailable,H,Boston Bruins,3,2,W,REG,39,16,5,W 3,35,14,2,0,27,14,1,0
61,2006-03-09,time unavailable,H,Tampa Bay Lightning,8,5,W,REG,40,16,5,W 4,23,14,1,1,40,8,3,0
62,2006-03-11,time unavailable,@,Philadelphia Flyers,6,5,W,REG,41,16,5,W 5,39,6,2,0,21,14,0,2
63,2006-03-12,time unavailable,H,Boston Bruins,6,2,W,REG,42,16,5,W 6,30,11,3,0,39,15,0,1
64,2006-03-14,time unavailable,@,Washington Capitals,6,4,W,REG,43,16,5,W 7,41,12,2,0,33,18,2,0
65,2006-03-16,time unavailable,H,Toronto Maple Leafs,3,1,W,REG,44,16,5,W 8,33,12,1,1,28,6,1,0
66,2006-03-18,time unavailable,@,Ottawa Senators,2,4,L,REG,44,17,5,L 1,22,24,1,0,49,18,1,0
67,2006-03-20,time unavailable,@,Atlanta Thrashers,0,5,L,REG,44,18,5,L 2,20,34,0,0,23,16,2,0
68,2006-03-22,time unavailable,H,Carolina Hurricanes,3,4,L,REG,44,19,5,L 3,27,14,0,1,25,12,0,0
69,2006-03-24,time unavailable,H,Ottawa Senators,1,3,L,REG,44,20,5,L 4,29,12,0,0,24,12,0,0
70,2006-03-25,time unavailable,@,Boston Bruins,4,5,L,REG,44,21,5,L 5,40,12,0,0,39,14,0,0
71,2006-03-27,time unavailable,@,New York Rangers,4,5,L,SO,44,21,6,L 6,31,22,2,0,35,14,2,0
72,2006-03-29,time unavailable,H,Boston Bruins,4,3,W,REG,45,21,6,W 1,32,10,2,0,27,14,0,0
73,2006-03-30,time unavailable,@,New Jersey Devils,1,3,L,REG,45,22,6,L 1,30,6,0,0,28,2,0,0
74,2006-04-01,time unavailable,@,Toronto Maple Leafs,0,7,L,REG,45,23,6,L 2,24,13,0,0,23,19,1,0
75,2006-04-03,time unavailable,@,Toronto Maple Leafs,3,2,W,SO,46,23,6,W 1,36,14,1,0,33,12,0,0
76,2006-04-05,time unavailable,H,Ottawa Senators,5,4,W,OT,47,23,6,W 2,39,13,3,0,34,21,1,1
77,2006-04-07,time unavailable,H,Philadelphia Flyers,2,4,L,REG,47,24,6,L 1,22,10,1,0,34,8,1,0
78,2006-04-08,time unavailable,@,Ottawa Senators,6,2,W,REG,48,24,6,W 1,31,10,1,0,34,10,1,0
79,2006-04-12,time unavailable,H,Montreal Canadiens,3,1,W,REG,49,24,6,W 2,34,18,1,0,28,12,0,0
80,2006-04-15,time unavailable,@,Montreal Canadiens,4,2,W,REG,50,24,6,W 3,30,12,0,1,45,4,1,0
81,2006-04-16,time unavailable,H,Toronto Maple Leafs,6,0,W,REG,51,24,6,W 4,40,26,2,0,31,29,0,0
82,2006-04-18,time unavailable,@,Carolina Hurricanes,4,0,W,REG,52,24,6,W 5,34,10,2,0,33,14,0,0

GP,Date,Time,Location,Opponent,GF,GA,Result,Game Ended In,W,L,Streak,S,PIM,PPG,SHG,S,PIM,PPG,SHG,Notes
1,2006-04-22,time unavailable,H,Philadelphia Flyers,3,2,W,2OT,1,0,W 1,58,20,0,0,32,28,1,0
2,2006-04-24,time unavailable,H,Philadelphia Flyers,8,2,W,REG,2,0,W 2,28,12,3,0,22,61,0,0
3,2006-04-26,time unavailable,@,Philadelphia Flyers,2,4,L,REG,2,1,L 1,28,10,0,0,27,14,1,1
4,2006-04-28,time unavailable,@,Philadelphia Flyers,4,5,L,REG,2,2,L 2,30,16,2,1,33,8,1,0
5,2006-04-30,time unavailable,H,Philadelphia Flyers,3,0,W,REG,3,2,W 1,33,6,2,0,24,10,0,0
6,2006-05-02,time unavailable,@,Philadelphia Flyers,7,1,W,REG,4,2,W 2,28,10,0,1,22,4,0,0
7,2006-05-05,time unavailable,@,Ottawa Senators,7,6,W,OT,5,2,W 3,23,16,1,2,33,14,2,0
8,2006-05-08,time unavailable,@,Ottawa Senators,2,1,W,REG,6,2,W 4,17,14,0,0,44,6,0,0
9,2006-05-10,time unavailable,H,Ottawa Senators,3,2,W,OT,7,2,W 5,24,20,1,0,28,14,2,0
10,2006-05-11,time unavailable,H,Ottawa Senators,1,2,L,REG,7,3,L 1,30,12,0,0,28,14,1,0
11,2006-05-13,time unavailable,@,Ottawa Senators,3,2,W,OT,8,3,W 1,24,14,1,1,36,10,1,0
12,2006-05-20,time unavailable,@,Carolina Hurricanes,3,2,W,REG,9,3,W 2,27,10,0,0,31,8,0,1
13,2006-05-22,time unavailable,@,Carolina Hurricanes,3,4,L,REG,9,4,L 1,19,12,3,0,35,16,2,0
14,2006-05-24,time unavailable,H,Carolina Hurricanes,4,3,W,REG,10,4,W 1,33,12,2,0,27,16,1,0
15,2006-05-26,time unavailable,H,Carolina Hurricanes,0,4,L,REG,10,5,L 1,22,4,0,0,21,8,1,0
16,2006-05-28,time unavailable,@,Carolina Hurricanes,3,4,L,OT,10,6,L 2,26,16,0,0,26,10,2,0
17,2006-05-30,time unavailable,H,Carolina Hurricanes,2,1,W,OT,11,6,W 1,31,6,1,0,26,10,0,0
18,2006-06-01,time unavailable,@,Carolina Hurricanes,2,4,L,REG,11,7,L 1,24,10,0,0,28,8,1,0

Maxim Afinogenov,,61,RW,26,6-0,190,L/-,5,"September 4, 1979",su,"22 G, 51 A, 73 P"
Martin Biron,,43,G,28,6-2,186,-/L,7,"August 15, 1977",ca,"21-8-3, 2.89 GAA"
Daniel Briere,(C),48,C,28,5-9,174,R/-,7,"October 6, 1977",ca,"25 G, 33 A, 58 P"
Brian Campbell,,51,D,26,5-10,192,L/-,5,"May 23, 1979",ca,"12 G, 32 A, 44 P"
Tim Connolly,,19,C,24,6-1,190,R/-,4,"May 7, 1981",us,"16 G, 39 A, 55 P"
Chris Drury,(C),23,C,29,5-10,191,R/-,6,"August 20, 1976",us,"30 G, 37 A, 67 P"
J.P. Dumont,,17,RW,27,6-1,205,L/-,6,"April 1, 1978",ca,"20 G, 20 A, 40 P"
Rory Fitzpatrick,,8,D,31,6-2,208,R/-,7,"January 11, 1975",us,"4 G, 5 A, 9 P"
Paul Gaustad,,28,C,23,6-5,227,L/-,1,"February 3, 1982",us,"9 G, 15 A, 24 P"
Mike Grier,,25,RW,31,6-1,224,R/-,8,"January 5, 1975",us,"7 G, 16 A, 23 P"
Jochen Hecht,,55,LW,28,6-1,198,L/-,6,"June 21, 1977",de,"18 G, 24 A, 42 P"
Jeff Jillson,,34,D,25,6-3,215,R/-,3,"July 24, 1980",us,"0 G, 0 A, 0 P"
Dmitri Kalinin,,45,D,25,6-3,210,L/-,5,"July 22, 1980",su,"2 G, 16 A, 18 P"
Ales Kotalik,,12,RW,27,6-1,225,R/-,3,"December 23, 1978",cs,"25 G, 37 A, 62 P"
Toni Lydman,,5,D,28,6-1,208,L/-,4,"September 25, 1977",fi,"1 G, 16 A, 17 P"
Adam Mair,,22,C,26,6-1,208,R/-,5,"February 15, 1979",ca,"2 G, 5 A, 7 P"
Jay McKee,,74,D,28,6-4,203,L/-,9,"September 8, 1977",ca,"5 G, 11 A, 16 P"
Ryan Miller,,30,G,25,6-2,168,-/L,2,"July 17, 1980",us,"30-14-3, 2.60 GAA"
Mika Noronen,,35,G,26,6-2,200,-/L,4,"June 17, 1979",fi,"1-2-0, 4.26 GAA"
Jiri Novotny,,13,C,22,6-3,204,R/-,R,"August 12, 1983",cs,"2 G, 1 A, 3 P"
Teppo Numminen,,27,D,37,6-2,198,R/-,16,"July 3, 1968",fi,"2 G, 38 A, 40 P"
Nathan Paetsch,,38,D,22,6-0,195,L/-,R,"March 30, 1983",ca,"0 G, 1 A, 1 P"
Daniel Paille,,20,LW,21,6-1,200,L/-,R,"April 15, 1984",ca,"1 G, 2 A, 3 P"
Andrew Peters,,76,LW,25,6-4,240,L/-,1,"May 5, 1980",ca,"0 G, 0 A, 0 P"
Jason Pominville,,29,RW,23,6-0,184,R/-,1,"November 30, 1982",ca,"18 G, 12 A, 30 P"
Taylor Pyatt,,24,LW,24,6-4,230,L/-,4,"August 19, 1981",ca,"6 G, 6 A, 12 P"
Derek Roy,,9,C,22,5-9,184,L/-,1,"May 4, 1983",ca,"18 G, 28 A, 46 P"
Henrik Tallinder,,10,D,27,6-4,215,L/-,3,"January 10, 1979",se,"6 G, 15 A, 21 P"
Chris Thorburn,,47,C,22,6-3,235,R/-,R,"June 3, 1983",ca,"0 G, 1 A, 1 P"
Thomas Vanek,,26,LW,22,6-2,214,R/-,R,"January 19, 1984",at,"25 G, 23 A, 48 P"
