Calgary Flames,CGY,nhl
2005-06,2006
34
82
7
GP,Date,Time,Location,Opponent,GF,GA,Result,Game Ended In,W,L,OL,Streak,S,PIM,PPG,SHG,S,PIM,PPG,SHG,Notes
1,2005-10-05,time unavailable,@,Minnesota Wild,3,6,L,REG,0,1,0,L 1,31,8,1,0,28,18,2,0
2,2005-10-07,time unavailable,@,Columbus Blue Jackets,3,1,W,REG,1,1,0,W 1,38,8,0,0,20,16,1,0
3,2005-10-09,time unavailable,@,Detroit Red Wings,3,6,L,REG,1,2,0,L 1,24,16,0,0,40,8,5,0
4,2005-10-10,time unavailable,@,Colorado Avalanche,3,7,L,REG,1,3,0,L 2,33,31,1,1,41,16,3,0
5,2005-10-13,time unavailable,H,Dallas Stars,2,3,L,OT,1,3,1,L 3,20,22,0,0,22,18,2,0
6,2005-10-15,time unavailable,H,Edmonton Oilers,3,0,W,REG,2,3,1,W 1,28,16,1,1,33,14,0,0
7,2005-10-17,time unavailable,H,Phoenix Coyotes,0,2,L,REG,2,4,1,L 1,25,28,0,0,21,19,1,0
8,2005-10-20,time unavailable,H,Edmonton Oilers,3,1,W,REG,3,4,1,W 1,22,12,1,0,29,10,0,0
9,2005-10-22,time unavailable,@,Dallas Stars,1,2,L,REG,3,5,1,L 1,30,10,1,0,22,18,0,0
10,2005-10-23,time unavailable,@,Los Angeles Kings,3,2,W,REG,4,5,1,W 1,31,22,2,0,20,22,1,0
11,2005-10-26,time unavailable,@,Mighty Ducks of Anaheim,1,4,L,REG,4,6,1,L 1,26,19,1,0,31,19,3,0
12,2005-10-27,time unavailable,@,Phoenix Coyotes,2,3,L,REG,4,7,1,L 2,15,27,2,0,34,17,2,0
13,2005-10-29,time unavailable,@,San Jose Sharks,2,3,L,SO,4,7,2,L 3,25,8,1,0,21,14,1,0
14,2005-11-01,time unavailable,H,Minnesota Wild,3,0,W,REG,5,7,2,W 1,24,35,1,0,23,23,0,0
15,2005-11-03,time unavailable,H,Columbus Blue Jackets,2,1,W,REG,6,7,2,W 2,31,18,0,0,17,22,0,0
16,2005-11-05,time unavailable,H,Vancouver Canucks,1,0,W,REG,7,7,2,W 3,27,46,0,0,23,40,0,0
17,2005-11-07,time unavailable,H,Vancouver Canucks,4,3,W,REG,8,7,2,W 4,28,12,2,0,21,18,2,0
18,2005-11-10,time unavailable,@,Phoenix Coyotes,4,3,W,REG,9,7,2,W 5,43,20,3,0,23,34,1,0
19,2005-11-12,time unavailable,H,Colorado Avalanche,5,3,W,REG,10,7,2,W 6,24,18,1,0,30,12,1,0
20,2005-11-14,time unavailable,H,Minnesota Wild,3,2,W,REG,11,7,2,W 7,42,24,2,0,26,16,1,0
21,2005-11-16,time unavailable,H,Detroit Red Wings,3,1,W,REG,12,7,2,W 8,28,4,1,0,22,8,0,0
22,2005-11-18,time unavailable,H,Chicago Blackhawks,2,5,L,REG,12,8,2,L 1,32,2,2,0,25,18,1,0
23,2005-11-21,time unavailable,@,Colorado Avalanche,3,2,W,SO,13,8,2,W 1,34,15,1,0,35,15,0,0
24,2005-11-23,time unavailable,H,San Jose Sharks,3,2,W,REG,14,8,2,W 2,25,6,0,0,22,2,1,0
25,2005-11-25,time unavailable,H,Edmonton Oilers,1,2,L,SO,14,8,3,L 1,28,10,0,0,34,10,0,0
26,2005-11-29,time unavailable,@,Nashville Predators,0,2,L,REG,14,9,3,L 2,31,12,0,0,17,12,1,0
27,2005-12-01,time unavailable,@,Detroit Red Wings,3,2,W,REG,15,9,3,W 1,36,10,1,0,21,14,2,0
28,2005-12-03,time unavailable,@,Pittsburgh Penguins,3,2,W,REG,16,9,3,W 2,26,22,1,0,30,18,1,0
29,2005-12-06,time unavailable,@,Philadelphia Flyers,0,1,L,SO,16,9,4,L 1,28,10,0,0,37,16,0,0
30,2005-12-07,time unavailable,@,New Jersey Devils,4,1,W,REG,17,9,4,W 1,15,22,3,0,32,10,1,0
31,2005-12-10,time unavailable,H,Ottawa Senators,2,1,W,OT,18,9,4,W 2,29,18,0,0,21,14,1,0
32,2005-12-17,time unavailable,H,Boston Bruins,3,0,W,REG,19,9,4,W 3,29,15,1,1,26,13,0,0
33,2005-12-19,time unavailable,@,Edmonton Oilers,4,5,L,REG,19,10,4,L 1,21,18,1,0,32,12,1,0
34,2005-12-21,time unavailable,H,Los Angeles Kings,2,5,L,REG,19,11,4,L 2,29,16,2,0,18,22,1,0
35,2005-12-23,time unavailable,@,Vancouver Canucks,6,5,W,SO,20,11,4,W 1,37,25,1,0,37,17,3,0
36,2005-12-26,time unavailable,@,Vancouver Canucks,2,1,W,REG,21,11,4,W 2,23,21,2,0,17,27,0,0
37,2005-12-27,time unavailable,H,Nashville Predators,3,4,L,REG,21,12,4,L 1,26,25,2,0,40,21,2,0
38,2005-12-29,time unavailable,H,Minnesota Wild,4,2,W,REG,22,12,4,W 1,34,10,1,0,34,8,0,0
39,2005-12-31,time unavailable,H,Edmonton Oilers,6,5,W,REG,23,12,4,W 2,25,16,2,1,30,14,4,0
40,2006-01-02,time unavailable,H,Chicago Blackhawks,3,2,W,REG,24,12,4,W 3,21,21,0,0,37,19,0,0
41,2006-01-06,time unavailable,H,Toronto Maple Leafs,1,0,W,REG,25,12,4,W 4,28,12,0,0,27,14,0,0
42,2006-01-07,time unavailable,@,Vancouver Canucks,3,4,L,OT,25,12,5,L 1,30,24,2,0,36,18,4,0
43,2006-01-10,time unavailable,@,New York Rangers,2,4,L,REG,25,13,5,L 2,21,10,1,0,29,10,0,0
44,2006-01-12,time unavailable,@,New York Islanders,2,3,L,REG,25,14,5,L 3,30,20,1,0,36,20,1,0
45,2006-01-14,time unavailable,@,Minnesota Wild,4,1,W,REG,26,14,5,W 1,23,21,0,0,22,19,1,0
46,2006-01-19,time unavailable,H,Montreal Canadiens,3,2,W,REG,27,14,5,W 2,30,17,2,0,18,23,1,0
47,2006-01-21,time unavailable,H,Buffalo Sabres,4,1,W,REG,28,14,5,W 3,37,15,2,1,30,17,0,0
48,2006-01-23,time unavailable,@,Edmonton Oilers,3,1,W,REG,29,14,5,W 4,21,10,1,0,31,6,0,0
49,2006-01-24,time unavailable,@,Colorado Avalanche,4,7,L,REG,29,15,5,L 1,34,36,1,0,27,23,2,1
50,2006-01-26,time unavailable,@,Chicago Blackhawks,0,2,L,REG,29,16,5,L 2,26,16,0,0,20,18,1,1
51,2006-01-29,time unavailable,@,Chicago Blackhawks,5,3,W,REG,30,16,5,W 1,29,14,3,0,24,12,1,0
52,2006-01-30,time unavailable,@,St. Louis Blues,2,3,L,SO,30,16,6,L 1,31,21,1,0,18,23,0,0
53,2006-02-01,time unavailable,H,Columbus Blue Jackets,1,2,L,SO,30,16,7,L 2,37,10,0,0,20,6,1,0
54,2006-02-03,time unavailable,H,Vancouver Canucks,1,3,L,REG,30,17,7,L 3,29,22,1,0,22,20,1,0
55,2006-02-06,time unavailable,@,San Jose Sharks,4,3,W,REG,31,17,7,W 1,29,20,2,0,31,18,2,0
56,2006-02-08,time unavailable,H,Mighty Ducks of Anaheim,3,1,W,REG,32,17,7,W 2,24,12,3,0,32,10,1,0
57,2006-02-10,time unavailable,H,St. Louis Blues,3,2,W,OT,33,17,7,W 3,37,10,1,0,22,12,1,0
58,2006-02-28,time unavailable,H,Vancouver Canucks,1,2,L,REG,33,18,7,L 1,31,29,1,0,22,23,0,0
59,2006-03-02,time unavailable,H,St. Louis Blues,3,1,W,REG,34,18,7,W 1,31,26,1,0,21,20,0,0
60,2006-03-04,time unavailable,H,San Jose Sharks,2,0,W,REG,35,18,7,W 2,20,14,0,0,26,14,0,0
61,2006-03-07,time unavailable,H,Nashville Predators,2,3,L,REG,35,19,7,L 1,32,6,2,0,26,8,0,1
62,2006-03-09,time unavailable,H,Dallas Stars,1,0,W,REG,36,19,7,W 1,24,16,0,0,39,12,0,0
63,2006-03-12,time unavailable,@,Colorado Avalanche,0,3,L,REG,36,20,7,L 1,33,10,0,0,25,10,1,1
64,2006-03-13,time unavailable,H,Colorado Avalanche,4,3,W,REG,37,20,7,W 1,30,15,1,0,29,17,1,0
65,2006-03-16,time unavailable,@,Edmonton Oilers,2,3,L,OT,37,20,8,L 1,20,12,0,0,28,14,1,0
66,2006-03-18,time unavailable,@,Nashville Predators,4,9,L,REG,37,21,8,L 2,27,44,4,0,47,40,3,0
67,2006-03-19,time unavailable,@,Minnesota Wild,3,2,W,REG,38,21,8,W 1,19,16,1,0,39,8,1,0
68,2006-03-21,time unavailable,@,Minnesota Wild,1,3,L,REG,38,22,8,L 1,18,8,0,0,39,6,1,1
69,2006-03-23,time unavailable,@,St. Louis Blues,7,2,W,REG,39,22,8,W 1,26,18,3,1,22,18,1,0
70,2006-03-24,time unavailable,@,Columbus Blue Jackets,2,3,L,REG,39,23,8,L 1,28,18,1,0,28,20,0,0
71,2006-03-26,time unavailable,@,Dallas Stars,2,3,L,REG,39,24,8,L 2,19,40,2,0,23,36,1,1
72,2006-03-29,time unavailable,H,Los Angeles Kings,2,1,W,REG,40,24,8,W 1,25,17,0,1,26,17,0,0
73,2006-03-31,time unavailable,H,Colorado Avalanche,6,3,W,REG,41,24,8,W 2,30,10,1,1,26,12,1,0
74,2006-04-01,time unavailable,@,Edmonton Oilers,4,1,W,REG,42,24,8,W 3,26,21,2,0,26,23,0,0
75,2006-04-03,time unavailable,H,Detroit Red Wings,1,2,L,SO,42,24,9,L 1,28,20,0,0,42,16,0,0
76,2006-04-05,time unavailable,H,Phoenix Coyotes,5,2,W,REG,43,24,9,W 1,37,12,3,0,26,16,2,0
77,2006-04-07,time unavailable,H,Minnesota Wild,2,1,W,REG,44,24,9,W 2,29,8,0,0,22,12,0,1
78,2006-04-08,time unavailable,@,Vancouver Canucks,2,3,L,OT,44,24,10,L 1,24,20,1,0,27,18,2,0
79,2006-04-11,time unavailable,H,Mighty Ducks of Anaheim,3,0,W,REG,45,24,10,W 1,25,8,1,0,32,4,0,0
80,2006-04-13,time unavailable,H,Colorado Avalanche,2,0,W,REG,46,24,10,W 2,25,12,0,0,23,8,0,0
81,2006-04-15,time unavailable,@,Los Angeles Kings,1,2,L,SO,46,24,11,L 1,40,14,0,0,25,8,0,0
82,2006-04-17,time unavailable,@,Mighty Ducks of Anaheim,3,4,L,REG,46,25,11,L 2,32,62,1,0,34,40,3,0

GP,Date,Time,Location,Opponent,GF,GA,Result,Game Ended In,W,L,Streak,S,PIM,PPG,SHG,S,PIM,PPG,SHG,Notes
1,2006-04-21,time unavailable,H,Mighty Ducks of Anaheim,2,1,W,OT,1,0,W 1,30,15,0,0,34,15,0,0
2,2006-04-23,time unavailable,H,Mighty Ducks of Anaheim,3,4,L,REG,1,1,L 1,25,12,2,1,20,24,0,1
3,2006-04-25,time unavailable,@,Mighty Ducks of Anaheim,5,2,W,REG,2,1,W 1,24,27,3,0,29,23,2,0
4,2006-04-27,time unavailable,@,Mighty Ducks of Anaheim,2,3,L,OT,2,2,L 1,27,12,0,0,30,12,1,0
5,2006-04-29,time unavailable,H,Mighty Ducks of Anaheim,3,2,W,REG,3,2,W 1,27,26,1,1,28,22,2,0
6,2006-05-01,time unavailable,@,Mighty Ducks of Anaheim,1,2,L,REG,3,3,L 1,22,27,0,0,30,19,1,0
7,2006-05-03,time unavailable,H,Mighty Ducks of Anaheim,0,3,L,REG,3,4,L 2,22,6,0,0,32,10,0,0

Tony Amonte,,10,RW,35,6-0,200,L/-,13,"August 2, 1970",us,"14 G, 28 A, 42 P"
Brian Boucher,,33,G,29,6-2,198,-/L,5,"January 2, 1977",us,"1-2-0, 4.95 GAA"
Shean Donovan,,16,RW,31,6-3,218,R/-,10,"January 22, 1975",ca,"9 G, 11 A, 20 P"
Andrew Ference,,21,D,26,5-11,182,L/-,5,"March 17, 1979",ca,"4 G, 27 A, 31 P"
Carsen Germyn,,39,C,23,5-11,190,R/-,R,"February 22, 1982",ca,"0 G, 0 A, 0 P"
Mark Giordano,,46,D,22,6-0,198,L/-,R,"October 3, 1983",ca,"0 G, 1 A, 1 P"
Roman Hamrlik,,4,D,31,6-2,206,L/-,12,"April 12, 1974",cs,"7 G, 19 A, 26 P"
Cale Hulse,,32,D,32,6-3,220,R/-,9,"November 10, 1973",ca,"0 G, 1 A, 1 P"
Kristian Huselius,,20,LW,27,6-2,184,L/-,3,"November 10, 1978",se,"15 G, 24 A, 39 P"
Jarome Iginla,(C),12,RW,28,6-1,210,R/-,8,"July 1, 1977",ca,"35 G, 32 A, 67 P"
Miikka Kiprusoff,,34,G,29,6-1,185,-/L,4,"October 26, 1976",fi,"42-20-11, 2.07 GAA"
Chuck Kobasew,,19,RW,23,6-0,192,R/-,2,"April 17, 1982",ca,"20 G, 11 A, 31 P"
Daymond Langkow,,22,C,29,5-10,181,L/-,9,"September 27, 1976",ca,"25 G, 34 A, 59 P"
Mike Leclerc,,27,LW,29,6-2,208,L/-,8,"November 10, 1976",ca,"1 G, 4 A, 5 P"
Jordan Leopold,,6,D,25,6-1,206,L/-,2,"August 3, 1980",us,"2 G, 18 A, 20 P"
Matthew Lombardi,,18,C,23,5-11,195,L/-,1,"March 18, 1982",ca,"6 G, 20 A, 26 P"
Lynn Loyns,,37,LW,24,5-11,205,L/-,2,"February 21, 1981",ca,"0 G, 0 A, 0 P"
Jamie Lundmark,,24,C,25,6-0,197,R/-,2,"January 16, 1981",ca,"4 G, 6 A, 10 P"
Craig MacDonald,,29,C,28,6-1,201,L/-,4,"April 7, 1977",ca,"3 G, 2 A, 5 P"
Bryan Marchment,,7,D,36,6-1,200,L/-,16,"May 1, 1969",ca,"1 G, 2 A, 3 P"
Darren McCarty,,25,RW,33,6-1,210,R/-,11,"April 1, 1972",ca,"7 G, 6 A, 13 P"
Steve Montador,,5,D,26,6-0,210,R/-,3,"December 21, 1979",ca,"1 G, 0 A, 1 P"
Marcus Nilson,,26,LW,27,6-2,189,R/-,6,"March 1, 1978",se,"6 G, 11 A, 17 P"
Eric Nystrom,,23,LW,22,6-1,200,L/-,R,"February 14, 1983",us,"0 G, 0 A, 0 P"
Dion Phaneuf,,3,D,20,6-3,227,L/-,R,"April 10, 1985",ca,"20 G, 29 A, 49 P"
Richie Regehr,,49,D,23,6-0,190,R/-,R,"January 17, 1983",id,"0 G, 2 A, 2 P"
Robyn Regehr,,28,D,25,6-3,222,L/-,5,"April 19, 1980",br,"6 G, 20 A, 26 P"
Steve Reinprecht,,27,C,29,6-0,195,L/-,5,"May 7, 1976",ca,"10 G, 19 A, 29 P"
Byron Ritchie,,15,C,28,5-10,190,L/-,5,"April 24, 1977",ca,"4 G, 2 A, 6 P"
Philippe Sauve,,30,G,25,6-0,188,-/L,1,"February 27, 1980",us,"3-3-0, 3.28 GAA"
Chris Simon,,17,LW,34,6-3,233,L/-,12,"January 30, 1972",ca,"8 G, 14 A, 22 P"
Rhett Warrener,,44,D,30,6-1,203,R/-,9,"January 27, 1976",ca,"3 G, 3 A, 6 P"
Jason Wiemer,,24,LW,29,6-1,225,L/-,10,"April 14, 1976",ca,"1 G, 2 A, 3 P"
Stephane Yelle,,11,C,31,6-2,182,L/-,9,"May 9, 1974",ca,"4 G, 14 A, 18 P"
