Minnesota Wild,MIN,nhl
2005-06,2006
31
82
0
GP,Date,Time,Location,Opponent,GF,GA,Result,Game Ended In,W,L,OL,Streak,S,PIM,PPG,SHG,S,PIM,PPG,SHG,Notes
1,2005-10-05,time unavailable,H,Calgary Flames,6,3,W,REG,1,0,0,W 1,28,18,2,0,31,8,1,0
2,2005-10-08,time unavailable,@,Phoenix Coyotes,1,2,L,REG,1,1,0,L 1,24,15,1,0,17,29,0,1
3,2005-10-09,time unavailable,@,Los Angeles Kings,1,2,L,OT,1,1,1,L 2,25,12,0,0,32,10,0,0
4,2005-10-12,time unavailable,H,Vancouver Canucks,6,0,W,REG,2,1,1,W 1,28,21,3,0,33,15,0,0
5,2005-10-14,time unavailable,H,Vancouver Canucks,3,5,L,REG,2,2,1,L 1,13,19,2,0,41,13,1,0
6,2005-10-16,time unavailable,H,Mighty Ducks of Anaheim,4,1,W,REG,3,2,1,W 1,22,24,2,0,29,26,0,0
7,2005-10-19,time unavailable,H,San Jose Sharks,6,1,W,REG,4,2,1,W 2,25,15,0,1,35,9,0,0
8,2005-10-22,time unavailable,@,St. Louis Blues,3,2,W,REG,5,2,1,W 3,31,15,2,0,40,17,0,0
9,2005-10-23,time unavailable,@,Chicago Blackhawks,2,4,L,REG,5,3,1,L 1,17,8,1,0,32,18,1,0
10,2005-10-25,time unavailable,H,Vancouver Canucks,1,3,L,REG,5,4,1,L 2,28,20,1,0,36,16,1,0
11,2005-10-28,time unavailable,@,Columbus Blue Jackets,1,2,L,SO,5,4,2,L 3,28,10,0,0,53,6,0,0
12,2005-10-29,time unavailable,H,Columbus Blue Jackets,3,1,W,REG,6,4,2,W 1,24,18,1,0,16,16,1,0
13,2005-11-01,time unavailable,@,Calgary Flames,0,3,L,REG,6,5,2,L 1,23,23,0,0,24,35,1,0
14,2005-11-02,time unavailable,@,Vancouver Canucks,1,2,L,REG,6,6,2,L 2,32,15,0,0,30,17,1,0
15,2005-11-05,time unavailable,@,San Jose Sharks,3,1,W,REG,7,6,2,W 1,25,20,1,0,36,12,0,0
16,2005-11-06,time unavailable,@,Mighty Ducks of Anaheim,4,3,W,SO,8,6,2,W 2,21,23,0,1,42,25,1,0
17,2005-11-08,time unavailable,H,Phoenix Coyotes,2,4,L,REG,8,7,2,L 1,28,6,1,1,18,14,0,0
18,2005-11-11,time unavailable,@,Detroit Red Wings,1,3,L,REG,8,8,2,L 2,17,8,1,0,37,8,1,0
19,2005-11-14,time unavailable,@,Calgary Flames,2,3,L,REG,8,9,2,L 3,26,16,1,0,42,24,2,0
20,2005-11-19,time unavailable,H,Nashville Predators,4,2,W,REG,9,9,2,W 1,28,14,1,0,32,14,2,0
21,2005-11-23,time unavailable,H,Edmonton Oilers,3,4,L,REG,9,10,2,L 1,25,11,2,0,28,19,0,0
22,2005-11-25,time unavailable,H,St. Louis Blues,5,3,W,REG,10,10,2,W 1,29,14,1,0,32,14,1,0
23,2005-11-30,time unavailable,H,Columbus Blue Jackets,2,3,L,SO,10,10,3,L 1,34,6,1,0,31,8,0,0
24,2005-12-01,time unavailable,@,Nashville Predators,1,2,L,REG,10,11,3,L 2,20,23,1,0,46,33,1,0
25,2005-12-03,time unavailable,@,New Jersey Devils,2,3,L,SO,10,11,4,L 3,39,10,1,0,33,14,0,0
26,2005-12-05,time unavailable,@,New York Rangers,1,3,L,REG,10,12,4,L 4,23,12,0,0,40,10,2,0
27,2005-12-08,time unavailable,@,Pittsburgh Penguins,5,0,W,REG,11,12,4,W 1,32,22,1,0,22,30,0,0
28,2005-12-10,time unavailable,@,Philadelphia Flyers,2,3,L,REG,11,13,4,L 1,25,19,1,0,21,17,1,0
29,2005-12-11,time unavailable,H,Buffalo Sabres,2,3,L,REG,11,14,4,L 2,36,12,1,0,30,18,0,0
30,2005-12-13,time unavailable,@,New York Islanders,4,3,W,REG,12,14,4,W 1,22,12,2,0,35,20,1,0
31,2005-12-15,time unavailable,H,Boston Bruins,2,3,L,REG,12,15,4,L 1,31,2,2,0,28,8,0,0
32,2005-12-17,time unavailable,H,Montreal Canadiens,4,3,W,OT,13,15,4,W 1,28,19,2,0,33,34,0,0
33,2005-12-19,time unavailable,H,Dallas Stars,2,1,W,REG,14,15,4,W 2,22,12,0,0,31,10,0,0
34,2005-12-22,time unavailable,@,Colorado Avalanche,3,4,L,REG,14,16,4,L 1,30,16,1,0,37,14,0,0
35,2005-12-23,time unavailable,H,Colorado Avalanche,5,3,W,REG,15,16,4,W 1,24,8,1,0,23,12,0,0
36,2005-12-26,time unavailable,@,Edmonton Oilers,4,1,W,REG,16,16,4,W 2,23,14,1,1,28,14,1,0
37,2005-12-28,time unavailable,@,Edmonton Oilers,4,2,W,REG,17,16,4,W 3,23,8,1,0,30,6,0,0
38,2005-12-29,time unavailable,@,Calgary Flames,2,4,L,REG,17,17,4,L 1,34,8,0,0,34,10,1,0
39,2005-12-31,time unavailable,H,Vancouver Canucks,4,3,W,REG,18,17,4,W 1,37,10,2,0,29,12,2,0
40,2006-01-03,time unavailable,@,Detroit Red Wings,4,2,W,REG,19,17,4,W 2,23,16,0,0,45,10,1,0
41,2006-01-05,time unavailable,H,Colorado Avalanche,2,4,L,REG,19,18,4,L 1,35,16,1,0,22,10,1,0
42,2006-01-07,time unavailable,H,Mighty Ducks of Anaheim,4,1,W,REG,20,18,4,W 1,36,13,1,0,23,21,0,0
43,2006-01-09,time unavailable,H,Dallas Stars,1,2,L,REG,20,19,4,L 1,26,12,0,0,26,12,1,0
44,2006-01-14,time unavailable,H,Calgary Flames,1,4,L,REG,20,20,4,L 2,22,19,1,0,23,21,0,0
45,2006-01-16,time unavailable,H,Ottawa Senators,1,6,L,REG,20,21,4,L 3,16,19,0,0,34,17,2,0
46,2006-01-18,time unavailable,H,Toronto Maple Leafs,5,3,W,REG,21,21,4,W 1,23,14,2,1,22,14,1,1
47,2006-01-20,time unavailable,H,Chicago Blackhawks,4,1,W,REG,22,21,4,W 2,32,8,2,0,32,16,0,0
48,2006-01-22,time unavailable,@,Chicago Blackhawks,3,2,W,REG,23,21,4,W 3,22,21,1,0,22,27,0,0
49,2006-01-24,time unavailable,H,Phoenix Coyotes,3,2,W,REG,24,21,4,W 4,22,38,0,1,20,22,1,0
50,2006-01-26,time unavailable,H,Nashville Predators,5,1,W,REG,25,21,4,W 5,27,18,0,0,33,12,0,1
51,2006-01-27,time unavailable,@,Columbus Blue Jackets,3,4,L,REG,25,22,4,L 1,28,21,2,0,25,17,1,0
52,2006-01-30,time unavailable,H,Detroit Red Wings,4,5,L,REG,25,23,4,L 2,16,6,0,0,27,23,1,0
53,2006-01-31,time unavailable,@,Colorado Avalanche,2,3,L,REG,25,24,4,L 3,29,16,0,0,41,14,2,0
54,2006-02-02,time unavailable,@,San Jose Sharks,3,2,W,SO,26,24,4,W 1,32,6,1,0,23,6,0,0
55,2006-02-04,time unavailable,@,Phoenix Coyotes,6,4,W,REG,27,24,4,W 2,35,19,1,0,36,21,0,1
56,2006-02-07,time unavailable,H,Los Angeles Kings,5,1,W,REG,28,24,4,W 3,26,14,5,0,20,18,1,0
57,2006-02-09,time unavailable,H,Colorado Avalanche,1,2,L,REG,28,25,4,L 1,34,10,0,0,27,10,0,0
58,2006-02-10,time unavailable,@,Edmonton Oilers,6,3,W,REG,29,25,4,W 1,33,23,2,0,26,23,0,0
59,2006-02-12,time unavailable,@,Vancouver Canucks,2,3,L,OT,29,25,5,L 1,16,21,0,0,30,25,0,0
60,2006-02-28,time unavailable,@,Colorado Avalanche,2,4,L,REG,29,26,5,L 2,35,9,2,0,31,19,0,0
61,2006-03-02,time unavailable,@,Los Angeles Kings,2,3,L,REG,29,27,5,L 3,31,10,0,0,38,4,1,0
62,2006-03-03,time unavailable,@,Mighty Ducks of Anaheim,2,4,L,REG,29,28,5,L 4,38,20,0,0,32,6,1,1
63,2006-03-05,time unavailable,H,Colorado Avalanche,5,3,W,REG,30,28,5,W 1,31,12,1,1,29,16,1,0
64,2006-03-07,time unavailable,H,Los Angeles Kings,2,3,L,OT,30,28,6,L 1,23,8,0,0,24,10,0,0
65,2006-03-10,time unavailable,@,St. Louis Blues,1,2,L,OT,30,28,7,L 2,23,4,0,0,29,4,0,0
66,2006-03-12,time unavailable,H,Edmonton Oilers,4,3,W,REG,31,28,7,W 1,30,12,3,0,27,24,2,0
67,2006-03-14,time unavailable,H,Edmonton Oilers,1,2,L,REG,31,29,7,L 1,31,18,1,0,29,26,1,0
68,2006-03-19,time unavailable,H,Calgary Flames,2,3,L,REG,31,30,7,L 2,39,8,1,0,19,16,1,0
69,2006-03-21,time unavailable,H,Calgary Flames,3,1,W,REG,32,30,7,W 1,39,6,1,1,18,8,0,0
70,2006-03-22,time unavailable,@,Dallas Stars,2,4,L,REG,32,31,7,L 1,17,14,2,0,24,12,1,0
71,2006-03-25,time unavailable,H,San Jose Sharks,1,5,L,REG,32,32,7,L 2,25,14,0,0,23,12,2,0
72,2006-03-28,time unavailable,@,Edmonton Oilers,3,2,W,REG,33,32,7,W 1,16,10,0,1,25,10,2,0
73,2006-03-29,time unavailable,@,Vancouver Canucks,1,2,L,REG,33,33,7,L 1,21,10,0,0,31,14,1,0
74,2006-03-31,time unavailable,@,Vancouver Canucks,2,1,W,SO,34,33,7,W 1,20,12,1,0,29,10,0,0
75,2006-04-02,time unavailable,H,Detroit Red Wings,2,3,L,REG,34,34,7,L 1,18,8,1,0,37,8,2,0
76,2006-04-04,time unavailable,H,St. Louis Blues,5,4,W,SO,35,34,7,W 1,36,8,1,0,26,4,2,1
77,2006-04-06,time unavailable,H,Edmonton Oilers,2,1,W,SO,36,34,7,W 2,27,10,0,0,33,12,0,1
78,2006-04-07,time unavailable,@,Calgary Flames,1,2,L,REG,36,35,7,L 1,22,12,0,1,29,8,0,0
79,2006-04-09,time unavailable,@,Colorado Avalanche,5,2,W,REG,37,35,7,W 1,22,21,1,1,42,15,1,0
80,2006-04-11,time unavailable,H,Chicago Blackhawks,2,0,W,REG,38,35,7,W 2,22,41,0,0,27,12,0,0
81,2006-04-13,time unavailable,@,Nashville Predators,2,4,L,REG,38,36,7,L 1,29,26,1,0,30,30,2,0
82,2006-04-15,time unavailable,@,Dallas Stars,3,4,L,OT,38,36,8,L 2,36,8,1,0,24,12,0,0

Time,Location,Result,Game Ended In

Derek Boogaard,,24,LW,23,6-7,265,R/-,R,"June 23, 1982",ca,"2 G, 4 A, 6 P"
Pierre-Marc Bouchard,,96,C,21,5-11,171,L/-,2,"April 27, 1984",ca,"17 G, 42 A, 59 P"
Brent Burns,,8,RW,20,6-5,230,R/-,1,"March 9, 1985",ca,"4 G, 12 A, 16 P"
Marc Chouinard,,32,C,28,6-5,218,R/-,4,"May 6, 1977",ca,"14 G, 16 A, 30 P"
Alexandre Daigle,,9,RW,30,6-0,195,L/-,9,"February 7, 1975",ca,"5 G, 23 A, 28 P"
Pascal Dupuis,,11,RW,26,6-1,205,L/-,4,"April 7, 1979",ca,"10 G, 16 A, 26 P"
Scott Ferguson,,23,D,33,6-1,195,L/-,6,"January 6, 1973",ca,"0 G, 0 A, 0 P"
Manny Fernandez,,35,G,31,6-0,207,-/L,9,"August 27, 1974",ca,"30-18-7, 2.29 GAA"
Kurtis Foster,,26,D,24,6-5,225,R/-,2,"November 24, 1981",ca,"10 G, 18 A, 28 P"
Matt Foy,,83,RW,22,6-2,228,R/-,R,"May 18, 1983",ca,"2 G, 3 A, 5 P"
Marian Gaborik,,10,RW,23,6-1,205,L/-,4,"February 14, 1982",cs,"38 G, 28 A, 66 P"
Josh Harding,,29,G,21,6-1,202,-/R,R,"June 18, 1984",ca,"2-1-0, 2.59 GAA"
Alex Henry,(C),36,D,26,6-6,231,L/-,2,"October 18, 1979",ca,"0 G, 5 A, 5 P"
Mikko Koivu,,21,C,22,6-3,215,L/-,R,"March 12, 1983",fi,"6 G, 15 A, 21 P"
Filip Kuba,(C),17,D,29,6-4,225,L/-,6,"December 29, 1976",cs,"6 G, 19 A, 25 P"
Willie Mitchell,(C),2,D,28,6-3,210,L/-,5,"April 23, 1977",ca,"2 G, 6 A, 8 P"
Andrei Nazarov,,44,RW,31,6-5,242,R/-,11,"May 22, 1974",su,"0 G, 0 A, 0 P"
Erik Reitz,,56,D,23,6-1,222,R/-,R,"July 29, 1982",us,"0 G, 0 A, 0 P"
Randy Robitaille,,25,C,30,5-11,200,L/-,8,"October 12, 1975",ca,"12 G, 28 A, 40 P"
Dwayne Roloson,,30,G,36,6-1,170,-/L,7,"October 12, 1969",ca,"6-17-1, 3.00 GAA"
Brian Rolston,(C),12,C,32,6-2,215,L/-,10,"February 21, 1973",us,"34 G, 45 A, 79 P"
Nick Schultz,,55,D,23,6-1,203,L/-,3,"August 25, 1982",ca,"2 G, 12 A, 14 P"
Martin Skoula,,41,D,26,6-3,226,L/-,5,"October 28, 1979",cs,"1 G, 5 A, 6 P"
Daniel Tjarnqvist,,34,D,29,6-1,207,L/-,3,"October 14, 1976",se,"3 G, 15 A, 18 P"
Stephane Veilleux,,19,C,24,6-1,200,L/-,2,"November 16, 1981",ca,"7 G, 9 A, 16 P"
Wes Walz,(C),37,C,35,5-10,189,R/-,10,"May 15, 1970",ca,"19 G, 18 A, 37 P"
Kyle Wanvig,,27,RW,25,6-2,210,R/-,2,"January 29, 1981",ca,"4 G, 8 A, 12 P"
Mattias Weinhandl,,18,RW,25,6-0,183,R/-,2,"June 1, 1980",se,"2 G, 3 A, 5 P"
Erik Westrum,,7,C,26,6-0,204,L/-,1,"July 26, 1979",us,"0 G, 1 A, 1 P"
Todd White,,28,C,30,5-10,198,L/-,7,"May 21, 1975",ca,"19 G, 21 A, 40 P"
Andrei Zyuzin,,20,D,28,6-1,208,L/-,7,"January 21, 1978",su,"7 G, 11 A, 18 P"
