New York Islanders,NYI,nhl
2005-06,2006
40
82
0
GP,Date,Time,Location,Opponent,GF,GA,Result,Game Ended In,W,L,OL,Streak,S,PIM,PPG,SHG,S,PIM,PPG,SHG,Notes
1,2005-10-05,time unavailable,@,Buffalo Sabres,4,6,L,REG,0,1,0,L 1,26,22,1,0,39,14,2,0
2,2005-10-08,time unavailable,H,Carolina Hurricanes,3,2,W,REG,1,1,0,W 1,35,12,1,1,44,12,0,0
3,2005-10-10,time unavailable,H,Florida Panthers,1,3,L,REG,1,2,0,L 1,30,24,1,0,23,16,1,0
4,2005-10-13,time unavailable,@,Washington Capitals,5,3,W,REG,2,2,0,W 1,49,22,0,1,29,26,0,0
5,2005-10-15,time unavailable,@,Philadelphia Flyers,1,5,L,REG,2,3,0,L 1,20,43,1,0,46,23,2,0
6,2005-10-19,time unavailable,@,New York Rangers,3,2,W,SO,3,3,0,W 1,26,14,2,0,35,18,1,0
7,2005-10-20,time unavailable,H,New York Rangers,5,4,W,REG,4,3,0,W 2,21,14,2,1,30,16,2,0
8,2005-10-22,time unavailable,@,Montreal Canadiens,3,4,L,REG,4,4,0,L 1,22,16,2,0,32,16,2,0
9,2005-10-25,time unavailable,H,Atlanta Thrashers,4,3,W,REG,5,4,0,W 1,26,26,2,0,36,16,3,0
10,2005-10-27,time unavailable,@,New York Rangers,1,3,L,REG,5,5,0,L 1,32,14,0,0,33,22,1,0
11,2005-10-29,time unavailable,H,Buffalo Sabres,4,6,L,REG,5,6,0,L 2,37,18,1,0,31,12,4,0
12,2005-11-01,time unavailable,H,Boston Bruins,4,3,W,OT,6,6,0,W 1,23,12,0,0,32,6,0,0
13,2005-11-03,time unavailable,H,Pittsburgh Penguins,1,5,L,REG,6,7,0,L 1,23,18,0,0,33,10,2,0
14,2005-11-05,time unavailable,@,Ottawa Senators,0,6,L,REG,6,8,0,L 2,28,27,0,0,32,19,3,1
15,2005-11-08,time unavailable,@,New Jersey Devils,4,1,W,REG,7,8,0,W 1,20,13,1,0,26,13,1,0
16,2005-11-10,time unavailable,@,Philadelphia Flyers,2,3,L,REG,7,9,0,L 1,40,13,2,0,30,15,0,0
17,2005-11-12,time unavailable,H,Boston Bruins,5,2,W,REG,8,9,0,W 1,31,14,1,0,31,14,0,0
18,2005-11-14,time unavailable,@,Pittsburgh Penguins,3,2,W,SO,9,9,0,W 2,37,8,0,0,28,8,0,0
19,2005-11-16,time unavailable,@,Atlanta Thrashers,7,3,W,REG,10,9,0,W 3,39,16,3,0,42,22,0,0
20,2005-11-17,time unavailable,@,Tampa Bay Lightning,2,3,L,REG,10,10,0,L 1,36,14,0,0,31,12,0,0
21,2005-11-19,time unavailable,@,Florida Panthers,5,3,W,REG,11,10,0,W 1,28,19,2,0,29,21,0,0
22,2005-11-23,time unavailable,H,Buffalo Sabres,3,4,L,SO,11,10,1,L 1,26,6,1,0,28,8,1,0
23,2005-11-25,time unavailable,H,Ottawa Senators,2,6,L,REG,11,11,1,L 2,33,17,1,0,45,17,3,0
24,2005-11-26,time unavailable,@,Philadelphia Flyers,4,2,W,REG,12,11,1,W 1,21,10,1,0,36,12,0,0
25,2005-11-29,time unavailable,H,Philadelphia Flyers,3,4,L,REG,12,12,1,L 1,23,12,2,0,35,6,1,0
26,2005-12-04,time unavailable,@,Detroit Red Wings,2,1,W,REG,13,12,1,W 1,28,10,0,0,36,8,0,0
27,2005-12-06,time unavailable,@,St. Louis Blues,6,3,W,REG,14,12,1,W 2,23,35,3,0,34,15,2,0
28,2005-12-08,time unavailable,@,Columbus Blue Jackets,3,4,L,SO,14,12,2,L 1,40,21,2,0,27,27,3,0
29,2005-12-10,time unavailable,H,Edmonton Oilers,3,2,W,SO,15,12,2,W 1,24,30,2,0,29,24,1,0
30,2005-12-13,time unavailable,H,Minnesota Wild,3,4,L,REG,15,13,2,L 1,35,20,1,0,22,12,2,0
31,2005-12-17,time unavailable,H,Colorado Avalanche,5,4,W,REG,16,13,2,W 1,25,19,0,0,33,19,2,0
32,2005-12-19,time unavailable,@,Toronto Maple Leafs,6,9,L,REG,16,14,2,L 1,33,12,3,0,34,22,1,2
33,2005-12-21,time unavailable,H,New Jersey Devils,4,2,W,REG,17,14,2,W 1,31,16,1,0,27,20,1,0
34,2005-12-23,time unavailable,H,Ottawa Senators,2,4,L,REG,17,15,2,L 1,27,13,2,0,26,19,2,0
35,2005-12-26,time unavailable,@,Buffalo Sabres,3,6,L,REG,17,16,2,L 2,19,16,1,0,35,10,3,0
36,2005-12-28,time unavailable,H,New York Rangers,2,6,L,REG,17,17,2,L 3,25,6,0,0,28,6,1,0
37,2005-12-30,time unavailable,@,Ottawa Senators,3,4,L,REG,17,18,2,L 4,23,16,1,1,37,10,1,0
38,2006-01-02,time unavailable,H,Tampa Bay Lightning,1,2,L,REG,17,19,2,L 5,36,16,1,0,43,16,0,1
39,2006-01-04,time unavailable,H,Florida Panthers,4,3,W,OT,18,19,2,W 1,38,10,0,0,42,6,2,0
40,2006-01-06,time unavailable,@,Carolina Hurricanes,1,4,L,REG,18,20,2,L 1,29,16,0,0,35,10,2,0
41,2006-01-07,time unavailable,H,Carolina Hurricanes,0,3,L,REG,18,21,2,L 2,30,12,0,0,28,6,2,0
42,2006-01-10,time unavailable,@,Nashville Predators,1,2,L,REG,18,22,2,L 3,28,8,0,0,35,4,0,0
43,2006-01-12,time unavailable,H,Calgary Flames,3,2,W,REG,19,22,2,W 1,36,20,1,0,30,20,1,0
44,2006-01-14,time unavailable,H,Vancouver Canucks,1,8,L,REG,19,23,2,L 1,37,23,1,0,31,15,3,0
45,2006-01-17,time unavailable,@,Chicago Blackhawks,2,1,W,OT,20,23,2,W 1,23,8,1,0,35,10,1,0
46,2006-01-19,time unavailable,@,Carolina Hurricanes,3,4,L,REG,20,24,2,L 1,39,9,0,0,25,17,1,0
47,2006-01-21,time unavailable,@,New Jersey Devils,2,3,L,SO,20,24,3,L 2,39,6,1,0,37,8,1,0
48,2006-01-24,time unavailable,H,New Jersey Devils,0,4,L,REG,20,25,3,L 3,24,20,0,0,28,20,2,0
49,2006-01-26,time unavailable,H,Pittsburgh Penguins,4,3,W,SO,21,25,3,W 1,31,6,2,0,16,12,0,1
50,2006-01-28,time unavailable,@,Boston Bruins,4,3,W,REG,22,25,3,W 2,51,19,0,0,44,11,1,0
51,2006-01-31,time unavailable,H,Washington Capitals,5,3,W,REG,23,25,3,W 3,33,6,1,0,29,8,2,0
52,2006-02-02,time unavailable,H,New York Rangers,2,5,L,REG,23,26,3,L 1,25,13,1,0,27,17,3,0
53,2006-02-04,time unavailable,@,Pittsburgh Penguins,5,4,W,SO,24,26,3,W 1,29,22,3,0,44,8,4,0
54,2006-02-06,time unavailable,H,Tampa Bay Lightning,2,3,L,OT,24,26,4,L 1,30,10,0,0,24,6,0,0
55,2006-02-08,time unavailable,@,Philadelphia Flyers,2,5,L,REG,24,27,4,L 2,22,8,2,0,27,14,2,2
56,2006-02-11,time unavailable,@,New Jersey Devils,2,1,W,REG,25,27,4,W 1,32,13,1,0,27,13,0,0
57,2006-02-28,time unavailable,H,Montreal Canadiens,3,5,L,REG,25,28,4,L 1,35,20,1,0,22,14,3,1
58,2006-03-02,time unavailable,H,New Jersey Devils,3,2,W,SO,26,28,4,W 1,40,11,2,0,28,13,0,0
59,2006-03-04,time unavailable,H,Philadelphia Flyers,4,2,W,REG,27,28,4,W 2,26,12,2,0,21,14,1,0
60,2006-03-06,time unavailable,@,Washington Capitals,2,5,L,REG,27,29,4,L 1,42,12,0,0,33,16,1,0
61,2006-03-07,time unavailable,H,New Jersey Devils,2,1,W,SO,28,29,4,W 1,30,31,0,0,31,9,1,0
62,2006-03-10,time unavailable,H,Toronto Maple Leafs,2,1,W,SO,29,29,4,W 2,27,12,0,0,23,14,1,0
63,2006-03-11,time unavailable,@,Boston Bruins,3,1,W,REG,30,29,4,W 3,45,13,0,0,33,17,1,0
64,2006-03-14,time unavailable,@,New Jersey Devils,6,1,W,REG,31,29,4,W 4,26,8,0,0,17,8,0,0
65,2006-03-16,time unavailable,@,Atlanta Thrashers,2,4,L,REG,31,30,4,L 1,30,6,0,0,39,8,0,1
66,2006-03-17,time unavailable,@,Florida Panthers,2,4,L,REG,31,31,4,L 2,26,2,1,0,44,6,1,0
67,2006-03-19,time unavailable,@,Tampa Bay Lightning,2,5,L,REG,31,32,4,L 3,32,16,0,0,37,2,2,0
68,2006-03-21,time unavailable,H,Montreal Canadiens,3,1,W,REG,32,32,4,W 1,25,12,0,0,37,6,1,0
69,2006-03-24,time unavailable,@,Pittsburgh Penguins,3,4,L,OT,32,32,5,L 1,28,8,0,0,26,14,1,1
70,2006-03-25,time unavailable,H,Atlanta Thrashers,5,1,W,REG,33,32,5,W 1,33,31,1,1,22,15,1,0
71,2006-03-28,time unavailable,@,Montreal Canadiens,0,2,L,REG,33,33,5,L 1,36,12,0,0,36,31,0,1
72,2006-03-29,time unavailable,H,New York Rangers,1,5,L,REG,33,34,5,L 2,19,36,1,0,22,24,1,0
73,2006-03-31,time unavailable,H,Pittsburgh Penguins,0,4,L,REG,33,35,5,L 3,29,10,0,0,29,6,2,0
74,2006-04-02,time unavailable,H,Philadelphia Flyers,1,4,L,REG,33,36,5,L 4,32,11,1,0,22,19,0,1
75,2006-04-05,time unavailable,@,Toronto Maple Leafs,2,3,L,REG,33,37,5,L 5,29,10,2,0,22,14,1,0
76,2006-04-06,time unavailable,@,New York Rangers,1,3,L,REG,33,38,5,L 6,22,10,0,0,26,6,0,0
77,2006-04-08,time unavailable,H,Washington Capitals,5,0,W,REG,34,38,5,W 1,45,10,4,0,20,22,0,0
78,2006-04-11,time unavailable,@,New York Rangers,3,2,W,REG,35,38,5,W 2,30,19,1,0,38,19,1,0
79,2006-04-13,time unavailable,H,Toronto Maple Leafs,3,4,L,OT,35,38,6,L 1,26,12,0,0,31,8,1,0
80,2006-04-15,time unavailable,H,Pittsburgh Penguins,5,4,W,SO,36,38,6,W 1,32,21,2,0,24,21,3,0
81,2006-04-17,time unavailable,@,Pittsburgh Penguins,1,6,L,REG,36,39,6,L 1,27,14,0,0,29,21,1,1
82,2006-04-18,time unavailable,H,Philadelphia Flyers,1,4,L,REG,36,40,6,L 2,32,6,0,0,26,14,0,2

Time,Location,Result,Game Ended In

Arron Asham,,45,RW,27,5-11,205,R/-,6,"April 13, 1978",ca,"9 G, 15 A, 24 P"
Shawn Bates,,17,C,30,6-0,210,R/-,7,"April 3, 1975",us,"15 G, 19 A, 34 P"
Sean Bergenheim,,10,LW,21,5-10,201,L/-,1,"February 8, 1984",fi,"4 G, 5 A, 9 P"
Jason Blake,,55,LW,32,5-10,190,L/-,6,"September 2, 1973",us,"28 G, 29 A, 57 P"
Joel Bouchard,,4,D,32,6-1,209,L/-,10,"January 23, 1974",ca,"1 G, 8 A, 9 P"
Ryan Caldwell,,43,D,24,6-2,174,L/-,R,"June 15, 1981",ca,"0 G, 0 A, 0 P"
Chris Campoli,,14,D,21,6-0,200,L/-,R,"July 9, 1984",ca,"9 G, 25 A, 34 P"
Kevin Colley,,62,C,27,5-10,175,R/-,R,"January 4, 1979",us,"0 G, 0 A, 0 P"
Rob Collins,,26-54,C,27,5-10,174,R/-,R,"March 15, 1978",ca,"1 G, 1 A, 2 P"
Jeremy Colliton,,27,C,21,6-2,195,R/-,R,"January 13, 1985",ca,"1 G, 1 A, 2 P"
Rick DiPietro,,39,G,24,6-0,185,-/R,3,"September 19, 1981",us,"30-24-5, 3.02 GAA"
Wade Dubielewicz,,34,G,27,5-10,180,-/L,1,"January 30, 1979",ca,"2-3-0, 2.90 GAA"
John Erskine,,44,D,25,6-4,220,L/-,3,"June 26, 1980",ca,"1 G, 0 A, 1 P"
Bruno Gervais,,6,D,21,6-1,200,R/-,R,"October 3, 1984",ca,"3 G, 4 A, 7 P"
Eric Godard,,49,RW,25,6-4,214,R/-,2,"March 7, 1980",ca,"2 G, 2 A, 4 P"
Denis Grebeshkov,,3,D,22,6-0,209,L/-,1,"October 11, 1983",su,"0 G, 3 A, 3 P"
Jeff Hamilton,,18,C,28,5-10,185,R/-,1,"September 4, 1977",us,"2 G, 6 A, 8 P"
Trent Hunter,,7,RW,25,6-3,217,R/-,2,"July 5, 1980",ca,"16 G, 19 A, 35 P"
Cole Jarrett,,63,D,23,6-0,195,L/-,R,"January 4, 1983",ca,"0 G, 0 A, 0 P"
Matt Koalska,,40,C,25,6-1,196,L/-,R,"May 16, 1980",us,"0 G, 0 A, 0 P"
Oleg Kvasha,,12,LW,27,6-5,230,R/-,6,"July 26, 1978",su,"9 G, 12 A, 21 P"
Brad Lukowich,,25,D,29,6-1,200,L/-,7,"August 12, 1976",ca,"1 G, 12 A, 13 P"
Masi Marjamaki,,58,RW,21,6-2,184,L/-,R,"January 16, 1985",fi,"0 G, 0 A, 0 P"
Radek Martinek,,24,D,29,6-0,206,R/-,3,"August 31, 1976",cs,"1 G, 16 A, 17 P"
Janne Niinimaa,,44,D,30,6-1,220,L/-,8,"May 22, 1975",fi,"1 G, 9 A, 10 P"
Robert Nilsson,,21,C,21,5-11,185,L/-,R,"January 10, 1985",ca,"6 G, 14 A, 20 P"
Petteri Nokelainen,,29,C,20,6-1,202,R/-,R,"January 16, 1986",fi,"1 G, 1 A, 2 P"
Mark Parrish,,37,RW,28,5-11,199,R/-,6,"February 2, 1977",us,"24 G, 17 A, 41 P"
Tomi Pettinen,,8,D,28,6-3,220,L/-,2,"June 17, 1977",fi,"0 G, 0 A, 0 P"
Steve Regier,,48,LW,21,6-4,194,L/-,R,"August 31, 1984",ca,"0 G, 0 A, 0 P"
Allan Rourke,,38,D,25,6-2,215,L/-,1,"March 6, 1980",ca,"0 G, 1 A, 1 P"
Miroslav Satan,,81,RW,31,6-3,191,L/-,9,"October 22, 1974",cs,"35 G, 31 A, 66 P"
Wyatt Smith,,28,C,28,5-11,205,L/-,5,"February 13, 1977",us,"0 G, 8 A, 8 P"
Garth Snow,,30,G,36,6-3,200,-/L,11,"July 28, 1969",us,"4-13-1, 3.72 GAA"
Brent Sopel,,3,D,29,6-2,205,R/-,6,"January 7, 1977",ca,"2 G, 25 A, 27 P"
Jeff Tambellini,,15,LW,21,5-11,186,L/-,R,"April 13, 1984",ca,"1 G, 3 A, 4 P"
Mattias Weinhandl,,11,RW,25,6-0,183,R/-,2,"June 1, 1980",se,"2 G, 4 A, 6 P"
Alexei Yashin,(C),79,C,32,6-3,225,R/-,10,"November 5, 1973",su,"28 G, 38 A, 66 P"
Mike York,,16,C,28,5-10,185,R/-,5,"January 3, 1978",us,"13 G, 39 A, 52 P"
Alexei Zhitnik,,77,D,33,5-11,225,L/-,12,"October 10, 1972",su,"5 G, 24 A, 29 P"
