New York Rangers,NYR,nhl
2005-06,2006
35
82
4
GP,Date,Time,Location,Opponent,GF,GA,Result,Game Ended In,W,L,OL,Streak,S,PIM,PPG,SHG,S,PIM,PPG,SHG,Notes
1,2005-10-05,time unavailable,@,Philadelphia Flyers,5,3,W,REG,1,0,0,W 1,27,18,2,0,27,8,1,0
2,2005-10-06,time unavailable,H,Montreal Canadiens,3,4,L,OT,1,0,1,L 1,19,22,1,0,28,12,1,0
3,2005-10-08,time unavailable,@,New Jersey Devils,2,3,L,OT,1,0,2,L 2,35,12,1,0,27,18,1,0
4,2005-10-10,time unavailable,@,Washington Capitals,2,3,L,REG,1,1,2,L 3,32,12,2,0,28,18,1,0
5,2005-10-13,time unavailable,H,New Jersey Devils,4,1,W,REG,2,1,2,W 1,23,12,1,0,21,20,0,0
6,2005-10-15,time unavailable,H,Atlanta Thrashers,5,1,W,REG,3,1,2,W 2,29,12,1,0,29,8,0,0
7,2005-10-17,time unavailable,H,Florida Panthers,4,0,W,REG,4,1,2,W 3,49,12,3,0,23,16,0,0
8,2005-10-19,time unavailable,H,New York Islanders,2,3,L,SO,4,1,3,L 1,35,18,1,0,26,14,2,0
9,2005-10-20,time unavailable,@,New York Islanders,4,5,L,REG,4,2,3,L 2,30,16,2,0,21,14,2,1
10,2005-10-22,time unavailable,@,Buffalo Sabres,1,3,L,REG,4,3,3,L 3,23,16,0,0,31,10,2,0
11,2005-10-27,time unavailable,H,New York Islanders,3,1,W,REG,5,3,3,W 1,33,22,1,0,32,14,0,0
12,2005-10-29,time unavailable,@,Montreal Canadiens,5,2,W,REG,6,3,3,W 2,29,6,0,0,40,6,0,0
13,2005-10-31,time unavailable,H,Montreal Canadiens,1,4,L,REG,6,4,3,L 1,24,18,1,0,31,12,1,1
14,2005-11-03,time unavailable,@,New Jersey Devils,4,2,W,REG,7,4,3,W 1,25,15,1,0,32,15,1,1
15,2005-11-05,time unavailable,H,New Jersey Devils,3,2,W,SO,8,4,3,W 2,37,12,1,0,25,14,1,0
16,2005-11-07,time unavailable,H,Pittsburgh Penguins,2,3,L,REG,8,5,3,L 1,37,6,0,0,24,14,0,0
17,2005-11-09,time unavailable,@,Florida Panthers,4,3,W,SO,9,5,3,W 1,40,22,1,0,41,12,1,0
18,2005-11-10,time unavailable,@,Tampa Bay Lightning,5,2,W,REG,10,5,3,W 2,20,14,1,0,25,12,1,0
19,2005-11-12,time unavailable,@,Pittsburgh Penguins,6,1,W,REG,11,5,3,W 3,41,19,2,0,24,38,0,0
20,2005-11-15,time unavailable,@,Toronto Maple Leafs,1,2,L,REG,11,6,3,L 1,28,8,0,0,24,6,2,0
21,2005-11-17,time unavailable,@,Carolina Hurricanes,1,5,L,REG,11,7,3,L 2,29,16,0,0,27,8,1,1
22,2005-11-19,time unavailable,H,Carolina Hurricanes,4,3,W,REG,12,7,3,W 1,32,19,3,0,31,17,1,0
23,2005-11-20,time unavailable,H,Boston Bruins,3,2,W,REG,13,7,3,W 2,32,4,1,0,34,6,1,0
24,2005-11-22,time unavailable,@,Buffalo Sabres,3,2,W,SO,14,7,3,W 3,27,10,0,0,39,12,1,0
25,2005-11-24,time unavailable,@,Atlanta Thrashers,6,3,W,REG,15,7,3,W 4,33,12,0,0,25,8,2,0
26,2005-11-26,time unavailable,H,Washington Capitals,3,2,W,SO,16,7,3,W 5,26,14,0,1,37,10,0,0
27,2005-12-01,time unavailable,H,Pittsburgh Penguins,2,1,W,REG,17,7,3,W 6,32,10,1,0,36,14,0,0
28,2005-12-03,time unavailable,@,Washington Capitals,1,5,L,REG,17,8,3,L 1,38,19,1,0,23,15,1,0
29,2005-12-05,time unavailable,H,Minnesota Wild,3,1,W,REG,18,8,3,W 1,40,10,2,0,23,12,0,0
30,2005-12-07,time unavailable,@,Chicago Blackhawks,1,2,L,OT,18,8,4,L 1,31,10,0,0,19,18,1,0
31,2005-12-08,time unavailable,@,Nashville Predators,5,1,W,REG,19,8,4,W 1,25,19,0,0,31,13,0,0
32,2005-12-10,time unavailable,@,St. Louis Blues,5,4,W,OT,20,8,4,W 2,28,26,1,0,31,18,2,1
33,2005-12-13,time unavailable,H,Vancouver Canucks,2,3,L,REG,20,9,4,L 1,36,17,1,0,31,27,0,0
34,2005-12-18,time unavailable,H,Colorado Avalanche,1,2,L,REG,20,10,4,L 2,30,15,0,0,17,13,1,0
35,2005-12-20,time unavailable,H,New Jersey Devils,1,3,L,REG,20,11,4,L 3,31,24,0,0,32,14,0,0
36,2005-12-22,time unavailable,H,Tampa Bay Lightning,4,2,W,REG,21,11,4,W 1,36,14,3,0,32,10,1,0
37,2005-12-26,time unavailable,@,Ottawa Senators,2,6,L,REG,21,12,4,L 1,26,12,0,0,33,10,3,0
38,2005-12-28,time unavailable,@,New York Islanders,6,2,W,REG,22,12,4,W 1,28,6,1,0,25,6,0,0
39,2005-12-31,time unavailable,@,Pittsburgh Penguins,3,4,L,OT,22,12,5,L 1,17,18,3,0,37,18,3,0
40,2006-01-03,time unavailable,H,Tampa Bay Lightning,0,1,L,OT,22,12,6,L 2,36,8,0,0,20,12,0,0
41,2006-01-05,time unavailable,H,Philadelphia Flyers,3,4,L,OT,22,12,7,L 3,34,15,0,0,23,9,3,0
42,2006-01-07,time unavailable,H,Florida Panthers,4,0,W,REG,23,12,7,W 1,25,14,1,0,38,10,0,0
43,2006-01-10,time unavailable,H,Calgary Flames,4,2,W,REG,24,12,7,W 2,29,10,0,0,21,10,1,0
44,2006-01-12,time unavailable,H,Edmonton Oilers,5,4,W,OT,25,12,7,W 3,22,12,1,0,30,22,2,2
45,2006-01-14,time unavailable,@,Detroit Red Wings,3,4,L,REG,25,13,7,L 1,24,10,0,0,36,6,1,0
46,2006-01-16,time unavailable,@,Columbus Blue Jackets,3,4,L,REG,25,14,7,L 2,36,11,0,0,32,7,1,0
47,2006-01-19,time unavailable,@,Pittsburgh Penguins,4,2,W,REG,26,14,7,W 1,25,10,1,0,30,10,2,0
48,2006-01-21,time unavailable,@,Boston Bruins,3,2,W,SO,27,14,7,W 2,29,10,0,0,31,8,1,0
49,2006-01-22,time unavailable,H,New Jersey Devils,3,1,W,REG,28,14,7,W 3,33,30,1,0,32,13,0,0
50,2006-01-24,time unavailable,H,Buffalo Sabres,1,2,L,REG,28,15,7,L 1,24,21,1,0,26,19,1,0
51,2006-01-28,time unavailable,H,Pittsburgh Penguins,7,1,W,REG,29,15,7,W 1,51,4,1,0,14,14,1,0
52,2006-01-30,time unavailable,H,Philadelphia Flyers,2,3,L,OT,29,15,8,L 1,30,6,0,0,40,8,0,0
53,2006-02-01,time unavailable,H,Pittsburgh Penguins,3,1,W,REG,30,15,8,W 1,26,12,2,1,25,18,1,0
54,2006-02-02,time unavailable,@,New York Islanders,5,2,W,REG,31,15,8,W 2,27,17,3,0,25,13,1,0
55,2006-02-04,time unavailable,@,Philadelphia Flyers,4,3,W,OT,32,15,8,W 3,28,20,2,0,29,18,0,0
56,2006-02-08,time unavailable,H,Ottawa Senators,5,1,W,REG,33,15,8,W 4,23,20,1,1,25,16,0,0
57,2006-02-10,time unavailable,H,Toronto Maple Leafs,4,2,W,REG,34,15,8,W 5,32,10,3,0,21,16,0,0
58,2006-02-11,time unavailable,@,Toronto Maple Leafs,4,2,W,REG,35,15,8,W 6,22,12,1,0,30,8,2,0
59,2006-03-02,time unavailable,@,Philadelphia Flyers,6,1,W,REG,36,15,8,W 7,26,18,4,0,37,41,1,0
60,2006-03-04,time unavailable,@,New Jersey Devils,1,2,L,REG,36,16,8,L 1,27,8,0,0,20,6,1,0
61,2006-03-06,time unavailable,H,Carolina Hurricanes,1,2,L,REG,36,17,8,L 2,38,14,0,0,19,10,0,0
62,2006-03-08,time unavailable,@,Atlanta Thrashers,2,3,L,SO,36,17,9,L 3,34,20,1,0,35,18,0,0
63,2006-03-11,time unavailable,@,Montreal Canadiens,0,1,L,REG,36,18,9,L 4,26,14,0,0,24,10,1,0
64,2006-03-12,time unavailable,H,Atlanta Thrashers,2,3,L,OT,36,18,10,L 5,35,16,1,0,31,12,2,0
65,2006-03-14,time unavailable,@,Carolina Hurricanes,3,5,L,REG,36,19,10,L 6,44,8,1,0,29,10,1,0
66,2006-03-16,time unavailable,H,Washington Capitals,5,4,W,REG,37,19,10,W 1,27,12,3,0,40,12,0,0
67,2006-03-18,time unavailable,H,Toronto Maple Leafs,5,2,W,REG,38,19,10,W 2,24,18,3,0,35,12,2,0
68,2006-03-20,time unavailable,H,Boston Bruins,5,2,W,REG,39,19,10,W 3,29,13,1,1,21,11,0,0
69,2006-03-22,time unavailable,H,Philadelphia Flyers,3,6,L,REG,39,20,10,L 1,23,19,1,0,36,6,3,1
70,2006-03-24,time unavailable,@,Florida Panthers,2,3,L,SO,39,20,11,L 2,28,12,1,0,42,8,1,0
71,2006-03-25,time unavailable,@,Tampa Bay Lightning,3,4,L,SO,39,20,12,L 3,23,10,2,0,34,6,0,0
72,2006-03-27,time unavailable,H,Buffalo Sabres,5,4,W,SO,40,20,12,W 1,35,14,2,0,31,22,2,0
73,2006-03-29,time unavailable,@,New York Islanders,5,1,W,REG,41,20,12,W 2,22,24,1,0,19,36,1,0
74,2006-03-30,time unavailable,@,Ottawa Senators,1,4,L,REG,41,21,12,L 1,25,27,0,0,32,21,3,0
75,2006-04-04,time unavailable,H,Philadelphia Flyers,3,2,W,SO,42,21,12,W 1,40,11,0,0,23,19,0,0
76,2006-04-06,time unavailable,H,New York Islanders,3,1,W,REG,43,21,12,W 2,26,6,0,0,22,10,0,0
77,2006-04-08,time unavailable,@,Boston Bruins,4,3,W,OT,44,21,12,W 3,25,17,1,0,26,13,1,0
78,2006-04-09,time unavailable,@,New Jersey Devils,2,3,L,REG,44,22,12,L 1,26,19,1,0,26,12,2,0
79,2006-04-11,time unavailable,H,New York Islanders,2,3,L,REG,44,23,12,L 2,38,19,1,0,30,19,1,0
80,2006-04-13,time unavailable,@,Pittsburgh Penguins,3,5,L,REG,44,24,12,L 3,24,10,1,0,35,4,2,0
81,2006-04-15,time unavailable,@,Philadelphia Flyers,1,4,L,REG,44,25,12,L 4,26,16,1,0,29,26,1,0
82,2006-04-18,time unavailable,H,Ottawa Senators,1,5,L,REG,44,26,12,L 5,28,18,0,0,32,10,2,1

GP,Date,Time,Location,Opponent,GF,GA,Result,Game Ended In,W,L,Streak,S,PIM,PPG,SHG,S,PIM,PPG,SHG,Notes
1,2006-04-22,time unavailable,@,New Jersey Devils,1,6,L,REG,0,1,L 1,30,43,1,0,30,21,5,0
2,2006-04-24,time unavailable,@,New Jersey Devils,1,4,L,REG,0,2,L 2,26,12,0,0,25,14,1,2
3,2006-04-26,time unavailable,H,New Jersey Devils,0,3,L,REG,0,3,L 3,25,4,0,0,20,6,0,0
4,2006-04-29,time unavailable,H,New Jersey Devils,2,4,L,REG,0,4,L 4,33,10,1,0,29,10,2,1

Blair Betts,,19,C,25,6-3,210,L/-,3,"February 16, 1980",ca,"8 G, 2 A, 10 P"
Fedor Fedorov,,17,RW,24,6-4,230,L/-,2,"June 11, 1981",su,"0 G, 0 A, 0 P"
Alexandre Giroux,,39,LW,24,6-3,203,L/-,R,"June 16, 1981",ca,"0 G, 0 A, 0 P"
Ryan Hollweg,,44,C,22,5-10,212,L/-,R,"April 23, 1983",us,"2 G, 3 A, 5 P"
Chris Holt,,40,G,20,6-3,221,-/L,R,"June 5, 1985",ca,"0-0-0, 0.00 GAA"
Marcel Hossa,,81,LW,24,6-3,220,L/-,3,"October 12, 1981",cs,"10 G, 6 A, 16 P"
Jarkko Immonen,,38,C,23,6-0,210,R/-,R,"April 19, 1982",fi,"2 G, 0 A, 2 P"
Jaromir Jagr,,68,RW,33,6-3,230,L/-,14,"February 15, 1972",cs,"54 G, 69 A, 123 P"
Darius Kasparaitis,,6,D,33,5-11,215,L/-,12,"October 16, 1972",su,"0 G, 6 A, 6 P"
Maxim Kondratiev,,24,D,23,6-1,194,L/-,1,"January 20, 1983",su,"1 G, 2 A, 3 P"
Bryce Lampman,,33,D,23,6-1,205,L/-,1,"August 31, 1982",us,"0 G, 0 A, 0 P"
David Liffiton,,55,D,21,6-2,210,L/-,R,"October 18, 1984",ca,"0 G, 0 A, 0 P"
Jamie Lundmark,,17,C,25,6-0,197,R/-,2,"January 16, 1981",ca,"1 G, 0 A, 1 P"
Henrik Lundqvist,,30,G,23,6-1,188,-/L,R,"March 2, 1982",se,"30-12-9, 2.24 GAA"
Marek Malik,,8,D,30,6-6,235,L/-,9,"June 24, 1975",cs,"2 G, 16 A, 18 P"
Dominic Moore,,18,C,25,6-0,192,L/-,1,"August 3, 1980",ca,"9 G, 9 A, 18 P"
Ville Nieminen,,10,LW,28,5-11,200,L/-,5,"April 6, 1977",fi,"5 G, 12 A, 17 P"
Michael Nylander,,92,C,33,6-1,195,L/-,11,"October 3, 1972",se,"23 G, 56 A, 79 P"
Colton Orr,,28,RW,23,6-3,222,-/-,1,"March 3, 1982",ca,"0 G, 1 A, 1 P"
Jed Ortmeyer,,41,RW,27,6-0,200,R/-,1,"September 3, 1978",us,"5 G, 2 A, 7 P"
Sandis Ozolinsh,,24,D,33,6-3,215,L/-,12,"August 3, 1972",su,"3 G, 11 A, 14 P"
Thomas Pock,,22,D,24,6-1,210,L/-,1,"December 2, 1981",at,"1 G, 1 A, 2 P"
Tom Poti,,16,D,28,6-3,190,L/-,6,"March 22, 1977",us,"3 G, 20 A, 23 P"
Petr Prucha,,25,LW,23,6-0,175,R/-,R,"September 14, 1982",cs,"30 G, 17 A, 47 P"
Michal Rozsival,,3,D,27,6-1,210,R/-,4,"September 3, 1978",cs,"5 G, 25 A, 30 P"
Steve Rucchin,,20,C,34,6-2,210,L/-,10,"July 4, 1971",ca,"13 G, 23 A, 36 P"
Martin Rucinsky,,26,LW,34,6-1,205,L/-,13,"March 11, 1971",cs,"16 G, 39 A, 55 P"
Martin Straka,,82,LW,33,5-9,180,L/-,12,"September 3, 1972",cs,"22 G, 54 A, 76 P"
Jason Strudwick,,34,D,30,6-4,226,L/-,8,"July 17, 1975",ca,"3 G, 4 A, 7 P"
Petr Sykora,,17,RW,29,6-0,190,L/-,9,"November 19, 1976",cs,"16 G, 15 A, 31 P"
Jeff Taffe,,15,C,24,6-3,207,L/-,2,"February 19, 1981",us,"0 G, 0 A, 0 P"
Fedor Tyutin,,51,D,22,6-2,221,L/-,1,"July 19, 1983",su,"6 G, 19 A, 25 P"
Jason Ward,,14,RW,27,6-2,208,R/-,4,"January 16, 1979",ca,"10 G, 18 A, 28 P"
Kevin Weekes,,80,G,30,6-2,215,-/L,7,"April 4, 1975",ca,"14-14-3, 2.95 GAA"
Chad Wiseman,,21,LW,24,6-1,205,L/-,2,"March 25, 1981",ca,"0 G, 1 A, 1 P"
