Pittsburgh Penguins,PIT,nhl
2005-06,2006
41
82
0
GP,Date,Time,Location,Opponent,GF,GA,Result,Game Ended In,W,L,OL,Streak,S,PIM,PPG,SHG,S,PIM,PPG,SHG,Notes
1,2005-10-05,time unavailable,@,New Jersey Devils,1,5,L,REG,0,1,0,L 1,37,16,1,0,37,20,2,0
2,2005-10-07,time unavailable,@,Carolina Hurricanes,2,3,L,SO,0,1,1,L 2,30,21,2,0,33,19,0,0
3,2005-10-08,time unavailable,H,Boston Bruins,6,7,L,OT,0,1,2,L 3,29,14,2,0,41,18,2,0
4,2005-10-10,time unavailable,@,Buffalo Sabres,2,3,L,OT,0,1,3,L 4,28,10,0,0,41,4,0,0
5,2005-10-14,time unavailable,@,Philadelphia Flyers,5,6,L,OT,0,1,4,L 5,20,18,2,0,41,14,2,1
6,2005-10-15,time unavailable,H,Tampa Bay Lightning,1,3,L,REG,0,2,4,L 6,21,14,0,0,30,2,1,0
7,2005-10-20,time unavailable,H,New Jersey Devils,3,6,L,REG,0,3,4,L 7,33,14,1,0,36,12,2,0
8,2005-10-22,time unavailable,@,Boston Bruins,3,6,L,REG,0,4,4,L 8,21,29,1,0,47,23,4,0
9,2005-10-25,time unavailable,H,Florida Panthers,3,4,L,OT,0,4,5,L 9,41,16,2,0,34,28,2,0
10,2005-10-27,time unavailable,H,Atlanta Thrashers,7,5,W,REG,1,4,5,W 1,30,25,6,0,35,33,3,0
11,2005-10-29,time unavailable,H,Carolina Hurricanes,3,5,L,REG,1,5,5,L 1,28,18,1,0,33,14,3,0
12,2005-11-01,time unavailable,@,New Jersey Devils,4,3,W,OT,2,5,5,W 1,37,10,1,1,29,12,1,0
13,2005-11-03,time unavailable,@,New York Islanders,5,1,W,REG,3,5,5,W 2,33,10,2,0,23,18,0,0
14,2005-11-05,time unavailable,@,Boston Bruins,3,6,L,REG,3,6,5,L 1,29,42,1,0,32,34,4,0
15,2005-11-07,time unavailable,@,New York Rangers,3,2,W,REG,4,6,5,W 1,24,14,0,0,37,6,0,0
16,2005-11-09,time unavailable,@,Atlanta Thrashers,0,5,L,REG,4,7,5,L 1,26,12,0,0,40,6,1,0
17,2005-11-10,time unavailable,H,Montreal Canadiens,3,2,W,SO,5,7,5,W 1,23,10,1,0,32,47,1,0
18,2005-11-12,time unavailable,H,New York Rangers,1,6,L,REG,5,8,5,L 1,24,38,0,0,41,19,2,0
19,2005-11-14,time unavailable,H,New York Islanders,2,3,L,SO,5,8,6,L 2,28,8,0,0,37,8,0,0
20,2005-11-16,time unavailable,@,Philadelphia Flyers,3,2,W,OT,6,8,6,W 1,29,16,1,0,47,16,2,0
21,2005-11-19,time unavailable,H,Philadelphia Flyers,3,6,L,REG,6,9,6,L 1,30,12,2,0,29,14,0,1
22,2005-11-22,time unavailable,H,Washington Capitals,5,4,W,REG,7,9,6,W 1,28,8,1,0,45,14,0,1
23,2005-11-25,time unavailable,@,Florida Panthers,3,6,L,REG,7,10,6,L 1,39,9,0,0,46,17,0,1
24,2005-11-27,time unavailable,@,Tampa Bay Lightning,1,4,L,REG,7,11,6,L 2,21,18,0,1,36,4,3,0
25,2005-11-29,time unavailable,H,Buffalo Sabres,2,3,L,REG,7,12,6,L 3,32,14,1,0,27,18,1,0
26,2005-12-01,time unavailable,@,New York Rangers,1,2,L,REG,7,13,6,L 4,36,14,0,0,32,10,1,0
27,2005-12-03,time unavailable,H,Calgary Flames,2,3,L,REG,7,14,6,L 5,30,18,1,0,26,22,1,0
28,2005-12-08,time unavailable,H,Minnesota Wild,0,5,L,REG,7,15,6,L 6,22,30,0,0,32,22,1,0
29,2005-12-10,time unavailable,H,Colorado Avalanche,4,3,W,REG,8,15,6,W 1,35,16,1,0,26,14,1,0
30,2005-12-12,time unavailable,@,Detroit Red Wings,1,3,L,REG,8,16,6,L 1,17,16,0,0,39,10,2,1
31,2005-12-13,time unavailable,@,St. Louis Blues,0,3,L,REG,8,17,6,L 2,21,20,0,0,42,14,0,1
32,2005-12-16,time unavailable,H,Buffalo Sabres,3,4,L,OT,8,17,7,L 3,27,16,2,0,27,14,3,0
33,2005-12-17,time unavailable,@,Buffalo Sabres,3,4,L,REG,8,18,7,L 4,33,24,0,0,29,18,2,0
34,2005-12-23,time unavailable,H,Philadelphia Flyers,4,5,L,REG,8,19,7,L 5,26,27,1,0,32,17,2,0
35,2005-12-27,time unavailable,H,Toronto Maple Leafs,2,3,L,OT,8,19,8,L 6,35,6,2,0,33,16,1,0
36,2005-12-29,time unavailable,H,New Jersey Devils,6,2,W,REG,9,19,8,W 1,25,16,1,0,46,8,1,0
37,2005-12-31,time unavailable,H,New York Rangers,4,3,W,OT,10,19,8,W 2,37,18,3,0,17,18,3,0
38,2006-01-02,time unavailable,@,Toronto Maple Leafs,2,3,L,OT,10,19,9,L 1,22,12,1,0,38,4,0,0
39,2006-01-03,time unavailable,@,Montreal Canadiens,6,4,W,REG,11,19,9,W 1,36,6,1,1,33,6,0,0
40,2006-01-06,time unavailable,@,Atlanta Thrashers,4,6,L,REG,11,20,9,L 1,31,14,3,0,32,18,2,0
41,2006-01-07,time unavailable,H,Atlanta Thrashers,3,4,L,REG,11,21,9,L 2,31,28,2,0,32,28,2,0
42,2006-01-10,time unavailable,H,Edmonton Oilers,1,3,L,REG,11,22,9,L 3,18,12,0,0,31,6,1,1
43,2006-01-11,time unavailable,@,Columbus Blue Jackets,1,6,L,REG,11,23,9,L 4,29,84,0,0,32,64,2,0
44,2006-01-13,time unavailable,@,Chicago Blackhawks,1,4,L,REG,11,24,9,L 5,29,19,1,0,35,19,2,0
45,2006-01-15,time unavailable,@,Nashville Predators,4,5,L,REG,11,25,9,L 6,40,23,2,0,32,19,1,0
46,2006-01-16,time unavailable,H,Vancouver Canucks,2,4,L,REG,11,26,9,L 7,25,21,1,0,25,25,2,0
47,2006-01-19,time unavailable,H,New York Rangers,2,4,L,REG,11,27,9,L 8,30,10,2,0,25,10,1,0
48,2006-01-21,time unavailable,H,Philadelphia Flyers,1,2,L,REG,11,28,9,L 9,33,24,0,0,26,24,2,0
49,2006-01-23,time unavailable,@,Philadelphia Flyers,2,4,L,REG,11,29,9,L 10,26,17,1,0,36,17,1,0
50,2006-01-25,time unavailable,H,Washington Capitals,8,1,W,REG,12,29,9,W 1,37,40,3,1,30,31,1,0
51,2006-01-26,time unavailable,@,New York Islanders,3,4,L,SO,12,29,10,L 1,16,12,0,1,31,6,2,0
52,2006-01-28,time unavailable,@,New York Rangers,1,7,L,REG,12,30,10,L 2,14,14,1,0,51,4,1,0
53,2006-02-01,time unavailable,@,New York Rangers,1,3,L,REG,12,31,10,L 3,25,18,1,0,26,12,2,1
54,2006-02-02,time unavailable,H,Ottawa Senators,2,7,L,REG,12,32,10,L 4,24,42,1,0,26,25,3,3
55,2006-02-04,time unavailable,H,New York Islanders,4,5,L,SO,12,32,11,L 5,44,8,4,0,29,22,3,0
56,2006-02-06,time unavailable,@,Ottawa Senators,2,5,L,REG,12,33,11,L 6,24,12,0,0,46,10,2,0
57,2006-02-08,time unavailable,H,Boston Bruins,1,3,L,REG,12,34,11,L 7,17,12,0,0,38,12,2,0
58,2006-02-10,time unavailable,@,Carolina Hurricanes,4,3,W,REG,13,34,11,W 1,26,20,1,0,37,14,2,0
59,2006-02-11,time unavailable,@,Washington Capitals,6,3,W,REG,14,34,11,W 2,29,28,4,0,39,50,0,1
60,2006-03-01,time unavailable,H,Ottawa Senators,3,4,L,REG,14,35,11,L 1,30,10,1,0,26,14,2,0
61,2006-03-04,time unavailable,H,Carolina Hurricanes,5,7,L,REG,14,36,11,L 2,38,30,1,0,29,23,3,1
62,2006-03-07,time unavailable,H,Tampa Bay Lightning,4,5,L,SO,14,36,12,L 3,27,12,2,0,34,14,1,0
63,2006-03-08,time unavailable,@,Washington Capitals,3,6,L,REG,14,37,12,L 4,25,20,0,1,42,12,2,2
64,2006-03-11,time unavailable,H,New Jersey Devils,6,3,W,REG,15,37,12,W 1,26,10,1,1,41,10,0,0
65,2006-03-12,time unavailable,H,Philadelphia Flyers,2,0,W,REG,16,37,12,W 2,20,35,1,0,22,14,0,0
66,2006-03-16,time unavailable,@,New Jersey Devils,1,2,L,REG,16,38,12,L 1,14,14,0,0,23,8,0,0
67,2006-03-18,time unavailable,@,Montreal Canadiens,5,4,W,REG,17,38,12,W 1,23,21,2,0,46,21,2,0
68,2006-03-19,time unavailable,H,Toronto Maple Leafs,0,1,L,REG,17,39,12,L 1,21,19,0,0,23,10,0,0
69,2006-03-21,time unavailable,@,Ottawa Senators,2,5,L,REG,17,40,12,L 2,24,75,0,1,39,34,3,1
70,2006-03-24,time unavailable,H,New York Islanders,4,3,W,OT,18,40,12,W 1,26,14,1,1,28,8,0,0
71,2006-03-26,time unavailable,H,Montreal Canadiens,5,6,L,REG,18,41,12,L 1,35,19,2,1,25,13,3,0
72,2006-03-29,time unavailable,H,Florida Panthers,3,5,L,REG,18,42,12,L 2,34,6,1,0,26,12,0,0
73,2006-03-31,time unavailable,@,New York Islanders,4,0,W,REG,19,42,12,W 1,29,6,2,0,29,10,0,0
74,2006-04-02,time unavailable,H,New Jersey Devils,2,3,L,OT,19,42,13,L 1,26,10,1,0,39,12,1,0
75,2006-04-05,time unavailable,@,New Jersey Devils,4,6,L,REG,19,43,13,L 2,29,16,1,0,27,12,3,0
76,2006-04-07,time unavailable,@,Florida Panthers,5,1,W,REG,20,43,13,W 1,27,16,2,2,37,12,0,0
77,2006-04-08,time unavailable,@,Tampa Bay Lightning,0,1,L,REG,20,44,13,L 1,25,12,0,0,25,2,0,0
78,2006-04-11,time unavailable,@,Philadelphia Flyers,3,4,L,REG,20,45,13,L 2,26,21,1,0,27,21,1,0
79,2006-04-13,time unavailable,H,New York Rangers,5,3,W,REG,21,45,13,W 1,35,4,2,0,24,10,1,0
80,2006-04-15,time unavailable,@,New York Islanders,4,5,L,SO,21,45,14,L 1,24,21,3,0,32,21,2,0
81,2006-04-17,time unavailable,H,New York Islanders,6,1,W,REG,22,45,14,W 1,29,21,1,1,27,14,0,0
82,2006-04-18,time unavailable,@,Toronto Maple Leafs,3,5,L,REG,22,46,14,L 1,33,14,1,0,32,31,1,0

Time,Location,Result,Game Ended In

Colby Armstrong,,20,RW,23,6-2,195,R/-,R,"November 23, 1982",ca,"16 G, 24 A, 40 P"
Eric Boguniecki,,18-23,RW,30,5-8,198,R/-,5,"May 6, 1975",us,"5 G, 6 A, 11 P"
Eric Cairns,,33,D,31,6-6,230,L/-,8,"June 27, 1974",ca,"1 G, 0 A, 1 P"
Sebastien Caron,,31,G,25,6-1,170,-/L,2,"June 25, 1980",ca,"8-9-5, 3.98 GAA"
Erik Christensen,,16,C,22,6-1,200,L/-,R,"December 17, 1983",ca,"6 G, 7 A, 13 P"
Sidney Crosby,,87,C,18,5-11,200,L/-,R,"August 7, 1987",ca,"39 G, 63 A, 102 P"
Cory Cross,,4,D,35,6-5,225,L/-,11,"January 3, 1971",ca,"0 G, 1 A, 1 P"
Shane Endicott,,14-23,C,24,6-3,214,L/-,1,"December 21, 1981",ca,"1 G, 1 A, 2 P"
Rico Fata,,9,RW,25,6-0,205,L/-,6,"February 12, 1980",ca,"0 G, 0 A, 0 P"
Marc-Andre Fleury,,29,G,21,6-2,180,-/L,1,"November 28, 1984",ca,"13-27-6, 3.25 GAA"
Sergei Gonchar,,55,D,31,6-2,210,L/-,10,"April 13, 1974",su,"12 G, 46 A, 58 P"
Andy Hilbert,,9,C,24,5-10,188,L/-,3,"February 6, 1981",us,"7 G, 11 A, 18 P"
Matt Hussey,,7-28,C,26,6-2,212,L/-,1,"May 28, 1979",us,"0 G, 1 A, 1 P"
Ric Jackman,,22,D,27,6-2,214,R/-,5,"June 28, 1978",ca,"6 G, 22 A, 28 P"
Konstantin Koltsov,,71,LW,24,6-0,206,L/-,2,"April 17, 1981",su,"3 G, 6 A, 9 P"
John LeClair,,10,LW,36,6-3,226,L/-,14,"July 5, 1969",us,"22 G, 29 A, 51 P"
Guillaume Lefebvre,,11,LW,24,6-1,202,L/-,2,"May 7, 1981",ca,"0 G, 0 A, 0 P"
Mario Lemieux,(C),66,C,40,6-4,230,R/-,16,"October 5, 1965",ca,"7 G, 15 A, 22 P"
Ryan Malone,,12,LW,26,6-4,224,L/-,1,"December 1, 1979",us,"22 G, 22 A, 44 P"
Josef Melichar,,2,D,27,6-2,220,L/-,4,"January 20, 1979",cs,"3 G, 12 A, 15 P"
Matt Murley,,17,LW,26,6-1,206,L/-,1,"December 17, 1979",us,"1 G, 5 A, 6 P"
Alain Nasreddine,,32,D,30,6-1,204,L/-,2,"July 10, 1975",ca,"0 G, 0 A, 0 P"
Niklas Nordgren,,15,LW,26,5-11,185,R/-,R,"June 28, 1979",se,"0 G, 0 A, 0 P"
Lyle Odelein,,24,D,37,6-0,210,R/-,15,"July 21, 1968",ca,"0 G, 1 A, 1 P"
Brooks Orpik,,44,D,25,6-2,221,L/-,2,"September 26, 1980",us,"2 G, 7 A, 9 P"
Michel Ouellet,,7-59,LW,23,6-0,200,R/-,R,"March 5, 1982",ca,"16 G, 16 A, 32 P"
Ziggy Palffy,,33,RW,33,5-10,183,L/-,11,"May 5, 1972",cs,"11 G, 31 A, 42 P"
Lasse Pirjeta,,11,C,31,6-4,225,L/-,2,"April 4, 1974",fi,"4 G, 3 A, 7 P"
Steve Poapst,,3,D,37,6-0,199,L/-,6,"January 3, 1969",ca,"0 G, 4 A, 4 P"
Mark Recchi,,8,RW,37,5-10,195,L/-,16,"February 1, 1968",ca,"24 G, 33 A, 57 P"
Jani Rita,,28,LW,24,6-1,206,L/-,3,"July 25, 1981",fi,"3 G, 4 A, 7 P"
Andre Roy,,36,LW,30,6-4,229,L/-,7,"February 8, 1975",us,"2 G, 1 A, 3 P"
Dany Sabourin,,30,G,25,6-4,204,-/L,1,"September 2, 1980",ca,"0-1-0, 11.43 GAA"
Rob Scuderi,,5,D,27,6-1,212,L/-,1,"December 30, 1978",us,"0 G, 4 A, 4 P"
Tomas Surovy,,43,LW,24,6-1,205,L/-,2,"September 24, 1981",cs,"12 G, 13 A, 25 P"
Maxime Talbot,,25,C,21,5-11,186,L/-,R,"February 11, 1984",ca,"5 G, 3 A, 8 P"
Dick Tarnstrom,,32,D,31,6-1,205,L/-,3,"January 20, 1975",se,"5 G, 5 A, 10 P"
Jocelyn Thibault,,41,G,31,5-11,169,-/L,11,"January 12, 1975",ca,"1-9-3, 4.46 GAA"
Ryan VandenBussche,,37,RW,32,6-0,200,R/-,8,"February 28, 1973",ca,"1 G, 0 A, 1 P"
Noah Welch,,4,D,23,6-4,215,L/-,R,"August 26, 1982",us,"1 G, 3 A, 4 P"
Ryan Whitney,,6-19,D,22,6-4,209,L/-,R,"February 19, 1983",us,"6 G, 32 A, 38 P"
