Boston Bruins,BOS,nhl
1940-41,1941
19
48
7,4
GP,Date,Time,Location,Opponent,GF,GA,Result,Game Ended In,W,L,T,Streak,Notes
1,1940-11-03,time unavailable,@,Montreal Canadiens,1,1,T,OT,0,0,1,T 1
2,1940-11-12,time unavailable,H,Chicago Black Hawks,5,6,L,REG,0,1,1,L 1
3,1940-11-17,time unavailable,H,Toronto Maple Leafs,1,4,L,REG,0,2,1,L 2
4,1940-11-19,time unavailable,H,Detroit Red Wings,4,4,T,OT,0,2,2,T 1
5,1940-11-21,time unavailable,@,Chicago Black Hawks,2,0,W,REG,1,2,2,W 1
6,1940-11-23,time unavailable,@,New York Rangers,2,1,W,REG,2,2,2,W 2
7,1940-11-24,time unavailable,@,Detroit Red Wings,1,1,T,OT,2,2,3,T 1
8,1940-11-26,time unavailable,H,Montreal Canadiens,2,3,L,REG,2,3,3,L 1
9,1940-12-01,time unavailable,@,New York Americans,10,3,W,REG,3,3,3,W 1
10,1940-12-03,time unavailable,H,New York Americans,6,2,W,REG,4,3,3,W 2
11,1940-12-07,time unavailable,@,Toronto Maple Leafs,2,3,L,REG,4,4,3,L 1
12,1940-12-08,time unavailable,@,Chicago Black Hawks,2,3,L,OT,4,5,3,L 2
13,1940-12-10,time unavailable,H,New York Rangers,6,2,W,REG,5,5,3,W 1
14,1940-12-17,time unavailable,H,Toronto Maple Leafs,5,2,W,REG,6,5,3,W 2
15,1940-12-19,time unavailable,@,New York Rangers,3,5,L,REG,6,6,3,L 1
16,1940-12-21,time unavailable,@,Montreal Canadiens,1,3,L,REG,6,7,3,L 2
17,1940-12-22,time unavailable,@,Detroit Red Wings,5,3,W,REG,7,7,3,W 1
18,1940-12-25,time unavailable,H,New York Americans,8,1,W,REG,8,7,3,W 2
19,1940-12-27,time unavailable,@,New York Americans,3,3,T,OT,8,7,4,T 1
20,1940-12-31,time unavailable,H,New York Rangers,2,2,T,OT,8,7,5,T 2
21,1941-01-05,time unavailable,H,Chicago Black Hawks,2,2,T,OT,8,7,6,T 3
22,1941-01-07,time unavailable,H,Detroit Red Wings,1,1,T,OT,8,7,7,T 4
23,1941-01-11,time unavailable,@,Montreal Canadiens,2,1,W,REG,9,7,7,W 1
24,1941-01-12,time unavailable,H,Montreal Canadiens,7,5,W,REG,10,7,7,W 2
25,1941-01-16,time unavailable,@,New York Rangers,2,2,T,OT,10,7,8,T 1
26,1941-01-18,time unavailable,@,Toronto Maple Leafs,1,0,W,REG,11,7,8,W 1
27,1941-01-19,time unavailable,@,Chicago Black Hawks,4,4,T,OT,11,7,9,T 1
28,1941-01-21,time unavailable,H,New York Rangers,4,3,W,OT,12,7,9,W 1
29,1941-01-26,time unavailable,@,New York Americans,6,1,W,REG,13,7,9,W 2
30,1941-01-28,time unavailable,H,Chicago Black Hawks,3,2,W,REG,14,7,9,W 3
31,1941-02-02,time unavailable,H,New York Americans,4,1,W,REG,15,7,9,W 4
32,1941-02-04,time unavailable,H,Montreal Canadiens,5,3,W,OT,16,7,9,W 5
33,1941-02-08,time unavailable,@,Toronto Maple Leafs,3,2,W,REG,17,7,9,W 6
34,1941-02-09,time unavailable,@,Detroit Red Wings,2,2,T,OT,17,7,10,T 1
35,1941-02-11,time unavailable,H,Detroit Red Wings,4,0,W,REG,18,7,10,W 1
36,1941-02-13,time unavailable,@,New York Rangers,5,3,W,REG,19,7,10,W 2
37,1941-02-15,time unavailable,@,Montreal Canadiens,5,0,W,REG,20,7,10,W 3
38,1941-02-18,time unavailable,H,Toronto Maple Leafs,2,2,T,OT,20,7,11,T 1
39,1941-02-23,time unavailable,H,New York Americans,3,1,W,REG,21,7,11,W 1
40,1941-02-25,time unavailable,H,New York Rangers,0,2,L,REG,21,8,11,L 1
41,1941-03-01,time unavailable,@,Toronto Maple Leafs,0,0,T,OT,21,8,12,T 1
42,1941-03-02,time unavailable,@,Chicago Black Hawks,4,3,W,REG,22,8,12,W 1
43,1941-03-04,time unavailable,H,Chicago Black Hawks,3,2,W,REG,23,8,12,W 2
44,1941-03-09,time unavailable,H,Montreal Canadiens,8,0,W,REG,24,8,12,W 3
45,1941-03-11,time unavailable,H,Toronto Maple Leafs,3,2,W,REG,25,8,12,W 4
46,1941-03-13,time unavailable,@,New York Americans,8,3,W,REG,26,8,12,W 5
47,1941-03-16,time unavailable,@,Detroit Red Wings,2,2,T,OT,26,8,13,T 1
48,1941-03-18,time unavailable,H,Detroit Red Wings,4,1,W,REG,27,8,13,W 1

GP,Date,Time,Location,Opponent,GF,GA,Result,Game Ended In,W,L,T,Streak,Notes
1,1941-03-20,time unavailable,H,Toronto Maple Leafs,3,0,W,REG,1,0,0,W 1
2,1941-03-22,time unavailable,H,Toronto Maple Leafs,3,5,L,REG,1,1,0,L 1
3,1941-03-25,time unavailable,@,Toronto Maple Leafs,2,7,L,REG,1,2,0,L 2
4,1941-03-27,time unavailable,@,Toronto Maple Leafs,2,1,W,REG,2,2,0,W 1
5,1941-03-29,time unavailable,H,Toronto Maple Leafs,1,2,L,OT,2,3,0,L 1
6,1941-04-01,time unavailable,@,Toronto Maple Leafs,2,1,W,REG,3,3,0,W 1
7,1941-04-03,time unavailable,H,Toronto Maple Leafs,2,1,W,REG,4,3,0,W 2
8,1941-04-06,time unavailable,H,Detroit Red Wings,3,2,W,REG,5,3,0,W 3
9,1941-04-08,time unavailable,H,Detroit Red Wings,2,1,W,REG,6,3,0,W 4
10,1941-04-10,time unavailable,@,Detroit Red Wings,4,2,W,REG,7,3,0,W 5
11,1941-04-12,time unavailable,@,Detroit Red Wings,3,1,W,REG,8,3,0,W 6

Bobby Bauer,,n/a,RW,25,5-6,150,R/-,4,"February 16, 1915",ca,"17 G, 22 A, 39 P"
Frank Brimsek,,n/a,G,25,5-9,170,-/L,2,"September 26, 1915",us,"27-8-13, 2.01 GAA"
Gordie Bruce,,n/a,LW,21,5-11,190,L/-,R,"May 9, 1919",ca,"0 G, 1 A, 1 P"
Herb Cain,,n/a,LW,28,5-11,180,L/-,7,"December 24, 1912",ca,"8 G, 10 A, 18 P"
Dit Clapper,(C),n/a,D,33,6-2,195,R/-,13,"February 9, 1907",ca,"8 G, 18 A, 26 P"
Roy Conacher,,n/a,LW,24,6-2,175,L/-,2,"October 5, 1916",ca,"24 G, 14 A, 38 P"
Bill Cowley,,n/a,C,28,5-10,165,L/-,6,"June 12, 1912",ca,"17 G, 45 A, 62 P"
Jack Crawford,,n/a,D,24,5-11,200,R/-,3,"October 26, 1916",ca,"2 G, 8 A, 10 P"
Woody Dumart,,n/a,LW,24,6-0,190,L/-,5,"December 23, 1916",ca,"18 G, 15 A, 33 P"
Red Hamill,,n/a,LW,24,5-11,180,L/-,3,"January 11, 1917",ca,"0 G, 1 A, 1 P"
Mel Hill,,n/a,RW,26,5-10,175,R/-,3,"February 15, 1914",ca,"5 G, 4 A, 9 P"
Flash Hollett,,n/a,D,28,6-0,180,L/-,7,"April 13, 1912",ca,"9 G, 15 A, 24 P"
Art Jackson,,n/a,C,25,5-8,165,L/-,6,"December 15, 1915",ca,"17 G, 15 A, 32 P"
Pat McReavy,,n/a,C,23,5-11,165,R/-,2,"January 16, 1918",ca,"0 G, 1 A, 1 P"
Terry Reardon,,n/a,C/RW,21,5-10,170,R/-,1,"April 6, 1919",ca,"6 G, 5 A, 11 P"
Milt Schmidt,,n/a,C,22,6-0,185,L/-,4,"March 5, 1918",ca,"13 G, 25 A, 38 P"
Jack Shewchuk,,n/a,D,23,6-1,190,L/-,2,"June 19, 1917",ca,"2 G, 2 A, 4 P"
Des Smith,,n/a,D,26,6-0,185,L/-,3,"February 22, 1914",ca,"6 G, 8 A, 14 P"
Eddie Wiseman,,n/a,RW,28,5-7,160,R/-,8,"December 28, 1912",ca,"16 G, 24 A, 40 P"
