Chicago Black Hawks,CBH,nhl
1940-41,1941
21
48
3,2
GP,Date,Time,Location,Opponent,GF,GA,Result,Game Ended In,W,L,T,Streak,Notes
1,1940-11-07,time unavailable,H,New York Americans,0,1,L,REG,0,1,0,L 1
2,1940-11-10,time unavailable,@,Montreal Canadiens,3,1,W,REG,1,1,0,W 1
3,1940-11-12,time unavailable,@,Boston Bruins,6,5,W,REG,2,1,0,W 2
4,1940-11-14,time unavailable,@,New York Americans,2,2,T,OT,2,1,1,T 1
5,1940-11-17,time unavailable,H,Montreal Canadiens,4,4,T,OT,2,1,2,T 2
6,1940-11-21,time unavailable,H,Boston Bruins,0,2,L,REG,2,2,2,L 1
7,1940-11-23,time unavailable,@,Toronto Maple Leafs,1,0,W,REG,3,2,2,W 1
8,1940-11-24,time unavailable,H,Toronto Maple Leafs,2,4,L,REG,3,3,2,L 1
9,1940-11-29,time unavailable,@,Detroit Red Wings,1,3,L,REG,3,4,2,L 2
10,1940-12-01,time unavailable,H,New York Rangers,4,1,W,REG,4,4,2,W 1
11,1940-12-05,time unavailable,H,Detroit Red Wings,1,5,L,REG,4,5,2,L 1
12,1940-12-08,time unavailable,H,Boston Bruins,3,2,W,OT,5,5,2,W 1
13,1940-12-12,time unavailable,@,New York Americans,2,2,T,OT,5,5,3,T 1
14,1940-12-14,time unavailable,@,Toronto Maple Leafs,1,2,L,REG,5,6,3,L 1
15,1940-12-15,time unavailable,H,Toronto Maple Leafs,1,4,L,REG,5,7,3,L 2
16,1940-12-19,time unavailable,H,Montreal Canadiens,2,0,W,REG,6,7,3,W 1
17,1940-12-22,time unavailable,H,New York Rangers,3,1,W,OT,7,7,3,W 2
18,1940-12-25,time unavailable,@,New York Rangers,3,3,T,OT,7,7,4,T 1
19,1940-12-26,time unavailable,@,Montreal Canadiens,5,7,L,REG,7,8,4,L 1
20,1940-12-29,time unavailable,@,Detroit Red Wings,1,2,L,REG,7,9,4,L 2
21,1941-01-01,time unavailable,H,Detroit Red Wings,1,4,L,REG,7,10,4,L 3
22,1941-01-05,time unavailable,@,Boston Bruins,2,2,T,OT,7,10,5,T 1
23,1941-01-07,time unavailable,@,New York Rangers,3,2,W,REG,8,10,5,W 1
24,1941-01-09,time unavailable,H,Montreal Canadiens,3,1,W,OT,9,10,5,W 2
25,1941-01-12,time unavailable,H,Detroit Red Wings,2,1,W,REG,10,10,5,W 3
26,1941-01-16,time unavailable,@,Montreal Canadiens,1,5,L,REG,10,11,5,L 1
27,1941-01-19,time unavailable,H,Boston Bruins,4,4,T,OT,10,11,6,T 1
28,1941-01-23,time unavailable,H,New York Americans,3,1,W,REG,11,11,6,W 1
29,1941-01-26,time unavailable,H,New York Rangers,4,1,W,REG,12,11,6,W 2
30,1941-01-28,time unavailable,@,Boston Bruins,2,3,L,REG,12,12,6,L 1
31,1941-01-30,time unavailable,@,New York Americans,4,5,L,REG,12,13,6,L 2
32,1941-02-01,time unavailable,@,Toronto Maple Leafs,1,3,L,REG,12,14,6,L 3
33,1941-02-02,time unavailable,H,Toronto Maple Leafs,4,1,W,REG,13,14,6,W 1
34,1941-02-06,time unavailable,@,New York Rangers,2,6,L,REG,13,15,6,L 1
35,1941-02-09,time unavailable,H,New York Rangers,1,2,L,REG,13,16,6,L 2
36,1941-02-13,time unavailable,H,Montreal Canadiens,5,6,L,REG,13,17,6,L 3
37,1941-02-14,time unavailable,@,Detroit Red Wings,1,2,L,REG,13,18,6,L 4
38,1941-02-16,time unavailable,H,New York Americans,5,4,W,OT,14,18,6,W 1
39,1941-02-20,time unavailable,@,New York Americans,4,2,W,REG,15,18,6,W 2
40,1941-02-22,time unavailable,@,Montreal Canadiens,3,7,L,REG,15,19,6,L 1
41,1941-02-23,time unavailable,@,New York Rangers,1,4,L,REG,15,20,6,L 2
42,1941-02-27,time unavailable,H,Detroit Red Wings,1,0,W,REG,16,20,6,W 1
43,1941-03-02,time unavailable,H,Boston Bruins,3,4,L,REG,16,21,6,L 1
44,1941-03-04,time unavailable,@,Boston Bruins,2,3,L,REG,16,22,6,L 2
45,1941-03-09,time unavailable,H,New York Americans,2,2,T,OT,16,22,7,T 1
46,1941-03-13,time unavailable,@,Detroit Red Wings,2,3,L,REG,16,23,7,L 1
47,1941-03-15,time unavailable,@,Toronto Maple Leafs,1,7,L,REG,16,24,7,L 2
48,1941-03-16,time unavailable,H,Toronto Maple Leafs,0,3,L,REG,16,25,7,L 3

GP,Date,Time,Location,Opponent,GF,GA,Result,Game Ended In,W,L,T,Streak,Notes
1,1941-03-20,time unavailable,H,Montreal Canadiens,2,1,W,REG,1,0,0,W 1
2,1941-03-22,time unavailable,@,Montreal Canadiens,3,4,L,2OT,1,1,0,L 1
3,1941-03-25,time unavailable,H,Montreal Canadiens,3,2,W,REG,2,1,0,W 1
4,1941-03-27,time unavailable,@,Detroit Red Wings,1,3,L,REG,2,2,0,L 1
5,1941-03-30,time unavailable,H,Detroit Red Wings,1,2,L,OT,2,3,0,L 2

George Allen,,n/a,LW,26,5-10,162,L/-,2,"July 27, 1914",ca,"14 G, 17 A, 31 P"
Doug Bentley,,n/a,LW,24,5-8,145,L/-,1,"September 3, 1916",ca,"8 G, 20 A, 28 P"
Max Bentley,,n/a,C,20,5-10,155,L/-,R,"March 1, 1920",ca,"7 G, 10 A, 17 P"
Bill Carse,,n/a,LW,26,5-8,165,L/-,2,"May 29, 1914",ca,"5 G, 15 A, 20 P"
Bob Carse,,n/a,C,21,5-9,170,L/-,1,"July 19, 1919",ca,"9 G, 9 A, 18 P"
John Chad,,n/a,RW,21,5-10,167,R/-,1,"September 16, 1919",ca,"7 G, 18 A, 25 P"
Joe Cooper,,n/a,D,26,6-2,200,R/-,5,"December 14, 1914",ca,"5 G, 5 A, 10 P"
Cully Dahlstrom,,n/a,C,28,5-11,175,L/-,3,"July 3, 1912",us,"11 G, 14 A, 25 P"
Paul Goodman,,n/a,G,35,5-10,165,-/L,1,"February 25, 1905",ca,"7-10-4, 2.50 GAA"
Johnny Gottselig,,n/a,LW,35,5-11,158,L/-,12,"June 24, 1905",ru,"1 G, 4 A, 5 P"
Phil Hergesheimer,,n/a,RW,26,5-10,175,R/-,1,"July 9, 1914",ca,"8 G, 16 A, 24 P"
Pep Kelly,,n/a,RW,27,5-7,152,R/-,6,"January 17, 1914",ca,"5 G, 3 A, 8 P"
Sam LoPresti,,n/a,G,24,5-11,200,-/L,R,"January 30, 1917",us,"9-15-3, 3.02 GAA"
Dave MacKay,,n/a,D,22,6-0,210,R/-,R,"January 14, 1919",ca,"3 G, 0 A, 3 P"
Mush March,,n/a,RW,32,5-5,154,R/-,12,"October 18, 1908",ca,"8 G, 9 A, 17 P"
John Mariucci,,n/a,D,24,5-10,200,L/-,R,"May 8, 1916",us,"0 G, 5 A, 5 P"
Joe Papike,,n/a,RW,25,6-0,175,R/-,R,"March 28, 1915",us,"2 G, 2 A, 4 P"
Jack Portland,,n/a,D,28,6-2,185,L/-,7,"July 30, 1912",ca,"0 G, 0 A, 0 P"
Earl Seibert,(C),n/a,D,29,6-2,198,R/-,9,"December 7, 1911",ca,"3 G, 17 A, 20 P"
Bill Thoms,,n/a,C,30,5-9,170,L/-,8,"March 5, 1910",ca,"13 G, 19 A, 32 P"
Art Wiebe,,n/a,D,28,5-10,180,L/-,7,"September 28, 1912",ca,"3 G, 2 A, 5 P"
