Montreal Canadiens,MTL,nhl
1940-41,1941
24
48
3
GP,Date,Time,Location,Opponent,GF,GA,Result,Game Ended In,W,L,T,Streak,Notes
1,1940-11-03,time unavailable,H,Boston Bruins,1,1,T,OT,0,0,1,T 1
2,1940-11-10,time unavailable,H,Chicago Black Hawks,1,3,L,REG,0,1,1,L 1
3,1940-11-14,time unavailable,H,Toronto Maple Leafs,2,6,L,REG,0,2,1,L 2
4,1940-11-16,time unavailable,@,Toronto Maple Leafs,2,4,L,REG,0,3,1,L 3
5,1940-11-17,time unavailable,@,Chicago Black Hawks,4,4,T,OT,0,3,2,T 1
6,1940-11-21,time unavailable,@,Detroit Red Wings,1,2,L,REG,0,4,2,L 1
7,1940-11-23,time unavailable,H,New York Americans,3,1,W,REG,1,4,2,W 1
8,1940-11-24,time unavailable,@,New York Americans,1,2,L,REG,1,5,2,L 1
9,1940-11-26,time unavailable,@,Boston Bruins,3,2,W,REG,2,5,2,W 1
10,1940-11-30,time unavailable,@,New York Rangers,1,6,L,REG,2,6,2,L 1
11,1940-12-05,time unavailable,H,New York Rangers,2,3,L,REG,2,7,2,L 2
12,1940-12-07,time unavailable,H,Detroit Red Wings,3,2,W,REG,3,7,2,W 1
13,1940-12-12,time unavailable,@,Toronto Maple Leafs,3,4,L,REG,3,8,2,L 1
14,1940-12-15,time unavailable,@,Detroit Red Wings,2,1,W,OT,4,8,2,W 1
15,1940-12-19,time unavailable,@,Chicago Black Hawks,0,2,L,REG,4,9,2,L 1
16,1940-12-21,time unavailable,H,Boston Bruins,3,1,W,REG,5,9,2,W 1
17,1940-12-26,time unavailable,H,Chicago Black Hawks,7,5,W,REG,6,9,2,W 2
18,1940-12-28,time unavailable,H,New York Americans,3,0,W,REG,7,9,2,W 3
19,1940-12-31,time unavailable,@,New York Americans,2,4,L,REG,7,10,2,L 1
20,1941-01-01,time unavailable,@,New York Rangers,2,1,W,REG,8,10,2,W 1
21,1941-01-04,time unavailable,H,New York Rangers,3,3,T,OT,8,10,3,T 1
22,1941-01-05,time unavailable,@,Detroit Red Wings,0,3,L,REG,8,11,3,L 1
23,1941-01-07,time unavailable,H,Toronto Maple Leafs,3,4,L,OT,8,12,3,L 2
24,1941-01-09,time unavailable,@,Chicago Black Hawks,1,3,L,OT,8,13,3,L 3
25,1941-01-11,time unavailable,H,Boston Bruins,1,2,L,REG,8,14,3,L 4
26,1941-01-12,time unavailable,@,Boston Bruins,5,7,L,REG,8,15,3,L 5
27,1941-01-16,time unavailable,H,Chicago Black Hawks,5,1,W,REG,9,15,3,W 1
28,1941-01-18,time unavailable,H,Detroit Red Wings,2,1,W,REG,10,15,3,W 2
29,1941-01-23,time unavailable,H,Toronto Maple Leafs,2,3,L,REG,10,16,3,L 1
30,1941-01-25,time unavailable,@,Toronto Maple Leafs,2,2,T,OT,10,16,4,T 1
31,1941-02-02,time unavailable,@,New York Rangers,1,2,L,REG,10,17,4,L 1
32,1941-02-04,time unavailable,@,Boston Bruins,3,5,L,OT,10,18,4,L 2
33,1941-02-06,time unavailable,H,Detroit Red Wings,4,4,T,OT,10,18,5,T 1
34,1941-02-08,time unavailable,H,New York Americans,3,3,T,OT,10,18,6,T 2
35,1941-02-09,time unavailable,@,New York Americans,3,6,L,OT,10,19,6,L 1
36,1941-02-11,time unavailable,H,New York Rangers,6,2,W,REG,11,19,6,W 1
37,1941-02-13,time unavailable,@,Chicago Black Hawks,6,5,W,REG,12,19,6,W 2
38,1941-02-15,time unavailable,H,Boston Bruins,0,5,L,REG,12,20,6,L 1
39,1941-02-16,time unavailable,@,Detroit Red Wings,1,2,L,REG,12,21,6,L 2
40,1941-02-20,time unavailable,@,Toronto Maple Leafs,1,2,L,REG,12,22,6,L 3
41,1941-02-22,time unavailable,H,Chicago Black Hawks,7,3,W,REG,13,22,6,W 1
42,1941-02-27,time unavailable,@,New York Rangers,2,5,L,REG,13,23,6,L 1
43,1941-03-01,time unavailable,H,New York Rangers,1,3,L,REG,13,24,6,L 2
44,1941-03-02,time unavailable,@,New York Americans,3,2,W,REG,14,24,6,W 1
45,1941-03-06,time unavailable,H,Toronto Maple Leafs,4,3,W,REG,15,24,6,W 2
46,1941-03-08,time unavailable,H,Detroit Red Wings,0,4,L,REG,15,25,6,L 1
47,1941-03-09,time unavailable,@,Boston Bruins,0,8,L,REG,15,26,6,L 2
48,1941-03-15,time unavailable,H,New York Americans,6,0,W,REG,16,26,6,W 1

GP,Date,Time,Location,Opponent,GF,GA,Result,Game Ended In,W,L,T,Streak,Notes
1,1941-03-20,time unavailable,@,Chicago Black Hawks,1,2,L,REG,0,1,0,L 1
2,1941-03-22,time unavailable,H,Chicago Black Hawks,4,3,W,2OT,1,1,0,W 1
3,1941-03-25,time unavailable,@,Chicago Black Hawks,2,3,L,REG,1,2,0,L 1

John Adams,,n/a,LW,20,5-10,163,L/-,R,"May 5, 1920",ca,"6 G, 12 A, 18 P"
Joe Benoit,,n/a,RW,24,5-10,160,R/-,R,"February 27, 1916",ca,"16 G, 16 A, 32 P"
Paul Bibeault,,n/a,G,21,5-9,160,-/L,R,"April 13, 1919",ca,"1-2-0, 4.29 GAA"
Toe Blake,(C),6,LW,28,5-10,165,L/-,6,"August 21, 1912",ca,"12 G, 20 A, 32 P"
Murph Chamberlain,,n/a,LW,25,5-11,165,L/-,3,"February 14, 1915",ca,"10 G, 15 A, 25 P"
Wilf Cude,,n/a,G,30,5-9,146,-/L,9,"July 4, 1910",gb,"2-1-0, 4.33 GAA"
Tony Demers,,n/a,RW,23,5-9,180,R/-,2,"July 22, 1917",ca,"13 G, 10 A, 23 P"
Polly Drouin,,n/a,LW,25,5-7,160,L/-,6,"January 16, 1916",ca,"4 G, 7 A, 11 P"
Bert Gardiner,,n/a,G,27,5-11,160,-/L,1,"March 25, 1913",ca,"13-23-6, 2.75 GAA"
Ray Getliffe,,n/a,C,26,5-11,175,L/-,5,"April 3, 1914",ca,"15 G, 10 A, 25 P"
Red Goupille,,n/a,D,25,6-0,190,L/-,5,"September 2, 1915",ca,"3 G, 6 A, 9 P"
Tony Graboski,,n/a,LW,24,5-10,178,L/-,R,"May 9, 1916",ca,"4 G, 3 A, 7 P"
Paul Haynes,,n/a,C,30,5-10,160,L/-,10,"March 1, 1910",ca,"0 G, 0 A, 0 P"
Elmer Lach,,n/a,C,23,5-10,165,L/-,R,"January 22, 1918",ca,"7 G, 14 A, 21 P"
Georges Mantha,,n/a,LW,32,5-8,165,L/-,12,"November 29, 1908",ca,"0 G, 1 A, 1 P"
Jim O'Neil,,n/a,C/RW,27,5-8,160,R/-,4,"April 3, 1913",ca,"0 G, 3 A, 3 P"
Jack Portland,,n/a,D,28,6-2,185,L/-,7,"July 30, 1912",ca,"2 G, 7 A, 9 P"
John Quilty,,n/a,C,20,5-10,175,L/-,R,"January 21, 1921",ca,"18 G, 16 A, 34 P"
Ken Reardon,,n/a,D,19,5-10,180,L/-,R,"April 1, 1921",ca,"2 G, 8 A, 10 P"
Charlie Sands,,n/a,RW,29,5-9,160,R/-,8,"March 23, 1911",ca,"5 G, 13 A, 18 P"
Alex Singbush,,n/a,D,27,5-11,180,L/-,R,"January 31, 1914",ca,"0 G, 5 A, 5 P"
Stu Smith,,n/a,LW,22,5-8,165,L/-,R,"September 25, 1918",ca,"2 G, 1 A, 3 P"
Lou Trudel,,n/a,LW,28,5-11,167,L/-,7,"July 21, 1912",us,"2 G, 3 A, 5 P"
Doug Young,,n/a,D,32,5-10,190,R/-,9,"October 1, 1908",ca,"0 G, 0 A, 0 P"
