INFO:
teamName,Afternoon Delight
teamAbbreviation,Afternoon Delight
sportId,n/a
sportName,n/a
sportRules,n/a
leagueId,watMu
levelId,n/a
seasonName,n/a
seasonId,n/a
Roster Size,17
Season Games Played,6
Playoff Round Lengths,1,1
END_INFO

SEASON:
Date/Time,Location,Opposing Team,Score,S.O.C.
Thu Jan 15 @ 7:30 pm,Columbia Icefield: Gym 3,Tiny Yellow Balls III,lost 4 - 5,2
Thu Jan 22 @ 4:30 pm,Columbia Icefield: Gym 3,Euchre...I Hardly Knew her,lost 8 - 1,2
Thu Jan 29 @ 8:30 pm,Columbia Icefield: Gym 3,Tiny Yellow Balls III,lost 0 - 7,2
Sat Jan 31 @ 1:00 pm,Columbia Icefield: Gym 3,Balls of Fury,won 5 - 4,2
Mon Feb 23 @ 6:30 pm,Columbia Icefield: Gym 3,Monday Night Individuals,lost 8 - 1,2
Thu Mar 5 @ 8:30 pm,Columbia Icefield: Gym 3,Globex Corporation,lost 7 - 2,2
END_SEASON

PLAYOFFS:
Date/Time,Location,Opposing Team,Score,S.O.C.
Tue Mar 24 @ 6:30 pm,Columbia Icefield: Gym 3,Penguins,won 2 - 5,1
Sat Mar 28 @ 12:00 pm,Columbia Icefield: Gym 3,Industrious Organizers,lost 5 - 4,2
END_PLAYOFFS

ROSTER:
Player,Captaincy,uwaterloo_email
Dale Holtze,(C),dlholtze@uwaterloo.ca
Brenda Bailey,,
Jacqueline Brook,,
Catharine Critchley,,
Shannon Daugherty,,
Emily Henkemans,,
Kevin Kosar,,
Corina Mcdonald,,
Cameron McNaughton,,
Eric Pastora,,
Awais Rauf,,
Matthew Schumacher,,
Vahid Sohrabi,,
Colby Steelman,,
Trevor Tompkins,,
Mark Waldick,,
Lily Whitehead,,
END_ROSTER
