INFO:
teamName,Industrious Organizers
teamAbbreviation,Industrious Organizers
sportId,n/a
sportName,n/a
sportRules,n/a
leagueId,watMu
levelId,n/a
seasonName,n/a
seasonId,n/a
Roster Size,11
Season Games Played,6
Playoff Round Lengths,1,1,1
END_INFO

SEASON:
Date/Time,Location,Opposing Team,Score,S.O.C.
Thu Jan 15 @ 4:30 pm,Columbia Icefield: Gym 3,Euchre...I Hardly Knew her,lost 2 - 7,2
Thu Jan 29 @ 9:30 pm,Columbia Icefield: Gym 3,PMC Epsilon Nets,lost 3 - 5,2
Tue Feb 3 @ 7:30 pm,Columbia Icefield: Gym 3,Manage This!,won 4 - 5,2
Thu Feb 5 @ 3:30 pm,Columbia Icefield: Gym 3,The Swinderby Experience,lost 3 - 6,2
Thu Mar 5 @ 4:30 pm,Columbia Icefield: Gym 3,The Tauler Tower,lost 7 - 1,2
Tue Mar 10 @ 4:30 pm,Columbia Icefield: Gym 3,PMC Epsilon Nets,lost 2 - 7,1
END_SEASON

PLAYOFFS:
Date/Time,Location,Opposing Team,Score,S.O.C.
Sat Mar 21 @ 2:00 pm,Columbia Icefield: Gym 3,Balls. We got ‘em!,won 1 - 5,1
Sat Mar 28 @ 12:00 pm,Columbia Icefield: Gym 3,Afternoon Delight,won 5 - 4,2
Thu Apr 2 @ 5:30 pm,Columbia Icefield: Gym 3,Manage This!,lost 0 - 5,1
END_PLAYOFFS

ROSTER:
Player,Captaincy,uwaterloo_email
Corey Bainerman,(C),cbainerm@uwaterloo.ca
Joseph Berry,,
Carolyn Daniels,,
Lana Goldberg,,
Jamie McCarthy,,
Douglas McLaughlin,,
Ester Moher,,
Graham Nagy,,
Sean Schofield-Hurwitz,,
Rong Wang,,
Zhenhua Wang,,
END_ROSTER
