INFO:
teamName,The Frosted Flakes
teamAbbreviation,The Frosted Flakes
sportId,n/a
sportName,n/a
sportRules,n/a
leagueId,watMu
levelId,n/a
seasonName,n/a
seasonId,n/a
Roster Size,22
Season Games Played,6
Playoff Round Lengths,0
END_INFO

SEASON:
Date/Time,Location,Opposing Team,Score,S.O.C.
Mon Jan 26 @ 4:30 pm,Columbia Icefield: Gym 3,Chem Eng ‘12,lost 1 - 8,1
Mon Feb 2 @ 4:30 pm,Columbia Icefield: Gym 3,Prancing Ponies,lost 1 - 8,2
Mon Feb 9 @ 4:30 pm,Columbia Icefield: Gym 3,Chem Eng ‘12,lost 0 - 5,-2
Mon Feb 23 @ 5:30 pm,Columbia Icefield: Gym 3,Prancing Ponies,lost 0 - 5,-2
Mon Mar 2 @ 4:30 pm,Columbia Icefield: Gym 3,Randy Dandy Cotton Candy,lost 5 - 0,-2
Tue Mar 3 @ 4:30 pm,Columbia Icefield: Gym 3,Incredi-Balls,lost 5 - 0,-2
END_SEASON

PLAYOFFS:
Date/Time,Location,Opposing Team,Score,S.O.C.
END_PLAYOFFS

ROSTER:
Player,Captaincy,uwaterloo_email
Kristin Kurppa,(C),kristin_kurppa@hotmail.com
Catalina Belalcazar,,
Steven Byrne,,
David Demers,,
Stephen DesChamp,,
Alexander Kendrew,,
Michael Kmiecik,,
Hausalya Kulanayagam,,
Pui-Hang Kwok,,
Howard Leung,,
Christopher Liu,,
Brian Ma,,
Scott Maltby,,
Curtis McCulloch,,
Louis Napier-Linton,,
Nicholas Ormrod,,
Kokul Shanmugharajah,,
Ryan St. Louis,,
Robert Taylor,,
Jonathan Templin,,
Adam Thorsteinson,,
Yun Xu,,
END_ROSTER
