INFO:
teamName,Bon Grip
teamAbbreviation,Bon Grip
sportId,n/a
sportName,n/a
sportRules,n/a
leagueId,watMu
levelId,n/a
seasonName,n/a
seasonId,n/a
Roster Size,17
Season Games Played,6
Playoff Round Lengths,1,1
END_INFO

SEASON:
Date/Time,Location,Opposing Team,Score,S.O.C.
Tue Jan 20 @ 4:30 pm,Columbia Icefield: Gym 3,Incredi-Balls,won 4 - 5,2
Sat Jan 24 @ 3:00 pm,Columbia Icefield: Gym 3,Balls of Fury,won 4 - 5,2
Sat Feb 7 @ 1:00 pm,Columbia Icefield: Gym 3,Balls of Fury,won 3 - 5,2
Tue Feb 10 @ 4:30 pm,Columbia Icefield: Gym 3,Incredi-Balls,tie 3 - 3,1
Thu Feb 26 @ 7:30 pm,Columbia Icefield: Gym 3,Dons with Balls,won 2 - 7,2
Tue Mar 10 @ 8:30 pm,Columbia Icefield: Gym 3,Dodge This!,lost 4 - 5,2
END_SEASON

PLAYOFFS:
Date/Time,Location,Opposing Team,Score,S.O.C.
Sat Mar 21 @ 10:00 am,Columbia Icefield: Gym 3,Globex Corporation,won 5 - 0,0
Tue Mar 31 @ 7:30 pm,Columbia Icefield: Gym 3,Dodge This!,lost 4 - 5,2
END_PLAYOFFS

ROSTER:
Player,Captaincy,uwaterloo_email
Drew Higgins,(C),dhiggins@uwaterloo.ca
Matthew Battig,,
Joseph De Filippis,,
Stefanie Hall,,
William Hayes,,
Nicholas Ignagni,,
Steven Krag,,
Nicholas Maccallum,,
Adrienne Nelson Moskowitz,,
Qasim Raza,,
Sean Remedios,,
Eric Sellars,,
Natasha Singh,,
Nathan Smit,,
Eric Tam,,
Christine Thompson,,
Katie Widmeyer,,
END_ROSTER
