INFO:
teamName,Randy Dandy Cotton Candy
teamAbbreviation,Randy Dandy Cotton Candy
sportId,n/a
sportName,n/a
sportRules,n/a
leagueId,watMu
levelId,n/a
seasonName,n/a
seasonId,n/a
Roster Size,10
Season Games Played,6
Playoff Round Lengths,1,1
END_INFO

SEASON:
Date/Time,Location,Opposing Team,Score,S.O.C.
Sat Jan 24 @ 1:00 pm,Columbia Icefield: Gym 3,Target Practice,won 4 - 5,2
Sat Jan 31 @ 3:00 pm,Columbia Icefield: Gym 3,Chem Eng ‘12,won 6 - 3,0
Sat Feb 7 @ 2:00 pm,Columbia Icefield: Gym 3,Penguins,won 4 - 5,0
Sat Feb 28 @ 4:00 pm,Columbia Icefield: Gym 3,Chem Eng ‘12,lost 3 - 5,1
Mon Mar 2 @ 4:30 pm,Columbia Icefield: Gym 3,The Frosted Flakes,won 5 - 0,avg.
Sat Mar 7 @ 2:00 pm,Columbia Icefield: Gym 3,Dodge This!,won 4 - 5,2
END_SEASON

PLAYOFFS:
Date/Time,Location,Opposing Team,Score,S.O.C.
Mon Mar 23 @ 6:30 pm,Columbia Icefield: Gym 3,"2 Balls, 1 Catch",won 5 - 0,1
Tue Mar 31 @ 8:30 pm,Columbia Icefield: Gym 3,Prancing Ponies,lost 5 - 3,0
END_PLAYOFFS

ROSTER:
Player,Captaincy,uwaterloo_email
Mohamed Kahiye,(C),mkahiye@uwaterloo.ca
Ibrahim Al-Syed,,
Daniel Bayer,,
Habib Khanani,,
Atif Mian,,
Kevin Nold,,
Erwin Noriega,,
Blair Rogers,,
Anup Tuladhar,,
Mikhail Venkov,,
END_ROSTER
