INFO:
teamName,Chem Eng ‘12
teamAbbreviation,Chem Eng ‘12
sportId,n/a
sportName,n/a
sportRules,n/a
leagueId,watMu
levelId,n/a
seasonName,n/a
seasonId,n/a
Roster Size,18
Season Games Played,6
Playoff Round Lengths,1,1,1
END_INFO

SEASON:
Date/Time,Location,Opposing Team,Score,S.O.C.
Mon Jan 26 @ 4:30 pm,Columbia Icefield: Gym 3,The Frosted Flakes,won 1 - 8,1
Sat Jan 31 @ 3:00 pm,Columbia Icefield: Gym 3,Randy Dandy Cotton Candy,lost 6 - 3,2
Sat Feb 7 @ 3:00 pm,Columbia Icefield: Gym 3,Prancing Ponies,lost 4 - 5,2
Mon Feb 9 @ 4:30 pm,Columbia Icefield: Gym 3,The Frosted Flakes,won 0 - 5,avg.
Sat Feb 28 @ 4:00 pm,Columbia Icefield: Gym 3,Randy Dandy Cotton Candy,won 3 - 5,2
Mon Mar 2 @ 5:30 pm,Columbia Icefield: Gym 3,Prancing Ponies,won 5 - 2,1
END_SEASON

PLAYOFFS:
Date/Time,Location,Opposing Team,Score,S.O.C.
Tue Mar 24 @ 5:30 pm,Columbia Icefield: Gym 3,The Dodgers 2,won 5 - 1,1
Sat Mar 28 @ 3:00 pm,Columbia Icefield: Gym 3,Saturday Night Individuals,won 3 - 5,2
Thu Apr 2 @ 6:30 pm,Columbia Icefield: Gym 3,Dons with Balls,lost 0 - 5,0
END_PLAYOFFS

ROSTER:
Player,Captaincy,uwaterloo_email
James Lemcke,(C),d_lemcke@hotmail.com
Anas Ahmed,,
Mitchell Armstrong,,
Jonathan Bain,,
Benjamin Baker,,
Stephen Brodie,,
Jessica Cassidy,,
Lorena Chan,,
Matthew Genovese,,
Alishah Irfan Jesani,,
Marat Kireev,,
Matthew Kok,,
Dylan McPhail,,
Isaac Roes,,
Kyle Roest,,
Yuree Sung,,
Brendon Wrana,,
Arthur Yip,,
END_ROSTER
