INFO:
teamName,Manage This!
teamAbbreviation,Manage This!
sportId,n/a
sportName,n/a
sportRules,n/a
leagueId,watMu
levelId,n/a
seasonName,n/a
seasonId,n/a
Roster Size,17
Season Games Played,6
Playoff Round Lengths,1,1,1
END_INFO

SEASON:
Date/Time,Location,Opposing Team,Score,S.O.C.
Mon Jan 19 @ 6:30 pm,Columbia Icefield: Gym 3,Monday Night Individuals,lost 8 - 0,2
Tue Jan 27 @ 7:30 pm,Columbia Icefield: Gym 3,Off Campus Dodgers,lost 2 - 7,2
Tue Feb 3 @ 7:30 pm,Columbia Icefield: Gym 3,Industrious Organizers,lost 4 - 5,2
Mon Feb 9 @ 7:30 pm,Columbia Icefield: Gym 3,Banana Time,won 6 - 3,1
Mon Feb 23 @ 7:30 pm,Columbia Icefield: Gym 3,Channel 4 News Team,won 5 - 4,1
Mon Mar 2 @ 7:30 pm,Columbia Icefield: Gym 3,Incredi-Balls,lost 3 - 5,2
END_SEASON

PLAYOFFS:
Date/Time,Location,Opposing Team,Score,S.O.C.
Sat Mar 28 @ 1:00 pm,Columbia Icefield: Gym 3,Elec 13,won 4 - 3,2
Sat Mar 28 @ 2:00 pm,Columbia Icefield: Gym 3,Channel 4 News Team,won 2 - 5,2
Thu Apr 2 @ 5:30 pm,Columbia Icefield: Gym 3,Industrious Organizers,won 0 - 5,1
END_PLAYOFFS

ROSTER:
Player,Captaincy,uwaterloo_email
Jonathan Aycan,(C),jaaycan@uwaterloo.ca
Hani Alkhouri,,
Tiffany Bayley,,
Lin Chen,,
Jennifer Engels,,
Eric Freure,,
Ada Hurst,,
Adam Hurst,,
Yuri Kolomiyets,,
Jason Landry,,
Matilda Miller,,
Di Mu,,
Emma Nilsson,,
Julio Noriega,,
Mehrdad Pirnia,,
Bahareh Ramezani Tehrani,,
Jen-Hung Wang,,
END_ROSTER
