INFO:
teamName,The Tauler Tower
teamAbbreviation,The Tauler Tower
sportId,n/a
sportName,n/a
sportRules,n/a
leagueId,watMu
levelId,n/a
seasonName,n/a
seasonId,n/a
Roster Size,14
Season Games Played,6
Playoff Round Lengths,1
END_INFO

SEASON:
Date/Time,Location,Opposing Team,Score,S.O.C.
Tue Jan 20 @ 6:30 pm,Columbia Icefield: Gym 3,Elec 13,won 9 - 0,2
Tue Feb 3 @ 4:30 pm,Columbia Icefield: Gym 3,The Swinderby Experience,lost 7 - 2,2
Thu Feb 26 @ 6:30 pm,Columbia Icefield: Gym 3,Haller’s Ballers,won 5 - 0,avg.
Thu Mar 5 @ 4:30 pm,Columbia Icefield: Gym 3,Industrious Organizers,won 7 - 1,2
Tue Mar 10 @ 3:30 pm,Columbia Icefield: Gym 3,The Swinderby Experience,won 4 - 5,2
Thu Mar 12 @ 9:30 pm,Columbia Icefield: Gym 3,G-SYS FTW,won 2 - 7,2
END_SEASON

PLAYOFFS:
Date/Time,Location,Opposing Team,Score,S.O.C.
Mon Mar 23 @ 4:30 pm,Columbia Icefield: Gym 3,PMC Epsilon Nets,lost 5 - 3,2
END_PLAYOFFS

ROSTER:
Player,Captaincy,uwaterloo_email
Jacob Chandler,(C),j2chandl@uwaterloo.ca
Robert Amirault,,
Jonathan Baarda,,
Christopher Brnjas,,
Christopher Dam,,
Daniel Johnson,,
Kathleen Mahoney,,
David Powell,,
Gregory Reale,,
James Scott,,
Faith-Anne Wagler,,
Ashley Ward,,
Jesse Wiebe,,
Kevin Willms,,
END_ROSTER
