INFO:
teamName,The Swinderby Experience
teamAbbreviation,The Swinderby Experience
sportId,n/a
sportName,n/a
sportRules,n/a
leagueId,watMu
levelId,n/a
seasonName,n/a
seasonId,n/a
Roster Size,14
Season Games Played,6
Playoff Round Lengths,1,1,1
END_INFO

SEASON:
Date/Time,Location,Opposing Team,Score,S.O.C.
Tue Feb 3 @ 4:30 pm,Columbia Icefield: Gym 3,The Tauler Tower,won 7 - 2,2
Thu Feb 5 @ 3:30 pm,Columbia Icefield: Gym 3,Industrious Organizers,won 3 - 6,2
Thu Feb 26 @ 4:30 pm,Columbia Icefield: Gym 3,G-SYS FTW,won 0 - 5,avg.
Thu Mar 5 @ 5:30 pm,Columbia Icefield: Gym 3,G-SYS FTW,won 1 - 8,2
Mon Mar 9 @ 6:30 pm,Columbia Icefield: Gym 3,G-SYS FTW,won 0 - 9,2
Tue Mar 10 @ 3:30 pm,Columbia Icefield: Gym 3,The Tauler Tower,lost 4 - 5,2
END_SEASON

PLAYOFFS:
Date/Time,Location,Opposing Team,Score,S.O.C.
Sat Mar 28 @ 6:00 pm,Columbia Icefield: Gym 3,Monday Night Individuals,won 0 - 5,0
Tue Mar 31 @ 9:30 pm,Columbia Icefield: Gym 3,Tiny Yellow Balls III,won 3 - 5,2
Thu Apr 2 @ 8:30 pm,Columbia Icefield: Gym 3,Off Campus Dodgers,won 5 - 4,2
END_PLAYOFFS

ROSTER:
Player,Captaincy,uwaterloo_email
Rory Zorn,(C),razorn@uwaterloo.ca
Kelsey Ashley,,
Arthur Bosua,,
Nolan Dyck,,
Scott Greenlay,,
Joel Gundy,,
Ryan Hildebrandt,,
Brent Komer,,
Peter Mullen,,
Jeremie Raimbault,,
Benjamin Reesor,,
David Schulz,,
Michael Snyder,,
Kyle Wheaton,,
END_ROSTER
