INFO:
teamName,The Cleveland Steamers
teamAbbreviation,The Cleveland Steamers
sportId,n/a
sportName,n/a
sportRules,n/a
leagueId,watMu
levelId,n/a
seasonName,n/a
seasonId,n/a
Roster Size,10
Season Games Played,6
Playoff Round Lengths,1
END_INFO

SEASON:
Date/Time,Location,Opposing Team,Score,S.O.C.
Mon Jan 19 @ 7:30 pm,Columbia Icefield: Gym 3,Knowledge Integration,won 8 - 1,1
Tue Jan 27 @ 8:30 pm,Columbia Icefield: Gym 3,Duck Dodgers,lost 3 - 6,2
Mon Feb 9 @ 8:30 pm,Columbia Icefield: Gym 3,Duck Dodgers,won 6 - 2,2
Tue Feb 24 @ 8:30 pm,Columbia Icefield: Gym 3,Off Campus Dodgers,lost 3 - 5,1
Mon Mar 2 @ 8:30 pm,Columbia Icefield: Gym 3,Knowledge Integration,won 5 - 0,2
Mon Mar 9 @ 8:30 pm,Columbia Icefield: Gym 3,Incredi-Balls,won 5 - 4,2
END_SEASON

PLAYOFFS:
Date/Time,Location,Opposing Team,Score,S.O.C.
Mon Mar 23 @ 9:30 pm,Columbia Icefield: Gym 3,Dodge This!,lost 5 - 4,2
END_PLAYOFFS

ROSTER:
Player,Captaincy,uwaterloo_email
Jonathan Burns,(C),j5burns@uwaterloo.ca
Steven Clarke,,
Meghan Dawe,,
Gregory Melnik,,
Jaana Mielonen,,
Aabid Patel,,
Dennis Reade,,
James Renaud,,
Daniel Scott,,
Cory Shewfelt,,
END_ROSTER
