INFO:
teamName,Prescription For Pain (2x Repeats)
teamAbbreviation,Prescription For Pain (2x Repeats)
sportId,n/a
sportName,n/a
sportRules,n/a
leagueId,watMu
levelId,n/a
seasonName,n/a
seasonId,n/a
Roster Size,22
Season Games Played,6
Playoff Round Lengths,1
END_INFO

SEASON:
Date/Time,Location,Opposing Team,Score,S.O.C.
Sat Jan 17 @ 11:00 am,Columbia Icefield: Gym 3,Velociball,lost 5 - 4,2
Sat Jan 24 @ 4:00 pm,Columbia Icefield: Gym 3,Velociball,lost 8 - 0,2
Sat Jan 31 @ 11:00 am,Columbia Icefield: Gym 3,Velociball,lost 5 - 4,2
Sat Feb 7 @ 4:00 pm,Columbia Icefield: Gym 3,Saturday Night Individuals,lost 9 - 0,2
Thu Feb 26 @ 8:30 pm,Columbia Icefield: Gym 3,Duck Dodgers,lost 8 - 1,2
Thu Mar 12 @ 10:30 pm,Columbia Icefield: Gym 3,The Dodgers 2,lost 5 - 4,2
END_SEASON

PLAYOFFS:
Date/Time,Location,Opposing Team,Score,S.O.C.
Mon Mar 23 @ 10:30 pm,Columbia Icefield: Gym 3,Banana Time,lost 8 - 1,2
END_PLAYOFFS

ROSTER:
Player,Captaincy,uwaterloo_email
Steven Danylchuk,(C),sdanylch@uwaterloo.ca
Kristina Ahrens,,
Justin Alcorta,,
Jonathan Angka,,
Kayleigh Curts,,
Stephanie Di Sano,,
Megan Etchells,,
Jillian Grocholsky,,
Aman Hansra,,
Erika Hatherly,,
Nikunj Khanna,,
Vivian Lee,,
Bradley Linton,,
Julia Maslikowska,,
Mihir Patel,,
Saurabhkumar Patel,,
Calvin Poon,,
Jennifer Seguin,,
William Shannon,,
Oksana Szymanska,,
Amanda Tavone,,
Ryan Vrancea,,
END_ROSTER
