INFO:
teamName,Haller’s Ballers
teamAbbreviation,Haller’s Ballers
sportId,n/a
sportName,n/a
sportRules,n/a
leagueId,watMu
levelId,n/a
seasonName,n/a
seasonId,n/a
Roster Size,15
Season Games Played,6
Playoff Round Lengths,1,1,1
END_INFO

SEASON:
Date/Time,Location,Opposing Team,Score,S.O.C.
Mon Jan 26 @ 5:30 pm,Columbia Icefield: Gym 3,A-buse-ment Park,lost 1 - 8,2
Thu Jan 29 @ 5:30 pm,Columbia Icefield: Gym 3,A-buse-ment Park,lost 2 - 6,2
Tue Feb 3 @ 8:30 pm,Columbia Icefield: Gym 3,Incredi-Balls,lost 5 - 2,1
Thu Feb 26 @ 6:30 pm,Columbia Icefield: Gym 3,The Tauler Tower,lost 5 - 0,0
Thu Mar 5 @ 6:30 pm,Columbia Icefield: Gym 3,A-buse-ment Park,lost 3 - 5,1
Tue Mar 10 @ 5:30 pm,Columbia Icefield: Gym 3,The Dodgers 2,won 1 - 7,1
END_SEASON

PLAYOFFS:
Date/Time,Location,Opposing Team,Score,S.O.C.
Tue Mar 24 @ 10:30 pm,Columbia Icefield: Gym 3,Knowledge Integration,won 4 - 5,2
Sat Mar 28 @ 10:00 am,Columbia Icefield: Gym 3,SYDE Smash,won 2 - 5,2
Thu Apr 2 @ 4:30 pm,Columbia Icefield: Gym 3,Target Practice,lost 1 - 5,2
END_PLAYOFFS

ROSTER:
Player,Captaincy,uwaterloo_email
James Haller,(C),jhaller@engmail.uwaterloo.ca
Julia Charlton,,
Jason Lee,,
Jing Liu,,
James McEvoy,,
King Mok,,
Joshua Nafziger,,
Nirogini Nalliah,,
Benjamin Ong,,
Anastasia Poliacik,,
Benjamin Sheardown,,
Shobanaa Sivavarman,,
Danielle Tertula,,
Alice Yen,,
Benzhong Zhao,,
END_ROSTER
