INFO:
teamName,Prancing Ponies
teamAbbreviation,Prancing Ponies
sportId,n/a
sportName,n/a
sportRules,n/a
leagueId,watMu
levelId,n/a
seasonName,n/a
seasonId,n/a
Roster Size,10
Season Games Played,6
Playoff Round Lengths,1,1,1
END_INFO

SEASON:
Date/Time,Location,Opposing Team,Score,S.O.C.
Sat Jan 24 @ 5:00 pm,Columbia Icefield: Gym 3,Velociball,won 0 - 8,0
Mon Feb 2 @ 4:30 pm,Columbia Icefield: Gym 3,The Frosted Flakes,won 1 - 8,2
Sat Feb 7 @ 3:00 pm,Columbia Icefield: Gym 3,Chem Eng ‘12,won 4 - 5,1
Mon Feb 23 @ 5:30 pm,Columbia Icefield: Gym 3,The Frosted Flakes,won 0 - 5,avg.
Mon Mar 2 @ 5:30 pm,Columbia Icefield: Gym 3,Chem Eng ‘12,lost 5 - 2,0
Mon Mar 9 @ 7:30 pm,Columbia Icefield: Gym 3,Velociball,won 0 - 9,2
END_SEASON

PLAYOFFS:
Date/Time,Location,Opposing Team,Score,S.O.C.
Sat Mar 21 @ 11:00 am,Columbia Icefield: Gym 3,Euchre...I Hardly Knew her,won 5 - 0,0
Tue Mar 31 @ 8:30 pm,Columbia Icefield: Gym 3,Randy Dandy Cotton Candy,won 5 - 3,2
Thu Apr 2 @ 7:30 pm,Columbia Icefield: Gym 3,Dodge This!,won 2 - 5,2
END_PLAYOFFS

ROSTER:
Player,Captaincy,uwaterloo_email
Stephen Mattachini,(C),smattach@uwaterloo.ca
David Henry,,
James Mann,,
Sean Russell,,
Hemanth Shankar,,
Nicholas Solda,,
Veronica Strauss,,
Haley Vaccariello,,
Mark Vandersluis,,
Ming Wong,,
END_ROSTER
