INFO:
teamName,Dons with Balls
teamAbbreviation,Dons with Balls
sportId,n/a
sportName,n/a
sportRules,n/a
leagueId,watMu
levelId,n/a
seasonName,n/a
seasonId,n/a
Roster Size,16
Season Games Played,6
Playoff Round Lengths,1,1,1
END_INFO

SEASON:
Date/Time,Location,Opposing Team,Score,S.O.C.
Sat Jan 31 @ 2:00 pm,Columbia Icefield: Gym 3,Tiny Yellow Balls III,won 3 - 6,2
Thu Feb 26 @ 7:30 pm,Columbia Icefield: Gym 3,Bon Grip,lost 2 - 7,2
Sat Feb 28 @ 2:00 pm,Columbia Icefield: Gym 3,Balls of Fury,won 4 - 5,1
Sat Mar 7 @ 1:00 pm,Columbia Icefield: Gym 3,Balls of Fury,won 1 - 8,2
Tue Mar 10 @ 6:30 pm,Columbia Icefield: Gym 3,Off Campus Dodgers,lost 5 - 0,-2
Thu Mar 12 @ 8:30 pm,Columbia Icefield: Gym 3,A-buse-ment Park,won 3 - 6,2
END_SEASON

PLAYOFFS:
Date/Time,Location,Opposing Team,Score,S.O.C.
Sat Mar 21 @ 1:00 pm,Columbia Icefield: Gym 3,Velociball,won 5 - 0,0
Sat Mar 28 @ 4:00 pm,Columbia Icefield: Gym 3,A-buse-ment Park,won 4 - 5,1
Thu Apr 2 @ 6:30 pm,Columbia Icefield: Gym 3,Chem Eng ‘12,won 0 - 5,0
END_PLAYOFFS

ROSTER:
Player,Captaincy,uwaterloo_email
Nicholas Wong Kai Pun,(C),nwongkai@uwaterloo.ca
Segei Bobkin,,
Tessa Cinelli,,
Matthew Colphon,,
Kristina Fagan,,
Shemine Gulamhusein,,
Philip Hatcher,,
Hyunjong Jin,,
Sabrina Liu,,
Jonathan Lo,,
Carmen McCaffrey,,
Kathleen O’Hara,,
Farzana Premji,,
Lyha Quaranto,,
Sherri Raymond,,
Stephen Reinhardt,,
END_ROSTER
