INFO:
teamName,Globex Corporation
teamAbbreviation,Globex Corporation
sportId,n/a
sportName,n/a
sportRules,n/a
leagueId,watMu
levelId,n/a
seasonName,n/a
seasonId,n/a
Roster Size,18
Season Games Played,6
Playoff Round Lengths,1
END_INFO

SEASON:
Date/Time,Location,Opposing Team,Score,S.O.C.
Sat Jan 17 @ 12:00 pm,Columbia Icefield: Gym 3,Monster Zero,won 0 - 6,2
Sat Jan 24 @ 12:00 pm,Columbia Icefield: Gym 3,Banana Time,won 7 - 2,2
Sat Jan 31 @ 12:00 pm,Columbia Icefield: Gym 3,Monster Zero,won 2 - 7,2
Sat Feb 7 @ 12:00 pm,Columbia Icefield: Gym 3,PMC Epsilon Nets,lost 0 - 9,2
Sat Feb 28 @ 1:00 pm,Columbia Icefield: Gym 3,Banana Time,lost 3 - 5,2
Thu Mar 5 @ 8:30 pm,Columbia Icefield: Gym 3,Afternoon Delight,won 7 - 2,1
END_SEASON

PLAYOFFS:
Date/Time,Location,Opposing Team,Score,S.O.C.
Sat Mar 21 @ 10:00 am,Columbia Icefield: Gym 3,Bon Grip,lost 5 - 0,-2
END_PLAYOFFS

ROSTER:
Player,Captaincy,uwaterloo_email
Gregory Becotte,(C),gbecotte@uwaterloo.ca
Anthony Amadio,,
Laura Becotte,,
Claude Charbonneau,,
Mathew Demarco,,
Akiko Ebata,,
Krystyna Edwards,,
Marc-Andre Gravel,,
Tiffany Niro,,
Catherine Nolin,,
Pawel Przeracki,,
Ashley Renaud,,
Eric Romeril,,
Jeffrey Trinh,,
Michael Tritt,,
Thomas Tuckwell,,
Brittany Weber,,
Jeffrey Wong,,
END_ROSTER
