INFO:
teamName,Euchre...I Hardly Knew her
teamAbbreviation,Euchre...I Hardly Knew her
sportId,n/a
sportName,n/a
sportRules,n/a
leagueId,watMu
levelId,n/a
seasonName,n/a
seasonId,n/a
Roster Size,12
Season Games Played,6
Playoff Round Lengths,1
END_INFO

SEASON:
Date/Time,Location,Opposing Team,Score,S.O.C.
Thu Jan 15 @ 4:30 pm,Columbia Icefield: Gym 3,Industrious Organizers,won 2 - 7,2
Thu Jan 22 @ 4:30 pm,Columbia Icefield: Gym 3,Afternoon Delight,won 8 - 1,2
Thu Feb 5 @ 4:30 pm,Columbia Icefield: Gym 3,G-SYS FTW,won 0 - 9,2
Sat Feb 7 @ 11:00 am,Columbia Icefield: Gym 3,Knowledge Integration,lost 5 - 0,0
Sat Feb 28 @ 12:00 pm,Columbia Icefield: Gym 3,Monster Zero,won 8 - 1,2
Sat Mar 7 @ 11:00 am,Columbia Icefield: Gym 3,Dodge our Balls,lost 8 - 1,2
END_SEASON

PLAYOFFS:
Date/Time,Location,Opposing Team,Score,S.O.C.
Sat Mar 21 @ 11:00 am,Columbia Icefield: Gym 3,Prancing Ponies,lost 5 - 0,-2
END_PLAYOFFS

ROSTER:
Player,Captaincy,uwaterloo_email
Hikmet Bejkosalaj,(C),slash_nick18@hotmail.com
Joshua Adams,,
Steven Borgdorff,,
Daniel Gardner,,
David Hall,,
Arshad Harooni,,
Kevin Hendriks,,
Andrew House,,
Isaac Jourard,,
Galen Maclusky,,
Barrett Schitka,,
Emil Schultz,,
END_ROSTER
