INFO:
teamName,Off Campus Dodgers
teamAbbreviation,Off Campus Dodgers
sportId,n/a
sportName,n/a
sportRules,n/a
leagueId,watMu
levelId,n/a
seasonName,n/a
seasonId,n/a
Roster Size,16
Season Games Played,6
Playoff Round Lengths,1,1,1
END_INFO

SEASON:
Date/Time,Location,Opposing Team,Score,S.O.C.
Tue Jan 27 @ 7:30 pm,Columbia Icefield: Gym 3,Manage This!,won 2 - 7,2
Tue Feb 3 @ 6:30 pm,Columbia Icefield: Gym 3,Elec 13,won 5 - 3,2
Tue Feb 10 @ 6:30 pm,Columbia Icefield: Gym 3,SYDE Smash,won 9 - 0,2
Tue Feb 24 @ 8:30 pm,Columbia Icefield: Gym 3,The Cleveland Steamers,won 3 - 5,1
Tue Mar 3 @ 7:30 pm,Columbia Icefield: Gym 3,Banana Time,won 8 - 0,0
Tue Mar 10 @ 6:30 pm,Columbia Icefield: Gym 3,Dons with Balls,won 5 - 0,avg.
END_SEASON

PLAYOFFS:
Date/Time,Location,Opposing Team,Score,S.O.C.
Tue Mar 24 @ 9:30 pm,Columbia Icefield: Gym 3,Duck Dodgers,won 6 - 3,1
Tue Mar 31 @ 10:30 pm,Columbia Icefield: Gym 3,PMC Epsilon Nets,won 3 - 5,2
Thu Apr 2 @ 8:30 pm,Columbia Icefield: Gym 3,The Swinderby Experience,lost 5 - 4,2
END_PLAYOFFS

ROSTER:
Player,Captaincy,uwaterloo_email
Jared Langerak,(C),jlangera@uwaterloo.ca
David Amorim,,
Michael Greenwood,,
Travis Hendry,,
Abhinav Kanaya,,
Jessica Kuepfer,,
Michael Kwan,,
Andrew Lessard,,
Brendan Links,,
Patricia Moreira,,
Benjamin Naismith,,
Nicholas Neale,,
David Partridge,,
Susanne Roma,,
Joel Smith,,
James Tanner,,
END_ROSTER
