INFO:
teamName,Awesome
teamAbbreviation,Awesome
sportId,n/a
sportName,n/a
sportRules,n/a
leagueId,watMu
levelId,n/a
seasonName,n/a
seasonId,n/a
Roster Size,10
Season Games Played,6
Playoff Round Lengths,1
END_INFO

SEASON:
Date/Time,Location,Opposing Team,Score,S.O.C.
Sat Jan 17 @ 10:00 am,Columbia Icefield: Gym 3,Dodge our Balls,lost 7 - 1,2
Thu Jan 22 @ 10:30 pm,Columbia Icefield: Gym 3,Duck Dodgers,lost 5 - 4,2
Sat Feb 7 @ 10:00 am,Columbia Icefield: Gym 3,Dodge our Balls,lost 7 - 2,2
Sat Feb 28 @ 11:00 am,Columbia Icefield: Gym 3,Velociball,won 5 - 0,avg.
Sat Mar 7 @ 10:00 am,Columbia Icefield: Gym 3,Balls. We got ‘em!,tie 0 - 0,-2
Thu Mar 12 @ 5:30 pm,Columbia Icefield: Gym 3,SYDE Smash,won 4 - 3,2
END_SEASON

PLAYOFFS:
Date/Time,Location,Opposing Team,Score,S.O.C.
Sat Mar 21 @ 12:00 pm,Columbia Icefield: Gym 3,A-buse-ment Park,lost 6 - 3,2
END_PLAYOFFS

ROSTER:
Player,Captaincy,uwaterloo_email
Gerald Gayowsky,(C),gerald.gayowsky@gmail.com
Alexandra Clark,,
Marc Hamonic,,
Michael Hul,,
Diana Mackinnon,,
Adam Neville,,
Paul Robertson,,
Bryan Sanderson,,
James Smith,,
Konrad Zielinski,,
END_ROSTER
