INFO:
teamName,"2 Balls, 1 Catch"
teamAbbreviation,"2 Balls, 1 Catch"
sportId,n/a
sportName,n/a
sportRules,n/a
leagueId,watMu
levelId,n/a
seasonName,n/a
seasonId,n/a
Roster Size,18
Season Games Played,6
Playoff Round Lengths,1
END_INFO

SEASON:
Date/Time,Location,Opposing Team,Score,S.O.C.
Thu Jan 15 @ 5:30 pm,Columbia Icefield: Gym 3,The Dodgers 2,lost 3 - 4,2
Sat Jan 17 @ 3:00 pm,Columbia Icefield: Gym 3,Balls. We got ‘em!,won 5 - 4,2
Thu Jan 22 @ 5:30 pm,Columbia Icefield: Gym 3,The Dodgers 2,won 6 - 0,2
Thu Feb 12 @ 5:30 pm,Columbia Icefield: Gym 3,Elec 13,lost 4 - 5,2
Mon Feb 23 @ 8:30 pm,Columbia Icefield: Gym 3,Knowledge Integration,won 5 - 4,1
Thu Feb 26 @ 5:30 pm,Columbia Icefield: Gym 3,SYDE Smash,won 5 - 4,2
END_SEASON

PLAYOFFS:
Date/Time,Location,Opposing Team,Score,S.O.C.
Mon Mar 23 @ 6:30 pm,Columbia Icefield: Gym 3,Randy Dandy Cotton Candy,lost 5 - 0,2
END_PLAYOFFS

ROSTER:
Player,Captaincy,uwaterloo_email
Eric Cheung,(C),cheung.ec@gmail.com
Amir-Reza Amini,,
Badr Badawi,,
Gailyn Chan,,
Jessica Choi,,
Justin Chu,,
Xiao Cui,,
Sean Holt,,
Benjamin Kong,,
Rohit Narayan,,
Paul Nogas,,
Saif Rehman,,
Dustin Verhoeve,,
Brett Wiens,,
Abraham Wong,,
Jiong Wu,,
Daniel Ye,,
Adam Yusuf,,
END_ROSTER
