INFO:
teamName,Target Practice
teamAbbreviation,Target Practice
sportId,n/a
sportName,n/a
sportRules,n/a
leagueId,watMu
levelId,n/a
seasonName,n/a
seasonId,n/a
Roster Size,14
Season Games Played,6
Playoff Round Lengths,1,1,1
END_INFO

SEASON:
Date/Time,Location,Opposing Team,Score,S.O.C.
Sat Jan 24 @ 1:00 pm,Columbia Icefield: Gym 3,Randy Dandy Cotton Candy,lost 4 - 5,2
Sat Jan 31 @ 4:00 pm,Columbia Icefield: Gym 3,Penguins,lost 2 - 7,0
Sat Feb 28 @ 3:00 pm,Columbia Icefield: Gym 3,Penguins,won 5 - 3,2
Sat Mar 7 @ 3:00 pm,Columbia Icefield: Gym 3,Penguins,lost 4 - 5,2
Mon Mar 9 @ 9:30 pm,Columbia Icefield: Gym 3,Dodge This!,lost 6 - 3,2
Thu Mar 12 @ 6:30 pm,Columbia Icefield: Gym 3,Dodge This!,lost 8 - 1,2
END_SEASON

PLAYOFFS:
Date/Time,Location,Opposing Team,Score,S.O.C.
Sat Mar 21 @ 4:00 pm,Columbia Icefield: Gym 3,Balls of Fury,won 5 - 3,1
Sat Mar 28 @ 11:00 am,Columbia Icefield: Gym 3,Banana Time,won 4 - 2,1
Thu Apr 2 @ 4:30 pm,Columbia Icefield: Gym 3,Haller’s Ballers,won 1 - 5,2
END_PLAYOFFS

ROSTER:
Player,Captaincy,uwaterloo_email
Jesse Sulmona,(C),jesse.sulmona@gmail.com
Andreas Brunner,,
Sepehr Ebrahimzadeh,,
Cyril Francis,,
Peter Gibbs,,
Kristina Haller,,
Colin Heics,,
Jamie McCall,,
Ian Mui,,
Conor O’Hara,,
Lukas Posniak,,
Yashar Rassoulli,,
Sandeep Singh,,
Kevin Yeung,,
END_ROSTER
