INFO:
teamName,Balls. We got ‘em!
teamAbbreviation,Balls. We got ‘em!
sportId,n/a
sportName,n/a
sportRules,n/a
leagueId,watMu
levelId,n/a
seasonName,n/a
seasonId,n/a
Roster Size,13
Season Games Played,6
Playoff Round Lengths,1
END_INFO

SEASON:
Date/Time,Location,Opposing Team,Score,S.O.C.
Sat Jan 17 @ 3:00 pm,Columbia Icefield: Gym 3,"2 Balls, 1 Catch",lost 5 - 4,2
Sat Jan 17 @ 4:00 pm,Columbia Icefield: Gym 3,Saturday Night Individuals,lost 5 - 4,2
Sat Jan 24 @ 10:00 am,Columbia Icefield: Gym 3,Dodge our Balls,lost 1 - 8,2
Tue Feb 10 @ 5:30 pm,Columbia Icefield: Gym 3,The Dodgers 2,won 0 - 8,2
Sat Feb 28 @ 5:00 pm,Columbia Icefield: Gym 3,Saturday Night Individuals,tie 4 - 4,2
Sat Mar 7 @ 10:00 am,Columbia Icefield: Gym 3,Awesome,tie 0 - 0,0
END_SEASON

PLAYOFFS:
Date/Time,Location,Opposing Team,Score,S.O.C.
Sat Mar 21 @ 2:00 pm,Columbia Icefield: Gym 3,Industrious Organizers,lost 1 - 5,2
END_PLAYOFFS

ROSTER:
Player,Captaincy,uwaterloo_email
Casey Devet,(C),little_kc99@hotmail.com
James Beare,,
Matthew Bellissimo,,
Mark Cachia,,
Mark Fernandes,,
Patrick Hayes,,
Thomas Hudson,,
Michael James,,
Dale Lemieux,,
Jordan Melfi,,
Calan Panchoo,,
Justin Pasqualini,,
Peter Stauskas,,
END_ROSTER
