INFO:
teamName,Incredi-Balls
teamAbbreviation,Incredi-Balls
sportId,n/a
sportName,n/a
sportRules,n/a
leagueId,watMu
levelId,n/a
seasonName,n/a
seasonId,n/a
Roster Size,16
Season Games Played,6
Playoff Round Lengths,1
END_INFO

SEASON:
Date/Time,Location,Opposing Team,Score,S.O.C.
Tue Jan 20 @ 4:30 pm,Columbia Icefield: Gym 3,Bon Grip,lost 4 - 5,2
Tue Feb 3 @ 8:30 pm,Columbia Icefield: Gym 3,Haller’s Ballers,won 5 - 2,1
Tue Feb 10 @ 4:30 pm,Columbia Icefield: Gym 3,Bon Grip,tie 3 - 3,1
Mon Mar 2 @ 7:30 pm,Columbia Icefield: Gym 3,Manage This!,won 3 - 5,2
Tue Mar 3 @ 4:30 pm,Columbia Icefield: Gym 3,The Frosted Flakes,won 5 - 0,avg.
Mon Mar 9 @ 8:30 pm,Columbia Icefield: Gym 3,The Cleveland Steamers,lost 5 - 4,2
END_SEASON

PLAYOFFS:
Date/Time,Location,Opposing Team,Score,S.O.C.
Sat Mar 21 @ 5:00 pm,Columbia Icefield: Gym 3,Saturday Night Individuals,lost 4 - 5,2
END_PLAYOFFS

ROSTER:
Player,Captaincy,uwaterloo_email
Gurjot Grewal,(C),ggrewal2025@gmail.com
Joshua Allin,,
Steven Arnott,,
Anil Bajja,,
Daniel Blachinsky,,
Rhys Carloss,,
Michael Duboff,,
Jack Fleming,,
Prescott Goldsworthy,,
Nicholas Kabatas,,
Ryan Levman,,
Oladayo Olawo,,
Bradley Reitzel,,
Natasha Rogers,,
Peter Szczerba,,
Mitchell Waters,,
END_ROSTER
