INFO:
teamName,A-buse-ment Park
teamAbbreviation,A-buse-ment Park
sportId,n/a
sportName,n/a
sportRules,n/a
leagueId,watMu
levelId,n/a
seasonName,n/a
seasonId,n/a
Roster Size,16
Season Games Played,6
Playoff Round Lengths,1,1
END_INFO

SEASON:
Date/Time,Location,Opposing Team,Score,S.O.C.
Mon Jan 26 @ 5:30 pm,Columbia Icefield: Gym 3,Haller’s Ballers,won 1 - 8,2
Thu Jan 29 @ 5:30 pm,Columbia Icefield: Gym 3,Haller’s Ballers,won 2 - 6,2
Mon Mar 2 @ 6:30 pm,Columbia Icefield: Gym 3,Monday Night Individuals,lost 5 - 0,0
Thu Mar 5 @ 6:30 pm,Columbia Icefield: Gym 3,Haller’s Ballers,won 3 - 5,2
Mon Mar 9 @ 5:30 pm,Columbia Icefield: Gym 3,Channel 4 News Team,won 0 - 5,avg.
Thu Mar 12 @ 8:30 pm,Columbia Icefield: Gym 3,Dons with Balls,lost 3 - 6,1
END_SEASON

PLAYOFFS:
Date/Time,Location,Opposing Team,Score,S.O.C.
Sat Mar 21 @ 12:00 pm,Columbia Icefield: Gym 3,Awesome,won 6 - 3,2
Sat Mar 28 @ 4:00 pm,Columbia Icefield: Gym 3,Dons with Balls,lost 4 - 5,1
END_PLAYOFFS

ROSTER:
Player,Captaincy,uwaterloo_email
Tara Man,(C),taraman_@hotmail.com
Ian Ray Barcarse,,
Quincy Cherubini,,
Dylan Dupuis,,
Alexander Ellsworth,,
Mina Labib,,
Waleed Lateef,,
Adam Laudenbach,,
Kristen Leal,,
Andrew Machina,,
Douglas Mackendrick,,
Timothy McKague,,
Garreth Murphy,,
Chad Pilkey,,
Robert Van Gennip,,
Benjamin Watson,,
END_ROSTER
