INFO:
teamName,G-SYS FTW
teamAbbreviation,G-SYS FTW
sportId,n/a
sportName,n/a
sportRules,n/a
leagueId,watMu
levelId,n/a
seasonName,n/a
seasonId,n/a
Roster Size,17
Season Games Played,6
Playoff Round Lengths,1
END_INFO

SEASON:
Date/Time,Location,Opposing Team,Score,S.O.C.
Thu Feb 5 @ 4:30 pm,Columbia Icefield: Gym 3,Euchre...I Hardly Knew her,lost 0 - 9,2
Mon Feb 23 @ 4:30 pm,Columbia Icefield: Gym 3,Tiny Yellow Balls III,lost 0 - 9,0
Thu Feb 26 @ 4:30 pm,Columbia Icefield: Gym 3,The Swinderby Experience,lost 0 - 5,0
Thu Mar 5 @ 5:30 pm,Columbia Icefield: Gym 3,The Swinderby Experience,lost 1 - 8,2
Mon Mar 9 @ 6:30 pm,Columbia Icefield: Gym 3,The Swinderby Experience,lost 0 - 9,2
Thu Mar 12 @ 9:30 pm,Columbia Icefield: Gym 3,The Tauler Tower,lost 2 - 7,2
END_SEASON

PLAYOFFS:
Date/Time,Location,Opposing Team,Score,S.O.C.
Sat Mar 21 @ 3:00 pm,Columbia Icefield: Gym 3,SYDE Smash,lost 5 - 0,-2
END_PLAYOFFS

ROSTER:
Player,Captaincy,uwaterloo_email
Eric Migicovsky,(C),erohead@gmail.com
Benjamin Best,,
Rahul Bhagat,,
Jerry Chang,,
Catherine Denis,,
Nicholas Ford,,
Timothy Gevaert,,
Zacharia Jama,,
Garret Kelly,,
Paul Marchwica,,
Darcy Parks,,
David Rulff,,
Amanda Seto,,
Steven Swanson,,
Kwong To,,
Joshua Winters,,
Zack Zhu,,
END_ROSTER
