INFO:
teamName,Velociball
teamAbbreviation,Velociball
sportId,n/a
sportName,n/a
sportRules,n/a
leagueId,watMu
levelId,n/a
seasonName,n/a
seasonId,n/a
Roster Size,18
Season Games Played,6
Playoff Round Lengths,1
END_INFO

SEASON:
Date/Time,Location,Opposing Team,Score,S.O.C.
Sat Jan 17 @ 11:00 am,Columbia Icefield: Gym 3,Prescription For Pain (2x Repeats),won 5 - 4,2
Sat Jan 24 @ 4:00 pm,Columbia Icefield: Gym 3,Prescription For Pain (2x Repeats),won 8 - 0,2
Sat Jan 24 @ 5:00 pm,Columbia Icefield: Gym 3,Prancing Ponies,lost 0 - 8,1
Sat Jan 31 @ 11:00 am,Columbia Icefield: Gym 3,Prescription For Pain (2x Repeats),won 5 - 4,2
Sat Feb 28 @ 11:00 am,Columbia Icefield: Gym 3,Awesome,lost 5 - 0,0
Mon Mar 9 @ 7:30 pm,Columbia Icefield: Gym 3,Prancing Ponies,lost 0 - 9,2
END_SEASON

PLAYOFFS:
Date/Time,Location,Opposing Team,Score,S.O.C.
Sat Mar 21 @ 1:00 pm,Columbia Icefield: Gym 3,Dons with Balls,lost 5 - 0,0
END_PLAYOFFS

ROSTER:
Player,Captaincy,uwaterloo_email
James McQuillan,(C),james@ephoenix.net
Michael Baglole,,
Nikolay Belyaev,,
Karan Bhangui,,
Matthew Binkle,,
Shahvir Buhariwalla,,
Pamela Ching,,
Caleb Gawne,,
Evan Goldenberg,,
Adam Hill,,
Edward Livingston,,
Cassandra Masny,,
Sheryl-Ann Schrik,,
Joonha Shin,,
Vassili Skarine,,
Philip Wang,,
Niall Wingham,,
Kebin Wu,,
END_ROSTER
