INFO:
teamName,Knowledge Integration
teamAbbreviation,Knowledge Integration
sportId,n/a
sportName,n/a
sportRules,n/a
leagueId,watMu
levelId,n/a
seasonName,n/a
seasonId,n/a
Roster Size,14
Season Games Played,6
Playoff Round Lengths,1
END_INFO

SEASON:
Date/Time,Location,Opposing Team,Score,S.O.C.
Mon Jan 19 @ 7:30 pm,Columbia Icefield: Gym 3,The Cleveland Steamers,lost 8 - 1,1
Tue Feb 3 @ 9:30 pm,Columbia Icefield: Gym 3,Duck Dodgers,lost 1 - 8,2
Sat Feb 7 @ 11:00 am,Columbia Icefield: Gym 3,Euchre...I Hardly Knew her,won 5 - 0,avg.
Mon Feb 9 @ 6:30 pm,Columbia Icefield: Gym 3,Monday Night Individuals,lost 7 - 1,1
Mon Feb 23 @ 8:30 pm,Columbia Icefield: Gym 3,"2 Balls, 1 Catch",lost 5 - 4,1
Mon Mar 2 @ 8:30 pm,Columbia Icefield: Gym 3,The Cleveland Steamers,lost 5 - 0,2
END_SEASON

PLAYOFFS:
Date/Time,Location,Opposing Team,Score,S.O.C.
Tue Mar 24 @ 10:30 pm,Columbia Icefield: Gym 3,Haller’s Ballers,lost 4 - 5,2
END_PLAYOFFS

ROSTER:
Player,Captaincy,uwaterloo_email
Laura Bell,(C),la2bell@uwaterloo.ca
Tyler Altieri,,
David Collins,,
Kathleen Curwin,,
Kaleigh Eichel,,
Ryley Kornelsen,,
Mary Krupicz,,
Barrett Lafortune,,
Victoria Liao,,
Brittney Nottrodt,,
William Ogden,,
Avery Ozburn,,
Delaney Swanson,,
Ryan Voisin,,
END_ROSTER
