INFO:
teamName,Banana Time
teamAbbreviation,Banana Time
sportId,n/a
sportName,n/a
sportRules,n/a
leagueId,watMu
levelId,n/a
seasonName,n/a
seasonId,n/a
Roster Size,20
Season Games Played,6
Playoff Round Lengths,1,1
END_INFO

SEASON:
Date/Time,Location,Opposing Team,Score,S.O.C.
Sat Jan 17 @ 2:00 pm,Columbia Icefield: Gym 3,PMC Epsilon Nets,lost 0 - 7,2
Sat Jan 24 @ 12:00 pm,Columbia Icefield: Gym 3,Globex Corporation,lost 7 - 2,2
Tue Feb 3 @ 5:30 pm,Columbia Icefield: Gym 3,Monster Zero,lost 5 - 4,2
Mon Feb 9 @ 7:30 pm,Columbia Icefield: Gym 3,Manage This!,lost 6 - 3,1
Sat Feb 28 @ 1:00 pm,Columbia Icefield: Gym 3,Globex Corporation,won 3 - 5,2
Tue Mar 3 @ 7:30 pm,Columbia Icefield: Gym 3,Off Campus Dodgers,lost 8 - 0,1
END_SEASON

PLAYOFFS:
Date/Time,Location,Opposing Team,Score,S.O.C.
Mon Mar 23 @ 10:30 pm,Columbia Icefield: Gym 3,Prescription For Pain (2x Repeats),won 8 - 1,2
Sat Mar 28 @ 11:00 am,Columbia Icefield: Gym 3,Target Practice,lost 4 - 2,2
END_PLAYOFFS

ROSTER:
Player,Captaincy,uwaterloo_email
Cameron Dunning,(C),cdunning@uwaterloo.ca
Adam Acovski,,
Christopher Baughman,,
Edward Cheung,,
Thomas Choi,,
Zachary Goldstein,,
Michael Griffin,,
Nizar Hasan,,
Rowan Head-Marsden,,
Kyle Johnston,,
Rahul Kulkarni,,
Bolun Liu,,
Nicholas Lo,,
Donald Macgillivray,,
Alexander Martanda,,
Graham Stonebridge,,
Jordan Valentin,,
Benjamin Yap,,
Yu Zhang,,
Fred Zhao,,
END_ROSTER
