INFO:
teamName,Channel 4 News Team
teamAbbreviation,Channel 4 News Team
sportId,n/a
sportName,n/a
sportRules,n/a
leagueId,watMu
levelId,n/a
seasonName,n/a
seasonId,n/a
Roster Size,14
Season Games Played,6
Playoff Round Lengths,1,1
END_INFO

SEASON:
Date/Time,Location,Opposing Team,Score,S.O.C.
Mon Jan 19 @ 4:30 pm,Columbia Icefield: Gym 3,SYDE Smash,won 6 - 0,2
Mon Jan 26 @ 6:30 pm,Columbia Icefield: Gym 3,Monday Night Individuals,lost 6 - 3,0
Mon Feb 9 @ 5:30 pm,Columbia Icefield: Gym 3,Monster Zero,won 3 - 6,2
Mon Feb 23 @ 7:30 pm,Columbia Icefield: Gym 3,Manage This!,lost 5 - 4,1
Mon Mar 2 @ 3:30 pm,Columbia Icefield: Gym 3,PMC Epsilon Nets,lost 2 - 7,2
Mon Mar 9 @ 5:30 pm,Columbia Icefield: Gym 3,A-buse-ment Park,lost 0 - 5,0
END_SEASON

PLAYOFFS:
Date/Time,Location,Opposing Team,Score,S.O.C.
Mon Mar 23 @ 5:30 pm,Columbia Icefield: Gym 3,Monster Zero,won 5 - 0,0
Sat Mar 28 @ 2:00 pm,Columbia Icefield: Gym 3,Manage This!,lost 2 - 5,2
END_PLAYOFFS

ROSTER:
Player,Captaincy,uwaterloo_email
Gregory Carr,(C),gcarr@uwaterloo.ca
Kristen Carr,,
Lana Filipic,,
Kimberley Goods,,
Laura Holinaty,,
Devon Huxtable,,
Vlado Jokic,,
Tyler Lowey,,
Annie Micucci,,
Michelle Minvielle,,
William Ngo,,
Fallon Patel,,
Stojana Stanivuk,,
Kassidy Wolfe,,
END_ROSTER
