INFO:
teamName,Duck Dodgers
teamAbbreviation,Duck Dodgers
sportId,n/a
sportName,n/a
sportRules,n/a
leagueId,watMu
levelId,n/a
seasonName,n/a
seasonId,n/a
Roster Size,15
Season Games Played,6
Playoff Round Lengths,1
END_INFO

SEASON:
Date/Time,Location,Opposing Team,Score,S.O.C.
Thu Jan 22 @ 10:30 pm,Columbia Icefield: Gym 3,Awesome,won 5 - 4,2
Tue Jan 27 @ 8:30 pm,Columbia Icefield: Gym 3,The Cleveland Steamers,won 3 - 6,2
Tue Feb 3 @ 9:30 pm,Columbia Icefield: Gym 3,Knowledge Integration,won 1 - 8,2
Mon Feb 9 @ 8:30 pm,Columbia Icefield: Gym 3,The Cleveland Steamers,lost 6 - 2,2
Thu Feb 26 @ 8:30 pm,Columbia Icefield: Gym 3,Prescription For Pain (2x Repeats),won 8 - 1,2
Thu Mar 12 @ 7:30 pm,Columbia Icefield: Gym 3,Elec 13,won 8 - 1,2
END_SEASON

PLAYOFFS:
Date/Time,Location,Opposing Team,Score,S.O.C.
Tue Mar 24 @ 9:30 pm,Columbia Icefield: Gym 3,Off Campus Dodgers,lost 6 - 3,1
END_PLAYOFFS

ROSTER:
Player,Captaincy,uwaterloo_email
Christian De Milleville,(C),joker_244@hotmail.com
Joshua Ashurst,,
Thomas Beckett,,
Amanda Carruthers,,
Amy De La Franier,,
Anthony Defilippis,,
Paul Frankland,,
Sundeep Khandpur,,
Jason Lee,,
Steve Lee,,
Daniel Matzeg,,
Justin Scidmore,,
David Smith,,
Jonathan Thacker,,
Derek Thompson,,
END_ROSTER
