INFO:
teamName,The Dodgers 2
teamAbbreviation,The Dodgers 2
sportId,n/a
sportName,n/a
sportRules,n/a
leagueId,watMu
levelId,n/a
seasonName,n/a
seasonId,n/a
Roster Size,17
Season Games Played,6
Playoff Round Lengths,1
END_INFO

SEASON:
Date/Time,Location,Opposing Team,Score,S.O.C.
Thu Jan 15 @ 5:30 pm,Columbia Icefield: Gym 3,"2 Balls, 1 Catch",won 3 - 4,2
Thu Jan 22 @ 5:30 pm,Columbia Icefield: Gym 3,"2 Balls, 1 Catch",lost 6 - 0,2
Tue Feb 10 @ 5:30 pm,Columbia Icefield: Gym 3,Balls. We got ‘em!,lost 0 - 8,2
Tue Mar 3 @ 5:30 pm,Columbia Icefield: Gym 3,Tiny Yellow Balls III,lost 1 - 8,2
Tue Mar 10 @ 5:30 pm,Columbia Icefield: Gym 3,Haller’s Ballers,lost 1 - 7,1
Thu Mar 12 @ 10:30 pm,Columbia Icefield: Gym 3,Prescription For Pain (2x Repeats),won 5 - 4,2
END_SEASON

PLAYOFFS:
Date/Time,Location,Opposing Team,Score,S.O.C.
Tue Mar 24 @ 5:30 pm,Columbia Icefield: Gym 3,Chem Eng ‘12,lost 5 - 1,1
END_PLAYOFFS

ROSTER:
Player,Captaincy,uwaterloo_email
Carmelina Nucara,(C),c_nucara@hotmail.com
Tara Casier,,
David Chiang,,
Tanya Ertelt,,
Andrew Finkle,,
Kevin Glover-Netherton,,
Nisha Khosla,,
Samantha Labonte,,
Chelsea McIsaac,,
Braedon McKinlay,,
Chan Myae,,
James Pyo,,
Thomas Reiter,,
Andrew Smart,,
Allison Southall,,
Mark Terrana,,
Vinh Van,,
END_ROSTER
