INFO:
teamName,SYDE Smash
teamAbbreviation,SYDE Smash
sportId,n/a
sportName,n/a
sportRules,n/a
leagueId,watMu
levelId,n/a
seasonName,n/a
seasonId,n/a
Roster Size,13
Season Games Played,6
Playoff Round Lengths,1,1
END_INFO

SEASON:
Date/Time,Location,Opposing Team,Score,S.O.C.
Mon Jan 19 @ 4:30 pm,Columbia Icefield: Gym 3,Channel 4 News Team,lost 6 - 0,2
Mon Feb 2 @ 6:30 pm,Columbia Icefield: Gym 3,Monday Night Individuals,lost 8 - 1,1
Tue Feb 10 @ 6:30 pm,Columbia Icefield: Gym 3,Off Campus Dodgers,lost 9 - 0,2
Thu Feb 26 @ 5:30 pm,Columbia Icefield: Gym 3,"2 Balls, 1 Catch",lost 5 - 4,2
Sat Mar 7 @ 4:00 pm,Columbia Icefield: Gym 3,Saturday Night Individuals,won 0 - 5,avg.
Thu Mar 12 @ 5:30 pm,Columbia Icefield: Gym 3,Awesome,lost 4 - 3,2
END_SEASON

PLAYOFFS:
Date/Time,Location,Opposing Team,Score,S.O.C.
Sat Mar 21 @ 3:00 pm,Columbia Icefield: Gym 3,G-SYS FTW,won 5 - 0,0
Sat Mar 28 @ 10:00 am,Columbia Icefield: Gym 3,Haller’s Ballers,lost 2 - 5,2
END_PLAYOFFS

ROSTER:
Player,Captaincy,uwaterloo_email
Rabia Aslam,(C),rabii99@hotmail.com
Kyle Aziz,,
Matthew Gingerich,,
Shahid Haider,,
Liberty Hoekstra-Atwood,,
Raymond Holganza,,
Roger Kovessy,,
Chun Lee,,
Amanda Sutanto,,
Benjamin Tan,,
Mohan Thomas,,
Yiling Wang,,
Christopher Wu,,
END_ROSTER
