INFO:
teamName,Tiny Yellow Balls III
teamAbbreviation,Tiny Yellow Balls III
sportId,n/a
sportName,n/a
sportRules,n/a
leagueId,watMu
levelId,n/a
seasonName,n/a
seasonId,n/a
Roster Size,15
Season Games Played,6
Playoff Round Lengths,1,1
END_INFO

SEASON:
Date/Time,Location,Opposing Team,Score,S.O.C.
Thu Jan 15 @ 7:30 pm,Columbia Icefield: Gym 3,Afternoon Delight,won 4 - 5,2
Sat Jan 24 @ 11:00 am,Columbia Icefield: Gym 3,Balls of Fury,won 9 - 0,2
Thu Jan 29 @ 8:30 pm,Columbia Icefield: Gym 3,Afternoon Delight,won 0 - 7,2
Sat Jan 31 @ 2:00 pm,Columbia Icefield: Gym 3,Dons with Balls,lost 3 - 6,2
Mon Feb 23 @ 4:30 pm,Columbia Icefield: Gym 3,G-SYS FTW,won 0 - 9,1
Tue Mar 3 @ 5:30 pm,Columbia Icefield: Gym 3,The Dodgers 2,won 1 - 8,2
END_SEASON

PLAYOFFS:
Date/Time,Location,Opposing Team,Score,S.O.C.
Sat Mar 21 @ 6:00 pm,Columbia Icefield: Gym 3,Dodge our Balls,won 3 - 5,1
Tue Mar 31 @ 9:30 pm,Columbia Icefield: Gym 3,The Swinderby Experience,lost 3 - 5,2
END_PLAYOFFS

ROSTER:
Player,Captaincy,uwaterloo_email
Igor Lilic,(C),ililic@uwaterloo.ca
Artem Avdacev,,
Michael Bender,,
Karen Holland,,
Jeffrey Huff,,
Ugo Landry-Tolszczuk,,
Michael Lattanzio,,
Alexander Lawson,,
Daniel Legg,,
Jaroslaw Majtyka,,
Colin McCrea,,
Carla Newcombe,,
Scott Steeg,,
Ryan Westlake,,
Jeffrey Whiteside,,
END_ROSTER
