INFO:
teamName,Dodge This!
teamAbbreviation,Dodge This!
sportId,n/a
sportName,n/a
sportRules,n/a
leagueId,watMu
levelId,n/a
seasonName,n/a
seasonId,n/a
Roster Size,24
Season Games Played,6
Playoff Round Lengths,1,1,1
END_INFO

SEASON:
Date/Time,Location,Opposing Team,Score,S.O.C.
Sat Jan 24 @ 2:00 pm,Columbia Icefield: Gym 3,Penguins,won 8 - 1,0
Thu Feb 26 @ 9:30 pm,Columbia Icefield: Gym 3,Penguins,won 9 - 0,2
Sat Mar 7 @ 2:00 pm,Columbia Icefield: Gym 3,Randy Dandy Cotton Candy,lost 4 - 5,2
Mon Mar 9 @ 9:30 pm,Columbia Icefield: Gym 3,Target Practice,won 6 - 3,2
Tue Mar 10 @ 8:30 pm,Columbia Icefield: Gym 3,Bon Grip,won 4 - 5,2
Thu Mar 12 @ 6:30 pm,Columbia Icefield: Gym 3,Target Practice,won 8 - 1,2
END_SEASON

PLAYOFFS:
Date/Time,Location,Opposing Team,Score,S.O.C.
Mon Mar 23 @ 9:30 pm,Columbia Icefield: Gym 3,The Cleveland Steamers,won 5 - 4,2
Tue Mar 31 @ 7:30 pm,Columbia Icefield: Gym 3,Bon Grip,won 4 - 5,2
Thu Apr 2 @ 7:30 pm,Columbia Icefield: Gym 3,Prancing Ponies,lost 2 - 5,2
END_PLAYOFFS

ROSTER:
Player,Captaincy,uwaterloo_email
Jon Hollinger,(C),jholling@uwaterloo.ca
Matthew Badali,,
Amanda Bongers,,
Ian Cole,,
Robert Corrigall,,
Colleen Doyle,,
Samuel Fooks,,
April Innes,,
Adam Kafal,,
Katarzyna Karpinska-Leydier,,
Nikko Kroetsch,,
Koleta Kwiecien,,
Alice Lee,,
Vi Ngo,,
Kristina Somerville,,
Jeffery Sparks,,
Jeffery Sparks,,
Sabrina Stanley,,
Ryan Toman,,
Mathew Vanzant,,
Bruce Watling,,
Danielle Weber-Adrian,,
Thomas Wickens,,
Zackery Williams,,
END_ROSTER
