INFO:
teamName,Monster Zero
teamAbbreviation,Monster Zero
sportId,n/a
sportName,n/a
sportRules,n/a
leagueId,watMu
levelId,n/a
seasonName,n/a
seasonId,n/a
Roster Size,14
Season Games Played,6
Playoff Round Lengths,1
END_INFO

SEASON:
Date/Time,Location,Opposing Team,Score,S.O.C.
Sat Jan 17 @ 12:00 pm,Columbia Icefield: Gym 3,Globex Corporation,lost 0 - 6,2
Mon Jan 19 @ 5:30 pm,Columbia Icefield: Gym 3,PMC Epsilon Nets,lost 1 - 8,2
Sat Jan 31 @ 12:00 pm,Columbia Icefield: Gym 3,Globex Corporation,lost 2 - 7,2
Tue Feb 3 @ 5:30 pm,Columbia Icefield: Gym 3,Banana Time,won 5 - 4,2
Mon Feb 9 @ 5:30 pm,Columbia Icefield: Gym 3,Channel 4 News Team,lost 3 - 6,2
Sat Feb 28 @ 12:00 pm,Columbia Icefield: Gym 3,Euchre...I Hardly Knew her,lost 8 - 1,2
END_SEASON

PLAYOFFS:
Date/Time,Location,Opposing Team,Score,S.O.C.
Mon Mar 23 @ 5:30 pm,Columbia Icefield: Gym 3,Channel 4 News Team,lost 5 - 0,-2
END_PLAYOFFS

ROSTER:
Player,Captaincy,uwaterloo_email
Dylan Dunstall,(C),dylandunstall@hotmail.com
Roshan Cherian,,
Anthony Eneremadu,,
Alexander Harris,,
Tasfin Jalal,,
Michael Johnston,,
Ryan Lee,,
Omid Mortazavi,,
Alan Partridge,,
Curtis Robinson,,
Mohammad Siddiqi,,
Joshua Svirk,,
Amber Visser,,
Lawrence Williams,,
END_ROSTER
