INFO:
teamName,Penguins
teamAbbreviation,Penguins
sportId,n/a
sportName,n/a
sportRules,n/a
leagueId,watMu
levelId,n/a
seasonName,n/a
seasonId,n/a
Roster Size,17
Season Games Played,6
Playoff Round Lengths,1
END_INFO

SEASON:
Date/Time,Location,Opposing Team,Score,S.O.C.
Sat Jan 24 @ 2:00 pm,Columbia Icefield: Gym 3,Dodge This!,lost 8 - 1,0
Sat Jan 31 @ 4:00 pm,Columbia Icefield: Gym 3,Target Practice,won 2 - 7,1
Sat Feb 7 @ 2:00 pm,Columbia Icefield: Gym 3,Randy Dandy Cotton Candy,lost 4 - 5,1
Thu Feb 26 @ 9:30 pm,Columbia Icefield: Gym 3,Dodge This!,lost 9 - 0,1
Sat Feb 28 @ 3:00 pm,Columbia Icefield: Gym 3,Target Practice,lost 5 - 3,2
Sat Mar 7 @ 3:00 pm,Columbia Icefield: Gym 3,Target Practice,won 4 - 5,2
END_SEASON

PLAYOFFS:
Date/Time,Location,Opposing Team,Score,S.O.C.
Tue Mar 24 @ 6:30 pm,Columbia Icefield: Gym 3,Afternoon Delight,lost 2 - 5,1
END_PLAYOFFS

ROSTER:
Player,Captaincy,uwaterloo_email
Sebastian Hsieh,(C),u2sebastian@hotmail.com
Elliot Abraham,,
Leonardo Alvarino,,
David Barron,,
Lei Fu,,
Derek Hsueh,,
Derek Hsueh,,
Areeb Khan,,
Ryan Khatter,,
Spencer Moore,,
Maryia Samartsava,,
Hyungtaek Sau,,
Stephanie Sinclair,,
Thomas So,,
Mathew Spitz,,
Lien-Chung Sun,,
Calvin Yip,,
END_ROSTER
