INFO:
teamName,Balls of Fury
teamAbbreviation,Balls of Fury
sportId,n/a
sportName,n/a
sportRules,n/a
leagueId,watMu
levelId,n/a
seasonName,n/a
seasonId,n/a
Roster Size,18
Season Games Played,6
Playoff Round Lengths,1
END_INFO

SEASON:
Date/Time,Location,Opposing Team,Score,S.O.C.
Sat Jan 24 @ 11:00 am,Columbia Icefield: Gym 3,Tiny Yellow Balls III,lost 9 - 0,2
Sat Jan 24 @ 3:00 pm,Columbia Icefield: Gym 3,Bon Grip,lost 4 - 5,2
Sat Jan 31 @ 1:00 pm,Columbia Icefield: Gym 3,Afternoon Delight,lost 5 - 4,2
Sat Feb 7 @ 1:00 pm,Columbia Icefield: Gym 3,Bon Grip,lost 3 - 5,2
Sat Feb 28 @ 2:00 pm,Columbia Icefield: Gym 3,Dons with Balls,lost 4 - 5,1
Sat Mar 7 @ 1:00 pm,Columbia Icefield: Gym 3,Dons with Balls,lost 1 - 8,2
END_SEASON

PLAYOFFS:
Date/Time,Location,Opposing Team,Score,S.O.C.
Sat Mar 21 @ 4:00 pm,Columbia Icefield: Gym 3,Target Practice,lost 5 - 3,1
END_PLAYOFFS

ROSTER:
Player,Captaincy,uwaterloo_email
Andrew Palmer,(C),apalmer_189@hotmail.com
Daniel Baldissera,,
John Brady,,
Oleksi Derkatch,,
Kenneth Grondin,,
Alex Keursten,,
Elizabeth Krol,,
Joseph Lin,,
Vanessa Low,,
Michael Mak,,
Jesse McGinnis,,
Carl Moraes,,
Jocelin On,,
Michael Overmeyer,,
Jenna Rak,,
Karlee Schneider,,
Corey St-Laurent,,
Kieran Young,,
END_ROSTER
