INFO:
teamName,Elec 13
teamAbbreviation,Elec 13
sportId,n/a
sportName,n/a
sportRules,n/a
leagueId,watMu
levelId,n/a
seasonName,n/a
seasonId,n/a
Roster Size,15
Season Games Played,6
Playoff Round Lengths,1
END_INFO

SEASON:
Date/Time,Location,Opposing Team,Score,S.O.C.
Tue Jan 20 @ 6:30 pm,Columbia Icefield: Gym 3,The Tauler Tower,lost 9 - 0,2
Sat Jan 24 @ 6:00 pm,Columbia Icefield: Gym 3,Saturday Night Individuals,lost 9 - 0,2
Tue Feb 3 @ 6:30 pm,Columbia Icefield: Gym 3,Off Campus Dodgers,lost 5 - 3,2
Thu Feb 12 @ 5:30 pm,Columbia Icefield: Gym 3,"2 Balls, 1 Catch",won 4 - 5,2
Sat Feb 28 @ 10:00 am,Columbia Icefield: Gym 3,Dodge our Balls,lost 7 - 2,2
Thu Mar 12 @ 7:30 pm,Columbia Icefield: Gym 3,Duck Dodgers,lost 8 - 1,2
END_SEASON

PLAYOFFS:
Date/Time,Location,Opposing Team,Score,S.O.C.
Sat Mar 28 @ 1:00 pm,Columbia Icefield: Gym 3,Manage This!,lost 4 - 3,2
END_PLAYOFFS

ROSTER:
Player,Captaincy,uwaterloo_email
Hycem Bahgat,(C),hycem@me.com
Ali Ali Mahmoud,,
Shiva Bhardwaj,,
Ahmed El Khatib,,
Jessie Hsu,,
Omar Khamissa,,
Thebenyana Parsons,,
Imtiaz Rashid,,
Thenusan Selvarajah,,
Hussain Sharif,,
Raymond Su,,
Adwan Syed,,
Andrew Thongsack,,
Malcolm Vincent,,
Jielun Wang,,
END_ROSTER
