INFO:
teamName,Dodge our Balls
teamAbbreviation,Dodge our Balls
sportId,n/a
sportName,n/a
sportRules,n/a
leagueId,watMu
levelId,n/a
seasonName,n/a
seasonId,n/a
Roster Size,16
Season Games Played,6
Playoff Round Lengths,1
END_INFO

SEASON:
Date/Time,Location,Opposing Team,Score,S.O.C.
Sat Jan 17 @ 10:00 am,Columbia Icefield: Gym 3,Awesome,won 7 - 1,2
Sat Jan 24 @ 10:00 am,Columbia Icefield: Gym 3,Balls. We got ‘em!,won 1 - 8,2
Sat Jan 31 @ 5:00 pm,Columbia Icefield: Gym 3,Saturday Night Individuals,won 4 - 5,2
Sat Feb 7 @ 10:00 am,Columbia Icefield: Gym 3,Awesome,won 7 - 2,2
Sat Feb 28 @ 10:00 am,Columbia Icefield: Gym 3,Elec 13,won 7 - 2,2
Sat Mar 7 @ 11:00 am,Columbia Icefield: Gym 3,Euchre...I Hardly Knew her,won 8 - 1,2
END_SEASON

PLAYOFFS:
Date/Time,Location,Opposing Team,Score,S.O.C.
Sat Mar 21 @ 6:00 pm,Columbia Icefield: Gym 3,Tiny Yellow Balls III,lost 3 - 5,1
END_PLAYOFFS

ROSTER:
Player,Captaincy,uwaterloo_email
Douglas Alguire,(C),dalguire@uwaterloo.ca
Derek Buursma,,
Matthew Daly,,
Brendon Freeman,,
Kevin Jepson,,
Michelle Kan,,
Michael Kim,,
Garrett Knight,,
Christopher Liu,,
Ian McGill,,
Matthew McLean,,
Mathieu Poirier,,
Michael Saccoccia,,
Steven Sandercott,,
Catherine Taylor,,
Gary Wong,,
END_ROSTER
