INFO:
teamName,PMC Epsilon Nets
teamAbbreviation,PMC Epsilon Nets
sportId,n/a
sportName,n/a
sportRules,n/a
leagueId,watMu
levelId,n/a
seasonName,n/a
seasonId,n/a
Roster Size,13
Season Games Played,6
Playoff Round Lengths,1,1
END_INFO

SEASON:
Date/Time,Location,Opposing Team,Score,S.O.C.
Sat Jan 17 @ 2:00 pm,Columbia Icefield: Gym 3,Banana Time,won 0 - 7,2
Mon Jan 19 @ 5:30 pm,Columbia Icefield: Gym 3,Monster Zero,won 1 - 8,2
Thu Jan 29 @ 9:30 pm,Columbia Icefield: Gym 3,Industrious Organizers,won 3 - 5,2
Sat Feb 7 @ 12:00 pm,Columbia Icefield: Gym 3,Globex Corporation,won 0 - 9,2
Mon Mar 2 @ 3:30 pm,Columbia Icefield: Gym 3,Channel 4 News Team,won 2 - 7,2
Tue Mar 10 @ 4:30 pm,Columbia Icefield: Gym 3,Industrious Organizers,won 2 - 7,1
END_SEASON

PLAYOFFS:
Date/Time,Location,Opposing Team,Score,S.O.C.
Mon Mar 23 @ 4:30 pm,Columbia Icefield: Gym 3,The Tauler Tower,won 5 - 3,2
Tue Mar 31 @ 10:30 pm,Columbia Icefield: Gym 3,Off Campus Dodgers,lost 3 - 5,2
END_PLAYOFFS

ROSTER:
Player,Captaincy,uwaterloo_email
Alexander Festeryga,(C),festerygaa@hotmail.com
Vincent Chan,,
Aaron Dos Remedios,,
Amanda Hart,,
David Kotik,,
Kirill Levin,,
Yifan Li,,
Mary McDonald,,
Michael Muzzerall,,
Yang Peng,,
Yi Su,,
Paul Timmer,,
Eeshan Wagh,,
END_ROSTER
