INFO:
teamName,Monday Night Individuals
teamAbbreviation,Monday Night Individuals
sportId,n/a
sportName,n/a
sportRules,n/a
leagueId,watMu
levelId,n/a
seasonName,n/a
seasonId,n/a
Roster Size,10
Season Games Played,6
Playoff Round Lengths,1
END_INFO

SEASON:
Date/Time,Location,Opposing Team,Score,S.O.C.
Mon Jan 19 @ 6:30 pm,Columbia Icefield: Gym 3,Manage This!,won 8 - 0,2
Mon Jan 26 @ 6:30 pm,Columbia Icefield: Gym 3,Channel 4 News Team,won 6 - 3,0
Mon Feb 2 @ 6:30 pm,Columbia Icefield: Gym 3,SYDE Smash,won 8 - 1,1
Mon Feb 9 @ 6:30 pm,Columbia Icefield: Gym 3,Knowledge Integration,won 7 - 1,1
Mon Feb 23 @ 6:30 pm,Columbia Icefield: Gym 3,Afternoon Delight,won 8 - 1,2
Mon Mar 2 @ 6:30 pm,Columbia Icefield: Gym 3,A-buse-ment Park,won 5 - 0,avg.
END_SEASON

PLAYOFFS:
Date/Time,Location,Opposing Team,Score,S.O.C.
Sat Mar 28 @ 6:00 pm,Columbia Icefield: Gym 3,The Swinderby Experience,lost 0 - 5,-2
END_PLAYOFFS

ROSTER:
Player,Captaincy,uwaterloo_email
Dorian Ferreira,,
Vikaas Khullar,,
Andrew Mallon,,
Adrian Marks,,
Paul Nowosielski,,
Andrew Rodda,,
Bryson Seed,,
Ian Smith,,
David Teixeira,,
Jonathan Vermette,,
END_ROSTER
