INFO:
teamName,Saturday Night Individuals
teamAbbreviation,Saturday Night Individuals
sportId,n/a
sportName,n/a
sportRules,n/a
leagueId,watMu
levelId,n/a
seasonName,n/a
seasonId,n/a
Roster Size,11
Season Games Played,6
Playoff Round Lengths,1,1
END_INFO

SEASON:
Date/Time,Location,Opposing Team,Score,S.O.C.
Sat Jan 17 @ 4:00 pm,Columbia Icefield: Gym 3,Balls. We got ‘em!,won 5 - 4,2
Sat Jan 24 @ 6:00 pm,Columbia Icefield: Gym 3,Elec 13,won 9 - 0,2
Sat Jan 31 @ 5:00 pm,Columbia Icefield: Gym 3,Dodge our Balls,lost 4 - 5,2
Sat Feb 7 @ 4:00 pm,Columbia Icefield: Gym 3,Prescription For Pain (2x Repeats),won 9 - 0,2
Sat Feb 28 @ 5:00 pm,Columbia Icefield: Gym 3,Balls. We got ‘em!,tie 4 - 4,2
Sat Mar 7 @ 4:00 pm,Columbia Icefield: Gym 3,SYDE Smash,lost 0 - 5,-2
END_SEASON

PLAYOFFS:
Date/Time,Location,Opposing Team,Score,S.O.C.
Sat Mar 21 @ 5:00 pm,Columbia Icefield: Gym 3,Incredi-Balls,won 4 - 5,2
Sat Mar 28 @ 3:00 pm,Columbia Icefield: Gym 3,Chem Eng ‘12,lost 3 - 5,1
END_PLAYOFFS

ROSTER:
Player,Captaincy,uwaterloo_email
Mathew Biskup,,
Thomas Biskup,,
Bobby Choi,,
Wing-Hei Klint Fung,,
Joon Kang,,
Ryota Mine,,
Namish Modi,,
Sang Nguyen,,
Samantha Rahman,,
Scott Reid,,
Wai Yeung,,
END_ROSTER
