Boston Bruins,BOS,nhl
1967-68,1968
24
74
4
GP,Date,Time,Location,Opponent,GF,GA,Result,Game Ended In,W,L,T,Streak
1,1967-10-11,time unavailable,H,Detroit Red Wings,4,4,T,REG,0,0,1,T 1
2,1967-10-15,time unavailable,H,Montreal Canadiens,6,2,W,REG,1,0,1,W 1
3,1967-10-18,time unavailable,@,Chicago Black Hawks,7,1,W,REG,2,0,1,W 2
4,1967-10-19,time unavailable,@,Detroit Red Wings,6,3,W,REG,3,0,1,W 3
5,1967-10-21,time unavailable,@,Montreal Canadiens,2,4,L,REG,3,1,1,L 1
6,1967-10-26,time unavailable,H,Los Angeles Kings,2,0,W,REG,4,1,1,W 1
7,1967-10-29,time unavailable,H,Pittsburgh Penguins,4,2,W,REG,5,1,1,W 2
8,1967-11-01,time unavailable,@,St. Louis Blues,1,5,L,REG,5,2,1,L 1
9,1967-11-05,time unavailable,H,Toronto Maple Leafs,2,2,T,REG,5,2,2,T 1
10,1967-11-08,time unavailable,@,New York Rangers,6,3,W,REG,6,2,2,W 1
11,1967-11-11,time unavailable,H,Oakland Seals,2,1,W,REG,7,2,2,W 2
12,1967-11-12,time unavailable,H,Philadelphia Flyers,2,4,L,REG,7,3,2,L 1
13,1967-11-15,time unavailable,@,Toronto Maple Leafs,2,4,L,REG,7,4,2,L 2
14,1967-11-18,time unavailable,H,New York Rangers,3,1,W,REG,8,4,2,W 1
15,1967-11-19,time unavailable,H,Toronto Maple Leafs,6,2,W,REG,9,4,2,W 2
16,1967-11-22,time unavailable,@,Pittsburgh Penguins,1,4,L,REG,9,5,2,L 1
17,1967-11-23,time unavailable,H,New York Rangers,4,2,W,REG,10,5,2,W 1
18,1967-11-25,time unavailable,@,Montreal Canadiens,3,1,W,REG,11,5,2,W 2
19,1967-11-26,time unavailable,H,Detroit Red Wings,7,5,W,REG,12,5,2,W 3
20,1967-11-29,time unavailable,H,Minnesota North Stars,5,1,W,REG,13,5,2,W 4
21,1967-12-02,time unavailable,H,Chicago Black Hawks,4,4,T,REG,13,5,3,T 1
22,1967-12-03,time unavailable,H,Montreal Canadiens,5,3,W,REG,14,5,3,W 1
23,1967-12-07,time unavailable,H,New York Rangers,3,1,W,REG,15,5,3,W 2
24,1967-12-09,time unavailable,@,Toronto Maple Leafs,3,3,T,REG,15,5,4,T 1
25,1967-12-10,time unavailable,H,Los Angeles Kings,1,3,L,REG,15,6,4,L 1
26,1967-12-13,time unavailable,H,Montreal Canadiens,2,6,L,REG,15,7,4,L 2
27,1967-12-15,time unavailable,@,Oakland Seals,1,4,L,REG,15,8,4,L 3
28,1967-12-16,time unavailable,@,Los Angeles Kings,5,2,W,REG,16,8,4,W 1
29,1967-12-20,time unavailable,@,Chicago Black Hawks,3,6,L,REG,16,9,4,L 1
30,1967-12-23,time unavailable,@,New York Rangers,4,0,W,REG,17,9,4,W 1
31,1967-12-25,time unavailable,H,Oakland Seals,6,3,W,REG,18,9,4,W 2
32,1967-12-27,time unavailable,H,Chicago Black Hawks,7,2,W,REG,19,9,4,W 3
33,1967-12-30,time unavailable,@,Minnesota North Stars,4,5,L,REG,19,10,4,L 1
34,1967-12-31,time unavailable,@,Detroit Red Wings,4,6,L,REG,19,11,4,L 2
35,1968-01-03,time unavailable,@,New York Rangers,5,5,T,REG,19,11,5,T 1
36,1968-01-04,time unavailable,@,Philadelphia Flyers,3,2,W,REG,20,11,5,W 1
37,1968-01-06,time unavailable,@,Toronto Maple Leafs,3,3,T,REG,20,11,6,T 1
38,1968-01-07,time unavailable,@,Chicago Black Hawks,2,4,L,REG,20,12,6,L 1
39,1968-01-11,time unavailable,H,Detroit Red Wings,5,4,W,REG,21,12,6,W 1
40,1968-01-13,time unavailable,@,Montreal Canadiens,1,5,L,REG,21,13,6,L 1
41,1968-01-14,time unavailable,H,Minnesota North Stars,9,2,W,REG,22,13,6,W 1
42,1968-01-18,time unavailable,H,Toronto Maple Leafs,2,4,L,REG,22,14,6,L 1
43,1968-01-20,time unavailable,H,Philadelphia Flyers,4,2,W,REG,23,14,6,W 1
44,1968-01-21,time unavailable,H,Chicago Black Hawks,6,0,W,REG,24,14,6,W 2
45,1968-01-24,time unavailable,@,New York Rangers,1,2,L,REG,24,15,6,L 1
46,1968-01-25,time unavailable,H,Montreal Canadiens,0,2,L,REG,24,16,6,L 2
47,1968-01-27,time unavailable,@,Montreal Canadiens,2,5,L,REG,24,17,6,L 3
48,1968-01-28,time unavailable,H,Pittsburgh Penguins,0,1,L,REG,24,18,6,L 4
49,1968-02-01,time unavailable,H,Chicago Black Hawks,4,4,T,REG,24,18,7,T 1
50,1968-02-03,time unavailable,H,New York Rangers,3,3,T,REG,24,18,8,T 2
51,1968-02-04,time unavailable,H,Detroit Red Wings,5,4,W,REG,25,18,8,W 1
52,1968-02-07,time unavailable,@,St. Louis Blues,6,4,W,REG,26,18,8,W 2
53,1968-02-10,time unavailable,@,Detroit Red Wings,1,1,T,REG,26,18,9,T 1
54,1968-02-11,time unavailable,H,St. Louis Blues,3,3,T,REG,26,18,10,T 2
55,1968-02-14,time unavailable,@,Chicago Black Hawks,1,3,L,REG,26,19,10,L 1
56,1968-02-17,time unavailable,@,Oakland Seals,1,3,L,REG,26,20,10,L 2
57,1968-02-18,time unavailable,@,Los Angeles Kings,6,5,W,REG,27,20,10,W 1
58,1968-02-21,time unavailable,@,Minnesota North Stars,3,5,L,REG,27,21,10,L 1
59,1968-02-22,time unavailable,@,Detroit Red Wings,3,2,W,REG,28,21,10,W 1
60,1968-02-24,time unavailable,@,Toronto Maple Leafs,0,1,L,REG,28,22,10,L 1
61,1968-02-27,time unavailable,@,Pittsburgh Penguins,5,3,W,REG,29,22,10,W 1
62,1968-02-29,time unavailable,H,Toronto Maple Leafs,4,1,W,REG,30,22,10,W 2
63,1968-03-03,time unavailable,H,St. Louis Blues,9,3,W,REG,31,22,10,W 3
64,1968-03-06,time unavailable,@,Chicago Black Hawks,5,3,W,REG,32,22,10,W 4
65,1968-03-07,time unavailable,@,Philadelphia Flyers,2,1,W,REG,33,22,10,W 5
66,1968-03-10,time unavailable,H,Detroit Red Wings,5,7,L,REG,33,23,10,L 1
67,1968-03-13,time unavailable,@,New York Rangers,2,1,W,REG,34,23,10,W 1
68,1968-03-16,time unavailable,@,Toronto Maple Leafs,0,3,L,REG,34,24,10,L 1
69,1968-03-17,time unavailable,H,Montreal Canadiens,3,1,W,REG,35,24,10,W 1
70,1968-03-21,time unavailable,H,Chicago Black Hawks,8,0,W,REG,36,24,10,W 2
71,1968-03-24,time unavailable,@,Detroit Red Wings,3,5,L,REG,36,25,10,L 1
72,1968-03-28,time unavailable,H,New York Rangers,4,5,L,REG,36,26,10,L 2
73,1968-03-30,time unavailable,@,Montreal Canadiens,2,1,W,REG,37,26,10,W 1
74,1968-03-31,time unavailable,H,Toronto Maple Leafs,1,4,L,REG,37,27,10,L 1

GP,Date,Time,Location,Opponent,GF,GA,Result,Game Ended In,W,L,T,Streak
1,1968-04-04,time unavailable,@,Montreal Canadiens,1,2,L,REG,0,1,0,L 1
2,1968-04-06,time unavailable,@,Montreal Canadiens,3,5,L,REG,0,2,0,L 2
3,1968-04-09,time unavailable,H,Montreal Canadiens,2,5,L,REG,0,3,0,L 3
4,1968-04-11,time unavailable,H,Montreal Canadiens,2,3,L,REG,0,4,0,L 4

John Arbour,,27,D,22,5-11,195,L/-,1,"September 28, 1945",ca,"0 G, 1 A, 1 P"
Don Awrey,,26,D,24,6-0,175,L/-,4,"July 18, 1943",ca,"3 G, 12 A, 15 P"
John Bucyk,,9,LW,32,6-0,215,L/-,12,"May 12, 1935",ca,"30 G, 39 A, 69 P"
Wayne Cashman,,12,LW,22,6-1,208,R/-,1,"June 24, 1945",ca,"0 G, 4 A, 4 P"
Gerry Cheevers,,31,G,27,5-11,185,-/L,3,"December 7, 1940",ca,"23-17-5, 2.83 GAA"
Gary Doak,,25,D,21,5-11,175,R/-,2,"February 26, 1946",ca,"2 G, 10 A, 12 P"
Phil Esposito,,7,C,25,6-1,205,L/-,4,"February 20, 1942",ca,"35 G, 49 A, 84 P"
Barry Gibbs,,24,D,19,5-11,195,R/-,R,"September 28, 1948",ca,"0 G, 0 A, 0 P"
Andre Gill,,30,G,26,5-7,145,-/L,R,"September 19, 1941",ca,"3-2-0, 2.89 GAA"
Ted Green,,6,D,27,5-10,200,R/-,7,"March 23, 1940",ca,"7 G, 36 A, 43 P"
Ken Hodge,,8,RW,23,6-2,210,R/-,3,"June 25, 1944",gb,"25 G, 31 A, 56 P"
Eddie Johnston,,1,G,32,6-0,190,-/L,5,"November 24, 1935",ca,"11-8-5, 2.87 GAA"
Skip Krake,,21,C,24,5-11,170,R/-,3,"October 14, 1943",ca,"5 G, 7 A, 12 P"
Ross Lonsberry,,29,LW,20,5-11,195,L/-,1,"February 7, 1947",ca,"2 G, 2 A, 4 P"
John McKenzie,,19,RW,30,5-9,175,R/-,7,"December 12, 1937",ca,"28 G, 38 A, 66 P"
Ron Murphy,,28,LW,34,5-11,185,L/-,15,"April 10, 1933",ca,"0 G, 1 A, 1 P"
Bobby Orr,,4,D,19,6-0,197,L/-,1,"March 20, 1948",ca,"11 G, 20 A, 31 P"
Derek Sanderson,,16,C,21,6-0,185,L/-,2,"June 16, 1946",ca,"24 G, 25 A, 49 P"
Glen Sather,,14,LW,24,5-11,180,L/-,1,"September 2, 1943",ca,"8 G, 12 A, 20 P"
Eddie Shack,,23,LW,30,6-1,200,L/-,9,"February 11, 1937",ca,"23 G, 19 A, 42 P"
Dallas Smith,,20,D,26,5-11,180,L/-,5,"October 10, 1941",ca,"4 G, 23 A, 27 P"
Fred Stanfield,,17,C,23,5-10,185,L/-,3,"May 4, 1944",ca,"20 G, 44 A, 64 P"
Ed Westfall,,18,RW,27,6-1,197,R/-,6,"September 19, 1940",ca,"14 G, 22 A, 36 P"
Tommy Williams,,11,RW,27,5-11,180,R/-,6,"April 17, 1940",us,"18 G, 32 A, 50 P"
