Detroit Red Wings,DET,nhl
1967-68,1968
37
74
0
GP,Date,Time,Location,Opponent,GF,GA,Result,Game Ended In,W,L,T,Streak
1,1967-10-11,time unavailable,@,Boston Bruins,4,4,T,REG,0,0,1,T 1
2,1967-10-14,time unavailable,@,Montreal Canadiens,2,6,L,REG,0,1,1,L 1
3,1967-10-15,time unavailable,H,New York Rangers,3,2,W,REG,1,1,1,W 1
4,1967-10-18,time unavailable,@,Toronto Maple Leafs,3,2,W,REG,2,1,1,W 2
5,1967-10-19,time unavailable,H,Boston Bruins,3,6,L,REG,2,2,1,L 1
6,1967-10-22,time unavailable,H,St. Louis Blues,1,0,W,REG,3,2,1,W 1
7,1967-10-26,time unavailable,H,Oakland Seals,8,2,W,REG,4,2,1,W 2
8,1967-10-28,time unavailable,@,Philadelphia Flyers,3,1,W,REG,5,2,1,W 3
9,1967-10-29,time unavailable,H,Chicago Black Hawks,5,1,W,REG,6,2,1,W 4
10,1967-11-02,time unavailable,H,Toronto Maple Leafs,3,9,L,REG,6,3,1,L 1
11,1967-11-04,time unavailable,@,St. Louis Blues,2,3,L,REG,6,4,1,L 2
12,1967-11-05,time unavailable,H,Los Angeles Kings,4,6,L,REG,6,5,1,L 3
13,1967-11-09,time unavailable,H,Pittsburgh Penguins,5,1,W,REG,7,5,1,W 1
14,1967-11-12,time unavailable,H,Montreal Canadiens,3,1,W,REG,8,5,1,W 2
15,1967-11-16,time unavailable,@,Oakland Seals,1,1,T,REG,8,5,2,T 1
16,1967-11-17,time unavailable,@,Los Angeles Kings,4,1,W,REG,9,5,2,W 1
17,1967-11-19,time unavailable,@,Chicago Black Hawks,2,2,T,REG,9,5,3,T 1
18,1967-11-22,time unavailable,@,Philadelphia Flyers,2,4,L,REG,9,6,3,L 1
19,1967-11-25,time unavailable,@,Toronto Maple Leafs,2,3,L,REG,9,7,3,L 2
20,1967-11-26,time unavailable,@,Boston Bruins,5,7,L,REG,9,8,3,L 3
21,1967-11-29,time unavailable,@,New York Rangers,3,1,W,REG,10,8,3,W 1
22,1967-11-30,time unavailable,H,Toronto Maple Leafs,3,3,T,REG,10,8,4,T 1
23,1967-12-03,time unavailable,H,Pittsburgh Penguins,6,1,W,REG,11,8,4,W 1
24,1967-12-06,time unavailable,@,New York Rangers,3,3,T,REG,11,8,5,T 1
25,1967-12-07,time unavailable,@,Montreal Canadiens,2,2,T,REG,11,8,6,T 2
26,1967-12-09,time unavailable,H,New York Rangers,3,2,W,REG,12,8,6,W 1
27,1967-12-14,time unavailable,H,Chicago Black Hawks,1,3,L,REG,12,9,6,L 1
28,1967-12-16,time unavailable,@,Montreal Canadiens,3,4,L,REG,12,10,6,L 2
29,1967-12-17,time unavailable,H,Montreal Canadiens,8,6,W,REG,13,10,6,W 1
30,1967-12-20,time unavailable,@,New York Rangers,0,2,L,REG,13,11,6,L 1
31,1967-12-23,time unavailable,@,Toronto Maple Leafs,3,5,L,REG,13,12,6,L 2
32,1967-12-25,time unavailable,H,Toronto Maple Leafs,1,3,L,REG,13,13,6,L 3
33,1967-12-28,time unavailable,H,Philadelphia Flyers,5,3,W,REG,14,13,6,W 1
34,1967-12-30,time unavailable,@,Pittsburgh Penguins,5,2,W,REG,15,13,6,W 2
35,1967-12-31,time unavailable,H,Boston Bruins,6,4,W,REG,16,13,6,W 3
36,1968-01-04,time unavailable,H,Oakland Seals,9,3,W,REG,17,13,6,W 4
37,1968-01-06,time unavailable,@,Chicago Black Hawks,2,6,L,REG,17,14,6,L 1
38,1968-01-07,time unavailable,H,Montreal Canadiens,3,4,L,REG,17,15,6,L 2
39,1968-01-10,time unavailable,@,Toronto Maple Leafs,1,2,L,REG,17,16,6,L 3
40,1968-01-11,time unavailable,@,Boston Bruins,4,5,L,REG,17,17,6,L 4
41,1968-01-13,time unavailable,H,Chicago Black Hawks,4,4,T,REG,17,17,7,T 1
42,1968-01-17,time unavailable,@,Montreal Canadiens,1,6,L,REG,17,18,7,L 1
43,1968-01-20,time unavailable,@,Pittsburgh Penguins,5,8,L,REG,17,19,7,L 2
44,1968-01-21,time unavailable,H,Toronto Maple Leafs,0,2,L,REG,17,20,7,L 3
45,1968-01-24,time unavailable,@,Chicago Black Hawks,4,2,W,REG,18,20,7,W 1
46,1968-01-25,time unavailable,H,St. Louis Blues,4,4,T,REG,18,20,8,T 1
47,1968-01-27,time unavailable,H,Philadelphia Flyers,3,2,W,REG,19,20,8,W 1
48,1968-01-28,time unavailable,@,Minnesota North Stars,1,2,L,REG,19,21,8,L 1
49,1968-02-01,time unavailable,H,Los Angeles Kings,6,8,L,REG,19,22,8,L 2
50,1968-02-03,time unavailable,H,Minnesota North Stars,8,1,W,REG,20,22,8,W 1
51,1968-02-04,time unavailable,@,Boston Bruins,4,5,L,REG,20,23,8,L 1
52,1968-02-08,time unavailable,H,New York Rangers,2,3,L,REG,20,24,8,L 2
53,1968-02-10,time unavailable,H,Boston Bruins,1,1,T,REG,20,24,9,T 1
54,1968-02-11,time unavailable,@,New York Rangers,3,3,T,REG,20,24,10,T 2
55,1968-02-15,time unavailable,H,Montreal Canadiens,0,2,L,REG,20,25,10,L 1
56,1968-02-17,time unavailable,H,Chicago Black Hawks,4,7,L,REG,20,26,10,L 2
57,1968-02-18,time unavailable,@,Chicago Black Hawks,1,7,L,REG,20,27,10,L 3
58,1968-02-22,time unavailable,H,Boston Bruins,2,3,L,REG,20,28,10,L 4
59,1968-02-24,time unavailable,H,Minnesota North Stars,3,1,W,REG,21,28,10,W 1
60,1968-02-29,time unavailable,H,New York Rangers,2,4,L,REG,21,29,10,L 1
61,1968-03-03,time unavailable,H,Montreal Canadiens,5,2,W,REG,22,29,10,W 1
62,1968-03-06,time unavailable,@,New York Rangers,1,6,L,REG,22,30,10,L 1
63,1968-03-09,time unavailable,@,Toronto Maple Leafs,5,7,L,REG,22,31,10,L 2
64,1968-03-10,time unavailable,@,Boston Bruins,7,5,W,REG,23,31,10,W 1
65,1968-03-12,time unavailable,@,Los Angeles Kings,2,2,T,REG,23,31,11,T 1
66,1968-03-13,time unavailable,@,Oakland Seals,4,2,W,REG,24,31,11,W 1
67,1968-03-16,time unavailable,@,St. Louis Blues,6,3,W,REG,25,31,11,W 2
68,1968-03-17,time unavailable,@,Minnesota North Stars,1,5,L,REG,25,32,11,L 1
69,1968-03-21,time unavailable,H,Toronto Maple Leafs,2,5,L,REG,25,33,11,L 2
70,1968-03-23,time unavailable,@,Montreal Canadiens,4,7,L,REG,25,34,11,L 3
71,1968-03-24,time unavailable,H,Boston Bruins,5,3,W,REG,26,34,11,W 1
72,1968-03-28,time unavailable,H,Chicago Black Hawks,3,1,W,REG,27,34,11,W 2
73,1968-03-30,time unavailable,H,New York Rangers,1,3,L,REG,27,35,11,L 1
74,1968-03-31,time unavailable,@,Chicago Black Hawks,5,5,T,REG,27,35,12,T 1

Time,Location,Result,Game Ended In

Ron Anderson,,22,RW,22,6-0,170,R/-,R,"July 29, 1945",ca,"2 G, 0 A, 2 P"
Gary Bergman,,2,D,29,5-11,188,L/-,3,"October 7, 1938",ca,"13 G, 28 A, 41 P"
John Brenneman,,21,LW,25,5-10,175,L/-,3,"January 5, 1943",ca,"0 G, 2 A, 2 P"
Bart Crashley,,15,D,21,6-0,180,R/-,2,"June 15, 1946",ca,"2 G, 14 A, 16 P"
Roger Crozier,,1-30,G,25,5-8,165,-/R,4,"March 16, 1942",ca,"9-18-2, 3.30 GAA"
Alex Delvecchio,(C),10,C,35,6-0,195,L/-,17,"December 4, 1932",ca,"22 G, 48 A, 70 P"
Kent Douglas,,5,D,31,5-10,180,L/-,5,"February 6, 1936",ca,"7 G, 10 A, 17 P"
Roy Edwards,,1,G,30,5-8,165,-/R,R,"March 12, 1937",ca,"15-15-8, 3.50 GAA"
Bob Falkenberg,,3,D,22,6-0,185,R/-,1,"January 1, 1946",ca,"0 G, 3 A, 3 P"
George Gardner,,30,G,25,5-8,165,-/L,2,"October 8, 1942",ca,"3-2-2, 3.60 GAA"
Warren Godfrey,,3-21,D,36,6-1,190,L/-,15,"March 23, 1931",ca,"0 G, 1 A, 1 P"
Ted Hampson,,16,C,31,5-8,173,L/-,7,"December 11, 1936",ca,"9 G, 18 A, 27 P"
Galen Head,,15,RW,20,5-9,160,R/-,R,"April 16, 1947",ca,"0 G, 0 A, 0 P"
Paul Henderson,,19,LW,25,5-11,180,R/-,5,"January 28, 1943",ca,"13 G, 20 A, 33 P"
Gordie Howe,,9,RW,39,6-0,205,R/-,21,"March 31, 1928",ca,"39 G, 43 A, 82 P"
Gary Jarrett,,8,LW,25,5-8,170,L/-,2,"September 3, 1942",ca,"18 G, 21 A, 39 P"
Danny Lawson,,22,RW,20,5-11,180,R/-,R,"October 30, 1947",ca,"0 G, 0 A, 0 P"
Nick Libett,,14-22,LW,22,6-1,195,L/-,R,"December 9, 1945",ca,"2 G, 1 A, 3 P"
Bruce MacGregor,,12,RW,26,5-10,180,R/-,7,"April 26, 1941",ca,"15 G, 24 A, 39 P"
Frank Mahovlich,,27,LW,30,6-0,205,L/-,11,"January 10, 1938",ca,"7 G, 9 A, 16 P"
Pete Mahovlich,,21,C,21,6-5,210,L/-,2,"October 10, 1946",ca,"6 G, 4 A, 10 P"
Gary Marsh,,14,LW,21,5-10,172,L/-,R,"March 9, 1946",ca,"1 G, 3 A, 4 P"
Bert Marshall,,5,D,24,6-3,205,L/-,2,"November 22, 1943",ca,"1 G, 5 A, 6 P"
Rick McCann,,22,C,23,5-9,178,L/-,R,"May 27, 1944",ca,"0 G, 0 A, 0 P"
Bob McCord,,3,D,33,6-1,202,R/-,4,"March 30, 1934",ca,"0 G, 0 A, 0 P"
Jimmy Peters,,11,C,23,6-2,185,L/-,3,"June 20, 1944",ca,"5 G, 6 A, 11 P"
Dean Prentice,,20,LW,35,5-11,180,L/-,15,"October 5, 1932",ca,"17 G, 38 A, 55 P"
Dave Richardson,,21,LW,27,5-9,175,L/-,3,"December 11, 1940",ca,"0 G, 0 A, 0 P"
Doug Roberts,,14,RW,25,6-2,212,R/-,2,"October 28, 1942",us,"8 G, 9 A, 17 P"
Floyd Smith,,17,RW,32,5-10,180,R/-,8,"May 16, 1935",ca,"18 G, 21 A, 39 P"
Irv Spencer,,21,D,30,5-10,180,L/-,5,"December 4, 1937",ca,"0 G, 1 A, 1 P"
Pete Stemkowski,,23,C,24,6-1,196,L/-,4,"August 25, 1943",ca,"3 G, 6 A, 9 P"
Jean-Guy Talbot,,3,D,35,5-11,170,L/-,13,"July 11, 1932",ca,"0 G, 3 A, 3 P"
Norm Ullman,,7,C,32,5-10,175,L/-,12,"December 26, 1935",ca,"30 G, 25 A, 55 P"
Garry Unger,,16,C,20,5-11,170,L/-,R,"December 7, 1947",ca,"5 G, 10 A, 15 P"
Jim Watson,,18,D,24,6-2,186,L/-,3,"June 28, 1943",ca,"0 G, 3 A, 3 P"
Howie Young,,4,D,30,5-11,175,R/-,5,"August 2, 1937",ca,"2 G, 17 A, 19 P"
