Montreal Canadiens,MTL,nhl
1967-68,1968
23
74
4,5,4
GP,Date,Time,Location,Opponent,GF,GA,Result,Game Ended In,W,L,T,Streak
1,1967-10-11,time unavailable,@,Pittsburgh Penguins,2,1,W,REG,1,0,0,W 1
2,1967-10-14,time unavailable,H,Detroit Red Wings,6,2,W,REG,2,0,0,W 2
3,1967-10-15,time unavailable,@,Boston Bruins,2,6,L,REG,2,1,0,L 1
4,1967-10-18,time unavailable,@,New York Rangers,2,2,T,REG,2,1,1,T 1
5,1967-10-19,time unavailable,H,Toronto Maple Leafs,1,0,W,REG,3,1,1,W 1
6,1967-10-21,time unavailable,H,Boston Bruins,4,2,W,REG,4,1,1,W 2
7,1967-10-26,time unavailable,H,New York Rangers,1,1,T,REG,4,1,2,T 1
8,1967-10-28,time unavailable,H,St. Louis Blues,4,1,W,REG,5,1,2,W 1
9,1967-11-01,time unavailable,@,Toronto Maple Leafs,0,5,L,REG,5,2,2,L 1
10,1967-11-04,time unavailable,H,Philadelphia Flyers,1,4,L,REG,5,3,2,L 2
11,1967-11-05,time unavailable,@,Philadelphia Flyers,1,1,T,REG,5,3,3,T 1
12,1967-11-08,time unavailable,@,Chicago Black Hawks,2,3,L,REG,5,4,3,L 1
13,1967-11-11,time unavailable,H,Chicago Black Hawks,3,3,T,REG,5,4,4,T 1
14,1967-11-12,time unavailable,@,Detroit Red Wings,1,3,L,REG,5,5,4,L 1
15,1967-11-15,time unavailable,@,Minnesota North Stars,5,1,W,REG,6,5,4,W 1
16,1967-11-18,time unavailable,@,Oakland Seals,1,2,L,REG,6,6,4,L 1
17,1967-11-19,time unavailable,@,Los Angeles Kings,2,4,L,REG,6,7,4,L 2
18,1967-11-22,time unavailable,@,St. Louis Blues,3,1,W,REG,7,7,4,W 1
19,1967-11-23,time unavailable,@,Chicago Black Hawks,7,0,W,REG,8,7,4,W 2
20,1967-11-25,time unavailable,H,Boston Bruins,1,3,L,REG,8,8,4,L 1
21,1967-11-29,time unavailable,@,Toronto Maple Leafs,1,2,L,REG,8,9,4,L 2
22,1967-11-30,time unavailable,H,Minnesota North Stars,1,1,T,REG,8,9,5,T 1
23,1967-12-02,time unavailable,H,Los Angeles Kings,2,3,L,REG,8,10,5,L 1
24,1967-12-03,time unavailable,@,Boston Bruins,3,5,L,REG,8,11,5,L 2
25,1967-12-07,time unavailable,H,Detroit Red Wings,2,2,T,REG,8,11,6,T 1
26,1967-12-09,time unavailable,H,Chicago Black Hawks,2,2,T,REG,8,11,7,T 2
27,1967-12-10,time unavailable,@,New York Rangers,2,3,L,REG,8,12,7,L 1
28,1967-12-13,time unavailable,@,Boston Bruins,6,2,W,REG,9,12,7,W 1
29,1967-12-16,time unavailable,H,Detroit Red Wings,4,3,W,REG,10,12,7,W 2
30,1967-12-17,time unavailable,@,Detroit Red Wings,6,8,L,REG,10,13,7,L 1
31,1967-12-20,time unavailable,H,Toronto Maple Leafs,5,0,W,REG,11,13,7,W 1
32,1967-12-23,time unavailable,H,Oakland Seals,4,2,W,REG,12,13,7,W 2
33,1967-12-25,time unavailable,@,Chicago Black Hawks,1,3,L,REG,12,14,7,L 1
34,1967-12-27,time unavailable,@,Toronto Maple Leafs,2,2,T,REG,12,14,8,T 1
35,1967-12-28,time unavailable,H,Minnesota North Stars,6,2,W,REG,13,14,8,W 1
36,1967-12-30,time unavailable,H,Oakland Seals,2,0,W,REG,14,14,8,W 2
37,1968-01-03,time unavailable,H,Toronto Maple Leafs,1,1,T,REG,14,14,9,T 1
38,1968-01-06,time unavailable,H,New York Rangers,5,2,W,REG,15,14,9,W 1
39,1968-01-07,time unavailable,@,Detroit Red Wings,4,3,W,REG,16,14,9,W 2
40,1968-01-10,time unavailable,@,Pittsburgh Penguins,4,3,W,REG,17,14,9,W 3
41,1968-01-11,time unavailable,@,Philadelphia Flyers,4,2,W,REG,18,14,9,W 4
42,1968-01-13,time unavailable,H,Boston Bruins,5,1,W,REG,19,14,9,W 5
43,1968-01-17,time unavailable,H,Detroit Red Wings,6,1,W,REG,20,14,9,W 6
44,1968-01-20,time unavailable,H,Chicago Black Hawks,3,1,W,REG,21,14,9,W 7
45,1968-01-25,time unavailable,@,Boston Bruins,2,0,W,REG,22,14,9,W 8
46,1968-01-27,time unavailable,H,Boston Bruins,5,2,W,REG,23,14,9,W 9
47,1968-01-30,time unavailable,H,Toronto Maple Leafs,3,0,W,REG,24,14,9,W 10
48,1968-02-01,time unavailable,H,New York Rangers,5,2,W,REG,25,14,9,W 11
49,1968-02-03,time unavailable,H,Los Angeles Kings,5,1,W,REG,26,14,9,W 12
50,1968-02-04,time unavailable,@,New York Rangers,0,3,L,REG,26,15,9,L 1
51,1968-02-07,time unavailable,H,Philadelphia Flyers,4,1,W,REG,27,15,9,W 1
52,1968-02-10,time unavailable,H,Chicago Black Hawks,6,4,W,REG,28,15,9,W 2
53,1968-02-11,time unavailable,@,Chicago Black Hawks,6,0,W,REG,29,15,9,W 3
54,1968-02-14,time unavailable,@,Toronto Maple Leafs,4,2,W,REG,30,15,9,W 4
55,1968-02-15,time unavailable,@,Detroit Red Wings,2,0,W,REG,31,15,9,W 5
56,1968-02-17,time unavailable,H,Pittsburgh Penguins,4,3,W,REG,32,15,9,W 6
57,1968-02-21,time unavailable,@,New York Rangers,7,2,W,REG,33,15,9,W 7
58,1968-02-22,time unavailable,H,St. Louis Blues,2,1,W,REG,34,15,9,W 8
59,1968-02-24,time unavailable,H,New York Rangers,1,6,L,REG,34,16,9,L 1
60,1968-02-28,time unavailable,@,St. Louis Blues,3,3,T,REG,34,16,10,T 1
61,1968-03-02,time unavailable,@,Minnesota North Stars,2,3,L,REG,34,17,10,L 1
62,1968-03-03,time unavailable,@,Detroit Red Wings,2,5,L,REG,34,18,10,L 2
63,1968-03-05,time unavailable,@,Los Angeles Kings,6,2,W,REG,35,18,10,W 1
64,1968-03-06,time unavailable,@,Oakland Seals,2,0,W,REG,36,18,10,W 2
65,1968-03-09,time unavailable,H,Chicago Black Hawks,5,0,W,REG,37,18,10,W 3
66,1968-03-14,time unavailable,H,New York Rangers,3,1,W,REG,38,18,10,W 4
67,1968-03-16,time unavailable,H,Pittsburgh Penguins,6,4,W,REG,39,18,10,W 5
68,1968-03-17,time unavailable,@,Boston Bruins,1,3,L,REG,39,19,10,L 1
69,1968-03-20,time unavailable,H,Toronto Maple Leafs,3,2,W,REG,40,19,10,W 1
70,1968-03-23,time unavailable,H,Detroit Red Wings,7,4,W,REG,41,19,10,W 2
71,1968-03-24,time unavailable,@,Chicago Black Hawks,7,2,W,REG,42,19,10,W 3
72,1968-03-27,time unavailable,@,Toronto Maple Leafs,0,6,L,REG,42,20,10,L 1
73,1968-03-30,time unavailable,H,Boston Bruins,1,2,L,REG,42,21,10,L 2
74,1968-03-31,time unavailable,@,New York Rangers,2,4,L,REG,42,22,10,L 3

GP,Date,Time,Location,Opponent,GF,GA,Result,Game Ended In,W,L,T,Streak
1,1968-04-04,time unavailable,H,Boston Bruins,2,1,W,REG,1,0,0,W 1
2,1968-04-06,time unavailable,H,Boston Bruins,5,3,W,REG,2,0,0,W 2
3,1968-04-09,time unavailable,@,Boston Bruins,5,2,W,REG,3,0,0,W 3
4,1968-04-11,time unavailable,@,Boston Bruins,3,2,W,REG,4,0,0,W 4
5,1968-04-18,time unavailable,H,Chicago Black Hawks,9,2,W,REG,5,0,0,W 5
6,1968-04-20,time unavailable,H,Chicago Black Hawks,4,1,W,REG,6,0,0,W 6
7,1968-04-23,time unavailable,@,Chicago Black Hawks,4,2,W,REG,7,0,0,W 7
8,1968-04-25,time unavailable,@,Chicago Black Hawks,1,2,L,REG,7,1,0,L 1
9,1968-04-28,time unavailable,H,Chicago Black Hawks,4,3,W,OT,8,1,0,W 1
10,1968-05-05,time unavailable,@,St. Louis Blues,3,2,W,OT,9,1,0,W 2
11,1968-05-07,time unavailable,@,St. Louis Blues,1,0,W,REG,10,1,0,W 3
12,1968-05-09,time unavailable,H,St. Louis Blues,4,3,W,OT,11,1,0,W 4
13,1968-05-11,time unavailable,H,St. Louis Blues,3,2,W,REG,12,1,0,W 5

Ralph Backstrom,,6,C,30,5-10,165,L/-,11,"September 18, 1937",ca,"20 G, 25 A, 45 P"
Jean Beliveau,(C),4,C,36,6-3,205,L/-,16,"August 31, 1931",ca,"31 G, 37 A, 68 P"
Yvan Cournoyer,,12,RW,24,5-7,178,L/-,4,"November 22, 1943",ca,"28 G, 32 A, 60 P"
Dick Duff,,8,LW,31,5-9,166,L/-,13,"February 18, 1936",ca,"25 G, 21 A, 46 P"
John Ferguson,,22,LW,29,5-11,190,L/-,4,"September 5, 1938",ca,"15 G, 18 A, 33 P"
Danny Grant,,23,LW,21,5-10,188,L/-,1,"February 21, 1946",ca,"3 G, 4 A, 7 P"
Terry Harper,,19,D,28,6-1,200,R/-,5,"January 27, 1940",ca,"3 G, 8 A, 11 P"
Ted Harris,,10,D,31,6-2,183,L/-,4,"July 18, 1936",ca,"5 G, 16 A, 21 P"
Jacques Laperriere,,2,D,26,6-2,190,L/-,5,"November 22, 1941",ca,"4 G, 21 A, 25 P"
Claude Larose,,11,RW,25,6-0,180,R/-,5,"March 2, 1942",ca,"2 G, 9 A, 11 P"
Jacques Lemaire,,25,C,22,5-10,180,L/-,R,"September 7, 1945",ca,"22 G, 20 A, 42 P"
Garry Monahan,,20,LW,21,6-0,199,L/-,R,"October 20, 1946",ca,"0 G, 0 A, 0 P"
Claude Provost,,14,RW,34,5-9,168,R/-,12,"September 17, 1933",ca,"14 G, 30 A, 44 P"
Mickey Redmond,,24,RW,20,5-11,185,R/-,R,"December 27, 1947",ca,"6 G, 5 A, 11 P"
Henri Richard,,16,C,31,5-7,160,R/-,12,"February 29, 1936",ca,"9 G, 19 A, 28 P"
Bobby Rousseau,,15,RW,27,5-10,178,R/-,7,"July 26, 1940",ca,"19 G, 46 A, 65 P"
Serge Savard,,18,D,22,6-3,210,L/-,1,"January 22, 1946",ca,"2 G, 13 A, 15 P"
Gilles Tremblay,,5,LW,29,5-10,170,L/-,7,"December 17, 1938",ca,"23 G, 28 A, 51 P"
J.C. Tremblay,,3,D,29,5-11,170,L/-,8,"January 22, 1939",ca,"4 G, 26 A, 30 P"
Rogie Vachon,,30,G,22,5-7,170,-/L,1,"September 8, 1945",ca,"23-13-2, 2.48 GAA"
Carol Vadnais,,17,D,22,6-1,185,L/-,1,"September 25, 1945",ca,"1 G, 1 A, 2 P"
Bryan Watson,,26,D,25,5-9,175,R/-,4,"November 14, 1942",ca,"0 G, 1 A, 1 P"
Gump Worsley,,1,G,38,5-7,180,-/L,14,"May 14, 1929",ca,"19-9-8, 1.98 GAA"
