Oakland Seals,OAK,nhl
1967-68,1968
27
74
0
GP,Date,Time,Location,Opponent,GF,GA,Result,Game Ended In,W,L,T,Streak
1,1967-10-11,time unavailable,H,Philadelphia Flyers,5,1,W,REG,1,0,0,W 1
2,1967-10-14,time unavailable,H,Minnesota North Stars,6,0,W,REG,2,0,0,W 2
3,1967-10-18,time unavailable,H,Los Angeles Kings,2,2,T,REG,2,0,1,T 1
4,1967-10-21,time unavailable,@,Minnesota North Stars,1,3,L,REG,2,1,1,L 1
5,1967-10-22,time unavailable,@,Philadelphia Flyers,2,5,L,REG,2,2,1,L 2
6,1967-10-25,time unavailable,@,Pittsburgh Penguins,1,4,L,REG,2,3,1,L 3
7,1967-10-26,time unavailable,@,Detroit Red Wings,2,8,L,REG,2,4,1,L 4
8,1967-10-28,time unavailable,@,Toronto Maple Leafs,2,5,L,REG,2,5,1,L 5
9,1967-10-29,time unavailable,@,Philadelphia Flyers,2,2,T,REG,2,5,2,T 1
10,1967-11-01,time unavailable,H,New York Rangers,0,2,L,REG,2,6,2,L 1
11,1967-11-04,time unavailable,H,Pittsburgh Penguins,0,1,L,REG,2,7,2,L 2
12,1967-11-05,time unavailable,H,Chicago Black Hawks,2,2,T,REG,2,7,3,T 1
13,1967-11-07,time unavailable,@,Los Angeles Kings,4,5,L,REG,2,8,3,L 1
14,1967-11-08,time unavailable,H,Toronto Maple Leafs,1,6,L,REG,2,9,3,L 2
15,1967-11-11,time unavailable,@,Boston Bruins,1,2,L,REG,2,10,3,L 3
16,1967-11-12,time unavailable,@,New York Rangers,3,5,L,REG,2,11,3,L 4
17,1967-11-15,time unavailable,H,Los Angeles Kings,4,1,W,REG,3,11,3,W 1
18,1967-11-16,time unavailable,H,Detroit Red Wings,1,1,T,REG,3,11,4,T 1
19,1967-11-18,time unavailable,H,Montreal Canadiens,2,1,W,REG,4,11,4,W 1
20,1967-11-22,time unavailable,@,Los Angeles Kings,1,3,L,REG,4,12,4,L 1
21,1967-11-25,time unavailable,H,Pittsburgh Penguins,2,2,T,REG,4,12,5,T 1
22,1967-11-29,time unavailable,@,Pittsburgh Penguins,1,6,L,REG,4,13,5,L 1
23,1967-11-30,time unavailable,@,Philadelphia Flyers,3,1,W,REG,5,13,5,W 1
24,1967-12-02,time unavailable,@,Toronto Maple Leafs,0,3,L,REG,5,14,5,L 1
25,1967-12-06,time unavailable,H,Philadelphia Flyers,4,2,W,REG,6,14,5,W 1
26,1967-12-09,time unavailable,H,St. Louis Blues,0,1,L,REG,6,15,5,L 1
27,1967-12-13,time unavailable,@,St. Louis Blues,1,3,L,REG,6,16,5,L 2
28,1967-12-15,time unavailable,H,Boston Bruins,4,1,W,REG,7,16,5,W 1
29,1967-12-16,time unavailable,H,Minnesota North Stars,0,1,L,REG,7,17,5,L 1
30,1967-12-19,time unavailable,@,Los Angeles Kings,1,3,L,REG,7,18,5,L 2
31,1967-12-20,time unavailable,H,St. Louis Blues,1,2,L,REG,7,19,5,L 3
32,1967-12-23,time unavailable,@,Montreal Canadiens,2,4,L,REG,7,20,5,L 4
33,1967-12-25,time unavailable,@,Boston Bruins,3,6,L,REG,7,21,5,L 5
34,1967-12-27,time unavailable,@,Pittsburgh Penguins,0,0,T,REG,7,21,6,T 1
35,1967-12-30,time unavailable,@,Montreal Canadiens,0,2,L,REG,7,22,6,L 1
36,1967-12-31,time unavailable,@,Chicago Black Hawks,0,3,L,REG,7,23,6,L 2
37,1968-01-03,time unavailable,@,St. Louis Blues,0,4,L,REG,7,24,6,L 3
38,1968-01-04,time unavailable,@,Detroit Red Wings,3,9,L,REG,7,25,6,L 4
39,1968-01-06,time unavailable,H,Minnesota North Stars,5,5,T,REG,7,25,7,T 1
40,1968-01-07,time unavailable,H,Los Angeles Kings,6,0,W,REG,8,25,7,W 1
41,1968-01-10,time unavailable,H,St. Louis Blues,2,2,T,REG,8,25,8,T 1
42,1968-01-13,time unavailable,@,Minnesota North Stars,2,2,T,REG,8,25,9,T 2
43,1968-01-14,time unavailable,H,Philadelphia Flyers,3,6,L,REG,8,26,9,L 1
44,1968-01-17,time unavailable,H,Pittsburgh Penguins,1,1,T,REG,8,26,10,T 1
45,1968-01-20,time unavailable,H,New York Rangers,0,3,L,REG,8,27,10,L 1
46,1968-01-21,time unavailable,H,Los Angeles Kings,3,0,W,REG,9,27,10,W 1
47,1968-01-24,time unavailable,@,Los Angeles Kings,4,1,W,REG,10,27,10,W 2
48,1968-01-27,time unavailable,@,Minnesota North Stars,1,3,L,REG,10,28,10,L 1
49,1968-01-28,time unavailable,@,New York Rangers,2,4,L,REG,10,29,10,L 2
50,1968-02-01,time unavailable,@,Philadelphia Flyers,3,3,T,REG,10,29,11,T 1
51,1968-02-03,time unavailable,@,St. Louis Blues,1,4,L,REG,10,30,11,L 1
52,1968-02-04,time unavailable,@,Minnesota North Stars,3,4,L,REG,10,31,11,L 2
53,1968-02-07,time unavailable,H,Pittsburgh Penguins,1,4,L,REG,10,32,11,L 3
54,1968-02-10,time unavailable,H,Minnesota North Stars,2,5,L,REG,10,33,11,L 4
55,1968-02-11,time unavailable,H,Toronto Maple Leafs,4,3,W,REG,11,33,11,W 1
56,1968-02-14,time unavailable,H,Philadelphia Flyers,4,0,W,REG,12,33,11,W 2
57,1968-02-17,time unavailable,H,Boston Bruins,3,1,W,REG,13,33,11,W 3
58,1968-02-21,time unavailable,H,Chicago Black Hawks,0,1,L,REG,13,34,11,L 1
59,1968-02-24,time unavailable,@,Pittsburgh Penguins,3,1,W,REG,14,34,11,W 1
60,1968-02-25,time unavailable,@,Minnesota North Stars,3,3,T,REG,14,34,12,T 1
61,1968-02-28,time unavailable,H,Minnesota North Stars,6,3,W,REG,15,34,12,W 1
62,1968-03-02,time unavailable,@,Pittsburgh Penguins,6,6,T,REG,15,34,13,T 1
63,1968-03-03,time unavailable,@,Philadelphia Flyers,1,1,T,REG,15,34,14,T 2
64,1968-03-06,time unavailable,H,Montreal Canadiens,0,2,L,REG,15,35,14,L 1
65,1968-03-07,time unavailable,@,Los Angeles Kings,2,9,L,REG,15,36,14,L 2
66,1968-03-09,time unavailable,@,St. Louis Blues,1,3,L,REG,15,37,14,L 3
67,1968-03-10,time unavailable,H,St. Louis Blues,0,1,L,REG,15,38,14,L 4
68,1968-03-13,time unavailable,H,Detroit Red Wings,2,4,L,REG,15,39,14,L 5
69,1968-03-15,time unavailable,@,St. Louis Blues,1,1,T,REG,15,39,15,T 1
70,1968-03-17,time unavailable,@,Chicago Black Hawks,1,4,L,REG,15,40,15,L 1
71,1968-03-20,time unavailable,H,Philadelphia Flyers,1,5,L,REG,15,41,15,L 2
72,1968-03-23,time unavailable,H,St. Louis Blues,3,3,T,REG,15,41,16,T 1
73,1968-03-27,time unavailable,H,Pittsburgh Penguins,4,7,L,REG,15,42,16,L 1
74,1968-03-30,time unavailable,H,Los Angeles Kings,2,2,T,REG,15,42,17,T 1

Time,Location,Result,Game Ended In

Bob Baun,,21,D,31,5-9,175,R/-,11,"September 9, 1936",ca,"3 G, 10 A, 13 P"
Ron Boehm,,11,LW,24,5-8,160,L/-,R,"August 14, 1943",ca,"2 G, 1 A, 3 P"
Wally Boyer,,6,LW,30,5-8,165,L/-,2,"September 27, 1937",ca,"13 G, 20 A, 33 P"
John Brenneman,,16,LW,25,5-10,175,L/-,3,"January 5, 1943",ca,"10 G, 8 A, 18 P"
Charlie Burns,,20,LW,31,5-11,170,L/-,5,"February 14, 1936",us,"9 G, 26 A, 35 P"
Larry Cahan,,5,D,34,6-2,222,R/-,9,"December 25, 1933",ca,"9 G, 15 A, 24 P"
Alain Caron,,12,RW,29,5-9,182,R/-,R,"April 27, 1938",ca,"9 G, 13 A, 22 P"
Terry Clancy,,17,RW,24,5-11,195,L/-,R,"April 2, 1943",ca,"0 G, 0 A, 0 P"
Jean Cusson,,22,LW,25,5-10,170,L/-,R,"October 5, 1942",ca,"0 G, 0 A, 0 P"
Kent Douglas,,19,D,31,5-10,180,L/-,5,"February 6, 1936",ca,"4 G, 11 A, 15 P"
Gerry Ehman,,8,RW,35,6-0,190,R/-,5,"November 3, 1932",ca,"19 G, 25 A, 44 P"
Aut Erickson,,4,D,30,6-1,188,L/-,4,"January 25, 1938",ca,"4 G, 11 A, 15 P"
Ted Hampson,,10,C,31,5-8,173,L/-,7,"December 11, 1936",ca,"8 G, 19 A, 27 P"
Billy Harris,,7,C,32,6-0,155,L/-,11,"July 29, 1935",ca,"12 G, 17 A, 29 P"
Ron Harris,,15,D,25,5-10,190,R/-,2,"June 30, 1942",ca,"4 G, 6 A, 10 P"
Bill Hicke,,9,RW,29,5-8,164,L/-,8,"March 31, 1938",ca,"21 G, 19 A, 40 P"
Charlie Hodge,,1,G,34,5-6,150,-/L,9,"July 28, 1933",ca,"13-29-13, 2.86 GAA"
Mike Laughton,,22,C,23,6-2,185,L/-,R,"February 21, 1944",ca,"2 G, 6 A, 8 P"
Bob Lemieux,,2,D,23,6-1,195,L/-,R,"December 16, 1944",ca,"0 G, 1 A, 1 P"
Bert Marshall,,19,D,24,6-3,205,L/-,2,"November 22, 1943",ca,"0 G, 4 A, 4 P"
Gerry Odrowski,,11,D,29,5-10,185,L/-,3,"October 4, 1938",ca,"4 G, 6 A, 10 P"
Larry Popein,,17,C,37,5-10,165,L/-,7,"August 11, 1930",ca,"5 G, 14 A, 19 P"
Tracy Pratt,,2-10,D,24,6-2,195,L/-,R,"March 8, 1943",us,"0 G, 5 A, 5 P"
Gary Smith,,30,G,23,6-4,215,-/L,2,"February 4, 1944",ca,"2-13-4, 3.19 GAA"
George Swarbrick,,14,RW,25,5-10,175,R/-,R,"February 16, 1942",ca,"13 G, 5 A, 18 P"
Joe Szura,,18,C,29,6-3,185,L/-,R,"December 18, 1938",ca,"1 G, 3 A, 4 P"
Tom Thurlby,,3,D,29,5-10,175,L/-,R,"November 9, 1938",ca,"1 G, 1 A, 2 P"
