Pittsburgh Penguins,PIT,nhl
1967-68,1968
24
74
0
GP,Date,Time,Location,Opponent,GF,GA,Result,Game Ended In,W,L,T,Streak
1,1967-10-11,time unavailable,H,Montreal Canadiens,1,2,L,REG,0,1,0,L 1
2,1967-10-13,time unavailable,@,St. Louis Blues,3,1,W,REG,1,1,0,W 1
3,1967-10-14,time unavailable,H,St. Louis Blues,2,4,L,REG,1,2,0,L 1
4,1967-10-18,time unavailable,H,Minnesota North Stars,3,3,T,REG,1,2,1,T 1
5,1967-10-19,time unavailable,@,Philadelphia Flyers,0,1,L,REG,1,3,1,L 1
6,1967-10-21,time unavailable,H,Chicago Black Hawks,4,2,W,REG,2,3,1,W 1
7,1967-10-22,time unavailable,@,New York Rangers,4,6,L,REG,2,4,1,L 1
8,1967-10-25,time unavailable,H,Oakland Seals,4,1,W,REG,3,4,1,W 1
9,1967-10-28,time unavailable,H,Los Angeles Kings,3,5,L,REG,3,5,1,L 1
10,1967-10-29,time unavailable,@,Boston Bruins,2,4,L,REG,3,6,1,L 2
11,1967-11-01,time unavailable,@,Minnesota North Stars,4,1,W,REG,4,6,1,W 1
12,1967-11-04,time unavailable,@,Oakland Seals,1,0,W,REG,5,6,1,W 2
13,1967-11-08,time unavailable,H,Philadelphia Flyers,1,1,T,REG,5,6,2,T 1
14,1967-11-09,time unavailable,@,Detroit Red Wings,1,5,L,REG,5,7,2,L 1
15,1967-11-11,time unavailable,H,St. Louis Blues,1,5,L,REG,5,8,2,L 2
16,1967-11-15,time unavailable,H,Philadelphia Flyers,5,0,W,REG,6,8,2,W 1
17,1967-11-18,time unavailable,@,St. Louis Blues,5,3,W,REG,7,8,2,W 2
18,1967-11-22,time unavailable,H,Boston Bruins,4,1,W,REG,8,8,2,W 3
19,1967-11-24,time unavailable,@,Los Angeles Kings,3,5,L,REG,8,9,2,L 1
20,1967-11-25,time unavailable,@,Oakland Seals,2,2,T,REG,8,9,3,T 1
21,1967-11-29,time unavailable,H,Oakland Seals,6,1,W,REG,9,9,3,W 1
22,1967-12-02,time unavailable,H,New York Rangers,1,4,L,REG,9,10,3,L 1
23,1967-12-03,time unavailable,@,Detroit Red Wings,1,6,L,REG,9,11,3,L 2
24,1967-12-06,time unavailable,@,Chicago Black Hawks,2,7,L,REG,9,12,3,L 3
25,1967-12-09,time unavailable,@,Minnesota North Stars,3,2,W,REG,10,12,3,W 1
26,1967-12-10,time unavailable,H,Minnesota North Stars,4,7,L,REG,10,13,3,L 1
27,1967-12-13,time unavailable,@,Toronto Maple Leafs,2,1,W,REG,11,13,3,W 1
28,1967-12-16,time unavailable,H,Chicago Black Hawks,1,1,T,REG,11,13,4,T 1
29,1967-12-17,time unavailable,@,Philadelphia Flyers,1,2,L,REG,11,14,4,L 1
30,1967-12-21,time unavailable,@,Los Angeles Kings,1,4,L,REG,11,15,4,L 2
31,1967-12-23,time unavailable,H,Minnesota North Stars,4,0,W,REG,12,15,4,W 1
32,1967-12-25,time unavailable,H,Los Angeles Kings,4,3,W,REG,13,15,4,W 2
33,1967-12-27,time unavailable,H,Oakland Seals,0,0,T,REG,13,15,5,T 1
34,1967-12-29,time unavailable,@,St. Louis Blues,1,2,L,REG,13,16,5,L 1
35,1967-12-30,time unavailable,H,Detroit Red Wings,2,5,L,REG,13,17,5,L 2
36,1968-01-04,time unavailable,H,Los Angeles Kings,4,3,W,REG,14,17,5,W 1
37,1968-01-06,time unavailable,H,Philadelphia Flyers,2,2,T,REG,14,17,6,T 1
38,1968-01-07,time unavailable,@,Philadelphia Flyers,1,3,L,REG,14,18,6,L 1
39,1968-01-10,time unavailable,H,Montreal Canadiens,3,4,L,REG,14,19,6,L 2
40,1968-01-12,time unavailable,H,Toronto Maple Leafs,4,3,W,REG,15,19,6,W 1
41,1968-01-13,time unavailable,@,Toronto Maple Leafs,0,7,L,REG,15,20,6,L 1
42,1968-01-17,time unavailable,@,Oakland Seals,1,1,T,REG,15,20,7,T 1
43,1968-01-18,time unavailable,@,Los Angeles Kings,2,3,L,REG,15,21,7,L 1
44,1968-01-20,time unavailable,H,Detroit Red Wings,8,5,W,REG,16,21,7,W 1
45,1968-01-21,time unavailable,@,Minnesota North Stars,3,4,L,REG,16,22,7,L 1
46,1968-01-27,time unavailable,H,Los Angeles Kings,3,5,L,REG,16,23,7,L 2
47,1968-01-28,time unavailable,@,Boston Bruins,1,0,W,REG,17,23,7,W 1
48,1968-01-31,time unavailable,@,St. Louis Blues,4,9,L,REG,17,24,7,L 1
49,1968-02-01,time unavailable,H,St. Louis Blues,2,0,W,REG,18,24,7,W 1
50,1968-02-03,time unavailable,H,Toronto Maple Leafs,3,3,T,REG,18,24,8,T 1
51,1968-02-07,time unavailable,@,Oakland Seals,4,1,W,REG,19,24,8,W 1
52,1968-02-08,time unavailable,@,Los Angeles Kings,1,3,L,REG,19,25,8,L 1
53,1968-02-10,time unavailable,H,New York Rangers,2,2,T,REG,19,25,9,T 1
54,1968-02-14,time unavailable,H,Minnesota North Stars,6,3,W,REG,20,25,9,W 1
55,1968-02-16,time unavailable,H,St. Louis Blues,1,3,L,REG,20,26,9,L 1
56,1968-02-17,time unavailable,@,Montreal Canadiens,3,4,L,REG,20,27,9,L 2
57,1968-02-21,time unavailable,H,Philadelphia Flyers,1,1,T,REG,20,27,10,T 1
58,1968-02-24,time unavailable,H,Oakland Seals,1,3,L,REG,20,28,10,L 1
59,1968-02-25,time unavailable,@,Philadelphia Flyers,2,1,W,REG,21,28,10,W 1
60,1968-02-27,time unavailable,H,Boston Bruins,3,5,L,REG,21,29,10,L 1
61,1968-03-02,time unavailable,H,Oakland Seals,6,6,T,REG,21,29,11,T 1
62,1968-03-06,time unavailable,@,St. Louis Blues,2,4,L,REG,21,30,11,L 1
63,1968-03-07,time unavailable,@,Minnesota North Stars,2,2,T,REG,21,30,12,T 1
64,1968-03-09,time unavailable,H,Los Angeles Kings,3,1,W,REG,22,30,12,W 1
65,1968-03-13,time unavailable,@,Chicago Black Hawks,3,4,L,REG,22,31,12,L 1
66,1968-03-16,time unavailable,@,Montreal Canadiens,4,6,L,REG,22,32,12,L 2
67,1968-03-17,time unavailable,@,New York Rangers,0,3,L,REG,22,33,12,L 3
68,1968-03-20,time unavailable,H,St. Louis Blues,4,2,W,REG,23,33,12,W 1
69,1968-03-23,time unavailable,@,Minnesota North Stars,0,3,L,REG,23,34,12,L 1
70,1968-03-24,time unavailable,H,Minnesota North Stars,4,4,T,REG,23,34,13,T 1
71,1968-03-26,time unavailable,@,Los Angeles Kings,2,1,W,REG,24,34,13,W 1
72,1968-03-27,time unavailable,@,Oakland Seals,7,4,W,REG,25,34,13,W 2
73,1968-03-30,time unavailable,@,Philadelphia Flyers,2,0,W,REG,26,34,13,W 3
74,1968-03-31,time unavailable,H,Philadelphia Flyers,5,1,W,REG,27,34,13,W 4

Time,Location,Result,Game Ended In

Paul Andrea,,22,RW,26,5-10,174,L/-,1,"July 31, 1941",ca,"11 G, 21 A, 32 P"
Hank Bassen,,1,G,35,5-10,180,-/L,8,"December 6, 1932",ca,"7-10-3, 2.86 GAA"
Andy Bathgate,,9,RW,35,6-0,180,R/-,15,"August 28, 1932",ca,"20 G, 39 A, 59 P"
Les Binkley,,30,G,33,6-0,175,-/R,R,"June 6, 1934",ca,"20-24-10, 2.88 GAA"
Leo Boivin,,2,D,35,5-8,183,L/-,16,"August 2, 1932",ca,"9 G, 13 A, 22 P"
Billy Dea,,14,LW,34,5-8,175,L/-,3,"April 3, 1933",ca,"16 G, 12 A, 28 P"
Bob Dillabough,,15,C,26,5-10,180,L/-,4,"April 27, 1941",ca,"7 G, 12 A, 19 P"
Val Fonteyne,,8,LW,34,5-10,160,L/-,8,"December 2, 1933",ca,"6 G, 28 A, 34 P"
Wayne Hicks,,16,RW,30,5-11,185,R/-,3,"April 9, 1937",us,"4 G, 7 A, 11 P"
Earl Ingarfield,,10,C,33,5-11,185,L/-,9,"October 25, 1934",ca,"15 G, 22 A, 37 P"
George Konik,,18,D,30,5-11,190,L/-,R,"May 4, 1937",ca,"7 G, 8 A, 15 P"
Ted Lanyon,,5,D,28,5-11,175,R/-,R,"June 11, 1939",ca,"0 G, 0 A, 0 P"
Al MacNeil,,3,D,32,5-10,183,L/-,10,"September 27, 1935",ca,"2 G, 10 A, 12 P"
Dick Mattiussi,,5,D,29,5-10,185,L/-,R,"May 1, 1938",ca,"0 G, 2 A, 2 P"
Dunc McCallum,,6,D,27,6-1,193,R/-,1,"March 29, 1940",ca,"0 G, 2 A, 2 P"
Keith McCreary,,21,LW,27,5-10,180,L/-,1,"June 19, 1940",ca,"14 G, 12 A, 26 P"
Ab McDonald,(C),20,LW,31,6-3,192,L/-,9,"February 18, 1936",ca,"22 G, 21 A, 43 P"
Mel Pearson,,23,LW,29,5-10,175,L/-,4,"April 29, 1938",ca,"0 G, 1 A, 1 P"
Noel Price,,4,D,32,6-0,190,L/-,7,"December 9, 1935",ca,"6 G, 27 A, 33 P"
Bob Rivard,,19,C,28,5-8,155,L/-,R,"August 1, 1939",ca,"5 G, 12 A, 17 P"
Ken Schinkel,,12,RW,35,5-10,172,R/-,6,"November 27, 1932",ca,"14 G, 25 A, 39 P"
Bill Speer,,17,D,25,5-11,205,L/-,R,"March 20, 1942",ca,"3 G, 13 A, 16 P"
Art Stratton,,7,C,32,5-11,170,L/-,3,"October 8, 1935",ca,"16 G, 21 A, 37 P"
Gene Ubriaco,,11,C,30,5-8,157,L/-,R,"December 26, 1937",ca,"18 G, 15 A, 33 P"
