Chicago Black Hawks,CBH,nhl
1964-65,1965
24
70
7,7
GP,Date,Time,Location,Opponent,GF,GA,Result,Game Ended In,W,L,T,Streak,Notes
1,1964-10-14,time unavailable,H,Boston Bruins,3,0,W,REG,1,0,0,W 1
2,1964-10-17,time unavailable,H,Detroit Red Wings,4,2,W,REG,2,0,0,W 2
3,1964-10-18,time unavailable,@,Detroit Red Wings,2,3,L,REG,2,1,0,L 1
4,1964-10-21,time unavailable,@,Montreal Canadiens,5,5,T,REG,2,1,1,T 1
5,1964-10-25,time unavailable,@,New York Rangers,5,2,W,REG,3,1,1,W 1
6,1964-10-27,time unavailable,H,Toronto Maple Leafs,2,3,L,REG,3,2,1,L 1
7,1964-10-31,time unavailable,@,Toronto Maple Leafs,1,5,L,REG,3,3,1,L 2
8,1964-11-01,time unavailable,@,Boston Bruins,2,5,L,REG,3,4,1,L 3
9,1964-11-03,time unavailable,H,New York Rangers,2,1,W,REG,4,4,1,W 1
10,1964-11-07,time unavailable,@,Montreal Canadiens,3,1,W,REG,5,4,1,W 2
11,1964-11-08,time unavailable,@,Boston Bruins,2,3,L,REG,5,5,1,L 1
12,1964-11-11,time unavailable,H,Montreal Canadiens,1,4,L,REG,5,6,1,L 2
13,1964-11-15,time unavailable,H,Toronto Maple Leafs,4,2,W,REG,6,6,1,W 1
14,1964-11-18,time unavailable,H,Detroit Red Wings,3,1,W,REG,7,6,1,W 2
15,1964-11-21,time unavailable,@,Toronto Maple Leafs,0,1,L,REG,7,7,1,L 1
16,1964-11-22,time unavailable,H,Montreal Canadiens,6,2,W,REG,8,7,1,W 1
17,1964-11-26,time unavailable,H,Toronto Maple Leafs,2,4,L,REG,8,8,1,L 1
18,1964-11-29,time unavailable,H,Boston Bruins,3,4,L,REG,8,9,1,L 2
19,1964-12-02,time unavailable,@,New York Rangers,3,3,T,REG,8,9,2,T 1
20,1964-12-05,time unavailable,@,Montreal Canadiens,3,5,L,REG,8,10,2,L 1
21,1964-12-06,time unavailable,H,New York Rangers,1,4,L,REG,8,11,2,L 2
22,1964-12-09,time unavailable,@,New York Rangers,6,1,W,REG,9,11,2,W 1
23,1964-12-10,time unavailable,@,Boston Bruins,5,1,W,REG,10,11,2,W 2
24,1964-12-12,time unavailable,@,Detroit Red Wings,3,2,W,REG,11,11,2,W 3
25,1964-12-13,time unavailable,H,Detroit Red Wings,5,0,W,REG,12,11,2,W 4
26,1964-12-16,time unavailable,H,Boston Bruins,7,5,W,REG,13,11,2,W 5
27,1964-12-19,time unavailable,@,Montreal Canadiens,6,3,W,REG,14,11,2,W 6
28,1964-12-20,time unavailable,@,Boston Bruins,3,2,W,REG,15,11,2,W 7
29,1964-12-25,time unavailable,H,Toronto Maple Leafs,3,3,T,REG,15,11,3,T 1
30,1964-12-26,time unavailable,@,Toronto Maple Leafs,5,3,W,REG,16,11,3,W 1
31,1964-12-27,time unavailable,H,Boston Bruins,6,2,W,REG,17,11,3,W 2
32,1964-12-29,time unavailable,@,New York Rangers,4,2,W,REG,18,11,3,W 3
33,1964-12-31,time unavailable,@,Detroit Red Wings,1,1,T,REG,18,11,4,T 1
34,1965-01-01,time unavailable,H,New York Rangers,2,1,W,REG,19,11,4,W 1
35,1965-01-03,time unavailable,H,Montreal Canadiens,1,2,L,REG,19,12,4,L 1
36,1965-01-06,time unavailable,H,Toronto Maple Leafs,1,3,L,REG,19,13,4,L 2
37,1965-01-09,time unavailable,@,Detroit Red Wings,7,4,W,REG,20,13,4,W 1
38,1965-01-10,time unavailable,H,Detroit Red Wings,3,2,W,REG,21,13,4,W 2
39,1965-01-13,time unavailable,@,Toronto Maple Leafs,0,0,T,REG,21,13,5,T 1
40,1965-01-16,time unavailable,H,New York Rangers,3,6,L,REG,21,14,5,L 1
41,1965-01-17,time unavailable,H,Montreal Canadiens,2,4,L,REG,21,15,5,L 2
42,1965-01-20,time unavailable,H,Boston Bruins,7,1,W,REG,22,15,5,W 1
43,1965-01-24,time unavailable,H,New York Rangers,7,2,W,REG,23,15,5,W 2
44,1965-01-27,time unavailable,@,Montreal Canadiens,0,2,L,REG,23,16,5,L 1
45,1965-01-28,time unavailable,@,Boston Bruins,6,2,W,REG,24,16,5,W 1
46,1965-01-30,time unavailable,@,Detroit Red Wings,1,3,L,REG,24,17,5,L 1
47,1965-01-31,time unavailable,H,Montreal Canadiens,3,0,W,REG,25,17,5,W 1
48,1965-02-03,time unavailable,@,New York Rangers,4,1,W,REG,26,17,5,W 2
49,1965-02-06,time unavailable,@,Toronto Maple Leafs,6,3,W,REG,27,17,5,W 3
50,1965-02-07,time unavailable,H,Toronto Maple Leafs,1,2,L,REG,27,18,5,L 1
51,1965-02-10,time unavailable,H,Detroit Red Wings,5,2,W,REG,28,18,5,W 1
52,1965-02-11,time unavailable,@,Detroit Red Wings,3,5,L,REG,28,19,5,L 1
53,1965-02-13,time unavailable,@,New York Rangers,3,0,W,REG,29,19,5,W 1
54,1965-02-14,time unavailable,H,Montreal Canadiens,2,2,T,REG,29,19,6,T 1
55,1965-02-17,time unavailable,H,New York Rangers,5,4,W,REG,30,19,6,W 1
56,1965-02-20,time unavailable,@,Toronto Maple Leafs,3,4,L,REG,30,20,6,L 1
57,1965-02-21,time unavailable,H,Boston Bruins,7,0,W,REG,31,20,6,W 1
58,1965-02-24,time unavailable,H,Detroit Red Wings,3,2,W,REG,32,20,6,W 2
59,1965-02-27,time unavailable,@,Montreal Canadiens,3,3,T,REG,32,20,7,T 1
60,1965-02-28,time unavailable,H,Boston Bruins,4,5,L,REG,32,21,7,L 1
61,1965-03-03,time unavailable,H,Detroit Red Wings,0,2,L,REG,32,22,7,L 2
62,1965-03-06,time unavailable,@,Toronto Maple Leafs,1,4,L,REG,32,23,7,L 3
63,1965-03-07,time unavailable,H,Montreal Canadiens,7,0,W,REG,33,23,7,W 1
64,1965-03-10,time unavailable,@,New York Rangers,1,1,T,REG,33,23,8,T 1
65,1965-03-14,time unavailable,H,Toronto Maple Leafs,5,3,W,REG,34,23,8,W 1
66,1965-03-17,time unavailable,@,Boston Bruins,1,2,L,REG,34,24,8,L 1
67,1965-03-20,time unavailable,@,Montreal Canadiens,2,3,L,REG,34,25,8,L 2
68,1965-03-21,time unavailable,@,Detroit Red Wings,1,5,L,REG,34,26,8,L 3
69,1965-03-23,time unavailable,H,New York Rangers,2,3,L,REG,34,27,8,L 4
70,1965-03-28,time unavailable,@,Boston Bruins,1,3,L,REG,34,28,8,L 5

GP,Date,Time,Location,Opponent,GF,GA,Result,Game Ended In,W,L,T,Streak,Notes
1,1965-04-01,time unavailable,@,Detroit Red Wings,3,4,L,REG,0,1,0,L 1
2,1965-04-04,time unavailable,@,Detroit Red Wings,3,6,L,REG,0,2,0,L 2
3,1965-04-06,time unavailable,H,Detroit Red Wings,5,2,W,REG,1,2,0,W 1
4,1965-04-08,time unavailable,H,Detroit Red Wings,2,1,W,REG,2,2,0,W 2
5,1965-04-11,time unavailable,@,Detroit Red Wings,2,4,L,REG,2,3,0,L 1
6,1965-04-13,time unavailable,H,Detroit Red Wings,4,0,W,REG,3,3,0,W 1
7,1965-04-15,time unavailable,@,Detroit Red Wings,4,2,W,REG,4,3,0,W 2
8,1965-04-17,time unavailable,@,Montreal Canadiens,2,3,L,REG,4,4,0,L 1
9,1965-04-20,time unavailable,@,Montreal Canadiens,0,2,L,REG,4,5,0,L 2
10,1965-04-22,time unavailable,H,Montreal Canadiens,3,1,W,REG,5,5,0,W 1
11,1965-04-25,time unavailable,H,Montreal Canadiens,5,1,W,REG,6,5,0,W 2
12,1965-04-27,time unavailable,@,Montreal Canadiens,0,6,L,REG,6,6,0,L 1
13,1965-04-29,time unavailable,H,Montreal Canadiens,2,1,W,REG,7,6,0,W 1
14,1965-05-01,time unavailable,@,Montreal Canadiens,0,4,L,REG,7,7,0,L 1

John Brenneman,,12,LW,22,5-10,175,L/-,R,"January 5, 1943",ca,"1 G, 0 A, 1 P"
Denis DeJordy,,30,G,26,5-9,185,-/L,2,"November 12, 1938",ca,"16-11-3, 2.52 GAA"
Phil Esposito,,7,C,22,6-1,205,L/-,1,"February 20, 1942",ca,"23 G, 32 A, 55 P"
Glenn Hall,,1,G,33,5-11,180,-/L,11,"October 3, 1931",ca,"18-17-5, 2.43 GAA"
Bill Hay,,11,C,29,6-3,190,L/-,5,"December 9, 1935",ca,"11 G, 26 A, 37 P"
Camille Henry,,8,LW,32,5-9,152,L/-,10,"January 31, 1933",ca,"5 G, 3 A, 8 P"
Wayne Hillman,,18,D,26,6-1,205,R/-,3,"November 13, 1938",ca,"0 G, 1 A, 1 P"
Ken Hodge,,14,RW,20,6-2,210,R/-,R,"June 25, 1944",gb,"0 G, 0 A, 0 P"
Bobby Hull,,9,LW,26,5-10,195,L/-,7,"January 3, 1939",ca,"39 G, 32 A, 71 P"
Dennis Hull,,10,LW,20,5-11,198,L/-,R,"November 19, 1944",ca,"10 G, 4 A, 14 P"
Doug Jarrett,,20,D,20,6-3,205,L/-,R,"April 22, 1944",ca,"2 G, 15 A, 17 P"
Al MacNeil,,19,D,29,5-10,183,L/-,7,"September 27, 1935",ca,"3 G, 7 A, 10 P"
Chico Maki,,16,RW,25,5-10,170,R/-,3,"August 17, 1939",ca,"16 G, 24 A, 40 P"
John McKenzie,,18,RW,27,5-9,175,R/-,4,"December 12, 1937",ca,"8 G, 10 A, 18 P"
Larry Mickey,,6,RW,21,5-11,175,R/-,R,"October 21, 1943",ca,"0 G, 0 A, 0 P"
Stan Mikita,,21,C,24,5-9,169,R/-,6,"May 20, 1940",cs,"28 G, 59 A, 87 P"
Doug Mohns,,2,LW,31,6-0,185,L/-,11,"December 13, 1933",ca,"13 G, 20 A, 33 P"
Eric Nesterenko,,15,RW,31,6-2,197,R/-,13,"October 31, 1933",ca,"14 G, 16 A, 30 P"
Pierre Pilote,(C),3,D,33,5-10,178,L/-,9,"December 11, 1931",ca,"14 G, 45 A, 59 P"
Matt Ravlich,,5,D,26,5-10,185,L/-,1,"July 12, 1938",ca,"3 G, 16 A, 19 P"
Doug Robinson,,14,LW,24,6-2,197,L/-,R,"August 27, 1940",ca,"2 G, 9 A, 11 P"
Fred Stanfield,,6,C,20,5-10,185,L/-,R,"May 4, 1944",ca,"7 G, 10 A, 17 P"
Moose Vasko,,4,D,29,6-2,200,L/-,8,"December 11, 1935",ca,"1 G, 10 A, 11 P"
Kenny Wharram,,17,RW,31,5-9,160,R/-,9,"July 2, 1933",ca,"24 G, 20 A, 44 P"
