Cher the Puck,fall2015,Ice Hockey: Cher the Puck (Competitive)
7,6,6,1,1
Sun Sep 27 @ 4:00 pm,Columbia Icefield Arena,lost,3,4,2,Captain Strab
Sat Oct 3 @ 2:00 pm,Columbia Icefield Arena,tie,3,3,3,Competitive Indies 05
Thu Oct 22 @ 10:00 pm,Columbia Icefield Arena,lost,0,1,1,Soft Dumps in the Corner
Thu Oct 29 @ 11:00 pm,Columbia Icefield Arena,won,5,4,2,Soft Dumps in the Corner
Thu Nov 5 @ 10:00 pm,Columbia Icefield Arena,tie,3,3,2,Competitive Indies 01
Sun Nov 8 @ 12:00 pm,Columbia Icefield Arena,won,4,3,2,Fussy
Thu Nov 12 @ 11:00 pm,Columbia Icefield Arena,lost,2,3,1,Multiple Scorers

Matthew Duffy,Adam Freeman,Andrew Holliday,Thomas Huijbregts,Ryan Kinghorn,Alvin Le,Matthew Leblanc,James MacDonald,Ryan Murdoch,Connor Nickelson,Brent Rae,Matthew Rubio-Sefati,Zachary Schenk,Mathieu St Jules,Mitchell Voss,Alex Wexler,Brett Young,Ian Fraser
