Team Name Goes Here,fall2015,Ice Hockey: Team Name Goes Here (Competitive)
7,6,6,1,1
Sat Sep 26 @ 2:00 pm,Columbia Icefield Arena,won,1,0,1,Rockets
Sat Oct 3 @ 6:00 pm,Columbia Icefield Arena,won,4,3,0,Competitive Indies 04
Sun Oct 4 @ 3:00 pm,Columbia Icefield Arena,lost,0,2,3,Competitive Indies 03
Sun Oct 18 @ 10:00 pm,Columbia Icefield Arena,lost,2,3,3,Bench Warriors
Wed Oct 21 @ 10:00 pm,Columbia Icefield Arena,lost,0,3,0,Multiple Scorers
Sun Nov 8 @ 5:00 pm,Columbia Icefield Arena,lost,1,7,2,Captain Strab
Wed Nov 18 @ 10:00 pm,Columbia Icefield Arena,lost,1,4,1,Competitive Indies 01

Alyssa Bailey,Michael Bottone,Kelly Burns,Cameron Capel,Luc Hebert,Gillian Pond,Stephanie Sharp,Zoe Talbot,Scott Wood,Connor Dobson
