Rockets,fall2015,Ice Hockey: Rockets (Competitive)
8,6,6,2,2
Sat Sep 26 @ 2:00 pm,Columbia Icefield Arena,lost,0,1,1,Team Name Goes Here
Fri Oct 2 @ 10:00 pm,Columbia Icefield Arena,won,3,0,2,Bendy Garden Gnomes
Sun Oct 18 @ 12:00 pm,Columbia Icefield Arena,tie,2,2,3,Competitive Indies 03
Wed Oct 28 @ 9:00 pm,Columbia Icefield Arena,won,2,1,0,Bench Warriors
Fri Nov 6 @ 8:00 pm,Columbia Icefield Arena,lost,0,6,2,Captain Strab
Sun Nov 8 @ 2:00 pm,Columbia Icefield Arena,lost,1,5,0,Multiple Scorers
Fri Nov 13 @ 9:00 pm,Columbia Icefield Arena,won,3,0,1,Rad Squad
Mon Nov 16 @ 11:00 pm,Columbia Icefield Arena,lost,2,8,1,Kane Toads

Daniel Archibald,Kyle Blakely,Evan Casselden,Luc Charlebois,Jean-Luc Chouffot,Scott Clary,Steven Crone,Katie Dods,Bryan Fumerton,Nathan Ing,Thomas Kellar,Stephanie Lee,Corey Lefebvre,Gary Ogden,Jamie Orlando,Ryan Santos,Arvind Singh,Joshua Soares,Jennifer Sparks,Danielle Thomas,Bradley Hallman
