Multiple Scorers,fall2015,Ice Hockey: Multiple Scorers (Competitive)
9,6,6,3,3
Sun Sep 27 @ 10:00 pm,Columbia Icefield Arena,won,6,0,3,Hurricane Heatley
Sun Oct 4 @ 5:00 pm,Columbia Icefield Arena,won,8,2,3,Competitive Indies 05
Sun Oct 18 @ 9:00 pm,Columbia Icefield Arena,won,3,0,avg.,SJ Hockey
Wed Oct 21 @ 10:00 pm,Columbia Icefield Arena,won,3,0,avg.,Team Name Goes Here
Fri Nov 6 @ 7:00 pm,Columbia Icefield Arena,won,4,1,0,Bendy Garden Gnomes
Sun Nov 8 @ 2:00 pm,Columbia Icefield Arena,won,5,1,1,Rockets
Thu Nov 12 @ 11:00 pm,Columbia Icefield Arena,won,3,2,1,Cher the Puck
Mon Nov 16 @ 10:00 pm,Columbia Icefield Arena,won,4,2,1,Competitive Indies 03
Thu Nov 19 @ 11:00 pm,Columbia Icefield Arena,won,5,2,1,Captain Strab

Vincent Boyer,Zachary Brown,Mackenzie Gray,Michael Miller,Jordan Minos,Curtis Mosier,Cody Mulder,Greg Prentice,Daniel Rickert,Stephen Rickert,Dexter Shepherd,Chad Van Dyk,Christopher Voss,Stephen Jamison
