Rad Squad,fall2015,Ice Hockey: Rad Squad (Competitive)
7,6,6,1,1
Thu Sep 24 @ 11:00 pm,Columbia Icefield Arena,won,5,2,3,Competitive Indies 01
Sun Oct 4 @ 1:00 pm,Columbia Icefield Arena,won,6,2,2,Competitive Indies 04
Wed Oct 7 @ 11:00 pm,Columbia Icefield Arena,lost,0,2,3,Soft Dumps in the Corner
Sun Oct 18 @ 10:00 am,Columbia Icefield Arena,lost,1,4,3,Fussy
Thu Oct 29 @ 9:00 pm,Columbia Icefield Arena,lost,3,4,2,Competitive Indies 04
Fri Nov 6 @ 6:00 pm,Columbia Icefield Arena,lost,1,3,2,Cuddly Cougars
Fri Nov 13 @ 9:00 pm,Columbia Icefield Arena,lost,0,3,-1,Rockets

Sebastian Borsatti,Gavin Bradley,Colin Evans,Amar Gharial,Daniel Marcoccia,Owen Mototsune,Aidan Oneil,Bradley Sylvestre,Justin Trudell,Katherine Wade,Nicholas Lepp
