Soft Dumps in the Corner,fall2015,Ice Hockey: Soft Dumps in the Corner (Competitive)
7,6,6,1,1
Mon Sep 28 @ 11:00 pm,Columbia Icefield Arena,lost,2,4,3,Kane Toads
Tue Sep 29 @ 9:00 pm,Columbia Icefield Arena,won,3,2,2,Cuddly Cougars
Wed Oct 7 @ 11:00 pm,Columbia Icefield Arena,won,2,0,3,Rad Squad
Thu Oct 22 @ 10:00 pm,Columbia Icefield Arena,won,1,0,1,Cher the Puck
Thu Oct 29 @ 11:00 pm,Columbia Icefield Arena,lost,4,5,2,Cher the Puck
Sun Nov 1 @ 11:00 pm,Columbia Icefield Arena,won,3,0,avg.,Competitive Indies 01
Fri Nov 13 @ 10:00 pm,Columbia Icefield Arena,lost,0,2,1,Cuddly Cougars

Maxwell Carter,Alexander Charlebois,Joshua Di Cerbo,Maxime Gagnon,Justin Groff,Noah Letofsky,Jonah Librach,Andrew McEwen,Martin Najdovski,Adam Satok,Jesse Schneider,Daniel Tenney,Joshua Pope
