Hurricane Heatley,fall2015,Ice Hockey: Hurricane Heatley (Competitive)
9,6,6,3,3
Sun Sep 27 @ 10:00 pm,Columbia Icefield Arena,lost,0,6,3,Multiple Scorers
Thu Oct 1 @ 10:00 pm,Columbia Icefield Arena,won,4,3,3,Competitive Indies 01
Thu Oct 22 @ 9:00 pm,Columbia Icefield Arena,won,5,0,-3,Competitive Indies 02
Sun Oct 25 @ 10:00 pm,Columbia Icefield Arena,lost,4,6,1,Fussy
Thu Nov 5 @ 11:00 pm,Columbia Icefield Arena,lost,2,4,1,Competitive Indies 02
Sun Nov 8 @ 1:00 pm,Columbia Icefield Arena,won,9,3,2,Competitive Indies 04
Sat Nov 14 @ 7:00 pm,Columbia Icefield Arena,won,6,0,2,Competitive Indies 04
Wed Nov 18 @ 11:00 pm,Columbia Icefield Arena,won,4,0,1,SJ Hockey
Fri Nov 20 @ 9:00 pm,Columbia Icefield Arena,won,6,1,1,Kane Toads

Patrick Bardo,Jared Borosch,Matthew Coyne,Jamie Doerbecker,Andrew Giles,Kent Hambly,Brenden Henriques,Samuel Kreze,Maxwell McDonald,Michael Miniou,Nathan Nolan,Brett Steele,Liana Tennant,Matthew Schmidt
