Kane Toads,fall2015,Ice Hockey: Kane Toads (Competitive)
8,6,6,2,2
Sun Sep 27 @ 5:00 pm,Columbia Icefield Arena,lost,1,7,2,Cuddly Cougars
Mon Sep 28 @ 11:00 pm,Columbia Icefield Arena,won,4,2,3,Soft Dumps in the Corner
Sun Oct 4 @ 2:00 pm,Columbia Icefield Arena,won,4,3,3,Bendy Garden Gnomes
Tue Oct 13 @ 11:00 pm,Columbia Icefield Arena,lost,3,5,2,Fussy
Thu Oct 22 @ 11:00 pm,Columbia Icefield Arena,won,8,2,2,Competitive Indies 01
Tue Nov 3 @ 11:00 pm,Columbia Icefield Arena,lost,2,4,-1,Competitive Indies 02
Mon Nov 16 @ 11:00 pm,Columbia Icefield Arena,won,8,2,1,Rockets
Fri Nov 20 @ 9:00 pm,Columbia Icefield Arena,lost,1,6,1,Hurricane Heatley

Brennan Detzler,Callum Gaskin,Benjamin Gerber,Luke Harrison,Connor Hicks,Michael Hucko,Lauren Hummel,Anthony Lalingo,Michael McKerrall,Jacob Orlandi,Marc Pottier,Cole Roddick,Scott Ryall,Ryan Samyn,Cooper Sheridan,Michael Slegers,Alexander Wightman,Cameron Wilkinson,Adam Logan
