Competitive Indies 05,fall2015,Ice Hockey: Competitive Indies 05 (Competitive)
7,6,6,1,1
Sat Sep 26 @ 4:00 pm,Columbia Icefield Arena,lost,1,5,3,Competitive Indies 03
Sat Oct 3 @ 2:00 pm,Columbia Icefield Arena,tie,3,3,3,Cher the Puck
Sun Oct 4 @ 5:00 pm,Columbia Icefield Arena,lost,2,8,3,Multiple Scorers
Sun Oct 18 @ 11:00 am,Columbia Icefield Arena,lost,0,6,3,Captain Strab
Sat Nov 7 @ 12:00 pm,Columbia Icefield Arena,lost,0,3,0,Competitive Indies 03
Sun Nov 8 @ 3:00 pm,Columbia Icefield Arena,tie,0,0,0,SJ Hockey
Thu Nov 12 @ 10:00 pm,Columbia Icefield Arena,lost,5,6,1,Competitive Indies 01

Mitchell Catoen,Paige Crossley,Robert Gordon,Adam Green,Kevin Houlberg,Cameron Irvine,Andrew Ives,Alexis Martin,Breanna Michael,Jonathan Rynne,Sabrina Smith,Katrina Sokolowski,Blair Vander Glas,Austin Yin
