Competitive Indies 01,fall2015,Ice Hockey: Competitive Indies 01 (Competitive)
9,6,6,3,3
Thu Sep 24 @ 11:00 pm,Columbia Icefield Arena,lost,2,5,3,Rad Squad
Thu Oct 1 @ 10:00 pm,Columbia Icefield Arena,lost,3,4,3,Hurricane Heatley
Thu Oct 22 @ 11:00 pm,Columbia Icefield Arena,lost,2,8,2,Kane Toads
Mon Oct 26 @ 11:00 pm,Columbia Icefield Arena,lost,2,4,2,Competitive Indies 02
Sun Nov 1 @ 11:00 pm,Columbia Icefield Arena,lost,0,3,0,Soft Dumps in the Corner
Thu Nov 5 @ 10:00 pm,Columbia Icefield Arena,tie,3,3,2,Cher the Puck
Thu Nov 12 @ 10:00 pm,Columbia Icefield Arena,won,6,5,1,Competitive Indies 05
Wed Nov 18 @ 10:00 pm,Columbia Icefield Arena,won,4,1,1,Team Name Goes Here
Sat Nov 21 @ 3:00 pm,Columbia Icefield Arena,lost,2,5,2,Bench Warriors

Jocelyn Campbell,Tyler Cormier,Alexandre Doubov,Tate Funston,Hannah Goodings,Emilie Holland,Alexander Irons,Emelien Jentz,Eric Kessel,Kyle Lane,Craig Mackie,Jake Tennant,Annelise Vogel,Pascale Walters
