Boston Bruins,BOS,nhl
1962-63,1963
26
70
0
GP,Date,Time,Location,Opponent,GF,GA,Result,Game Ended In,W,L,T,Streak
1,1962-10-11,time unavailable,H,Montreal Canadiens,5,0,W,REG,1,0,0,W 1
2,1962-10-13,time unavailable,@,Toronto Maple Leafs,2,2,T,REG,1,0,1,T 1
3,1962-10-14,time unavailable,H,Chicago Black Hawks,2,2,T,REG,1,0,2,T 2
4,1962-10-18,time unavailable,@,Detroit Red Wings,3,5,L,REG,1,1,2,L 1
5,1962-10-20,time unavailable,@,Montreal Canadiens,3,7,L,REG,1,2,2,L 2
6,1962-10-21,time unavailable,H,Toronto Maple Leafs,4,6,L,REG,1,3,2,L 3
7,1962-10-25,time unavailable,H,Detroit Red Wings,3,3,T,REG,1,3,3,T 1
8,1962-11-01,time unavailable,H,Chicago Black Hawks,2,4,L,REG,1,4,3,L 1
9,1962-11-04,time unavailable,H,New York Rangers,3,4,L,REG,1,5,3,L 2
10,1962-11-07,time unavailable,@,Chicago Black Hawks,3,3,T,REG,1,5,4,T 1
11,1962-11-10,time unavailable,H,Detroit Red Wings,3,3,T,REG,1,5,5,T 2
12,1962-11-11,time unavailable,H,Montreal Canadiens,2,4,L,REG,1,6,5,L 1
13,1962-11-14,time unavailable,@,New York Rangers,2,6,L,REG,1,7,5,L 2
14,1962-11-18,time unavailable,H,Detroit Red Wings,1,3,L,REG,1,8,5,L 3
15,1962-11-21,time unavailable,@,New York Rangers,2,4,L,REG,1,9,5,L 4
16,1962-11-22,time unavailable,H,New York Rangers,1,7,L,REG,1,10,5,L 5
17,1962-11-24,time unavailable,@,Montreal Canadiens,5,5,T,REG,1,10,6,T 1
18,1962-11-25,time unavailable,H,Toronto Maple Leafs,5,2,W,REG,2,10,6,W 1
19,1962-11-29,time unavailable,H,Chicago Black Hawks,0,5,L,REG,2,11,6,L 1
20,1962-12-01,time unavailable,@,Toronto Maple Leafs,2,8,L,REG,2,12,6,L 2
21,1962-12-02,time unavailable,H,Montreal Canadiens,0,3,L,REG,2,13,6,L 3
22,1962-12-05,time unavailable,@,Chicago Black Hawks,4,5,L,REG,2,14,6,L 4
23,1962-12-06,time unavailable,@,Detroit Red Wings,3,5,L,REG,2,15,6,L 5
24,1962-12-08,time unavailable,H,New York Rangers,3,3,T,REG,2,15,7,T 1
25,1962-12-09,time unavailable,@,New York Rangers,4,2,W,REG,3,15,7,W 1
26,1962-12-13,time unavailable,@,Montreal Canadiens,1,1,T,REG,3,15,8,T 1
27,1962-12-15,time unavailable,@,Toronto Maple Leafs,2,8,L,REG,3,16,8,L 1
28,1962-12-16,time unavailable,H,Montreal Canadiens,2,5,L,REG,3,17,8,L 2
29,1962-12-19,time unavailable,@,Chicago Black Hawks,2,3,L,REG,3,18,8,L 3
30,1962-12-20,time unavailable,@,Detroit Red Wings,5,3,W,REG,4,18,8,W 1
31,1962-12-23,time unavailable,H,Toronto Maple Leafs,4,5,L,REG,4,19,8,L 1
32,1962-12-25,time unavailable,H,New York Rangers,6,2,W,REG,5,19,8,W 1
33,1962-12-27,time unavailable,@,New York Rangers,3,9,L,REG,5,20,8,L 1
34,1962-12-30,time unavailable,@,Chicago Black Hawks,2,4,L,REG,5,21,8,L 2
35,1963-01-01,time unavailable,H,Toronto Maple Leafs,3,0,W,REG,6,21,8,W 1
36,1963-01-03,time unavailable,@,Montreal Canadiens,1,4,L,REG,6,22,8,L 1
37,1963-01-05,time unavailable,@,Toronto Maple Leafs,2,4,L,REG,6,23,8,L 2
38,1963-01-06,time unavailable,@,Detroit Red Wings,5,5,T,REG,6,23,9,T 1
39,1963-01-10,time unavailable,H,Chicago Black Hawks,5,4,W,REG,7,23,9,W 1
40,1963-01-12,time unavailable,@,Montreal Canadiens,2,7,L,REG,7,24,9,L 1
41,1963-01-13,time unavailable,H,Toronto Maple Leafs,2,2,T,REG,7,24,10,T 1
42,1963-01-16,time unavailable,@,Chicago Black Hawks,5,4,W,REG,8,24,10,W 1
43,1963-01-17,time unavailable,@,Detroit Red Wings,3,5,L,REG,8,25,10,L 1
44,1963-01-19,time unavailable,H,New York Rangers,3,5,L,REG,8,26,10,L 2
45,1963-01-20,time unavailable,H,Montreal Canadiens,3,3,T,REG,8,26,11,T 1
46,1963-01-24,time unavailable,H,Toronto Maple Leafs,3,6,L,REG,8,27,11,L 1
47,1963-01-26,time unavailable,@,Toronto Maple Leafs,5,2,W,REG,9,27,11,W 1
48,1963-01-27,time unavailable,H,Detroit Red Wings,3,5,L,REG,9,28,11,L 1
49,1963-01-31,time unavailable,H,Chicago Black Hawks,2,9,L,REG,9,29,11,L 2
50,1963-02-02,time unavailable,H,Detroit Red Wings,4,4,T,REG,9,29,12,T 1
51,1963-02-03,time unavailable,@,New York Rangers,6,4,W,REG,10,29,12,W 1
52,1963-02-07,time unavailable,@,Detroit Red Wings,3,3,T,REG,10,29,13,T 1
53,1963-02-10,time unavailable,H,Montreal Canadiens,5,5,T,REG,10,29,14,T 2
54,1963-02-12,time unavailable,H,New York Rangers,6,3,W,REG,11,29,14,W 1
55,1963-02-14,time unavailable,@,Montreal Canadiens,2,1,W,REG,12,29,14,W 2
56,1963-02-16,time unavailable,@,Detroit Red Wings,1,3,L,REG,12,30,14,L 1
57,1963-02-17,time unavailable,@,Chicago Black Hawks,1,3,L,REG,12,31,14,L 2
58,1963-02-20,time unavailable,@,New York Rangers,3,3,T,REG,12,31,15,T 1
59,1963-02-23,time unavailable,@,Toronto Maple Leafs,4,2,W,REG,13,31,15,W 1
60,1963-02-24,time unavailable,@,Chicago Black Hawks,3,4,L,REG,13,32,15,L 1
61,1963-02-28,time unavailable,H,Detroit Red Wings,5,3,W,REG,14,32,15,W 1
62,1963-03-03,time unavailable,H,Toronto Maple Leafs,3,6,L,REG,14,33,15,L 1
63,1963-03-06,time unavailable,@,Toronto Maple Leafs,0,4,L,REG,14,34,15,L 2
64,1963-03-07,time unavailable,@,Montreal Canadiens,0,8,L,REG,14,35,15,L 3
65,1963-03-10,time unavailable,H,Detroit Red Wings,3,4,L,REG,14,36,15,L 4
66,1963-03-14,time unavailable,H,Chicago Black Hawks,0,2,L,REG,14,37,15,L 5
67,1963-03-17,time unavailable,H,Montreal Canadiens,2,2,T,REG,14,37,16,T 1
68,1963-03-20,time unavailable,@,New York Rangers,1,5,L,REG,14,38,16,L 1
69,1963-03-21,time unavailable,H,New York Rangers,2,2,T,REG,14,38,17,T 1
70,1963-03-24,time unavailable,H,Chicago Black Hawks,3,4,L,REG,14,39,17,L 1

Time,Location,Result,Game Ended In

Don Blackburn,,7,D,24,6-0,190,L/-,R,"May 14, 1938",ca,"0 G, 5 A, 5 P"
Leo Boivin,,20,D,30,5-8,183,L/-,11,"August 2, 1932",ca,"2 G, 24 A, 26 P"
John Bucyk,,9,LW,27,6-0,215,L/-,7,"May 12, 1935",ca,"27 G, 39 A, 66 P"
Charlie Burns,,10,C,26,5-11,170,L/-,4,"February 14, 1936",us,"12 G, 10 A, 22 P"
Wayne Connelly,,8,C,23,5-10,170,R/-,2,"December 16, 1939",ca,"2 G, 6 A, 8 P"
Jean-Guy Gendron,,23-23,LW,28,5-9,165,L/-,7,"August 30, 1934",ca,"21 G, 22 A, 43 P"
Jeannot Gilbert,,8,C,22,5-10,170,L/-,R,"December 29, 1940",ca,"0 G, 0 A, 0 P"
Warren Godfrey,,25,D,31,6-1,190,L/-,10,"March 23, 1931",ca,"2 G, 9 A, 11 P"
Ted Green,,6,D,22,5-10,200,R/-,2,"March 23, 1940",ca,"1 G, 11 A, 12 P"
Wayne Hicks,,12,RW,25,5-11,185,R/-,1,"April 9, 1937",us,"7 G, 9 A, 16 P"
Eddie Johnston,,1,G,27,6-0,190,-/L,R,"November 24, 1935",ca,"11-27-10, 3.98 GAA"
Forbes Kennedy,,14,C,27,5-8,150,L/-,5,"August 18, 1935",ca,"12 G, 18 A, 30 P"
Bobby Leiter,,24,C,21,5-9,175,L/-,R,"March 22, 1941",ca,"9 G, 13 A, 22 P"
Don McKenney,(C),17,C,28,6-0,160,L/-,8,"April 30, 1934",ca,"14 G, 19 A, 33 P"
Doug Mohns,,19,D/LW,29,6-0,185,L/-,9,"December 13, 1933",ca,"7 G, 23 A, 30 P"
Murray Oliver,,16,C,25,5-10,170,L/-,4,"November 14, 1937",ca,"22 G, 40 A, 62 P"
Cliff Pennington,,7,C,22,6-0,170,R/-,2,"April 18, 1940",ca,"7 G, 10 A, 17 P"
Bob Perreault,,1,G,32,5-8,170,-/L,2,"January 28, 1931",ca,"3-12-7, 3.82 GAA"
Dean Prentice,,17,LW,30,5-11,180,L/-,10,"October 5, 1932",ca,"6 G, 9 A, 15 P"
Andre Pronovost,,23,LW,26,5-10,188,L/-,6,"July 9, 1936",ca,"0 G, 2 A, 2 P"
Matt Ravlich,,23,D,24,5-10,185,L/-,R,"July 12, 1938",ca,"1 G, 0 A, 1 P"
Irv Spencer,,22,D/LW,25,5-10,180,L/-,3,"December 4, 1937",ca,"5 G, 17 A, 22 P"
Pat Stapleton,,4,D,22,5-8,180,L/-,1,"July 4, 1940",ca,"0 G, 3 A, 3 P"
Jerry Toppazzini,,21,RW,31,6-0,180,R/-,10,"July 29, 1931",ca,"17 G, 18 A, 35 P"
Ed Westfall,,18,D,22,6-1,197,R/-,1,"September 19, 1940",ca,"1 G, 11 A, 12 P"
Tommy Williams,,11,RW/C,22,5-11,180,R/-,1,"April 17, 1940",us,"23 G, 20 A, 43 P"
