INFO:
teamName,Waterloo Warriors
teamAbbreviation,Waterloo Warriors
sportId,n/a
sportName,n/a
sportRules,n/a
leagueId,watMu
levelId,n/a
seasonName,n/a
seasonId,n/a
Roster Size,11
Season Games Played,6
Playoff Round Lengths,1,1
END_INFO

SEASON:
Date/Time,Location,Opposing Team,Score,S.O.C.
Sat Sep 21 @ 10:00 am,Columbia Icefield: Field 5,UMadBro,won 21 - 14,2
Sat Sep 28 @ 3:00 pm,Village Green,Team Clutch,won 49 - 42,2
Sat Sep 28 @ 5:00 pm,Village Green,Back That Pass Up,won 70 - 42,2
Sat Oct 5 @ 6:00 pm,Columbia Icefield: Field 5,Show Me Your TouchDowns,won 7 - 42,3
Sat Oct 19 @ 5:00 pm,Columbia Icefield: Field 5,Child Please,lost 0 - 14,-2
Sat Oct 26 @ 1:00 pm,Columbia Icefield: Warrior Field,UMadBro,won 21 - 42,3
END_SEASON

PLAYOFFS:
Date/Time,Location,Opposing Team,Score,S.O.C.
Sat Nov 2 @ 3:00 pm,Columbia Icefield: Warrior Field,Back That Pass Up,won 49 - 14,2
Sat Nov 9 @ 11:00 am,Columbia Icefield: Warrior Field,Scared Hitless,lost 7 - 42,2
END_PLAYOFFS

ROSTER:
Player,Captaincy,uwaterloo_email
Tanner Griffin,(C),tannergriffin22@hotmail.ca
Kenneth Edwards,,
Nicole Lewis,,
Kira Lohnes,,
Konrad Pasterkiewicz,,
Daniel Rode,,
Derek Sargent,,
Zachary Tikl,,
Steven Trask,,
Mark Urban,,
Kerrie Wong,,
END_ROSTER
