INFO:
teamName,Child Please
teamAbbreviation,Child Please
sportId,n/a
sportName,n/a
sportRules,n/a
leagueId,watMu
levelId,n/a
seasonName,n/a
seasonId,n/a
Roster Size,11
Season Games Played,6
Playoff Round Lengths,1,1,1
END_INFO

SEASON:
Date/Time,Location,Opposing Team,Score,S.O.C.
Sat Sep 21 @ 3:00 pm,Columbia Icefield: Field 5,Team Clutch,won 42 - 7,2
Sat Sep 28 @ 4:00 pm,Village Green,Balls Deep,won 49 - 14,3
Sat Sep 28 @ 6:00 pm,Village Green,Back That Pass Up,won 21 - 56,3
Sat Oct 5 @ 5:00 pm,Columbia Icefield: Field 5,Show Me Your TouchDowns,won 14 - 0,avg.
Sat Oct 19 @ 5:00 pm,Columbia Icefield: Field 5,Waterloo Warriors,won 0 - 14,avg.
Sat Oct 26 @ 5:00 pm,Columbia Icefield: Warrior Field,MAC1VE YARDS,won 28 - 35,3
END_SEASON

PLAYOFFS:
Date/Time,Location,Opposing Team,Score,S.O.C.
Sat Nov 2 @ 11:00 am,Columbia Icefield: Warrior Field,Individuals 1,won 42 - 7,2
Sat Nov 9 @ 9:30 am,Columbia Icefield: Warrior Field,MAC1VE YARDS,won 21 - 28,0
Sat Nov 9 @ 12:00 pm,Columbia Icefield: Warrior Field,Scared Hitless,won 56 - 49,2
END_PLAYOFFS

ROSTER:
Player,Captaincy,uwaterloo_email
Riyad Khamis,(C),riyad_khamis@hotmail.com
Troy Campbell,,
Aly Haji,,
Zachary Hogg,,
Richard Huynh,,
Imran Khamis,,
Noman Laasi,,
Sameer Ladha,,
Rehman Lakhani,,
Jeremy Luymes,,
Nadim Moloo,,
END_ROSTER
