INFO:
teamName,Show Me Your TouchDowns
teamAbbreviation,Show Me Your TouchDowns
sportId,n/a
sportName,n/a
sportRules,n/a
leagueId,watMu
levelId,n/a
seasonName,n/a
seasonId,n/a
Roster Size,7
Season Games Played,6
Playoff Round Lengths,1
END_INFO

SEASON:
Date/Time,Location,Opposing Team,Score,S.O.C.
Sat Sep 21 @ 2:00 pm,Columbia Icefield: Field 5,Back That Pass Up,lost 0 - 35,2
Sat Sep 28 @ 11:00 am,Village Green,Scared Hitless,lost 0 - 14,-2
Sat Oct 5 @ 5:00 pm,Columbia Icefield: Field 5,Child Please,lost 14 - 0,-2
Sat Oct 5 @ 6:00 pm,Columbia Icefield: Field 5,Waterloo Warriors,lost 7 - 42,3
Sat Oct 19 @ 4:00 pm,Columbia Icefield: Field 5,UMadBro,lost 49 - 14,2
Sat Oct 26 @ 12:00 pm,Columbia Icefield: Warrior Field,Team Clutch,lost 14 - 0,-2
END_SEASON

PLAYOFFS:
Date/Time,Location,Opposing Team,Score,S.O.C.
Sat Nov 2 @ 10:00 am,Columbia Icefield: Warrior Field,Individuals 1,lost 14 - 0,0
END_PLAYOFFS

ROSTER:
Player,Captaincy,uwaterloo_email
Alyssa Mason,(C),AVMASON@uwaterloo.ca
Thomas Kellar,,
Krishanth Mahendrarajah,,
Heather McGaire,,
Gary Ogden,,
Leeat Perlman,,
Robin Scott,,
END_ROSTER
