INFO:
teamName,Scared Hitless
teamAbbreviation,Scared Hitless
sportId,n/a
sportName,n/a
sportRules,n/a
leagueId,watMu
levelId,n/a
seasonName,n/a
seasonId,n/a
Roster Size,15
Season Games Played,6
Playoff Round Lengths,1,1,1
END_INFO

SEASON:
Date/Time,Location,Opposing Team,Score,S.O.C.
Sat Sep 21 @ 5:00 pm,Columbia Icefield: Field 5,Balls Deep,won 42 - 14,2
Sat Sep 21 @ 6:00 pm,Columbia Icefield: Field 5,Individuals 1,won 21 - 42,2
Sat Sep 28 @ 11:00 am,Village Green,Show Me Your TouchDowns,won 0 - 14,avg.
Sat Oct 5 @ 4:00 pm,Columbia Icefield: Field 5,UMadBro,won 21 - 56,3
Sat Oct 19 @ 1:00 pm,Columbia Icefield: Field 5,MAC1VE YARDS,won 30 - 42,2
Wed Oct 30 @ 5:00 pm,Columbia Icefield: Field 5,Back That Pass Up,won 21 - 42,3
END_SEASON

PLAYOFFS:
Date/Time,Location,Opposing Team,Score,S.O.C.
Sat Nov 2 @ 1:00 pm,Columbia Icefield: Warrior Field,Balls Deep,won 28 - 35,2
Sat Nov 9 @ 11:00 am,Columbia Icefield: Warrior Field,Waterloo Warriors,won 7 - 42,2
Sat Nov 9 @ 12:00 pm,Columbia Icefield: Warrior Field,Child Please,lost 56 - 49,2
END_PLAYOFFS

ROSTER:
Player,Captaincy,uwaterloo_email
Nicholas Moore,(C),nrmoore@uwaterloo.ca
Saluka Amarasinghe,,
Rory Black,,
Fiona Chui,,
Dylan Drover,,
Alexandria Elliston-Cantin,,
Benjamin Kiefer,,
James Maxwell,,
William Richards,,
Peter Robertson,,
Alexander Rosewarne,,
Benjamin Selby,,
Nawal Shiddo,,
Richard Steer,,
Daniel Sulpizi,,
END_ROSTER
