INFO:
teamName,Balls Deep
teamAbbreviation,Balls Deep
sportId,n/a
sportName,n/a
sportRules,n/a
leagueId,watMu
levelId,n/a
seasonName,n/a
seasonId,n/a
Roster Size,16
Season Games Played,6
Playoff Round Lengths,1,1
END_INFO

SEASON:
Date/Time,Location,Opposing Team,Score,S.O.C.
Sat Sep 21 @ 5:00 pm,Columbia Icefield: Field 5,Scared Hitless,lost 42 - 14,2
Sat Sep 28 @ 4:00 pm,Village Green,Child Please,lost 49 - 14,3
Sat Oct 5 @ 1:00 pm,Columbia Icefield: Field 5,UMadBro,won 14 - 49,-1
Sat Oct 19 @ 10:00 am,Columbia Icefield: Field 5,Team Clutch,lost 35 - 49,2
Sat Oct 19 @ 11:00 am,Columbia Icefield: Field 5,Team Clutch,lost 42 - 28,2
Tue Oct 29 @ 8:00 pm,Columbia Icefield: Warrior Field,Individuals 1,won 0 - 14,3
END_SEASON

PLAYOFFS:
Date/Time,Location,Opposing Team,Score,S.O.C.
Sat Nov 2 @ 12:00 pm,Columbia Icefield: Warrior Field,UMadBro,won 35 - 14,2
Sat Nov 2 @ 1:00 pm,Columbia Icefield: Warrior Field,Scared Hitless,lost 28 - 35,2
END_PLAYOFFS

ROSTER:
Player,Captaincy,uwaterloo_email
Alexandre-Khoi Pham,(C),a7pham@uwaterloo.ca
Andrew De Luca,,
Rohit Deora,,
Bernice Herghiligiu,,
Steven Kideckel,,
Joel Klassen,,
Fabian Kwan,,
Brandon Love,,
Jonathan Lum,,
Elan Matityahu,,
Colin Pacitti,,
Ronauq Sabharwal,,
Jobanjot Sidhu,,
David Xin,,
Brandon Yeh,,
Binxiang Zhao,,
END_ROSTER
