INFO:
teamName,Back That Pass Up
teamAbbreviation,Back That Pass Up
sportId,n/a
sportName,n/a
sportRules,n/a
leagueId,watMu
levelId,n/a
seasonName,n/a
seasonId,n/a
Roster Size,17
Season Games Played,6
Playoff Round Lengths,1
END_INFO

SEASON:
Date/Time,Location,Opposing Team,Score,S.O.C.
Sat Sep 21 @ 2:00 pm,Columbia Icefield: Field 5,Show Me Your TouchDowns,won 0 - 35,2
Sat Sep 28 @ 5:00 pm,Village Green,Waterloo Warriors,lost 70 - 42,2
Sat Sep 28 @ 6:00 pm,Village Green,Child Please,lost 21 - 56,3
Sat Oct 5 @ 11:00 am,Columbia Icefield: Field 5,MAC1VE YARDS,lost 49 - 14,3
Sat Oct 19 @ 12:00 pm,Columbia Icefield: Field 5,Individuals 1,won 28 - 35,2
Wed Oct 30 @ 5:00 pm,Columbia Icefield: Field 5,Scared Hitless,lost 21 - 42,3
END_SEASON

PLAYOFFS:
Date/Time,Location,Opposing Team,Score,S.O.C.
Sat Nov 2 @ 3:00 pm,Columbia Icefield: Warrior Field,Waterloo Warriors,lost 49 - 14,2
END_PLAYOFFS

ROSTER:
Player,Captaincy,uwaterloo_email
Kaitlen Sagher,(C),kasagher@uwaterloo.ca
Ryan Arnold,,
Telise Carmichael,,
Hank Cheng,,
Robert Dobbin,,
Aryan Golshan,,
Klayton Goncalves,,
Nicholas Houston,,
Riyad Karacic,,
David Naccarato,,
Alexandra Piatkowski,,
Dorothy Reyes-Forneste,,
Jaclyn Tomlin,,
Rachel Tomlin,,
Justine Willison,,
William Wong,,
Carly Zottola,,
END_ROSTER
