INFO:
teamName,Team Clutch
teamAbbreviation,Team Clutch
sportId,n/a
sportName,n/a
sportRules,n/a
leagueId,watMu
levelId,n/a
seasonName,n/a
seasonId,n/a
Roster Size,14
Season Games Played,6
Playoff Round Lengths,1
END_INFO

SEASON:
Date/Time,Location,Opposing Team,Score,S.O.C.
Sat Sep 21 @ 3:00 pm,Columbia Icefield: Field 5,Child Please,lost 42 - 7,2
Sat Sep 28 @ 3:00 pm,Village Green,Waterloo Warriors,lost 49 - 42,2
Sat Oct 5 @ 10:00 am,Columbia Icefield: Field 5,Individuals 1,won 0 - 14,avg.
Sat Oct 19 @ 10:00 am,Columbia Icefield: Field 5,Balls Deep,won 35 - 49,2
Sat Oct 19 @ 11:00 am,Columbia Icefield: Field 5,Balls Deep,won 42 - 28,2
Sat Oct 26 @ 12:00 pm,Columbia Icefield: Warrior Field,Show Me Your TouchDowns,won 14 - 0,avg.
END_SEASON

PLAYOFFS:
Date/Time,Location,Opposing Team,Score,S.O.C.
Sat Nov 2 @ 2:00 pm,Columbia Icefield: Warrior Field,MAC1VE YARDS,lost 35 - 7,2
END_PLAYOFFS

ROSTER:
Player,Captaincy,uwaterloo_email
Chinmaya Sindgikar,(C),csindgik@uwaterloo.ca
Mohannad Alali,,
Mashrur Alam,,
Samson Berhane,,
Daxal Desai,,
Arvind Dhinakar,,
Chaitanya Govande,,
Surbhi Jhavar,,
Neelan Muthurajah,,
Zachary Pizzolato,,
Arjun Sethi,,
Deep Shah,,
Harjas Singh,,
Fahad Waseem,,
END_ROSTER
