INFO:
teamName,MAC1VE YARDS
teamAbbreviation,MAC1VE YARDS
sportId,n/a
sportName,n/a
sportRules,n/a
leagueId,watMu
levelId,n/a
seasonName,n/a
seasonId,n/a
Roster Size,14
Season Games Played,6
Playoff Round Lengths,1,1
END_INFO

SEASON:
Date/Time,Location,Opposing Team,Score,S.O.C.
Sat Sep 21 @ 4:00 pm,Columbia Icefield: Field 5,Individuals 1,won 14 - 42,2
Sat Sep 28 @ 12:00 pm,Village Green,Individuals 1,won 28 - 42,3
Sat Oct 5 @ 11:00 am,Columbia Icefield: Field 5,Back That Pass Up,won 49 - 14,3
Sat Oct 5 @ 12:00 pm,Columbia Icefield: Field 5,UMadBro,won 42 - 35,3
Sat Oct 19 @ 1:00 pm,Columbia Icefield: Field 5,Scared Hitless,lost 30 - 42,2
Sat Oct 26 @ 5:00 pm,Columbia Icefield: Warrior Field,Child Please,lost 28 - 35,3
END_SEASON

PLAYOFFS:
Date/Time,Location,Opposing Team,Score,S.O.C.
Sat Nov 2 @ 2:00 pm,Columbia Icefield: Warrior Field,Team Clutch,won 35 - 7,2
Sat Nov 9 @ 9:30 am,Columbia Icefield: Warrior Field,Child Please,lost 21 - 28,0
END_PLAYOFFS

ROSTER:
Player,Captaincy,uwaterloo_email
Bradley Souter,(C),brad.souter@gmail.com
Karl Balaz,,
Kim Cruz,,
Kevin Doherty,,
Andrew Easton,,
Patrick McLellan,,
Adam Morrison,,
Dobrivoje Nezic,,
Zachary Richards,,
Sebastian Silvera Ceballos,,
Dustin Van Heck,,
Michael Vitelli,,
Joshua Weavers,,
Adam Wood,,
END_ROSTER
