INFO:
teamName,UMadBro
teamAbbreviation,UMadBro
sportId,n/a
sportName,n/a
sportRules,n/a
leagueId,watMu
levelId,n/a
seasonName,n/a
seasonId,n/a
Roster Size,12
Season Games Played,6
Playoff Round Lengths,1
END_INFO

SEASON:
Date/Time,Location,Opposing Team,Score,S.O.C.
Sat Sep 21 @ 10:00 am,Columbia Icefield: Field 5,Waterloo Warriors,lost 21 - 14,2
Sat Oct 5 @ 12:00 pm,Columbia Icefield: Field 5,MAC1VE YARDS,lost 42 - 35,3
Sat Oct 5 @ 1:00 pm,Columbia Icefield: Field 5,Balls Deep,lost 14 - 49,2
Sat Oct 5 @ 4:00 pm,Columbia Icefield: Field 5,Scared Hitless,lost 21 - 56,3
Sat Oct 19 @ 4:00 pm,Columbia Icefield: Field 5,Show Me Your TouchDowns,won 49 - 14,2
Sat Oct 26 @ 1:00 pm,Columbia Icefield: Warrior Field,Waterloo Warriors,lost 21 - 42,3
END_SEASON

PLAYOFFS:
Date/Time,Location,Opposing Team,Score,S.O.C.
Sat Nov 2 @ 12:00 pm,Columbia Icefield: Warrior Field,Balls Deep,lost 35 - 14,2
END_PLAYOFFS

ROSTER:
Player,Captaincy,uwaterloo_email
Cyrus Yau,(C),clhyau@gmail.com
Jarret Cauchy,,
Vanna Chan,,
Serena Foo,,
Vincent Koo,,
Katherine Lui,,
Majoren Pushparajah,,
Brittany Sinclair,,
Jianing Wang,,
Tyler Wittmaier,,
Jonathan Wu,,
Kevin Yang,,
END_ROSTER
