INFO:
teamName,Individuals 1
teamAbbreviation,Individuals 1
sportId,n/a
sportName,n/a
sportRules,n/a
leagueId,watMu
levelId,n/a
seasonName,n/a
seasonId,n/a
Roster Size,12
Season Games Played,6
Playoff Round Lengths,1,1
END_INFO

SEASON:
Date/Time,Location,Opposing Team,Score,S.O.C.
Sat Sep 21 @ 4:00 pm,Columbia Icefield: Field 5,MAC1VE YARDS,lost 14 - 42,2
Sat Sep 21 @ 6:00 pm,Columbia Icefield: Field 5,Scared Hitless,lost 21 - 42,2
Sat Sep 28 @ 12:00 pm,Village Green,MAC1VE YARDS,lost 28 - 42,3
Sat Oct 5 @ 10:00 am,Columbia Icefield: Field 5,Team Clutch,lost 0 - 14,-2
Sat Oct 19 @ 12:00 pm,Columbia Icefield: Field 5,Back That Pass Up,lost 28 - 35,2
Tue Oct 29 @ 8:00 pm,Columbia Icefield: Warrior Field,Balls Deep,lost 0 - 14,3
END_SEASON

PLAYOFFS:
Date/Time,Location,Opposing Team,Score,S.O.C.
Sat Nov 2 @ 10:00 am,Columbia Icefield: Warrior Field,Show Me Your TouchDowns,won 14 - 0,2
Sat Nov 2 @ 11:00 am,Columbia Icefield: Warrior Field,Child Please,lost 42 - 7,2
END_PLAYOFFS

ROSTER:
Player,Captaincy,uwaterloo_email
Sacha Kyle Aitkens,,
Colin Bruulsema,,
Matthew Chang,,
Bo Deng,,
Nicholas Heersink,,
Timothy Heersink,,
Yu Huang,,
Avery Pullara,,
Bailong Qian,,
Can Tang,,
Jacob Thomas,,
Vanessa Wareham,,
END_ROSTER
