New York Rangers,NYR,nhl
1941-42,1942
18
48
6
GP,Date,Time,Location,Opponent,GF,GA,Result,Game Ended In,W,L,T,Streak
1,1941-11-01,time unavailable,@,Toronto Maple Leafs,4,3,W,REG,1,0,0,W 1
2,1941-11-09,time unavailable,@,Detroit Red Wings,3,1,W,REG,2,0,0,W 2
3,1941-11-15,time unavailable,H,Boston Bruins,1,2,L,REG,2,1,0,L 1
4,1941-11-16,time unavailable,@,Boston Bruins,1,2,L,REG,2,2,0,L 2
5,1941-11-18,time unavailable,H,Toronto Maple Leafs,6,8,L,REG,2,3,0,L 3
6,1941-11-20,time unavailable,H,Brooklyn Americans,1,4,L,REG,2,4,0,L 4
7,1941-11-22,time unavailable,@,Montreal Canadiens,7,2,W,REG,3,4,0,W 1
8,1941-11-23,time unavailable,H,Montreal Canadiens,4,6,L,REG,3,5,0,L 1
9,1941-11-25,time unavailable,H,Chicago Black Hawks,5,4,W,OT,4,5,0,W 1
10,1941-11-29,time unavailable,H,Detroit Red Wings,4,1,W,REG,5,5,0,W 2
11,1941-11-30,time unavailable,@,Chicago Black Hawks,5,1,W,REG,6,5,0,W 3
12,1941-12-07,time unavailable,H,Boston Bruins,5,4,W,REG,7,5,0,W 4
13,1941-12-11,time unavailable,@,Brooklyn Americans,5,3,W,REG,8,5,0,W 5
14,1941-12-13,time unavailable,@,Toronto Maple Leafs,1,2,L,REG,8,6,0,L 1
15,1941-12-16,time unavailable,H,Brooklyn Americans,3,2,W,OT,9,6,0,W 1
16,1941-12-18,time unavailable,@,Chicago Black Hawks,1,5,L,REG,9,7,0,L 1
17,1941-12-21,time unavailable,H,Montreal Canadiens,4,3,W,OT,10,7,0,W 1
18,1941-12-23,time unavailable,@,Boston Bruins,2,3,L,REG,10,8,0,L 1
19,1941-12-25,time unavailable,H,Chicago Black Hawks,5,2,W,REG,11,8,0,W 1
20,1941-12-27,time unavailable,@,Montreal Canadiens,4,2,W,REG,12,8,0,W 2
21,1941-12-28,time unavailable,@,Detroit Red Wings,3,1,W,REG,13,8,0,W 3
22,1941-12-31,time unavailable,@,Brooklyn Americans,4,3,W,REG,14,8,0,W 4
23,1942-01-01,time unavailable,H,Toronto Maple Leafs,3,3,T,OT,14,8,1,T 1
24,1942-01-06,time unavailable,H,Detroit Red Wings,3,2,W,REG,15,8,1,W 1
25,1942-01-13,time unavailable,H,Brooklyn Americans,9,2,W,REG,16,8,1,W 2
26,1942-01-17,time unavailable,@,Montreal Canadiens,2,6,L,REG,16,9,1,L 1
27,1942-01-18,time unavailable,H,Montreal Canadiens,5,4,W,OT,17,9,1,W 1
28,1942-01-20,time unavailable,@,Boston Bruins,4,2,W,REG,18,9,1,W 2
29,1942-01-24,time unavailable,@,Detroit Red Wings,3,2,W,REG,19,9,1,W 3
30,1942-01-25,time unavailable,H,Detroit Red Wings,11,2,W,REG,20,9,1,W 4
31,1942-02-01,time unavailable,H,Toronto Maple Leafs,7,2,W,REG,21,9,1,W 5
32,1942-02-03,time unavailable,@,Brooklyn Americans,3,2,W,OT,22,9,1,W 6
33,1942-02-05,time unavailable,H,Boston Bruins,4,1,W,REG,23,9,1,W 7
34,1942-02-07,time unavailable,@,Toronto Maple Leafs,4,6,L,REG,23,10,1,L 1
35,1942-02-08,time unavailable,@,Chicago Black Hawks,4,3,W,REG,24,10,1,W 1
36,1942-02-10,time unavailable,H,Chicago Black Hawks,2,5,L,REG,24,11,1,L 1
37,1942-02-14,time unavailable,@,Montreal Canadiens,3,5,L,REG,24,12,1,L 2
38,1942-02-15,time unavailable,H,Brooklyn Americans,1,5,L,REG,24,13,1,L 3
39,1942-02-17,time unavailable,H,Montreal Canadiens,1,2,L,OT,24,14,1,L 4
40,1942-02-22,time unavailable,H,Chicago Black Hawks,3,2,W,REG,25,14,1,W 1
41,1942-02-24,time unavailable,@,Boston Bruins,4,3,W,REG,26,14,1,W 2
42,1942-02-26,time unavailable,H,Detroit Red Wings,7,4,W,REG,27,14,1,W 3
43,1942-03-03,time unavailable,@,Brooklyn Americans,4,4,T,OT,27,14,2,T 1
44,1942-03-05,time unavailable,@,Detroit Red Wings,2,5,L,REG,27,15,2,L 1
45,1942-03-07,time unavailable,@,Toronto Maple Leafs,2,4,L,REG,27,16,2,L 2
46,1942-03-08,time unavailable,H,Toronto Maple Leafs,2,0,W,REG,28,16,2,W 1
47,1942-03-12,time unavailable,H,Boston Bruins,1,2,L,REG,28,17,2,L 1
48,1942-03-15,time unavailable,@,Chicago Black Hawks,5,1,W,REG,29,17,2,W 1

GP,Date,Time,Location,Opponent,GF,GA,Result,Game Ended In,W,L,T,Streak
1,1942-03-21,time unavailable,@,Toronto Maple Leafs,1,3,L,REG,0,1,0,L 1
2,1942-03-22,time unavailable,H,Toronto Maple Leafs,2,4,L,REG,0,2,0,L 2
3,1942-03-24,time unavailable,H,Toronto Maple Leafs,3,0,W,REG,1,2,0,W 1
4,1942-03-28,time unavailable,@,Toronto Maple Leafs,1,2,L,REG,1,3,0,L 1
5,1942-03-29,time unavailable,H,Toronto Maple Leafs,3,1,W,REG,2,3,0,W 1
6,1942-03-31,time unavailable,@,Toronto Maple Leafs,2,3,L,REG,2,4,0,L 1

Norm Burns,,n/a,C,23,6-0,195,R/-,R,"February 20, 1918",ca,"0 G, 4 A, 4 P"
Mac Colville,,n/a,RW,26,5-9,175,R/-,6,"January 8, 1916",ca,"14 G, 16 A, 30 P"
Neil Colville,,n/a,C,27,5-11,175,R/-,6,"August 4, 1914",ca,"8 G, 25 A, 33 P"
Art Coulter,(C),n/a,D,32,5-11,185,R/-,10,"May 31, 1909",ca,"1 G, 16 A, 17 P"
Ott Heller,,n/a,D,31,6-0,190,R/-,10,"June 2, 1910",ca,"6 G, 5 A, 11 P"
Jim Henry,,n/a,G,21,5-9,165,-/L,R,"October 23, 1920",ca,"29-17-2, 2.90 GAA"
Bryan Hextall,,n/a,RW,28,5-10,180,L/-,5,"July 31, 1913",ca,"24 G, 32 A, 56 P"
Bill Juzda,,n/a,D,21,5-9,190,R/-,1,"October 29, 1920",ca,"4 G, 8 A, 12 P"
Alan Kuntz,,n/a,LW,22,5-11,165,L/-,R,"June 4, 1919",ca,"10 G, 11 A, 21 P"
Hub Macey,,n/a,LW,20,5-8,178,L/-,R,"April 13, 1921",ca,"3 G, 5 A, 8 P"
Lynn Patrick,,n/a,LW,29,6-1,192,L/-,7,"February 3, 1912",ca,"32 G, 22 A, 54 P"
Alf Pike,,n/a,C,24,6-0,187,L/-,2,"September 15, 1917",ca,"8 G, 19 A, 27 P"
Babe Pratt,,n/a,D,26,6-3,212,L/-,6,"January 7, 1916",ca,"4 G, 24 A, 28 P"
Alex Shibicky,,n/a,LW,27,6-0,180,R/-,6,"May 19, 1914",ca,"20 G, 14 A, 34 P"
Clint Smith,,n/a,C,28,5-8,165,L/-,5,"December 12, 1913",ca,"10 G, 24 A, 34 P"
Norm Tustin,,n/a,LW,23,5-11,175,L/-,R,"January 3, 1919",ca,"2 G, 4 A, 6 P"
Grant Warwick,,n/a,RW,20,5-6,155,R/-,R,"October 11, 1921",ca,"16 G, 17 A, 33 P"
Phil Watson,,n/a,C,27,5-11,165,R/-,6,"April 24, 1914",ca,"15 G, 37 A, 52 P"
