Los Angeles Sharks,LAS,wha
1973-74,1974
35
78
0
GP,Date,Time,Location,Opponent,GF,GA,Result,Game Ended In,W,L,T,Streak
1,1973-10-13,time unavailable,H,Houston Aeros,3,4,L,REG,0,1,0,L 1
2,1973-10-16,time unavailable,H,Toronto Toros,0,3,L,REG,0,2,0,L 2
3,1973-10-18,time unavailable,H,Chicago Cougars,2,7,L,REG,0,3,0,L 3
4,1973-10-21,time unavailable,@,Vancouver Blazers,4,1,W,REG,1,3,0,W 1
5,1973-10-23,time unavailable,H,Cleveland Crusaders,4,3,W,REG,2,3,0,W 2
6,1973-10-24,time unavailable,@,Houston Aeros,2,6,L,REG,2,4,0,L 1
7,1973-10-26,time unavailable,@,Cleveland Crusaders,1,3,L,REG,2,5,0,L 2
8,1973-10-27,time unavailable,@,New England Whalers,1,3,L,REG,2,6,0,L 3
9,1973-10-28,time unavailable,@,New York Golden Blades/New Jersey Knights,2,0,W,REG,3,6,0,W 1
10,1973-10-30,time unavailable,H,Quebec Nordiques,4,6,L,REG,3,7,0,L 1
11,1973-11-02,time unavailable,H,Minnesota Fighting Saints,1,5,L,REG,3,8,0,L 2
12,1973-11-03,time unavailable,@,Houston Aeros,4,6,L,REG,3,9,0,L 3
13,1973-11-04,time unavailable,@,Toronto Toros,3,6,L,REG,3,10,0,L 4
14,1973-11-06,time unavailable,@,Chicago Cougars,4,5,L,OT,3,11,0,L 5
15,1973-11-07,time unavailable,@,Vancouver Blazers,3,1,W,REG,4,11,0,W 1
16,1973-11-09,time unavailable,H,Toronto Toros,4,2,W,REG,5,11,0,W 2
17,1973-11-11,time unavailable,@,Winnipeg Jets,2,6,L,REG,5,12,0,L 1
18,1973-11-13,time unavailable,@,Edmonton Oilers,0,4,L,REG,5,13,0,L 2
19,1973-11-16,time unavailable,H,Cleveland Crusaders,3,4,L,OT,5,14,0,L 3
20,1973-11-18,time unavailable,H,New England Whalers,2,5,L,REG,5,15,0,L 4
21,1973-11-20,time unavailable,H,Minnesota Fighting Saints,6,2,W,REG,6,15,0,W 1
22,1973-11-22,time unavailable,H,Chicago Cougars,3,4,L,REG,6,16,0,L 1
23,1973-11-23,time unavailable,H,Edmonton Oilers,2,0,W,REG,7,16,0,W 1
24,1973-11-27,time unavailable,H,Winnipeg Jets,5,4,W,OT,8,16,0,W 2
25,1973-11-30,time unavailable,@,Winnipeg Jets,5,2,W,REG,9,16,0,W 3
26,1973-12-01,time unavailable,@,Chicago Cougars,5,4,W,OT,10,16,0,W 4
27,1973-12-04,time unavailable,@,Minnesota Fighting Saints,2,9,L,REG,10,17,0,L 1
28,1973-12-06,time unavailable,H,Houston Aeros,4,3,W,REG,11,17,0,W 1
29,1973-12-12,time unavailable,@,Edmonton Oilers,7,2,W,REG,12,17,0,W 2
30,1973-12-14,time unavailable,@,Winnipeg Jets,0,1,L,REG,12,18,0,L 1
31,1973-12-15,time unavailable,@,Vancouver Blazers,4,6,L,REG,12,19,0,L 2
32,1973-12-16,time unavailable,H,Vancouver Blazers,5,3,W,REG,13,19,0,W 1
33,1973-12-18,time unavailable,H,Vancouver Blazers,2,5,L,REG,13,20,0,L 1
34,1973-12-21,time unavailable,@,Minnesota Fighting Saints,3,4,L,REG,13,21,0,L 2
35,1973-12-22,time unavailable,@,Houston Aeros,3,8,L,REG,13,22,0,L 3
36,1973-12-27,time unavailable,H,New England Whalers,1,5,L,REG,13,23,0,L 4
37,1973-12-30,time unavailable,H,Houston Aeros,4,6,L,REG,13,24,0,L 5
38,1974-01-04,time unavailable,H,Edmonton Oilers,4,3,W,REG,14,24,0,W 1
39,1974-01-08,time unavailable,H,Winnipeg Jets,4,1,W,REG,15,24,0,W 2
40,1974-01-10,time unavailable,@,Quebec Nordiques,1,7,L,REG,15,25,0,L 1
41,1974-01-12,time unavailable,@,Cleveland Crusaders,4,5,L,REG,15,26,0,L 2
42,1974-01-13,time unavailable,@,New England Whalers,6,9,L,REG,15,27,0,L 3
43,1974-01-15,time unavailable,H,Quebec Nordiques,6,4,W,REG,16,27,0,W 1
44,1974-01-18,time unavailable,H,Toronto Toros,4,1,W,REG,17,27,0,W 2
45,1974-01-19,time unavailable,@,Houston Aeros,3,2,W,REG,18,27,0,W 3
46,1974-01-20,time unavailable,H,Vancouver Blazers,0,3,L,REG,18,28,0,L 1
47,1974-01-22,time unavailable,@,Houston Aeros,1,3,L,REG,18,29,0,L 2
48,1974-01-25,time unavailable,H,Quebec Nordiques,2,0,W,REG,19,29,0,W 1
49,1974-01-27,time unavailable,@,New York Golden Blades/New Jersey Knights,6,3,W,REG,20,29,0,W 2
50,1974-01-29,time unavailable,@,Quebec Nordiques,0,5,L,REG,20,30,0,L 1
51,1974-01-31,time unavailable,@,Toronto Toros,4,5,L,OT,20,31,0,L 2
52,1974-02-01,time unavailable,@,Winnipeg Jets,0,4,L,REG,20,32,0,L 3
53,1974-02-03,time unavailable,@,Edmonton Oilers,2,5,L,REG,20,33,0,L 4
54,1974-02-07,time unavailable,H,New York Golden Blades/New Jersey Knights,4,7,L,REG,20,34,0,L 5
55,1974-02-10,time unavailable,H,Chicago Cougars,2,4,L,REG,20,35,0,L 6
56,1974-02-12,time unavailable,H,Winnipeg Jets,2,4,L,REG,20,36,0,L 7
57,1974-02-15,time unavailable,H,Houston Aeros,4,6,L,REG,20,37,0,L 8
58,1974-02-17,time unavailable,H,Vancouver Blazers,0,4,L,REG,20,38,0,L 9
59,1974-02-20,time unavailable,H,New England Whalers,4,2,W,REG,21,38,0,W 1
60,1974-02-24,time unavailable,H,Edmonton Oilers,3,5,L,REG,21,39,0,L 1
61,1974-02-26,time unavailable,@,Chicago Cougars,2,4,L,REG,21,40,0,L 2
62,1974-02-27,time unavailable,@,Minnesota Fighting Saints,4,5,L,REG,21,41,0,L 3
63,1974-03-02,time unavailable,@,New York Golden Blades/New Jersey Knights,7,8,L,REG,21,42,0,L 4
64,1974-03-03,time unavailable,@,Minnesota Fighting Saints,3,5,L,REG,21,43,0,L 5
65,1974-03-05,time unavailable,H,Cleveland Crusaders,3,6,L,REG,21,44,0,L 6
66,1974-03-08,time unavailable,H,Edmonton Oilers,4,1,W,REG,22,44,0,W 1
67,1974-03-10,time unavailable,H,Minnesota Fighting Saints,6,5,W,REG,23,44,0,W 2
68,1974-03-12,time unavailable,@,Edmonton Oilers,1,8,L,REG,23,45,0,L 1
69,1974-03-13,time unavailable,@,Vancouver Blazers,2,5,L,REG,23,46,0,L 2
70,1974-03-14,time unavailable,H,Houston Aeros,0,6,L,REG,23,47,0,L 3
71,1974-03-20,time unavailable,H,New York Golden Blades/New Jersey Knights,5,8,L,REG,23,48,0,L 4
72,1974-03-22,time unavailable,H,Minnesota Fighting Saints,2,5,L,REG,23,49,0,L 5
73,1974-03-24,time unavailable,H,Winnipeg Jets,6,3,W,REG,24,49,0,W 1
74,1974-03-27,time unavailable,@,New England Whalers,1,7,L,REG,24,50,0,L 1
75,1974-03-28,time unavailable,@,Quebec Nordiques,3,9,L,REG,24,51,0,L 2
76,1974-03-30,time unavailable,@,Cleveland Crusaders,4,5,L,OT,24,52,0,L 3
77,1974-03-31,time unavailable,@,Toronto Toros,4,5,L,REG,24,53,0,L 4
78,1974-04-04,time unavailable,H,New York Golden Blades/New Jersey Knights,6,4,W,REG,25,53,0,W 1

Time,Location,Result,Game Ended In

Kirk Bowman,,n/a,LW,21,5-9,178,L/-,R,"September 30, 1952",ca,"0 G, 2 A, 2 P"
Bart Crashley,,n/a,D,27,6-0,180,R/-,1,"June 15, 1946",ca,"4 G, 26 A, 30 P"
Brian Derksen,,n/a,D,22,5-10,190,L/-,R,"November 27, 1951",ca,"0 G, 0 A, 0 P"
George Gardner,,n/a,G,31,5-8,165,-/L,1,"October 8, 1942",ca,", 6.50 GAA"
Ron Garwasiuk,,n/a,D,24,5-8,160,L/-,R,"February 17, 1949",ca,"6 G, 13 A, 19 P"
Russ Gillow,,n/a,G,33,5-10,165,-/L,1,"September 2, 1940",ca,", 3.98 GAA"
Don Gordon,,n/a,RW,25,5-11,180,R/-,R,"April 17, 1948",ca,"8 G, 6 A, 14 P"
Earl Heiskala,,n/a,LW,31,6-0,185,L/-,1,"November 30, 1942",ca,"2 G, 6 A, 8 P"
Ted Hodgson,,n/a,RW,28,5-11,185,R/-,1,"June 30, 1945",ca,"3 G, 9 A, 12 P"
Paul Hoganson,,n/a,G,24,5-11,175,-/R,R,"November 12, 1949",ca,", 4.68 GAA"
Bill Horton,,n/a,D,27,6-0,180,L/-,1,"September 5, 1946",ca,"0 G, 9 A, 9 P"
Mike Hyndman,,n/a,RW,28,6-1,205,R/-,1,"December 8, 1945",ca,"0 G, 1 A, 1 P"
J.P. LeBlanc,,n/a,C,27,5-10,170,L/-,1,"October 20, 1946",ca,"20 G, 46 A, 66 P"
Ralph MacSweyn,,n/a,D,31,5-11,190,R/-,1,"September 8, 1942",ca,"0 G, 3 A, 3 P"
Ted McCaskill,,n/a,C,37,6-1,195,L/-,1,"October 29, 1936",ca,"2 G, 2 A, 4 P"
Brian McDonald,,n/a,RW,28,5-11,190,R/-,1,"March 23, 1945",ca,"22 G, 30 A, 52 P"
Jim McLeod,,n/a,G,36,5-8,170,-/L,1,"April 7, 1937",ca,", 4.27 GAA"
Jim Niekamp,,n/a,D,27,6-1,185,R/-,1,"March 11, 1946",us,"2 G, 19 A, 21 P"
Gerry Odrowski,,n/a,D,35,5-10,185,L/-,1,"October 4, 1938",ca,"4 G, 32 A, 36 P"
Tom Serviss,,n/a,C,25,5-10,185,R/-,1,"May 25, 1948",ca,"6 G, 15 A, 21 P"
Peter Slater,,n/a,C,26,5-9,170,R/-,1,"January 31, 1948",ca,"1 G, 1 A, 2 P"
Fred Speck,,n/a,C,26,5-9,160,L/-,1,"July 22, 1947",ca,"2 G, 5 A, 7 P"
Steve Sutherland,,n/a,LW,27,5-11,172,L/-,1,"September 1, 1946",ca,"20 G, 12 A, 32 P"
Marc Tardif,,n/a,LW,24,6-0,195,L/-,R,"June 12, 1949",ca,"40 G, 30 A, 70 P"
Reg Thomas,,n/a,C,20,5-10,185,L/-,R,"April 21, 1953",ca,"14 G, 21 A, 35 P"
Gary Veneruzzo,,n/a,LW,30,5-8,165,L/-,1,"June 28, 1943",ca,"39 G, 29 A, 68 P"
Ron Walters,,n/a,C,25,6-0,175,R/-,1,"March 9, 1948",ca,"14 G, 14 A, 28 P"
Ron Ward,,n/a,C,29,5-11,175,R/-,1,"September 12, 1944",ca,"14 G, 19 A, 33 P"
Jim Watson,,n/a,D,30,6-2,186,L/-,1,"June 28, 1943",ca,"0 G, 6 A, 6 P"
Alton White,,n/a,RW,28,5-9,175,R/-,1,"May 31, 1945",ca,"8 G, 13 A, 21 P"
Bob Whitlock,,n/a,C,24,5-10,175,R/-,1,"July 16, 1949",ca,"4 G, 10 A, 14 P"
Ian Wilkie,,n/a,G,24,5-9,175,-/R,1,"July 20, 1949",ca,", 3.91 GAA"
Hal Willis,,n/a,D,27,6-2,215,L/-,1,"June 8, 1946",ca,"1 G, 2 A, 3 P"
Bill Young,,n/a,LW,26,6-1,195,L/-,1,"July 5, 1947",ca,"1 G, 3 A, 4 P"
Jerry Zrymiak,,n/a,D,25,6-1,195,R/-,1,"October 19, 1948",ca,"2 G, 8 A, 10 P"
