New England Whalers,NEW,wha
1973-74,1974
24
78
7
GP,Date,Time,Location,Opponent,GF,GA,Result,Game Ended In,W,L,T,Streak
1,1973-10-07,time unavailable,@,Quebec Nordiques,2,4,L,REG,0,1,0,L 1
2,1973-10-09,time unavailable,H,Quebec Nordiques,3,2,W,REG,1,1,0,W 1
3,1973-10-13,time unavailable,H,Chicago Cougars,6,4,W,REG,2,1,0,W 2
4,1973-10-14,time unavailable,@,New York Golden Blades/New Jersey Knights,2,1,W,OT,3,1,0,W 3
5,1973-10-15,time unavailable,H,Minnesota Fighting Saints,3,3,T,REG,3,1,1,T 1
6,1973-10-17,time unavailable,H,Winnipeg Jets,1,3,L,REG,3,2,1,L 1
7,1973-10-19,time unavailable,@,Minnesota Fighting Saints,0,1,L,REG,3,3,1,L 2
8,1973-10-21,time unavailable,@,Toronto Toros,4,3,W,REG,4,3,1,W 1
9,1973-10-22,time unavailable,H,New York Golden Blades/New Jersey Knights,4,1,W,REG,5,3,1,W 2
10,1973-10-25,time unavailable,@,New York Golden Blades/New Jersey Knights,8,3,W,REG,6,3,1,W 3
11,1973-10-27,time unavailable,H,Los Angeles Sharks,3,1,W,REG,7,3,1,W 4
12,1973-11-03,time unavailable,H,Toronto Toros,4,5,L,REG,7,4,1,L 1
13,1973-11-04,time unavailable,H,Cleveland Crusaders,7,5,W,REG,8,4,1,W 1
14,1973-11-07,time unavailable,H,Winnipeg Jets,9,2,W,REG,9,4,1,W 2
15,1973-11-10,time unavailable,H,Edmonton Oilers,3,6,L,REG,9,5,1,L 1
16,1973-11-11,time unavailable,@,Quebec Nordiques,2,3,L,REG,9,6,1,L 2
17,1973-11-12,time unavailable,H,New York Golden Blades/New Jersey Knights,3,2,W,OT,10,6,1,W 1
18,1973-11-15,time unavailable,@,Quebec Nordiques,5,3,W,REG,11,6,1,W 2
19,1973-11-17,time unavailable,H,Quebec Nordiques,4,10,L,REG,11,7,1,L 1
20,1973-11-18,time unavailable,@,Los Angeles Sharks,5,2,W,REG,12,7,1,W 1
21,1973-11-21,time unavailable,@,Houston Aeros,1,4,L,REG,12,8,1,L 1
22,1973-11-22,time unavailable,@,Minnesota Fighting Saints,5,7,L,REG,12,9,1,L 2
23,1973-11-26,time unavailable,H,New York Golden Blades/New Jersey Knights,4,2,W,REG,13,9,1,W 1
24,1973-11-29,time unavailable,H,Houston Aeros,5,2,W,REG,14,9,1,W 2
25,1973-12-02,time unavailable,H,Chicago Cougars,4,3,W,REG,15,9,1,W 3
26,1973-12-08,time unavailable,@,Cleveland Crusaders,1,2,L,OT,15,10,1,L 1
27,1973-12-09,time unavailable,H,Cleveland Crusaders,3,2,W,REG,16,10,1,W 1
28,1973-12-12,time unavailable,H,Toronto Toros,8,6,W,REG,17,10,1,W 2
29,1973-12-14,time unavailable,H,New York Golden Blades/New Jersey Knights,3,1,W,REG,18,10,1,W 3
30,1973-12-16,time unavailable,H,Chicago Cougars,2,3,L,REG,18,11,1,L 1
31,1973-12-19,time unavailable,H,Edmonton Oilers,4,2,W,REG,19,11,1,W 1
32,1973-12-22,time unavailable,H,Winnipeg Jets,0,2,L,REG,19,12,1,L 1
33,1973-12-24,time unavailable,H,Vancouver Blazers,5,4,W,OT,20,12,1,W 1
34,1973-12-26,time unavailable,@,Houston Aeros,3,2,W,OT,21,12,1,W 2
35,1973-12-27,time unavailable,@,Los Angeles Sharks,5,1,W,REG,22,12,1,W 3
36,1973-12-29,time unavailable,@,Edmonton Oilers,2,6,L,REG,22,13,1,L 1
37,1973-12-30,time unavailable,@,Vancouver Blazers,5,6,L,OT,22,14,1,L 2
38,1974-01-04,time unavailable,@,Winnipeg Jets,4,3,W,REG,23,14,1,W 1
39,1974-01-05,time unavailable,@,Cleveland Crusaders,0,1,L,REG,23,15,1,L 1
40,1974-01-08,time unavailable,H,Toronto Toros,2,3,L,REG,23,16,1,L 2
41,1974-01-10,time unavailable,@,Toronto Toros,6,6,T,REG,23,16,2,T 1
42,1974-01-13,time unavailable,H,Los Angeles Sharks,9,6,W,REG,24,16,2,W 1
43,1974-01-16,time unavailable,H,New York Golden Blades/New Jersey Knights,4,2,W,REG,25,16,2,W 2
44,1974-01-17,time unavailable,H,Chicago Cougars,2,5,L,REG,25,17,2,L 1
45,1974-01-19,time unavailable,H,Minnesota Fighting Saints,5,2,W,REG,26,17,2,W 1
46,1974-01-20,time unavailable,@,Toronto Toros,4,8,L,REG,26,18,2,L 1
47,1974-01-22,time unavailable,@,Chicago Cougars,3,5,L,REG,26,19,2,L 2
48,1974-01-26,time unavailable,H,Cleveland Crusaders,4,0,W,REG,27,19,2,W 1
49,1974-01-28,time unavailable,H,Vancouver Blazers,6,4,W,REG,28,19,2,W 2
50,1974-01-31,time unavailable,@,New York Golden Blades/New Jersey Knights,1,4,L,REG,28,20,2,L 1
51,1974-02-02,time unavailable,H,Houston Aeros,5,2,W,REG,29,20,2,W 1
52,1974-02-03,time unavailable,@,Cleveland Crusaders,1,3,L,REG,29,21,2,L 1
53,1974-02-06,time unavailable,H,Quebec Nordiques,0,3,L,REG,29,22,2,L 2
54,1974-02-08,time unavailable,@,Cleveland Crusaders,4,2,W,REG,30,22,2,W 1
55,1974-02-10,time unavailable,H,Minnesota Fighting Saints,2,5,L,REG,30,23,2,L 1
56,1974-02-13,time unavailable,@,Vancouver Blazers,4,9,L,REG,30,24,2,L 2
57,1974-02-15,time unavailable,@,Edmonton Oilers,7,3,W,REG,31,24,2,W 1
58,1974-02-17,time unavailable,@,Winnipeg Jets,3,2,W,OT,32,24,2,W 2
59,1974-02-20,time unavailable,@,Los Angeles Sharks,2,4,L,REG,32,25,2,L 1
60,1974-02-23,time unavailable,@,Chicago Cougars,3,0,W,REG,33,25,2,W 1
61,1974-02-24,time unavailable,@,Toronto Toros,0,2,L,REG,33,26,2,L 1
62,1974-02-27,time unavailable,H,Toronto Toros,5,3,W,REG,34,26,2,W 1
63,1974-02-28,time unavailable,@,New York Golden Blades/New Jersey Knights,3,3,T,REG,34,26,3,T 1
64,1974-03-02,time unavailable,H,Vancouver Blazers,7,1,W,REG,35,26,3,W 1
65,1974-03-03,time unavailable,@,Houston Aeros,6,3,W,REG,36,26,3,W 2
66,1974-03-05,time unavailable,@,Chicago Cougars,3,2,W,REG,37,26,3,W 3
67,1974-03-06,time unavailable,@,Minnesota Fighting Saints,6,8,L,REG,37,27,3,L 1
68,1974-03-08,time unavailable,@,New York Golden Blades/New Jersey Knights,7,2,W,REG,38,27,3,W 1
69,1974-03-12,time unavailable,@,Chicago Cougars,3,5,L,REG,38,28,3,L 1
70,1974-03-14,time unavailable,@,Vancouver Blazers,6,3,W,REG,39,28,3,W 1
71,1974-03-15,time unavailable,@,Edmonton Oilers,6,2,W,REG,40,28,3,W 2
72,1974-03-17,time unavailable,@,Winnipeg Jets,1,10,L,REG,40,29,3,L 1
73,1974-03-20,time unavailable,H,Edmonton Oilers,2,2,T,REG,40,29,4,T 1
74,1974-03-24,time unavailable,@,Quebec Nordiques,3,4,L,REG,40,30,4,L 1
75,1974-03-27,time unavailable,H,Los Angeles Sharks,7,1,W,REG,41,30,4,W 1
76,1974-03-28,time unavailable,H,Cleveland Crusaders,3,2,W,REG,42,30,4,W 2
77,1974-03-31,time unavailable,H,Quebec Nordiques,3,2,W,OT,43,30,4,W 3
78,1974-04-01,time unavailable,H,Houston Aeros,1,4,L,REG,43,31,4,L 1

GP,Date,Time,Location,Opponent,GF,GA,Result,Game Ended In,W,L,T,Streak
1,1974-04-06,time unavailable,H,Chicago Cougars,6,4,W,REG,1,0,0,W 1
2,1974-04-07,time unavailable,H,Chicago Cougars,4,3,W,OT,2,0,0,W 2
3,1974-04-09,time unavailable,@,Chicago Cougars,6,8,L,REG,2,1,0,L 1
4,1974-04-10,time unavailable,@,Chicago Cougars,1,2,L,OT,2,2,0,L 2
5,1974-04-12,time unavailable,H,Chicago Cougars,2,4,L,REG,2,3,0,L 3
6,1974-04-14,time unavailable,@,Chicago Cougars,2,0,W,REG,3,3,0,W 1
7,1974-04-16,time unavailable,H,Chicago Cougars,2,3,L,REG,3,4,0,L 1

Bill Berglund,,n/a,G,25,6-1,185,-/L,R,"September 24, 1948",us,", 3.55 GAA"
Don Blackburn,,n/a,LW,35,6-0,190,L/-,R,"May 14, 1938",ca,"20 G, 39 A, 59 P"
Mike Byers,,n/a,RW,27,5-10,185,R/-,1,"September 11, 1946",ca,"29 G, 21 A, 50 P"
Bob Charlebois,,n/a,LW,29,6-0,175,L/-,1,"May 27, 1944",ca,"4 G, 7 A, 11 P"
John Cunniff,,n/a,LW,30,5-9,175,L/-,1,"July 9, 1943",us,"7 G, 5 A, 12 P"
John Danby,,n/a,C,25,5-10,165,R/-,1,"July 20, 1948",ca,"2 G, 2 A, 4 P"
Jim Dorey,,n/a,D,26,6-1,190,L/-,1,"August 17, 1947",ca,"6 G, 40 A, 46 P"
Tom Earl,,n/a,RW,26,6-0,172,R/-,1,"June 10, 1947",ca,"10 G, 10 A, 20 P"
John French,,n/a,LW,23,5-11,165,L/-,1,"August 25, 1950",ca,"24 G, 48 A, 72 P"
Ted Green,,n/a,D,33,5-10,200,R/-,1,"March 23, 1940",ca,"7 G, 26 A, 33 P"
Hugh Harris,,n/a,LW,25,6-1,195,L/-,R,"June 7, 1948",ca,"24 G, 28 A, 52 P"
Paul Hurley,,n/a,D,27,5-11,185,R/-,1,"July 12, 1946",us,"3 G, 11 A, 14 P"
Ric Jordan,,n/a,D,23,6-3,200,L/-,1,"March 31, 1950",ca,"0 G, 3 A, 3 P"
Al Karlander,,n/a,C,27,5-8,170,L/-,R,"November 5, 1946",ca,"20 G, 41 A, 61 P"
Mike Keeler,,n/a,D,23,5-10,175,R/-,R,"May 21, 1950",ca,"0 G, 0 A, 0 P"
Bruce Landon,,n/a,G,24,5-10,175,-/L,1,"October 5, 1949",ca,", 3.33 GAA"
Rick Ley,,n/a,D,25,5-9,190,L/-,1,"November 2, 1948",ca,"6 G, 35 A, 41 P"
Larry Pleau,,n/a,LW,27,6-1,190,L/-,1,"January 29, 1947",us,"26 G, 43 A, 69 P"
Brad Selwood,,n/a,D,25,6-1,200,L/-,1,"March 18, 1948",ca,"9 G, 28 A, 37 P"
Tim Sheehy,,n/a,RW,25,6-1,185,R/-,1,"September 3, 1948",ca,"29 G, 29 A, 58 P"
Al Smith,,n/a,G,28,6-1,200,-/L,1,"November 10, 1945",ca,", 3.08 GAA"
Guy Smith,,n/a,RW,24,6-1,185,R/-,1,"January 2, 1950",ca,"1 G, 5 A, 6 P"
Tom Webster,,n/a,RW,25,5-10,170,R/-,1,"October 4, 1948",ca,"43 G, 27 A, 70 P"
Tommy Williams,,n/a,C,33,5-11,180,R/-,1,"April 17, 1940",us,"21 G, 37 A, 58 P"
