New York Golden Blades/New Jersey Knights,NYJ,wha
1973-74,1974
28
78
0
GP,Date,Time,Location,Opponent,GF,GA,Result,Game Ended In,W,L,T,Streak
1,1973-10-06,time unavailable,@,Cleveland Crusaders,2,2,T,REG,0,0,1,T 1
2,1973-10-09,time unavailable,@,Toronto Toros,3,3,T,REG,0,0,2,T 2
3,1973-10-11,time unavailable,H,Chicago Cougars,3,4,L,REG,0,1,2,L 1
4,1973-10-14,time unavailable,H,New England Whalers,1,2,L,OT,0,2,2,L 2
5,1973-10-18,time unavailable,H,Winnipeg Jets,1,6,L,REG,0,3,2,L 3
6,1973-10-20,time unavailable,@,Quebec Nordiques,1,8,L,REG,0,4,2,L 4
7,1973-10-21,time unavailable,H,Quebec Nordiques,4,3,W,REG,1,4,2,W 1
8,1973-10-22,time unavailable,@,New England Whalers,1,4,L,REG,1,5,2,L 1
9,1973-10-24,time unavailable,H,Minnesota Fighting Saints,5,2,W,REG,2,5,2,W 1
10,1973-10-25,time unavailable,H,New England Whalers,3,8,L,REG,2,6,2,L 1
11,1973-10-28,time unavailable,H,Los Angeles Sharks,0,2,L,REG,2,7,2,L 2
12,1973-11-02,time unavailable,@,Winnipeg Jets,1,3,L,REG,2,8,2,L 3
13,1973-11-03,time unavailable,@,Vancouver Blazers,4,0,W,REG,3,8,2,W 1
14,1973-11-04,time unavailable,@,Vancouver Blazers,4,3,W,REG,4,8,2,W 2
15,1973-11-06,time unavailable,@,Edmonton Oilers,0,8,L,REG,4,9,2,L 1
16,1973-11-07,time unavailable,@,Minnesota Fighting Saints,1,10,L,REG,4,10,2,L 2
17,1973-11-10,time unavailable,H,Quebec Nordiques,4,3,W,REG,5,10,2,W 1
18,1973-11-12,time unavailable,@,New England Whalers,2,3,L,OT,5,11,2,L 1
19,1973-11-17,time unavailable,H,Houston Aeros,2,3,L,REG,5,12,2,L 2
20,1973-11-18,time unavailable,H,Chicago Cougars,5,3,W,REG,6,12,2,W 1
21,1973-11-25,time unavailable,H,Quebec Nordiques,3,1,W,REG,7,12,2,W 2
22,1973-11-26,time unavailable,@,New England Whalers,2,4,L,REG,7,13,2,L 1
23,1973-11-29,time unavailable,H,Edmonton Oilers,2,3,L,REG,7,14,2,L 2
24,1973-12-02,time unavailable,H,Minnesota Fighting Saints,2,1,W,REG,8,14,2,W 1
25,1973-12-05,time unavailable,@,Houston Aeros,2,5,L,REG,8,15,2,L 1
26,1973-12-06,time unavailable,H,Cleveland Crusaders,3,2,W,REG,9,15,2,W 1
27,1973-12-08,time unavailable,@,Chicago Cougars,3,1,W,REG,10,15,2,W 2
28,1973-12-09,time unavailable,@,Winnipeg Jets,1,3,L,REG,10,16,2,L 1
29,1973-12-12,time unavailable,@,Cleveland Crusaders,4,2,W,REG,11,16,2,W 1
30,1973-12-14,time unavailable,@,New England Whalers,1,3,L,REG,11,17,2,L 1
31,1973-12-16,time unavailable,H,Edmonton Oilers,6,7,L,REG,11,18,2,L 2
32,1973-12-18,time unavailable,@,Toronto Toros,1,4,L,REG,11,19,2,L 3
33,1973-12-21,time unavailable,H,Chicago Cougars,5,1,W,REG,12,19,2,W 1
34,1973-12-23,time unavailable,H,Winnipeg Jets,6,3,W,REG,13,19,2,W 2
35,1973-12-28,time unavailable,H,Vancouver Blazers,5,3,W,REG,14,19,2,W 3
36,1973-12-29,time unavailable,@,Cleveland Crusaders,0,3,L,REG,14,20,2,L 1
37,1973-12-30,time unavailable,H,Cleveland Crusaders,6,2,W,REG,15,20,2,W 1
38,1974-01-05,time unavailable,H,Houston Aeros,2,1,W,REG,16,20,2,W 2
39,1974-01-06,time unavailable,@,Toronto Toros,4,2,W,REG,17,20,2,W 3
40,1974-01-07,time unavailable,H,Vancouver Blazers,4,5,L,REG,17,21,2,L 1
41,1974-01-13,time unavailable,@,Toronto Toros,2,7,L,REG,17,22,2,L 2
42,1974-01-16,time unavailable,@,New England Whalers,2,4,L,REG,17,23,2,L 3
43,1974-01-18,time unavailable,@,Edmonton Oilers,4,7,L,REG,17,24,2,L 4
44,1974-01-19,time unavailable,@,Vancouver Blazers,5,4,W,OT,18,24,2,W 1
45,1974-01-20,time unavailable,@,Winnipeg Jets,3,9,L,REG,18,25,2,L 1
46,1974-01-22,time unavailable,@,Edmonton Oilers,6,2,W,REG,19,25,2,W 1
47,1974-01-23,time unavailable,@,Minnesota Fighting Saints,4,1,W,REG,20,25,2,W 2
48,1974-01-27,time unavailable,H,Los Angeles Sharks,3,6,L,REG,20,26,2,L 1
49,1974-01-29,time unavailable,H,Toronto Toros,6,1,W,REG,21,26,2,W 1
50,1974-01-31,time unavailable,H,New England Whalers,4,1,W,REG,22,26,2,W 2
51,1974-02-03,time unavailable,@,Quebec Nordiques,3,5,L,REG,22,27,2,L 1
52,1974-02-04,time unavailable,H,Houston Aeros,1,7,L,REG,22,28,2,L 2
53,1974-02-05,time unavailable,@,Houston Aeros,0,4,L,REG,22,29,2,L 3
54,1974-02-07,time unavailable,@,Los Angeles Sharks,7,4,W,REG,23,29,2,W 1
55,1974-02-09,time unavailable,@,Chicago Cougars,2,5,L,REG,23,30,2,L 1
56,1974-02-10,time unavailable,H,Toronto Toros,4,5,L,REG,23,31,2,L 2
57,1974-02-14,time unavailable,H,Toronto Toros,2,5,L,REG,23,32,2,L 3
58,1974-02-15,time unavailable,H,Cleveland Crusaders,6,2,W,REG,24,32,2,W 1
59,1974-02-17,time unavailable,H,Quebec Nordiques,10,3,W,REG,25,32,2,W 2
60,1974-02-18,time unavailable,H,Chicago Cougars,4,3,W,REG,26,32,2,W 3
61,1974-02-20,time unavailable,@,Houston Aeros,2,7,L,REG,26,33,2,L 1
62,1974-02-24,time unavailable,@,Quebec Nordiques,4,7,L,REG,26,34,2,L 2
63,1974-02-28,time unavailable,H,New England Whalers,3,3,T,REG,26,34,3,T 1
64,1974-03-02,time unavailable,H,Los Angeles Sharks,8,7,W,REG,27,34,3,W 1
65,1974-03-04,time unavailable,H,Vancouver Blazers,7,6,W,OT,28,34,3,W 2
66,1974-03-08,time unavailable,H,New England Whalers,2,7,L,REG,28,35,3,L 1
67,1974-03-10,time unavailable,@,Quebec Nordiques,2,5,L,REG,28,36,3,L 2
68,1974-03-11,time unavailable,H,Winnipeg Jets,10,2,W,REG,29,36,3,W 1
69,1974-03-15,time unavailable,H,Minnesota Fighting Saints,5,3,W,REG,30,36,3,W 2
70,1974-03-16,time unavailable,@,Cleveland Crusaders,4,4,T,REG,30,36,4,T 1
71,1974-03-18,time unavailable,H,Toronto Toros,11,5,W,REG,31,36,4,W 1
72,1974-03-20,time unavailable,@,Los Angeles Sharks,8,5,W,REG,32,36,4,W 2
73,1974-03-23,time unavailable,@,Chicago Cougars,1,4,L,REG,32,37,4,L 1
74,1974-03-25,time unavailable,H,Edmonton Oilers,1,4,L,REG,32,38,4,L 2
75,1974-03-27,time unavailable,@,Minnesota Fighting Saints,4,6,L,REG,32,39,4,L 3
76,1974-03-31,time unavailable,H,Cleveland Crusaders,2,4,L,REG,32,40,4,L 4
77,1974-04-02,time unavailable,@,Chicago Cougars,3,7,L,REG,32,41,4,L 5
78,1974-04-04,time unavailable,@,Los Angeles Sharks,4,6,L,REG,32,42,4,L 6

Time,Location,Result,Game Ended In

Bob Barber,,n/a,D,30,5-10,172,L/-,1,"August 31, 1943",ca,"0 G, 0 A, 0 P"
Ken Block,,n/a,D,29,5-10,191,L/-,1,"March 18, 1944",ca,"3 G, 43 A, 46 P"
Dean Boylan,,n/a,D,23,6-0,185,R/-,R,"January 28, 1951",us,"1 G, 5 A, 6 P"
Brian Bradley,,n/a,LW,29,5-10,185,L/-,1,"December 14, 1944",ca,"15 G, 23 A, 38 P"
Bob Brown,,n/a,D,23,-/-,1,"December 18, 1950","7 G, 13 A, 20 P",ca
Claude Chartre,,n/a,C,24,6-0,180,L/-,1,"December 21, 1949",ca,"0 G, 0 A, 0 P"
Norm Ferguson,,n/a,RW,28,5-9,165,R/-,1,"October 16, 1945",ca,"15 G, 21 A, 36 P"
Don Herriman,,n/a,LW,28,5-10,165,L/-,1,"January 2, 1946",ca,"11 G, 21 A, 32 P"
Harry Howell,,n/a,D,41,6-1,195,L/-,R,"December 28, 1932",ca,"3 G, 23 A, 26 P"
Lee Inglis,,n/a,LW,26,5-10,190,L/-,R,"August 31, 1947",ca,"0 G, 0 A, 0 P"
Bob Jones,,n/a,C,28,6-1,185,L/-,1,"November 27, 1945",ca,"17 G, 28 A, 45 P"
Joe Junkin,,n/a,G,27,5-11,180,-/L,R,"September 8, 1946",ca,", 3.79 GAA"
Gary Kurt,,n/a,G,26,6-3,205,-/L,1,"March 9, 1947",ca,", 4.13 GAA"
Andre Lacroix,,n/a,C,28,5-8,175,L/-,1,"June 5, 1945",ca,"31 G, 80 A, 111 P"
Ray Larose,,n/a,D,32,6-0,184,L/-,1,"November 20, 1941",ca,"0 G, 1 A, 1 P"
Mike Laughton,,n/a,C,29,6-2,185,L/-,1,"February 21, 1944",ca,"20 G, 18 A, 38 P"
Jim McLeod,,n/a,G,36,5-8,170,-/L,1,"April 7, 1937",ca,", 4.19 GAA"
Brian Morenz,,n/a,RW,24,5-10,185,L/-,1,"May 11, 1949",ca,"20 G, 30 A, 50 P"
Kevin Morrison,,n/a,D,24,6-0,202,L/-,R,"October 28, 1949",ca,"24 G, 43 A, 67 P"
Gene Peacosh,,n/a,LW,25,5-11,180,L/-,1,"September 28, 1948",ca,"21 G, 32 A, 53 P"
Brian Perry,,n/a,RW,29,5-11,180,L/-,1,"April 6, 1944",gb,"20 G, 11 A, 31 P"
Garry Peters,,n/a,C,31,5-10,185,L/-,1,"October 9, 1942",ca,"2 G, 5 A, 7 P"
Craig Reichmuth,,n/a,LW,26,5-11,185,L/-,1,"September 22, 1947",ca,"10 G, 8 A, 18 P"
Wayne Rivers,,n/a,RW,31,5-9,177,R/-,1,"February 1, 1942",ca,"30 G, 27 A, 57 P"
Ted Scharf,,n/a,RW,22,5-11,185,R/-,1,"October 3, 1951",ca,"4 G, 2 A, 6 P"
Bobby Sheehan,,n/a,C,25,5-7,155,L/-,1,"January 11, 1949",us,"12 G, 8 A, 20 P"
Bill Speer,,n/a,D,31,5-11,205,L/-,1,"March 20, 1942",ca,"1 G, 3 A, 4 P"
Bob Winograd,,n/a,D,23,5-11,185,L/-,1,"June 6, 1950",ca,"1 G, 0 A, 1 P"
