Quebec Nordiques,QBN,wha
1973-74,1974
25
78
0
GP,Date,Time,Location,Opponent,GF,GA,Result,Game Ended In,W,L,T,Streak
1,1973-10-07,time unavailable,H,New England Whalers,4,2,W,REG,1,0,0,W 1
2,1973-10-09,time unavailable,@,New England Whalers,2,3,L,REG,1,1,0,L 1
3,1973-10-11,time unavailable,@,Toronto Toros,4,1,W,REG,2,1,0,W 1
4,1973-10-13,time unavailable,@,Cleveland Crusaders,3,6,L,REG,2,2,0,L 1
5,1973-10-18,time unavailable,H,Toronto Toros,5,2,W,REG,3,2,0,W 1
6,1973-10-20,time unavailable,H,New York Golden Blades/New Jersey Knights,8,1,W,REG,4,2,0,W 2
7,1973-10-21,time unavailable,@,New York Golden Blades/New Jersey Knights,3,4,L,REG,4,3,0,L 1
8,1973-10-25,time unavailable,H,Chicago Cougars,2,4,L,REG,4,4,0,L 2
9,1973-10-26,time unavailable,@,Minnesota Fighting Saints,5,4,W,REG,5,4,0,W 1
10,1973-10-28,time unavailable,@,Houston Aeros,3,2,W,REG,6,4,0,W 2
11,1973-10-30,time unavailable,@,Los Angeles Sharks,6,4,W,REG,7,4,0,W 3
12,1973-10-31,time unavailable,@,Vancouver Blazers,5,1,W,REG,8,4,0,W 4
13,1973-11-02,time unavailable,@,Edmonton Oilers,4,5,L,REG,8,5,0,L 1
14,1973-11-04,time unavailable,@,Winnipeg Jets,2,8,L,REG,8,6,0,L 2
15,1973-11-06,time unavailable,H,Winnipeg Jets,2,2,T,REG,8,6,1,T 1
16,1973-11-08,time unavailable,H,Edmonton Oilers,3,4,L,REG,8,7,1,L 1
17,1973-11-10,time unavailable,@,New York Golden Blades/New Jersey Knights,3,4,L,REG,8,8,1,L 2
18,1973-11-11,time unavailable,H,New England Whalers,3,2,W,REG,9,8,1,W 1
19,1973-11-15,time unavailable,H,New England Whalers,3,5,L,REG,9,9,1,L 1
20,1973-11-17,time unavailable,@,New England Whalers,10,4,W,REG,10,9,1,W 1
21,1973-11-18,time unavailable,H,Houston Aeros,8,3,W,REG,11,9,1,W 2
22,1973-11-22,time unavailable,H,Toronto Toros,2,4,L,REG,11,10,1,L 1
23,1973-11-23,time unavailable,@,Cleveland Crusaders,3,2,W,REG,12,10,1,W 1
24,1973-11-25,time unavailable,@,New York Golden Blades/New Jersey Knights,1,3,L,REG,12,11,1,L 1
25,1973-11-27,time unavailable,@,Toronto Toros,1,3,L,REG,12,12,1,L 2
26,1973-11-29,time unavailable,H,Cleveland Crusaders,4,4,T,REG,12,12,2,T 1
27,1973-12-01,time unavailable,H,Houston Aeros,3,3,T,REG,12,12,3,T 2
28,1973-12-02,time unavailable,@,Winnipeg Jets,3,5,L,REG,12,13,3,L 1
29,1973-12-08,time unavailable,@,Minnesota Fighting Saints,1,4,L,REG,12,14,3,L 2
30,1973-12-09,time unavailable,H,Chicago Cougars,6,1,W,REG,13,14,3,W 1
31,1973-12-12,time unavailable,@,Vancouver Blazers,1,2,L,OT,13,15,3,L 1
32,1973-12-14,time unavailable,@,Edmonton Oilers,4,3,W,REG,14,15,3,W 1
33,1973-12-16,time unavailable,@,Toronto Toros,4,3,W,OT,15,15,3,W 2
34,1973-12-18,time unavailable,H,Edmonton Oilers,4,2,W,REG,16,15,3,W 3
35,1973-12-22,time unavailable,H,Toronto Toros,4,6,L,REG,16,16,3,L 1
36,1973-12-27,time unavailable,H,Cleveland Crusaders,4,2,W,REG,17,16,3,W 1
37,1973-12-28,time unavailable,@,Chicago Cougars,4,6,L,REG,17,17,3,L 1
38,1973-12-29,time unavailable,H,Winnipeg Jets,3,4,L,REG,17,18,3,L 2
39,1974-01-05,time unavailable,H,Vancouver Blazers,5,2,W,REG,18,18,3,W 1
40,1974-01-06,time unavailable,H,Chicago Cougars,4,0,W,REG,19,18,3,W 2
41,1974-01-10,time unavailable,H,Los Angeles Sharks,7,1,W,REG,20,18,3,W 3
42,1974-01-12,time unavailable,@,Houston Aeros,1,5,L,REG,20,19,3,L 1
43,1974-01-15,time unavailable,@,Los Angeles Sharks,4,6,L,REG,20,20,3,L 2
44,1974-01-19,time unavailable,@,Chicago Cougars,2,5,L,REG,20,21,3,L 3
45,1974-01-20,time unavailable,H,Minnesota Fighting Saints,5,4,W,OT,21,21,3,W 1
46,1974-01-24,time unavailable,@,Houston Aeros,1,5,L,REG,21,22,3,L 1
47,1974-01-25,time unavailable,@,Los Angeles Sharks,0,2,L,REG,21,23,3,L 2
48,1974-01-27,time unavailable,H,Cleveland Crusaders,4,3,W,REG,22,23,3,W 1
49,1974-01-29,time unavailable,H,Los Angeles Sharks,5,0,W,REG,23,23,3,W 2
50,1974-01-31,time unavailable,H,Houston Aeros,6,4,W,REG,24,23,3,W 3
51,1974-02-01,time unavailable,H,Toronto Toros,2,1,W,REG,25,23,3,W 4
52,1974-02-03,time unavailable,H,New York Golden Blades/New Jersey Knights,5,3,W,REG,26,23,3,W 5
53,1974-02-06,time unavailable,@,New England Whalers,3,0,W,REG,27,23,3,W 6
54,1974-02-08,time unavailable,@,Vancouver Blazers,3,7,L,REG,27,24,3,L 1
55,1974-02-10,time unavailable,@,Edmonton Oilers,4,3,W,REG,28,24,3,W 1
56,1974-02-12,time unavailable,@,Toronto Toros,4,6,L,REG,28,25,3,L 1
57,1974-02-14,time unavailable,@,Chicago Cougars,5,3,W,REG,29,25,3,W 1
58,1974-02-16,time unavailable,@,Cleveland Crusaders,2,5,L,REG,29,26,3,L 1
59,1974-02-17,time unavailable,@,New York Golden Blades/New Jersey Knights,3,10,L,REG,29,27,3,L 2
60,1974-02-19,time unavailable,H,Cleveland Crusaders,6,5,W,OT,30,27,3,W 1
61,1974-02-22,time unavailable,H,Minnesota Fighting Saints,4,6,L,REG,30,28,3,L 1
62,1974-02-24,time unavailable,H,New York Golden Blades/New Jersey Knights,7,4,W,REG,31,28,3,W 1
63,1974-02-26,time unavailable,H,Winnipeg Jets,7,1,W,REG,32,28,3,W 2
64,1974-02-28,time unavailable,H,Vancouver Blazers,9,4,W,REG,33,28,3,W 3
65,1974-03-03,time unavailable,@,Winnipeg Jets,6,8,L,REG,33,29,3,L 1
66,1974-03-07,time unavailable,H,Chicago Cougars,2,3,L,REG,33,30,3,L 2
67,1974-03-09,time unavailable,@,Minnesota Fighting Saints,5,9,L,REG,33,31,3,L 3
68,1974-03-10,time unavailable,H,New York Golden Blades/New Jersey Knights,5,2,W,REG,34,31,3,W 1
69,1974-03-14,time unavailable,@,Toronto Toros,3,2,W,REG,35,31,3,W 2
70,1974-03-16,time unavailable,@,Chicago Cougars,3,4,L,OT,35,32,3,L 1
71,1974-03-17,time unavailable,H,Minnesota Fighting Saints,3,5,L,REG,35,33,3,L 2
72,1974-03-21,time unavailable,H,Edmonton Oilers,5,5,T,REG,35,33,4,T 1
73,1974-03-23,time unavailable,H,Vancouver Blazers,6,2,W,REG,36,33,4,W 1
74,1974-03-24,time unavailable,H,New England Whalers,4,3,W,REG,37,33,4,W 2
75,1974-03-27,time unavailable,@,Cleveland Crusaders,4,5,L,OT,37,34,4,L 1
76,1974-03-28,time unavailable,H,Los Angeles Sharks,9,3,W,REG,38,34,4,W 1
77,1974-03-30,time unavailable,H,Toronto Toros,1,3,L,REG,38,35,4,L 1
78,1974-03-31,time unavailable,@,New England Whalers,2,3,L,OT,38,36,4,L 2

Time,Location,Result,Game Ended In

Serge Aubry,,n/a,G,32,5-7,165,-/L,1,"January 2, 1942",ca,", 3.87 GAA"
Dave Balon,,n/a,LW,35,5-10,180,L/-,R,"August 2, 1938",ca,"0 G, 0 A, 0 P"
Alain Beaule,,n/a,D,27,6-0,200,L/-,R,"April 7, 1946",ca,"4 G, 36 A, 40 P"
Serge Bernier,,n/a,C,26,6-1,190,R/-,R,"April 29, 1947",ca,"37 G, 49 A, 86 P"
Richard Brodeur,,n/a,G,21,5-7,160,-/L,1,"September 15, 1952",ca,", 3.32 GAA"
Alain Caron,,n/a,RW,35,5-9,182,R/-,1,"April 27, 1938",ca,"31 G, 15 A, 46 P"
Michel Deguise,,n/a,G,22,5-9,155,-/L,R,"November 6, 1951",ca,", 3.29 GAA"
Norm Descoteaux,,n/a,D,26,5-9,170,L/-,1,"January 3, 1948",ca,"1 G, 6 A, 7 P"
Ken Desjardine,,n/a,D,26,6-0,180,L/-,1,"August 23, 1947",ca,"2 G, 10 A, 12 P"
Guy Dufour,,n/a,RW,27,5-11,160,R/-,1,"February 9, 1946",ca,"27 G, 23 A, 50 P"
Andre Gaudette,,n/a,C,26,5-7,155,L/-,1,"December 16, 1947",ca,"24 G, 44 A, 68 P"
Jean-Guy Gendron,,n/a,LW,39,5-9,165,L/-,1,"August 30, 1934",ca,"11 G, 8 A, 19 P"
Jeannot Gilbert,,n/a,C,33,5-10,170,L/-,R,"December 29, 1940",ca,"17 G, 39 A, 56 P"
Rejean Giroux,,n/a,RW,21,5-11,160,R/-,1,"September 13, 1952",ca,"5 G, 6 A, 11 P"
Bobby Guindon,,n/a,LW,23,5-9,175,L/-,1,"November 19, 1950",ca,"31 G, 39 A, 70 P"
Pierre Guite,,n/a,LW,21,6-2,190,L/-,1,"April 17, 1952",ca,"14 G, 20 A, 34 P"
Dale Hoganson,,n/a,D,24,5-10,190,L/-,R,"July 8, 1949",ca,"8 G, 33 A, 41 P"
Rejean Houle,,n/a,RW,24,5-11,170,L/-,R,"October 25, 1949",ca,"27 G, 35 A, 62 P"
Francois Lacombe,,n/a,D,25,5-10,185,L/-,1,"February 24, 1948",ca,"9 G, 26 A, 35 P"
Rene Leclerc,,n/a,C,26,5-11,165,R/-,1,"November 12, 1947",ca,"17 G, 27 A, 44 P"
Michel Parizeau,,n/a,LW,25,5-10,165,L/-,1,"April 9, 1948",ca,"26 G, 34 A, 60 P"
Jean Payette,,n/a,C,27,6-0,170,L/-,1,"March 29, 1946",ca,"4 G, 11 A, 15 P"
Michel Rouleau,,n/a,C,29,5-10,175,L/-,1,"September 28, 1944",ca,"0 G, 4 A, 4 P"
Pierre Roy,,n/a,D,21,6-0,175,L/-,1,"March 12, 1952",ca,"2 G, 7 A, 9 P"
J.C. Tremblay,,n/a,D,35,5-11,170,L/-,1,"January 22, 1939",ca,"9 G, 44 A, 53 P"
