INFO:
teamName,The Fighting Mongooses
teamAbbreviation,The Fighting Mongooses
sportId,n/a
sportName,n/a
sportRules,n/a
leagueId,watMu
levelId,n/a
seasonName,n/a
seasonId,n/a
Roster Size,12
Season Games Played,6
Playoff Round Lengths,1,1
END_INFO

SEASON:
Date/Time,Location,Opposing Team,Score,S.O.C.
Sat Sep 29 @ 1:00 pm,Village Green,Call me Maybe,lost 28 - 49,3
Sat Oct 13 @ 10:00 am,Village Green,MON-STARZ,lost 14 - 35,3
Sat Oct 20 @ 10:00 am,Columbia Icefield: Field 2,KINdestructible,won 49 - 42,4
Sat Oct 20 @ 11:00 am,Columbia Icefield: Field 2,Loo Boyz,lost 35 - 42,4
Sat Oct 27 @ 12:00 pm,Village Green,Cleo’s Lemons,lost 0 - 14,0
Sat Oct 27 @ 3:00 pm,Village Green,Los Pollos Hermanos,lost 0 - 14,0
END_SEASON

PLAYOFFS:
Date/Time,Location,Opposing Team,Score,S.O.C.
Sat Nov 10 @ 11:30 am,Columbia Icefield: Warrior Field,Intermediate Individuals 3,won 42 - 35,2
Sat Nov 17 @ 11:30 am,Columbia Icefield: Warrior Field,Griffin’s Gryphons,won 9 - 49,0
END_PLAYOFFS

ROSTER:
Player,Captaincy,uwaterloo_email
Michael Armel,(C),bootsarmel@hotmail.com
Daniel Armstrong,,
Jordan Daoust,,
Jordan Grieve,,
Andrew Holliday,,
Tyler Macgillivray,,
Phillip Murphy,,
Brent Rae,,
Nickolas Sarantakos,,
Adam Silvestro,,
Joseph Spohn,,
Connor Zaina,,
END_ROSTER
