INFO:
teamName,KINdestructible
teamAbbreviation,KINdestructible
sportId,n/a
sportName,n/a
sportRules,n/a
leagueId,watMu
levelId,n/a
seasonName,n/a
seasonId,n/a
Roster Size,11
Season Games Played,6
Playoff Round Lengths,1
END_INFO

SEASON:
Date/Time,Location,Opposing Team,Score,S.O.C.
Sat Sep 22 @ 11:00 am,Village Green,Loo Boyz,won 70 - 35,4
Sat Oct 13 @ 1:00 pm,Village Green,Griffin’s Gryphons,won 63 - 37,4
Sat Oct 20 @ 10:00 am,Columbia Icefield: Field 2,The Fighting Mongooses,lost 49 - 42,4
Sat Oct 20 @ 1:00 pm,Village Green,Child Please,lost 21 - 28,3
Sat Oct 27 @ 10:00 am,Village Green,Cleo’s Lemons,lost 42 - 77,4
Sat Oct 27 @ 11:00 am,Village Green,MON-STARZ,won 56 - 28,4
END_SEASON

PLAYOFFS:
Date/Time,Location,Opposing Team,Score,S.O.C.
Sat Nov 3 @ 11:30 am,Columbia Icefield: Warrior Field,Cleo’s Lemons,lost 77 - 28,2
END_PLAYOFFS

ROSTER:
Player,Captaincy,uwaterloo_email
Terence Boateng,(C),boateng16@msn.com
Moses Aaku,,
Laszlo Asztalos,,
Attila Bajus,,
Bradley Henry,,
Kathleen McDonald,,
Kelsey Morrison,,
Alberto Pagano,,
Nicholas Paolini,,
Joseph Pendleton,,
Alexander Scherger,,
END_ROSTER
