INFO:
teamName,Griffin’s Gryphons
teamAbbreviation,Griffin’s Gryphons
sportId,n/a
sportName,n/a
sportRules,n/a
leagueId,watMu
levelId,n/a
seasonName,n/a
seasonId,n/a
Roster Size,12
Season Games Played,6
Playoff Round Lengths,1,1
END_INFO

SEASON:
Date/Time,Location,Opposing Team,Score,S.O.C.
Sat Sep 22 @ 6:00 pm,Village Green,MON-STARZ,lost 14 - 42,3
Sat Sep 29 @ 11:00 am,Village Green,Los Pollos Hermanos,lost 28 - 56,4
Sat Sep 29 @ 12:00 pm,Village Green,Call me Maybe,lost 0 - 35,3
Thu Oct 11 @ 6:00 pm,Village Green,Child Please,lost 0 - 35,3
Sat Oct 13 @ 1:00 pm,Village Green,KINdestructible,lost 63 - 37,4
Sat Oct 20 @ 5:00 pm,Village Green,Loo Boyz,lost 35 - 42,0
END_SEASON

PLAYOFFS:
Date/Time,Location,Opposing Team,Score,S.O.C.
Sat Nov 10 @ 10:30 am,Columbia Icefield: Warrior Field,Intermediate Individuals 1,won 7 - 35,2
Sat Nov 17 @ 11:30 am,Columbia Icefield: Warrior Field,The Fighting Mongooses,lost 9 - 49,0
END_PLAYOFFS

ROSTER:
Player,Captaincy,uwaterloo_email
Michael Hammond,(C),m3hammon@uwaterloo.ca
Johanna Boyce,,
Jamieson Cox,,
Broderick Germain,,
Jacqueline Isaac,,
Brian Mueller,,
Carrington Powe,,
Michael Rolfe,,
Brandon Schott,,
Graeme Scott,,
Stephen Scott,,
Benyamin Siddique,,
END_ROSTER
