INFO:
teamName,Call me Maybe
teamAbbreviation,Call me Maybe
sportId,n/a
sportName,n/a
sportRules,n/a
leagueId,watMu
levelId,n/a
seasonName,n/a
seasonId,n/a
Roster Size,11
Season Games Played,6
Playoff Round Lengths,1,1
END_INFO

SEASON:
Date/Time,Location,Opposing Team,Score,S.O.C.
Sat Sep 22 @ 12:00 pm,Village Green,Loo Boyz,lost 35 - 42,3
Sat Sep 22 @ 1:00 pm,Village Green,MON-STARZ,lost 21 - 35,3
Sat Sep 29 @ 12:00 pm,Village Green,Griffin’s Gryphons,won 0 - 35,4
Sat Sep 29 @ 1:00 pm,Village Green,The Fighting Mongooses,won 28 - 49,2
Sat Oct 13 @ 12:00 pm,Village Green,Cleo’s Lemons,lost 49 - 63,-1
Thu Oct 25 @ 5:00 pm,Village Green,Child Please,lost 0 - 14,-2
END_SEASON

PLAYOFFS:
Date/Time,Location,Opposing Team,Score,S.O.C.
Thu Nov 8 @ 5:00 pm,Columbia Icefield: Warrior Field,Intermediate Individuals 2,won 28 - 21,2
Thu Nov 15 @ 4:00 pm,Columbia Icefield: Warrior Field,Loo Boyz,lost 35 - 21,2
END_PLAYOFFS

ROSTER:
Player,Captaincy,uwaterloo_email
Andrew Jung,(C),a2jung@uwaterloo.ca
Aleksandar Cabric,,
Li Chen,,
Kevin Chow,,
Timothee Haggstrom,,
Joshua Kung,,
David Mandula,,
Nikolaj Milicic,,
Wai Tsai,,
Radu Zamostean,,
Sida Zhu,,
END_ROSTER
