INFO:
teamName,Child Please
teamAbbreviation,Child Please
sportId,n/a
sportName,n/a
sportRules,n/a
leagueId,watMu
levelId,n/a
seasonName,n/a
seasonId,n/a
Roster Size,10
Season Games Played,6
Playoff Round Lengths,1,1,1
END_INFO

SEASON:
Date/Time,Location,Opposing Team,Score,S.O.C.
Thu Sep 27 @ 6:00 pm,Village Green,Los Pollos Hermanos,lost 42 - 49,3
Thu Oct 4 @ 6:00 pm,Village Green,Loo Boyz,won 63 - 23,1
Thu Oct 11 @ 6:00 pm,Village Green,Griffin’s Gryphons,won 0 - 35,2
Sat Oct 20 @ 1:00 pm,Village Green,KINdestructible,won 21 - 28,3
Sat Oct 20 @ 2:00 pm,Village Green,Cleo’s Lemons,lost 21 - 42,3
Thu Oct 25 @ 5:00 pm,Village Green,Call me Maybe,won 0 - 14,avg.
END_SEASON

PLAYOFFS:
Date/Time,Location,Opposing Team,Score,S.O.C.
Sat Nov 3 @ 10:30 am,Columbia Icefield: Warrior Field,Los Pollos Hermanos,won 35 - 42,2
Thu Nov 15 @ 5:00 pm,Columbia Icefield: Warrior Field,Cleo’s Lemons,won 42 - 28,2
Sat Nov 17 @ 1:30 pm,Columbia Icefield: Warrior Field,MON-STARZ,lost 42 - 28,0
END_PLAYOFFS

ROSTER:
Player,Captaincy,uwaterloo_email
Riyad Khamis,(C),riyad_khamis@hotmail.com
Troy Campbell,,
Daniel Da Silva,,
Richard Huynh,,
Imran Khamis,,
Immad Khan,,
Saad Khan,,
Imran Khimji,,
Jeremy Luymes,,
Sachin Manucha,,
END_ROSTER
