INFO:
teamName,MON-STARZ
teamAbbreviation,MON-STARZ
sportId,n/a
sportName,n/a
sportRules,n/a
leagueId,watMu
levelId,n/a
seasonName,n/a
seasonId,n/a
Roster Size,12
Season Games Played,6
Playoff Round Lengths,1,1,1
END_INFO

SEASON:
Date/Time,Location,Opposing Team,Score,S.O.C.
Sat Sep 22 @ 1:00 pm,Village Green,Call me Maybe,won 21 - 35,3
Sat Sep 22 @ 6:00 pm,Village Green,Griffin’s Gryphons,won 14 - 42,3
Sat Oct 13 @ 10:00 am,Village Green,The Fighting Mongooses,won 14 - 35,3
Sat Oct 13 @ 11:00 am,Village Green,Cleo’s Lemons,lost 21 - 84,4
Sat Oct 20 @ 12:00 pm,Columbia Icefield: Field 2,Los Pollos Hermanos,lost 14 - 21,3
Sat Oct 27 @ 11:00 am,Village Green,KINdestructible,lost 56 - 28,2
END_SEASON

PLAYOFFS:
Date/Time,Location,Opposing Team,Score,S.O.C.
Sat Nov 3 @ 1:30 pm,Columbia Icefield: Warrior Field,Gandu,won 28 - 35,2
Sat Nov 10 @ 12:30 pm,Columbia Icefield: Warrior Field,Canuckle Heads,won 42 - 7,2
Sat Nov 17 @ 1:30 pm,Columbia Icefield: Warrior Field,Child Please,won 42 - 28,0
END_PLAYOFFS

ROSTER:
Player,Captaincy,uwaterloo_email
Joel Leon,(C),jfleon@uwaterloo.ca
Jeremy Allen,,
Paul Cassell,,
Benjamin Hanley,,
Dylan Kalloo,,
Kacie Leblanc,,
Mackenzie Merritt,,
Christopher Roy,,
Michael Sawka,,
Edgar Tsang,,
Dawei Xiao,,
Adriano Zaffino,,
END_ROSTER
