INFO:
teamName,Loo Boyz
teamAbbreviation,Loo Boyz
sportId,n/a
sportName,n/a
sportRules,n/a
leagueId,watMu
levelId,n/a
seasonName,n/a
seasonId,n/a
Roster Size,12
Season Games Played,6
Playoff Round Lengths,1,1
END_INFO

SEASON:
Date/Time,Location,Opposing Team,Score,S.O.C.
Thu Sep 20 @ 6:00 pm,Village Green,Los Pollos Hermanos,lost 42 - 63,3
Sat Sep 22 @ 11:00 am,Village Green,KINdestructible,lost 70 - 35,4
Sat Sep 22 @ 12:00 pm,Village Green,Call me Maybe,won 35 - 42,3
Thu Oct 4 @ 6:00 pm,Village Green,Child Please,lost 63 - 23,1
Sat Oct 20 @ 11:00 am,Columbia Icefield: Field 2,The Fighting Mongooses,won 35 - 42,4
Sat Oct 20 @ 5:00 pm,Village Green,Griffin’s Gryphons,won 35 - 42,3
END_SEASON

PLAYOFFS:
Date/Time,Location,Opposing Team,Score,S.O.C.
Thu Nov 15 @ 4:00 pm,Columbia Icefield: Warrior Field,Call me Maybe,won 35 - 21,2
Sat Nov 17 @ 12:30 pm,Columbia Icefield: Warrior Field,Human Beings,won 42 - 49,0
END_PLAYOFFS

ROSTER:
Player,Captaincy,uwaterloo_email
Dusan Namasivayam,(C),dnamasiv@uwaterloo.ca
Aravinthan Ahileswaran,,
Kumaran Chanthrakumar,,
Kugatharsan Kanakanayakam,,
Kajan Karunakaran,,
Shantheep Nagarajah,,
Dinothan Nithianandan,,
Preveen Ravichandran,,
Kirushanth Sakthivetpillai,,
Vinieth Sellappah,,
Parthan Thangaraj,,
Priyankan Uthayakumar,,
END_ROSTER
