INFO:
teamName,Cleo’s Lemons
teamAbbreviation,Cleo’s Lemons
sportId,n/a
sportName,n/a
sportRules,n/a
leagueId,watMu
levelId,n/a
seasonName,n/a
seasonId,n/a
Roster Size,11
Season Games Played,6
Playoff Round Lengths,1,1
END_INFO

SEASON:
Date/Time,Location,Opposing Team,Score,S.O.C.
Thu Oct 4 @ 5:00 pm,Village Green,Los Pollos Hermanos,tie 56 - 56,4
Sat Oct 13 @ 11:00 am,Village Green,MON-STARZ,won 21 - 84,3
Sat Oct 13 @ 12:00 pm,Village Green,Call me Maybe,won 49 - 63,1
Sat Oct 20 @ 2:00 pm,Village Green,Child Please,won 21 - 42,3
Sat Oct 27 @ 10:00 am,Village Green,KINdestructible,won 42 - 77,4
Sat Oct 27 @ 12:00 pm,Village Green,The Fighting Mongooses,won 0 - 14,avg.
END_SEASON

PLAYOFFS:
Date/Time,Location,Opposing Team,Score,S.O.C.
Sat Nov 3 @ 11:30 am,Columbia Icefield: Warrior Field,KINdestructible,won 77 - 28,2
Thu Nov 15 @ 5:00 pm,Columbia Icefield: Warrior Field,Child Please,lost 42 - 28,2
END_PLAYOFFS

ROSTER:
Player,Captaincy,uwaterloo_email
Vincent Rosati,(C),v2rosati@uwaterloo.ca
Kevin Barroso,,
Aaron Bertolo,,
Taren Byrne,,
Brent Cleave,,
Matthew Coyne,,
Joshua David,,
Tejasvi Hora,,
Andrew Mallon,,
Adrian Marks,,
Yao-Chieh Yin,,
END_ROSTER
