INFO:
teamName,Los Pollos Hermanos
teamAbbreviation,Los Pollos Hermanos
sportId,n/a
sportName,n/a
sportRules,n/a
leagueId,watMu
levelId,n/a
seasonName,n/a
seasonId,n/a
Roster Size,11
Season Games Played,6
Playoff Round Lengths,1
END_INFO

SEASON:
Date/Time,Location,Opposing Team,Score,S.O.C.
Thu Sep 20 @ 6:00 pm,Village Green,Loo Boyz,won 42 - 63,3
Thu Sep 27 @ 6:00 pm,Village Green,Child Please,won 42 - 49,1
Sat Sep 29 @ 11:00 am,Village Green,Griffin’s Gryphons,won 28 - 56,4
Thu Oct 4 @ 5:00 pm,Village Green,Cleo’s Lemons,tie 56 - 56,3
Sat Oct 20 @ 12:00 pm,Columbia Icefield: Field 2,MON-STARZ,won 14 - 21,3
Sat Oct 27 @ 3:00 pm,Village Green,The Fighting Mongooses,won 0 - 14,avg.
END_SEASON

PLAYOFFS:
Date/Time,Location,Opposing Team,Score,S.O.C.
Sat Nov 3 @ 10:30 am,Columbia Icefield: Warrior Field,Child Please,lost 35 - 42,2
END_PLAYOFFS

ROSTER:
Player,Captaincy,uwaterloo_email
Daniel Schissler,(C),dmschiss@uwaterloo.ca
Kyle Arnold,,
Taylor Bach,,
Christopher Cosentino,,
James Daniel,,
Connor Ivany,,
John Manore,,
Alexander Morrison,,
Curtis Mosier,,
Dexter Shepherd,,
Brandon Szalony,,
END_ROSTER
