INFO:
teamName,Gandu
teamAbbreviation,Gandu
sportId,n/a
sportName,n/a
sportRules,n/a
leagueId,watMu
levelId,n/a
seasonName,n/a
seasonId,n/a
Roster Size,12
Season Games Played,6
Playoff Round Lengths,1
END_INFO

SEASON:
Date/Time,Location,Opposing Team,Score,S.O.C.
Sat Sep 22 @ 2:00 pm,Village Green,Intermediate Individuals 2,won 28 - 0,1
Thu Sep 27 @ 5:00 pm,Village Green,Canuckle Heads,won 49 - 28,4
Sat Sep 29 @ 3:00 pm,Village Green,Intermediate Individuals 3,won 49 - 14,4
Sat Oct 20 @ 11:00 am,Village Green,Intermediate Individuals 1,won 35 - 14,4
Sat Oct 20 @ 4:00 pm,Village Green,The Invisible Children,won 35 - 28,3
Sat Oct 27 @ 4:00 pm,Village Green,Human Beings,won 28 - 7,3
END_SEASON

PLAYOFFS:
Date/Time,Location,Opposing Team,Score,S.O.C.
Sat Nov 3 @ 1:30 pm,Columbia Icefield: Warrior Field,MON-STARZ,lost 28 - 35,2
END_PLAYOFFS

ROSTER:
Player,Captaincy,uwaterloo_email
Joshua Sepulveda,(C),sepulvedaj.62@gmail.com
Jonathan Bolai,,
Kamayu Duggan,,
Ahmed El-Moustehy,,
Ravi Goundalkar,,
Ashkan Hashemi,,
Jeong-Wan Hong,,
Akram Kassay,,
Angad Koacher,,
Devon Lessey-Searles,,
Waise Mahamed,,
Rajeev Sarvaria,,
END_ROSTER
