INFO:
teamName,Shake ‘n Bake
teamAbbreviation,Shake ‘n Bake
sportId,n/a
sportName,n/a
sportRules,n/a
leagueId,watMu
levelId,n/a
seasonName,n/a
seasonId,n/a
Roster Size,13
Season Games Played,6
Playoff Round Lengths,1
END_INFO

SEASON:
Date/Time,Location,Opposing Team,Score,S.O.C.
Sat Sep 22 @ 4:00 pm,Village Green,Intermediate Individuals 3,won 49 - 7,3
Sat Sep 29 @ 2:00 pm,Village Green,Intermediate Individuals 2,won 49 - 14,3
Sat Oct 13 @ 4:00 pm,Village Green,Canuckle Heads,lost 28 - 42,3
Sat Oct 20 @ 12:00 pm,Village Green,Human Beings,won 49 - 14,4
Sat Oct 27 @ 1:00 pm,Village Green,The Invisible Children,tie 14 - 14,1
Sat Oct 27 @ 2:00 pm,Village Green,Intermediate Individuals 1,won 14 - 0,avg.
END_SEASON

PLAYOFFS:
Date/Time,Location,Opposing Team,Score,S.O.C.
Sat Nov 10 @ 9:30 am,Columbia Icefield: Warrior Field,Canuckle Heads,lost 35 - 28,2
END_PLAYOFFS

ROSTER:
Player,Captaincy,uwaterloo_email
Wasiq Siddiqui,(C),wasiq_90@hotmail.com
Devon Briggs,,
Justin Dicarlo,,
Daivik Doshi,,
Hin Lee,,
Christopher Parkes,,
Ram Raghavan,,
Michal Semczuk,,
Sivakumaran Sivanathan,,
Saiful Sumon,,
Ian Tsui,,
Ketheisan Vigneshwaran,,
Syed Zain,,
END_ROSTER
