INFO:
teamName,Canuckle Heads
teamAbbreviation,Canuckle Heads
sportId,n/a
sportName,n/a
sportRules,n/a
leagueId,watMu
levelId,n/a
seasonName,n/a
seasonId,n/a
Roster Size,11
Season Games Played,6
Playoff Round Lengths,1,1
END_INFO

SEASON:
Date/Time,Location,Opposing Team,Score,S.O.C.
Sat Sep 22 @ 5:00 pm,Village Green,The Invisible Children,won 35 - 21,3
Thu Sep 27 @ 5:00 pm,Village Green,Gandu,lost 49 - 28,4
Sat Oct 13 @ 4:00 pm,Village Green,Shake ‘n Bake,won 28 - 42,3
Sat Oct 20 @ 1:00 pm,Columbia Icefield: Field 2,Intermediate Individuals 3,won 42 - 14,4
Sat Oct 27 @ 5:00 pm,Village Green,Human Beings,won 35 - 7,3
Sat Oct 27 @ 6:00 pm,Village Green,Intermediate Individuals 1,won 21 - 0,4
END_SEASON

PLAYOFFS:
Date/Time,Location,Opposing Team,Score,S.O.C.
Sat Nov 10 @ 9:30 am,Columbia Icefield: Warrior Field,Shake ‘n Bake,won 35 - 28,2
Sat Nov 10 @ 12:30 pm,Columbia Icefield: Warrior Field,MON-STARZ,lost 42 - 7,2
END_PLAYOFFS

ROSTER:
Player,Captaincy,uwaterloo_email
Aaron Wilhelm,(C),awilhelm@envmail.uwaterloo.ca
Jason Carrie,,
Cassondra Clement,,
Trevor David,,
Ian Harrison,,
Kevin Jia,,
David Kaduk,,
Boris Klaric,,
Andrew Palmer,,
Amy White,,
Nathaniel Wilhelm,,
END_ROSTER
