INFO:
teamName,Intermediate Individuals 1
teamAbbreviation,Intermediate Individuals 1
sportId,n/a
sportName,n/a
sportRules,n/a
leagueId,watMu
levelId,n/a
seasonName,n/a
seasonId,n/a
Roster Size,11
Season Games Played,6
Playoff Round Lengths,1
END_INFO

SEASON:
Date/Time,Location,Opposing Team,Score,S.O.C.
Sat Sep 29 @ 6:00 pm,Village Green,Human Beings,lost 14 - 63,3
Sat Oct 13 @ 3:00 pm,Village Green,Intermediate Individuals 2,won 35 - 7,3
Sat Oct 20 @ 11:00 am,Village Green,Gandu,lost 35 - 14,4
Sat Oct 20 @ 3:00 pm,Village Green,The Invisible Children,tie 28 - 28,3
Sat Oct 27 @ 2:00 pm,Village Green,Shake ‘n Bake,lost 14 - 0,0
Sat Oct 27 @ 6:00 pm,Village Green,Canuckle Heads,lost 21 - 0,4
END_SEASON

PLAYOFFS:
Date/Time,Location,Opposing Team,Score,S.O.C.
Sat Nov 10 @ 10:30 am,Columbia Icefield: Warrior Field,Griffin’s Gryphons,lost 7 - 35,2
END_PLAYOFFS

ROSTER:
Player,Captaincy,uwaterloo_email
Sherry Cao,,
Rosalia Cuahtecontzi Delint,,
Fiona Dobrik,,
Chaitanya Govande,,
Kristopher Gutsche,,
Byungjin Kim,,
Myra Pennington,,
Jash Shah,,
Chinmaya Sindgikar,,
Fahad Waseem,,
Matthew Yong,,
END_ROSTER
