INFO:
teamName,Intermediate Individuals 2
teamAbbreviation,Intermediate Individuals 2
sportId,n/a
sportName,n/a
sportRules,n/a
leagueId,watMu
levelId,n/a
seasonName,n/a
seasonId,n/a
Roster Size,10
Season Games Played,6
Playoff Round Lengths,1
END_INFO

SEASON:
Date/Time,Location,Opposing Team,Score,S.O.C.
Thu Sep 20 @ 5:00 pm,Village Green,The Invisible Children,lost 0 - 42,2
Sat Sep 22 @ 2:00 pm,Village Green,Gandu,lost 28 - 0,3
Sat Sep 22 @ 3:00 pm,Village Green,Human Beings,tie 21 - 21,3
Sat Sep 29 @ 2:00 pm,Village Green,Shake ‘n Bake,lost 49 - 14,3
Sat Oct 13 @ 3:00 pm,Village Green,Intermediate Individuals 1,lost 35 - 7,3
Sat Oct 20 @ 2:00 pm,Columbia Icefield: Field 2,Intermediate Individuals 3,won 42 - 35,4
END_SEASON

PLAYOFFS:
Date/Time,Location,Opposing Team,Score,S.O.C.
Thu Nov 8 @ 5:00 pm,Columbia Icefield: Warrior Field,Call me Maybe,lost 28 - 21,2
END_PLAYOFFS

ROSTER:
Player,Captaincy,uwaterloo_email
Marco Chan,,
Peter Curran,,
Wenhan Liu,,
Emma Meanor,,
Lukas Meyer,,
Alexander Mistakidis,,
David Pham,,
Anabelle Spinoulas,,
Mak Veletic,,
Chiara Wharton,,
END_ROSTER
