INFO:
teamName,Intermediate Individuals 3
teamAbbreviation,Intermediate Individuals 3
sportId,n/a
sportName,n/a
sportRules,n/a
leagueId,watMu
levelId,n/a
seasonName,n/a
seasonId,n/a
Roster Size,10
Season Games Played,6
Playoff Round Lengths,1
END_INFO

SEASON:
Date/Time,Location,Opposing Team,Score,S.O.C.
Sat Sep 22 @ 4:00 pm,Village Green,Shake ‘n Bake,lost 49 - 7,3
Sat Sep 29 @ 3:00 pm,Village Green,Gandu,lost 49 - 14,4
Thu Oct 11 @ 5:00 pm,Village Green,The Invisible Children,lost 42 - 56,4
Sat Oct 13 @ 2:00 pm,Village Green,Human Beings,lost 21 - 42,3
Sat Oct 20 @ 1:00 pm,Columbia Icefield: Field 2,Canuckle Heads,lost 42 - 14,4
Sat Oct 20 @ 2:00 pm,Columbia Icefield: Field 2,Intermediate Individuals 2,lost 42 - 35,4
END_SEASON

PLAYOFFS:
Date/Time,Location,Opposing Team,Score,S.O.C.
Sat Nov 10 @ 11:30 am,Columbia Icefield: Warrior Field,The Fighting Mongooses,lost 42 - 35,2
END_PLAYOFFS

ROSTER:
Player,Captaincy,uwaterloo_email
Jason Bakker,,
Douglas Dubeau,,
Timothy Heersink,,
Mihajlo Ilic,,
Michael Myhal,,
Avery Pullara,,
Jenna Remedios,,
Zain Salman,,
Jaclyn Tomlin,,
Rachel Tomlin,,
END_ROSTER
