INFO:
teamName,The Invisible Children
teamAbbreviation,The Invisible Children
sportId,n/a
sportName,n/a
sportRules,n/a
leagueId,watMu
levelId,n/a
seasonName,n/a
seasonId,n/a
Roster Size,12
Season Games Played,6
Playoff Round Lengths,1
END_INFO

SEASON:
Date/Time,Location,Opposing Team,Score,S.O.C.
Thu Sep 20 @ 5:00 pm,Village Green,Intermediate Individuals 2,won 0 - 42,3
Sat Sep 22 @ 5:00 pm,Village Green,Canuckle Heads,lost 35 - 21,3
Thu Oct 11 @ 5:00 pm,Village Green,Intermediate Individuals 3,won 42 - 56,1
Sat Oct 20 @ 3:00 pm,Village Green,Intermediate Individuals 1,tie 28 - 28,3
Sat Oct 20 @ 4:00 pm,Village Green,Gandu,lost 35 - 28,3
Sat Oct 27 @ 1:00 pm,Village Green,Shake ‘n Bake,tie 14 - 14,1
END_SEASON

PLAYOFFS:
Date/Time,Location,Opposing Team,Score,S.O.C.
Sat Nov 3 @ 12:30 pm,Columbia Icefield: Warrior Field,Human Beings,lost 28 - 49,2
END_PLAYOFFS

ROSTER:
Player,Captaincy,uwaterloo_email
Martin Smith,(C),mw2smith@uwaterloo.ca
Michael Chan,,
William De Groot,,
Mathew Eidt,,
Puneet Kapoor,,
Ian Klein,,
Eric Lindsay,,
Samantha Lynch,,
Bradley Moncion,,
Nicholas Moxam,,
David Robinson,,
Graeme Shepherdson,,
END_ROSTER
