INFO:
teamName,Human Beings
teamAbbreviation,Human Beings
sportId,n/a
sportName,n/a
sportRules,n/a
leagueId,watMu
levelId,n/a
seasonName,n/a
seasonId,n/a
Roster Size,10
Season Games Played,6
Playoff Round Lengths,1,1
END_INFO

SEASON:
Date/Time,Location,Opposing Team,Score,S.O.C.
Sat Sep 22 @ 3:00 pm,Village Green,Intermediate Individuals 2,tie 21 - 21,3
Sat Sep 29 @ 6:00 pm,Village Green,Intermediate Individuals 1,won 14 - 63,3
Sat Oct 13 @ 2:00 pm,Village Green,Intermediate Individuals 3,won 21 - 42,3
Sat Oct 20 @ 12:00 pm,Village Green,Shake ‘n Bake,lost 49 - 14,4
Sat Oct 27 @ 4:00 pm,Village Green,Gandu,lost 28 - 7,3
Sat Oct 27 @ 5:00 pm,Village Green,Canuckle Heads,lost 35 - 7,3
END_SEASON

PLAYOFFS:
Date/Time,Location,Opposing Team,Score,S.O.C.
Sat Nov 3 @ 12:30 pm,Columbia Icefield: Warrior Field,The Invisible Children,won 28 - 49,2
Sat Nov 17 @ 12:30 pm,Columbia Icefield: Warrior Field,Loo Boyz,lost 42 - 49,0
END_PLAYOFFS

ROSTER:
Player,Captaincy,uwaterloo_email
Jonathan Lum,(C),j_lum@ymail.com
Tirath Dave,,
Samuel Heavenrich,,
Braden Hurl,,
Joel Klassen,,
Stuart McColl,,
Ronauq Sabharwal,,
Emerson Shen,,
Jacob Waters,,
Dao Yu,,
END_ROSTER
