Boston Bruins,BOS,nhl
1932-33,1933
19
48
5
GP,Date,Time,Location,Opponent,GF,GA,Result,Game Ended In,W,L,T,Streak,Notes
1,1932-11-10,time unavailable,@,Toronto Maple Leafs,1,1,T,OT,0,0,1,T 1
2,1932-11-12,time unavailable,@,Montreal Canadiens,4,0,W,REG,1,0,1,W 1
3,1932-11-15,time unavailable,H,Montreal Maroons,3,2,W,REG,2,0,1,W 2
4,1932-11-17,time unavailable,@,New York Americans,2,4,L,REG,2,1,1,L 1
5,1932-11-22,time unavailable,H,Chicago Black Hawks,5,1,W,REG,3,1,1,W 1
6,1932-11-26,time unavailable,H,Ottawa Senators,6,4,W,REG,4,1,1,W 2
7,1932-11-29,time unavailable,H,New York Rangers,4,6,L,REG,4,2,1,L 1
8,1932-12-03,time unavailable,@,Montreal Maroons,0,2,L,REG,4,3,1,L 2
9,1932-12-06,time unavailable,H,New York Americans,2,0,W,OT,5,3,1,W 1
10,1932-12-11,time unavailable,@,New York Rangers,1,3,L,OT,5,4,1,L 1
11,1932-12-13,time unavailable,H,Toronto Maple Leafs,5,1,W,REG,6,4,1,W 1
12,1932-12-15,time unavailable,@,Chicago Black Hawks,1,0,W,REG,7,4,1,W 2
13,1932-12-18,time unavailable,@,Detroit Red Wings,1,2,L,REG,7,5,1,L 1
14,1932-12-20,time unavailable,H,Ottawa Senators,2,1,W,REG,8,5,1,W 1
15,1932-12-22,time unavailable,H,Detroit Red Wings,7,0,W,REG,9,5,1,W 2
16,1932-12-24,time unavailable,@,Ottawa Senators,1,1,T,OT,9,5,2,T 1
17,1932-12-27,time unavailable,H,Montreal Canadiens,1,0,W,REG,10,5,2,W 1
18,1933-01-01,time unavailable,@,New York Americans,4,5,L,REG,10,6,2,L 1
19,1933-01-03,time unavailable,H,New York Americans,0,0,T,OT,10,6,3,T 1
20,1933-01-05,time unavailable,@,Chicago Black Hawks,0,0,T,OT,10,6,4,T 2
21,1933-01-08,time unavailable,@,Detroit Red Wings,1,3,L,REG,10,7,4,L 1
22,1933-01-10,time unavailable,H,Ottawa Senators,3,2,W,OT,11,7,4,W 1
23,1933-01-12,time unavailable,@,New York Rangers,1,3,L,REG,11,8,4,L 1
24,1933-01-14,time unavailable,@,Montreal Maroons,3,2,W,REG,12,8,4,W 1
25,1933-01-17,time unavailable,H,Montreal Maroons,6,2,W,REG,13,8,4,W 2
26,1933-01-19,time unavailable,@,Toronto Maple Leafs,0,3,L,REG,13,9,4,L 1
27,1933-01-21,time unavailable,@,Montreal Canadiens,2,5,L,REG,13,10,4,L 2
28,1933-01-24,time unavailable,H,Montreal Canadiens,3,2,W,REG,14,10,4,W 1
29,1933-01-26,time unavailable,H,Toronto Maple Leafs,4,2,W,REG,15,10,4,W 2
30,1933-01-31,time unavailable,H,Chicago Black Hawks,1,5,L,REG,15,11,4,L 1
31,1933-02-02,time unavailable,H,Detroit Red Wings,1,1,T,OT,15,11,5,T 1
32,1933-02-04,time unavailable,@,Ottawa Senators,2,3,L,REG,15,12,5,L 1
33,1933-02-07,time unavailable,H,New York Rangers,2,1,W,REG,16,12,5,W 1
34,1933-02-09,time unavailable,H,Montreal Maroons,1,0,W,REG,17,12,5,W 2
35,1933-02-11,time unavailable,@,Montreal Maroons,2,4,L,REG,17,13,5,L 1
36,1933-02-14,time unavailable,H,Toronto Maple Leafs,7,2,W,REG,18,13,5,W 1
37,1933-02-16,time unavailable,@,Chicago Black Hawks,1,2,L,REG,18,14,5,L 1
38,1933-02-19,time unavailable,@,Detroit Red Wings,1,2,L,REG,18,15,5,L 2
39,1933-02-21,time unavailable,H,Montreal Canadiens,10,0,W,REG,19,15,5,W 1
40,1933-02-28,time unavailable,H,Ottawa Senators,0,0,T,OT,19,15,6,T 1
41,1933-03-05,time unavailable,@,New York Rangers,2,1,W,REG,20,15,6,W 1
42,1933-03-07,time unavailable,H,Detroit Red Wings,4,1,W,REG,21,15,6,W 2
43,1933-03-09,time unavailable,H,New York Americans,4,2,W,REG,22,15,6,W 3
44,1933-03-11,time unavailable,@,Toronto Maple Leafs,6,2,W,REG,23,15,6,W 4
45,1933-03-14,time unavailable,H,Chicago Black Hawks,3,2,W,REG,24,15,6,W 5
46,1933-03-16,time unavailable,@,New York Americans,1,1,T,OT,24,15,7,T 1
47,1933-03-18,time unavailable,@,Montreal Canadiens,0,0,T,OT,24,15,8,T 2
48,1933-03-21,time unavailable,H,New York Rangers,3,2,W,REG,25,15,8,W 1

GP,Date,Time,Location,Opponent,GF,GA,Result,Game Ended In,W,L,T,Streak,Notes
1,1933-03-25,time unavailable,H,Toronto Maple Leafs,2,1,W,OT,1,0,0,W 1
2,1933-03-28,time unavailable,H,Toronto Maple Leafs,0,1,L,OT,1,1,0,L 1
3,1933-03-30,time unavailable,@,Toronto Maple Leafs,2,1,W,OT,2,1,0,W 1
4,1933-04-01,time unavailable,@,Toronto Maple Leafs,3,5,L,REG,2,2,0,L 1
5,1933-04-03,time unavailable,@,Toronto Maple Leafs,0,1,L,6OT,2,3,0,L 2

Marty Barry,,n/a,C,27,5-11,175,L/-,4,"December 8, 1905",ca,"24 G, 13 A, 37 P"
Red Beattie,,n/a,C/LW,25,5-9,170,L/-,2,"October 2, 1907",gb,"8 G, 12 A, 20 P"
Billy Burch,,n/a,C,32,6-0,200,L/-,10,"November 20, 1900",us,"3 G, 1 A, 4 P"
Art Chapman,,n/a,C,26,5-10,170,L/-,2,"May 29, 1906",ca,"3 G, 6 A, 9 P"
Dit Clapper,(C),n/a,RW/D,25,6-2,195,R/-,5,"February 9, 1907",ca,"14 G, 14 A, 28 P"
Tommy Filmore,,n/a,RW,26,5-11,189,R/-,2,"March 14, 1906",ca,"0 G, 0 A, 0 P"
Percy Galbraith,,n/a,LW,34,5-10,162,L/-,6,"December 5, 1898",ca,"1 G, 2 A, 3 P"
Obs Heximer,,n/a,RW,22,5-7,159,L/-,1,"February 16, 1910",ca,"7 G, 5 A, 12 P"
Lionel Hitchman,,n/a,D,31,6-1,167,L/-,10,"November 3, 1901",ca,"0 G, 1 A, 1 P"
Frank Jerwa,,n/a,C,23,6-1,179,L/-,1,"March 15, 1909",ca,"3 G, 4 A, 7 P"
Joe Lamb,,n/a,C/RW,26,5-10,170,R/-,5,"June 18, 1906",ca,"11 G, 8 A, 19 P"
Harry Oliver,,n/a,RW,34,5-8,155,R/-,6,"October 26, 1898",ca,"11 G, 7 A, 18 P"
George Owen,,n/a,D,31,5-11,190,L/-,4,"February 12, 1901",ca,"6 G, 2 A, 8 P"
Vic Ripley,,n/a,C,26,5-8,170,L/-,4,"May 30, 1906",ca,"2 G, 5 A, 7 P"
Earl Roche,,n/a,LW,22,5-11,175,L/-,1,"February 22, 1910",ca,"0 G, 0 A, 0 P"
Eddie Shore,,n/a,D,30,5-11,190,R/-,6,"November 25, 1902",ca,"8 G, 27 A, 35 P"
Alex Smith,,n/a,D,30,5-11,176,L/-,8,"April 2, 1902",gb,"5 G, 4 A, 9 P"
Nels Stewart,,n/a,C,30,6-1,195,L/-,7,"December 29, 1902",ca,"18 G, 18 A, 36 P"
Tiny Thompson,,n/a,G,29,5-10,160,-/L,4,"May 31, 1903",ca,"25-15-8, 1.76 GAA"
