Montreal Canadiens,MTL,nhl
1932-33,1933
24
48
2
GP,Date,Time,Location,Opponent,GF,GA,Result,Game Ended In,W,L,T,Streak,Notes
1,1932-11-12,time unavailable,H,Boston Bruins,0,4,L,REG,0,1,0,L 1
2,1932-11-17,time unavailable,H,Detroit Red Wings,1,0,W,OT,1,1,0,W 1
3,1932-11-20,time unavailable,@,Chicago Black Hawks,1,2,L,REG,1,2,0,L 1
4,1932-11-22,time unavailable,@,Detroit Red Wings,2,4,L,REG,1,3,0,L 2
5,1932-11-24,time unavailable,@,Toronto Maple Leafs,0,2,L,REG,1,4,0,L 3
6,1932-11-26,time unavailable,H,Chicago Black Hawks,2,1,W,REG,2,4,0,W 1
7,1932-12-01,time unavailable,H,Montreal Maroons,4,5,L,OT,2,5,0,L 1
8,1932-12-04,time unavailable,@,New York Americans,2,4,L,REG,2,6,0,L 2
9,1932-12-06,time unavailable,@,New York Rangers,3,5,L,REG,2,7,0,L 3
10,1932-12-08,time unavailable,@,Ottawa Senators,0,2,L,REG,2,8,0,L 4
11,1932-12-10,time unavailable,H,Ottawa Senators,3,2,W,OT,3,8,0,W 1
12,1932-12-13,time unavailable,H,New York Rangers,1,1,T,OT,3,8,1,T 1
13,1932-12-17,time unavailable,@,Montreal Maroons,3,1,W,REG,4,8,1,W 1
14,1932-12-20,time unavailable,H,Toronto Maple Leafs,1,2,L,REG,4,9,1,L 1
15,1932-12-24,time unavailable,H,New York Americans,4,0,W,REG,5,9,1,W 1
16,1932-12-27,time unavailable,@,Boston Bruins,0,1,L,REG,5,10,1,L 1
17,1932-12-29,time unavailable,H,Detroit Red Wings,3,3,T,OT,5,10,2,T 1
18,1933-01-01,time unavailable,@,Chicago Black Hawks,1,4,L,REG,5,11,2,L 1
19,1933-01-05,time unavailable,@,Detroit Red Wings,1,6,L,REG,5,12,2,L 2
20,1933-01-07,time unavailable,H,Ottawa Senators,1,0,W,REG,6,12,2,W 1
21,1933-01-12,time unavailable,H,Chicago Black Hawks,4,2,W,REG,7,12,2,W 2
22,1933-01-17,time unavailable,@,Ottawa Senators,2,3,L,REG,7,13,2,L 1
23,1933-01-19,time unavailable,@,New York Rangers,1,2,L,REG,7,14,2,L 2
24,1933-01-21,time unavailable,H,Boston Bruins,5,2,W,REG,8,14,2,W 1
25,1933-01-24,time unavailable,@,Boston Bruins,2,3,L,REG,8,15,2,L 1
26,1933-01-26,time unavailable,H,New York Americans,1,1,T,OT,8,15,3,T 1
27,1933-01-28,time unavailable,@,Toronto Maple Leafs,2,4,L,REG,8,16,3,L 1
28,1933-01-31,time unavailable,H,Ottawa Senators,3,1,W,OT,9,16,3,W 1
29,1933-02-02,time unavailable,@,New York Americans,0,5,L,REG,9,17,3,L 1
30,1933-02-04,time unavailable,H,Montreal Maroons,2,7,L,REG,9,18,3,L 2
31,1933-02-07,time unavailable,H,Toronto Maple Leafs,2,0,W,REG,10,18,3,W 1
32,1933-02-12,time unavailable,@,Chicago Black Hawks,0,2,L,REG,10,19,3,L 1
33,1933-02-14,time unavailable,H,Detroit Red Wings,6,2,W,REG,11,19,3,W 1
34,1933-02-16,time unavailable,@,Ottawa Senators,6,0,W,REG,12,19,3,W 2
35,1933-02-18,time unavailable,H,New York Rangers,1,3,L,REG,12,20,3,L 1
36,1933-02-21,time unavailable,@,Boston Bruins,0,10,L,REG,12,21,3,L 2
37,1933-02-23,time unavailable,H,Chicago Black Hawks,2,0,W,REG,13,21,3,W 1
38,1933-02-25,time unavailable,@,Montreal Maroons,2,2,T,OT,13,21,4,T 1
39,1933-02-28,time unavailable,@,Toronto Maple Leafs,2,1,W,REG,14,21,4,W 1
40,1933-03-02,time unavailable,H,Toronto Maple Leafs,4,3,W,REG,15,21,4,W 2
41,1933-03-04,time unavailable,H,New York Americans,2,0,W,REG,16,21,4,W 3
42,1933-03-07,time unavailable,@,New York Americans,1,2,L,OT,16,22,4,L 1
43,1933-03-09,time unavailable,H,Montreal Maroons,3,1,W,REG,17,22,4,W 1
44,1933-03-12,time unavailable,@,Detroit Red Wings,1,3,L,REG,17,23,4,L 1
45,1933-03-14,time unavailable,@,Montreal Maroons,1,2,L,REG,17,24,4,L 2
46,1933-03-16,time unavailable,H,New York Rangers,2,1,W,REG,18,24,4,W 1
47,1933-03-18,time unavailable,H,Boston Bruins,0,0,T,OT,18,24,5,T 1
48,1933-03-23,time unavailable,@,New York Rangers,2,4,L,REG,18,25,5,L 1

GP,Date,Time,Location,Opponent,GF,GA,Result,Game Ended In,W,L,T,Streak,Notes
1,1933-03-26,time unavailable,@,New York Rangers,2,5,L,REG,0,1,0,L 1
2,1933-03-28,time unavailable,H,New York Rangers,3,3,T,REG,0,1,1,T 1

Art Alexandre,,n/a,C,23,5-5,150,R/-,1,"March 2, 1909",ca,"0 G, 0 A, 0 P"
Leo Bourgeault,,n/a,D/RW,30,5-6,165,L/-,5,"January 17, 1903",ca,"1 G, 1 A, 2 P"
Marty Burke,,n/a,D,28,5-8,160,L/-,5,"January 28, 1905",ca,"2 G, 5 A, 7 P"
Gerry Carson,,n/a,D,27,5-10,175,L/-,2,"October 10, 1905",ca,"5 G, 2 A, 7 P"
Johnny Gagnon,,n/a,RW,27,5-5,140,R/-,2,"June 8, 1905",ca,"12 G, 23 A, 35 P"
Leo Gaudreault,,n/a,C,27,5-10,152,L/-,2,"October 19, 1905",ca,"2 G, 2 A, 4 P"
Art Giroux,,n/a,RW,24,5-10,165,R/-,R,"June 6, 1908",ca,"5 G, 2 A, 7 P"
Len Grosvenor,,n/a,F,27,5-9,172,R/-,5,"July 21, 1905",ca,"0 G, 0 A, 0 P"
George Hainsworth,(C),n/a,G,37,5-6,150,-/L,6,"June 26, 1895",ca,"18-25-5, 2.32 GAA"
Hago Harrington,,n/a,LW,28,5-8,163,L/-,2,"August 13, 1904",us,"1 G, 1 A, 2 P"
Gizzy Hart,,n/a,LW,30,5-9,171,L/-,2,"June 1, 1902",ca,"0 G, 3 A, 3 P"
Aurele Joliat,,4,LW,31,5-7,136,L/-,10,"August 29, 1901",ca,"18 G, 21 A, 39 P"
Wildor Larochelle,,n/a,RW,26,5-8,158,R/-,7,"September 23, 1906",ca,"11 G, 4 A, 15 P"
Albert Leduc,,n/a,D,30,5-9,180,R/-,7,"November 22, 1902",ca,"5 G, 3 A, 8 P"
Pit Lepine,,n/a,C,31,5-11,168,L/-,7,"July 30, 1901",ca,"8 G, 8 A, 16 P"
Georges Mantha,,n/a,LW,24,5-8,165,L/-,4,"November 29, 1908",ca,"3 G, 6 A, 9 P"
Sylvio Mantha,,2,D,30,5-10,178,R/-,9,"April 14, 1902",ca,"4 G, 7 A, 11 P"
Walt McCartney,,n/a,D,21,5-10,160,L/-,R,"April 26, 1911",ca,"0 G, 0 A, 0 P"
Armand Mondou,,n/a,LW/C,27,5-10,175,L/-,4,"June 27, 1905",ca,"1 G, 3 A, 4 P"
Howie Morenz,,7,C,30,5-9,165,L/-,9,"September 21, 1902",ca,"14 G, 21 A, 35 P"
Leo Murray,,n/a,C,26,5-9,165,L/-,R,"February 15, 1906",ca,"0 G, 0 A, 0 P"
Paul Raymond,,n/a,RW,19,5-8,150,R/-,R,"February 27, 1913",ca,"0 G, 0 A, 0 P"
Harold Starr,,n/a,D,26,5-11,176,L/-,3,"July 6, 1906",ca,"0 G, 0 A, 0 P"
Bob Trapp,,n/a,33,5-10,170,L/-,2,"December 16, 1899","0 G, 0 A, 0 P",ca
