Ottawa Senators,OTS,nhl
1932-33,1933
23
48
0
GP,Date,Time,Location,Opponent,GF,GA,Result,Game Ended In,W,L,T,Streak,Notes
1,1932-11-12,time unavailable,H,Montreal Maroons,1,2,L,REG,0,1,0,L 1
2,1932-11-19,time unavailable,H,Detroit Red Wings,2,0,W,REG,1,1,0,W 1
3,1932-11-24,time unavailable,@,Montreal Maroons,6,3,W,REG,2,1,0,W 2
4,1932-11-26,time unavailable,@,Boston Bruins,4,6,L,REG,2,2,0,L 1
5,1932-11-29,time unavailable,H,Chicago Black Hawks,3,1,W,REG,3,2,0,W 1
6,1932-12-01,time unavailable,H,New York Americans,4,3,W,REG,4,2,0,W 2
7,1932-12-03,time unavailable,@,Toronto Maple Leafs,1,4,L,REG,4,3,0,L 1
8,1932-12-04,time unavailable,@,Detroit Red Wings,0,2,L,REG,4,4,0,L 2
9,1932-12-06,time unavailable,@,Chicago Black Hawks,1,1,T,OT,4,4,1,T 1
10,1932-12-08,time unavailable,H,Montreal Canadiens,2,0,W,REG,5,4,1,W 1
11,1932-12-10,time unavailable,@,Montreal Canadiens,2,3,L,OT,5,5,1,L 1
12,1932-12-13,time unavailable,@,New York Americans,2,0,W,REG,6,5,1,W 1
13,1932-12-15,time unavailable,@,Toronto Maple Leafs,1,4,L,REG,6,6,1,L 1
14,1932-12-17,time unavailable,H,New York Rangers,2,2,T,OT,6,6,2,T 1
15,1932-12-20,time unavailable,@,Boston Bruins,1,2,L,REG,6,7,2,L 1
16,1932-12-24,time unavailable,H,Boston Bruins,1,1,T,OT,6,7,3,T 1
17,1932-12-27,time unavailable,H,Montreal Maroons,3,0,W,REG,7,7,3,W 1
18,1932-12-29,time unavailable,@,New York Rangers,2,4,L,REG,7,8,3,L 1
19,1933-01-03,time unavailable,H,Detroit Red Wings,0,1,L,REG,7,9,3,L 2
20,1933-01-05,time unavailable,@,New York Americans,1,1,T,OT,7,9,4,T 1
21,1933-01-07,time unavailable,@,Montreal Canadiens,0,1,L,REG,7,10,4,L 1
22,1933-01-10,time unavailable,@,Boston Bruins,2,3,L,OT,7,11,4,L 2
23,1933-01-12,time unavailable,H,New York Americans,2,5,L,REG,7,12,4,L 3
24,1933-01-14,time unavailable,H,Toronto Maple Leafs,3,5,L,OT,7,13,4,L 4
25,1933-01-17,time unavailable,H,Montreal Canadiens,3,2,W,REG,8,13,4,W 1
26,1933-01-19,time unavailable,@,Montreal Maroons,3,7,L,REG,8,14,4,L 1
27,1933-01-22,time unavailable,@,Chicago Black Hawks,1,2,L,REG,8,15,4,L 2
28,1933-01-24,time unavailable,H,Toronto Maple Leafs,2,4,L,REG,8,16,4,L 3
29,1933-01-26,time unavailable,@,Detroit Red Wings,1,1,T,OT,8,16,5,T 1
30,1933-01-28,time unavailable,H,New York Rangers,2,9,L,REG,8,17,5,L 1
31,1933-01-31,time unavailable,@,Montreal Canadiens,1,3,L,OT,8,18,5,L 2
32,1933-02-02,time unavailable,H,Chicago Black Hawks,1,1,T,OT,8,18,6,T 1
33,1933-02-04,time unavailable,H,Boston Bruins,3,2,W,REG,9,18,6,W 1
34,1933-02-09,time unavailable,@,New York Rangers,3,3,T,OT,9,18,7,T 1
35,1933-02-14,time unavailable,H,New York Rangers,1,3,L,REG,9,19,7,L 1
36,1933-02-16,time unavailable,H,Montreal Canadiens,0,6,L,REG,9,20,7,L 2
37,1933-02-19,time unavailable,@,New York Americans,1,3,L,REG,9,21,7,L 3
38,1933-02-23,time unavailable,H,Toronto Maple Leafs,0,3,L,REG,9,22,7,L 4
39,1933-02-28,time unavailable,@,Boston Bruins,0,0,T,OT,9,22,8,T 1
40,1933-03-02,time unavailable,H,Detroit Red Wings,2,3,L,REG,9,23,8,L 1
41,1933-03-05,time unavailable,@,Detroit Red Wings,0,2,L,REG,9,24,8,L 2
42,1933-03-07,time unavailable,@,Chicago Black Hawks,1,5,L,REG,9,25,8,L 3
43,1933-03-09,time unavailable,H,Chicago Black Hawks,3,3,T,OT,9,25,9,T 1
44,1933-03-11,time unavailable,H,New York Americans,2,1,W,OT,10,25,9,W 1
45,1933-03-14,time unavailable,@,New York Rangers,3,3,T,OT,10,25,10,T 1
46,1933-03-16,time unavailable,H,Montreal Maroons,4,5,L,OT,10,26,10,L 1
47,1933-03-18,time unavailable,@,Toronto Maple Leafs,2,6,L,REG,10,27,10,L 2
48,1933-03-21,time unavailable,@,Montreal Maroons,3,0,W,REG,11,27,10,W 1

Time,Location,Result,Game Ended In

Bill Beveridge,,n/a,G,23,5-8,170,-/L,2,"July 1, 1909",ca,"7-19-8, 2.60 GAA"
Leo Bourgeault,,n/a,D/RW,30,5-6,165,L/-,5,"January 17, 1903",ca,"1 G, 1 A, 2 P"
Marty Burke,,n/a,D,28,5-8,160,L/-,5,"January 28, 1905",ca,"0 G, 0 A, 0 P"
Bert Burry,,n/a,D,26,5-9,180,L/-,R,"February 7, 1906",ca,"0 G, 0 A, 0 P"
Alec Connell,,n/a,G,30,5-9,150,-/R,8,"February 8, 1902",ca,"4-8-2, 2.56 GAA"
Danny Cox,,n/a,LW,29,5-10,180,L/-,6,"October 12, 1903",ca,"4 G, 7 A, 11 P"
Frank Finnigan,,n/a,RW,29,5-9,165,R/-,9,"July 9, 1903",ca,"4 G, 14 A, 18 P"
Gus Forslund,,n/a,F,24,5-10,150,R/-,R,"April 25, 1908",se,"4 G, 9 A, 13 P"
Dutch Gainor,,n/a,C,28,6-1,170,L/-,5,"April 10, 1904",ca,"0 G, 0 A, 0 P"
Syd Howe,,n/a,LW/C,21,5-9,165,L/-,3,"September 28, 1911",ca,"12 G, 12 A, 24 P"
Hec Kilrea,,n/a,LW,25,5-8,175,L/-,7,"June 11, 1907",ca,"14 G, 8 A, 22 P"
Wally Kilrea,,n/a,C,23,5-7,150,R/-,3,"February 18, 1909",ca,"4 G, 5 A, 9 P"
Gerry Lowrey,,n/a,LW,26,5-8,150,L/-,5,"February 14, 1906",ca,"0 G, 0 A, 0 P"
Bert McInenly,,n/a,D,26,5-9,160,L/-,2,"May 6, 1906",ca,"2 G, 2 A, 4 P"
Hib Milks,,n/a,C,33,5-11,165,L/-,7,"April 1, 1899",ca,"0 G, 3 A, 3 P"
Des Roche,,n/a,RW,23,5-7,165,R/-,1,"February 1, 1909",ca,"3 G, 6 A, 9 P"
Earl Roche,,n/a,LW,22,5-11,175,L/-,1,"February 22, 1910",ca,"4 G, 5 A, 9 P"
Harvey Rockburn,,n/a,D,24,5-10,180,L/-,2,"August 20, 1908",ca,"0 G, 1 A, 1 P"
Al Shields,,n/a,D,25,6-0,188,R/-,5,"May 10, 1907",ca,"7 G, 4 A, 11 P"
Alex Smith,,n/a,D,30,5-11,176,L/-,8,"April 2, 1902",gb,"2 G, 0 A, 2 P"
Harold Starr,,n/a,D,26,5-11,176,L/-,3,"July 6, 1906",ca,"0 G, 0 A, 0 P"
Bill Touhey,,n/a,LW/C,26,5-9,155,L/-,5,"March 23, 1906",ca,"12 G, 7 A, 19 P"
Cooney Weiland,,n/a,C,28,5-7,150,L/-,4,"November 5, 1904",ca,"16 G, 11 A, 27 P"
