Toronto Maple Leafs,TOR,nhl
1932-33,1933
18
48
5,4
GP,Date,Time,Location,Opponent,GF,GA,Result,Game Ended In,W,L,T,Streak,Notes
1,1932-11-10,time unavailable,H,Boston Bruins,1,1,T,OT,0,0,1,T 1
2,1932-11-12,time unavailable,H,New York Rangers,4,2,W,REG,1,0,1,W 1
3,1932-11-17,time unavailable,@,Chicago Black Hawks,1,3,L,REG,1,1,1,L 1
4,1932-11-20,time unavailable,@,New York Rangers,0,7,L,REG,1,2,1,L 2
5,1932-11-24,time unavailable,H,Montreal Canadiens,2,0,W,REG,2,2,1,W 1
6,1932-11-26,time unavailable,H,Montreal Maroons,3,2,W,REG,3,2,1,W 2
7,1932-11-27,time unavailable,@,Detroit Red Wings,2,1,W,REG,4,2,1,W 3
8,1932-12-03,time unavailable,H,Ottawa Senators,4,1,W,REG,5,2,1,W 4
9,1932-12-08,time unavailable,@,Montreal Maroons,0,1,L,REG,5,3,1,L 1
10,1932-12-10,time unavailable,H,New York Americans,2,2,T,OT,5,3,2,T 1
11,1932-12-13,time unavailable,@,Boston Bruins,1,5,L,REG,5,4,2,L 1
12,1932-12-15,time unavailable,H,Ottawa Senators,4,1,W,REG,6,4,2,W 1
13,1932-12-17,time unavailable,H,Detroit Red Wings,3,0,W,REG,7,4,2,W 2
14,1932-12-20,time unavailable,@,Montreal Canadiens,2,1,W,REG,8,4,2,W 3
15,1932-12-22,time unavailable,@,New York Americans,0,1,L,REG,8,5,2,L 1
16,1932-12-24,time unavailable,H,Chicago Black Hawks,1,2,L,REG,8,6,2,L 2
17,1932-12-27,time unavailable,@,Chicago Black Hawks,4,3,W,REG,9,6,2,W 1
18,1932-12-29,time unavailable,H,Montreal Maroons,1,0,W,REG,10,6,2,W 2
19,1933-01-01,time unavailable,@,Detroit Red Wings,2,2,T,OT,10,6,3,T 1
20,1933-01-03,time unavailable,@,New York Rangers,2,4,L,REG,10,7,3,L 1
21,1933-01-05,time unavailable,@,Montreal Maroons,2,2,T,OT,10,7,4,T 1
22,1933-01-07,time unavailable,H,Detroit Red Wings,1,6,L,REG,10,8,4,L 1
23,1933-01-10,time unavailable,H,New York Rangers,3,2,W,REG,11,8,4,W 1
24,1933-01-14,time unavailable,@,Ottawa Senators,5,3,W,OT,12,8,4,W 2
25,1933-01-17,time unavailable,@,New York Americans,1,3,L,REG,12,9,4,L 1
26,1933-01-19,time unavailable,H,Boston Bruins,3,0,W,REG,13,9,4,W 1
27,1933-01-24,time unavailable,@,Ottawa Senators,4,2,W,REG,14,9,4,W 2
28,1933-01-26,time unavailable,@,Boston Bruins,2,4,L,REG,14,10,4,L 1
29,1933-01-28,time unavailable,H,Montreal Canadiens,4,2,W,REG,15,10,4,W 1
30,1933-01-31,time unavailable,H,New York Americans,7,1,W,REG,16,10,4,W 2
31,1933-02-04,time unavailable,H,Chicago Black Hawks,2,2,T,OT,16,10,5,T 1
32,1933-02-07,time unavailable,@,Montreal Canadiens,0,2,L,REG,16,11,5,L 1
33,1933-02-11,time unavailable,H,New York Rangers,2,1,W,REG,17,11,5,W 1
34,1933-02-14,time unavailable,@,Boston Bruins,2,7,L,REG,17,12,5,L 1
35,1933-02-16,time unavailable,@,New York Rangers,5,2,W,REG,18,12,5,W 1
36,1933-02-18,time unavailable,H,Detroit Red Wings,4,1,W,REG,19,12,5,W 2
37,1933-02-23,time unavailable,@,Ottawa Senators,3,0,W,REG,20,12,5,W 3
38,1933-02-25,time unavailable,H,New York Americans,5,1,W,REG,21,12,5,W 4
39,1933-02-28,time unavailable,H,Montreal Canadiens,1,2,L,REG,21,13,5,L 1
40,1933-03-02,time unavailable,@,Montreal Canadiens,3,4,L,REG,21,14,5,L 2
41,1933-03-04,time unavailable,H,Montreal Maroons,4,2,W,REG,22,14,5,W 1
42,1933-03-05,time unavailable,@,Chicago Black Hawks,2,1,W,REG,23,14,5,W 2
43,1933-03-07,time unavailable,@,Montreal Maroons,2,7,L,REG,23,15,5,L 1
44,1933-03-11,time unavailable,H,Boston Bruins,2,6,L,REG,23,16,5,L 2
45,1933-03-16,time unavailable,@,Detroit Red Wings,0,1,L,REG,23,17,5,L 3
46,1933-03-18,time unavailable,H,Ottawa Senators,6,2,W,REG,24,17,5,W 1
47,1933-03-21,time unavailable,@,New York Americans,3,4,L,REG,24,18,5,L 1
48,1933-03-23,time unavailable,H,Chicago Black Hawks,2,2,T,OT,24,18,6,T 1

GP,Date,Time,Location,Opponent,GF,GA,Result,Game Ended In,W,L,T,Streak,Notes
1,1933-03-25,time unavailable,@,Boston Bruins,1,2,L,OT,0,1,0,L 1
2,1933-03-28,time unavailable,@,Boston Bruins,1,0,W,OT,1,1,0,W 1
3,1933-03-30,time unavailable,H,Boston Bruins,1,2,L,OT,1,2,0,L 1
4,1933-04-01,time unavailable,H,Boston Bruins,5,3,W,REG,2,2,0,W 1
5,1933-04-03,time unavailable,H,Boston Bruins,1,0,W,6OT,3,2,0,W 2
6,1933-04-04,time unavailable,@,New York Rangers,1,5,L,REG,3,3,0,L 1
7,1933-04-08,time unavailable,H,New York Rangers,1,3,L,REG,3,4,0,L 2
8,1933-04-11,time unavailable,H,New York Rangers,3,2,W,REG,4,4,0,W 1
9,1933-04-13,time unavailable,H,New York Rangers,0,1,L,OT,4,5,0,L 1

Stew Adams,,n/a,LW,28,5-10,165,L/-,3,"October 16, 1904",ca,"0 G, 2 A, 2 P"
Ace Bailey,,n/a,RW,29,5-10,160,R/-,6,"July 3, 1903",ca,"10 G, 8 A, 18 P"
Andy Blair,,n/a,C,24,6-1,180,L/-,4,"February 27, 1908",ca,"6 G, 9 A, 15 P"
Lorne Chabot,,n/a,G,32,6-1,185,-/L,6,"October 5, 1900",ca,"24-18-6, 2.26 GAA"
King Clancy,,n/a,D,29,5-7,155,L/-,11,"February 25, 1903",ca,"13 G, 12 A, 25 P"
Charlie Conacher,,n/a,RW,23,6-1,195,R/-,3,"December 20, 1909",ca,"14 G, 19 A, 33 P"
Baldy Cotton,,n/a,LW,30,5-10,155,L/-,7,"November 5, 1902",ca,"10 G, 11 A, 21 P"
Harold Darragh,,n/a,RW,30,5-10,145,R/-,7,"September 13, 1902",ca,"1 G, 2 A, 3 P"
Hap Day,(C),n/a,LW/D,31,5-11,175,L/-,8,"June 14, 1901",ca,"6 G, 14 A, 20 P"
Ken Doraty,,n/a,RW,26,5-7,133,R/-,1,"June 23, 1906",ca,"5 G, 11 A, 16 P"
Dave Downie,,n/a,RW,23,5-8,168,R/-,R,"March 11, 1909",ca,"0 G, 1 A, 1 P"
Bob Gracie,,n/a,C/LW,22,5-9,155,L/-,2,"November 8, 1910",ca,"9 G, 13 A, 22 P"
Red Horner,,n/a,D,23,6-0,190,R/-,4,"May 28, 1909",ca,"3 G, 8 A, 11 P"
Busher Jackson,,n/a,LW,22,5-11,195,L/-,3,"January 19, 1911",ca,"27 G, 17 A, 44 P"
Alex Levinsky,,n/a,D,22,5-10,184,R/-,2,"February 2, 1910",us,"1 G, 4 A, 5 P"
Joe Primeau,,n/a,C,27,5-11,153,L/-,5,"January 29, 1906",ca,"11 G, 21 A, 32 P"
Charlie Sands,,n/a,C/RW,21,5-9,160,R/-,R,"March 23, 1911",ca,"0 G, 3 A, 3 P"
Bill Thoms,,n/a,C,22,5-9,170,L/-,R,"March 5, 1910",ca,"3 G, 9 A, 12 P"
