Detroit Red Wings,DET,nhl
1963-64,1964
38
70
7,7
GP,Date,Time,Location,Opponent,GF,GA,Result,Game Ended In,W,L,T,Streak,Notes
1,1963-10-10,time unavailable,H,Chicago Black Hawks,5,3,W,REG,1,0,0,W 1
2,1963-10-13,time unavailable,H,Boston Bruins,3,0,W,REG,2,0,0,W 2
3,1963-10-16,time unavailable,@,New York Rangers,0,3,L,REG,2,1,0,L 1
4,1963-10-19,time unavailable,@,Toronto Maple Leafs,1,2,L,REG,2,2,0,L 2
5,1963-10-20,time unavailable,H,Toronto Maple Leafs,3,2,W,REG,3,2,0,W 1
6,1963-10-24,time unavailable,H,Chicago Black Hawks,2,2,T,REG,3,2,1,T 1
7,1963-10-27,time unavailable,H,Montreal Canadiens,4,6,L,REG,3,3,1,L 1
8,1963-10-29,time unavailable,@,Chicago Black Hawks,1,5,L,REG,3,4,1,L 2
9,1963-10-31,time unavailable,H,New York Rangers,4,1,W,REG,4,4,1,W 1
10,1963-11-02,time unavailable,@,Montreal Canadiens,1,5,L,REG,4,5,1,L 1
11,1963-11-03,time unavailable,@,Boston Bruins,1,4,L,REG,4,6,1,L 2
12,1963-11-07,time unavailable,H,New York Rangers,1,0,W,REG,5,6,1,W 1
13,1963-11-10,time unavailable,H,Montreal Canadiens,3,0,W,REG,6,6,1,W 2
14,1963-11-16,time unavailable,@,Boston Bruins,1,1,T,REG,6,6,2,T 1
15,1963-11-17,time unavailable,@,New York Rangers,2,5,L,REG,6,7,2,L 1
16,1963-11-20,time unavailable,@,Chicago Black Hawks,2,5,L,REG,6,8,2,L 2
17,1963-11-27,time unavailable,@,New York Rangers,2,3,L,REG,6,9,2,L 3
18,1963-11-28,time unavailable,H,Montreal Canadiens,3,7,L,REG,6,10,2,L 4
19,1963-11-30,time unavailable,@,Toronto Maple Leafs,1,1,T,REG,6,10,3,T 1
20,1963-12-01,time unavailable,H,Toronto Maple Leafs,1,4,L,REG,6,11,3,L 1
21,1963-12-05,time unavailable,H,Boston Bruins,4,2,W,REG,7,11,3,W 1
22,1963-12-07,time unavailable,@,Montreal Canadiens,2,5,L,REG,7,12,3,L 1
23,1963-12-08,time unavailable,H,Toronto Maple Leafs,3,5,L,REG,7,13,3,L 2
24,1963-12-11,time unavailable,@,Toronto Maple Leafs,3,1,W,REG,8,13,3,W 1
25,1963-12-14,time unavailable,H,Chicago Black Hawks,5,4,W,REG,9,13,3,W 2
26,1963-12-15,time unavailable,@,Chicago Black Hawks,4,4,T,REG,9,13,4,T 1
27,1963-12-18,time unavailable,@,New York Rangers,1,1,T,REG,9,13,5,T 2
28,1963-12-19,time unavailable,H,Boston Bruins,3,0,W,REG,10,13,5,W 1
29,1963-12-21,time unavailable,@,Toronto Maple Leafs,0,2,L,REG,10,14,5,L 1
30,1963-12-22,time unavailable,H,Montreal Canadiens,1,6,L,REG,10,15,5,L 2
31,1963-12-25,time unavailable,H,New York Rangers,4,3,W,REG,11,15,5,W 1
32,1963-12-28,time unavailable,@,Montreal Canadiens,1,1,T,REG,11,15,6,T 1
33,1963-12-29,time unavailable,H,Boston Bruins,2,1,W,REG,12,15,6,W 1
34,1963-12-31,time unavailable,H,Toronto Maple Leafs,4,5,L,REG,12,16,6,L 1
35,1964-01-04,time unavailable,@,New York Rangers,2,5,L,REG,12,17,6,L 2
36,1964-01-05,time unavailable,H,Montreal Canadiens,3,3,T,REG,12,17,7,T 1
37,1964-01-07,time unavailable,@,Boston Bruins,5,0,W,REG,13,17,7,W 1
38,1964-01-09,time unavailable,H,Chicago Black Hawks,5,3,W,REG,14,17,7,W 2
39,1964-01-11,time unavailable,@,Chicago Black Hawks,3,6,L,REG,14,18,7,L 1
40,1964-01-12,time unavailable,H,New York Rangers,5,3,W,REG,15,18,7,W 1
41,1964-01-16,time unavailable,@,Boston Bruins,1,5,L,REG,15,19,7,L 1
42,1964-01-18,time unavailable,@,Montreal Canadiens,2,0,W,REG,16,19,7,W 1
43,1964-01-19,time unavailable,H,New York Rangers,1,3,L,REG,16,20,7,L 1
44,1964-01-25,time unavailable,H,Chicago Black Hawks,5,3,W,REG,17,20,7,W 1
45,1964-01-26,time unavailable,@,New York Rangers,2,3,L,REG,17,21,7,L 1
46,1964-01-29,time unavailable,@,Chicago Black Hawks,2,2,T,REG,17,21,8,T 1
47,1964-02-01,time unavailable,@,Montreal Canadiens,3,9,L,REG,17,22,8,L 1
48,1964-02-02,time unavailable,H,Toronto Maple Leafs,2,2,T,REG,17,22,9,T 1
49,1964-02-05,time unavailable,@,Chicago Black Hawks,2,4,L,REG,17,23,9,L 1
50,1964-02-06,time unavailable,H,Chicago Black Hawks,4,0,W,REG,18,23,9,W 1
51,1964-02-08,time unavailable,@,Boston Bruins,3,2,W,REG,19,23,9,W 2
52,1964-02-09,time unavailable,H,New York Rangers,4,2,W,REG,20,23,9,W 3
53,1964-02-13,time unavailable,H,Boston Bruins,4,1,W,REG,21,23,9,W 4
54,1964-02-15,time unavailable,@,Montreal Canadiens,4,1,W,REG,22,23,9,W 5
55,1964-02-16,time unavailable,H,Montreal Canadiens,2,5,L,REG,22,24,9,L 1
56,1964-02-19,time unavailable,@,Toronto Maple Leafs,1,1,T,REG,22,24,10,T 1
57,1964-02-22,time unavailable,H,Boston Bruins,3,2,W,REG,23,24,10,W 1
58,1964-02-23,time unavailable,H,Montreal Canadiens,3,2,W,REG,24,24,10,W 2
59,1964-02-27,time unavailable,@,Chicago Black Hawks,2,4,L,REG,24,25,10,L 1
60,1964-02-29,time unavailable,@,Boston Bruins,1,2,L,REG,24,26,10,L 2
61,1964-03-01,time unavailable,@,New York Rangers,2,2,T,REG,24,26,11,T 1
62,1964-03-03,time unavailable,H,Toronto Maple Leafs,3,2,W,REG,25,26,11,W 1
63,1964-03-05,time unavailable,@,Montreal Canadiens,7,5,W,REG,26,26,11,W 2
64,1964-03-07,time unavailable,@,Toronto Maple Leafs,2,4,L,REG,26,27,11,L 1
65,1964-03-08,time unavailable,@,Boston Bruins,5,3,W,REG,27,27,11,W 1
66,1964-03-12,time unavailable,H,Boston Bruins,2,1,W,REG,28,27,11,W 2
67,1964-03-15,time unavailable,H,Chicago Black Hawks,5,3,W,REG,29,27,11,W 3
68,1964-03-19,time unavailable,H,New York Rangers,9,3,W,REG,30,27,11,W 4
69,1964-03-21,time unavailable,@,Toronto Maple Leafs,3,5,L,REG,30,28,11,L 1
70,1964-03-22,time unavailable,H,Toronto Maple Leafs,1,4,L,REG,30,29,11,L 2

GP,Date,Time,Location,Opponent,GF,GA,Result,Game Ended In,W,L,T,Streak,Notes
1,1964-03-26,time unavailable,@,Chicago Black Hawks,1,4,L,REG,0,1,0,L 1
2,1964-03-29,time unavailable,@,Chicago Black Hawks,5,4,W,REG,1,1,0,W 1
3,1964-03-31,time unavailable,H,Chicago Black Hawks,3,0,W,REG,2,1,0,W 2
4,1964-04-02,time unavailable,H,Chicago Black Hawks,2,3,L,OT,2,2,0,L 1
5,1964-04-05,time unavailable,@,Chicago Black Hawks,2,3,L,REG,2,3,0,L 2
6,1964-04-07,time unavailable,H,Chicago Black Hawks,7,2,W,REG,3,3,0,W 1
7,1964-04-09,time unavailable,@,Chicago Black Hawks,4,2,W,REG,4,3,0,W 2
8,1964-04-11,time unavailable,@,Toronto Maple Leafs,2,3,L,REG,4,4,0,L 1
9,1964-04-14,time unavailable,@,Toronto Maple Leafs,4,3,W,OT,5,4,0,W 1
10,1964-04-16,time unavailable,H,Toronto Maple Leafs,4,3,W,REG,6,4,0,W 2
11,1964-04-18,time unavailable,H,Toronto Maple Leafs,2,4,L,REG,6,5,0,L 1
12,1964-04-21,time unavailable,@,Toronto Maple Leafs,2,1,W,REG,7,5,0,W 1
13,1964-04-23,time unavailable,H,Toronto Maple Leafs,3,4,L,OT,7,6,0,L 1
14,1964-04-25,time unavailable,@,Toronto Maple Leafs,0,4,L,REG,7,7,0,L 2

Doug Barkley,,5,D,27,6-2,185,R/-,3,"January 6, 1937",ca,"11 G, 21 A, 32 P"
Hank Bassen,,25,G,31,5-10,180,-/L,5,"December 6, 1932",ca,"0-1-0, 4.00 GAA"
Roger Crozier,,22,G,21,5-8,165,-/R,R,"March 16, 1942",ca,"5-6-4, 3.40 GAA"
Ian Cushenan,,18,D,30,6-2,195,L/-,4,"November 29, 1933",ca,"0 G, 0 A, 0 P"
Alex Delvecchio,(C),10,C,31,6-0,195,L/-,13,"December 4, 1932",ca,"23 G, 30 A, 53 P"
Alex Faulkner,,12,C,27,5-8,165,L/-,2,"May 21, 1936",ca,"5 G, 7 A, 12 P"
Bill Gadsby,,4,D,36,6-0,180,L/-,17,"August 8, 1927",ca,"2 G, 16 A, 18 P"
Warren Godfrey,,11,D,32,6-1,190,L/-,11,"March 23, 1931",ca,"0 G, 0 A, 0 P"
Pete Goegan,,18,D,29,6-1,195,L/-,6,"March 6, 1934",ca,"0 G, 0 A, 0 P"
Harrison Gray,,22,G,22,5-11,165,L/-,R,"September 5, 1941",ca,"0-1-0, 7.50 GAA"
Ted Hampson,,21,C,27,5-8,173,L/-,4,"December 11, 1936",ca,"0 G, 1 A, 1 P"
Ron Harris,,4,D,21,5-10,190,R/-,1,"June 30, 1942",ca,"0 G, 0 A, 0 P"
Paul Henderson,,19,LW,21,5-11,180,R/-,1,"January 28, 1943",ca,"3 G, 3 A, 6 P"
Gordie Howe,,9,RW,35,6-0,205,R/-,17,"March 31, 1928",ca,"26 G, 47 A, 73 P"
Ron Ingram,,2,D,30,5-11,185,R/-,1,"July 5, 1933",ca,"3 G, 6 A, 9 P"
Larry Jeffrey,,14,LW,23,5-11,189,L/-,2,"October 12, 1940",ca,"10 G, 18 A, 28 P"
Eddie Joyal,,21,C,23,6-0,178,L/-,1,"May 8, 1940",ca,"10 G, 7 A, 17 P"
Claude Laforge,,8,LW,27,5-9,172,L/-,4,"July 1, 1936",ca,"2 G, 3 A, 5 P"
Albert Langlois,,2,D,29,6-0,205,L/-,6,"November 6, 1934",ca,"1 G, 6 A, 7 P"
Lowell MacDonald,,8,RW,22,5-11,185,R/-,2,"August 30, 1941",ca,"1 G, 4 A, 5 P"
Parker MacDonald,,20,LW,30,5-11,160,L/-,8,"June 14, 1933",ca,"21 G, 25 A, 46 P"
Bruce MacGregor,,16,RW,22,5-10,180,R/-,3,"April 26, 1941",ca,"11 G, 21 A, 32 P"
John MacMillan,,12-19,RW,28,5-10,185,L/-,3,"October 25, 1935",ca,"0 G, 3 A, 3 P"
Pit Martin,,8-12,C,20,5-9,170,R/-,1,"December 9, 1943",ca,"9 G, 12 A, 21 P"
Billy McNeill,,19,RW,28,5-10,175,R/-,5,"January 26, 1936",ca,"1 G, 1 A, 2 P"
Howie Menard,,12,C,21,5-8,160,R/-,R,"April 28, 1942",ca,"0 G, 0 A, 0 P"
John Miszuk,,5-18,D,23,6-1,192,L/-,R,"September 29, 1940",pl,"0 G, 2 A, 2 P"
Bill Mitchell,,3,D,33,5-11,180,L/-,R,"February 22, 1930",ca,"0 G, 0 A, 0 P"
Wayne Muloin,,19,D,22,5-8,175,L/-,R,"December 24, 1941",ca,"0 G, 1 A, 1 P"
Andre Pronovost,,15,LW,27,5-10,188,L/-,7,"July 9, 1936",ca,"7 G, 16 A, 23 P"
Marcel Pronovost,,3,D,33,6-0,190,L/-,13,"June 15, 1930",ca,"3 G, 17 A, 20 P"
Pat Rupp,,22,G,21,5-11,180,-/L,R,"August 12, 1942",us,"0-1-0, 4.00 GAA"
Terry Sawchuk,,1,G,34,5-11,195,-/L,14,"December 28, 1929",ca,"25-20-7, 2.64 GAA"
Floyd Smith,,17,RW,28,5-10,180,R/-,4,"May 16, 1935",ca,"18 G, 13 A, 31 P"
Irv Spencer,,11,D,26,5-10,180,L/-,4,"December 4, 1937",ca,"3 G, 0 A, 3 P"
Art Stratton,,8,C,28,5-11,170,L/-,1,"October 8, 1935",ca,"0 G, 3 A, 3 P"
Norm Ullman,,7,C,28,5-10,175,L/-,8,"December 26, 1935",ca,"21 G, 30 A, 51 P"
Jim Watson,,2,D,20,6-2,186,L/-,R,"June 28, 1943",ca,"0 G, 0 A, 0 P"
