Montreal Canadiens,MTL,nhl
1963-64,1964
30
70
7
GP,Date,Time,Location,Opponent,GF,GA,Result,Game Ended In,W,L,T,Streak,Notes
1,1963-10-08,time unavailable,@,Boston Bruins,4,4,T,REG,0,0,1,T 1
2,1963-10-12,time unavailable,H,New York Rangers,6,2,W,REG,1,0,1,W 1
3,1963-10-16,time unavailable,H,Toronto Maple Leafs,2,4,L,REG,1,1,1,L 1
4,1963-10-19,time unavailable,H,Boston Bruins,2,0,W,REG,2,1,1,W 1
5,1963-10-20,time unavailable,@,Chicago Black Hawks,3,5,L,REG,2,2,1,L 1
6,1963-10-26,time unavailable,H,Chicago Black Hawks,1,1,T,REG,2,2,2,T 1
7,1963-10-27,time unavailable,@,Detroit Red Wings,6,4,W,REG,3,2,2,W 1
8,1963-10-30,time unavailable,@,Toronto Maple Leafs,3,6,L,REG,3,3,2,L 1
9,1963-11-02,time unavailable,H,Detroit Red Wings,5,1,W,REG,4,3,2,W 1
10,1963-11-03,time unavailable,@,New York Rangers,5,3,W,REG,5,3,2,W 2
11,1963-11-07,time unavailable,H,Chicago Black Hawks,2,2,T,REG,5,3,3,T 1
12,1963-11-09,time unavailable,H,New York Rangers,4,2,W,REG,6,3,3,W 1
13,1963-11-10,time unavailable,@,Detroit Red Wings,0,3,L,REG,6,4,3,L 1
14,1963-11-13,time unavailable,H,Toronto Maple Leafs,2,2,T,REG,6,4,4,T 1
15,1963-11-16,time unavailable,H,Chicago Black Hawks,2,5,L,REG,6,5,4,L 1
16,1963-11-17,time unavailable,@,Boston Bruins,3,2,W,REG,7,5,4,W 1
17,1963-11-20,time unavailable,@,Toronto Maple Leafs,3,1,W,REG,8,5,4,W 2
18,1963-11-24,time unavailable,@,Chicago Black Hawks,3,7,L,REG,8,6,4,L 1
19,1963-11-28,time unavailable,@,Detroit Red Wings,7,3,W,REG,9,6,4,W 1
20,1963-11-30,time unavailable,H,Boston Bruins,0,0,T,REG,9,6,5,T 1
21,1963-12-01,time unavailable,@,Boston Bruins,3,1,W,REG,10,6,5,W 1
22,1963-12-04,time unavailable,@,Toronto Maple Leafs,0,3,L,REG,10,7,5,L 1
23,1963-12-05,time unavailable,H,New York Rangers,4,2,W,REG,11,7,5,W 1
24,1963-12-07,time unavailable,H,Detroit Red Wings,5,2,W,REG,12,7,5,W 2
25,1963-12-08,time unavailable,@,Chicago Black Hawks,0,3,L,REG,12,8,5,L 1
26,1963-12-12,time unavailable,H,New York Rangers,6,4,W,REG,13,8,5,W 1
27,1963-12-14,time unavailable,H,Boston Bruins,3,1,W,REG,14,8,5,W 2
28,1963-12-15,time unavailable,@,New York Rangers,2,4,L,REG,14,9,5,L 1
29,1963-12-18,time unavailable,H,Toronto Maple Leafs,7,3,W,REG,15,9,5,W 1
30,1963-12-21,time unavailable,H,Chicago Black Hawks,3,2,W,REG,16,9,5,W 2
31,1963-12-22,time unavailable,@,Detroit Red Wings,6,1,W,REG,17,9,5,W 3
32,1963-12-25,time unavailable,@,Chicago Black Hawks,1,3,L,REG,17,10,5,L 1
33,1963-12-28,time unavailable,H,Detroit Red Wings,1,1,T,REG,17,10,6,T 1
34,1963-12-29,time unavailable,@,New York Rangers,6,2,W,REG,18,10,6,W 1
35,1964-01-01,time unavailable,@,Boston Bruins,3,3,T,REG,18,10,7,T 1
36,1964-01-04,time unavailable,H,Boston Bruins,5,1,W,REG,19,10,7,W 1
37,1964-01-05,time unavailable,@,Detroit Red Wings,3,3,T,REG,19,10,8,T 1
38,1964-01-08,time unavailable,@,Toronto Maple Leafs,1,6,L,REG,19,11,8,L 1
39,1964-01-12,time unavailable,@,Chicago Black Hawks,2,1,W,REG,20,11,8,W 1
40,1964-01-16,time unavailable,H,Chicago Black Hawks,1,0,W,REG,21,11,8,W 2
41,1964-01-18,time unavailable,H,Detroit Red Wings,0,2,L,REG,21,12,8,L 1
42,1964-01-19,time unavailable,@,Boston Bruins,1,1,T,REG,21,12,9,T 1
43,1964-01-22,time unavailable,@,Toronto Maple Leafs,3,0,W,REG,22,12,9,W 1
44,1964-01-23,time unavailable,H,New York Rangers,4,2,W,REG,23,12,9,W 2
45,1964-01-25,time unavailable,H,Boston Bruins,0,6,L,REG,23,13,9,L 1
46,1964-01-26,time unavailable,@,Chicago Black Hawks,2,2,T,REG,23,13,10,T 1
47,1964-01-29,time unavailable,H,Toronto Maple Leafs,2,1,W,REG,24,13,10,W 1
48,1964-02-01,time unavailable,H,Detroit Red Wings,9,3,W,REG,25,13,10,W 2
49,1964-02-02,time unavailable,@,New York Rangers,2,4,L,REG,25,14,10,L 1
50,1964-02-05,time unavailable,@,Toronto Maple Leafs,2,0,W,REG,26,14,10,W 1
51,1964-02-08,time unavailable,@,New York Rangers,8,2,W,REG,27,14,10,W 2
52,1964-02-09,time unavailable,@,Boston Bruins,4,4,T,REG,27,14,11,T 1
53,1964-02-12,time unavailable,H,Toronto Maple Leafs,4,0,W,REG,28,14,11,W 1
54,1964-02-15,time unavailable,H,Detroit Red Wings,1,4,L,REG,28,15,11,L 1
55,1964-02-16,time unavailable,@,Detroit Red Wings,5,2,W,REG,29,15,11,W 1
56,1964-02-20,time unavailable,H,Boston Bruins,3,2,W,REG,30,15,11,W 2
57,1964-02-22,time unavailable,H,Chicago Black Hawks,3,1,W,REG,31,15,11,W 3
58,1964-02-23,time unavailable,@,Detroit Red Wings,2,3,L,REG,31,16,11,L 1
59,1964-02-26,time unavailable,H,Toronto Maple Leafs,1,0,W,REG,32,16,11,W 1
60,1964-02-29,time unavailable,H,New York Rangers,4,0,W,REG,33,16,11,W 2
61,1964-03-01,time unavailable,@,Chicago Black Hawks,3,4,L,REG,33,17,11,L 1
62,1964-03-05,time unavailable,H,Detroit Red Wings,5,7,L,REG,33,18,11,L 2
63,1964-03-07,time unavailable,H,New York Rangers,2,3,L,REG,33,19,11,L 3
64,1964-03-08,time unavailable,@,New York Rangers,0,0,T,REG,33,19,12,T 1
65,1964-03-11,time unavailable,@,Toronto Maple Leafs,0,1,L,REG,33,20,12,L 1
66,1964-03-14,time unavailable,H,Chicago Black Hawks,4,3,W,REG,34,20,12,W 1
67,1964-03-15,time unavailable,@,Boston Bruins,1,3,L,REG,34,21,12,L 1
68,1964-03-18,time unavailable,H,Toronto Maple Leafs,2,2,T,REG,34,21,13,T 1
69,1964-03-21,time unavailable,H,Boston Bruins,5,1,W,REG,35,21,13,W 1
70,1964-03-22,time unavailable,@,New York Rangers,2,1,W,REG,36,21,13,W 2

GP,Date,Time,Location,Opponent,GF,GA,Result,Game Ended In,W,L,T,Streak,Notes
1,1964-03-26,time unavailable,H,Toronto Maple Leafs,2,0,W,REG,1,0,0,W 1
2,1964-03-28,time unavailable,H,Toronto Maple Leafs,1,2,L,REG,1,1,0,L 1
3,1964-03-31,time unavailable,@,Toronto Maple Leafs,3,2,W,REG,2,1,0,W 1
4,1964-04-02,time unavailable,@,Toronto Maple Leafs,3,5,L,REG,2,2,0,L 1
5,1964-04-04,time unavailable,H,Toronto Maple Leafs,4,2,W,REG,3,2,0,W 1
6,1964-04-07,time unavailable,@,Toronto Maple Leafs,0,3,L,REG,3,3,0,L 1
7,1964-04-09,time unavailable,H,Toronto Maple Leafs,1,3,L,REG,3,4,0,L 2

Ralph Backstrom,,6,C,26,5-10,165,L/-,7,"September 18, 1937",ca,"8 G, 21 A, 29 P"
Dave Balon,,20,LW,25,5-10,180,L/-,4,"August 2, 1938",ca,"24 G, 18 A, 42 P"
Jean Beliveau,(C),4,C,32,6-3,205,L/-,12,"August 31, 1931",ca,"28 G, 50 A, 78 P"
Red Berenson,,24,LW,24,6-0,185,L/-,2,"December 8, 1939",ca,"7 G, 9 A, 16 P"
Andre Boudrias,,23,LW,20,5-8,165,L/-,R,"September 19, 1943",ca,"1 G, 4 A, 5 P"
Yvan Cournoyer,,12,RW,20,5-7,178,L/-,R,"November 22, 1943",ca,"4 G, 0 A, 4 P"
John Ferguson,,22,LW,25,5-11,190,L/-,R,"September 5, 1938",ca,"18 G, 27 A, 45 P"
Jean Gauthier,,11,D,26,6-1,190,R/-,3,"April 29, 1937",ca,"0 G, 0 A, 0 P"
Bernie Geoffrion,,5,RW,32,5-9,166,R/-,13,"February 16, 1931",ca,"21 G, 18 A, 39 P"
Terry Gray,,26,RW,25,6-0,175,R/-,1,"March 21, 1938",ca,"0 G, 0 A, 0 P"
John Hanna,,18,D,28,5-11,175,R/-,3,"April 5, 1935",ca,"0 G, 0 A, 0 P"
Terry Harper,,19,D,24,6-1,200,R/-,1,"January 27, 1940",ca,"2 G, 15 A, 17 P"
Ted Harris,,11,D,27,6-2,183,L/-,R,"July 18, 1936",ca,"0 G, 1 A, 1 P"
Bill Hicke,,8,RW,25,5-8,164,L/-,4,"March 31, 1938",ca,"11 G, 9 A, 20 P"
Wayne Hicks,,11,RW,26,5-11,185,R/-,2,"April 9, 1937",us,"0 G, 0 A, 0 P"
Charlie Hodge,,1,G,30,5-6,150,-/L,5,"July 28, 1933",ca,"33-18-11, 2.26 GAA"
Jacques Laperriere,,2,D,22,6-2,190,L/-,1,"November 22, 1941",ca,"2 G, 28 A, 30 P"
Claude Larose,,11-23,RW,21,6-0,180,R/-,1,"March 2, 1942",ca,"1 G, 1 A, 2 P"
Jean-Guy Morissette,,31,G,26,5-8,140,-/L,R,"December 16, 1937",ca,"0-1-0, 6.67 GAA"
Claude Provost,,14,RW,30,5-9,168,R/-,8,"September 17, 1933",ca,"15 G, 17 A, 32 P"
Marc Reaume,,10,D,29,6-1,185,L/-,7,"February 7, 1934",ca,"0 G, 0 A, 0 P"
Henri Richard,,16,C,27,5-7,160,R/-,8,"February 29, 1936",ca,"14 G, 39 A, 53 P"
Jimmy Roberts,,26,D,23,5-10,185,R/-,R,"April 9, 1940",ca,"0 G, 1 A, 1 P"
Leon Rochefort,,26,RW,24,6-0,185,R/-,2,"May 4, 1939",ca,"0 G, 0 A, 0 P"
Bobby Rousseau,,15,RW,23,5-10,178,R/-,3,"July 26, 1940",ca,"25 G, 31 A, 56 P"
Jean-Guy Talbot,,17,D,31,5-11,170,L/-,9,"July 11, 1932",ca,"1 G, 13 A, 14 P"
Gilles Tremblay,,21,LW,25,5-10,170,L/-,3,"December 17, 1938",ca,"22 G, 15 A, 37 P"
J.C. Tremblay,,3,D,25,5-11,170,L/-,4,"January 22, 1939",ca,"5 G, 16 A, 21 P"
Bryan Watson,,18,D,21,5-9,175,R/-,R,"November 14, 1942",ca,"0 G, 2 A, 2 P"
Gump Worsley,,1-30,G,34,5-7,180,-/L,10,"May 14, 1929",ca,"3-2-2, 2.97 GAA"
