Boston Bruins,BOS,nhl
1934-35,1935
24
48
4
GP,Date,Time,Location,Opponent,GF,GA,Result,Game Ended In,W,L,T,Streak
1,1934-11-08,time unavailable,@,Toronto Maple Leafs,3,5,L,REG,0,1,0,L 1
2,1934-11-11,time unavailable,@,Detroit Red Wings,4,2,W,REG,1,1,0,W 1
3,1934-11-17,time unavailable,H,St. Louis Eagles,1,0,W,REG,2,1,0,W 2
4,1934-11-20,time unavailable,H,Detroit Red Wings,1,0,W,REG,3,1,0,W 3
5,1934-11-24,time unavailable,@,St. Louis Eagles,4,1,W,REG,4,1,0,W 4
6,1934-11-25,time unavailable,@,Chicago Black Hawks,0,4,L,REG,4,2,0,L 1
7,1934-11-27,time unavailable,H,Chicago Black Hawks,2,3,L,REG,4,3,0,L 2
8,1934-12-01,time unavailable,@,Montreal Canadiens,2,0,W,REG,5,3,0,W 1
9,1934-12-04,time unavailable,H,Toronto Maple Leafs,0,1,L,REG,5,4,0,L 1
10,1934-12-08,time unavailable,H,Montreal Canadiens,4,0,W,REG,6,4,0,W 1
11,1934-12-11,time unavailable,H,New York Americans,4,3,W,REG,7,4,0,W 2
12,1934-12-13,time unavailable,@,New York Americans,3,4,L,OT,7,5,0,L 1
13,1934-12-16,time unavailable,@,New York Rangers,1,2,L,REG,7,6,0,L 2
14,1934-12-18,time unavailable,H,New York Rangers,5,3,W,REG,8,6,0,W 1
15,1934-12-22,time unavailable,H,Detroit Red Wings,4,3,W,REG,9,6,0,W 2
16,1934-12-25,time unavailable,H,Montreal Maroons,3,5,L,REG,9,7,0,L 1
17,1934-12-27,time unavailable,@,Montreal Maroons,0,1,L,REG,9,8,0,L 2
18,1934-12-30,time unavailable,@,New York Rangers,0,0,T,OT,9,8,1,T 1
19,1935-01-01,time unavailable,H,New York Rangers,5,2,W,REG,10,8,1,W 1
20,1935-01-03,time unavailable,@,Montreal Canadiens,2,1,W,REG,11,8,1,W 2
21,1935-01-05,time unavailable,H,Chicago Black Hawks,0,6,L,REG,11,9,1,L 1
22,1935-01-08,time unavailable,H,Toronto Maple Leafs,3,1,W,REG,12,9,1,W 1
23,1935-01-10,time unavailable,@,St. Louis Eagles,2,1,W,REG,13,9,1,W 2
24,1935-01-13,time unavailable,@,Chicago Black Hawks,1,1,T,OT,13,9,2,T 1
25,1935-01-15,time unavailable,H,St. Louis Eagles,5,3,W,REG,14,9,2,W 1
26,1935-01-19,time unavailable,H,Montreal Canadiens,1,4,L,REG,14,10,2,L 1
27,1935-01-22,time unavailable,H,Montreal Maroons,4,3,W,REG,15,10,2,W 1
28,1935-01-26,time unavailable,@,Montreal Canadiens,2,3,L,REG,15,11,2,L 1
29,1935-01-27,time unavailable,@,Detroit Red Wings,2,2,T,OT,15,11,3,T 1
30,1935-01-29,time unavailable,H,New York Americans,4,0,W,REG,16,11,3,W 1
31,1935-02-02,time unavailable,@,Montreal Maroons,1,3,L,REG,16,12,3,L 1
32,1935-02-05,time unavailable,H,Detroit Red Wings,4,2,W,REG,17,12,3,W 1
33,1935-02-07,time unavailable,@,Toronto Maple Leafs,4,4,T,OT,17,12,4,T 1
34,1935-02-10,time unavailable,@,New York Americans,5,7,L,REG,17,13,4,L 1
35,1935-02-12,time unavailable,H,Toronto Maple Leafs,6,5,W,OT,18,13,4,W 1
36,1935-02-16,time unavailable,@,St. Louis Eagles,0,3,L,REG,18,14,4,L 1
37,1935-02-17,time unavailable,@,Chicago Black Hawks,2,1,W,REG,19,14,4,W 1
38,1935-02-19,time unavailable,H,Montreal Canadiens,3,1,W,REG,20,14,4,W 2
39,1935-02-24,time unavailable,@,New York Rangers,0,0,T,OT,20,14,5,T 1
40,1935-02-26,time unavailable,H,St. Louis Eagles,5,0,W,REG,21,14,5,W 1
41,1935-03-02,time unavailable,@,Montreal Maroons,2,2,T,OT,21,14,6,T 1
42,1935-03-05,time unavailable,H,New York Rangers,3,1,W,REG,22,14,6,W 1
43,1935-03-09,time unavailable,@,Toronto Maple Leafs,7,4,W,REG,23,14,6,W 2
44,1935-03-10,time unavailable,@,Detroit Red Wings,2,1,W,OT,24,14,6,W 3
45,1935-03-12,time unavailable,H,New York Americans,4,1,W,REG,25,14,6,W 4
46,1935-03-14,time unavailable,@,New York Americans,5,4,W,REG,26,14,6,W 5
47,1935-03-16,time unavailable,H,Chicago Black Hawks,2,5,L,REG,26,15,6,L 1
48,1935-03-19,time unavailable,H,Montreal Maroons,2,4,L,REG,26,16,6,L 2

GP,Date,Time,Location,Opponent,GF,GA,Result,Game Ended In,W,L,T,Streak
1,1935-03-23,time unavailable,H,Toronto Maple Leafs,1,0,W,2OT,1,0,0,W 1
2,1935-03-26,time unavailable,H,Toronto Maple Leafs,0,2,L,REG,1,1,0,L 1
3,1935-03-28,time unavailable,@,Toronto Maple Leafs,0,3,L,REG,1,2,0,L 2
4,1935-03-30,time unavailable,@,Toronto Maple Leafs,1,2,L,OT,1,3,0,L 3

Marty Barry,,n/a,C,29,5-11,175,L/-,6,"December 8, 1905",ca,"20 G, 20 A, 40 P"
Red Beattie,,n/a,LW/D,27,5-9,170,L/-,4,"October 2, 1907",gb,"9 G, 18 A, 27 P"
Dit Clapper,(C),n/a,RW/D,27,6-2,195,R/-,7,"February 9, 1907",ca,"21 G, 16 A, 37 P"
Bob Davie,,n/a,D,22,6-0,170,R/-,1,"September 12, 1912",ca,"0 G, 1 A, 1 P"
Hap Emms,,n/a,LW/D,30,6-0,190,L/-,6,"January 12, 1905",ca,"1 G, 1 A, 2 P"
Johnny Gagnon,,n/a,RW,29,5-5,140,R/-,4,"June 8, 1905",ca,"1 G, 1 A, 2 P"
Art Giroux,,n/a,RW,26,5-10,165,R/-,1,"June 6, 1908",ca,"1 G, 0 A, 1 P"
Paul Haynes,,n/a,C,24,5-10,160,L/-,4,"March 1, 1910",ca,"4 G, 3 A, 7 P"
Frank Jerwa,,n/a,C,25,6-1,179,L/-,3,"March 15, 1909",ca,"0 G, 0 A, 0 P"
Max Kaminsky,,n/a,C,21,5-11,160,L/-,1,"April 19, 1913",ca,"12 G, 15 A, 27 P"
Bert McInenly,,n/a,D,28,5-9,160,L/-,4,"May 6, 1906",ca,"2 G, 1 A, 3 P"
Alex Motter,,n/a,C/D,21,6-0,175,L/-,R,"June 20, 1913",ca,"0 G, 0 A, 0 P"
Jim O'Neil,,n/a,RW/C,21,5-8,160,R/-,1,"April 3, 1913",ca,"2 G, 11 A, 13 P"
Jack Portland,,n/a,D,22,6-2,185,L/-,1,"July 30, 1912",ca,"1 G, 1 A, 2 P"
Jean Pusie,,n/a,D,24,6-0,205,L/-,3,"October 15, 1910",ca,"1 G, 0 A, 1 P"
Charlie Sands,,n/a,C/RW,23,5-9,160,R/-,2,"March 23, 1911",ca,"15 G, 12 A, 27 P"
Tony Savage,,n/a,D,28,6-0,175,L/-,R,"July 18, 1906",ca,"0 G, 0 A, 0 P"
Gerry Shannon,,n/a,LW,24,5-11,170,L/-,1,"October 25, 1910",ca,"1 G, 1 A, 2 P"
Jack Shill,,n/a,LW/C,22,5-9,175,L/-,1,"January 12, 1913",ca,"4 G, 4 A, 8 P"
Eddie Shore,,n/a,D,32,5-11,190,R/-,8,"November 25, 1902",ca,"7 G, 26 A, 33 P"
Babe Siebert,,n/a,LW/D,31,5-10,182,L/-,9,"January 14, 1904",ca,"6 G, 18 A, 24 P"
Nels Stewart,,n/a,C,32,6-1,195,L/-,9,"December 29, 1902",ca,"21 G, 18 A, 39 P"
Tiny Thompson,,n/a,G,31,5-10,160,-/L,6,"May 31, 1903",ca,"26-16-6, 2.26 GAA"
Burr Williams,,n/a,D,25,5-10,183,R/-,1,"August 30, 1909",us,"0 G, 0 A, 0 P"
