Chicago Black Hawks,CBH,nhl
1934-35,1935
18
48
2
GP,Date,Time,Location,Opponent,GF,GA,Result,Game Ended In,W,L,T,Streak
1,1934-11-08,time unavailable,@,St. Louis Eagles,3,1,W,REG,1,0,0,W 1
2,1934-11-15,time unavailable,@,Montreal Maroons,4,3,W,REG,2,0,0,W 2
3,1934-11-18,time unavailable,H,Toronto Maple Leafs,0,5,L,REG,2,1,0,L 1
4,1934-11-22,time unavailable,H,St. Louis Eagles,1,0,W,REG,3,1,0,W 1
5,1934-11-25,time unavailable,H,Boston Bruins,4,0,W,REG,4,1,0,W 2
6,1934-11-27,time unavailable,@,Boston Bruins,3,2,W,REG,5,1,0,W 3
7,1934-11-29,time unavailable,@,New York Americans,0,2,L,REG,5,2,0,L 1
8,1934-12-02,time unavailable,H,New York Americans,1,2,L,REG,5,3,0,L 2
9,1934-12-09,time unavailable,H,New York Rangers,4,0,W,REG,6,3,0,W 1
10,1934-12-11,time unavailable,H,Detroit Red Wings,4,0,W,REG,7,3,0,W 2
11,1934-12-16,time unavailable,H,Montreal Maroons,3,2,W,REG,8,3,0,W 3
12,1934-12-18,time unavailable,@,Montreal Canadiens,1,1,T,OT,8,3,1,T 1
13,1934-12-20,time unavailable,@,New York Rangers,4,1,W,REG,9,3,1,W 1
14,1934-12-22,time unavailable,@,Toronto Maple Leafs,0,1,L,REG,9,4,1,L 1
15,1934-12-23,time unavailable,H,Montreal Canadiens,1,4,L,REG,9,5,1,L 2
16,1934-12-25,time unavailable,@,Detroit Red Wings,2,1,W,REG,10,5,1,W 1
17,1934-12-30,time unavailable,H,St. Louis Eagles,3,3,T,OT,10,5,2,T 1
18,1935-01-01,time unavailable,H,Montreal Maroons,1,2,L,OT,10,6,2,L 1
19,1935-01-05,time unavailable,@,Boston Bruins,6,0,W,REG,11,6,2,W 1
20,1935-01-06,time unavailable,@,New York Americans,2,1,W,REG,12,6,2,W 2
21,1935-01-08,time unavailable,H,Detroit Red Wings,1,2,L,REG,12,7,2,L 1
22,1935-01-10,time unavailable,@,Montreal Maroons,0,4,L,REG,12,8,2,L 2
23,1935-01-12,time unavailable,@,Toronto Maple Leafs,1,5,L,REG,12,9,2,L 3
24,1935-01-13,time unavailable,H,Boston Bruins,1,1,T,OT,12,9,3,T 1
25,1935-01-15,time unavailable,H,Toronto Maple Leafs,2,3,L,REG,12,10,3,L 1
26,1935-01-17,time unavailable,@,St. Louis Eagles,5,1,W,REG,13,10,3,W 1
27,1935-01-20,time unavailable,H,Toronto Maple Leafs,2,1,W,REG,14,10,3,W 2
28,1935-01-22,time unavailable,@,New York Americans,2,0,W,REG,15,10,3,W 3
29,1935-01-24,time unavailable,@,New York Rangers,3,3,T,OT,15,10,4,T 1
30,1935-01-27,time unavailable,H,St. Louis Eagles,5,3,W,REG,16,10,4,W 1
31,1935-02-03,time unavailable,H,New York Americans,3,2,W,REG,17,10,4,W 2
32,1935-02-05,time unavailable,H,Montreal Canadiens,4,1,W,REG,18,10,4,W 3
33,1935-02-07,time unavailable,@,St. Louis Eagles,0,1,L,OT,18,11,4,L 1
34,1935-02-10,time unavailable,H,New York Rangers,1,2,L,REG,18,12,4,L 2
35,1935-02-12,time unavailable,@,Montreal Maroons,0,3,L,REG,18,13,4,L 3
36,1935-02-14,time unavailable,@,Detroit Red Wings,3,0,W,REG,19,13,4,W 1
37,1935-02-17,time unavailable,H,Boston Bruins,1,2,L,REG,19,14,4,L 1
38,1935-02-21,time unavailable,@,Montreal Canadiens,3,1,W,REG,20,14,4,W 1
39,1935-02-23,time unavailable,@,Toronto Maple Leafs,1,4,L,REG,20,15,4,L 1
40,1935-02-24,time unavailable,H,Montreal Maroons,6,1,W,REG,21,15,4,W 1
41,1935-02-28,time unavailable,@,Detroit Red Wings,1,5,L,REG,21,16,4,L 1
42,1935-03-03,time unavailable,H,Montreal Canadiens,3,0,W,REG,22,16,4,W 1
43,1935-03-05,time unavailable,H,New York Americans,5,1,W,REG,23,16,4,W 2
44,1935-03-10,time unavailable,H,New York Rangers,1,1,T,OT,23,16,5,T 1
45,1935-03-14,time unavailable,H,Detroit Red Wings,3,4,L,REG,23,17,5,L 1
46,1935-03-16,time unavailable,@,Boston Bruins,5,2,W,REG,24,17,5,W 1
47,1935-03-17,time unavailable,@,New York Rangers,5,2,W,REG,25,17,5,W 2
48,1935-03-19,time unavailable,@,Montreal Canadiens,4,2,W,REG,26,17,5,W 3

GP,Date,Time,Location,Opponent,GF,GA,Result,Game Ended In,W,L,T,Streak
1,1935-03-23,time unavailable,@,Montreal Maroons,0,0,T,REG,0,0,1,T 1
2,1935-03-26,time unavailable,H,Montreal Maroons,0,1,L,OT,0,1,1,L 1

Marty Burke,,n/a,D,30,5-8,160,L/-,7,"January 28, 1905",ca,"2 G, 2 A, 4 P"
Lorne Chabot,,n/a,G,34,6-1,185,-/L,8,"October 5, 1900",ca,"26-17-5, 1.80 GAA"
Tom Cook,,n/a,C,27,5-7,140,L/-,5,"May 7, 1907",ca,"13 G, 18 A, 31 P"
Art Coulter,,n/a,D,25,5-11,185,R/-,3,"May 31, 1909",ca,"4 G, 8 A, 12 P"
Rosie Couture,,n/a,RW,29,5-11,164,R/-,6,"July 24, 1905",ca,"7 G, 9 A, 16 P"
Leroy Goldsworthy,,n/a,RW,28,6-0,165,R/-,4,"October 18, 1906",us,"0 G, 0 A, 0 P"
Johnny Gottselig,,n/a,LW,29,5-11,158,L/-,6,"June 24, 1905",ru,"19 G, 18 A, 37 P"
Bill Kendall,,n/a,RW,24,5-8,168,R/-,1,"April 1, 1910",ca,"6 G, 4 A, 10 P"
Ernest Kenny,,n/a,D,27,6-2,195,L/-,1,"August 20, 1907",ca,"0 G, 0 A, 0 P"
Alex Levinsky,,n/a,D,24,5-10,184,R/-,4,"February 2, 1910",us,"3 G, 4 A, 7 P"
Norm Locking,,n/a,LW,23,6-0,165,L/-,R,"May 24, 1911",ca,"2 G, 5 A, 7 P"
Mush March,,n/a,RW,26,5-5,154,R/-,6,"October 18, 1908",ca,"13 G, 17 A, 30 P"
Don McFadyen,,n/a,F,27,5-9,163,L/-,2,"March 24, 1907",ca,"2 G, 5 A, 7 P"
Howie Morenz,,n/a,C,32,5-9,165,L/-,11,"September 21, 1902",ca,"8 G, 26 A, 34 P"
Doc Romnes,,n/a,LW/C,26,5-11,156,L/-,4,"January 1, 1909",us,"10 G, 14 A, 24 P"
Paul Thompson,,n/a,LW,28,5-11,180,L/-,8,"November 2, 1906",ca,"16 G, 23 A, 39 P"
Lou Trudel,,n/a,LW,22,5-11,167,L/-,1,"July 21, 1912",us,"11 G, 11 A, 22 P"
Art Wiebe,,n/a,D,22,5-10,180,L/-,1,"September 28, 1912",ca,"2 G, 1 A, 3 P"
