Montreal Canadiens,MTL,nhl
1934-35,1935
25
48
2
GP,Date,Time,Location,Opponent,GF,GA,Result,Game Ended In,W,L,T,Streak
1,1934-11-10,time unavailable,@,Toronto Maple Leafs,1,2,L,OT,0,1,0,L 1
2,1934-11-17,time unavailable,H,Detroit Red Wings,0,3,L,REG,0,2,0,L 2
3,1934-11-22,time unavailable,H,New York Americans,3,4,L,REG,0,3,0,L 3
4,1934-11-24,time unavailable,@,Montreal Maroons,1,3,L,REG,0,4,0,L 4
5,1934-11-27,time unavailable,@,New York Rangers,3,2,W,REG,1,4,0,W 1
6,1934-12-01,time unavailable,H,Boston Bruins,0,2,L,REG,1,5,0,L 1
7,1934-12-04,time unavailable,H,New York Rangers,5,3,W,REG,2,5,0,W 1
8,1934-12-08,time unavailable,@,Boston Bruins,0,4,L,REG,2,6,0,L 1
9,1934-12-09,time unavailable,@,New York Americans,2,2,T,OT,2,6,1,T 1
10,1934-12-11,time unavailable,H,Montreal Maroons,4,1,W,REG,3,6,1,W 1
11,1934-12-15,time unavailable,H,St. Louis Eagles,1,1,T,OT,3,6,2,T 1
12,1934-12-18,time unavailable,H,Chicago Black Hawks,1,1,T,OT,3,6,3,T 2
13,1934-12-22,time unavailable,@,St. Louis Eagles,2,1,W,REG,4,6,3,W 1
14,1934-12-23,time unavailable,@,Chicago Black Hawks,4,1,W,REG,5,6,3,W 2
15,1934-12-25,time unavailable,H,Toronto Maple Leafs,2,6,L,REG,5,7,3,L 1
16,1934-12-29,time unavailable,H,New York Americans,1,3,L,REG,5,8,3,L 2
17,1935-01-01,time unavailable,@,New York Americans,3,5,L,REG,5,9,3,L 3
18,1935-01-03,time unavailable,H,Boston Bruins,1,2,L,REG,5,10,3,L 4
19,1935-01-05,time unavailable,@,Toronto Maple Leafs,1,3,L,REG,5,11,3,L 5
20,1935-01-06,time unavailable,@,Detroit Red Wings,2,6,L,REG,5,12,3,L 6
21,1935-01-12,time unavailable,H,Montreal Maroons,3,2,W,REG,6,12,3,W 1
22,1935-01-17,time unavailable,H,Toronto Maple Leafs,4,3,W,REG,7,12,3,W 2
23,1935-01-19,time unavailable,@,Boston Bruins,4,1,W,REG,8,12,3,W 3
24,1935-01-20,time unavailable,@,New York Rangers,1,7,L,REG,8,13,3,L 1
25,1935-01-22,time unavailable,H,New York Rangers,0,7,L,REG,8,14,3,L 2
26,1935-01-24,time unavailable,@,Montreal Maroons,2,1,W,REG,9,14,3,W 1
27,1935-01-26,time unavailable,H,Boston Bruins,3,2,W,REG,10,14,3,W 2
28,1935-01-31,time unavailable,@,Detroit Red Wings,4,4,T,OT,10,14,4,T 1
29,1935-02-02,time unavailable,@,St. Louis Eagles,1,1,T,OT,10,14,5,T 2
30,1935-02-05,time unavailable,@,Chicago Black Hawks,1,4,L,REG,10,15,5,L 1
31,1935-02-07,time unavailable,H,Detroit Red Wings,4,1,W,REG,11,15,5,W 1
32,1935-02-09,time unavailable,H,St. Louis Eagles,4,2,W,REG,12,15,5,W 2
33,1935-02-14,time unavailable,H,Montreal Maroons,2,0,W,REG,13,15,5,W 3
34,1935-02-17,time unavailable,@,New York Americans,3,1,W,REG,14,15,5,W 4
35,1935-02-19,time unavailable,@,Boston Bruins,1,3,L,REG,14,16,5,L 1
36,1935-02-21,time unavailable,H,Chicago Black Hawks,1,3,L,REG,14,17,5,L 2
37,1935-02-23,time unavailable,H,New York Americans,4,2,W,REG,15,17,5,W 1
38,1935-02-28,time unavailable,H,St. Louis Eagles,4,2,W,REG,16,17,5,W 2
39,1935-03-02,time unavailable,@,St. Louis Eagles,3,2,W,OT,17,17,5,W 3
40,1935-03-03,time unavailable,@,Chicago Black Hawks,0,3,L,REG,17,18,5,L 1
41,1935-03-05,time unavailable,H,Toronto Maple Leafs,3,10,L,REG,17,19,5,L 2
42,1935-03-07,time unavailable,@,Montreal Maroons,2,2,T,OT,17,19,6,T 1
43,1935-03-09,time unavailable,H,Detroit Red Wings,3,5,L,REG,17,20,6,L 1
44,1935-03-12,time unavailable,@,New York Rangers,4,3,W,REG,18,20,6,W 1
45,1935-03-14,time unavailable,H,New York Rangers,5,4,W,REG,19,20,6,W 2
46,1935-03-16,time unavailable,@,Toronto Maple Leafs,3,5,L,REG,19,21,6,L 1
47,1935-03-17,time unavailable,@,Detroit Red Wings,2,6,L,REG,19,22,6,L 2
48,1935-03-19,time unavailable,H,Chicago Black Hawks,2,4,L,REG,19,23,6,L 3

GP,Date,Time,Location,Opponent,GF,GA,Result,Game Ended In,W,L,T,Streak
1,1935-03-24,time unavailable,@,New York Rangers,1,2,L,REG,0,1,0,L 1
2,1935-03-26,time unavailable,H,New York Rangers,4,4,T,REG,0,1,1,T 1

Leo Bourgeault,,n/a,RW/D,32,5-6,165,L/-,7,"January 17, 1903",ca,"0 G, 0 A, 0 P"
Gerry Carson,,n/a,D,29,5-10,175,L/-,4,"October 10, 1905",ca,"0 G, 5 A, 5 P"
Norm Collings,,n/a,RW,24,6-2,175,L/-,R,"May 6, 1910",ca,"0 G, 1 A, 1 P"
Nels Crutchfield,,n/a,C,23,6-1,175,L/-,R,"July 12, 1911",ca,"5 G, 5 A, 10 P"
Wilf Cude,,n/a,G,24,5-9,146,-/L,3,"July 4, 1910",gb,"19-23-6, 2.94 GAA"
Polly Drouin,,n/a,LW,19,5-7,160,L/-,R,"January 16, 1916",ca,"0 G, 0 A, 0 P"
Johnny Gagnon,,n/a,RW,29,5-5,140,R/-,4,"June 8, 1905",ca,"1 G, 5 A, 6 P"
Leroy Goldsworthy,,n/a,RW,28,6-0,165,R/-,4,"October 18, 1906",us,"20 G, 9 A, 29 P"
Roger Jenkins,,n/a,RW/D,23,5-11,173,R/-,3,"November 18, 1911",us,"4 G, 6 A, 10 P"
Aurele Joliat,,4,LW,33,5-7,136,L/-,12,"August 29, 1901",ca,"17 G, 12 A, 29 P"
Joe Lamb,,n/a,C/RW,28,5-10,170,R/-,7,"June 18, 1906",ca,"3 G, 2 A, 5 P"
Wildor Larochelle,,n/a,RW,28,5-8,158,R/-,9,"September 23, 1906",ca,"9 G, 19 A, 28 P"
Albert Leduc,,n/a,D,32,5-9,180,R/-,9,"November 22, 1902",ca,"0 G, 0 A, 0 P"
Pit Lepine,,n/a,C,33,5-11,168,L/-,9,"July 30, 1901",ca,"12 G, 19 A, 31 P"
Georges Mantha,,n/a,LW,26,5-8,165,L/-,6,"November 29, 1908",ca,"12 G, 10 A, 22 P"
Sylvio Mantha,(C),2,D,32,5-10,178,R/-,11,"April 14, 1902",ca,"3 G, 11 A, 14 P"
Bob McCulley,,n/a,F,22,6-2,210,R/-,R,"February 8, 1912",ca,"0 G, 0 A, 0 P"
Jack McGill,,n/a,W,24,5-10,150,L/-,R,"November 3, 1910",ca,"9 G, 1 A, 10 P"
Armand Mondou,,n/a,LW/C,29,5-10,175,L/-,6,"June 27, 1905",ca,"9 G, 15 A, 24 P"
Jack Portland,,n/a,D,22,6-2,185,L/-,1,"July 30, 1912",ca,"0 G, 0 A, 0 P"
Paul Raymond,,n/a,RW,21,5-8,150,R/-,2,"February 27, 1913",ca,"1 G, 1 A, 2 P"
Jack Riley,,n/a,C,24,5-11,160,L/-,2,"December 29, 1910",ie,"4 G, 11 A, 15 P"
Des Roche,,n/a,RW,25,5-7,165,R/-,3,"February 1, 1909",ca,"0 G, 1 A, 1 P"
Paul Runge,,n/a,LW,26,5-11,167,L/-,3,"September 10, 1908",ca,"0 G, 0 A, 0 P"
Tony Savage,,n/a,D,28,6-0,175,L/-,R,"July 18, 1906",ca,"1 G, 5 A, 6 P"
