New York Americans,NYA,nhl
1934-35,1935
19
48
0
GP,Date,Time,Location,Opponent,GF,GA,Result,Game Ended In,W,L,T,Streak
1,1934-11-15,time unavailable,H,Toronto Maple Leafs,0,1,L,REG,0,1,0,L 1
2,1934-11-20,time unavailable,H,Montreal Maroons,0,3,L,REG,0,2,0,L 2
3,1934-11-22,time unavailable,@,Montreal Canadiens,4,3,W,REG,1,2,0,W 1
4,1934-11-25,time unavailable,H,New York Rangers,3,1,W,REG,2,2,0,W 2
5,1934-11-29,time unavailable,H,Chicago Black Hawks,2,0,W,REG,3,2,0,W 3
6,1934-12-02,time unavailable,@,Chicago Black Hawks,2,1,W,REG,4,2,0,W 4
7,1934-12-04,time unavailable,@,St. Louis Eagles,0,2,L,REG,4,3,0,L 1
8,1934-12-06,time unavailable,@,Montreal Maroons,2,8,L,REG,4,4,0,L 2
9,1934-12-09,time unavailable,H,Montreal Canadiens,2,2,T,OT,4,4,1,T 1
10,1934-12-11,time unavailable,@,Boston Bruins,3,4,L,REG,4,5,1,L 1
11,1934-12-13,time unavailable,H,Boston Bruins,4,3,W,OT,5,5,1,W 1
12,1934-12-15,time unavailable,@,Toronto Maple Leafs,3,4,L,REG,5,6,1,L 1
13,1934-12-16,time unavailable,@,Detroit Red Wings,2,2,T,OT,5,6,2,T 1
14,1934-12-18,time unavailable,H,St. Louis Eagles,1,2,L,OT,5,7,2,L 1
15,1934-12-23,time unavailable,H,Detroit Red Wings,1,2,L,REG,5,8,2,L 2
16,1934-12-25,time unavailable,@,New York Rangers,1,3,L,REG,5,9,2,L 3
17,1934-12-27,time unavailable,H,Toronto Maple Leafs,3,4,L,OT,5,10,2,L 4
18,1934-12-29,time unavailable,@,Montreal Canadiens,3,1,W,REG,6,10,2,W 1
19,1934-12-30,time unavailable,@,Detroit Red Wings,0,0,T,OT,6,10,3,T 1
20,1935-01-01,time unavailable,H,Montreal Canadiens,5,3,W,REG,7,10,3,W 1
21,1935-01-06,time unavailable,H,Chicago Black Hawks,1,2,L,REG,7,11,3,L 1
22,1935-01-10,time unavailable,H,Toronto Maple Leafs,5,5,T,OT,7,11,4,T 1
23,1935-01-12,time unavailable,H,New York Rangers,1,3,L,REG,7,12,4,L 1
24,1935-01-15,time unavailable,@,New York Rangers,1,1,T,OT,7,12,5,T 1
25,1935-01-17,time unavailable,H,Detroit Red Wings,3,3,T,OT,7,12,6,T 2
26,1935-01-19,time unavailable,@,Montreal Maroons,2,8,L,REG,7,13,6,L 1
27,1935-01-22,time unavailable,H,Chicago Black Hawks,0,2,L,REG,7,14,6,L 2
28,1935-01-24,time unavailable,@,St. Louis Eagles,2,2,T,OT,7,14,7,T 1
29,1935-01-27,time unavailable,H,New York Rangers,2,4,L,REG,7,15,7,L 1
30,1935-01-29,time unavailable,@,Boston Bruins,0,4,L,REG,7,16,7,L 2
31,1935-01-31,time unavailable,H,Montreal Maroons,0,2,L,REG,7,17,7,L 3
32,1935-02-02,time unavailable,@,Toronto Maple Leafs,2,1,W,REG,8,17,7,W 1
33,1935-02-03,time unavailable,@,Chicago Black Hawks,2,3,L,REG,8,18,7,L 1
34,1935-02-05,time unavailable,H,St. Louis Eagles,3,3,T,OT,8,18,8,T 1
35,1935-02-07,time unavailable,@,New York Rangers,6,4,W,REG,9,18,8,W 1
36,1935-02-10,time unavailable,H,Boston Bruins,7,5,W,REG,10,18,8,W 2
37,1935-02-17,time unavailable,H,Montreal Canadiens,1,3,L,REG,10,19,8,L 1
38,1935-02-21,time unavailable,H,St. Louis Eagles,3,4,L,REG,10,20,8,L 2
39,1935-02-23,time unavailable,@,Montreal Canadiens,2,4,L,REG,10,21,8,L 3
40,1935-02-26,time unavailable,H,Detroit Red Wings,3,2,W,REG,11,21,8,W 1
41,1935-03-02,time unavailable,@,Toronto Maple Leafs,0,6,L,REG,11,22,8,L 1
42,1935-03-03,time unavailable,@,Detroit Red Wings,1,3,L,OT,11,23,8,L 2
43,1935-03-05,time unavailable,@,Chicago Black Hawks,1,5,L,REG,11,24,8,L 3
44,1935-03-07,time unavailable,@,St. Louis Eagles,2,3,L,REG,11,25,8,L 4
45,1935-03-10,time unavailable,H,Montreal Maroons,4,2,W,REG,12,25,8,W 1
46,1935-03-12,time unavailable,@,Boston Bruins,1,4,L,REG,12,26,8,L 1
47,1935-03-14,time unavailable,H,Boston Bruins,4,5,L,REG,12,27,8,L 2
48,1935-03-16,time unavailable,@,Montreal Maroons,0,0,T,OT,12,27,9,T 1

Time,Location,Result,Game Ended In

Bill Brydge,,n/a,D,33,5-9,195,R/-,7,"October 22, 1901",ca,"2 G, 6 A, 8 P"
Eddie Burke,,n/a,W,27,5-8,175,R/-,3,"June 3, 1907",ca,"4 G, 10 A, 14 P"
Lorne Carr,,n/a,RW,24,5-8,161,R/-,1,"July 2, 1910",ca,"17 G, 14 A, 31 P"
Art Chapman,,n/a,C,28,5-10,170,L/-,4,"May 29, 1906",ca,"9 G, 34 A, 43 P"
Red Conn,,n/a,D,30,5-11,180,L/-,1,"October 25, 1904",ca,"5 G, 11 A, 16 P"
Red Dutton,,n/a,D,37,6-0,185,R/-,8,"July 23, 1897",ca,"3 G, 7 A, 10 P"
Hap Emms,,n/a,LW/D,30,6-0,190,L/-,6,"January 12, 1905",ca,"2 G, 2 A, 4 P"
Bob Gracie,,n/a,C/LW,24,5-9,155,L/-,4,"November 8, 1910",ca,"2 G, 1 A, 3 P"
Fred Hergerts,,n/a,C,22,6-1,190,R/-,R,"January 29, 1913",ca,"2 G, 4 A, 6 P"
Obs Heximer,,n/a,RW,24,5-7,159,L/-,2,"February 16, 1910",ca,"5 G, 2 A, 7 P"
Normie Himes,,n/a,C,31,5-9,145,R/-,8,"April 13, 1903",ca,"5 G, 13 A, 18 P"
Walter Jackson,,n/a,F,26,5-8,164,L/-,2,"June 3, 1908",gb,"0 G, 0 A, 0 P"
Lloyd Klein,,n/a,RW,25,6-0,185,L/-,4,"January 13, 1910",ca,"7 G, 3 A, 10 P"
Charley McVeigh,,n/a,RW,36,5-6,145,L/-,8,"March 29, 1898",ca,"7 G, 11 A, 18 P"
Allan Murray,,n/a,D,26,5-7,165,L/-,1,"November 10, 1908",ca,"2 G, 1 A, 3 P"
Harry Oliver,,n/a,RW,36,5-8,155,R/-,8,"October 26, 1898",ca,"7 G, 9 A, 16 P"
Sweeney Schriner,,n/a,LW,23,6-0,185,L/-,R,"November 30, 1911",ru,"18 G, 22 A, 40 P"
Alex Smith,,n/a,D,32,5-11,176,L/-,10,"April 2, 1902",gb,"3 G, 8 A, 11 P"
Roy Worters,,n/a,G,34,5-3,135,-/L,9,"October 19, 1900",ca,"12-27-9, 2.84 GAA"
