New York Rangers,NYR,nhl
1934-35,1935
20
48
2,2
GP,Date,Time,Location,Opponent,GF,GA,Result,Game Ended In,W,L,T,Streak
1,1934-11-10,time unavailable,@,St. Louis Eagles,2,4,L,REG,0,1,0,L 1
2,1934-11-15,time unavailable,@,Detroit Red Wings,2,8,L,REG,0,2,0,L 2
3,1934-11-18,time unavailable,H,St. Louis Eagles,5,0,W,REG,1,2,0,W 1
4,1934-11-22,time unavailable,H,Detroit Red Wings,4,3,W,OT,2,2,0,W 2
5,1934-11-25,time unavailable,@,New York Americans,1,3,L,REG,2,3,0,L 1
6,1934-11-27,time unavailable,H,Montreal Canadiens,2,3,L,REG,2,4,0,L 2
7,1934-12-01,time unavailable,H,Montreal Maroons,2,5,L,REG,2,5,0,L 3
8,1934-12-04,time unavailable,@,Montreal Canadiens,3,5,L,REG,2,6,0,L 4
9,1934-12-08,time unavailable,@,Toronto Maple Leafs,5,2,W,REG,3,6,0,W 1
10,1934-12-09,time unavailable,@,Chicago Black Hawks,0,4,L,REG,3,7,0,L 1
11,1934-12-11,time unavailable,H,Toronto Maple Leafs,4,8,L,REG,3,8,0,L 2
12,1934-12-16,time unavailable,H,Boston Bruins,2,1,W,REG,4,8,0,W 1
13,1934-12-18,time unavailable,@,Boston Bruins,3,5,L,REG,4,9,0,L 1
14,1934-12-20,time unavailable,H,Chicago Black Hawks,1,4,L,REG,4,10,0,L 2
15,1934-12-22,time unavailable,@,Montreal Maroons,2,1,W,REG,5,10,0,W 1
16,1934-12-25,time unavailable,H,New York Americans,3,1,W,REG,6,10,0,W 2
17,1934-12-30,time unavailable,H,Boston Bruins,0,0,T,OT,6,10,1,T 1
18,1935-01-01,time unavailable,@,Boston Bruins,2,5,L,REG,6,11,1,L 1
19,1935-01-03,time unavailable,H,Detroit Red Wings,3,2,W,REG,7,11,1,W 1
20,1935-01-08,time unavailable,H,Montreal Maroons,1,1,T,OT,7,11,2,T 1
21,1935-01-12,time unavailable,@,New York Americans,3,1,W,REG,8,11,2,W 1
22,1935-01-13,time unavailable,H,St. Louis Eagles,3,2,W,REG,9,11,2,W 2
23,1935-01-15,time unavailable,H,New York Americans,1,1,T,OT,9,11,3,T 1
24,1935-01-20,time unavailable,H,Montreal Canadiens,7,1,W,REG,10,11,3,W 1
25,1935-01-22,time unavailable,@,Montreal Canadiens,7,0,W,REG,11,11,3,W 2
26,1935-01-24,time unavailable,H,Chicago Black Hawks,3,3,T,OT,11,11,4,T 1
27,1935-01-27,time unavailable,@,New York Americans,4,2,W,REG,12,11,4,W 1
28,1935-01-29,time unavailable,H,Toronto Maple Leafs,7,5,W,REG,13,11,4,W 2
29,1935-01-31,time unavailable,@,Toronto Maple Leafs,3,2,W,REG,14,11,4,W 3
30,1935-02-03,time unavailable,H,Detroit Red Wings,5,3,W,REG,15,11,4,W 4
31,1935-02-05,time unavailable,@,Montreal Maroons,5,4,W,REG,16,11,4,W 5
32,1935-02-07,time unavailable,H,New York Americans,4,6,L,REG,16,12,4,L 1
33,1935-02-10,time unavailable,@,Chicago Black Hawks,2,1,W,REG,17,12,4,W 1
34,1935-02-12,time unavailable,@,St. Louis Eagles,5,1,W,REG,18,12,4,W 2
35,1935-02-14,time unavailable,H,Toronto Maple Leafs,3,0,W,REG,19,12,4,W 3
36,1935-02-16,time unavailable,@,Toronto Maple Leafs,1,5,L,REG,19,13,4,L 1
37,1935-02-17,time unavailable,@,Detroit Red Wings,5,3,W,OT,20,13,4,W 1
38,1935-02-19,time unavailable,H,St. Louis Eagles,2,1,W,REG,21,13,4,W 2
39,1935-02-24,time unavailable,H,Boston Bruins,0,0,T,OT,21,13,5,T 1
40,1935-02-26,time unavailable,@,Montreal Maroons,1,3,L,REG,21,14,5,L 1
41,1935-02-28,time unavailable,H,Montreal Maroons,2,5,L,REG,21,15,5,L 2
42,1935-03-05,time unavailable,@,Boston Bruins,1,3,L,REG,21,16,5,L 3
43,1935-03-07,time unavailable,@,Detroit Red Wings,1,6,L,REG,21,17,5,L 4
44,1935-03-09,time unavailable,@,St. Louis Eagles,5,1,W,REG,22,17,5,W 1
45,1935-03-10,time unavailable,@,Chicago Black Hawks,1,1,T,OT,22,17,6,T 1
46,1935-03-12,time unavailable,H,Montreal Canadiens,3,4,L,REG,22,18,6,L 1
47,1935-03-14,time unavailable,@,Montreal Canadiens,4,5,L,REG,22,19,6,L 2
48,1935-03-17,time unavailable,H,Chicago Black Hawks,2,5,L,REG,22,20,6,L 3

GP,Date,Time,Location,Opponent,GF,GA,Result,Game Ended In,W,L,T,Streak
1,1935-03-24,time unavailable,H,Montreal Canadiens,2,1,W,REG,1,0,0,W 1
2,1935-03-26,time unavailable,@,Montreal Canadiens,4,4,T,REG,1,0,1,T 1
3,1935-03-28,time unavailable,H,Montreal Maroons,1,2,L,REG,1,1,1,L 1
4,1935-03-30,time unavailable,@,Montreal Maroons,3,3,T,REG,1,1,2,T 1

Andy Aitkenhead,,n/a,G,30,5-9,145,-/L,2,"March 6, 1904",gb,"3-7-0, 3.64 GAA"
Frank Boucher,,n/a,C,33,5-9,185,L/-,9,"October 7, 1901",ca,"13 G, 32 A, 45 P"
Bert Connelly,,n/a,C,25,5-11,174,L/-,R,"April 22, 1909",ca,"10 G, 11 A, 21 P"
Bill Cook,(C),n/a,RW,38,5-10,170,R/-,8,"October 9, 1896",ca,"21 G, 15 A, 36 P"
Bun Cook,,n/a,RW,31,5-11,180,L/-,8,"September 18, 1903",ca,"13 G, 21 A, 34 P"
Cecil Dillon,,n/a,RW,26,5-11,173,L/-,4,"April 26, 1908",us,"25 G, 9 A, 34 P"
Ott Heller,,n/a,D,24,6-0,190,R/-,3,"June 2, 1910",ca,"3 G, 11 A, 14 P"
Percy Jackson,,n/a,G,27,5-9,165,-/L,2,"September 21, 1907",ca,"0-1-0, 8.00 GAA"
Ching Johnson,,n/a,D,36,5-11,210,L/-,8,"December 7, 1898",ca,"2 G, 3 A, 5 P"
Butch Keeling,,n/a,C/LW,29,5-11,180,L/-,8,"August 10, 1905",ca,"15 G, 4 A, 19 P"
Dave Kerr,,n/a,G,25,5-10,160,-/R,4,"January 11, 1910",ca,"19-12-6, 2.46 GAA"
Alex Levinsky,,n/a,D,24,5-10,184,R/-,4,"February 2, 1910",us,"0 G, 4 A, 4 P"
Bill MacKenzie,,n/a,D,23,5-11,175,R/-,1,"December 12, 1911",ca,"1 G, 0 A, 1 P"
Charley Mason,,n/a,RW/LW,22,5-10,160,R/-,R,"February 1, 1912",ca,"5 G, 9 A, 14 P"
Murray Murdoch,,n/a,C/LW,30,5-10,180,L/-,8,"May 19, 1904",ca,"14 G, 15 A, 29 P"
Lynn Patrick,,n/a,LW,22,6-1,192,L/-,R,"February 3, 1912",ca,"9 G, 13 A, 22 P"
Vic Ripley,,n/a,C,28,5-8,170,L/-,6,"May 30, 1906",ca,"0 G, 2 A, 2 P"
Earl Seibert,,n/a,D,23,6-2,198,R/-,3,"December 7, 1911",ca,"6 G, 19 A, 25 P"
Art Somers,,n/a,LW,33,5-5,167,L/-,5,"January 19, 1902",ca,"0 G, 5 A, 5 P"
Harold Starr,,n/a,D,28,5-11,176,L/-,4,"July 6, 1906",ca,"1 G, 1 A, 2 P"
