Detroit Red Wings,DET,nhl
1935-36,1936
21
48
3,4
GP,Date,Time,Location,Opponent,GF,GA,Result,Game Ended In,W,L,T,Streak
1,1935-11-10,time unavailable,H,New York Rangers,1,1,T,OT,0,0,1,T 1
2,1935-11-14,time unavailable,H,Chicago Black Hawks,0,0,T,OT,0,0,2,T 2
3,1935-11-19,time unavailable,@,New York Rangers,2,2,T,OT,0,0,3,T 3
4,1935-11-21,time unavailable,@,New York Americans,1,3,L,REG,0,1,3,L 1
5,1935-11-24,time unavailable,H,Toronto Maple Leafs,2,1,W,REG,1,1,3,W 1
6,1935-11-28,time unavailable,H,Montreal Canadiens,0,0,T,OT,1,1,4,T 1
7,1935-11-30,time unavailable,@,Montreal Maroons,2,3,L,REG,1,2,4,L 1
8,1935-12-05,time unavailable,H,Boston Bruins,2,1,W,REG,2,2,4,W 1
9,1935-12-07,time unavailable,@,Montreal Canadiens,3,2,W,REG,3,2,4,W 2
10,1935-12-08,time unavailable,H,New York Americans,1,1,T,OT,3,2,5,T 1
11,1935-12-12,time unavailable,@,Chicago Black Hawks,3,1,W,REG,4,2,5,W 1
12,1935-12-14,time unavailable,@,Toronto Maple Leafs,4,2,W,OT,5,2,5,W 2
13,1935-12-15,time unavailable,H,New York Rangers,4,2,W,REG,6,2,5,W 3
14,1935-12-17,time unavailable,@,Boston Bruins,1,4,L,REG,6,3,5,L 1
15,1935-12-19,time unavailable,@,New York Americans,3,1,W,REG,7,3,5,W 1
16,1935-12-22,time unavailable,H,Montreal Maroons,2,2,T,OT,7,3,6,T 1
17,1935-12-25,time unavailable,H,Chicago Black Hawks,0,2,L,REG,7,4,6,L 1
18,1935-12-29,time unavailable,H,Boston Bruins,3,4,L,OT,7,5,6,L 2
19,1936-01-01,time unavailable,@,Chicago Black Hawks,4,2,W,REG,8,5,6,W 1
20,1936-01-05,time unavailable,H,Montreal Canadiens,5,2,W,REG,9,5,6,W 2
21,1936-01-07,time unavailable,@,New York Rangers,2,1,W,REG,10,5,6,W 3
22,1936-01-12,time unavailable,H,Montreal Maroons,6,0,W,REG,11,5,6,W 4
23,1936-01-16,time unavailable,@,Chicago Black Hawks,1,4,L,REG,11,6,6,L 1
24,1936-01-19,time unavailable,H,Toronto Maple Leafs,4,0,W,REG,12,6,6,W 1
25,1936-01-23,time unavailable,H,New York Rangers,4,2,W,REG,13,6,6,W 2
26,1936-01-25,time unavailable,@,Toronto Maple Leafs,1,6,L,REG,13,7,6,L 1
27,1936-01-28,time unavailable,@,Boston Bruins,0,2,L,REG,13,8,6,L 2
28,1936-01-30,time unavailable,H,Chicago Black Hawks,3,4,L,REG,13,9,6,L 3
29,1936-02-01,time unavailable,@,Montreal Canadiens,3,1,W,REG,14,9,6,W 1
30,1936-02-04,time unavailable,@,New York Rangers,4,4,T,OT,14,9,7,T 1
31,1936-02-06,time unavailable,@,Chicago Black Hawks,1,0,W,REG,15,9,7,W 1
32,1936-02-11,time unavailable,H,Montreal Maroons,7,3,W,REG,16,9,7,W 2
33,1936-02-13,time unavailable,H,Boston Bruins,1,0,W,REG,17,9,7,W 3
34,1936-02-15,time unavailable,@,Toronto Maple Leafs,2,3,L,OT,17,10,7,L 1
35,1936-02-18,time unavailable,@,Boston Bruins,2,1,W,REG,18,10,7,W 1
36,1936-02-20,time unavailable,@,Montreal Maroons,3,6,L,REG,18,11,7,L 1
37,1936-02-23,time unavailable,H,New York Americans,4,3,W,REG,19,11,7,W 1
38,1936-02-27,time unavailable,H,New York Rangers,4,2,W,REG,20,11,7,W 2
39,1936-03-01,time unavailable,H,Montreal Canadiens,3,1,W,REG,21,11,7,W 3
40,1936-03-05,time unavailable,@,New York Americans,4,1,W,REG,22,11,7,W 4
41,1936-03-07,time unavailable,@,Montreal Maroons,3,5,L,REG,22,12,7,L 1
42,1936-03-08,time unavailable,H,Boston Bruins,2,5,L,REG,22,13,7,L 2
43,1936-03-10,time unavailable,@,Boston Bruins,0,1,L,OT,22,14,7,L 3
44,1936-03-12,time unavailable,@,New York Rangers,3,4,L,OT,22,15,7,L 4
45,1936-03-14,time unavailable,@,Montreal Canadiens,1,1,T,OT,22,15,8,T 1
46,1936-03-15,time unavailable,H,Toronto Maple Leafs,1,2,L,OT,22,16,8,L 1
47,1936-03-19,time unavailable,H,Chicago Black Hawks,5,3,W,REG,23,16,8,W 1
48,1936-03-22,time unavailable,H,New York Americans,7,2,W,REG,24,16,8,W 2

GP,Date,Time,Location,Opponent,GF,GA,Result,Game Ended In,W,L,T,Streak
1,1936-03-24,time unavailable,@,Montreal Maroons,1,0,W,6OT,1,0,0,W 1
2,1936-03-26,time unavailable,@,Montreal Maroons,3,0,W,REG,2,0,0,W 2
3,1936-03-28,time unavailable,H,Montreal Maroons,2,1,W,REG,3,0,0,W 3
4,1936-04-05,time unavailable,H,Toronto Maple Leafs,3,1,W,REG,4,0,0,W 4
5,1936-04-07,time unavailable,H,Toronto Maple Leafs,9,4,W,REG,5,0,0,W 5
6,1936-04-09,time unavailable,@,Toronto Maple Leafs,3,4,L,OT,5,1,0,L 1
7,1936-04-11,time unavailable,@,Toronto Maple Leafs,3,2,W,REG,6,1,0,W 1

Larry Aurie,,n/a,RW,30,5-6,148,R/-,8,"February 8, 1905",ca,"16 G, 18 A, 34 P"
Marty Barry,,n/a,C,30,5-11,175,L/-,7,"December 8, 1905",ca,"21 G, 19 A, 40 P"
Ralph Bowman,,n/a,D,24,5-11,190,L/-,2,"June 20, 1911",ca,"3 G, 2 A, 5 P"
Mud Bruneteau,,n/a,RW,21,5-11,185,R/-,R,"November 28, 1914",ca,"2 G, 0 A, 2 P"
Lorne Duguid,,n/a,LW,25,5-11,185,L/-,4,"April 4, 1910",ca,"0 G, 0 A, 0 P"
Art Giroux,,n/a,RW,27,5-10,165,R/-,2,"June 6, 1908",ca,"0 G, 2 A, 2 P"
Ebbie Goodfellow,,n/a,C/D,28,6-0,175,L/-,6,"April 9, 1907",ca,"5 G, 18 A, 23 P"
Syd Howe,,n/a,LW/C,24,5-9,165,L/-,6,"September 28, 1911",ca,"16 G, 14 A, 30 P"
Pete Kelly,,n/a,RW,22,5-11,170,R/-,1,"May 22, 1913",ca,"6 G, 8 A, 14 P"
Hec Kilrea,,n/a,LW,28,5-8,175,L/-,10,"June 11, 1907",ca,"6 G, 17 A, 23 P"
Wally Kilrea,,n/a,C,26,5-7,150,R/-,6,"February 18, 1909",ca,"4 G, 10 A, 14 P"
Herbie Lewis,,n/a,LW,29,5-9,163,L/-,7,"April 17, 1906",ca,"14 G, 23 A, 37 P"
Bucko McDonald,,n/a,D,21,5-10,205,L/-,1,"October 31, 1914",ca,"4 G, 6 A, 10 P"
Gord Pettinger,,n/a,LW/C,24,6-0,175,L/-,3,"November 11, 1911",gb,"8 G, 7 A, 15 P"
Rolly Roulston,,n/a,D,24,6-1,195,L/-,R,"April 12, 1911",ca,"0 G, 0 A, 0 P"
John Sherf,,n/a,LW,22,5-11,178,L/-,R,"April 8, 1913",us,"0 G, 0 A, 0 P"
Normie Smith,,n/a,G,27,5-7,165,-/L,2,"March 18, 1908",ca,"24-16-8, 2.04 GAA"
John Sorrell,,n/a,LW,30,5-11,155,L/-,5,"January 16, 1906",ca,"13 G, 15 A, 28 P"
Wilf Starr,,n/a,LW,26,5-11,190,L/-,3,"July 22, 1909",ca,"1 G, 0 A, 1 P"
Eddie Wiseman,,n/a,RW,23,5-7,160,R/-,3,"December 28, 1912",ca,"0 G, 0 A, 0 P"
Doug Young,(C),n/a,D,27,5-10,190,R/-,4,"October 1, 1908",ca,"5 G, 12 A, 17 P"
