Montreal Canadiens,MTL,nhl
1935-36,1936
28
48
0
GP,Date,Time,Location,Opponent,GF,GA,Result,Game Ended In,W,L,T,Streak
1,1935-11-12,time unavailable,H,New York Rangers,1,2,L,OT,0,1,0,L 1
2,1935-11-17,time unavailable,@,New York Americans,6,0,W,REG,1,1,0,W 1
3,1935-11-19,time unavailable,H,Toronto Maple Leafs,2,7,L,REG,1,2,0,L 1
4,1935-11-21,time unavailable,@,Montreal Maroons,2,1,W,REG,2,2,0,W 1
5,1935-11-23,time unavailable,H,New York Americans,2,1,W,REG,3,2,0,W 2
6,1935-11-28,time unavailable,@,Detroit Red Wings,0,0,T,OT,3,2,1,T 1
7,1935-11-30,time unavailable,@,Toronto Maple Leafs,3,8,L,REG,3,3,1,L 1
8,1935-12-01,time unavailable,@,Chicago Black Hawks,0,1,L,REG,3,4,1,L 2
9,1935-12-03,time unavailable,H,Montreal Maroons,2,3,L,REG,3,5,1,L 3
10,1935-12-07,time unavailable,H,Detroit Red Wings,2,3,L,REG,3,6,1,L 4
11,1935-12-12,time unavailable,H,Boston Bruins,1,1,T,OT,3,6,2,T 1
12,1935-12-15,time unavailable,@,Boston Bruins,1,2,L,REG,3,7,2,L 1
13,1935-12-17,time unavailable,@,New York Rangers,1,1,T,OT,3,7,3,T 1
14,1935-12-19,time unavailable,H,Chicago Black Hawks,2,2,T,OT,3,7,4,T 2
15,1935-12-21,time unavailable,H,Montreal Maroons,1,2,L,REG,3,8,4,L 1
16,1935-12-26,time unavailable,H,Toronto Maple Leafs,0,2,L,REG,3,9,4,L 2
17,1935-12-29,time unavailable,@,New York Americans,1,5,L,REG,3,10,4,L 3
18,1936-01-01,time unavailable,@,Boston Bruins,2,0,W,REG,4,10,4,W 1
19,1936-01-04,time unavailable,H,Boston Bruins,1,1,T,OT,4,10,5,T 1
20,1936-01-05,time unavailable,@,Detroit Red Wings,2,5,L,REG,4,11,5,L 1
21,1936-01-09,time unavailable,H,Montreal Maroons,1,1,T,OT,4,11,6,T 1
22,1936-01-11,time unavailable,@,Toronto Maple Leafs,7,3,W,REG,5,11,6,W 1
23,1936-01-12,time unavailable,@,Chicago Black Hawks,2,1,W,REG,6,11,6,W 2
24,1936-01-14,time unavailable,@,New York Americans,1,0,W,REG,7,11,6,W 3
25,1936-01-16,time unavailable,H,New York Americans,3,8,L,REG,7,12,6,L 1
26,1936-01-18,time unavailable,H,New York Rangers,3,1,W,REG,8,12,6,W 1
27,1936-01-23,time unavailable,H,Chicago Black Hawks,1,1,T,OT,8,12,7,T 1
28,1936-01-25,time unavailable,@,Montreal Maroons,1,4,L,REG,8,13,7,L 1
29,1936-01-28,time unavailable,@,New York Rangers,2,3,L,OT,8,14,7,L 2
30,1936-01-30,time unavailable,H,Toronto Maple Leafs,3,0,W,REG,9,14,7,W 1
31,1936-02-01,time unavailable,H,Detroit Red Wings,1,3,L,REG,9,15,7,L 1
32,1936-02-06,time unavailable,H,Boston Bruins,3,4,L,REG,9,16,7,L 2
33,1936-02-08,time unavailable,@,Montreal Maroons,2,7,L,REG,9,17,7,L 3
34,1936-02-11,time unavailable,H,New York Rangers,1,1,T,OT,9,17,8,T 1
35,1936-02-16,time unavailable,@,New York Rangers,1,1,T,OT,9,17,9,T 2
36,1936-02-18,time unavailable,H,Chicago Black Hawks,3,3,T,OT,9,17,10,T 3
37,1936-02-20,time unavailable,@,Toronto Maple Leafs,1,2,L,REG,9,18,10,L 1
38,1936-02-22,time unavailable,H,New York Americans,1,0,W,REG,10,18,10,W 1
39,1936-02-29,time unavailable,H,Montreal Maroons,2,4,L,REG,10,19,10,L 1
40,1936-03-01,time unavailable,@,Detroit Red Wings,1,3,L,REG,10,20,10,L 2
41,1936-03-03,time unavailable,H,New York Americans,3,1,W,REG,11,20,10,W 1
42,1936-03-07,time unavailable,@,Toronto Maple Leafs,1,8,L,REG,11,21,10,L 1
43,1936-03-08,time unavailable,@,Chicago Black Hawks,0,2,L,REG,11,22,10,L 2
44,1936-03-12,time unavailable,H,Toronto Maple Leafs,3,6,L,REG,11,23,10,L 3
45,1936-03-14,time unavailable,H,Detroit Red Wings,1,1,T,OT,11,23,11,T 1
46,1936-03-15,time unavailable,@,Montreal Maroons,1,3,L,REG,11,24,11,L 1
47,1936-03-17,time unavailable,@,Boston Bruins,0,1,L,REG,11,25,11,L 2
48,1936-03-19,time unavailable,@,New York Americans,1,4,L,REG,11,26,11,L 3

Time,Location,Result,Game Ended In

Max Bennett,,n/a,RW,23,5-6,157,R/-,R,"November 4, 1912",ca,"0 G, 0 A, 0 P"
Toe Blake,,18,LW,23,5-10,165,L/-,1,"August 21, 1912",ca,"1 G, 2 A, 3 P"
Conrad Bourcier,,n/a,C,20,5-6,155,L/-,R,"May 28, 1915",ca,"0 G, 0 A, 0 P"
Jean Bourcier,,n/a,LW,25,5-11,175,L/-,R,"January 3, 1911",ca,"0 G, 1 A, 1 P"
Walt Buswell,,n/a,D,28,5-11,170,L/-,3,"November 6, 1907",ca,"0 G, 2 A, 2 P"
Rosie Couture,,n/a,RW,30,5-11,164,R/-,7,"July 24, 1905",ca,"0 G, 1 A, 1 P"
Abbie Cox,,n/a,G,31,5-6,140,-/L,2,"July 19, 1904",ca,"0-0-1, 0.86 GAA"
Wilf Cude,,n/a,G,25,5-9,146,-/L,4,"July 4, 1910",gb,"11-26-10, 2.49 GAA"
Joffre Desilets,,n/a,RW,20,5-10,170,R/-,R,"April 16, 1915",ca,"7 G, 6 A, 13 P"
Polly Drouin,,n/a,C/LW,20,5-7,160,L/-,1,"January 16, 1916",ca,"1 G, 8 A, 9 P"
Irv Frew,,n/a,D,28,5-10,180,R/-,2,"August 16, 1907",gb,"0 G, 2 A, 2 P"
Johnny Gagnon,,n/a,RW,30,5-5,140,R/-,5,"June 8, 1905",ca,"7 G, 9 A, 16 P"
Leroy Goldsworthy,,n/a,RW,29,6-0,165,R/-,5,"October 18, 1906",us,"15 G, 11 A, 26 P"
Red Goupille,,n/a,D,20,6-0,190,L/-,R,"September 2, 1915",ca,"0 G, 0 A, 0 P"
Paul Haynes,,n/a,C,25,5-10,160,L/-,5,"March 1, 1910",ca,"5 G, 19 A, 24 P"
Aurele Joliat,,4,LW,34,5-7,136,L/-,13,"August 29, 1901",ca,"15 G, 8 A, 23 P"
Wildor Larochelle,,n/a,RW,29,5-8,158,R/-,10,"September 23, 1906",ca,"0 G, 2 A, 2 P"
Pit Lepine,,n/a,C,34,5-11,168,L/-,10,"July 30, 1901",ca,"6 G, 10 A, 16 P"
Gaston Leroux,,n/a,F,23,6-0,195,R/-,R,"January 9, 1913",ca,"0 G, 0 A, 0 P"
Art Lesieur,,n/a,D,28,5-11,191,R/-,3,"September 13, 1907",us,"1 G, 0 A, 1 P"
Rod Lorrain,,n/a,RW,21,5-5,156,R/-,R,"July 26, 1914",ca,"0 G, 0 A, 0 P"
Georges Mantha,,n/a,LW,27,5-8,165,L/-,7,"November 29, 1908",ca,"1 G, 12 A, 13 P"
Sylvio Mantha,(C),2,D,33,5-10,178,R/-,12,"April 14, 1902",ca,"2 G, 4 A, 6 P"
Jack McGill,,n/a,W,25,5-10,150,L/-,1,"November 3, 1910",ca,"13 G, 7 A, 20 P"
Bill Miller,,n/a,C,27,6-0,160,R/-,1,"August 1, 1908",ca,"1 G, 2 A, 3 P"
Armand Mondou,,n/a,LW/C,30,5-10,175,L/-,7,"June 27, 1905",ca,"7 G, 11 A, 18 P"
Jean Pusie,,n/a,D,25,6-0,205,L/-,4,"October 15, 1910",ca,"0 G, 2 A, 2 P"
Paul Runge,,n/a,LW,27,5-11,167,L/-,4,"September 10, 1908",ca,"0 G, 2 A, 2 P"
