Montreal Maroons,MTM,nhl
1935-36,1936
17
48
3
GP,Date,Time,Location,Opponent,GF,GA,Result,Game Ended In,W,L,T,Streak
1,1935-11-16,time unavailable,H,Boston Bruins,1,0,W,REG,1,0,0,W 1
2,1935-11-21,time unavailable,H,Montreal Canadiens,1,2,L,REG,1,1,0,L 1
3,1935-11-23,time unavailable,@,Toronto Maple Leafs,5,2,W,REG,2,1,0,W 1
4,1935-11-24,time unavailable,@,Chicago Black Hawks,1,2,L,REG,2,2,0,L 1
5,1935-11-26,time unavailable,H,Chicago Black Hawks,4,1,W,REG,3,2,0,W 1
6,1935-11-30,time unavailable,H,Detroit Red Wings,3,2,W,REG,4,2,0,W 2
7,1935-12-03,time unavailable,@,Montreal Canadiens,3,2,W,REG,5,2,0,W 3
8,1935-12-05,time unavailable,H,New York Americans,1,2,L,REG,5,3,0,L 1
9,1935-12-08,time unavailable,@,New York Rangers,3,3,T,OT,5,3,1,T 1
10,1935-12-10,time unavailable,@,Boston Bruins,0,2,L,REG,5,4,1,L 1
11,1935-12-14,time unavailable,H,New York Rangers,2,6,L,REG,5,5,1,L 2
12,1935-12-17,time unavailable,H,Toronto Maple Leafs,0,1,L,REG,5,6,1,L 3
13,1935-12-21,time unavailable,@,Montreal Canadiens,2,1,W,REG,6,6,1,W 1
14,1935-12-22,time unavailable,@,Detroit Red Wings,2,2,T,OT,6,6,2,T 1
15,1935-12-26,time unavailable,@,New York Americans,2,1,W,REG,7,6,2,W 1
16,1935-12-28,time unavailable,H,Boston Bruins,3,6,L,REG,7,7,2,L 1
17,1935-12-31,time unavailable,@,New York Rangers,0,1,L,REG,7,8,2,L 2
18,1936-01-02,time unavailable,H,Toronto Maple Leafs,5,2,W,REG,8,8,2,W 1
19,1936-01-04,time unavailable,@,Toronto Maple Leafs,1,1,T,OT,8,8,3,T 1
20,1936-01-05,time unavailable,@,Chicago Black Hawks,3,2,W,REG,9,8,3,W 1
21,1936-01-09,time unavailable,@,Montreal Canadiens,1,1,T,OT,9,8,4,T 1
22,1936-01-11,time unavailable,H,New York Americans,3,2,W,REG,10,8,4,W 1
23,1936-01-12,time unavailable,@,Detroit Red Wings,0,6,L,REG,10,9,4,L 1
24,1936-01-14,time unavailable,H,New York Rangers,1,2,L,REG,10,10,4,L 2
25,1936-01-19,time unavailable,@,New York Americans,2,1,W,REG,11,10,4,W 1
26,1936-01-21,time unavailable,@,Boston Bruins,0,1,L,REG,11,11,4,L 1
27,1936-01-25,time unavailable,H,Montreal Canadiens,4,1,W,REG,12,11,4,W 1
28,1936-01-30,time unavailable,@,New York Americans,3,2,W,REG,13,11,4,W 2
29,1936-02-02,time unavailable,@,New York Rangers,2,4,L,REG,13,12,4,L 1
30,1936-02-04,time unavailable,H,New York Americans,1,1,T,OT,13,12,5,T 1
31,1936-02-08,time unavailable,H,Montreal Canadiens,7,2,W,REG,14,12,5,W 1
32,1936-02-11,time unavailable,@,Detroit Red Wings,3,7,L,REG,14,13,5,L 1
33,1936-02-13,time unavailable,H,Toronto Maple Leafs,2,1,W,REG,15,13,5,W 1
34,1936-02-15,time unavailable,H,New York Americans,4,4,T,OT,15,13,6,T 1
35,1936-02-19,time unavailable,@,New York Americans,8,8,T,OT,15,13,7,T 2
36,1936-02-20,time unavailable,H,Detroit Red Wings,6,3,W,REG,16,13,7,W 1
37,1936-02-22,time unavailable,@,Toronto Maple Leafs,0,1,L,REG,16,14,7,L 1
38,1936-02-25,time unavailable,H,Chicago Black Hawks,0,2,L,REG,16,15,7,L 2
39,1936-02-27,time unavailable,H,Boston Bruins,1,2,L,REG,16,16,7,L 3
40,1936-02-29,time unavailable,@,Montreal Canadiens,4,2,W,REG,17,16,7,W 1
41,1936-03-03,time unavailable,@,Boston Bruins,3,3,T,OT,17,16,8,T 1
42,1936-03-07,time unavailable,H,Detroit Red Wings,5,3,W,REG,18,16,8,W 1
43,1936-03-10,time unavailable,H,New York Rangers,0,0,T,OT,18,16,9,T 1
44,1936-03-12,time unavailable,@,Chicago Black Hawks,3,3,T,OT,18,16,10,T 2
45,1936-03-14,time unavailable,@,Toronto Maple Leafs,1,0,W,REG,19,16,10,W 1
46,1936-03-15,time unavailable,H,Montreal Canadiens,3,1,W,REG,20,16,10,W 2
47,1936-03-17,time unavailable,H,Toronto Maple Leafs,2,1,W,REG,21,16,10,W 3
48,1936-03-21,time unavailable,H,Chicago Black Hawks,3,1,W,REG,22,16,10,W 4

GP,Date,Time,Location,Opponent,GF,GA,Result,Game Ended In,W,L,T,Streak
1,1936-03-24,time unavailable,H,Detroit Red Wings,0,1,L,6OT,0,1,0,L 1
2,1936-03-26,time unavailable,H,Detroit Red Wings,0,3,L,REG,0,2,0,L 2
3,1936-03-28,time unavailable,@,Detroit Red Wings,1,2,L,REG,0,3,0,L 3

Bill Beveridge,,n/a,G,26,5-8,170,-/L,5,"July 1, 1909",ca,"14-13-5, 2.16 GAA"
Russ Blinco,,n/a,C,27,5-10,171,L/-,2,"March 12, 1908",ca,"13 G, 10 A, 23 P"
Herb Cain,,n/a,LW,23,5-11,180,L/-,2,"December 24, 1912",ca,"5 G, 13 A, 18 P"
Lorne Chabot,,n/a,G,35,6-1,185,-/L,9,"October 5, 1900",ca,"8-3-5, 2.08 GAA"
Lionel Conacher,,n/a,D,34,6-2,195,L/-,10,"May 24, 1901",ca,"7 G, 7 A, 14 P"
Stewart Evans,,n/a,D,27,5-10,170,L/-,4,"June 19, 1908",ca,"3 G, 5 A, 8 P"
Bob Gracie,,n/a,C/LW,25,5-9,155,L/-,5,"November 8, 1910",ca,"11 G, 14 A, 25 P"
Joe Lamb,,n/a,C/RW,29,5-10,170,R/-,8,"June 18, 1906",ca,"0 G, 3 A, 3 P"
Gus Marker,,n/a,RW,28,5-9,162,R/-,3,"August 1, 1907",ca,"7 G, 12 A, 19 P"
Bill Miller,,n/a,C,27,6-0,160,R/-,1,"August 1, 1908",ca,"0 G, 0 A, 0 P"
Baldy Northcott,,n/a,LW,27,6-0,184,L/-,7,"September 7, 1908",ca,"15 G, 21 A, 36 P"
Earl Robinson,,n/a,RW,28,5-10,160,R/-,6,"March 11, 1907",ca,"6 G, 14 A, 20 P"
Al Shields,,n/a,D,28,6-0,188,R/-,8,"May 10, 1907",ca,"2 G, 7 A, 9 P"
Hooley Smith,,n/a,C,33,5-10,155,R/-,11,"January 7, 1903",ca,"19 G, 19 A, 38 P"
Dave Trottier,,n/a,LW,29,5-10,170,L/-,7,"June 25, 1906",ca,"10 G, 10 A, 20 P"
Jimmy Ward,,n/a,RW,29,5-11,167,R/-,8,"September 1, 1906",ca,"12 G, 19 A, 31 P"
Cy Wentworth,,n/a,D,31,5-10,170,R/-,8,"January 24, 1905",ca,"4 G, 5 A, 9 P"
