Toronto Maple Leafs,TOR,nhl
1935-36,1936
20
48
2,3,4
GP,Date,Time,Location,Opponent,GF,GA,Result,Game Ended In,W,L,T,Streak
1,1935-11-09,time unavailable,H,New York Americans,5,5,T,OT,0,0,1,T 1
2,1935-11-14,time unavailable,@,New York Rangers,1,0,W,REG,1,0,1,W 1
3,1935-11-16,time unavailable,H,New York Rangers,3,2,W,REG,2,0,1,W 2
4,1935-11-19,time unavailable,@,Montreal Canadiens,7,2,W,REG,3,0,1,W 3
5,1935-11-21,time unavailable,@,Chicago Black Hawks,3,4,L,REG,3,1,1,L 1
6,1935-11-23,time unavailable,H,Montreal Maroons,2,5,L,REG,3,2,1,L 2
7,1935-11-24,time unavailable,@,Detroit Red Wings,1,2,L,REG,3,3,1,L 3
8,1935-11-26,time unavailable,@,Boston Bruins,2,1,W,REG,4,3,1,W 1
9,1935-11-30,time unavailable,H,Montreal Canadiens,8,3,W,REG,5,3,1,W 2
10,1935-12-07,time unavailable,H,Chicago Black Hawks,2,1,W,OT,6,3,1,W 3
11,1935-12-10,time unavailable,@,New York Americans,2,4,L,REG,6,4,1,L 1
12,1935-12-14,time unavailable,H,Detroit Red Wings,2,4,L,OT,6,5,1,L 2
13,1935-12-17,time unavailable,@,Montreal Maroons,1,0,W,REG,7,5,1,W 1
14,1935-12-19,time unavailable,H,Boston Bruins,0,0,T,OT,7,5,2,T 1
15,1935-12-21,time unavailable,H,New York Americans,5,3,W,REG,8,5,2,W 1
16,1935-12-26,time unavailable,@,Montreal Canadiens,2,0,W,REG,9,5,2,W 2
17,1935-12-28,time unavailable,H,New York Rangers,9,3,W,REG,10,5,2,W 3
18,1936-01-02,time unavailable,@,Montreal Maroons,2,5,L,REG,10,6,2,L 1
19,1936-01-04,time unavailable,H,Montreal Maroons,1,1,T,OT,10,6,3,T 1
20,1936-01-11,time unavailable,H,Montreal Canadiens,3,7,L,REG,10,7,3,L 1
21,1936-01-14,time unavailable,@,Boston Bruins,1,4,L,REG,10,8,3,L 2
22,1936-01-16,time unavailable,@,New York Rangers,0,1,L,REG,10,9,3,L 3
23,1936-01-18,time unavailable,H,Boston Bruins,5,2,W,REG,11,9,3,W 1
24,1936-01-19,time unavailable,@,Detroit Red Wings,0,4,L,REG,11,10,3,L 1
25,1936-01-23,time unavailable,@,New York Americans,2,3,L,OT,11,11,3,L 2
26,1936-01-25,time unavailable,H,Detroit Red Wings,6,1,W,REG,12,11,3,W 1
27,1936-01-30,time unavailable,@,Montreal Canadiens,0,3,L,REG,12,12,3,L 1
28,1936-02-01,time unavailable,H,Chicago Black Hawks,3,2,W,OT,13,12,3,W 1
29,1936-02-02,time unavailable,@,Chicago Black Hawks,0,2,L,REG,13,13,3,L 1
30,1936-02-04,time unavailable,@,Boston Bruins,3,0,W,REG,14,13,3,W 1
31,1936-02-06,time unavailable,@,New York Americans,3,4,L,REG,14,14,3,L 1
32,1936-02-08,time unavailable,H,New York Americans,3,0,W,REG,15,14,3,W 1
33,1936-02-13,time unavailable,@,Montreal Maroons,1,2,L,REG,15,15,3,L 1
34,1936-02-15,time unavailable,H,Detroit Red Wings,3,2,W,OT,16,15,3,W 1
35,1936-02-20,time unavailable,H,Montreal Canadiens,2,1,W,REG,17,15,3,W 2
36,1936-02-22,time unavailable,H,Montreal Maroons,1,0,W,REG,18,15,3,W 3
37,1936-02-23,time unavailable,@,Chicago Black Hawks,1,5,L,REG,18,16,3,L 1
38,1936-02-25,time unavailable,H,New York Rangers,2,2,T,OT,18,16,4,T 1
39,1936-02-29,time unavailable,H,Chicago Black Hawks,4,2,W,REG,19,16,4,W 1
40,1936-03-03,time unavailable,@,New York Rangers,0,0,T,OT,19,16,5,T 1
41,1936-03-07,time unavailable,H,Montreal Canadiens,8,1,W,REG,20,16,5,W 1
42,1936-03-10,time unavailable,@,New York Americans,2,3,L,REG,20,17,5,L 1
43,1936-03-12,time unavailable,@,Montreal Canadiens,6,3,W,REG,21,17,5,W 1
44,1936-03-14,time unavailable,H,Montreal Maroons,0,1,L,REG,21,18,5,L 1
45,1936-03-15,time unavailable,@,Detroit Red Wings,2,1,W,OT,22,18,5,W 1
46,1936-03-17,time unavailable,@,Montreal Maroons,1,2,L,REG,22,19,5,L 1
47,1936-03-19,time unavailable,H,Boston Bruins,2,2,T,OT,22,19,6,T 1
48,1936-03-21,time unavailable,H,New York Americans,4,1,W,REG,23,19,6,W 1

GP,Date,Time,Location,Opponent,GF,GA,Result,Game Ended In,W,L,T,Streak
1,1936-03-24,time unavailable,@,Boston Bruins,0,3,L,REG,0,1,0,L 1
2,1936-03-26,time unavailable,H,Boston Bruins,8,3,W,REG,1,1,0,W 1
3,1936-03-28,time unavailable,H,New York Americans,3,1,W,REG,2,1,0,W 2
4,1936-03-31,time unavailable,@,New York Americans,0,1,L,REG,2,2,0,L 1
5,1936-04-02,time unavailable,H,New York Americans,3,1,W,REG,3,2,0,W 1
6,1936-04-05,time unavailable,@,Detroit Red Wings,1,3,L,REG,3,3,0,L 1
7,1936-04-07,time unavailable,@,Detroit Red Wings,4,9,L,REG,3,4,0,L 2
8,1936-04-09,time unavailable,H,Detroit Red Wings,4,3,W,OT,4,4,0,W 1
9,1936-04-11,time unavailable,H,Detroit Red Wings,2,3,L,REG,4,5,0,L 1

Andy Blair,,n/a,C,27,6-1,180,L/-,7,"February 27, 1908",ca,"5 G, 4 A, 9 P"
Mickey Blake,,n/a,D,23,5-10,186,L/-,2,"October 31, 1912",ca,"0 G, 0 A, 0 P"
Buzz Boll,,n/a,LW,24,5-10,166,L/-,2,"March 6, 1911",ca,"15 G, 13 A, 28 P"
King Clancy,,n/a,D,32,5-7,155,L/-,14,"February 25, 1903",ca,"5 G, 10 A, 15 P"
Charlie Conacher,,n/a,RW,26,6-1,195,R/-,6,"December 20, 1909",ca,"23 G, 15 A, 38 P"
Bob Davidson,,n/a,LW,23,5-11,185,L/-,1,"February 10, 1912",ca,"4 G, 4 A, 8 P"
Hap Day,(C),n/a,LW/D,34,5-11,175,L/-,11,"June 14, 1901",ca,"1 G, 13 A, 14 P"
Frank Finnigan,,n/a,RW,32,5-9,165,R/-,12,"July 9, 1903",ca,"2 G, 6 A, 8 P"
George Hainsworth,,n/a,G,40,5-6,150,-/L,9,"June 26, 1895",ca,"23-19-6, 2.12 GAA"
Reg Hamilton,,n/a,D,21,5-11,180,L/-,R,"April 29, 1914",ca,"0 G, 0 A, 0 P"
Flash Hollett,,n/a,D,23,6-0,180,L/-,2,"April 13, 1912",ca,"1 G, 4 A, 5 P"
Red Horner,,n/a,D,26,6-0,190,R/-,7,"May 28, 1909",ca,"2 G, 9 A, 11 P"
Art Jackson,,n/a,C,20,5-8,165,L/-,1,"December 15, 1915",ca,"5 G, 15 A, 20 P"
Busher Jackson,,n/a,LW,25,5-11,195,L/-,6,"January 19, 1911",ca,"11 G, 11 A, 22 P"
Pep Kelly,,n/a,RW,22,5-7,152,R/-,1,"January 17, 1914",ca,"11 G, 8 A, 19 P"
Jack Markle,,n/a,RW,28,5-9,155,R/-,R,"May 15, 1907",ca,"0 G, 1 A, 1 P"
Nick Metz,,n/a,LW/C,21,5-11,160,L/-,1,"February 16, 1914",ca,"14 G, 6 A, 20 P"
Joe Primeau,,n/a,C,30,5-11,153,L/-,8,"January 29, 1906",ca,"4 G, 13 A, 17 P"
Jack Shill,,n/a,LW/C,23,5-9,175,L/-,2,"January 12, 1913",ca,"0 G, 1 A, 1 P"
Bill Thoms,,n/a,C,25,5-9,170,L/-,3,"March 5, 1910",ca,"23 G, 15 A, 38 P"
