Montreal Canadiens,MTL,nhl
1925-26,1926
18
36
0
GP,Date,Time,Location,Opponent,GF,GA,Result,Game Ended In,W,L,T,Streak,Notes
1,1925-11-28,time unavailable,H,Pittsburgh Pirates,0,1,L,REG,0,1,0,L 1
2,1925-12-01,time unavailable,@,Boston Bruins,3,2,W,REG,1,1,0,W 1
3,1925-12-03,time unavailable,H,Montreal Maroons,2,3,L,REG,1,2,0,L 1
4,1925-12-08,time unavailable,H,New York Americans,2,6,L,REG,1,3,0,L 2
5,1925-12-12,time unavailable,@,Toronto St. Patricks,0,4,L,REG,1,4,0,L 3
6,1925-12-15,time unavailable,@,New York Americans,3,1,W,REG,2,4,0,W 1
7,1925-12-17,time unavailable,@,Ottawa Senators,0,3,L,REG,2,5,0,L 1
8,1925-12-19,time unavailable,H,Boston Bruins,6,5,W,OT,3,5,0,W 1
9,1925-12-26,time unavailable,H,Ottawa Senators,0,3,L,REG,3,6,0,L 1
10,1925-12-30,time unavailable,@,Montreal Maroons,7,4,W,REG,4,6,0,W 1
11,1926-01-01,time unavailable,@,Pittsburgh Pirates,2,1,W,REG,5,6,0,W 2
12,1926-01-05,time unavailable,H,Toronto St. Patricks,5,4,W,REG,6,6,0,W 3
13,1926-01-09,time unavailable,H,New York Americans,1,2,L,REG,6,7,0,L 1
14,1926-01-12,time unavailable,@,Boston Bruins,4,2,W,REG,7,7,0,W 1
15,1926-01-13,time unavailable,@,New York Americans,2,1,W,REG,8,7,0,W 2
16,1926-01-16,time unavailable,@,Montreal Maroons,0,1,L,REG,8,8,0,L 1
17,1926-01-19,time unavailable,H,Ottawa Senators,1,2,L,REG,8,9,0,L 2
18,1926-01-23,time unavailable,@,Toronto St. Patricks,2,6,L,REG,8,10,0,L 3
19,1926-01-26,time unavailable,H,Toronto St. Patricks,6,3,W,REG,9,10,0,W 1
20,1926-01-28,time unavailable,@,Ottawa Senators,2,4,L,REG,9,11,0,L 1
21,1926-02-02,time unavailable,H,Montreal Maroons,0,2,L,REG,9,12,0,L 2
22,1926-02-06,time unavailable,H,Boston Bruins,3,3,T,OT,9,12,1,T 1
23,1926-02-09,time unavailable,H,Pittsburgh Pirates,4,2,W,REG,10,12,1,W 1
24,1926-02-13,time unavailable,@,Pittsburgh Pirates,0,3,L,REG,10,13,1,L 1
25,1926-02-16,time unavailable,H,Ottawa Senators,0,1,L,REG,10,14,1,L 2
26,1926-02-18,time unavailable,@,Ottawa Senators,2,4,L,REG,10,15,1,L 3
27,1926-02-20,time unavailable,H,Boston Bruins,1,3,L,REG,10,16,1,L 4
28,1926-02-23,time unavailable,@,Pittsburgh Pirates,2,3,L,REG,10,17,1,L 5
29,1926-02-24,time unavailable,@,New York Americans,1,6,L,REG,10,18,1,L 6
30,1926-02-27,time unavailable,H,New York Americans,0,1,L,REG,10,19,1,L 7
31,1926-03-02,time unavailable,@,Boston Bruins,1,4,L,REG,10,20,1,L 8
32,1926-03-06,time unavailable,H,Montreal Maroons,3,4,L,OT,10,21,1,L 9
33,1926-03-09,time unavailable,H,Pittsburgh Pirates,3,4,L,REG,10,22,1,L 10
34,1926-03-11,time unavailable,@,Toronto St. Patricks,3,5,L,REG,10,23,1,L 11
35,1926-03-13,time unavailable,@,Montreal Maroons,2,4,L,REG,10,24,1,L 12
36,1926-03-16,time unavailable,H,Toronto St. Patricks,6,1,W,REG,11,24,1,W 1

Time,Location,Result,Game Ended In

Billy Boucher,,5,RW,26,5-7,155,R/-,4,"November 10, 1899",ca,"8 G, 5 A, 13 P"
Roger Cormier,,n/a,F,20,5-10,167,R/-,R,"March 23, 1905",ca,"0 G, 0 A, 0 P"
Billy Coutu,(C),3,D,33,5-11,190,L/-,8,"March 1, 1892",ca,"2 G, 4 A, 6 P"
Bill Holmes,,n/a,F,26,6-0,200,R/-,R,"March 9, 1899",ca,"1 G, 0 A, 1 P"
Aurele Joliat,,4,LW,24,5-7,136,L/-,3,"August 29, 1901",ca,"17 G, 9 A, 26 P"
Frenchy Lacroix,,n/a,G,28,5-7,136,-/L,R,"October 21, 1897",us,"1-4-0, 3.43 GAA"
Wildor Larochelle,,n/a,RW,19,5-8,158,R/-,R,"September 23, 1906",ca,"2 G, 1 A, 3 P"
Albert Leduc,,n/a,D,23,5-9,180,R/-,R,"November 22, 1902",ca,"10 G, 3 A, 13 P"
Hec Lepine,,n/a,F,28,5-11,185,R/-,R,"December 7, 1897",ca,"5 G, 2 A, 7 P"
Pit Lepine,,n/a,C,24,5-11,168,L/-,R,"July 30, 1901",ca,"9 G, 1 A, 10 P"
Sylvio Mantha,,2,D,23,5-10,178,R/-,2,"April 14, 1902",ca,"2 G, 1 A, 3 P"
Joe Matte,,n/a,RW/D,32,5-11,165,R/-,3,"March 6, 1893",ca,"0 G, 0 A, 0 P"
John McKinnon,,n/a,D,23,5-8,170,R/-,R,"July 15, 1902",ca,"0 G, 0 A, 0 P"
Howie Morenz,,6,C,23,5-9,165,L/-,2,"September 21, 1902",ca,"23 G, 3 A, 26 P"
Rollie Paulhus,,n/a,D,23,5-8,185,L/-,R,"September 1, 1902",ca,"0 G, 0 A, 0 P"
Herb Rheaume,,n/a,G,26,6-0,200,-/L,R,"January 12, 1900",ca,"10-20-1, 2.92 GAA"
Dave Ritchie,,8,F,34,5-7,180,R/-,5,"January 12, 1892",ca,"0 G, 0 A, 0 P"
Georges Vezina,,1,G,39,5-6,185,-/L,8,"January 21, 1887",ca,"0-0-0, 0.00 GAA"
