INFO:
teamName,Team Loco
teamAbbreviation,Team Loco
sportId,n/a
sportName,n/a
sportRules,n/a
leagueId,watMu
levelId,n/a
seasonName,n/a
seasonId,n/a
Roster Size,20
Season Games Played,6
Playoff Round Lengths,1
END_INFO

SEASON:
Date/Time,Location,Opposing Team,Score,S.O.C.
Thu Jan 21 @ 5:00 pm,Columbia Icefield: Gym 3,Mother Ruckers,lost 2 - 6,4
Tue Jan 26 @ 8:00 pm,Columbia Icefield: Gym 3,Balls of Fury,tie 4 - 4,2
Tue Feb 2 @ 6:00 pm,Columbia Icefield: Gym 3,Statistically Significant,won 4 - 5,4
Tue Feb 9 @ 4:00 pm,Columbia Icefield: Gym 3,West Wonders,won 3 - 5,4
Thu Feb 25 @ 5:00 pm,Columbia Icefield: Gym 3,Datis,won 3 - 5,4
Thu Mar 4 @ 5:00 pm,Columbia Icefield: Gym 3,Delilome,won 5 - 0,avg.
END_SEASON

PLAYOFFS:
Date/Time,Location,Opposing Team,Score,S.O.C.
Thu Mar 25 @ 7:30 pm,Columbia Icefield: Gym 3,VasaTea,lost 2 - 7,2
END_PLAYOFFS

ROSTER:
Player,Captaincy,uwaterloo_email
Marian Saavedra,(C),marian.saavedra@gmail.com
Reid Coughlin,,
David Duong,,
Feng Feng,,
Amir Ghods,,
Brittany Hanam,,
Yaxin Hu,,
Yanong Li,,
Michael Mandelzys,,
Jeff Meade,,
Oi Ng,,
Reza Noroozisanani,,
Akram Nour,,
Aaron Pereira,,
Soroush Salek Moghaddam,,
Stephanie Simard,,
Simon So,,
Mark Spanjers,,
Linda Vu,,
Fei Yang,,
END_ROSTER
