INFO:
teamName,Watrox Whistle Dogs
teamAbbreviation,Watrox Whistle Dogs
sportId,n/a
sportName,n/a
sportRules,n/a
leagueId,watMu
levelId,n/a
seasonName,n/a
seasonId,n/a
Roster Size,16
Season Games Played,6
Playoff Round Lengths,1
END_INFO

SEASON:
Date/Time,Location,Opposing Team,Score,S.O.C.
Thu Jan 14 @ 5:00 pm,Columbia Icefield: Gym 3,Nanyin,won 3 - 5,3
Thu Jan 21 @ 4:00 pm,Columbia Icefield: Gym 3,AGP Butterfingers,lost 4 - 5,4
Mon Jan 25 @ 9:00 pm,Columbia Icefield: Gym 3,Pig Roasters,won 5 - 2,4
Mon Feb 1 @ 4:00 pm,Columbia Icefield: Gym 3,Hide and Seek,won 5 - 4,3
Mon Feb 8 @ 9:00 pm,Columbia Icefield: Gym 3,VasaTea,tie 4 - 4,3
Mon Feb 22 @ 9:00 pm,Columbia Icefield: Gym 3,Rxers,won 1 - 8,3
END_SEASON

PLAYOFFS:
Date/Time,Location,Opposing Team,Score,S.O.C.
Thu Mar 25 @ 6:30 pm,Columbia Icefield: Gym 3,Statistically Significant,lost 4 - 5,2
END_PLAYOFFS

ROSTER:
Player,Captaincy,uwaterloo_email
Jason Homewood,(C),jhomewoo@uwaterloo.ca
Lisa Atkinson,,
Juzer Beawerwala,,
Mojtaba Daneshvar Nilu,,
Kevin Flood,,
Sarah Hashmi,,
Tyler Hodder,,
Melisa Hollingham,,
Jordan Keir-Sage,,
Ryan Martin,,
Katrina McLean,,
Geoffrey Moroz,,
Margaret Phillips-Lenz,,
Johnathan Rigg,,
Ryan Ruthart,,
Sean Sinclair,,
END_ROSTER
