INFO:
teamName,Delilome
teamAbbreviation,Delilome
sportId,n/a
sportName,n/a
sportRules,n/a
leagueId,watMu
levelId,n/a
seasonName,n/a
seasonId,n/a
Roster Size,12
Season Games Played,6
Playoff Round Lengths,0
END_INFO

SEASON:
Date/Time,Location,Opposing Team,Score,S.O.C.
Mon Jan 18 @ 6:00 pm,Columbia Icefield: Gym 3,“Errrr....”,lost 2 - 4,3
Thu Jan 28 @ 5:00 pm,Columbia Icefield: Gym 3,Mother Ruckers,won 5 - 3,3
Tue Feb 2 @ 7:00 pm,Columbia Icefield: Gym 3,Balls of Fury,lost 1 - 5,2
Tue Feb 9 @ 6:00 pm,Columbia Icefield: Gym 3,Statistically Significant,lost 5 - 0,-2
Tue Feb 23 @ 8:00 pm,Columbia Icefield: Gym 3,West Wonders,lost 5 - 0,-2
Thu Mar 4 @ 5:00 pm,Columbia Icefield: Gym 3,Team Loco,lost 5 - 0,-2
END_SEASON

PLAYOFFS:
Date/Time,Location,Opposing Team,Score,S.O.C.
END_PLAYOFFS

ROSTER:
Player,Captaincy,uwaterloo_email
Jielin Xiao,(C),jielin_xiao@hotmail.com
Matthew Chan,,
Thomas Chang,,
George Chestak,,
Andy Chou,,
Tony Fan,,
Calvin Hung,,
Weiyi Jiang,,
David Lam,,
Katherine McMillan,,
Anthony Wu,,
Linxin Zhang,,
END_ROSTER
