INFO:
teamName,Pig Roasters
teamAbbreviation,Pig Roasters
sportId,n/a
sportName,n/a
sportRules,n/a
leagueId,watMu
levelId,n/a
seasonName,n/a
seasonId,n/a
Roster Size,15
Season Games Played,6
Playoff Round Lengths,1,1
END_INFO

SEASON:
Date/Time,Location,Opposing Team,Score,S.O.C.
Sat Jan 16 @ 2:30 pm,Columbia Icefield: Gym 1,Rxers,lost 3 - 5,4
Mon Jan 18 @ 10:00 pm,Columbia Icefield: Gym 3,Drug Lords,won 1 - 5,4
Mon Jan 25 @ 9:00 pm,Columbia Icefield: Gym 3,Watrox Whistle Dogs,lost 5 - 2,4
Sat Feb 6 @ 1:30 pm,Columbia Icefield: Gym 1,AGP Butterfingers,won 0 - 5,avg.
Mon Feb 22 @ 8:00 pm,Columbia Icefield: Gym 3,Hide and Seek,won 5 - 0,avg.
Tue Mar 16 @ 5:00 pm,Columbia Icefield: Gym 3,Nanyin,lost 6 - 3,2
END_SEASON

PLAYOFFS:
Date/Time,Location,Opposing Team,Score,S.O.C.
Mon Mar 29 @ 8:30 pm,Columbia Icefield: Gym 3,West Wonders,won 5 - 1,2
Thu Apr 1 @ 9:30 pm,Columbia Icefield: Gym 3,Rxers,won 4 - 5,2
END_PLAYOFFS

ROSTER:
Player,Captaincy,uwaterloo_email
Ya-Chun Jan,(C),jan.ya.chun@gmail.com
Stephen Chang,,
Steven Choi,,
Fady El-Koriny,,
Ian Ko,,
Timothy Kwan,,
Margaret Lam,,
Amy Leung,,
Andrew Liang,,
Louann Nhan,,
Hye-Young Suk,,
Kenneth Tam,,
Tonia To,,
Jason Wan,,
Michelle Wong,,
END_ROSTER
