INFO:
teamName,Rxers
teamAbbreviation,Rxers
sportId,n/a
sportName,n/a
sportRules,n/a
leagueId,watMu
levelId,n/a
seasonName,n/a
seasonId,n/a
Roster Size,16
Season Games Played,6
Playoff Round Lengths,1,1
END_INFO

SEASON:
Date/Time,Location,Opposing Team,Score,S.O.C.
Sat Jan 16 @ 2:30 pm,Columbia Icefield: Gym 1,Pig Roasters,won 3 - 5,3
Mon Jan 18 @ 9:00 pm,Columbia Icefield: Gym 3,Hide and Seek,won 4 - 5,4
Mon Jan 25 @ 8:00 pm,Columbia Icefield: Gym 3,VasaTea,lost 7 - 2,2
Sat Feb 6 @ 2:30 pm,Columbia Icefield: Gym 1,Nanyin,lost 5 - 4,3
Mon Feb 22 @ 9:00 pm,Columbia Icefield: Gym 3,Watrox Whistle Dogs,lost 1 - 8,4
Tue Mar 16 @ 10:00 pm,Columbia Icefield: Gym 3,Drug Lords,lost 2 - 5,4
END_SEASON

PLAYOFFS:
Date/Time,Location,Opposing Team,Score,S.O.C.
Thu Mar 25 @ 9:30 pm,Columbia Icefield: Gym 3,Datis,won 2 - 5,2
Thu Apr 1 @ 9:30 pm,Columbia Icefield: Gym 3,Pig Roasters,lost 4 - 5,2
END_PLAYOFFS

ROSTER:
Player,Captaincy,uwaterloo_email
Pierce Hua,(C),phua@uwaterloo.ca
Sara Al-Tahan,,
Julian Ellis,,
Nishi Gupta,,
John Hass,,
Karishma Kak,,
Andrew Kwong,,
Derek Kwong,,
Mimi Le,,
Robyn McArthur,,
Andrea Ng,,
Annick Nguyen,,
Julianne Rastin,,
Victoria Sun,,
Marc Wilson,,
Linda Zhao,,
END_ROSTER
