INFO:
teamName,West Wonders
teamAbbreviation,West Wonders
sportId,n/a
sportName,n/a
sportRules,n/a
leagueId,watMu
levelId,n/a
seasonName,n/a
seasonId,n/a
Roster Size,22
Season Games Played,6
Playoff Round Lengths,1,1
END_INFO

SEASON:
Date/Time,Location,Opposing Team,Score,S.O.C.
Tue Jan 26 @ 6:00 pm,Columbia Icefield: Gym 3,Statistically Significant,lost 8 - 1,2
Thu Feb 4 @ 5:00 pm,Columbia Icefield: Gym 3,Datis,won 0 - 9,4
Tue Feb 9 @ 4:00 pm,Columbia Icefield: Gym 3,Team Loco,lost 3 - 5,4
Tue Feb 23 @ 8:00 pm,Columbia Icefield: Gym 3,Delilome,won 5 - 0,avg.
Tue Mar 2 @ 6:00 pm,Columbia Icefield: Gym 3,“Errrr....”,lost 3 - 6,3
Tue Mar 16 @ 6:00 pm,Columbia Icefield: Gym 3,Balls of Fury,lost 5 - 3,1
END_SEASON

PLAYOFFS:
Date/Time,Location,Opposing Team,Score,S.O.C.
Thu Mar 25 @ 4:30 pm,Columbia Icefield: Gym 3,AGP Butterfingers,won 0 - 5,0
Mon Mar 29 @ 8:30 pm,Columbia Icefield: Gym 3,Pig Roasters,lost 5 - 1,2
END_PLAYOFFS

ROSTER:
Player,Captaincy,uwaterloo_email
Marc Johnston,(C),me12323@hotmail.com
Stariska Abadi,,
Thanushan Ananthakumar,,
Hina Bandukwala,,
Eric Birkenhauer,,
Segei Bobkin,,
Nicholas Chaulk,,
Savannah Copland,,
Bradley Czerny,,
Alexandra Dean,,
Evan Kent,,
Soon Kwon,,
Namgil Lee,,
Sachin Manucha,,
Brian Mueller,,
Chanyoung Park,,
Kevin Russell,,
Rachel Shiderman,,
Benjamin Solda,,
Richard Steer,,
Samantha Wiebe,,
Yi Wu,,
END_ROSTER
