INFO:
teamName,Hide and Seek
teamAbbreviation,Hide and Seek
sportId,n/a
sportName,n/a
sportRules,n/a
leagueId,watMu
levelId,n/a
seasonName,n/a
seasonId,n/a
Roster Size,10
Season Games Played,6
Playoff Round Lengths,0
END_INFO

SEASON:
Date/Time,Location,Opposing Team,Score,S.O.C.
Thu Jan 14 @ 7:00 pm,Columbia Icefield: Gym 3,VasaTea,lost 0 - 5,-2
Mon Jan 18 @ 9:00 pm,Columbia Icefield: Gym 3,Rxers,lost 4 - 5,4
Sat Jan 30 @ 6:30 pm,Columbia Icefield: Gym 1,Drug Lords,lost 3 - 5,3
Mon Feb 1 @ 4:00 pm,Columbia Icefield: Gym 3,Watrox Whistle Dogs,lost 5 - 4,2
Mon Feb 8 @ 4:00 pm,Columbia Icefield: Gym 3,AGP Butterfingers,lost 5 - 0,-2
Mon Feb 22 @ 8:00 pm,Columbia Icefield: Gym 3,Pig Roasters,lost 5 - 0,-2
END_SEASON

PLAYOFFS:
Date/Time,Location,Opposing Team,Score,S.O.C.
END_PLAYOFFS

ROSTER:
Player,Captaincy,uwaterloo_email
Chun Leung,(C),wilfr3d@gmail.com
Wilfred Chan,,
Grzegorz Drzadzewski,,
Ahmed Farra,,
Jeremy Lai,,
Samuel Lau,,
Wayne Lee,,
Kwan Lui,,
Ho Shing,,
Ka-Kit So,,
END_ROSTER
