INFO:
teamName,Nanyin
teamAbbreviation,Nanyin
sportId,n/a
sportName,n/a
sportRules,n/a
leagueId,watMu
levelId,n/a
seasonName,n/a
seasonId,n/a
Roster Size,17
Season Games Played,6
Playoff Round Lengths,1
END_INFO

SEASON:
Date/Time,Location,Opposing Team,Score,S.O.C.
Thu Jan 14 @ 5:00 pm,Columbia Icefield: Gym 3,Watrox Whistle Dogs,lost 3 - 5,2
Thu Jan 21 @ 8:00 pm,Columbia Icefield: Gym 3,VasaTea,won 5 - 2,3
Tue Jan 26 @ 5:00 pm,Columbia Icefield: Gym 3,AGP Butterfingers,won 6 - 3,-1
Sat Feb 6 @ 2:30 pm,Columbia Icefield: Gym 1,Rxers,won 5 - 4,4
Tue Feb 9 @ 10:00 pm,Columbia Icefield: Gym 3,Drug Lords,lost 4 - 5,2
Tue Mar 16 @ 5:00 pm,Columbia Icefield: Gym 3,Pig Roasters,won 6 - 3,2
END_SEASON

PLAYOFFS:
Date/Time,Location,Opposing Team,Score,S.O.C.
Thu Mar 25 @ 8:30 pm,Columbia Icefield: Gym 3,Balls of Fury,lost 5 - 2,1
END_PLAYOFFS

ROSTER:
Player,Captaincy,uwaterloo_email
Boyan Jin,(C),boyan_jin@hotmail.com
Pao-Hao Chui,,
Yang Duanmu,,
Derek Hsueh,,
Guangming Hu,,
Ye Hu,,
Dian Huang,,
Mengxue Li,,
Si Liu,,
Yi Ren,,
Zhuolin Song,,
Yizhe Wang,,
Zhi Wang,,
Qian Xie,,
Mengxiao Zhang,,
Mu Zhang,,
Ziqing Zou,,
END_ROSTER
