INFO:
teamName,Balls of Fury
teamAbbreviation,Balls of Fury
sportId,n/a
sportName,n/a
sportRules,n/a
leagueId,watMu
levelId,n/a
seasonName,n/a
seasonId,n/a
Roster Size,13
Season Games Played,7
Playoff Round Lengths,1,1,1
END_INFO

SEASON:
Date/Time,Location,Opposing Team,Score,S.O.C.
Tue Jan 26 @ 8:00 pm,Columbia Icefield: Gym 3,Team Loco,tie 4 - 4,4
Mon Feb 1 @ 10:00 pm,Columbia Icefield: Gym 3,Mother Ruckers,won 0 - 5,avg.
Tue Feb 2 @ 7:00 pm,Columbia Icefield: Gym 3,Delilome,won 1 - 5,4
Tue Feb 9 @ 9:00 pm,Columbia Icefield: Gym 3,“Errrr....”,won 4 - 5,4
Thu Mar 4 @ 10:00 pm,Columbia Icefield: Gym 3,Statistically Significant,won 3 - 6,1
Tue Mar 16 @ 6:00 pm,Columbia Icefield: Gym 3,West Wonders,won 5 - 3,3
Thu Mar 11 @ 5:00 pm,Columbia Icefield: Gym 3,Datis,won 4 - 5,4
END_SEASON

PLAYOFFS:
Date/Time,Location,Opposing Team,Score,S.O.C.
Thu Mar 25 @ 8:30 pm,Columbia Icefield: Gym 3,Nanyin,won 5 - 2,1
Mon Mar 29 @ 9:30 pm,Columbia Icefield: Gym 3,Drug Lords,won 0 - 5,0
Tue Apr 6 @ 6:30 pm,Columbia Icefield: Gym 3,VasaTea,won 5 - 3,2
END_PLAYOFFS

ROSTER:
Player,Captaincy,uwaterloo_email
Stephanie Hadi,(C),shadi@uwaterloo.ca
Jennifer Burbidge,,
Andrew Centen,,
Ngai Chow,,
Sarah Gardhouse,,
Amanda Hird,,
Jacob Lam,,
Allan Lo,,
Nacher Mohan,,
Jacklyn Russell,,
Sandra Sabaratnam,,
Philip Salim,,
Amanda Scales,,
END_ROSTER
