INFO:
teamName,AGP Butterfingers
teamAbbreviation,AGP Butterfingers
sportId,n/a
sportName,n/a
sportRules,n/a
leagueId,watMu
levelId,n/a
seasonName,n/a
seasonId,n/a
Roster Size,15
Season Games Played,6
Playoff Round Lengths,1
END_INFO

SEASON:
Date/Time,Location,Opposing Team,Score,S.O.C.
Tue Jan 19 @ 10:00 pm,Columbia Icefield: Gym 3,Drug Lords,lost 8 - 1,4
Thu Jan 21 @ 4:00 pm,Columbia Icefield: Gym 3,Watrox Whistle Dogs,won 4 - 5,4
Tue Jan 26 @ 5:00 pm,Columbia Icefield: Gym 3,Nanyin,lost 6 - 3,3
Sat Feb 6 @ 1:30 pm,Columbia Icefield: Gym 1,Pig Roasters,lost 0 - 5,0
Mon Feb 8 @ 4:00 pm,Columbia Icefield: Gym 3,Hide and Seek,won 5 - 0,avg.
Thu Feb 25 @ 8:00 pm,Columbia Icefield: Gym 3,VasaTea,lost 0 - 7,4
END_SEASON

PLAYOFFS:
Date/Time,Location,Opposing Team,Score,S.O.C.
Thu Mar 25 @ 4:30 pm,Columbia Icefield: Gym 3,West Wonders,lost 0 - 5,-2
END_PLAYOFFS

ROSTER:
Player,Captaincy,uwaterloo_email
Shannon Morris Rice,(C),sm4morri@uwaterloo.ca
Babak Behnia,,
Brad Bradford,,
Julia Coburn,,
Maria Diaz Garduno,,
Kent Hakull,,
Christopher Langley,,
Lin Li,,
Janet Mader,,
Sasha McLeod,,
Natasha O’Neill,,
William Patch,,
Kathryn Randle,,
Erica Springate,,
Xiaolu Yan,,
END_ROSTER
