INFO:
teamName,Datis
teamAbbreviation,Datis
sportId,n/a
sportName,n/a
sportRules,n/a
leagueId,watMu
levelId,n/a
seasonName,n/a
seasonId,n/a
Roster Size,19
Season Games Played,8
Playoff Round Lengths,1
END_INFO

SEASON:
Date/Time,Location,Opposing Team,Score,S.O.C.
Thu Jan 14 @ 6:00 pm,Columbia Icefield: Gym 3,Statistically Significant,lost 0 - 9,4
Thu Jan 28 @ 6:00 pm,Columbia Icefield: Gym 3,“Errrr....”,lost 3 - 5,4
Thu Feb 4 @ 5:00 pm,Columbia Icefield: Gym 3,West Wonders,lost 0 - 9,4
Thu Feb 11 @ 4:00 pm,Columbia Icefield: Gym 3,Mother Ruckers,won 5 - 0,avg.
Thu Feb 11 @ 5:00 pm,Columbia Icefield: Gym 3,Mother Ruckers,won 5 - 0,avg.
Thu Feb 25 @ 5:00 pm,Columbia Icefield: Gym 3,Team Loco,lost 3 - 5,3
Thu Mar 4 @ 6:00 pm,Columbia Icefield: Gym 3,“Errrr....”,won 3 - 6,4
Thu Mar 11 @ 5:00 pm,Columbia Icefield: Gym 3,Balls of Fury,lost 4 - 5,4
END_SEASON

PLAYOFFS:
Date/Time,Location,Opposing Team,Score,S.O.C.
Thu Mar 25 @ 9:30 pm,Columbia Icefield: Gym 3,Rxers,lost 2 - 5,2
END_PLAYOFFS

ROSTER:
Player,Captaincy,uwaterloo_email
Mohammed Shouman,(C),m2shouman@uwaterloo.ca
Zahra Abedi,,
Khaled Abuayyash,,
Seyed Hamidreza Alemohammad,,
Nasim Bakhshi Zadeh,,
Omaer Chowdhury,,
Rodrigo Eng,,
Bahareh Ghiyasian,,
Marbella Herrera Loza,,
Sanaz Hosseini,,
Golnaz Irannejad,,
Khushbu Karan,,
Ryo Moritani,,
Fariba Niroui,,
Yangfeng Qian,,
Naeimeh Shakoori-Najafi,,
Mahsa Shateri,,
Sara Tavassoli,,
Mohammad Yeke Yazdandoost,,
END_ROSTER
