INFO:
teamName,“Errrr....”
teamAbbreviation,“Errrr....”
sportId,n/a
sportName,n/a
sportRules,n/a
leagueId,watMu
levelId,n/a
seasonName,n/a
seasonId,n/a
Roster Size,15
Season Games Played,7
Playoff Round Lengths,1
END_INFO

SEASON:
Date/Time,Location,Opposing Team,Score,S.O.C.
Mon Jan 18 @ 6:00 pm,Columbia Icefield: Gym 3,Delilome,won 2 - 4,4
Thu Jan 28 @ 6:00 pm,Columbia Icefield: Gym 3,Datis,won 3 - 5,2
Thu Feb 4 @ 6:00 pm,Columbia Icefield: Gym 3,Mother Ruckers,won 5 - 0,avg.
Tue Feb 9 @ 9:00 pm,Columbia Icefield: Gym 3,Balls of Fury,lost 4 - 5,4
Tue Feb 23 @ 6:00 pm,Columbia Icefield: Gym 3,Statistically Significant,lost 1 - 7,4
Tue Mar 2 @ 6:00 pm,Columbia Icefield: Gym 3,West Wonders,won 3 - 6,2
Thu Mar 4 @ 6:00 pm,Columbia Icefield: Gym 3,Datis,lost 3 - 6,4
END_SEASON

PLAYOFFS:
Date/Time,Location,Opposing Team,Score,S.O.C.
Mon Mar 22 @ 8:30 pm,Columbia Icefield: Gym 3,Drug Lords,lost 5 - 1,1
END_PLAYOFFS

ROSTER:
Player,Captaincy,uwaterloo_email
Dominic Kan,(C),domykan@hotmail.com
Sean Baker,,
Kumail Bandukwala,,
Adwitya Das Gupta,,
Umair Faruqui,,
Mareen Georgie,,
Jostenn Herritt,,
Alishah Irfan Jesani,,
Muhammad Izhar,,
Muhammad Jamil,,
Manal Khan,,
Yichen Ma,,
Syed Nazar,,
Prasanna Wijayakoon Arambepola,,
Ali Yousaf,,
END_ROSTER
