INFO:
teamName,Statistically Significant
teamAbbreviation,Statistically Significant
sportId,n/a
sportName,n/a
sportRules,n/a
leagueId,watMu
levelId,n/a
seasonName,n/a
seasonId,n/a
Roster Size,16
Season Games Played,6
Playoff Round Lengths,1,1
END_INFO

SEASON:
Date/Time,Location,Opposing Team,Score,S.O.C.
Thu Jan 14 @ 6:00 pm,Columbia Icefield: Gym 3,Datis,won 0 - 9,3
Tue Jan 26 @ 6:00 pm,Columbia Icefield: Gym 3,West Wonders,won 8 - 1,0
Tue Feb 2 @ 6:00 pm,Columbia Icefield: Gym 3,Team Loco,lost 4 - 5,4
Tue Feb 9 @ 6:00 pm,Columbia Icefield: Gym 3,Delilome,won 5 - 0,avg.
Tue Feb 23 @ 6:00 pm,Columbia Icefield: Gym 3,“Errrr....”,won 1 - 7,4
Thu Mar 4 @ 10:00 pm,Columbia Icefield: Gym 3,Balls of Fury,lost 3 - 6,2
END_SEASON

PLAYOFFS:
Date/Time,Location,Opposing Team,Score,S.O.C.
Thu Mar 25 @ 6:30 pm,Columbia Icefield: Gym 3,Watrox Whistle Dogs,won 4 - 5,2
Mon Mar 29 @ 10:30 pm,Columbia Icefield: Gym 3,VasaTea,lost 1 - 5,2
END_PLAYOFFS

ROSTER:
Player,Captaincy,uwaterloo_email
Pylin Chuapetcharasopon,(C),pchuapet@uwaterloo.ca
Corey Bainerman,,
David Buchanan,,
Omid Fotuhi,,
Randall Gillis,,
Stephanie Goyert,,
Alan Hitchman,,
Kristina Hurdes,,
Jesse Langstaff,,
Ester Moher,,
Angela Nyhout,,
Zhaleh Semnani-Azad,,
Elizabeth Shantz,,
Albulena Shaqiri,,
Crystal Tse,,
Amanda Wudarzewski,,
END_ROSTER
