INFO:
teamName,Drug Lords
teamAbbreviation,Drug Lords
sportId,n/a
sportName,n/a
sportRules,n/a
leagueId,watMu
levelId,n/a
seasonName,n/a
seasonId,n/a
Roster Size,17
Season Games Played,6
Playoff Round Lengths,1,1
END_INFO

SEASON:
Date/Time,Location,Opposing Team,Score,S.O.C.
Mon Jan 18 @ 10:00 pm,Columbia Icefield: Gym 3,Pig Roasters,lost 1 - 5,4
Tue Jan 19 @ 10:00 pm,Columbia Icefield: Gym 3,AGP Butterfingers,won 8 - 1,3
Sat Jan 30 @ 6:30 pm,Columbia Icefield: Gym 1,Hide and Seek,won 3 - 5,4
Thu Feb 4 @ 9:00 pm,Columbia Icefield: Gym 3,VasaTea,tie 4 - 4,1
Tue Feb 9 @ 10:00 pm,Columbia Icefield: Gym 3,Nanyin,won 4 - 5,3
Tue Mar 16 @ 10:00 pm,Columbia Icefield: Gym 3,Rxers,won 2 - 5,4
END_SEASON

PLAYOFFS:
Date/Time,Location,Opposing Team,Score,S.O.C.
Mon Mar 22 @ 8:30 pm,Columbia Icefield: Gym 3,“Errrr....”,won 5 - 1,2
Mon Mar 29 @ 9:30 pm,Columbia Icefield: Gym 3,Balls of Fury,lost 0 - 5,-2
END_PLAYOFFS

ROSTER:
Player,Captaincy,uwaterloo_email
Daniel Dalton,(C),ddalton@uwaterloo.ca
Justin Alcorta,,
Victor Boran,,
Eveline Chiu,,
Alexandra Cotoi,,
Namlynh Dang,,
Steven Danylchuk,,
Evan Doupe,,
Parveen Dulku,,
Bryon Hartung,,
Cassandra Jung,,
Marilyn Jung,,
Samantha Lee,,
Cathi Li,,
Crystal Ng,,
Calvin Poon,,
Patricia Stefancsisc,,
END_ROSTER
