INFO:
teamName,VasaTea
teamAbbreviation,VasaTea
sportId,n/a
sportName,n/a
sportRules,n/a
leagueId,watMu
levelId,n/a
seasonName,n/a
seasonId,n/a
Roster Size,11
Season Games Played,6
Playoff Round Lengths,1,1,1
END_INFO

SEASON:
Date/Time,Location,Opposing Team,Score,S.O.C.
Thu Jan 14 @ 7:00 pm,Columbia Icefield: Gym 3,Hide and Seek,won 0 - 5,avg.
Thu Jan 21 @ 8:00 pm,Columbia Icefield: Gym 3,Nanyin,lost 5 - 2,4
Mon Jan 25 @ 8:00 pm,Columbia Icefield: Gym 3,Rxers,won 7 - 2,1
Thu Feb 4 @ 9:00 pm,Columbia Icefield: Gym 3,Drug Lords,tie 4 - 4,0
Mon Feb 8 @ 9:00 pm,Columbia Icefield: Gym 3,Watrox Whistle Dogs,tie 4 - 4,3
Thu Feb 25 @ 8:00 pm,Columbia Icefield: Gym 3,AGP Butterfingers,won 0 - 7,4
END_SEASON

PLAYOFFS:
Date/Time,Location,Opposing Team,Score,S.O.C.
Thu Mar 25 @ 7:30 pm,Columbia Icefield: Gym 3,Team Loco,won 2 - 7,2
Mon Mar 29 @ 10:30 pm,Columbia Icefield: Gym 3,Statistically Significant,won 1 - 5,2
Tue Apr 6 @ 6:30 pm,Columbia Icefield: Gym 3,Balls of Fury,lost 5 - 3,2
END_PLAYOFFS

ROSTER:
Player,Captaincy,uwaterloo_email
Avid Banihashemi Jahromi,(C),avid.banihashemi@gmail.com
Sara Ahmadian,,
Mehdi Amoui Kalareh,,
Saman Barghi,,
Tania Fiuzie,,
Shahab Kamali,,
Niousha Kazemi,,
Pooyan Khajehpour Tadavani,,
Siavash Rahbar Noudehi,,
Pourya Shaker,,
Amirhossein Vakili,,
END_ROSTER
