INFO:
teamName,Mother Ruckers
teamAbbreviation,Mother Ruckers
sportId,n/a
sportName,n/a
sportRules,n/a
leagueId,watMu
levelId,n/a
seasonName,n/a
seasonId,n/a
Roster Size,1
Season Games Played,6
Playoff Round Lengths,0
END_INFO

SEASON:
Date/Time,Location,Opposing Team,Score,S.O.C.
Thu Jan 21 @ 5:00 pm,Columbia Icefield: Gym 3,Team Loco,won 2 - 6,3
Thu Jan 28 @ 5:00 pm,Columbia Icefield: Gym 3,Delilome,lost 5 - 3,2
Mon Feb 1 @ 10:00 pm,Columbia Icefield: Gym 3,Balls of Fury,lost 0 - 5,-2
Thu Feb 4 @ 6:00 pm,Columbia Icefield: Gym 3,“Errrr....”,lost 5 - 0,-2
Thu Feb 11 @ 4:00 pm,Columbia Icefield: Gym 3,Datis,lost 5 - 0,-2
Thu Feb 11 @ 5:00 pm,Columbia Icefield: Gym 3,Datis,lost 5 - 0,-2
END_SEASON

PLAYOFFS:
Date/Time,Location,Opposing Team,Score,S.O.C.
END_PLAYOFFS

ROSTER:
Player,Captaincy,uwaterloo_email
Kaley Maksymyk,(C),kaley_maksymyk@hotmail.com
END_ROSTER
