INFO:
teamName,Eligant Sugar Princesses
teamAbbreviation,Eligant Sugar Princesses
sportId,n/a
sportName,n/a
sportRules,n/a
leagueId,watMu
levelId,n/a
seasonName,n/a
seasonId,n/a
Roster Size,10
Season Games Played,6
Playoff Round Lengths,1,1
END_INFO

SEASON:
Date/Time,Location,Opposing Team,Score,S.O.C.
Tue May 19 @ 6:30 pm,Columbia Icefield: Field 5,Individuals 1,lost 35 - 14,2
Sun May 24 @ 5:30 pm,Columbia Icefield: Field 5,Tim’s Cricket Team,won 42 - 14,3
Sun May 31 @ 3:30 pm,Columbia Icefield: Field 5,Tim’s Cricket Team,won 0 - 14,avg.
Fri Jun 5 @ 6:00 pm,Columbia Icefield: Warrior Field,Touchdown for wut?!,won 0 - 21,4
Sun Jun 7 @ 5:30 pm,Columbia Icefield: Field 5,Richard and Friends,lost 42 - 21,3
Tue Jun 30 @ 4:30 pm,Columbia Icefield: Field 5,Half a Star,lost 42 - 7,4
END_SEASON

PLAYOFFS:
Date/Time,Location,Opposing Team,Score,S.O.C.
Tue Jul 7 @ 7:30 pm,Columbia Icefield: Warrior Field,Touchdown for wut?!,won 14 - 35,3
Sun Jul 12 @ 6:30 pm,Columbia Icefield: Field 5,Half a Star,lost 56 - 21,3
END_PLAYOFFS

ROSTER:
Player,Captaincy,uwaterloo_email
Lukas Hayter,(C),lhayter@uwaterloo.ca
Jesse Burt,,
Adam Buys,,
Micah Diller Harder,,
Alexander Gee,,
Jonathan Oldenburger,,
David Scott,,
Mitchell Smith,,
Timothy Souza,,
Mackenzie Wright,,
END_ROSTER
