INFO:
teamName,Richard and Friends
teamAbbreviation,Richard and Friends
sportId,n/a
sportName,n/a
sportRules,n/a
leagueId,watMu
levelId,n/a
seasonName,n/a
seasonId,n/a
Roster Size,12
Season Games Played,6
Playoff Round Lengths,1,1,1
END_INFO

SEASON:
Date/Time,Location,Opposing Team,Score,S.O.C.
Sun May 24 @ 3:30 pm,Columbia Icefield: Field 5,Individuals 2,won 42 - 49,2
Fri May 29 @ 6:00 pm,Columbia Icefield: Warrior Field,Half a Star,lost 42 - 14,3
Sun Jun 7 @ 5:30 pm,Columbia Icefield: Field 5,Eligant Sugar Princesses,won 42 - 21,3
Sun Jun 21 @ 5:30 pm,Columbia Icefield: Field 5,Individuals 1,won 42 - 70,3
Sun Jun 28 @ 5:30 pm,Columbia Icefield: Field 5,Manziel in Distress,won 7 - 42,3
Fri Jul 3 @ 6:00 pm,Columbia Icefield: Warrior Field,Individuals 2,won 0 - 14,avg.
END_SEASON

PLAYOFFS:
Date/Time,Location,Opposing Team,Score,S.O.C.
Fri Jul 10 @ 6:00 pm,Columbia Icefield: Warrior Field,Individuals 1,won 56 - 21,1
Sun Jul 12 @ 5:30 pm,Columbia Icefield: Field 5,Sports!,won 42 - 49,2
Fri Jul 17 @ 5:30 pm,Columbia Icefield: Warrior Field,Half a Star,lost 28 - 35,2
END_PLAYOFFS

ROSTER:
Player,Captaincy,uwaterloo_email
Richard Huynh,(C),r.huynh92@hotmail.com
Sacha Kyle Aitkens,,
Hart Andrin,,
Robert Di Niro,,
Zachary Hogg,,
Anthony Hou,,
Riyad Khamis,,
Isaiah Magtanong,,
Quinn Newman,,
Edbert Oey,,
Daniel Silye,,
Kerrie Wong,,
END_ROSTER
