INFO:
teamName,Touchdown for wut?!
teamAbbreviation,Touchdown for wut?!
sportId,n/a
sportName,n/a
sportRules,n/a
leagueId,watMu
levelId,n/a
seasonName,n/a
seasonId,n/a
Roster Size,13
Season Games Played,6
Playoff Round Lengths,1
END_INFO

SEASON:
Date/Time,Location,Opposing Team,Score,S.O.C.
Fri Jun 5 @ 6:00 pm,Columbia Icefield: Warrior Field,Eligant Sugar Princesses,lost 0 - 21,3
Sun Jun 7 @ 6:30 pm,Columbia Icefield: Field 5,Half a Star,lost 49 - 14,3
Sun Jun 14 @ 3:30 pm,Columbia Icefield: Field 5,Individuals 1,won 0 - 14,avg.
Sun Jun 14 @ 5:30 pm,Columbia Icefield: Field 5,Tim’s Cricket Team,won 0 - 14,avg.
Sun Jun 21 @ 4:30 pm,Columbia Icefield: Field 5,Individuals 2,won 35 - 42,3
Sun Jul 5 @ 4:30 pm,Columbia Icefield: Field 5,Sports!,lost 70 - 35,4
END_SEASON

PLAYOFFS:
Date/Time,Location,Opposing Team,Score,S.O.C.
Tue Jul 7 @ 7:30 pm,Columbia Icefield: Warrior Field,Eligant Sugar Princesses,lost 14 - 35,3
END_PLAYOFFS

ROSTER:
Player,Captaincy,uwaterloo_email
Kacie Leblanc,(C),kl2lebla@uwaterloo.ca
Abdullah Barakat,,
Joseph Dykstra,,
Jamie Feldman,,
Jacob Harvey,,
Benjamin Lesperance,,
Alexandra Meinzinger,,
Graeme Shepherdson,,
Heather Smith,,
Rhiannon Todd,,
Matthew Vibert-Adams,,
William Wilmot,,
Scott Wood,,
END_ROSTER
