INFO:
teamName,Tim’s Cricket Team
teamAbbreviation,Tim’s Cricket Team
sportId,n/a
sportName,n/a
sportRules,n/a
leagueId,watMu
levelId,n/a
seasonName,n/a
seasonId,n/a
Roster Size,14
Season Games Played,6
Playoff Round Lengths,0
END_INFO

SEASON:
Date/Time,Location,Opposing Team,Score,S.O.C.
Tue May 19 @ 7:30 pm,Columbia Icefield: Field 5,Manziel in Distress,won 7 - 42,3
Sun May 24 @ 5:30 pm,Columbia Icefield: Field 5,Eligant Sugar Princesses,lost 42 - 14,3
Sun May 31 @ 3:30 pm,Columbia Icefield: Field 5,Eligant Sugar Princesses,lost 0 - 14,-2
Sun Jun 14 @ 5:30 pm,Columbia Icefield: Field 5,Touchdown for wut?!,lost 0 - 14,-2
Wed Jun 24 @ 6:30 pm,Columbia Icefield: Field 5,Sports!,lost 42 - 7,3
Sun Jun 28 @ 6:30 pm,Columbia Icefield: Field 5,Half a Star,lost 14 - 0,-2
END_SEASON

PLAYOFFS:
Date/Time,Location,Opposing Team,Score,S.O.C.
END_PLAYOFFS

ROSTER:
Player,Captaincy,uwaterloo_email
Jason Zhang,(C),jh7zhang@uwaterloo.ca
Toluwanimi Alamu,,
Nicholas Aydemir,,
Sebastien Blanchet,,
Calvin Chan,,
Kevin Deavy,,
Richin George,,
Sheldon Ho,,
Mobin Moshiri,,
Sunraaj Nijjer,,
Connor O’Brien,,
Pathirage Perera,,
Tia Vu,,
Timothy Wulff,,
END_ROSTER
