INFO:
teamName,Manziel in Distress
teamAbbreviation,Manziel in Distress
sportId,n/a
sportName,n/a
sportRules,n/a
leagueId,watMu
levelId,n/a
seasonName,n/a
seasonId,n/a
Roster Size,11
Season Games Played,6
Playoff Round Lengths,1
END_INFO

SEASON:
Date/Time,Location,Opposing Team,Score,S.O.C.
Tue May 19 @ 7:30 pm,Columbia Icefield: Field 5,Tim’s Cricket Team,lost 7 - 42,3
Sun May 24 @ 6:30 pm,Columbia Icefield: Field 5,Individuals 1,lost 49 - 14,3
Sun Jun 7 @ 4:30 pm,Columbia Icefield: Field 5,Sports!,lost 49 - 14,4
Fri Jun 12 @ 5:00 pm,Columbia Icefield: Warrior Field,Half a Star,lost 35 - 0,4
Sun Jun 28 @ 3:30 pm,Columbia Icefield: Field 5,Individuals 2,won 0 - 14,avg.
Sun Jun 28 @ 5:30 pm,Columbia Icefield: Field 5,Richard and Friends,lost 7 - 42,3
END_SEASON

PLAYOFFS:
Date/Time,Location,Opposing Team,Score,S.O.C.
Tue Jul 7 @ 6:30 pm,Columbia Icefield: Warrior Field,Sports!,lost 14 - 0,-2
END_PLAYOFFS

ROSTER:
Player,Captaincy,uwaterloo_email
Danielle Thomas,(C),dcthomas@uwaterloo.ca
Daniel Archibald,,
Hersy Haji Dayib,,
Tanisha Jacob,,
Kristina Kozlovsky,,
Meagan McGill,,
Katharine Pacuta,,
Melanie Sanderson,,
Robert Taglione,,
Samantha Taraborrelli,,
Nimmit Vyas,,
END_ROSTER
