INFO:
teamName,Half a Star
teamAbbreviation,Half a Star
sportId,n/a
sportName,n/a
sportRules,n/a
leagueId,watMu
levelId,n/a
seasonName,n/a
seasonId,n/a
Roster Size,11
Season Games Played,6
Playoff Round Lengths,1,1
END_INFO

SEASON:
Date/Time,Location,Opposing Team,Score,S.O.C.
Sun May 24 @ 4:30 pm,Columbia Icefield: Field 5,Sports!,won 21 - 28,3
Fri May 29 @ 6:00 pm,Columbia Icefield: Warrior Field,Richard and Friends,won 42 - 14,3
Sun Jun 7 @ 6:30 pm,Columbia Icefield: Field 5,Touchdown for wut?!,won 49 - 14,2
Fri Jun 12 @ 5:00 pm,Columbia Icefield: Warrior Field,Manziel in Distress,won 35 - 0,4
Sun Jun 28 @ 6:30 pm,Columbia Icefield: Field 5,Tim’s Cricket Team,won 14 - 0,avg.
Tue Jun 30 @ 4:30 pm,Columbia Icefield: Field 5,Eligant Sugar Princesses,won 42 - 7,4
END_SEASON

PLAYOFFS:
Date/Time,Location,Opposing Team,Score,S.O.C.
Sun Jul 12 @ 6:30 pm,Columbia Icefield: Field 5,Eligant Sugar Princesses,won 56 - 21,3
Fri Jul 17 @ 5:30 pm,Columbia Icefield: Warrior Field,Richard and Friends,won 28 - 35,2
END_PLAYOFFS

ROSTER:
Player,Captaincy,uwaterloo_email
Joel Leon,(C),jfleon@uwaterloo.ca
Peter Argany,,
Jose Idrobo,,
Varun Krishnammagaru,,
Jeffrey Leon,,
Mackenzie Merritt,,
Hansel Paico-Avilez,,
Yasser Sidaoui,,
Hayden Siple,,
Kevin Wong,,
Adriano Zaffino,,
END_ROSTER
