INFO:
teamName,Sports!
teamAbbreviation,Sports!
sportId,n/a
sportName,n/a
sportRules,n/a
leagueId,watMu
levelId,n/a
seasonName,n/a
seasonId,n/a
Roster Size,12
Season Games Played,6
Playoff Round Lengths,1,1
END_INFO

SEASON:
Date/Time,Location,Opposing Team,Score,S.O.C.
Sun May 24 @ 4:30 pm,Columbia Icefield: Field 5,Half a Star,lost 21 - 28,3
Sun May 31 @ 4:30 pm,Columbia Icefield: Field 5,Individuals 1,won 28 - 42,3
Sun Jun 7 @ 4:30 pm,Columbia Icefield: Field 5,Manziel in Distress,won 49 - 14,4
Sun Jun 14 @ 4:30 pm,Columbia Icefield: Field 5,Individuals 2,won 0 - 14,avg.
Wed Jun 24 @ 6:30 pm,Columbia Icefield: Field 5,Tim’s Cricket Team,won 42 - 7,3
Sun Jul 5 @ 4:30 pm,Columbia Icefield: Field 5,Touchdown for wut?!,won 70 - 35,4
END_SEASON

PLAYOFFS:
Date/Time,Location,Opposing Team,Score,S.O.C.
Tue Jul 7 @ 6:30 pm,Columbia Icefield: Warrior Field,Manziel in Distress,won 14 - 0,0
Sun Jul 12 @ 5:30 pm,Columbia Icefield: Field 5,Richard and Friends,lost 42 - 49,2
END_PLAYOFFS

ROSTER:
Player,Captaincy,uwaterloo_email
Alberto Pagano,(C),chris.pagano@hotmail.com
Moses Aaku,,
Kyle Aitken,,
Attila Bajus,,
Adam Debruyne,,
David Guy,,
Nicholas Paolini,,
Eric Quach,,
Kyle Ross,,
Alexander Scherger,,
Crystalyn Siharath,,
Yazeed Sinan,,
END_ROSTER
