INFO:
teamName,Individuals 1
teamAbbreviation,Individuals 1
sportId,n/a
sportName,n/a
sportRules,n/a
leagueId,watMu
levelId,n/a
seasonName,n/a
seasonId,n/a
Roster Size,13
Season Games Played,6
Playoff Round Lengths,1
END_INFO

SEASON:
Date/Time,Location,Opposing Team,Score,S.O.C.
Tue May 19 @ 6:30 pm,Columbia Icefield: Field 5,Eligant Sugar Princesses,won 35 - 14,3
Sun May 24 @ 6:30 pm,Columbia Icefield: Field 5,Manziel in Distress,won 49 - 14,3
Sun May 31 @ 4:30 pm,Columbia Icefield: Field 5,Sports!,lost 28 - 42,3
Sun Jun 7 @ 3:30 pm,Columbia Icefield: Field 5,Individuals 2,lost 35 - 28,3
Sun Jun 14 @ 3:30 pm,Columbia Icefield: Field 5,Touchdown for wut?!,lost 0 - 14,-2
Sun Jun 21 @ 5:30 pm,Columbia Icefield: Field 5,Richard and Friends,lost 42 - 70,3
END_SEASON

PLAYOFFS:
Date/Time,Location,Opposing Team,Score,S.O.C.
Fri Jul 10 @ 6:00 pm,Columbia Icefield: Warrior Field,Richard and Friends,lost 56 - 21,2
END_PLAYOFFS

ROSTER:
Player,Captaincy,uwaterloo_email
Mannan Arain,,
Andrew Buffone,,
Bo Deng,,
Bettina Eyales,,
Michael Giannini,,
Brandon Love,,
Elan Matityahu,,
Selene Miller,,
Avery Pullara,,
Ricardo Salmon,,
Vincent Talbot,,
Josiah Walt,,
Ryan Webber,,
END_ROSTER
