INFO:
teamName,Individuals 2
teamAbbreviation,Individuals 2
sportId,n/a
sportName,n/a
sportRules,n/a
leagueId,watMu
levelId,n/a
seasonName,n/a
seasonId,n/a
Roster Size,5
Season Games Played,6
Playoff Round Lengths,0
END_INFO

SEASON:
Date/Time,Location,Opposing Team,Score,S.O.C.
Sun May 24 @ 3:30 pm,Columbia Icefield: Field 5,Richard and Friends,lost 42 - 49,3
Sun Jun 7 @ 3:30 pm,Columbia Icefield: Field 5,Individuals 1,won 35 - 28,3
Sun Jun 14 @ 4:30 pm,Columbia Icefield: Field 5,Sports!,lost 0 - 14,-2
Sun Jun 21 @ 4:30 pm,Columbia Icefield: Field 5,Touchdown for wut?!,lost 35 - 42,3
Sun Jun 28 @ 3:30 pm,Columbia Icefield: Field 5,Manziel in Distress,lost 0 - 14,-2
Fri Jul 3 @ 6:00 pm,Columbia Icefield: Warrior Field,Richard and Friends,lost 0 - 14,-2
END_SEASON

PLAYOFFS:
Date/Time,Location,Opposing Team,Score,S.O.C.
END_PLAYOFFS

ROSTER:
Player,Captaincy,uwaterloo_email
Hazel Babu,,
Sarah Baillie,,
Robert Little,,
Jason Taylor,,
Zu Zhang,,
END_ROSTER
