INFO:
teamName,Snoop Dodge
teamAbbreviation,Snoop Dodge
sportId,n/a
sportName,n/a
sportRules,n/a
leagueId,watMu
levelId,n/a
seasonName,n/a
seasonId,n/a
Roster Size,14
Season Games Played,6
Playoff Round Lengths,1
END_INFO

SEASON:
Date/Time,Location,Opposing Team,Score,S.O.C.
Tue Jan 20 @ 4:00 pm,Columbia Icefield: Gym 3,Kashif If You Can,lost 3 - 6,2
Tue Jan 27 @ 4:00 pm,Columbia Icefield: Gym 3,Kashif If You Can,won 5 - 3,2
Thu Feb 5 @ 5:00 pm,Columbia Icefield: Gym 3,How I Met Your Murder,lost 2 - 7,2
Thu Feb 12 @ 5:00 pm,Columbia Icefield: Gym 3,Balls of Fury,won 5 - 0,avg.
Thu Feb 26 @ 10:00 pm,Columbia Icefield: Gym 3,Balls of Duty,won 5 - 4,3
Thu Mar 5 @ 9:00 pm,Columbia Icefield: Gym 3,Balls of Fury,won 5 - 0,-2
END_SEASON

PLAYOFFS:
Date/Time,Location,Opposing Team,Score,S.O.C.
Thu Mar 12 @ 10:00 pm,Columbia Icefield: Gym 3,Popeyes Spicy Chicken VIII,lost 6 - 3,2
END_PLAYOFFS

ROSTER:
Player,Captaincy,uwaterloo_email
Christopher Chasse,(C),ctchasse@uwaterloo.ca
Manoj Anbuselvam,,
Prateek Chahal,,
Edwin Corona Aparicio,,
Catherine Declaro,,
Nikhil Dewan,,
Sean Dewinter,,
Samuel Kim,,
Ronald Mendez,,
Waqas Sajid,,
Khoi Tran,,
Matthew Vibert-Adams,,
Evan Waugh,,
Alexander Wigle,,
END_ROSTER
