INFO:
teamName,Balls of Duty
teamAbbreviation,Balls of Duty
sportId,n/a
sportName,n/a
sportRules,n/a
leagueId,watMu
levelId,n/a
seasonName,n/a
seasonId,n/a
Roster Size,10
Season Games Played,6
Playoff Round Lengths,1,1,1
END_INFO

SEASON:
Date/Time,Location,Opposing Team,Score,S.O.C.
Thu Jan 15 @ 7:00 pm,Columbia Icefield: Gym 3,West B Babes 2.0,lost 4 - 5,2
Thu Jan 22 @ 9:00 pm,Columbia Icefield: Gym 3,How I Met Your Murder,lost 2 - 5,2
Thu Jan 29 @ 8:00 pm,Columbia Icefield: Gym 3,Balls of Fury,lost 3 - 5,3
Thu Feb 12 @ 8:00 pm,Columbia Icefield: Gym 3,The Untouchaballs,won 6 - 2,3
Thu Feb 26 @ 10:00 pm,Columbia Icefield: Gym 3,Snoop Dodge,lost 5 - 4,3
Thu Mar 5 @ 8:00 pm,Columbia Icefield: Gym 3,The Sexy Toasters,won 3 - 4,2
END_SEASON

PLAYOFFS:
Date/Time,Location,Opposing Team,Score,S.O.C.
Thu Mar 12 @ 9:00 pm,Columbia Icefield: Gym 3,S3 Overseers,won 5 - 0,0
Sat Mar 21 @ 1:30 pm,Columbia Icefield: Gym 2,A Couple Old Hotdogs in a Mohair Sweater,won 5 - 0,0
Thu Mar 26 @ 7:00 pm,Columbia Icefield: Gym 3,The Untouchaballs,lost 2 - 7,1
END_PLAYOFFS

ROSTER:
Player,Captaincy,uwaterloo_email
Christopher Chiang,(C),c8chiang@uwaterloo.ca
Bruce Burns,,
Matthew Cyr,,
Tamara Desouza,,
Kent Hambly,,
Jermain Jackman,,
Minjoo Kim,,
Vina Ong,,
Jessica Wood,,
Clyde-Happi Woungang,,
END_ROSTER
