INFO:
teamName,Dodger That
teamAbbreviation,Dodger That
sportId,n/a
sportName,n/a
sportRules,n/a
leagueId,watMu
levelId,n/a
seasonName,n/a
seasonId,n/a
Roster Size,10
Season Games Played,6
Playoff Round Lengths,1
END_INFO

SEASON:
Date/Time,Location,Opposing Team,Score,S.O.C.
Thu Jan 29 @ 9:00 pm,Columbia Icefield: Gym 3,West B Babes 2.0,lost 2 - 7,2
Tue Feb 3 @ 6:00 pm,Columbia Icefield: Gym 3,I Shaved My Dodgeballs For This?,lost 1 - 6,3
Thu Feb 5 @ 6:00 pm,Columbia Icefield: Gym 3,The Benchwarmers,lost 1 - 8,3
Mon Feb 9 @ 9:00 pm,Columbia Icefield: Gym 3,die Schmetterlinge,lost 0 - 5,3
Mon Feb 23 @ 6:00 pm,Columbia Icefield: Gym 3,"Daj Mabal, the Untouchaball Ball Boy from The Wolf of Ball StreetD",lost 4 - 5,3
Mon Mar 2 @ 8:00 pm,Columbia Icefield: Gym 3,West D,won 0 - 5,avg.
END_SEASON

PLAYOFFS:
Date/Time,Location,Opposing Team,Score,S.O.C.
Mon Mar 16 @ 7:00 pm,Columbia Icefield: Gym 3,The Untouchaballs,lost 7 - 2,1
END_PLAYOFFS

ROSTER:
Player,Captaincy,uwaterloo_email
Emily Kruger,(C),ERKRUGER@uwaterloo.ca
Nathan Boon-Van Mossel,,
Samantha Clark,,
Adam Debruyne,,
Samantha Macdonald,,
Catalina Oliveros Bernal,,
Nicholas Pellizzari,,
Joseph Pendleton,,
Garrett Shaw,,
Courtney Voisin,,
END_ROSTER
