INFO:
teamName,Massive DodgeBalls
teamAbbreviation,Massive DodgeBalls
sportId,n/a
sportName,n/a
sportRules,n/a
leagueId,watMu
levelId,n/a
seasonName,n/a
seasonId,n/a
Roster Size,15
Season Games Played,6
Playoff Round Lengths,1
END_INFO

SEASON:
Date/Time,Location,Opposing Team,Score,S.O.C.
Sat Jan 17 @ 4:30 pm,Columbia Icefield: Gym 2,Skillz that Killz,won 7 - 2,1
Sat Jan 24 @ 6:30 pm,Columbia Icefield: Gym 2,Purple Cobras,lost 2 - 7,0
Mon Feb 2 @ 8:00 pm,Columbia Icefield: Gym 3,Shank Foot,lost 3 - 4,0
Sat Feb 21 @ 2:30 pm,Columbia Icefield: Gym 2,Indies 2,won 5 - 0,avg.
Sat Feb 28 @ 6:30 pm,Columbia Icefield: Gym 2,Team Ethan,lost 4 - 5,3
Sat Mar 7 @ 5:30 pm,Columbia Icefield: Gym 2,Balls of Steel,won 5 - 3,2
END_SEASON

PLAYOFFS:
Date/Time,Location,Opposing Team,Score,S.O.C.
Sat Mar 14 @ 4:30 pm,Columbia Icefield: Gym 2,I Shaved My Dodgeballs For This?,lost 9 - 0,2
END_PLAYOFFS

ROSTER:
Player,Captaincy,uwaterloo_email
Tse Huang,(C),tc2huang@uwaterloo.ca
Maru Abantao,,
Robert Culbert,,
Ian De Vera,,
Amr Farag,,
Stanley Fong,,
Shi Guo,,
Ying Hu,,
Brian Kester,,
Edward Lau,,
Jacky Lau,,
Eduard Mandru,,
Natapong Rojvanich,,
Kyle Saulnier,,
Benedict Wong,,
END_ROSTER
