INFO:
teamName,West B Babes 2.0
teamAbbreviation,West B Babes 2.0
sportId,n/a
sportName,n/a
sportRules,n/a
leagueId,watMu
levelId,n/a
seasonName,n/a
seasonId,n/a
Roster Size,13
Season Games Played,6
Playoff Round Lengths,1
END_INFO

SEASON:
Date/Time,Location,Opposing Team,Score,S.O.C.
Thu Jan 15 @ 7:00 pm,Columbia Icefield: Gym 3,Balls of Duty,won 4 - 5,3
Thu Jan 22 @ 8:00 pm,Columbia Icefield: Gym 3,Balls of Fury,lost 2 - 5,2
Mon Jan 26 @ 10:00 pm,Columbia Icefield: Gym 3,The Untouchaballs,won 5 - 1,2
Thu Jan 29 @ 9:00 pm,Columbia Icefield: Gym 3,Dodger That,won 2 - 7,2
Sat Feb 7 @ 8:30 pm,Columbia Icefield: Gym 2,The Sexy Toasters,lost 6 - 2,1
Thu Feb 12 @ 7:00 pm,Columbia Icefield: Gym 3,How I Met Your Murder,lost 3 - 6,2
END_SEASON

PLAYOFFS:
Date/Time,Location,Opposing Team,Score,S.O.C.
Mon Mar 16 @ 10:00 pm,Columbia Icefield: Gym 3,Kashif If You Can,lost 4 - 3,2
END_PLAYOFFS

ROSTER:
Player,Captaincy,uwaterloo_email
Kate-Lin Douglas,(C),kedougla@uwaterloo.ca
Raoul Abou Merhi,,
Sean Davidson,,
Zachary Fielding,,
Emmitt Ho,,
Riley Leblanc,,
Victor Lubowa,,
Cheyenne Mitchell,,
Emanuel Mulugeta,,
Mark Nishikawa,,
Mitchell Sheppard,,
Harrison Uthayakumar,,
Alexander Vegh,,
END_ROSTER
