INFO:
teamName,The Sexy Toasters
teamAbbreviation,The Sexy Toasters
sportId,n/a
sportName,n/a
sportRules,n/a
leagueId,watMu
levelId,n/a
seasonName,n/a
seasonId,n/a
Roster Size,11
Season Games Played,6
Playoff Round Lengths,1
END_INFO

SEASON:
Date/Time,Location,Opposing Team,Score,S.O.C.
Mon Feb 2 @ 6:00 pm,Columbia Icefield: Gym 3,How I Met Your Murder,lost 3 - 6,2
Sat Feb 7 @ 8:30 pm,Columbia Icefield: Gym 2,West B Babes 2.0,won 6 - 2,2
Sat Feb 28 @ 5:30 pm,Columbia Icefield: Gym 2,The Untouchaballs,won 7 - 1,3
Thu Mar 5 @ 8:00 pm,Columbia Icefield: Gym 3,Balls of Duty,lost 3 - 4,2
Mon Mar 9 @ 10:00 pm,Columbia Icefield: Gym 3,die Schmetterlinge,lost 4 - 5,3
Tue Mar 10 @ 8:30 pm,Columbia Icefield: Gym 2,Team Ethan,won 4 - 3,3
END_SEASON

PLAYOFFS:
Date/Time,Location,Opposing Team,Score,S.O.C.
Sat Mar 14 @ 10:30 pm,Columbia Icefield: Gym 2,Sexy South 5,lost 6 - 3,2
END_PLAYOFFS

ROSTER:
Player,Captaincy,uwaterloo_email
Benjamin Craig,(C),bdcraig@uwaterloo.ca
Trevor Alkema,,
Oswald Buhendwa,,
Richard Cunningham,,
Mika Driedger,,
Timothy Greenwood,,
Kathleen Macdonald,,
Robert O’Callaghan,,
Charles Pavey,,
Aaron Shantz,,
Devin Skolud,,
END_ROSTER
