INFO:
teamName,The Untouchaballs
teamAbbreviation,The Untouchaballs
sportId,n/a
sportName,n/a
sportRules,n/a
leagueId,watMu
levelId,n/a
seasonName,n/a
seasonId,n/a
Roster Size,15
Season Games Played,6
Playoff Round Lengths,1,1,1
END_INFO

SEASON:
Date/Time,Location,Opposing Team,Score,S.O.C.
Mon Jan 26 @ 10:00 pm,Columbia Icefield: Gym 3,West B Babes 2.0,lost 5 - 1,3
Mon Feb 2 @ 10:00 pm,Columbia Icefield: Gym 3,Popeyes Spicy Chicken VIII,lost 2 - 6,2
Thu Feb 12 @ 8:00 pm,Columbia Icefield: Gym 3,Balls of Duty,lost 6 - 2,3
Mon Feb 23 @ 9:00 pm,Columbia Icefield: Gym 3,Balls of Fury,won 4 - 3,3
Sat Feb 28 @ 5:30 pm,Columbia Icefield: Gym 2,The Sexy Toasters,lost 7 - 1,3
Sat Mar 7 @ 6:30 pm,Columbia Icefield: Gym 2,West One Ballers,won 6 - 1,2
END_SEASON

PLAYOFFS:
Date/Time,Location,Opposing Team,Score,S.O.C.
Mon Mar 16 @ 7:00 pm,Columbia Icefield: Gym 3,Dodger That,won 7 - 2,1
Mon Mar 23 @ 10:15 pm,Columbia Icefield: Gym 3,Dodgey,won 1 - 5,1
Thu Mar 26 @ 7:00 pm,Columbia Icefield: Gym 3,Balls of Duty,won 2 - 7,1
END_PLAYOFFS

ROSTER:
Player,Captaincy,uwaterloo_email
Caray Ford,(C),CMFORD@uwaterloo.ca
Kyle Aitken,,
Matthew Blackwell,,
Rom Chosa,,
Andrew Giannini,,
Shannon Gow,,
Jamie Orlando,,
Marc Orlando,,
Chelsey Pollari,,
Eric Quach,,
Alannah Saccone,,
Sebastian Silvera Ceballos,,
Yazeed Sinan,,
Nicholas Walsh,,
Adrienne Wise,,
END_ROSTER
