INFO:
teamName,Purple Cobras
teamAbbreviation,Purple Cobras
sportId,n/a
sportName,n/a
sportRules,n/a
leagueId,watMu
levelId,n/a
seasonName,n/a
seasonId,n/a
Roster Size,13
Season Games Played,6
Playoff Round Lengths,1
END_INFO

SEASON:
Date/Time,Location,Opposing Team,Score,S.O.C.
Sat Jan 17 @ 6:30 pm,Columbia Icefield: Gym 2,Balls of Steel,won 5 - 3,3
Thu Jan 22 @ 5:00 pm,Columbia Icefield: Gym 3,Team Ethan,won 4 - 3,2
Sat Jan 24 @ 6:30 pm,Columbia Icefield: Gym 2,Massive DodgeBalls,won 2 - 7,2
Sat Jan 24 @ 7:30 pm,Columbia Icefield: Gym 2,I Shaved My Dodgeballs For This?,won 5 - 4,2
Sat Jan 31 @ 3:30 pm,Columbia Icefield: Gym 2,Dodgey,won 7 - 2,0
Thu Feb 12 @ 9:00 pm,Columbia Icefield: Gym 3,Skillz that Killz,won 5 - 0,avg.
END_SEASON

PLAYOFFS:
Date/Time,Location,Opposing Team,Score,S.O.C.
Thu Mar 19 @ 5:00 pm,Columbia Icefield: Gym 3,Shank Foot,lost 4 - 5,1
END_PLAYOFFS

ROSTER:
Player,Captaincy,uwaterloo_email
Braden Hurl,(C),bdhurl@uwaterloo.ca
Sarah Bonin,,
Robert Dandy,,
Samuel Heavenrich,,
Joel Klassen,,
Steven Meyer,,
Michael Milewski,,
Nicholas O’Hara,,
Justin Seminerio,,
Jacob Simon,,
Brian Stock,,
Jonathon Willems,,
Ekaterina Yasnopolskaya,,
END_ROSTER
