INFO:
teamName,West D
teamAbbreviation,West D
sportId,n/a
sportName,n/a
sportRules,n/a
leagueId,watMu
levelId,n/a
seasonName,n/a
seasonId,n/a
Roster Size,19
Season Games Played,6
Playoff Round Lengths,1
END_INFO

SEASON:
Date/Time,Location,Opposing Team,Score,S.O.C.
Thu Jan 15 @ 6:00 pm,Columbia Icefield: Gym 3,The Benchwarmers,lost 0 - 9,3
Sat Jan 17 @ 2:30 pm,Columbia Icefield: Gym 2,Kashif If You Can,lost 1 - 6,2
Mon Jan 19 @ 9:00 pm,Columbia Icefield: Gym 3,I Shaved My Dodgeballs For This?,lost 2 - 7,2
Thu Jan 22 @ 7:00 pm,Columbia Icefield: Gym 3,Sexy South 5,lost 0 - 5,-2
Thu Jan 29 @ 5:00 pm,Columbia Icefield: Gym 3,Slumdodge Millionaire,won 5 - 4,3
Mon Mar 2 @ 8:00 pm,Columbia Icefield: Gym 3,Dodger That,lost 0 - 5,-2
END_SEASON

PLAYOFFS:
Date/Time,Location,Opposing Team,Score,S.O.C.
Sat Mar 14 @ 2:30 pm,Columbia Icefield: Gym 2,Indies 2,lost 0 - 5,-2
END_PLAYOFFS

ROSTER:
Player,Captaincy,uwaterloo_email
Amandeep Kaur,(C),a7kaur@uwaterloo.ca
Giuseppe Femia,,
Evan Grant,,
Dancheng Hu,,
David Katarzynski,,
Sean Lazaro,,
Alim Mitha,,
Antonio Molina Lovett,,
Daanish Rawal,,
Jonathan Seeha,,
Faizaan Shariff,,
Geoffrey Sinclair,,
Harjas Singh,,
Christopher Stojanovski,,
Kevin Suwala,,
Marcus Thian,,
Kyle Verhoog,,
Xiyue Wang,,
Jenna Yee,,
END_ROSTER
