INFO:
teamName,West One Ballers
teamAbbreviation,West One Ballers
sportId,n/a
sportName,n/a
sportRules,n/a
leagueId,watMu
levelId,n/a
seasonName,n/a
seasonId,n/a
Roster Size,12
Season Games Played,6
Playoff Round Lengths,1,1,1
END_INFO

SEASON:
Date/Time,Location,Opposing Team,Score,S.O.C.
Sat Jan 17 @ 7:30 pm,Columbia Icefield: Gym 2,How I Met Your Murder,lost 1 - 5,3
Thu Jan 22 @ 6:00 pm,Columbia Icefield: Gym 3,The Benchwarmers,lost 8 - 0,2
Sat Feb 7 @ 7:30 pm,Columbia Icefield: Gym 2,Popeyes Spicy Chicken VIII,lost 1 - 7,2
Sat Feb 28 @ 8:30 pm,Columbia Icefield: Gym 2,Balls of Steel,lost 3 - 6,3
Sat Mar 7 @ 6:30 pm,Columbia Icefield: Gym 2,The Untouchaballs,lost 6 - 1,0
Mon Mar 9 @ 8:00 pm,Columbia Icefield: Gym 3,Thunderpajama Troopers,lost 0 - 5,2
END_SEASON

PLAYOFFS:
Date/Time,Location,Opposing Team,Score,S.O.C.
Sat Mar 21 @ 3:30 pm,Columbia Icefield: Gym 2,Slumdodge Millionaire,won 0 - 5,0
Mon Mar 23 @ 6:00 pm,Columbia Icefield: Gym 3,Team Ethan,won 0 - 5,0
Mon Mar 30 @ 6:00 pm,Columbia Icefield: Gym 3,Indies 2,won 0 - 5,0
END_PLAYOFFS

ROSTER:
Player,Captaincy,uwaterloo_email
Cooper Karasek,(C),cakarase@uwaterloo.ca
Jean Abiera,,
Eric Field,,
Andrew Giles,,
Connor Hammond,,
Jackson Kemp,,
Danielle Langlois,,
Cassandra Lehman,,
Andrew Lofts,,
Sikkanda Payneeandy,,
Evan Sauve,,
Vincent Vuong,,
END_ROSTER
