INFO:
teamName,A Couple Old Hotdogs in a Mohair Sweater
teamAbbreviation,A Couple Old Hotdogs in a Mohair Sweater
sportId,n/a
sportName,n/a
sportRules,n/a
leagueId,watMu
levelId,n/a
seasonName,n/a
seasonId,n/a
Roster Size,9
Season Games Played,6
Playoff Round Lengths,1,1
END_INFO

SEASON:
Date/Time,Location,Opposing Team,Score,S.O.C.
Mon Jan 19 @ 10:00 pm,Columbia Icefield: Gym 3,Balls of Steel,lost 3 - 6,2
Sat Feb 7 @ 2:30 pm,Columbia Icefield: Gym 2,Indies 2,won 6 - 3,2
Mon Feb 23 @ 8:00 pm,Columbia Icefield: Gym 3,Popeyes Spicy Chicken VIII,lost 1 - 5,2
Mon Mar 2 @ 6:00 pm,Columbia Icefield: Gym 3,"Daj Mabal, the Untouchaball Ball Boy from The Wolf of Ball StreetD",lost 2 - 7,3
Mon Mar 9 @ 6:00 pm,Columbia Icefield: Gym 3,Shank Foot,lost 3 - 5,3
Mon Mar 9 @ 9:00 pm,Columbia Icefield: Gym 3,Sexy South 5,won 4 - 3,3
END_SEASON

PLAYOFFS:
Date/Time,Location,Opposing Team,Score,S.O.C.
Thu Mar 19 @ 8:00 pm,Columbia Icefield: Gym 3,Skillz that Killz,won 5 - 0,0
Sat Mar 21 @ 1:30 pm,Columbia Icefield: Gym 2,Balls of Duty,lost 5 - 0,-2
END_PLAYOFFS

ROSTER:
Player,Captaincy,uwaterloo_email
Hamish Lees,(C),h.lees.10@hotmail.com
Benjamin Apacible,,
Daniel Christ,,
Oliver Giess,,
Luke Graham,,
Siddharth Mamhotra,,
Matthew McEwen,,
William McRae,,
Stefan Sendlbeck,,
END_ROSTER
