INFO:
teamName,Balls of Fury
teamAbbreviation,Balls of Fury
sportId,n/a
sportName,n/a
sportRules,n/a
leagueId,watMu
levelId,n/a
seasonName,n/a
seasonId,n/a
Roster Size,20
Season Games Played,6
Playoff Round Lengths,1
END_INFO

SEASON:
Date/Time,Location,Opposing Team,Score,S.O.C.
Thu Jan 15 @ 8:00 pm,Columbia Icefield: Gym 3,Popeyes Spicy Chicken VIII,lost 1 - 8,2
Thu Jan 22 @ 8:00 pm,Columbia Icefield: Gym 3,West B Babes 2.0,won 2 - 5,2
Thu Jan 29 @ 8:00 pm,Columbia Icefield: Gym 3,Balls of Duty,won 3 - 5,3
Thu Feb 12 @ 5:00 pm,Columbia Icefield: Gym 3,Snoop Dodge,lost 5 - 0,-2
Mon Feb 23 @ 9:00 pm,Columbia Icefield: Gym 3,The Untouchaballs,lost 4 - 3,3
Thu Mar 5 @ 9:00 pm,Columbia Icefield: Gym 3,Snoop Dodge,lost 5 - 0,1
END_SEASON

PLAYOFFS:
Date/Time,Location,Opposing Team,Score,S.O.C.
Sat Mar 14 @ 5:30 pm,Columbia Icefield: Gym 2,Dodgey,lost 5 - 0,-2
END_PLAYOFFS

ROSTER:
Player,Captaincy,uwaterloo_email
Dillon Francis,(C),d6franci@uwaterloo.ca
Issac Broughton,,
Jacob Bush,,
Alvin Chow,,
Christopher Farfan Centeno,,
Parmbir Gill,,
Muhammad Goolamnobee,,
Kevin Hsiao,,
Eric Lauff,,
Changfan Li,,
Tyler Marques,,
Tristan Ohlson,,
Ryan Parnoja,,
Brandon Sanders,,
Corinna Smith,,
Christina Sutanto,,
Philip Vargas,,
Scott Wiebe,,
Shi Yang,,
Joel Zeng,,
END_ROSTER
