INFO:
teamName,How I Met Your Murder
teamAbbreviation,How I Met Your Murder
sportId,n/a
sportName,n/a
sportRules,n/a
leagueId,watMu
levelId,n/a
seasonName,n/a
seasonId,n/a
Roster Size,9
Season Games Played,6
Playoff Round Lengths,1,1
END_INFO

SEASON:
Date/Time,Location,Opposing Team,Score,S.O.C.
Sat Jan 17 @ 7:30 pm,Columbia Icefield: Gym 2,West One Ballers,won 1 - 5,3
Thu Jan 22 @ 9:00 pm,Columbia Icefield: Gym 3,Balls of Duty,won 2 - 5,2
Mon Feb 2 @ 6:00 pm,Columbia Icefield: Gym 3,The Sexy Toasters,won 3 - 6,2
Thu Feb 5 @ 5:00 pm,Columbia Icefield: Gym 3,Snoop Dodge,won 2 - 7,3
Thu Feb 12 @ 7:00 pm,Columbia Icefield: Gym 3,West B Babes 2.0,won 3 - 6,3
Thu Feb 26 @ 8:00 pm,Columbia Icefield: Gym 3,Popeyes Spicy Chicken VIII,won 3 - 5,3
END_SEASON

PLAYOFFS:
Date/Time,Location,Opposing Team,Score,S.O.C.
Mon Mar 16 @ 9:00 pm,Columbia Icefield: Gym 3,Balls of Steel,won 8 - 1,2
Mon Mar 23 @ 9:00 pm,Columbia Icefield: Gym 3,Shank Foot,lost 3 - 6,1
END_PLAYOFFS

ROSTER:
Player,Captaincy,uwaterloo_email
Jacob Reeb,(C),jmreeb@uwaterloo.ca
Patrick Dobson,,
Yiwei Du,,
Harrison Healey,,
Dong Hwan Kim,,
Zhenting Liu,,
Kenneth Shum,,
Brittany Sinclair,,
Alexander Walter,,
END_ROSTER
