INFO:
teamName,Skillz that Killz
teamAbbreviation,Skillz that Killz
sportId,n/a
sportName,n/a
sportRules,n/a
leagueId,watMu
levelId,n/a
seasonName,n/a
seasonId,n/a
Roster Size,12
Season Games Played,6
Playoff Round Lengths,1
END_INFO

SEASON:
Date/Time,Location,Opposing Team,Score,S.O.C.
Sat Jan 17 @ 4:30 pm,Columbia Icefield: Gym 2,Massive DodgeBalls,lost 7 - 2,1
Sat Jan 24 @ 3:30 pm,Columbia Icefield: Gym 2,Balls of Steel,lost 2 - 7,3
Sat Jan 31 @ 4:30 pm,Columbia Icefield: Gym 2,Team Ethan,won 5 - 0,avg.
Thu Feb 12 @ 9:00 pm,Columbia Icefield: Gym 3,Purple Cobras,lost 5 - 0,-2
Sat Feb 28 @ 2:30 pm,Columbia Icefield: Gym 2,Indies 2,won 6 - 2,2
Sat Mar 7 @ 3:30 pm,Columbia Icefield: Gym 2,I Shaved My Dodgeballs For This?,lost 8 - 1,3
END_SEASON

PLAYOFFS:
Date/Time,Location,Opposing Team,Score,S.O.C.
Thu Mar 19 @ 8:00 pm,Columbia Icefield: Gym 3,A Couple Old Hotdogs in a Mohair Sweater,lost 5 - 0,-2
END_PLAYOFFS

ROSTER:
Player,Captaincy,uwaterloo_email
Michael Orschel,(C),mporsche@uwaterloo.ca
Adnan Alam,,
Ali Athar,,
Pranav Chadha,,
Xin Du,,
Andrew Hassan,,
Michael Krapez,,
Alex Mendez,,
Venkata Namburi,,
Timothy Sipkens,,
Kirusha Srimohanarajah,,
Moiz Zahid,,
END_ROSTER
