INFO:
teamName,Shank Foot
teamAbbreviation,Shank Foot
sportId,n/a
sportName,n/a
sportRules,n/a
leagueId,watMu
levelId,n/a
seasonName,n/a
seasonId,n/a
Roster Size,9
Season Games Played,6
Playoff Round Lengths,1,1,1
END_INFO

SEASON:
Date/Time,Location,Opposing Team,Score,S.O.C.
Sat Jan 17 @ 5:30 pm,Columbia Icefield: Gym 2,Team Ethan,won 5 - 4,3
Sat Jan 31 @ 2:30 pm,Columbia Icefield: Gym 2,Indies 2,won 5 - 4,1
Mon Feb 2 @ 8:00 pm,Columbia Icefield: Gym 3,Massive DodgeBalls,won 3 - 4,0
Sat Feb 7 @ 6:30 pm,Columbia Icefield: Gym 2,Dodgey,lost 4 - 5,-1
Sat Mar 7 @ 7:30 pm,Columbia Icefield: Gym 2,Popeyes Spicy Chicken VIII,won 6 - 3,2
Mon Mar 9 @ 6:00 pm,Columbia Icefield: Gym 3,A Couple Old Hotdogs in a Mohair Sweater,won 3 - 5,0
END_SEASON

PLAYOFFS:
Date/Time,Location,Opposing Team,Score,S.O.C.
Thu Mar 19 @ 5:00 pm,Columbia Icefield: Gym 3,Purple Cobras,won 4 - 5,1
Mon Mar 23 @ 9:00 pm,Columbia Icefield: Gym 3,How I Met Your Murder,won 3 - 6,1
Thu Mar 26 @ 6:00 pm,Columbia Icefield: Gym 3,The Benchwarmers,won 3 - 5,2
END_PLAYOFFS

ROSTER:
Player,Captaincy,uwaterloo_email
Navid Tahiri,(C),ntahiri@uwaterloo.ca
Syed Ahmed,,
Lilian Do,,
Anna Dong,,
Benjamin Etienne,,
Jordan Geurten,,
Peter Keillor,,
Kevin Luong,,
Lynnea Tan,,
END_ROSTER
