INFO:
teamName,"Daj Mabal, the Untouchaball Ball Boy from The Wolf of Ball StreetD"
teamAbbreviation,"Daj Mabal, the Untouchaball Ball Boy from The Wolf of Ball StreetD"
sportId,n/a
sportName,n/a
sportRules,n/a
leagueId,watMu
levelId,n/a
seasonName,n/a
seasonId,n/a
Roster Size,17
Season Games Played,6
Playoff Round Lengths,1
END_INFO

SEASON:
Date/Time,Location,Opposing Team,Score,S.O.C.
Mon Jan 26 @ 9:00 pm,Columbia Icefield: Gym 3,die Schmetterlinge,won 5 - 3,3
Sat Jan 31 @ 5:30 pm,Columbia Icefield: Gym 2,Balls of Steel,lost 0 - 5,-2
Mon Feb 23 @ 6:00 pm,Columbia Icefield: Gym 3,Dodger That,won 4 - 5,2
Mon Mar 2 @ 6:00 pm,Columbia Icefield: Gym 3,A Couple Old Hotdogs in a Mohair Sweater,won 2 - 7,3
Sat Mar 7 @ 2:30 pm,Columbia Icefield: Gym 2,Indies 2,won 5 - 0,avg.
Tue Mar 10 @ 10:30 pm,Columbia Icefield: Gym 2,Dodgey,won 3 - 6,3
END_SEASON

PLAYOFFS:
Date/Time,Location,Opposing Team,Score,S.O.C.
Mon Mar 16 @ 6:00 pm,Columbia Icefield: Gym 3,Thunderpajama Troopers,lost 2 - 6,1
END_PLAYOFFS

ROSTER:
Player,Captaincy,uwaterloo_email
Taljit Nijjar,(C),TSNIJJAR@uwaterloo.ca
David An,,
Harmandeep Bains,,
Jaspreet Bhogal,,
Mateen Choudhry,,
Sunny Dhaliwal,,
Jasdeep Dulku,,
Hanze Guo,,
Rohin Majhel,,
Hani Mir,,
Harjot Modi,,
Morton Nguyen,,
Matthew Pitropov,,
Pardeep Tatla,,
Hanson Wong,,
Brian Yoo,,
Sawim Zargar,,
END_ROSTER
