INFO:
teamName,Popeyes Spicy Chicken VIII
teamAbbreviation,Popeyes Spicy Chicken VIII
sportId,n/a
sportName,n/a
sportRules,n/a
leagueId,watMu
levelId,n/a
seasonName,n/a
seasonId,n/a
Roster Size,12
Season Games Played,6
Playoff Round Lengths,1,1,1
END_INFO

SEASON:
Date/Time,Location,Opposing Team,Score,S.O.C.
Thu Jan 15 @ 8:00 pm,Columbia Icefield: Gym 3,Balls of Fury,won 1 - 8,2
Mon Feb 2 @ 10:00 pm,Columbia Icefield: Gym 3,The Untouchaballs,won 2 - 6,2
Sat Feb 7 @ 7:30 pm,Columbia Icefield: Gym 2,West One Ballers,won 1 - 7,2
Mon Feb 23 @ 8:00 pm,Columbia Icefield: Gym 3,A Couple Old Hotdogs in a Mohair Sweater,won 1 - 5,-2
Thu Feb 26 @ 8:00 pm,Columbia Icefield: Gym 3,How I Met Your Murder,lost 3 - 5,3
Sat Mar 7 @ 7:30 pm,Columbia Icefield: Gym 2,Shank Foot,lost 6 - 3,2
END_SEASON

PLAYOFFS:
Date/Time,Location,Opposing Team,Score,S.O.C.
Thu Mar 12 @ 10:00 pm,Columbia Icefield: Gym 3,Snoop Dodge,won 6 - 3,2
Thu Mar 26 @ 10:00 pm,Columbia Icefield: Gym 3,I Shaved My Dodgeballs For This?,won 5 - 2,3
Mon Mar 30 @ 10:00 pm,Columbia Icefield: Gym 3,Sexy South 5,won 4 - 5,2
END_PLAYOFFS

ROSTER:
Player,Captaincy,uwaterloo_email
DongWei Liu,(C),dongwei60@hotmail.com
Nicholas Barbour,,
Syed Bokhari,,
I-Cheng Chan,,
Jason Chau,,
Andrew Clappison,,
Tushar Dhoot,,
Mohammad Khalid,,
Hashim Mir,,
Dharssan Pushparajah,,
Avinaash Sundar,,
Mohammed Zaman,,
END_ROSTER
