INFO:
teamName,Balls of Steel
teamAbbreviation,Balls of Steel
sportId,n/a
sportName,n/a
sportRules,n/a
leagueId,watMu
levelId,n/a
seasonName,n/a
seasonId,n/a
Roster Size,12
Season Games Played,6
Playoff Round Lengths,1
END_INFO

SEASON:
Date/Time,Location,Opposing Team,Score,S.O.C.
Sat Jan 17 @ 6:30 pm,Columbia Icefield: Gym 2,Purple Cobras,lost 5 - 3,3
Mon Jan 19 @ 10:00 pm,Columbia Icefield: Gym 3,A Couple Old Hotdogs in a Mohair Sweater,won 3 - 6,2
Sat Jan 24 @ 3:30 pm,Columbia Icefield: Gym 2,Skillz that Killz,won 2 - 7,3
Sat Jan 31 @ 5:30 pm,Columbia Icefield: Gym 2,"Daj Mabal, the Untouchaball Ball Boy from The Wolf of Ball StreetD",won 0 - 5,avg.
Sat Feb 28 @ 8:30 pm,Columbia Icefield: Gym 2,West One Ballers,won 3 - 6,3
Sat Mar 7 @ 5:30 pm,Columbia Icefield: Gym 2,Massive DodgeBalls,lost 5 - 3,2
END_SEASON

PLAYOFFS:
Date/Time,Location,Opposing Team,Score,S.O.C.
Mon Mar 16 @ 9:00 pm,Columbia Icefield: Gym 3,How I Met Your Murder,lost 8 - 1,2
END_PLAYOFFS

ROSTER:
Player,Captaincy,uwaterloo_email
Steven Osborne,(C),sdosborn@uwaterloo.ca
David Brick,,
James Daunt,,
Andrew Davidson,,
Carl Engelmann,,
Richard Garner,,
Kurtis Hiemstra,,
Joshua Mackenzie,,
Joseph Manduca,,
Warren Smith,,
Steven Vincent,,
Brandi Ziegler,,
END_ROSTER
