INFO:
teamName,die Schmetterlinge
teamAbbreviation,die Schmetterlinge
sportId,n/a
sportName,n/a
sportRules,n/a
leagueId,watMu
levelId,n/a
seasonName,n/a
seasonId,n/a
Roster Size,13
Season Games Played,6
Playoff Round Lengths,1
END_INFO

SEASON:
Date/Time,Location,Opposing Team,Score,S.O.C.
Thu Jan 15 @ 9:00 pm,Columbia Icefield: Gym 3,Thunderpajama Troopers,won 5 - 4,0
Mon Jan 26 @ 9:00 pm,Columbia Icefield: Gym 3,"Daj Mabal, the Untouchaball Ball Boy from The Wolf of Ball StreetD",lost 5 - 3,3
Sat Jan 31 @ 7:30 pm,Columbia Icefield: Gym 2,Slumdodge Millionaire,won 9 - 0,3
Mon Feb 9 @ 9:00 pm,Columbia Icefield: Gym 3,Dodger That,won 0 - 5,3
Thu Mar 5 @ 7:00 pm,Columbia Icefield: Gym 3,Thunderpajama Troopers,lost 2 - 6,2
Mon Mar 9 @ 10:00 pm,Columbia Icefield: Gym 3,The Sexy Toasters,won 4 - 5,3
END_SEASON

PLAYOFFS:
Date/Time,Location,Opposing Team,Score,S.O.C.
Thu Mar 12 @ 6:00 pm,Columbia Icefield: Gym 3,The Benchwarmers,lost 5 - 1,2
END_PLAYOFFS

ROSTER:
Player,Captaincy,uwaterloo_email
Brandon Lum,(C),b3lum@uwaterloo.ca
Natasha Amsden,,
John Declaro,,
Elizabeth Griffin,,
Geoffrey Iwasa,,
Logan Lewis,,
Alexandra Marin,,
Stephan Matiowsky,,
Dobrivoje Nezic,,
Kate Sinclair,,
Onie Tam,,
Nikki Tran,,
Joshua Weavers,,
END_ROSTER
