INFO:
teamName,I Shaved My Dodgeballs For This?
teamAbbreviation,I Shaved My Dodgeballs For This?
sportId,n/a
sportName,n/a
sportRules,n/a
leagueId,watMu
levelId,n/a
seasonName,n/a
seasonId,n/a
Roster Size,12
Season Games Played,6
Playoff Round Lengths,1,1
END_INFO

SEASON:
Date/Time,Location,Opposing Team,Score,S.O.C.
Mon Jan 19 @ 9:00 pm,Columbia Icefield: Gym 3,West D,won 2 - 7,0
Sat Jan 24 @ 7:30 pm,Columbia Icefield: Gym 2,Purple Cobras,lost 5 - 4,2
Tue Feb 3 @ 6:00 pm,Columbia Icefield: Gym 3,Dodger That,won 1 - 6,3
Sat Feb 28 @ 4:30 pm,Columbia Icefield: Gym 2,Dodgey,won 8 - 1,3
Mon Mar 2 @ 7:00 pm,Columbia Icefield: Gym 3,Thunderpajama Troopers,lost 3 - 5,2
Sat Mar 7 @ 3:30 pm,Columbia Icefield: Gym 2,Skillz that Killz,won 8 - 1,3
END_SEASON

PLAYOFFS:
Date/Time,Location,Opposing Team,Score,S.O.C.
Sat Mar 14 @ 4:30 pm,Columbia Icefield: Gym 2,Massive DodgeBalls,won 9 - 0,2
Thu Mar 26 @ 10:00 pm,Columbia Icefield: Gym 3,Popeyes Spicy Chicken VIII,lost 5 - 2,3
END_PLAYOFFS

ROSTER:
Player,Captaincy,uwaterloo_email
Eric Lindsay,(C),emlindsa@uwaterloo.ca
Anjali Arya,,
Pierce Busch,,
Jordan Cargill,,
Michael Chan,,
Evan Keir-Sage,,
Thilina Krishnanand,,
Parth Midha,,
Mickenzie Moore,,
David Robinson,,
Rishi Sharma,,
Martin Smith,,
END_ROSTER
