INFO:
teamName,Slumdodge Millionaire
teamAbbreviation,Slumdodge Millionaire
sportId,n/a
sportName,n/a
sportRules,n/a
leagueId,watMu
levelId,n/a
seasonName,n/a
seasonId,n/a
Roster Size,12
Season Games Played,6
Playoff Round Lengths,1
END_INFO

SEASON:
Date/Time,Location,Opposing Team,Score,S.O.C.
Thu Jan 29 @ 5:00 pm,Columbia Icefield: Gym 3,West D,lost 5 - 4,3
Sat Jan 31 @ 7:30 pm,Columbia Icefield: Gym 2,die Schmetterlinge,lost 9 - 0,3
Thu Feb 12 @ 10:00 pm,Columbia Icefield: Gym 3,Kashif If You Can,lost 2 - 6,4
Mon Feb 23 @ 10:00 pm,Columbia Icefield: Gym 3,Sexy South 5,lost 2 - 7,2
Mon Mar 2 @ 10:00 pm,Columbia Icefield: Gym 3,S3 Overseers,lost 2 - 7,4
Thu Mar 5 @ 6:00 pm,Columbia Icefield: Gym 3,The Benchwarmers,lost 0 - 5,-2
END_SEASON

PLAYOFFS:
Date/Time,Location,Opposing Team,Score,S.O.C.
Sat Mar 21 @ 3:30 pm,Columbia Icefield: Gym 2,West One Ballers,lost 0 - 5,-2
END_PLAYOFFS

ROSTER:
Player,Captaincy,uwaterloo_email
Evan Miersch,(C),esmiersc@uwaterloo.ca
Kristen Andrews,,
Laura Downing,,
Rowan Francois,,
Benny Hua,,
Jenna McArthur,,
Andrew Minielly,,
Hanna Salazar,,
Victoria Stacey,,
Elijah Tremblay,,
Colin Wallace,,
Tara Wilkie,,
END_ROSTER
