INFO:
teamName,S3 Overseers
teamAbbreviation,S3 Overseers
sportId,n/a
sportName,n/a
sportRules,n/a
leagueId,watMu
levelId,n/a
seasonName,n/a
seasonId,n/a
Roster Size,16
Season Games Played,6
Playoff Round Lengths,1
END_INFO

SEASON:
Date/Time,Location,Opposing Team,Score,S.O.C.
Mon Jan 19 @ 8:00 pm,Columbia Icefield: Gym 3,Sexy South 5,lost 3 - 6,3
Thu Jan 29 @ 6:00 pm,Columbia Icefield: Gym 3,The Benchwarmers,lost 0 - 9,3
Tue Feb 10 @ 4:00 pm,Columbia Icefield: Gym 3,Kashif If You Can,lost 3 - 6,3
Thu Feb 12 @ 6:00 pm,Columbia Icefield: Gym 3,The Benchwarmers,lost 1 - 5,3
Thu Feb 26 @ 9:00 pm,Columbia Icefield: Gym 3,Thunderpajama Troopers,lost 0 - 5,1
Mon Mar 2 @ 10:00 pm,Columbia Icefield: Gym 3,Slumdodge Millionaire,won 2 - 7,4
END_SEASON

PLAYOFFS:
Date/Time,Location,Opposing Team,Score,S.O.C.
Thu Mar 12 @ 9:00 pm,Columbia Icefield: Gym 3,Balls of Duty,lost 5 - 0,-2
END_PLAYOFFS

ROSTER:
Player,Captaincy,uwaterloo_email
Benton North,(C),bnorth@uwaterloo.ca
Christopher Carniello,,
Rama Ferguson,,
April-Jean Hickson,,
Ha Jung,,
Harleen Kaur,,
Christian Lao,,
Yuning Liu,,
Alicia Matis,,
Sajeed Mohammad,,
Calley O’Neill,,
Derek Ratnarajah,,
Tom Richards,,
Samson Tran,,
Ambrose Wong,,
Chi Yung,,
END_ROSTER
