INFO:
teamName,Dodgey
teamAbbreviation,Dodgey
sportId,n/a
sportName,n/a
sportRules,n/a
leagueId,watMu
levelId,n/a
seasonName,n/a
seasonId,n/a
Roster Size,12
Season Games Played,6
Playoff Round Lengths,1,1
END_INFO

SEASON:
Date/Time,Location,Opposing Team,Score,S.O.C.
Sat Jan 24 @ 2:30 pm,Columbia Icefield: Gym 2,Indies 2,lost 6 - 2,2
Sat Jan 31 @ 3:30 pm,Columbia Icefield: Gym 2,Purple Cobras,lost 7 - 2,2
Sat Feb 7 @ 6:30 pm,Columbia Icefield: Gym 2,Shank Foot,won 4 - 5,-1
Sat Feb 28 @ 4:30 pm,Columbia Icefield: Gym 2,I Shaved My Dodgeballs For This?,lost 8 - 1,3
Sat Mar 7 @ 4:30 pm,Columbia Icefield: Gym 2,Team Ethan,won 5 - 3,3
Tue Mar 10 @ 10:30 pm,Columbia Icefield: Gym 2,"Daj Mabal, the Untouchaball Ball Boy from The Wolf of Ball StreetD",lost 3 - 6,2
END_SEASON

PLAYOFFS:
Date/Time,Location,Opposing Team,Score,S.O.C.
Sat Mar 14 @ 5:30 pm,Columbia Icefield: Gym 2,Balls of Fury,won 5 - 0,0
Mon Mar 23 @ 10:15 pm,Columbia Icefield: Gym 3,The Untouchaballs,lost 1 - 5,1
END_PLAYOFFS

ROSTER:
Player,Captaincy,uwaterloo_email
Thomas Uhlenbruck,(C),tuhlenbr@uwaterloo.ca
Paul Boyadjian,,
Natalie Carlone,,
Megan Dicks,,
Douglas Dubeau,,
Shaurav Ghosh,,
Shahriar Kabir,,
Matthew Kitchen,,
Brandon Lui,,
Munish Raghuwanshi,,
Michelle Scott,,
Stephanie Vella,,
END_ROSTER
