INFO:
teamName,Kashif If You Can
teamAbbreviation,Kashif If You Can
sportId,n/a
sportName,n/a
sportRules,n/a
leagueId,watMu
levelId,n/a
seasonName,n/a
seasonId,n/a
Roster Size,13
Season Games Played,6
Playoff Round Lengths,1,1
END_INFO

SEASON:
Date/Time,Location,Opposing Team,Score,S.O.C.
Sat Jan 17 @ 2:30 pm,Columbia Icefield: Gym 2,West D,won 1 - 6,2
Tue Jan 20 @ 4:00 pm,Columbia Icefield: Gym 3,Snoop Dodge,won 3 - 6,2
Tue Jan 27 @ 4:00 pm,Columbia Icefield: Gym 3,Snoop Dodge,lost 5 - 3,3
Mon Feb 2 @ 9:00 pm,Columbia Icefield: Gym 3,Sexy South 5,lost 3 - 5,-1
Tue Feb 10 @ 4:00 pm,Columbia Icefield: Gym 3,S3 Overseers,won 3 - 6,3
Thu Feb 12 @ 10:00 pm,Columbia Icefield: Gym 3,Slumdodge Millionaire,won 2 - 6,3
END_SEASON

PLAYOFFS:
Date/Time,Location,Opposing Team,Score,S.O.C.
Mon Mar 16 @ 10:00 pm,Columbia Icefield: Gym 3,West B Babes 2.0,won 4 - 3,2
Mon Mar 23 @ 7:00 pm,Columbia Icefield: Gym 3,Sexy South 5,lost 5 - 3,2
END_PLAYOFFS

ROSTER:
Player,Captaincy,uwaterloo_email
Nicollette Zaptses,(C),ngzaptse@uwaterloo.ca
Julia Chen,,
Jen-Wei Hsu,,
Diana Huynh,,
Jennifer Kwong,,
Yuen Lam,,
Neelan Muthurajah,,
Zachary Pizzolato,,
Andrea Ricci,,
Arjun Sethi,,
Stephanie West,,
Matthew Wilson,,
Aira Yu,,
END_ROSTER
