INFO:
teamName,Indies 2
teamAbbreviation,Indies 2
sportId,n/a
sportName,n/a
sportRules,n/a
leagueId,watMu
levelId,n/a
seasonName,n/a
seasonId,n/a
Roster Size,14
Season Games Played,6
Playoff Round Lengths,1,1
END_INFO

SEASON:
Date/Time,Location,Opposing Team,Score,S.O.C.
Sat Jan 24 @ 2:30 pm,Columbia Icefield: Gym 2,Dodgey,won 6 - 2,2
Sat Jan 31 @ 2:30 pm,Columbia Icefield: Gym 2,Shank Foot,lost 5 - 4,1
Sat Feb 7 @ 2:30 pm,Columbia Icefield: Gym 2,A Couple Old Hotdogs in a Mohair Sweater,lost 6 - 3,2
Sat Feb 21 @ 2:30 pm,Columbia Icefield: Gym 2,Massive DodgeBalls,lost 5 - 0,0
Sat Feb 28 @ 2:30 pm,Columbia Icefield: Gym 2,Skillz that Killz,lost 6 - 2,2
Sat Mar 7 @ 2:30 pm,Columbia Icefield: Gym 2,"Daj Mabal, the Untouchaball Ball Boy from The Wolf of Ball StreetD",lost 5 - 0,-2
END_SEASON

PLAYOFFS:
Date/Time,Location,Opposing Team,Score,S.O.C.
Sat Mar 14 @ 2:30 pm,Columbia Icefield: Gym 2,West D,won 0 - 5,0
Mon Mar 30 @ 6:00 pm,Columbia Icefield: Gym 3,West One Ballers,lost 0 - 5,-2
END_PLAYOFFS

ROSTER:
Player,Captaincy,uwaterloo_email
Kaleb Alway,,
Graham Cooper,,
Thomas Hansen,,
Xuan He,,
Adam Jaffe,,
Jun Lee,,
Dickson Leung,,
Brandon Ma,,
Abdul Raheem,,
John Salazar,,
Jakub Schmidtke,,
Gordon Shields,,
Jordan Verasamy,,
Keri Warr,,
END_ROSTER
