INFO:
teamName,The Benchwarmers
teamAbbreviation,The Benchwarmers
sportId,n/a
sportName,n/a
sportRules,n/a
leagueId,watMu
levelId,n/a
seasonName,n/a
seasonId,n/a
Roster Size,14
Season Games Played,6
Playoff Round Lengths,1,1,1
END_INFO

SEASON:
Date/Time,Location,Opposing Team,Score,S.O.C.
Thu Jan 15 @ 6:00 pm,Columbia Icefield: Gym 3,West D,won 0 - 9,3
Thu Jan 22 @ 6:00 pm,Columbia Icefield: Gym 3,West One Ballers,won 8 - 0,2
Thu Jan 29 @ 6:00 pm,Columbia Icefield: Gym 3,S3 Overseers,won 0 - 9,3
Thu Feb 5 @ 6:00 pm,Columbia Icefield: Gym 3,Dodger That,won 1 - 8,3
Thu Feb 12 @ 6:00 pm,Columbia Icefield: Gym 3,S3 Overseers,won 1 - 5,3
Thu Mar 5 @ 6:00 pm,Columbia Icefield: Gym 3,Slumdodge Millionaire,won 0 - 5,avg.
END_SEASON

PLAYOFFS:
Date/Time,Location,Opposing Team,Score,S.O.C.
Thu Mar 12 @ 6:00 pm,Columbia Icefield: Gym 3,die Schmetterlinge,won 5 - 1,2
Thu Mar 19 @ 7:00 pm,Columbia Icefield: Gym 3,Thunderpajama Troopers,won 4 - 2,2
Thu Mar 26 @ 6:00 pm,Columbia Icefield: Gym 3,Shank Foot,lost 3 - 5,2
END_PLAYOFFS

ROSTER:
Player,Captaincy,uwaterloo_email
Nicole Cloutier,(C),nljclout@uwaterloo.ca
Lauren Aitchison,,
Jordan Berry,,
Amy Dam,,
Oleksandr Grabovskyy,,
Alexander Miles,,
Graham Mutter,,
Gillian Pond,,
Saudia Rahamat,,
Scott Rochon,,
Vincent Talbot,,
Jason Taylor,,
Ryan Webber,,
Jordan Wyatt,,
END_ROSTER
