INFO:
teamName,Thunderpajama Troopers
teamAbbreviation,Thunderpajama Troopers
sportId,n/a
sportName,n/a
sportRules,n/a
leagueId,watMu
levelId,n/a
seasonName,n/a
seasonId,n/a
Roster Size,18
Season Games Played,6
Playoff Round Lengths,1,1
END_INFO

SEASON:
Date/Time,Location,Opposing Team,Score,S.O.C.
Thu Jan 15 @ 9:00 pm,Columbia Icefield: Gym 3,die Schmetterlinge,lost 5 - 4,-1
Mon Feb 9 @ 8:00 pm,Columbia Icefield: Gym 3,Sexy South 5,won 7 - 2,2
Thu Feb 26 @ 9:00 pm,Columbia Icefield: Gym 3,S3 Overseers,won 0 - 5,1
Mon Mar 2 @ 7:00 pm,Columbia Icefield: Gym 3,I Shaved My Dodgeballs For This?,won 3 - 5,2
Thu Mar 5 @ 7:00 pm,Columbia Icefield: Gym 3,die Schmetterlinge,won 2 - 6,2
Mon Mar 9 @ 8:00 pm,Columbia Icefield: Gym 3,West One Ballers,won 0 - 5,2
END_SEASON

PLAYOFFS:
Date/Time,Location,Opposing Team,Score,S.O.C.
Mon Mar 16 @ 6:00 pm,Columbia Icefield: Gym 3,"Daj Mabal, the Untouchaball Ball Boy from The Wolf of Ball StreetD",won 2 - 6,1
Thu Mar 19 @ 7:00 pm,Columbia Icefield: Gym 3,The Benchwarmers,lost 4 - 2,2
END_PLAYOFFS

ROSTER:
Player,Captaincy,uwaterloo_email
Waleed Hassan,(C),w3hassan@uwaterloo.ca
Nofal Aamir,,
Talal Aamir,,
Shailja Brahmbhatt,,
Urwah Haq,,
Ali Hassan,,
Waleed Imtiaz,,
Andrew Katz,,
Rida Khan,,
Shehrbano Khan,,
Saif Mahamood,,
Meesam Mahmood,,
Everett Moseley,,
Amal Mustafa,,
Miraj Patel,,
Asim Shamim,,
Farhan Sunka,,
Mengxi Zhu,,
END_ROSTER
