INFO:
teamName,Team Ethan
teamAbbreviation,Team Ethan
sportId,n/a
sportName,n/a
sportRules,n/a
leagueId,watMu
levelId,n/a
seasonName,n/a
seasonId,n/a
Roster Size,12
Season Games Played,6
Playoff Round Lengths,1
END_INFO

SEASON:
Date/Time,Location,Opposing Team,Score,S.O.C.
Sat Jan 17 @ 5:30 pm,Columbia Icefield: Gym 2,Shank Foot,lost 5 - 4,2
Thu Jan 22 @ 5:00 pm,Columbia Icefield: Gym 3,Purple Cobras,lost 4 - 3,2
Sat Jan 31 @ 4:30 pm,Columbia Icefield: Gym 2,Skillz that Killz,lost 5 - 0,-2
Sat Feb 28 @ 6:30 pm,Columbia Icefield: Gym 2,Massive DodgeBalls,won 4 - 5,2
Sat Mar 7 @ 4:30 pm,Columbia Icefield: Gym 2,Dodgey,lost 5 - 3,3
Tue Mar 10 @ 8:30 pm,Columbia Icefield: Gym 2,The Sexy Toasters,lost 4 - 3,3
END_SEASON

PLAYOFFS:
Date/Time,Location,Opposing Team,Score,S.O.C.
Mon Mar 23 @ 6:00 pm,Columbia Icefield: Gym 3,West One Ballers,lost 0 - 5,-2
END_PLAYOFFS

ROSTER:
Player,Captaincy,uwaterloo_email
Ethan Rosentreter,(C),erosentr@uwaterloo.ca
Sami Barbouti,,
Yuheng Fei,,
Gregory Hill,,
Yichen Huang,,
Shang Zhi Li,,
Xuan Liu,,
Hassan Riaz,,
Coleman Sadler,,
Yash Vyas,,
Brett Webster,,
Kanv Yadav,,
END_ROSTER
