INFO:
teamName,Sexy South 5
teamAbbreviation,Sexy South 5
sportId,n/a
sportName,n/a
sportRules,n/a
leagueId,watMu
levelId,n/a
seasonName,n/a
seasonId,n/a
Roster Size,26
Season Games Played,6
Playoff Round Lengths,1,1,1
END_INFO

SEASON:
Date/Time,Location,Opposing Team,Score,S.O.C.
Mon Jan 19 @ 8:00 pm,Columbia Icefield: Gym 3,S3 Overseers,won 3 - 6,3
Thu Jan 22 @ 7:00 pm,Columbia Icefield: Gym 3,West D,won 0 - 5,avg.
Mon Feb 2 @ 9:00 pm,Columbia Icefield: Gym 3,Kashif If You Can,won 3 - 5,-1
Mon Feb 9 @ 8:00 pm,Columbia Icefield: Gym 3,Thunderpajama Troopers,lost 7 - 2,2
Mon Feb 23 @ 10:00 pm,Columbia Icefield: Gym 3,Slumdodge Millionaire,won 2 - 7,1
Mon Mar 9 @ 9:00 pm,Columbia Icefield: Gym 3,A Couple Old Hotdogs in a Mohair Sweater,lost 4 - 3,3
END_SEASON

PLAYOFFS:
Date/Time,Location,Opposing Team,Score,S.O.C.
Sat Mar 14 @ 10:30 pm,Columbia Icefield: Gym 2,The Sexy Toasters,won 6 - 3,2
Mon Mar 23 @ 7:00 pm,Columbia Icefield: Gym 3,Kashif If You Can,won 5 - 3,2
Mon Mar 30 @ 10:00 pm,Columbia Icefield: Gym 3,Popeyes Spicy Chicken VIII,lost 4 - 5,2
END_PLAYOFFS

ROSTER:
Player,Captaincy,uwaterloo_email
Eryn Stewart,(C),epstewar@uwaterloo.ca
Alisha Bhanji,,
Robert Cafuta,,
Maria Cheng,,
Peyman Gardideh,,
Brock Giedraitis,,
Justin Groff,,
Daniel Inglis,,
Francois Le Roux,,
Nathan Leung,,
Stephanie Leung,,
Jonah Librach,,
Jason Ly,,
Munashe Marechera,,
Andrew McEwen,,
Cameron Mills,,
Eugene Min,,
Martin Najdovski,,
Joshua Pope,,
Abhishek Ravi,,
Alim Ravjiani,,
Mathias Renaud,,
Michael Socha,,
Kevin Vandam,,
Elijah Wong,,
Xudong Yang,,
END_ROSTER
