Atlanta Flames,ATF,nhl
1974-75,1975
27
80
0
GP,Date,Time,Location,Opponent,GF,GA,Result,Game Ended In,W,L,T,Streak
1,1974-10-09,time unavailable,@,Vancouver Canucks,3,3,T,REG,0,0,1,T 1
2,1974-10-11,time unavailable,@,California Golden Seals,0,3,L,REG,0,1,1,L 1
3,1974-10-13,time unavailable,@,Chicago Black Hawks,4,3,W,REG,1,1,1,W 1
4,1974-10-16,time unavailable,@,Detroit Red Wings,2,4,L,REG,1,2,1,L 1
5,1974-10-18,time unavailable,H,Kansas City Scouts,4,2,W,REG,2,2,1,W 1
6,1974-10-20,time unavailable,H,Pittsburgh Penguins,5,1,W,REG,3,2,1,W 2
7,1974-10-22,time unavailable,@,New York Islanders,1,2,L,REG,3,3,1,L 1
8,1974-10-23,time unavailable,H,Detroit Red Wings,10,1,W,REG,4,3,1,W 1
9,1974-10-25,time unavailable,H,Minnesota North Stars,2,2,T,REG,4,3,2,T 1
10,1974-10-27,time unavailable,@,New York Rangers,1,4,L,REG,4,4,2,L 1
11,1974-10-30,time unavailable,H,California Golden Seals,4,1,W,REG,5,4,2,W 1
12,1974-11-01,time unavailable,H,Toronto Maple Leafs,5,2,W,REG,6,4,2,W 2
13,1974-11-02,time unavailable,@,St. Louis Blues,0,9,L,REG,6,5,2,L 1
14,1974-11-06,time unavailable,H,New York Islanders,2,1,W,REG,7,5,2,W 1
15,1974-11-08,time unavailable,H,Chicago Black Hawks,2,0,W,REG,8,5,2,W 2
16,1974-11-10,time unavailable,@,Boston Bruins,3,4,L,REG,8,6,2,L 1
17,1974-11-12,time unavailable,@,Washington Capitals,2,2,T,REG,8,6,3,T 1
18,1974-11-13,time unavailable,H,Washington Capitals,4,3,W,REG,9,6,3,W 1
19,1974-11-15,time unavailable,H,Philadelphia Flyers,2,2,T,REG,9,6,4,T 1
20,1974-11-17,time unavailable,@,Buffalo Sabres,0,4,L,REG,9,7,4,L 1
21,1974-11-20,time unavailable,@,Kansas City Scouts,1,0,W,REG,10,7,4,W 1
22,1974-11-22,time unavailable,H,Buffalo Sabres,4,4,T,REG,10,7,5,T 1
23,1974-11-24,time unavailable,@,Philadelphia Flyers,4,3,W,REG,11,7,5,W 1
24,1974-11-27,time unavailable,H,Kansas City Scouts,4,2,W,REG,12,7,5,W 2
25,1974-11-29,time unavailable,H,New York Rangers,3,2,W,REG,13,7,5,W 3
26,1974-12-02,time unavailable,@,Montreal Canadiens,0,2,L,REG,13,8,5,L 1
27,1974-12-04,time unavailable,@,California Golden Seals,1,3,L,REG,13,9,5,L 2
28,1974-12-06,time unavailable,@,Vancouver Canucks,5,7,L,REG,13,10,5,L 3
29,1974-12-07,time unavailable,@,Los Angeles Kings,2,6,L,REG,13,11,5,L 4
30,1974-12-11,time unavailable,H,Chicago Black Hawks,2,5,L,REG,13,12,5,L 5
31,1974-12-13,time unavailable,H,Philadelphia Flyers,2,3,L,REG,13,13,5,L 6
32,1974-12-14,time unavailable,@,Toronto Maple Leafs,2,4,L,REG,13,14,5,L 7
33,1974-12-17,time unavailable,@,Boston Bruins,3,5,L,REG,13,15,5,L 8
34,1974-12-20,time unavailable,H,St. Louis Blues,6,2,W,REG,14,15,5,W 1
35,1974-12-22,time unavailable,@,New York Rangers,4,3,W,REG,15,15,5,W 2
36,1974-12-26,time unavailable,H,New York Islanders,2,1,W,REG,16,15,5,W 3
37,1974-12-28,time unavailable,@,Pittsburgh Penguins,3,3,T,REG,16,15,6,T 1
38,1975-01-02,time unavailable,H,Montreal Canadiens,1,1,T,REG,16,15,7,T 2
39,1975-01-04,time unavailable,@,St. Louis Blues,4,1,W,REG,17,15,7,W 1
40,1975-01-05,time unavailable,H,Washington Capitals,3,0,W,REG,18,15,7,W 2
41,1975-01-08,time unavailable,H,California Golden Seals,3,2,W,REG,19,15,7,W 3
42,1975-01-10,time unavailable,H,Pittsburgh Penguins,3,3,T,REG,19,15,8,T 1
43,1975-01-11,time unavailable,@,New York Islanders,2,2,T,REG,19,15,9,T 2
44,1975-01-15,time unavailable,@,Pittsburgh Penguins,3,5,L,REG,19,16,9,L 1
45,1975-01-17,time unavailable,H,Los Angeles Kings,5,0,W,REG,20,16,9,W 1
46,1975-01-18,time unavailable,@,Philadelphia Flyers,1,4,L,REG,20,17,9,L 1
47,1975-01-23,time unavailable,@,New York Rangers,2,5,L,REG,20,18,9,L 2
48,1975-01-24,time unavailable,H,Vancouver Canucks,1,4,L,REG,20,19,9,L 3
49,1975-01-26,time unavailable,@,Buffalo Sabres,4,3,W,REG,21,19,9,W 1
50,1975-01-29,time unavailable,@,Kansas City Scouts,4,4,T,REG,21,19,10,T 1
51,1975-01-31,time unavailable,H,St. Louis Blues,2,4,L,REG,21,20,10,L 1
52,1975-02-02,time unavailable,@,Minnesota North Stars,5,3,W,REG,22,20,10,W 1
53,1975-02-05,time unavailable,H,Boston Bruins,3,3,T,REG,22,20,11,T 1
54,1975-02-07,time unavailable,H,Los Angeles Kings,3,1,W,REG,23,20,11,W 1
55,1975-02-09,time unavailable,H,Minnesota North Stars,2,3,L,REG,23,21,11,L 1
56,1975-02-12,time unavailable,@,Los Angeles Kings,2,2,T,REG,23,21,12,T 1
57,1975-02-15,time unavailable,@,Vancouver Canucks,3,3,T,REG,23,21,13,T 2
58,1975-02-19,time unavailable,@,Minnesota North Stars,4,2,W,REG,24,21,13,W 1
59,1975-02-22,time unavailable,@,Detroit Red Wings,3,4,L,REG,24,22,13,L 1
60,1975-02-23,time unavailable,@,Chicago Black Hawks,0,4,L,REG,24,23,13,L 2
61,1975-02-26,time unavailable,H,Philadelphia Flyers,7,4,W,REG,25,23,13,W 1
62,1975-02-28,time unavailable,H,Chicago Black Hawks,3,4,L,REG,25,24,13,L 1
63,1975-03-02,time unavailable,H,Kansas City Scouts,4,0,W,REG,26,24,13,W 1
64,1975-03-05,time unavailable,H,Montreal Canadiens,3,4,L,REG,26,25,13,L 1
65,1975-03-07,time unavailable,H,Boston Bruins,2,4,L,REG,26,26,13,L 2
66,1975-03-09,time unavailable,@,Boston Bruins,2,5,L,REG,26,27,13,L 3
67,1975-03-11,time unavailable,@,St. Louis Blues,0,3,L,REG,26,28,13,L 4
68,1975-03-12,time unavailable,H,Minnesota North Stars,9,4,W,REG,27,28,13,W 1
69,1975-03-14,time unavailable,H,New York Rangers,1,0,W,REG,28,28,13,W 2
70,1975-03-17,time unavailable,@,Montreal Canadiens,1,5,L,REG,28,29,13,L 1
71,1975-03-19,time unavailable,H,Toronto Maple Leafs,8,7,W,REG,29,29,13,W 1
72,1975-03-21,time unavailable,H,Vancouver Canucks,12,4,W,REG,30,29,13,W 2
73,1975-03-23,time unavailable,@,Washington Capitals,5,0,W,REG,31,29,13,W 3
74,1975-03-26,time unavailable,H,Detroit Red Wings,5,3,W,REG,32,29,13,W 4
75,1975-03-28,time unavailable,H,Buffalo Sabres,3,2,W,REG,33,29,13,W 5
76,1975-03-30,time unavailable,H,New York Islanders,2,2,T,REG,33,29,14,T 1
77,1975-04-01,time unavailable,@,New York Islanders,2,2,T,REG,33,29,15,T 2
78,1975-04-02,time unavailable,@,Toronto Maple Leafs,3,0,W,REG,34,29,15,W 1
79,1975-04-04,time unavailable,H,New York Rangers,2,3,L,REG,34,30,15,L 1
80,1975-04-06,time unavailable,@,Philadelphia Flyers,2,6,L,REG,34,31,15,L 2

Time,Location,Result,Game Ended In

Curt Bennett,,5,LW,26,6-3,195,L/-,4,"March 27, 1948",ca,"31 G, 33 A, 64 P"
Dwight Bialowas,,22,D,22,6-0,185,R/-,1,"September 8, 1952",ca,"3 G, 9 A, 12 P"
Dan Bouchard,,30,G,24,6-0,190,-/L,2,"December 12, 1950",ca,"20-15-5, 2.78 GAA"
Jerry Byers,,10,LW,22,5-11,170,L/-,2,"March 29, 1952",ca,"1 G, 1 A, 2 P"
Guy Chouinard,,16,C,18,5-11,182,R/-,R,"October 20, 1956",ca,"0 G, 0 A, 0 P"
Rey Comeau,,18,C,26,5-8,190,L/-,3,"October 25, 1948",ca,"14 G, 20 A, 34 P"
Tim Ecclestone,,14,RW,27,5-10,195,R/-,7,"September 24, 1947",ca,"13 G, 21 A, 34 P"
Barry Gibbs,,2,D,26,5-11,195,R/-,7,"September 28, 1948",ca,"3 G, 13 A, 16 P"
Hilliard Graves,,17,RW,24,5-11,175,R/-,3,"October 18, 1950",ca,"10 G, 19 A, 29 P"
Buster Harvey,,8,RW,24,6-0,185,R/-,3,"April 2, 1950",ca,"17 G, 27 A, 44 P"
Bryan Hextall,,20,C,33,5-11,185,L/-,6,"May 23, 1941",ca,"18 G, 16 A, 34 P"
Ed Kea,,19,D,27,6-3,200,L/-,1,"January 19, 1948",nl,"1 G, 9 A, 10 P"
Bobby Leiter,,16,C,33,5-9,175,L/-,8,"March 22, 1941",ca,"10 G, 18 A, 28 P"
Jean Lemieux,,2-6-20,D,22,6-1,180,R/-,1,"May 31, 1952",ca,"3 G, 24 A, 27 P"
Tom Lysiak,,12,C,21,6-1,185,L/-,1,"April 22, 1953",ca,"25 G, 52 A, 77 P"
Randy Manery,,7,D,26,6-0,185,R/-,4,"January 10, 1949",ca,"5 G, 27 A, 32 P"
Keith McCreary,(C),9,LW,34,5-10,180,L/-,8,"June 19, 1940",ca,"11 G, 10 A, 21 P"
Gerry Meehan,,10,C,28,6-2,200,L/-,5,"September 3, 1946",ca,"4 G, 10 A, 14 P"
Vic Mercredi,,10,C,21,5-11,185,R/-,R,"March 31, 1953",ca,"0 G, 0 A, 0 P"
Bob Murray,,23,D,26,6-1,195,L/-,1,"July 16, 1948",ca,"3 G, 3 A, 6 P"
Phil Myre,,1,G,26,6-1,185,-/L,5,"November 1, 1948",ca,"14-16-10, 2.85 GAA"
Noel Price,,4,D,39,6-0,190,L/-,12,"December 9, 1935",ca,"4 G, 14 A, 18 P"
Pat Quinn,,3,D,32,6-3,205,L/-,6,"January 29, 1943",ca,"2 G, 19 A, 21 P"
Jacques Richard,,15,LW,22,5-11,180,L/-,2,"October 7, 1952",ca,"17 G, 12 A, 29 P"
Larry Romanchych,,21,RW,25,6-1,180,R/-,3,"September 7, 1949",ca,"8 G, 12 A, 20 P"
Dean Talafous,,24,RW,21,6-4,180,R/-,R,"August 25, 1953",us,"1 G, 4 A, 5 P"
Eric Vail,,27,LW,21,6-1,220,L/-,1,"September 16, 1953",ca,"39 G, 21 A, 60 P"
