Chicago Black Hawks,CBH,nhl
1974-75,1975
25
80
3,5
GP,Date,Time,Location,Opponent,GF,GA,Result,Game Ended In,W,L,T,Streak
1,1974-10-09,time unavailable,@,Detroit Red Wings,1,2,L,REG,0,1,0,L 1
2,1974-10-13,time unavailable,H,Atlanta Flames,3,4,L,REG,0,2,0,L 2
3,1974-10-16,time unavailable,H,Boston Bruins,4,0,W,REG,1,2,0,W 1
4,1974-10-17,time unavailable,@,Washington Capitals,3,4,L,REG,1,3,0,L 1
5,1974-10-19,time unavailable,@,St. Louis Blues,3,1,W,REG,2,3,0,W 1
6,1974-10-20,time unavailable,H,Minnesota North Stars,6,0,W,REG,3,3,0,W 2
7,1974-10-23,time unavailable,H,Washington Capitals,3,2,W,REG,4,3,0,W 3
8,1974-10-26,time unavailable,@,Toronto Maple Leafs,9,3,W,REG,5,3,0,W 4
9,1974-10-27,time unavailable,H,St. Louis Blues,10,3,W,REG,6,3,0,W 5
10,1974-10-30,time unavailable,@,Montreal Canadiens,4,4,T,REG,6,3,1,T 1
11,1974-11-02,time unavailable,@,Kansas City Scouts,4,3,W,REG,7,3,1,W 1
12,1974-11-03,time unavailable,H,Pittsburgh Penguins,3,3,T,REG,7,3,2,T 1
13,1974-11-06,time unavailable,@,Buffalo Sabres,4,6,L,REG,7,4,2,L 1
14,1974-11-08,time unavailable,@,Atlanta Flames,0,2,L,REG,7,5,2,L 2
15,1974-11-12,time unavailable,@,Vancouver Canucks,0,1,L,REG,7,6,2,L 3
16,1974-11-13,time unavailable,@,California Golden Seals,0,2,L,REG,7,7,2,L 4
17,1974-11-16,time unavailable,@,Los Angeles Kings,2,1,W,REG,8,7,2,W 1
18,1974-11-20,time unavailable,H,New York Islanders,4,4,T,REG,8,7,3,T 1
19,1974-11-23,time unavailable,H,Kansas City Scouts,6,0,W,REG,9,7,3,W 1
20,1974-11-27,time unavailable,H,Buffalo Sabres,1,3,L,REG,9,8,3,L 1
21,1974-11-30,time unavailable,@,Minnesota North Stars,3,5,L,REG,9,9,3,L 2
22,1974-12-01,time unavailable,H,Minnesota North Stars,3,0,W,REG,10,9,3,W 1
23,1974-12-04,time unavailable,H,Kansas City Scouts,7,3,W,REG,11,9,3,W 2
24,1974-12-05,time unavailable,@,Philadelphia Flyers,2,3,L,REG,11,10,3,L 1
25,1974-12-07,time unavailable,H,New York Rangers,4,7,L,REG,11,11,3,L 2
26,1974-12-08,time unavailable,H,Toronto Maple Leafs,1,4,L,REG,11,12,3,L 3
27,1974-12-11,time unavailable,@,Atlanta Flames,5,2,W,REG,12,12,3,W 1
28,1974-12-14,time unavailable,@,Pittsburgh Penguins,3,6,L,REG,12,13,3,L 1
29,1974-12-15,time unavailable,H,Vancouver Canucks,4,2,W,REG,13,13,3,W 1
30,1974-12-18,time unavailable,H,Detroit Red Wings,7,5,W,REG,14,13,3,W 2
31,1974-12-21,time unavailable,@,New York Islanders,3,3,T,REG,14,13,4,T 1
32,1974-12-22,time unavailable,H,Toronto Maple Leafs,3,0,W,REG,15,13,4,W 1
33,1974-12-26,time unavailable,@,Buffalo Sabres,1,3,L,REG,15,14,4,L 1
34,1974-12-28,time unavailable,H,Philadelphia Flyers,2,1,W,REG,16,14,4,W 1
35,1974-12-29,time unavailable,H,St. Louis Blues,5,2,W,REG,17,14,4,W 2
36,1974-12-31,time unavailable,H,Los Angeles Kings,1,3,L,REG,17,15,4,L 1
37,1975-01-01,time unavailable,@,New York Rangers,2,6,L,REG,17,16,4,L 2
38,1975-01-04,time unavailable,@,Toronto Maple Leafs,3,6,L,REG,17,17,4,L 3
39,1975-01-05,time unavailable,H,Montreal Canadiens,4,6,L,REG,17,18,4,L 4
40,1975-01-08,time unavailable,H,Pittsburgh Penguins,7,5,W,REG,18,18,4,W 1
41,1975-01-11,time unavailable,@,Boston Bruins,1,5,L,REG,18,19,4,L 1
42,1975-01-12,time unavailable,H,New York Rangers,4,2,W,REG,19,19,4,W 1
43,1975-01-15,time unavailable,H,Vancouver Canucks,2,1,W,REG,20,19,4,W 2
44,1975-01-18,time unavailable,@,Kansas City Scouts,1,4,L,REG,20,20,4,L 1
45,1975-01-19,time unavailable,H,California Golden Seals,3,1,W,REG,21,20,4,W 1
46,1975-01-23,time unavailable,H,New York Islanders,3,1,W,REG,22,20,4,W 2
47,1975-01-25,time unavailable,@,St. Louis Blues,4,1,W,REG,23,20,4,W 3
48,1975-01-26,time unavailable,H,California Golden Seals,3,2,W,REG,24,20,4,W 4
49,1975-01-29,time unavailable,@,Pittsburgh Penguins,1,6,L,REG,24,21,4,L 1
50,1975-02-01,time unavailable,H,New York Rangers,1,4,L,REG,24,22,4,L 2
51,1975-02-02,time unavailable,H,New York Islanders,1,1,T,REG,24,22,5,T 1
52,1975-02-04,time unavailable,@,Kansas City Scouts,3,3,T,REG,24,22,6,T 2
53,1975-02-05,time unavailable,@,Minnesota North Stars,2,1,W,REG,25,22,6,W 1
54,1975-02-07,time unavailable,@,Vancouver Canucks,1,3,L,REG,25,23,6,L 1
55,1975-02-09,time unavailable,H,Los Angeles Kings,1,2,L,REG,25,24,6,L 2
56,1975-02-12,time unavailable,H,Boston Bruins,8,3,W,REG,26,24,6,W 1
57,1975-02-13,time unavailable,@,Philadelphia Flyers,1,4,L,REG,26,25,6,L 1
58,1975-02-15,time unavailable,@,Montreal Canadiens,3,12,L,REG,26,26,6,L 2
59,1975-02-16,time unavailable,H,Montreal Canadiens,3,6,L,REG,26,27,6,L 3
60,1975-02-19,time unavailable,@,New York Rangers,2,2,T,REG,26,27,7,T 1
61,1975-02-22,time unavailable,H,Washington Capitals,10,3,W,REG,27,27,7,W 1
62,1975-02-23,time unavailable,H,Atlanta Flames,4,0,W,REG,28,27,7,W 2
63,1975-02-25,time unavailable,@,Washington Capitals,6,2,W,REG,29,27,7,W 3
64,1975-02-28,time unavailable,@,Atlanta Flames,4,3,W,REG,30,27,7,W 4
65,1975-03-02,time unavailable,@,Boston Bruins,2,6,L,REG,30,28,7,L 1
66,1975-03-05,time unavailable,@,California Golden Seals,4,2,W,REG,31,28,7,W 1
67,1975-03-07,time unavailable,@,Vancouver Canucks,1,2,L,REG,31,29,7,L 1
68,1975-03-08,time unavailable,@,Los Angeles Kings,6,1,W,REG,32,29,7,W 1
69,1975-03-12,time unavailable,H,St. Louis Blues,3,4,L,REG,32,30,7,L 1
70,1975-03-15,time unavailable,@,Minnesota North Stars,5,2,W,REG,33,30,7,W 1
71,1975-03-16,time unavailable,H,Vancouver Canucks,3,4,L,REG,33,31,7,L 1
72,1975-03-20,time unavailable,@,Detroit Red Wings,6,2,W,REG,34,31,7,W 1
73,1975-03-22,time unavailable,@,New York Islanders,2,4,L,REG,34,32,7,L 1
74,1975-03-23,time unavailable,H,Detroit Red Wings,4,4,T,REG,34,32,8,T 1
75,1975-03-26,time unavailable,H,Buffalo Sabres,5,1,W,REG,35,32,8,W 1
76,1975-03-29,time unavailable,H,Philadelphia Flyers,2,5,L,REG,35,33,8,L 1
77,1975-03-30,time unavailable,@,Philadelphia Flyers,1,4,L,REG,35,34,8,L 2
78,1975-04-03,time unavailable,H,Kansas City Scouts,6,4,W,REG,36,34,8,W 1
79,1975-04-05,time unavailable,@,St. Louis Blues,3,4,L,REG,36,35,8,L 1
80,1975-04-06,time unavailable,H,Minnesota North Stars,3,0,W,REG,37,35,8,W 1

GP,Date,Time,Location,Opponent,GF,GA,Result,Game Ended In,W,L,T,Streak
1,1975-04-08,time unavailable,@,Boston Bruins,2,8,L,REG,0,1,0,L 1
2,1975-04-10,time unavailable,H,Boston Bruins,4,3,W,OT,1,1,0,W 1
3,1975-04-11,time unavailable,@,Boston Bruins,6,4,W,REG,2,1,0,W 2
4,1975-04-13,time unavailable,@,Buffalo Sabres,1,4,L,REG,2,2,0,L 1
5,1975-04-15,time unavailable,@,Buffalo Sabres,1,3,L,REG,2,3,0,L 2
6,1975-04-17,time unavailable,H,Buffalo Sabres,5,4,W,OT,3,3,0,W 1
7,1975-04-20,time unavailable,H,Buffalo Sabres,2,6,L,REG,3,4,0,L 1
8,1975-04-22,time unavailable,@,Buffalo Sabres,1,3,L,REG,3,5,0,L 2

Ivan Boldirev,,12,C,25,6-0,190,L/-,4,"August 15, 1949",yu,"24 G, 43 A, 67 P"
J.P. Bordeleau,,23,RW,25,6-1,175,R/-,3,"June 13, 1949",ca,"7 G, 8 A, 15 P"
Alain Daigle,,17,RW,20,5-10,180,R/-,R,"August 24, 1954",ca,"5 G, 4 A, 9 P"
Michel Dumas,,30,G,25,5-9,180,-/L,R,"July 8, 1949",ca,"2-0-0, 3.47 GAA"
Tony Esposito,,35,G,31,5-11,185,-/R,6,"April 23, 1943",ca,"34-30-7, 2.74 GAA"
Germain Gagnon,,14,LW,32,6-0,175,L/-,3,"December 9, 1942",ca,"16 G, 35 A, 51 P"
Randy Holt,,6,D,22,5-11,185,R/-,R,"January 15, 1953",ca,"0 G, 1 A, 1 P"
Dennis Hull,,10,LW,30,5-11,198,L/-,10,"November 19, 1944",ca,"16 G, 21 A, 37 P"
Doug Jarrett,,4,D,30,6-3,205,L/-,10,"April 22, 1944",ca,"5 G, 21 A, 26 P"
Cliff Koroll,,20,RW,28,6-1,195,R/-,5,"October 1, 1946",ca,"27 G, 32 A, 59 P"
Keith Magnuson,,3,D,27,6-0,185,R/-,5,"April 27, 1947",ca,"2 G, 12 A, 14 P"
John Marks,,11,LW,26,6-2,200,L/-,2,"March 22, 1948",ca,"17 G, 30 A, 47 P"
Pit Martin,,7,C,31,5-9,170,R/-,12,"December 9, 1943",ca,"19 G, 26 A, 45 P"
Stan Mikita,,21,C,34,5-9,169,R/-,16,"May 20, 1940",cs,"36 G, 50 A, 86 P"
Grant Mulvey,,22,RW,18,6-4,200,R/-,R,"September 17, 1956",ca,"7 G, 4 A, 11 P"
Rob Palmer,,24,C,22,6-0,190,L/-,1,"October 2, 1952",us,"0 G, 2 A, 2 P"
Jim Pappin,,8,RW,35,6-0,190,R/-,11,"September 10, 1939",ca,"36 G, 27 A, 63 P"
Dick Redmond,,15,D,25,5-11,178,L/-,5,"August 14, 1949",ca,"14 G, 43 A, 57 P"
Darcy Rota,,18,LW,21,5-11,180,L/-,1,"February 16, 1953",ca,"22 G, 22 A, 44 P"
Phil Russell,,5,D,22,6-2,205,L/-,2,"July 21, 1952",ca,"5 G, 24 A, 29 P"
Dale Tallon,,19,D,24,6-1,195,L/-,4,"October 19, 1950",ca,"5 G, 10 A, 15 P"
Mike Veisor,,1,G,22,5-9,160,-/L,1,"August 25, 1952",ca,"1-5-1, 4.70 GAA"
Bill White,,2,D,35,6-2,195,R/-,7,"August 26, 1939",ca,"4 G, 23 A, 27 P"
Roger Wilson,,6,D,28,5-11,175,R/-,R,"September 18, 1946",ca,"0 G, 2 A, 2 P"
Duane Wylie,,24,C,24,5-8,170,L/-,R,"November 10, 1950",us,"1 G, 3 A, 4 P"
