California Golden Seals,CGS,nhl
1974-75,1975
34
80
0
GP,Date,Time,Location,Opponent,GF,GA,Result,Game Ended In,W,L,T,Streak
1,1974-10-09,time unavailable,H,St. Louis Blues,4,4,T,REG,0,0,1,T 1
2,1974-10-11,time unavailable,H,Atlanta Flames,3,0,W,REG,1,0,1,W 1
3,1974-10-13,time unavailable,@,Detroit Red Wings,3,7,L,REG,1,1,1,L 1
4,1974-10-16,time unavailable,@,New York Rangers,5,5,T,REG,1,1,2,T 1
5,1974-10-17,time unavailable,@,Buffalo Sabres,1,6,L,REG,1,2,2,L 1
6,1974-10-19,time unavailable,@,Montreal Canadiens,1,5,L,REG,1,3,2,L 2
7,1974-10-20,time unavailable,@,Boston Bruins,0,5,L,REG,1,4,2,L 3
8,1974-10-23,time unavailable,H,Kansas City Scouts,4,4,T,REG,1,4,3,T 1
9,1974-10-25,time unavailable,H,Philadelphia Flyers,4,1,W,REG,2,4,3,W 1
10,1974-10-26,time unavailable,@,Los Angeles Kings,1,5,L,REG,2,5,3,L 1
11,1974-10-28,time unavailable,@,New York Islanders,1,10,L,REG,2,6,3,L 2
12,1974-10-30,time unavailable,@,Atlanta Flames,1,4,L,REG,2,7,3,L 3
13,1974-11-01,time unavailable,H,Detroit Red Wings,4,4,T,REG,2,7,4,T 1
14,1974-11-06,time unavailable,H,New York Rangers,3,7,L,REG,2,8,4,L 1
15,1974-11-09,time unavailable,@,Pittsburgh Penguins,2,5,L,REG,2,9,4,L 2
16,1974-11-10,time unavailable,@,Philadelphia Flyers,0,3,L,REG,2,10,4,L 3
17,1974-11-13,time unavailable,H,Chicago Black Hawks,2,0,W,REG,3,10,4,W 1
18,1974-11-15,time unavailable,H,Toronto Maple Leafs,3,5,L,REG,3,11,4,L 1
19,1974-11-17,time unavailable,@,New York Rangers,0,10,L,REG,3,12,4,L 2
20,1974-11-19,time unavailable,@,Washington Capitals,4,6,L,REG,3,13,4,L 3
21,1974-11-21,time unavailable,@,Boston Bruins,2,4,L,REG,3,14,4,L 4
22,1974-11-23,time unavailable,@,Minnesota North Stars,1,3,L,REG,3,15,4,L 5
23,1974-11-27,time unavailable,H,Boston Bruins,1,3,L,REG,3,16,4,L 6
24,1974-11-29,time unavailable,H,New York Islanders,3,3,T,REG,3,16,5,T 1
25,1974-12-01,time unavailable,@,Washington Capitals,5,2,W,REG,4,16,5,W 1
26,1974-12-03,time unavailable,@,St. Louis Blues,1,5,L,REG,4,17,5,L 1
27,1974-12-04,time unavailable,H,Atlanta Flames,3,1,W,REG,5,17,5,W 1
28,1974-12-06,time unavailable,H,Minnesota North Stars,5,3,W,REG,6,17,5,W 2
29,1974-12-10,time unavailable,@,Vancouver Canucks,0,3,L,REG,6,18,5,L 1
30,1974-12-12,time unavailable,@,Kansas City Scouts,3,5,L,REG,6,19,5,L 2
31,1974-12-14,time unavailable,@,Montreal Canadiens,3,5,L,REG,6,20,5,L 3
32,1974-12-15,time unavailable,@,Buffalo Sabres,5,5,T,REG,6,20,6,T 1
33,1974-12-18,time unavailable,H,Montreal Canadiens,3,4,L,REG,6,21,6,L 1
34,1974-12-20,time unavailable,H,Washington Capitals,5,2,W,REG,7,21,6,W 1
35,1974-12-22,time unavailable,H,Vancouver Canucks,4,6,L,REG,7,22,6,L 1
36,1974-12-27,time unavailable,H,Boston Bruins,5,2,W,REG,8,22,6,W 1
37,1974-12-28,time unavailable,@,Los Angeles Kings,3,2,W,REG,9,22,6,W 2
38,1974-12-31,time unavailable,@,Detroit Red Wings,3,4,L,REG,9,23,6,L 1
39,1975-01-01,time unavailable,@,Toronto Maple Leafs,3,3,T,REG,9,23,7,T 1
40,1975-01-03,time unavailable,H,Buffalo Sabres,2,2,T,REG,9,23,8,T 2
41,1975-01-05,time unavailable,H,Philadelphia Flyers,5,1,W,REG,10,23,8,W 1
42,1975-01-07,time unavailable,@,St. Louis Blues,3,2,W,REG,11,23,8,W 2
43,1975-01-08,time unavailable,@,Atlanta Flames,2,3,L,REG,11,24,8,L 1
44,1975-01-11,time unavailable,@,Pittsburgh Penguins,3,6,L,REG,11,25,8,L 2
45,1975-01-12,time unavailable,@,Philadelphia Flyers,1,2,L,REG,11,26,8,L 3
46,1975-01-15,time unavailable,H,Buffalo Sabres,0,4,L,REG,11,27,8,L 4
47,1975-01-17,time unavailable,H,New York Rangers,4,4,T,REG,11,27,9,T 1
48,1975-01-19,time unavailable,@,Chicago Black Hawks,1,3,L,REG,11,28,9,L 1
49,1975-01-22,time unavailable,@,Pittsburgh Penguins,5,7,L,REG,11,29,9,L 2
50,1975-01-24,time unavailable,H,Toronto Maple Leafs,6,1,W,REG,12,29,9,W 1
51,1975-01-26,time unavailable,@,Chicago Black Hawks,2,3,L,REG,12,30,9,L 1
52,1975-01-29,time unavailable,@,Toronto Maple Leafs,2,4,L,REG,12,31,9,L 2
53,1975-01-30,time unavailable,@,Boston Bruins,0,6,L,REG,12,32,9,L 3
54,1975-02-02,time unavailable,H,Montreal Canadiens,1,5,L,REG,12,33,9,L 4
55,1975-02-05,time unavailable,H,Washington Capitals,5,1,W,REG,13,33,9,W 1
56,1975-02-07,time unavailable,H,Pittsburgh Penguins,1,4,L,REG,13,34,9,L 1
57,1975-02-09,time unavailable,H,Kansas City Scouts,1,2,L,REG,13,35,9,L 2
58,1975-02-12,time unavailable,H,Detroit Red Wings,4,2,W,REG,14,35,9,W 1
59,1975-02-15,time unavailable,@,Kansas City Scouts,3,0,W,REG,15,35,9,W 2
60,1975-02-16,time unavailable,@,Minnesota North Stars,4,8,L,REG,15,36,9,L 1
61,1975-02-19,time unavailable,H,Toronto Maple Leafs,3,3,T,REG,15,36,10,T 1
62,1975-02-21,time unavailable,H,Boston Bruins,6,4,W,REG,16,36,10,W 1
63,1975-02-23,time unavailable,H,Los Angeles Kings,2,2,T,REG,16,36,11,T 1
64,1975-02-26,time unavailable,H,Minnesota North Stars,1,3,L,REG,16,37,11,L 1
65,1975-03-01,time unavailable,@,New York Islanders,1,6,L,REG,16,38,11,L 2
66,1975-03-03,time unavailable,@,Montreal Canadiens,2,4,L,REG,16,39,11,L 3
67,1975-03-05,time unavailable,H,Chicago Black Hawks,2,4,L,REG,16,40,11,L 4
68,1975-03-09,time unavailable,H,New York Islanders,4,2,W,REG,17,40,11,W 1
69,1975-03-12,time unavailable,H,Buffalo Sabres,2,7,L,REG,17,41,11,L 1
70,1975-03-14,time unavailable,H,Detroit Red Wings,4,2,W,REG,18,41,11,W 1
71,1975-03-19,time unavailable,H,Pittsburgh Penguins,3,3,T,REG,18,41,12,T 1
72,1975-03-21,time unavailable,H,St. Louis Blues,7,4,W,REG,19,41,12,W 1
73,1975-03-23,time unavailable,@,Buffalo Sabres,4,9,L,REG,19,42,12,L 1
74,1975-03-24,time unavailable,@,Toronto Maple Leafs,3,5,L,REG,19,43,12,L 2
75,1975-03-26,time unavailable,H,Philadelphia Flyers,2,6,L,REG,19,44,12,L 3
76,1975-03-28,time unavailable,H,Washington Capitals,3,5,L,REG,19,45,12,L 4
77,1975-04-01,time unavailable,@,Vancouver Canucks,0,7,L,REG,19,46,12,L 5
78,1975-04-02,time unavailable,H,Vancouver Canucks,0,3,L,REG,19,47,12,L 6
79,1975-04-05,time unavailable,@,Los Angeles Kings,3,5,L,REG,19,48,12,L 7
80,1975-04-06,time unavailable,H,Los Angeles Kings,1,1,T,REG,19,48,13,T 1

Time,Location,Result,Game Ended In

Fred Ahern,,16,RW,22,6-0,180,R/-,R,"February 12, 1952",us,"2 G, 1 A, 3 P"
Mike Christie,,3,D,25,6-0,190,L/-,R,"December 20, 1949",us,"0 G, 14 A, 14 P"
Len Frig,,6,D,24,5-11,190,R/-,1,"October 30, 1950",ca,"3 G, 17 A, 20 P"
Dave Gardner,,7,C,22,6-0,185,R/-,2,"August 23, 1952",ca,"16 G, 20 A, 36 P"
Stan Gilbertson,,10,LW,30,6-0,175,L/-,3,"October 29, 1944",us,"1 G, 4 A, 5 P"
Bruce Greig,,28,LW,21,6-2,220,L/-,1,"May 9, 1953",ca,"0 G, 1 A, 1 P"
Rick Hampton,,2,D,18,6-0,190,L/-,R,"June 14, 1956",ca,"8 G, 17 A, 25 P"
Gary Holt,,8,LW,23,5-9,175,L/-,1,"January 1, 1952",ca,"0 G, 1 A, 1 P"
Dave Hrechkosy,,18,LW,23,6-2,195,L/-,1,"November 1, 1951",ca,"29 G, 14 A, 43 P"
Ron Huston,,11,C,29,5-9,170,R/-,1,"April 8, 1945",ca,"12 G, 21 A, 33 P"
Joey Johnston,,22,LW,25,5-10,180,L/-,4,"March 3, 1949",ca,"14 G, 23 A, 37 P"
Wayne King,,24,C,23,5-10,185,R/-,1,"September 4, 1951",ca,"4 G, 7 A, 11 P"
Brian Lavender,,8,LW,27,6-0,174,L/-,3,"April 20, 1947",ca,"3 G, 7 A, 10 P"
Al MacAdam,,23-25,RW,22,6-0,180,L/-,1,"March 16, 1952",ca,"18 G, 25 A, 43 P"
Ted McAneeley,,23,D,24,5-9,185,L/-,2,"November 7, 1950",ca,"0 G, 2 A, 2 P"
Brent Meeke,,24,D,22,5-11,175,L/-,2,"April 10, 1952",ca,"0 G, 0 A, 0 P"
Gilles Meloche,,27,G,24,5-10,185,-/L,4,"July 12, 1950",ca,"9-27-10, 4.03 GAA"
Morris Mott,,20,RW,28,5-8,165,L/-,2,"May 25, 1946",ca,"3 G, 8 A, 11 P"
Jim Moxey,,19,RW,21,6-1,190,L/-,R,"May 28, 1953",ca,"5 G, 4 A, 9 P"
Terry Murray,,5,D,24,6-2,190,R/-,2,"July 20, 1950",ca,"0 G, 2 A, 2 P"
Jim Neilson,,15,D,34,6-2,205,L/-,12,"November 28, 1940",ca,"3 G, 17 A, 20 P"
Larry Patey,,9,C,21,6-1,185,L/-,1,"March 19, 1953",ca,"25 G, 20 A, 45 P"
Craig Patrick,,14,RW,28,6-0,190,L/-,3,"May 20, 1946",us,"2 G, 1 A, 3 P"
Glenn Patrick,,5-14,D,24,6-2,190,L/-,1,"April 26, 1950",us,"0 G, 0 A, 0 P"
George Pesut,,5-26,D,21,6-1,205,L/-,R,"June 17, 1953",ca,"0 G, 13 A, 13 P"
Tom Price,,5,D,20,6-1,190,L/-,R,"July 12, 1954",ca,"0 G, 0 A, 0 P"
Charlie Simmer,,10,LW,20,6-3,210,L/-,R,"March 20, 1954",ca,"8 G, 13 A, 21 P"
Gary Simmons,,30,G,30,6-2,200,-/L,R,"July 19, 1944",ca,"10-21-3, 3.67 GAA"
Frank Spring,,14,RW,25,6-3,216,R/-,2,"October 19, 1949",ca,"3 G, 8 A, 11 P"
Bob Stewart,,4,D,24,6-1,206,L/-,3,"November 10, 1950",ca,"5 G, 12 A, 17 P"
John Stewart,,17,LW,24,6-0,180,L/-,4,"May 16, 1950",ca,"19 G, 19 A, 38 P"
Stan Weir,,21,C,22,6-1,180,L/-,2,"March 17, 1952",ca,"18 G, 27 A, 45 P"
Butch Williams,,12,RW,22,5-11,195,R/-,1,"September 11, 1952",us,"11 G, 21 A, 32 P"
Larry Wright,,16,D,23,6-2,180,L/-,2,"October 8, 1951",ca,"0 G, 0 A, 0 P"
