Montreal Canadiens,MTL,nhl
1974-75,1975
26
80
5,6
GP,Date,Time,Location,Opponent,GF,GA,Result,Game Ended In,W,L,T,Streak
1,1974-10-09,time unavailable,H,New York Islanders,5,5,T,REG,0,0,1,T 1
2,1974-10-12,time unavailable,H,Los Angeles Kings,4,4,T,REG,0,0,2,T 2
3,1974-10-15,time unavailable,@,New York Islanders,3,6,L,REG,0,1,2,L 1
4,1974-10-17,time unavailable,@,St. Louis Blues,2,3,L,REG,0,2,2,L 2
5,1974-10-19,time unavailable,H,California Golden Seals,5,1,W,REG,1,2,2,W 1
6,1974-10-20,time unavailable,@,Philadelphia Flyers,2,2,T,REG,1,2,3,T 1
7,1974-10-23,time unavailable,@,Toronto Maple Leafs,3,2,W,REG,2,2,3,W 1
8,1974-10-26,time unavailable,H,Detroit Red Wings,4,2,W,REG,3,2,3,W 2
9,1974-10-27,time unavailable,@,Buffalo Sabres,2,3,L,REG,3,3,3,L 1
10,1974-10-30,time unavailable,H,Chicago Black Hawks,4,4,T,REG,3,3,4,T 1
11,1974-10-31,time unavailable,@,Washington Capitals,3,0,W,REG,4,3,4,W 1
12,1974-11-02,time unavailable,H,Philadelphia Flyers,0,3,L,REG,4,4,4,L 1
13,1974-11-04,time unavailable,H,Minnesota North Stars,6,1,W,REG,5,4,4,W 1
14,1974-11-06,time unavailable,@,Detroit Red Wings,4,4,T,REG,5,4,5,T 1
15,1974-11-09,time unavailable,H,Vancouver Canucks,4,3,W,REG,6,4,5,W 1
16,1974-11-10,time unavailable,@,Washington Capitals,11,1,W,REG,7,4,5,W 2
17,1974-11-13,time unavailable,H,Buffalo Sabres,6,8,L,REG,7,5,5,L 1
18,1974-11-14,time unavailable,@,Boston Bruins,4,1,W,REG,8,5,5,W 1
19,1974-11-16,time unavailable,H,New York Rangers,4,4,T,REG,8,5,6,T 1
20,1974-11-18,time unavailable,H,Minnesota North Stars,9,4,W,REG,9,5,6,W 1
21,1974-11-20,time unavailable,@,Los Angeles Kings,3,3,T,REG,9,5,7,T 1
22,1974-11-22,time unavailable,@,Kansas City Scouts,7,6,W,REG,10,5,7,W 1
23,1974-11-24,time unavailable,@,Buffalo Sabres,4,6,L,REG,10,6,7,L 1
24,1974-11-27,time unavailable,@,Pittsburgh Penguins,3,2,W,REG,11,6,7,W 1
25,1974-11-30,time unavailable,H,St. Louis Blues,7,1,W,REG,12,6,7,W 2
26,1974-12-02,time unavailable,H,Atlanta Flames,2,0,W,REG,13,6,7,W 3
27,1974-12-04,time unavailable,H,Boston Bruins,4,4,T,REG,13,6,8,T 1
28,1974-12-07,time unavailable,H,Pittsburgh Penguins,5,2,W,REG,14,6,8,W 1
29,1974-12-08,time unavailable,@,New York Rangers,3,3,T,REG,14,6,9,T 1
30,1974-12-10,time unavailable,@,Minnesota North Stars,5,3,W,REG,15,6,9,W 1
31,1974-12-12,time unavailable,@,Pittsburgh Penguins,3,3,T,REG,15,6,10,T 1
32,1974-12-14,time unavailable,H,California Golden Seals,5,3,W,REG,16,6,10,W 1
33,1974-12-18,time unavailable,@,California Golden Seals,4,3,W,REG,17,6,10,W 2
34,1974-12-20,time unavailable,@,Vancouver Canucks,6,1,W,REG,18,6,10,W 3
35,1974-12-21,time unavailable,@,Los Angeles Kings,2,2,T,REG,18,6,11,T 1
36,1974-12-27,time unavailable,H,Detroit Red Wings,7,1,W,REG,19,6,11,W 1
37,1974-12-28,time unavailable,H,Kansas City Scouts,7,2,W,REG,20,6,11,W 2
38,1975-01-02,time unavailable,@,Atlanta Flames,1,1,T,REG,20,6,12,T 1
39,1975-01-04,time unavailable,H,Washington Capitals,10,0,W,REG,21,6,12,W 1
40,1975-01-05,time unavailable,@,Chicago Black Hawks,6,4,W,REG,22,6,12,W 2
41,1975-01-08,time unavailable,@,Detroit Red Wings,4,4,T,REG,22,6,13,T 1
42,1975-01-11,time unavailable,H,Philadelphia Flyers,6,0,W,REG,23,6,13,W 1
43,1975-01-12,time unavailable,@,Washington Capitals,7,2,W,REG,24,6,13,W 2
44,1975-01-15,time unavailable,H,Boston Bruins,5,3,W,REG,25,6,13,W 3
45,1975-01-18,time unavailable,H,Toronto Maple Leafs,3,5,L,REG,25,7,13,L 1
46,1975-01-19,time unavailable,H,Los Angeles Kings,3,6,L,REG,25,8,13,L 2
47,1975-01-23,time unavailable,@,Minnesota North Stars,7,0,W,REG,26,8,13,W 1
48,1975-01-25,time unavailable,H,Buffalo Sabres,6,7,L,REG,26,9,13,L 1
49,1975-01-26,time unavailable,H,Pittsburgh Penguins,7,2,W,REG,27,9,13,W 1
50,1975-01-28,time unavailable,@,Vancouver Canucks,3,1,W,REG,28,9,13,W 2
51,1975-02-01,time unavailable,@,Los Angeles Kings,5,3,W,REG,29,9,13,W 3
52,1975-02-02,time unavailable,@,California Golden Seals,5,1,W,REG,30,9,13,W 4
53,1975-02-05,time unavailable,H,Detroit Red Wings,8,5,W,REG,31,9,13,W 5
54,1975-02-08,time unavailable,H,New York Rangers,7,1,W,REG,32,9,13,W 6
55,1975-02-09,time unavailable,@,Buffalo Sabres,4,4,T,REG,32,9,14,T 1
56,1975-02-12,time unavailable,@,Toronto Maple Leafs,2,2,T,REG,32,9,15,T 2
57,1975-02-15,time unavailable,H,Chicago Black Hawks,12,3,W,REG,33,9,15,W 1
58,1975-02-16,time unavailable,@,Chicago Black Hawks,6,3,W,REG,34,9,15,W 2
59,1975-02-18,time unavailable,@,St. Louis Blues,4,4,T,REG,34,9,16,T 1
60,1975-02-20,time unavailable,@,Kansas City Scouts,6,3,W,REG,35,9,16,W 1
61,1975-02-22,time unavailable,H,New York Islanders,6,7,L,REG,35,10,16,L 1
62,1975-02-26,time unavailable,H,Vancouver Canucks,4,3,W,REG,36,10,16,W 1
63,1975-03-01,time unavailable,H,St. Louis Blues,3,4,L,REG,36,11,16,L 1
64,1975-03-03,time unavailable,H,California Golden Seals,4,2,W,REG,37,11,16,W 1
65,1975-03-05,time unavailable,@,Atlanta Flames,4,3,W,REG,38,11,16,W 2
66,1975-03-07,time unavailable,H,Washington Capitals,8,4,W,REG,39,11,16,W 3
67,1975-03-09,time unavailable,@,New York Rangers,5,3,W,REG,40,11,16,W 4
68,1975-03-12,time unavailable,@,Toronto Maple Leafs,3,3,T,REG,40,11,17,T 1
69,1975-03-15,time unavailable,H,Los Angeles Kings,3,0,W,REG,41,11,17,W 1
70,1975-03-17,time unavailable,H,Atlanta Flames,5,1,W,REG,42,11,17,W 2
71,1975-03-19,time unavailable,H,Boston Bruins,2,1,W,REG,43,11,17,W 3
72,1975-03-22,time unavailable,H,Toronto Maple Leafs,4,6,L,REG,43,12,17,L 1
73,1975-03-23,time unavailable,@,Philadelphia Flyers,1,2,L,REG,43,13,17,L 2
74,1975-03-25,time unavailable,@,New York Islanders,3,3,T,REG,43,13,18,T 1
75,1975-03-26,time unavailable,@,Pittsburgh Penguins,4,6,L,REG,43,14,18,L 1
76,1975-03-29,time unavailable,H,Kansas City Scouts,4,1,W,REG,44,14,18,W 1
77,1975-03-30,time unavailable,@,Boston Bruins,2,2,T,REG,44,14,19,T 1
78,1975-04-02,time unavailable,H,Pittsburgh Penguins,6,0,W,REG,45,14,19,W 1
79,1975-04-05,time unavailable,H,Washington Capitals,10,2,W,REG,46,14,19,W 2
80,1975-04-06,time unavailable,@,Detroit Red Wings,4,2,W,REG,47,14,19,W 3

GP,Date,Time,Location,Opponent,GF,GA,Result,Game Ended In,W,L,T,Streak
1,1975-04-13,time unavailable,H,Vancouver Canucks,6,2,W,REG,1,0,0,W 1
2,1975-04-15,time unavailable,H,Vancouver Canucks,1,2,L,REG,1,1,0,L 1
3,1975-04-17,time unavailable,@,Vancouver Canucks,4,1,W,REG,2,1,0,W 1
4,1975-04-19,time unavailable,@,Vancouver Canucks,4,0,W,REG,3,1,0,W 2
5,1975-04-22,time unavailable,H,Vancouver Canucks,5,4,W,OT,4,1,0,W 3
6,1975-04-27,time unavailable,@,Buffalo Sabres,5,6,L,OT,4,2,0,L 1
7,1975-04-29,time unavailable,@,Buffalo Sabres,2,4,L,REG,4,3,0,L 2
8,1975-05-01,time unavailable,H,Buffalo Sabres,7,0,W,REG,5,3,0,W 1
9,1975-05-03,time unavailable,H,Buffalo Sabres,8,2,W,REG,6,3,0,W 2
10,1975-05-06,time unavailable,@,Buffalo Sabres,4,5,L,OT,6,4,0,L 1
11,1975-05-08,time unavailable,H,Buffalo Sabres,3,4,L,REG,6,5,0,L 2

Ron Andruff,,15,C,21,6-0,185,R/-,R,"July 10, 1953",ca,"0 G, 0 A, 0 P"
Don Awrey,,24,D,31,6-0,175,L/-,11,"July 18, 1943",ca,"1 G, 11 A, 12 P"
Pierre Bouchard,,26,D,26,6-2,205,L/-,4,"February 20, 1948",ca,"3 G, 9 A, 12 P"
Rick Chartraw,,27,D,20,6-2,210,R/-,R,"July 13, 1954",ve,"0 G, 0 A, 0 P"
Yvan Cournoyer,,12,RW,31,5-7,178,L/-,11,"November 22, 1943",ca,"29 G, 45 A, 74 P"
Ken Dryden,,29,G,27,6-4,205,-/L,3,"August 8, 1947",ca,"30-9-16, 2.69 GAA"
Bob Gainey,,23,LW,21,6-2,200,L/-,1,"December 13, 1953",ca,"17 G, 20 A, 37 P"
Glenn Goldup,,14-15,RW,21,6-0,190,L/-,1,"April 26, 1953",ca,"0 G, 1 A, 1 P"
Guy Lafleur,,10,RW,23,6-0,185,R/-,3,"September 20, 1951",ca,"53 G, 66 A, 119 P"
Yvon Lambert,,11,LW,24,6-2,200,L/-,2,"May 20, 1950",ca,"32 G, 35 A, 67 P"
Guy Lapointe,,5,D,26,6-0,205,L/-,6,"March 18, 1948",ca,"28 G, 47 A, 75 P"
Michel Larocque,,1,G,22,5-10,200,-/L,1,"April 6, 1952",ca,"17-5-3, 3.00 GAA"
Claude Larose,,15,RW,32,6-0,180,R/-,12,"March 2, 1942",ca,"1 G, 2 A, 3 P"
Chuck Lefley,,24,C,25,6-2,185,L/-,4,"January 20, 1950",ca,"1 G, 2 A, 3 P"
Jacques Lemaire,,25,C,29,5-10,180,L/-,7,"September 7, 1945",ca,"36 G, 56 A, 92 P"
Pete Mahovlich,,20,C,28,6-5,210,L/-,9,"October 10, 1946",ca,"35 G, 82 A, 117 P"
Henri Richard,(C),16,C,38,5-7,160,R/-,19,"February 29, 1936",ca,"3 G, 10 A, 13 P"
Doug Risebrough,,8,C,21,5-11,180,L/-,R,"January 29, 1954",ca,"15 G, 32 A, 47 P"
Jimmy Roberts,,6,D/RW,34,5-10,185,R/-,11,"April 9, 1940",ca,"5 G, 13 A, 18 P"
Larry Robinson,,19,D,23,6-4,225,L/-,2,"June 2, 1951",ca,"14 G, 47 A, 61 P"
Glen Sather,,21,LW,31,5-11,180,L/-,8,"September 2, 1943",ca,"6 G, 10 A, 16 P"
Serge Savard,,18,D,29,6-3,210,L/-,8,"January 22, 1946",ca,"20 G, 40 A, 60 P"
Steve Shutt,,22,LW,22,5-11,185,L/-,2,"July 1, 1952",ca,"30 G, 35 A, 65 P"
Mario Tremblay,,14,RW,18,6-0,185,R/-,R,"September 2, 1956",ca,"21 G, 18 A, 39 P"
John Van Boxmeer,,3,D,22,6-0,190,R/-,1,"November 20, 1952",ca,"0 G, 2 A, 2 P"
Murray Wilson,,17,LW,23,6-1,185,L/-,2,"November 7, 1951",ca,"24 G, 18 A, 42 P"
