New York Rangers,NYR,nhl
1974-75,1975
30
80
3
GP,Date,Time,Location,Opponent,GF,GA,Result,Game Ended In,W,L,T,Streak
1,1974-10-09,time unavailable,H,Washington Capitals,6,3,W,REG,1,0,0,W 1
2,1974-10-12,time unavailable,@,Toronto Maple Leafs,3,7,L,REG,1,1,0,L 1
3,1974-10-16,time unavailable,H,California Golden Seals,5,5,T,REG,1,1,1,T 1
4,1974-10-19,time unavailable,@,New York Islanders,4,2,W,REG,2,1,1,W 1
5,1974-10-20,time unavailable,H,Vancouver Canucks,0,1,L,REG,2,2,1,L 1
6,1974-10-23,time unavailable,H,St. Louis Blues,5,1,W,REG,3,2,1,W 1
7,1974-10-26,time unavailable,@,Pittsburgh Penguins,5,4,W,REG,4,2,1,W 2
8,1974-10-27,time unavailable,H,Atlanta Flames,4,1,W,REG,5,2,1,W 3
9,1974-10-30,time unavailable,H,New York Islanders,1,1,T,REG,5,2,2,T 1
10,1974-10-31,time unavailable,@,Philadelphia Flyers,1,5,L,REG,5,3,2,L 1
11,1974-11-03,time unavailable,H,Buffalo Sabres,3,4,L,REG,5,4,2,L 2
12,1974-11-05,time unavailable,@,Vancouver Canucks,1,2,L,REG,5,5,2,L 3
13,1974-11-06,time unavailable,@,California Golden Seals,7,3,W,REG,6,5,2,W 1
14,1974-11-09,time unavailable,@,Los Angeles Kings,2,2,T,REG,6,5,3,T 1
15,1974-11-13,time unavailable,H,Philadelphia Flyers,2,3,L,REG,6,6,3,L 1
16,1974-11-16,time unavailable,@,Montreal Canadiens,4,4,T,REG,6,6,4,T 1
17,1974-11-17,time unavailable,H,California Golden Seals,10,0,W,REG,7,6,4,W 1
18,1974-11-20,time unavailable,@,Detroit Red Wings,5,4,W,REG,8,6,4,W 2
19,1974-11-23,time unavailable,H,Boston Bruins,2,5,L,REG,8,7,4,L 1
20,1974-11-24,time unavailable,H,Pittsburgh Penguins,7,5,W,REG,9,7,4,W 1
21,1974-11-27,time unavailable,H,Toronto Maple Leafs,4,1,W,REG,10,7,4,W 2
22,1974-11-29,time unavailable,@,Atlanta Flames,2,3,L,REG,10,8,4,L 1
23,1974-12-01,time unavailable,H,St. Louis Blues,4,4,T,REG,10,8,5,T 1
24,1974-12-04,time unavailable,H,Detroit Red Wings,4,2,W,REG,11,8,5,W 1
25,1974-12-07,time unavailable,@,Chicago Black Hawks,7,4,W,REG,12,8,5,W 2
26,1974-12-08,time unavailable,H,Montreal Canadiens,3,3,T,REG,12,8,6,T 1
27,1974-12-12,time unavailable,@,Washington Capitals,6,6,T,REG,12,8,7,T 2
28,1974-12-14,time unavailable,@,St. Louis Blues,2,6,L,REG,12,9,7,L 1
29,1974-12-15,time unavailable,H,Los Angeles Kings,3,3,T,REG,12,9,8,T 1
30,1974-12-18,time unavailable,H,Minnesota North Stars,7,0,W,REG,13,9,8,W 1
31,1974-12-19,time unavailable,@,Boston Bruins,3,11,L,REG,13,10,8,L 1
32,1974-12-22,time unavailable,H,Atlanta Flames,3,4,L,REG,13,11,8,L 2
33,1974-12-27,time unavailable,H,Buffalo Sabres,9,5,W,REG,14,11,8,W 1
34,1974-12-29,time unavailable,H,Kansas City Scouts,2,1,W,REG,15,11,8,W 2
35,1974-12-30,time unavailable,@,Minnesota North Stars,8,1,W,REG,16,11,8,W 3
36,1975-01-01,time unavailable,H,Chicago Black Hawks,6,2,W,REG,17,11,8,W 4
37,1975-01-04,time unavailable,@,New York Islanders,5,3,W,REG,18,11,8,W 5
38,1975-01-05,time unavailable,H,Vancouver Canucks,6,2,W,REG,19,11,8,W 6
39,1975-01-08,time unavailable,@,Kansas City Scouts,6,1,W,REG,20,11,8,W 7
40,1975-01-11,time unavailable,@,St. Louis Blues,5,3,W,REG,21,11,8,W 8
41,1975-01-12,time unavailable,@,Chicago Black Hawks,2,4,L,REG,21,12,8,L 1
42,1975-01-15,time unavailable,@,Minnesota North Stars,5,3,W,REG,22,12,8,W 1
43,1975-01-17,time unavailable,@,California Golden Seals,4,4,T,REG,22,12,9,T 1
44,1975-01-18,time unavailable,@,Vancouver Canucks,3,2,W,REG,23,12,9,W 1
45,1975-01-23,time unavailable,H,Atlanta Flames,5,2,W,REG,24,12,9,W 2
46,1975-01-25,time unavailable,@,Pittsburgh Penguins,2,5,L,REG,24,13,9,L 1
47,1975-01-26,time unavailable,H,Los Angeles Kings,3,2,W,REG,25,13,9,W 1
48,1975-01-28,time unavailable,@,Los Angeles Kings,2,5,L,REG,25,14,9,L 1
49,1975-01-30,time unavailable,@,Buffalo Sabres,3,6,L,REG,25,15,9,L 2
50,1975-02-01,time unavailable,@,Chicago Black Hawks,4,1,W,REG,26,15,9,W 1
51,1975-02-02,time unavailable,H,Detroit Red Wings,5,5,T,REG,26,15,10,T 1
52,1975-02-05,time unavailable,H,Philadelphia Flyers,3,4,L,REG,26,16,10,L 1
53,1975-02-06,time unavailable,@,Philadelphia Flyers,3,1,W,REG,27,16,10,W 1
54,1975-02-08,time unavailable,@,Montreal Canadiens,1,7,L,REG,27,17,10,L 1
55,1975-02-09,time unavailable,H,Washington Capitals,7,3,W,REG,28,17,10,W 1
56,1975-02-11,time unavailable,@,Washington Capitals,4,7,L,REG,28,18,10,L 1
57,1975-02-15,time unavailable,@,Minnesota North Stars,9,2,W,REG,29,18,10,W 1
58,1975-02-16,time unavailable,H,Toronto Maple Leafs,5,5,T,REG,29,18,11,T 1
59,1975-02-18,time unavailable,@,Kansas City Scouts,2,2,T,REG,29,18,12,T 2
60,1975-02-19,time unavailable,H,Chicago Black Hawks,2,2,T,REG,29,18,13,T 3
61,1975-02-22,time unavailable,@,Toronto Maple Leafs,2,5,L,REG,29,19,13,L 1
62,1975-02-23,time unavailable,H,Philadelphia Flyers,2,1,W,REG,30,19,13,W 1
63,1975-02-26,time unavailable,H,St. Louis Blues,5,1,W,REG,31,19,13,W 2
64,1975-03-02,time unavailable,H,Pittsburgh Penguins,6,8,L,REG,31,20,13,L 1
65,1975-03-05,time unavailable,H,Buffalo Sabres,3,6,L,REG,31,21,13,L 2
66,1975-03-07,time unavailable,@,Kansas City Scouts,5,2,W,REG,32,21,13,W 1
67,1975-03-09,time unavailable,H,Montreal Canadiens,3,5,L,REG,32,22,13,L 1
68,1975-03-11,time unavailable,@,Boston Bruins,3,6,L,REG,32,23,13,L 2
69,1975-03-12,time unavailable,H,New York Islanders,5,3,W,REG,33,23,13,W 1
70,1975-03-14,time unavailable,@,Atlanta Flames,0,1,L,REG,33,24,13,L 1
71,1975-03-19,time unavailable,H,Vancouver Canucks,3,0,W,REG,34,24,13,W 1
72,1975-03-20,time unavailable,@,Buffalo Sabres,3,6,L,REG,34,25,13,L 1
73,1975-03-22,time unavailable,@,Detroit Red Wings,4,7,L,REG,34,26,13,L 2
74,1975-03-23,time unavailable,H,Boston Bruins,7,5,W,REG,35,26,13,W 1
75,1975-03-26,time unavailable,H,Minnesota North Stars,2,4,L,REG,35,27,13,L 1
76,1975-03-29,time unavailable,@,New York Islanders,4,6,L,REG,35,28,13,L 2
77,1975-03-30,time unavailable,H,Kansas City Scouts,8,2,W,REG,36,28,13,W 1
78,1975-04-03,time unavailable,@,Philadelphia Flyers,1,1,T,REG,36,28,14,T 1
79,1975-04-04,time unavailable,@,Atlanta Flames,3,2,W,REG,37,28,14,W 1
80,1975-04-06,time unavailable,H,New York Islanders,4,6,L,REG,37,29,14,L 1

GP,Date,Time,Location,Opponent,GF,GA,Result,Game Ended In,W,L,T,Streak
1,1975-04-08,time unavailable,H,New York Islanders,2,3,L,REG,0,1,0,L 1
2,1975-04-10,time unavailable,@,New York Islanders,8,3,W,REG,1,1,0,W 1
3,1975-04-11,time unavailable,H,New York Islanders,3,4,L,OT,1,2,0,L 1

John Bednarski,,23,D,22,5-10,195,L/-,R,"July 4, 1952",ca,"1 G, 10 A, 11 P"
Nick Beverley,,25,D,27,6-2,185,R/-,5,"April 21, 1947",ca,"3 G, 15 A, 18 P"
Jerry Butler,,17,RW,23,6-0,180,R/-,2,"February 27, 1951",ca,"17 G, 16 A, 33 P"
Bill Fairbairn,,10,RW,28,5-10,170,R/-,6,"January 7, 1947",ca,"24 G, 37 A, 61 P"
Ed Giacomin,,1,G,35,5-11,180,-/L,9,"June 6, 1939",ca,"13-12-8, 3.48 GAA"
Rod Gilbert,,7,RW,33,5-9,180,R/-,14,"July 1, 1941",ca,"36 G, 61 A, 97 P"
Ron Greschner,,4,D,20,6-2,205,L/-,R,"December 22, 1954",ca,"8 G, 37 A, 45 P"
Ron Harris,,3,D,32,5-10,190,R/-,9,"June 30, 1942",ca,"1 G, 7 A, 8 P"
Jerry Holland,,22,RW,20,5-10,180,L/-,R,"August 25, 1954",ca,"1 G, 0 A, 1 P"
Ted Irvine,,27,LW,30,6-2,195,L/-,8,"December 8, 1944",ca,"17 G, 17 A, 34 P"
Bob MacMillan,,12,C,22,5-11,185,L/-,R,"December 3, 1952",ca,"1 G, 2 A, 3 P"
Dave Maloney,,26,D,18,6-1,195,L/-,R,"July 31, 1956",ca,"0 G, 2 A, 2 P"
Gilles Marotte,,6,D,29,5-9,205,L/-,9,"June 7, 1945",ca,"4 G, 32 A, 36 P"
Rick Middleton,,9,RW,21,5-11,170,R/-,R,"December 4, 1953",ca,"22 G, 18 A, 40 P"
Hartland Monahan,,15,RW,23,5-11,197,R/-,1,"March 29, 1951",ca,"0 G, 1 A, 1 P"
Brad Park,(C),2,D,26,6-0,200,L/-,6,"July 6, 1948",ca,"13 G, 44 A, 57 P"
Greg Polis,,20,LW,24,6-0,195,L/-,4,"August 8, 1950",ca,"26 G, 15 A, 41 P"
Jean Ratelle,,19,C,34,6-1,180,L/-,14,"October 3, 1940",ca,"36 G, 55 A, 91 P"
Curt Ridley,,35,G,23,6-0,190,-/L,R,"September 24, 1951",ca,"1-1-0, 5.19 GAA"
Dale Rolfe,,5,D,34,6-4,210,L/-,8,"April 30, 1940",ca,"1 G, 8 A, 9 P"
Bobby Rousseau,,22,RW,34,5-10,178,R/-,14,"July 26, 1940",ca,"2 G, 2 A, 4 P"
Derek Sanderson,,4-16,C,28,6-0,185,L/-,9,"June 16, 1946",ca,"25 G, 25 A, 50 P"
Rod Seiling,,16,D,30,6-0,195,L/-,12,"November 14, 1944",ca,"0 G, 1 A, 1 P"
Pete Stemkowski,,21,C,31,6-1,196,L/-,11,"August 25, 1943",ca,"24 G, 35 A, 59 P"
Walt Tkaczuk,,18,C,27,6-0,185,L/-,7,"September 29, 1947",de,"11 G, 25 A, 36 P"
Steve Vickers,,8,LW,23,6-0,180,L/-,2,"April 21, 1951",ca,"41 G, 48 A, 89 P"
Gilles Villemure,,30,G,34,5-8,185,-/R,7,"May 30, 1940",ca,"22-14-6, 3.16 GAA"
Bert Wilson,,14,LW,25,6-0,178,L/-,1,"October 17, 1949",ca,"5 G, 1 A, 6 P"
Dunc Wilson,,31,G,26,5-11,175,-/-,5,"March 22, 1948",ca,"1-2-0, 4.33 GAA"
Joe Zanussi,,24,D,27,5-10,180,R/-,R,"September 25, 1947",ca,"0 G, 2 A, 2 P"
