INFO:
teamName,Hooliganz
teamAbbreviation,Hooliganz
sportId,n/a
sportName,n/a
sportRules,n/a
leagueId,watMu
levelId,n/a
seasonName,n/a
seasonId,n/a
Roster Size,14
Season Games Played,6
Playoff Round Lengths,1,1
END_INFO

SEASON:
Date/Time,Location,Opposing Team,Score,S.O.C.
Sun Sep 21 @ 4:30 pm,Columbia Icefield: Field 5,KINvincible,won 28 - 21,2
Fri Sep 26 @ 8:30 pm,Columbia Icefield: Warrior Field,Child Please,won 21 - 28,1
Sun Oct 5 @ 3:30 pm,Columbia Icefield: Field 5,Los Pollos Hermanos,tie 35 - 35,2
Fri Oct 17 @ 8:30 pm,Columbia Icefield: Warrior Field,Indies 3,won 28 - 21,2
Sun Oct 19 @ 3:30 pm,Columbia Icefield: Field 5,Indies 3,won 49 - 14,2
Fri Oct 24 @ 8:00 pm,Columbia Icefield: Warrior Field,KINvincible,won 35 - 28,2
END_SEASON

PLAYOFFS:
Date/Time,Location,Opposing Team,Score,S.O.C.
Sat Nov 1 @ 5:00 pm,Columbia Icefield: Warrior Field,KINvincible,won 21 - 14,1
Sun Nov 2 @ 1:00 pm,Columbia Icefield: Field 5,Child Please,lost 21 - 35,1
END_PLAYOFFS

ROSTER:
Player,Captaincy,uwaterloo_email
Joel Leon,(C),jfleon@uwaterloo.ca
Carolyn Borges,,
Matthew Corriveau,,
Matthew Coyne,,
Jeffrey Leon,,
Ryan Leon,,
Mackenzie Merritt,,
Patrick Pow,,
Nicolas Rocha,,
Christopher Roy,,
Yasser Sidaoui,,
Hayden Siple,,
Kevin Wong,,
Adriano Zaffino,,
END_ROSTER
