INFO:
teamName,KINvincible
teamAbbreviation,KINvincible
sportId,n/a
sportName,n/a
sportRules,n/a
leagueId,watMu
levelId,n/a
seasonName,n/a
seasonId,n/a
Roster Size,13
Season Games Played,6
Playoff Round Lengths,1,1
END_INFO

SEASON:
Date/Time,Location,Opposing Team,Score,S.O.C.
Sun Sep 21 @ 4:30 pm,Columbia Icefield: Field 5,Hooliganz,lost 28 - 21,2
Fri Sep 26 @ 9:30 pm,Columbia Icefield: Warrior Field,Child Please,lost 14 - 7,2
Sun Sep 28 @ 3:30 pm,Columbia Icefield: Field 5,Indies 3,won 21 - 42,2
Wed Oct 15 @ 5:30 pm,Columbia Icefield: Field 5,Child Please,won 28 - 21,2
Sun Oct 19 @ 4:30 pm,Columbia Icefield: Field 5,Los Pollos Hermanos,lost 28 - 35,2
Fri Oct 24 @ 8:00 pm,Columbia Icefield: Warrior Field,Hooliganz,lost 35 - 28,2
END_SEASON

PLAYOFFS:
Date/Time,Location,Opposing Team,Score,S.O.C.
Wed Oct 29 @ 4:00 pm,Columbia Icefield: Warrior Field,Indies 3,won 49 - 14,1
Sat Nov 1 @ 5:00 pm,Columbia Icefield: Warrior Field,Hooliganz,lost 21 - 14,1
END_PLAYOFFS

ROSTER:
Player,Captaincy,uwaterloo_email
Alberto Pagano,(C),chris.pagano@hotmail.com
Moses Aaku,,
Attila Bajus,,
Joshua Dlugokecki,,
Nicolas Driever,,
John Fehrman,,
Jordan Forde,,
Nicole Gleason,,
Alicia Page,,
Nicholas Paolini,,
Alexander Scherger,,
Brian Schwan,,
Wing Wong,,
END_ROSTER
