INFO:
teamName,Child Please
teamAbbreviation,Child Please
sportId,n/a
sportName,n/a
sportRules,n/a
leagueId,watMu
levelId,n/a
seasonName,n/a
seasonId,n/a
Roster Size,10
Season Games Played,6
Playoff Round Lengths,1,1
END_INFO

SEASON:
Date/Time,Location,Opposing Team,Score,S.O.C.
Fri Sep 26 @ 8:30 pm,Columbia Icefield: Warrior Field,Hooliganz,lost 21 - 28,2
Fri Sep 26 @ 9:30 pm,Columbia Icefield: Warrior Field,KINvincible,won 14 - 7,2
Fri Oct 3 @ 8:30 pm,Columbia Icefield: Warrior Field,Indies 3,won 42 - 7,2
Fri Oct 3 @ 9:30 pm,Columbia Icefield: Warrior Field,Los Pollos Hermanos,lost 21 - 28,2
Wed Oct 15 @ 5:30 pm,Columbia Icefield: Field 5,KINvincible,lost 28 - 21,2
Fri Oct 24 @ 7:00 pm,Columbia Icefield: Warrior Field,Los Pollos Hermanos,won 35 - 21,2
END_SEASON

PLAYOFFS:
Date/Time,Location,Opposing Team,Score,S.O.C.
Sat Nov 1 @ 6:00 pm,Columbia Icefield: Warrior Field,Los Pollos Hermanos,won 14 - 21,1
Sun Nov 2 @ 1:00 pm,Columbia Icefield: Field 5,Hooliganz,won 21 - 35,1
END_PLAYOFFS

ROSTER:
Player,Captaincy,uwaterloo_email
Riyad Khamis,(C),riyad_khamis@hotmail.com
Karl Balaz,,
Troy Campbell,,
Zachary Hogg,,
Richard Huynh,,
Noman Laasi,,
Jeremy Luymes,,
Ted Paul,,
Cody Shirriff,,
Liam Yeates,,
END_ROSTER
