INFO:
teamName,Indies 3
teamAbbreviation,Indies 3
sportId,n/a
sportName,n/a
sportRules,n/a
leagueId,watMu
levelId,n/a
seasonName,n/a
seasonId,n/a
Roster Size,13
Season Games Played,6
Playoff Round Lengths,1
END_INFO

SEASON:
Date/Time,Location,Opposing Team,Score,S.O.C.
Sun Sep 28 @ 3:30 pm,Columbia Icefield: Field 5,KINvincible,lost 21 - 42,2
Sun Sep 28 @ 4:30 pm,Columbia Icefield: Field 5,Los Pollos Hermanos,lost 56 - 14,2
Fri Oct 3 @ 8:30 pm,Columbia Icefield: Warrior Field,Child Please,lost 42 - 7,2
Fri Oct 17 @ 8:30 pm,Columbia Icefield: Warrior Field,Hooliganz,lost 28 - 21,2
Sun Oct 19 @ 2:30 pm,Columbia Icefield: Field 5,Los Pollos Hermanos,lost 35 - 49,2
Sun Oct 19 @ 3:30 pm,Columbia Icefield: Field 5,Hooliganz,lost 49 - 14,2
END_SEASON

PLAYOFFS:
Date/Time,Location,Opposing Team,Score,S.O.C.
Wed Oct 29 @ 4:00 pm,Columbia Icefield: Warrior Field,KINvincible,lost 49 - 14,1
END_PLAYOFFS

ROSTER:
Player,Captaincy,uwaterloo_email
Veronique Bouzane,,
Jason Britton,,
James Graham-Hu,,
Zamil Hirani,,
John Hong,,
Varun Krishnammagaru,,
Jamie McMahon,,
Justin Nam,,
Alex Rak,,
Mia Stratton,,
Marvin Tan,,
Josiah Walt,,
James Yang,,
END_ROSTER
