INFO:
teamName,Los Pollos Hermanos
teamAbbreviation,Los Pollos Hermanos
sportId,n/a
sportName,n/a
sportRules,n/a
leagueId,watMu
levelId,n/a
seasonName,n/a
seasonId,n/a
Roster Size,12
Season Games Played,6
Playoff Round Lengths,1
END_INFO

SEASON:
Date/Time,Location,Opposing Team,Score,S.O.C.
Sun Sep 28 @ 4:30 pm,Columbia Icefield: Field 5,Indies 3,won 56 - 14,2
Fri Oct 3 @ 9:30 pm,Columbia Icefield: Warrior Field,Child Please,won 21 - 28,2
Sun Oct 5 @ 3:30 pm,Columbia Icefield: Field 5,Hooliganz,tie 35 - 35,2
Sun Oct 19 @ 2:30 pm,Columbia Icefield: Field 5,Indies 3,won 35 - 49,2
Sun Oct 19 @ 4:30 pm,Columbia Icefield: Field 5,KINvincible,won 28 - 35,1
Fri Oct 24 @ 7:00 pm,Columbia Icefield: Warrior Field,Child Please,lost 35 - 21,2
END_SEASON

PLAYOFFS:
Date/Time,Location,Opposing Team,Score,S.O.C.
Sat Nov 1 @ 6:00 pm,Columbia Icefield: Warrior Field,Child Please,lost 14 - 21,1
END_PLAYOFFS

ROSTER:
Player,Captaincy,uwaterloo_email
Daniel Schissler,(C),dmschiss@uwaterloo.ca
Kyle Arnold,,
Brandon Caron,,
James Daniel,,
Mackenzie Gray,,
John Manore,,
Jordan Minos,,
Curtis Mosier,,
Isaac Nielsen,,
Daniel Rickert,,
Dexter Shepherd,,
Brandon Szalony,,
END_ROSTER
