New York Rangers,NYR,nhl
1943-44,1944
34
50
0
GP,Date,Time,Location,Opponent,GF,GA,Result,Game Ended In,W,L,T,Streak,Notes
1,1943-10-30,time unavailable,@,Toronto Maple Leafs,2,5,L,REG,0,1,0,L 1
2,1943-10-31,time unavailable,@,Detroit Red Wings,3,8,L,REG,0,2,0,L 2
3,1943-11-02,time unavailable,@,Montreal Canadiens,1,2,L,REG,0,3,0,L 3
4,1943-11-06,time unavailable,H,Chicago Black Hawks,3,4,L,REG,0,4,0,L 4
5,1943-11-07,time unavailable,H,Toronto Maple Leafs,4,7,L,REG,0,5,0,L 5
6,1943-11-13,time unavailable,H,Boston Bruins,2,6,L,REG,0,6,0,L 6
7,1943-11-14,time unavailable,@,Chicago Black Hawks,5,10,L,REG,0,7,0,L 7
8,1943-11-18,time unavailable,H,Detroit Red Wings,1,3,L,REG,0,8,0,L 8
9,1943-11-21,time unavailable,H,Toronto Maple Leafs,2,5,L,REG,0,9,0,L 9
10,1943-11-25,time unavailable,@,Boston Bruins,2,6,L,REG,0,10,0,L 10
11,1943-11-27,time unavailable,@,Montreal Canadiens,3,6,L,REG,0,11,0,L 11
12,1943-11-28,time unavailable,H,Montreal Canadiens,2,2,T,REG,0,11,1,T 1
13,1943-12-04,time unavailable,@,Toronto Maple Leafs,4,11,L,REG,0,12,1,L 1
14,1943-12-05,time unavailable,@,Chicago Black Hawks,6,7,L,REG,0,13,1,L 2
15,1943-12-11,time unavailable,@,Boston Bruins,6,9,L,REG,0,14,1,L 3
16,1943-12-12,time unavailable,H,Boston Bruins,6,4,W,REG,1,14,1,W 1
17,1943-12-19,time unavailable,H,Detroit Red Wings,6,2,W,REG,2,14,1,W 2
18,1943-12-23,time unavailable,@,Detroit Red Wings,3,5,L,REG,2,15,1,L 1
19,1943-12-25,time unavailable,@,Toronto Maple Leafs,5,3,W,REG,3,15,1,W 1
20,1943-12-26,time unavailable,H,Chicago Black Hawks,7,6,W,REG,4,15,1,W 2
21,1943-12-31,time unavailable,H,Toronto Maple Leafs,0,4,L,REG,4,16,1,L 1
22,1944-01-02,time unavailable,H,Boston Bruins,3,13,L,REG,4,17,1,L 2
23,1944-01-06,time unavailable,H,Detroit Red Wings,0,5,L,REG,4,18,1,L 3
24,1944-01-08,time unavailable,@,Montreal Canadiens,2,8,L,REG,4,19,1,L 4
25,1944-01-09,time unavailable,H,Montreal Canadiens,5,6,L,REG,4,20,1,L 5
26,1944-01-13,time unavailable,H,Chicago Black Hawks,2,5,L,REG,4,21,1,L 6
27,1944-01-15,time unavailable,@,Boston Bruins,5,7,L,REG,4,22,1,L 7
28,1944-01-16,time unavailable,H,Boston Bruins,8,6,W,REG,5,22,1,W 1
29,1944-01-22,time unavailable,@,Toronto Maple Leafs,5,1,W,REG,6,22,1,W 2
30,1944-01-23,time unavailable,@,Detroit Red Wings,0,15,L,REG,6,23,1,L 1
31,1944-01-27,time unavailable,@,Chicago Black Hawks,4,6,L,REG,6,24,1,L 2
32,1944-01-30,time unavailable,H,Montreal Canadiens,3,5,L,REG,6,25,1,L 3
33,1944-02-03,time unavailable,@,Detroit Red Wings,2,12,L,REG,6,26,1,L 4
34,1944-02-05,time unavailable,@,Boston Bruins,2,7,L,REG,6,27,1,L 5
35,1944-02-06,time unavailable,H,Chicago Black Hawks,4,4,T,REG,6,27,2,T 1
36,1944-02-10,time unavailable,H,Detroit Red Wings,3,8,L,REG,6,28,2,L 1
37,1944-02-13,time unavailable,H,Toronto Maple Leafs,3,6,L,REG,6,29,2,L 2
38,1944-02-19,time unavailable,@,Montreal Canadiens,2,5,L,REG,6,30,2,L 3
39,1944-02-20,time unavailable,H,Montreal Canadiens,2,7,L,REG,6,31,2,L 4
40,1944-02-22,time unavailable,H,Chicago Black Hawks,4,8,L,REG,6,32,2,L 5
41,1944-02-24,time unavailable,H,Detroit Red Wings,3,3,T,REG,6,32,3,T 1
42,1944-02-27,time unavailable,@,Chicago Black Hawks,2,4,L,REG,6,33,3,L 1
43,1944-03-02,time unavailable,@,Detroit Red Wings,5,6,L,REG,6,34,3,L 2
44,1944-03-04,time unavailable,@,Boston Bruins,9,10,L,REG,6,35,3,L 3
45,1944-03-05,time unavailable,H,Boston Bruins,4,4,T,REG,6,35,4,T 1
46,1944-03-09,time unavailable,H,Toronto Maple Leafs,0,8,L,REG,6,36,4,L 1
47,1944-03-11,time unavailable,@,Toronto Maple Leafs,0,5,L,REG,6,37,4,L 2
48,1944-03-12,time unavailable,@,Chicago Black Hawks,4,4,T,REG,6,37,5,T 1
49,1944-03-18,time unavailable,@,Montreal Canadiens,2,11,L,REG,6,38,5,L 1
50,1944-03-19,time unavailable,H,Montreal Canadiens,1,6,L,REG,6,39,5,L 2

Time,Location,Result,Game Ended In

Ossie Aubuchon,,n/a,LW,27,5-10,175,L/-,1,"January 1, 1917",ca,"16 G, 12 A, 28 P"
Frank Boucher,,n/a,C,42,5-9,185,L/-,13,"October 7, 1901",ca,"4 G, 10 A, 14 P"
Hank D'Amore,,n/a,C,24,5-6,200,L/-,R,"July 17, 1919",ca,"1 G, 0 A, 1 P"
Gord Davidson,,n/a,D,25,5-11,188,L/-,1,"August 5, 1918",ca,"1 G, 3 A, 4 P"
Ab DeMarco,,n/a,C,27,6-0,168,R/-,3,"May 10, 1916",ca,"14 G, 19 A, 33 P"
Tony Demers,,n/a,RW,26,5-9,180,R/-,5,"July 22, 1917",ca,"0 G, 0 A, 0 P"
Tom Dewar,,n/a,D,30,5-9,170,L/-,R,"June 10, 1913",ca,"0 G, 2 A, 2 P"
Bob Dill,,n/a,D,23,5-8,185,L/-,R,"April 25, 1920",us,"6 G, 10 A, 16 P"
Henry Dyck,,n/a,C,31,5-8,155,L/-,R,"September 5, 1912",ca,"0 G, 0 A, 0 P"
Archie Fraser,,n/a,C,29,5-11,160,L/-,R,"February 9, 1914",ca,"0 G, 1 A, 1 P"
Fern Gauthier,,n/a,RW,24,5-11,175,R/-,R,"August 31, 1919",ca,"14 G, 10 A, 24 P"
Bill Gooden,,n/a,LW,20,5-9,175,L/-,1,"September 8, 1923",ca,"9 G, 8 A, 17 P"
Ott Heller,(C),n/a,D,33,6-0,190,R/-,12,"June 2, 1910",ca,"8 G, 27 A, 35 P"
Bryan Hextall,,n/a,RW,30,5-10,180,L/-,7,"July 31, 1913",ca,"21 G, 33 A, 54 P"
Dutch Hiller,,n/a,LW,28,5-8,170,L/-,6,"May 11, 1915",ca,"18 G, 22 A, 40 P"
Jim Jamieson,,n/a,D,21,5-9,170,L/-,R,"March 21, 1922",ca,"0 G, 1 A, 1 P"
Max Labovitch,,n/a,RW,20,5-11,165,R/-,R,"January 18, 1924",ca,"0 G, 0 A, 0 P"
Roger Leger,,n/a,D,24,5-11,200,R/-,R,"March 26, 1919",ca,"1 G, 2 A, 3 P"
Harry Lumley,,n/a,G,17,6-0,195,-/L,R,"November 11, 1926",ca,"0-0-0, 0.00 GAA"
Kilby MacDonald,,n/a,LW,29,5-11,178,L/-,2,"September 6, 1914",ca,"7 G, 9 A, 16 P"
John Mahaffy,,n/a,C,24,5-7,165,L/-,1,"July 18, 1919",ca,"9 G, 20 A, 29 P"
Jack Mann,,n/a,C,24,5-7,160,L/-,R,"July 27, 1919",ca,"0 G, 0 A, 0 P"
Ken McAuley,,n/a,G,23,5-10,190,-/R,R,"January 9, 1921",ca,"6-39-5, 6.24 GAA"
Bucko McDonald,,n/a,D,29,5-10,205,L/-,9,"October 31, 1914",ca,"5 G, 6 A, 11 P"
Jack McDonald,,n/a,RW,22,5-11,205,R/-,R,"November 24, 1921",ca,"10 G, 9 A, 19 P"
Robert McDonald,,n/a,RW,21,5-10,170,L/-,R,"January 4, 1923",ca,"0 G, 0 A, 0 P"
Lloyd Mohns,,n/a,D,22,5-9,185,R/-,R,"July 31, 1921",ca,"0 G, 0 A, 0 P"
Aldo Palazzari,,n/a,RW,25,5-7,168,L/-,R,"July 25, 1918",us,"2 G, 0 A, 2 P"
Don Raleigh,,n/a,C,17,5-11,150,L/-,R,"June 27, 1926",ca,"2 G, 2 A, 4 P"
Charlie Sands,,n/a,C,32,5-9,160,R/-,11,"March 23, 1911",ca,"0 G, 2 A, 2 P"
Chuck Scherza,,n/a,C,20,5-10,190,L/-,R,"February 15, 1923",ca,"3 G, 2 A, 5 P"
Art Strobel,,n/a,LW,21,5-6,160,L/-,R,"November 28, 1922",ca,"0 G, 0 A, 0 P"
Billy Warwick,,n/a,LW,19,5-7,155,L/-,1,"November 17, 1924",ca,"3 G, 2 A, 5 P"
Grant Warwick,,n/a,RW,22,5-6,155,R/-,2,"October 11, 1921",ca,"8 G, 9 A, 17 P"
