Montreal Maroons,MTM,nhl
1928-29,1929
17
44
0
GP,Date,Time,Location,Opponent,GF,GA,Result,Game Ended In,W,L,T,Streak
1,1928-11-15,time unavailable,@,Montreal Canadiens,1,3,L,REG,0,1,0,L 1
2,1928-11-17,time unavailable,H,Chicago Black Hawks,4,2,W,REG,1,1,0,W 1
3,1928-11-20,time unavailable,@,New York Rangers,1,0,W,REG,2,1,0,W 2
4,1928-11-22,time unavailable,H,Ottawa Senators,0,1,L,REG,2,2,0,L 1
5,1928-11-24,time unavailable,@,Toronto Maple Leafs,1,4,L,REG,2,3,0,L 2
6,1928-11-27,time unavailable,H,Toronto Maple Leafs,4,0,W,REG,3,3,0,W 1
7,1928-11-29,time unavailable,@,Detroit Cougars,1,1,T,OT,3,3,1,T 1
8,1928-12-01,time unavailable,H,New York Rangers,3,0,W,REG,4,3,1,W 1
9,1928-12-06,time unavailable,H,New York Americans,4,1,W,REG,5,3,1,W 2
10,1928-12-08,time unavailable,@,Boston Bruins,1,5,L,REG,5,4,1,L 1
11,1928-12-11,time unavailable,H,Detroit Cougars,2,1,W,REG,6,4,1,W 1
12,1928-12-13,time unavailable,@,New York Americans,1,2,L,REG,6,5,1,L 1
13,1928-12-15,time unavailable,H,Montreal Canadiens,0,0,T,OT,6,5,2,T 1
14,1928-12-18,time unavailable,@,Ottawa Senators,2,1,W,REG,7,5,2,W 1
15,1928-12-20,time unavailable,H,Toronto Maple Leafs,6,3,W,REG,8,5,2,W 2
16,1928-12-25,time unavailable,@,Toronto Maple Leafs,1,4,L,REG,8,6,2,L 1
17,1928-12-29,time unavailable,H,Pittsburgh Pirates,2,3,L,REG,8,7,2,L 2
18,1929-01-01,time unavailable,@,Pittsburgh Pirates,4,2,W,REG,9,7,2,W 1
19,1929-01-03,time unavailable,H,Boston Bruins,0,1,L,REG,9,8,2,L 1
20,1929-01-05,time unavailable,@,Montreal Canadiens,0,0,T,OT,9,8,3,T 1
21,1929-01-08,time unavailable,H,Ottawa Senators,1,1,T,OT,9,8,4,T 2
22,1929-01-10,time unavailable,@,Chicago Black Hawks,1,1,T,OT,9,8,5,T 3
23,1929-01-12,time unavailable,H,Montreal Canadiens,1,3,L,REG,9,9,5,L 1
24,1929-01-17,time unavailable,H,New York Americans,0,0,T,OT,9,9,6,T 1
25,1929-01-19,time unavailable,@,Ottawa Senators,1,1,T,OT,9,9,7,T 2
26,1929-01-22,time unavailable,H,Detroit Cougars,0,1,L,OT,9,10,7,L 1
27,1929-01-24,time unavailable,@,New York Americans,0,2,L,REG,9,11,7,L 2
28,1929-01-26,time unavailable,H,Pittsburgh Pirates,2,0,W,REG,10,11,7,W 1
29,1929-01-31,time unavailable,H,Chicago Black Hawks,2,0,W,REG,11,11,7,W 2
30,1929-02-02,time unavailable,@,Pittsburgh Pirates,0,0,T,OT,11,11,8,T 1
31,1929-02-05,time unavailable,@,New York Rangers,1,1,T,OT,11,11,9,T 2
32,1929-02-09,time unavailable,H,Boston Bruins,1,0,W,REG,12,11,9,W 1
33,1929-02-12,time unavailable,@,Ottawa Senators,1,2,L,REG,12,12,9,L 1
34,1929-02-14,time unavailable,H,Ottawa Senators,4,0,W,REG,13,12,9,W 1
35,1929-02-16,time unavailable,@,Toronto Maple Leafs,0,3,L,REG,13,13,9,L 1
36,1929-02-19,time unavailable,@,New York Americans,1,0,W,REG,14,13,9,W 1
37,1929-02-21,time unavailable,@,Montreal Canadiens,0,1,L,REG,14,14,9,L 1
38,1929-02-23,time unavailable,H,New York Rangers,9,1,W,REG,15,14,9,W 1
39,1929-02-26,time unavailable,@,Boston Bruins,0,1,L,REG,15,15,9,L 1
40,1929-02-28,time unavailable,H,Toronto Maple Leafs,0,4,L,REG,15,16,9,L 2
41,1929-03-02,time unavailable,@,Chicago Black Hawks,1,2,L,REG,15,17,9,L 3
42,1929-03-05,time unavailable,@,Detroit Cougars,1,3,L,REG,15,18,9,L 4
43,1929-03-09,time unavailable,H,New York Americans,2,3,L,REG,15,19,9,L 5
44,1929-03-14,time unavailable,H,Montreal Canadiens,0,1,L,REG,15,20,9,L 6

Time,Location,Result,Game Ended In

Clint Benedict,,n/a,G,36,-/L,11,"September 26, 1892","14-16-7, 1.49 GAA",ca
Georges Boucher,,n/a,D,32,5-9,169,L/-,11,"August 17, 1896",ca,"1 G, 1 A, 2 P"
Red Dutton,,n/a,D,31,6-0,185,R/-,2,"July 23, 1897",ca,"1 G, 3 A, 4 P"
Henry Hicks,,n/a,D,28,5-7,170,L/-,R,"December 10, 1900",ca,"2 G, 0 A, 2 P"
Joe Lamb,,n/a,LW,22,5-10,170,R/-,1,"June 18, 1906",ca,"4 G, 1 A, 5 P"
Cliff McBride,,n/a,D,20,5-10,180,R/-,R,"January 1, 1909",ca,"0 G, 0 A, 0 P"
Dunc Munro,,n/a,D,28,5-8,190,L/-,4,"January 19, 1901",gb,"0 G, 0 A, 0 P"
Baldy Northcott,,n/a,LW,20,6-0,184,L/-,R,"September 7, 1908",ca,"0 G, 0 A, 0 P"
Russell Oatman,,n/a,C,23,5-10,195,L/-,2,"February 19, 1905",ca,"1 G, 0 A, 1 P"
Merlyn Phillips,,n/a,RW,29,5-7,160,R/-,3,"May 24, 1899",ca,"6 G, 5 A, 11 P"
Earl Robinson,,n/a,RW,21,5-10,160,R/-,R,"March 11, 1907",ca,"2 G, 1 A, 3 P"
Babe Siebert,,n/a,LW/D,25,5-10,182,L/-,3,"January 14, 1904",ca,"3 G, 5 A, 8 P"
Hooley Smith,,n/a,C,26,5-10,155,R/-,4,"January 7, 1903",ca,"10 G, 9 A, 19 P"
Nels Stewart,,n/a,C,26,6-1,195,L/-,3,"December 29, 1902",ca,"21 G, 8 A, 29 P"
Dave Trottier,,n/a,LW,22,5-10,170,L/-,R,"June 25, 1906",ca,"2 G, 4 A, 6 P"
Flat Walsh,,n/a,G,31,5-11,180,-/L,2,"March 23, 1897",ca,"1-4-2, 1.07 GAA"
Jimmy Ward,,n/a,RW,22,5-11,167,R/-,1,"September 1, 1906",ca,"14 G, 8 A, 22 P"
