INFO:
teamName,Muscle Pharm
teamAbbreviation,Muscle Pharm
sportId,n/a
sportName,n/a
sportRules,n/a
leagueId,watMu
levelId,n/a
seasonName,n/a
seasonId,n/a
Roster Size,11
Season Games Played,7
Playoff Round Lengths,1
END_INFO

SEASON:
Date/Time,Location,Opposing Team,Score,S.O.C.
Sat May 28 @ 2:00 pm,Columbia Icefield: Warrior Field,Awesome Possums,lost 21 - 28,4
Sat May 28 @ 4:00 pm,Columbia Icefield: Warrior Field,Sex Panthers,won 28 - 14,2
Sat Jun 11 @ 1:00 pm,Columbia Icefield: Warrior Field,OP,won 28 - 21,3
Sat Jun 11 @ 2:00 pm,Columbia Icefield: Warrior Field,Cleo’s Lemons,lost 42 - 14,4
Sat Jun 18 @ 12:00 pm,Columbia Icefield: Warrior Field,Deep Ins,lost 7 - 49,4
Wed Jun 22 @ 7:00 pm,Columbia Icefield: Warrior Field,Sooo Good,won 21 - 56,4
Sat Jun 18 @ 3:00 pm,Columbia Icefield: Warrior Field,Awesome Possums,,
END_SEASON

PLAYOFFS:
Date/Time,Location,Opposing Team,Score,S.O.C.
Sat Jul 9 @ 3:00 pm,Columbia Icefield: Warrior Field,Deep Ins,lost 35 - 0,2
END_PLAYOFFS

ROSTER:
Player,Captaincy,uwaterloo_email
Christopher Goudy,(C),cgoudy@uwaterloo.ca
Jeffrey Baxter,,
Mahmood El-Sweisi,,
Thomas Jilek,,
Mustafa Kurdi,,
Tapan Patel,,
Todd Richardson,,
Paul Stefan,,
Lisa Sunstrum,,
Corey Tsang,,
Sean Wilkinson,,
END_ROSTER
