INFO:
teamName,Sex Panthers
teamAbbreviation,Sex Panthers
sportId,n/a
sportName,n/a
sportRules,n/a
leagueId,watMu
levelId,n/a
seasonName,n/a
seasonId,n/a
Roster Size,11
Season Games Played,6
Playoff Round Lengths,1,1
END_INFO

SEASON:
Date/Time,Location,Opposing Team,Score,S.O.C.
Sat May 28 @ 4:00 pm,Columbia Icefield: Warrior Field,Muscle Pharm,lost 28 - 14,3
Wed Jun 1 @ 6:00 pm,Columbia Icefield: Warrior Field,Deep Ins,lost 42 - 7,4
Wed Jun 1 @ 7:00 pm,Columbia Icefield: Warrior Field,Sooo Good,won 42 - 21,3
Sat Jun 4 @ 3:00 pm,Columbia Icefield: Warrior Field,Awesome Possums,lost 35 - 21,3
Sat Jun 18 @ 1:00 pm,Columbia Icefield: Warrior Field,Shake and Bake,won 42 - 35,4
Sat Jun 18 @ 2:00 pm,Columbia Icefield: Warrior Field,OP,won 14 - 0,avg.
END_SEASON

PLAYOFFS:
Date/Time,Location,Opposing Team,Score,S.O.C.
Sat Jul 9 @ 1:00 pm,Columbia Icefield: Warrior Field,Sooo Good,won 70 - 35,2
Sat Jul 9 @ 2:00 pm,Columbia Icefield: Warrior Field,Shake and Bake,won 63 - 70,2
END_PLAYOFFS

ROSTER:
Player,Captaincy,uwaterloo_email
Braden Hurl,(C),bdhurl@uwaterloo.ca
Gary Guo,,
George Hadchiti,,
Christopher Haggert,,
Andrew Holmes,,
Benson Li,,
Steven Meyer,,
Justin Seminerio,,
Emerson Shen,,
Jacob Simon,,
Brian Stock,,
END_ROSTER
