INFO:
teamName,Cleo’s Lemons
teamAbbreviation,Cleo’s Lemons
sportId,n/a
sportName,n/a
sportRules,n/a
leagueId,watMu
levelId,n/a
seasonName,n/a
seasonId,n/a
Roster Size,11
Season Games Played,7
Playoff Round Lengths,1,1
END_INFO

SEASON:
Date/Time,Location,Opposing Team,Score,S.O.C.
Wed Jun 8 @ 5:00 pm,Columbia Icefield: Warrior Field,Deep Ins,tie 35 - 35,4
Wed Jun 8 @ 6:00 pm,Columbia Icefield: Warrior Field,OP,won 42 - 7,4
Sat Jun 11 @ 2:00 pm,Columbia Icefield: Warrior Field,Muscle Pharm,won 42 - 14,4
Sat Jun 11 @ 3:00 pm,Columbia Icefield: Warrior Field,Awesome Possums,won 14 - 0,avg.
Wed Jun 15 @ 5:00 pm,Columbia Icefield: Warrior Field,OP,won 49 - 14,4
Wed Jun 15 @ 6:00 pm,Columbia Icefield: Warrior Field,Deep Ins,lost 42 - 49,4
Sat Jun 4 @ 12:00 pm,Columbia Icefield: Warrior Field,OP,,
END_SEASON

PLAYOFFS:
Date/Time,Location,Opposing Team,Score,S.O.C.
Sat Jul 9 @ 4:00 pm,Columbia Icefield: Warrior Field,Awesome Possums,won 42 - 14,2
Wed Jul 13 @ 7:00 pm,Columbia Icefield: Warrior Field,Deep Ins,won 49 - 14,2
END_PLAYOFFS

ROSTER:
Player,Captaincy,uwaterloo_email
Aaron Bertolo,(C),ajbertol@uwaterloo.ca
Samuel Aylward,,
Kevin Barroso,,
Taren Byrne,,
Brent Cleave,,
Matthew Coyne,,
Matthew Glibota,,
Tejasvi Hora,,
Andrew Mallon,,
Adrian Marks,,
Vincent Rosati,,
END_ROSTER
