INFO:
teamName,Shake and Bake
teamAbbreviation,Shake and Bake
sportId,n/a
sportName,n/a
sportRules,n/a
leagueId,watMu
levelId,n/a
seasonName,n/a
seasonId,n/a
Roster Size,9
Season Games Played,7
Playoff Round Lengths,1,1
END_INFO

SEASON:
Date/Time,Location,Opposing Team,Score,S.O.C.
Sat May 28 @ 1:00 pm,Columbia Icefield: Warrior Field,Sooo Good,won 63 - 28,4
Sat Jun 4 @ 2:00 pm,Columbia Icefield: Warrior Field,Deep Ins,lost 14 - 42,3
Sat Jun 11 @ 4:00 pm,Columbia Icefield: Warrior Field,Awesome Possums,tie 35 - 35,1
Sat Jun 11 @ 5:00 pm,Columbia Icefield: Warrior Field,OP,tie 42 - 42,2
Wed Jun 15 @ 7:00 pm,Columbia Icefield: Warrior Field,Sooo Good,won 56 - 35,4
Sat Jun 18 @ 1:00 pm,Columbia Icefield: Warrior Field,Sex Panthers,lost 42 - 35,4
Sat Jun 4 @ 1:00 pm,Columbia Icefield: Warrior Field,OP,,
END_SEASON

PLAYOFFS:
Date/Time,Location,Opposing Team,Score,S.O.C.
Sat Jul 9 @ 12:00 pm,Columbia Icefield: Warrior Field,OP,won 35 - 14,2
Sat Jul 9 @ 2:00 pm,Columbia Icefield: Warrior Field,Sex Panthers,lost 63 - 70,2
END_PLAYOFFS

ROSTER:
Player,Captaincy,uwaterloo_email
Ian Tsui,(C),ultra_sportsfan@hotmail.com
Devon Briggs,,
Justin Dicarlo,,
Hin Lee,,
Christopher Parkes,,
Ram Raghavan,,
Michal Semczuk,,
Wasiq Siddiqui,,
Kurt Spivak,,
END_ROSTER
