INFO:
teamName,OP
teamAbbreviation,OP
sportId,n/a
sportName,n/a
sportRules,n/a
leagueId,watMu
levelId,n/a
seasonName,n/a
seasonId,n/a
Roster Size,13
Season Games Played,8
Playoff Round Lengths,1
END_INFO

SEASON:
Date/Time,Location,Opposing Team,Score,S.O.C.
Sat May 28 @ 12:00 pm,Columbia Icefield: Warrior Field,Deep Ins,lost 42 - 51,4
Wed Jun 8 @ 6:00 pm,Columbia Icefield: Warrior Field,Cleo’s Lemons,lost 42 - 7,4
Sat Jun 11 @ 1:00 pm,Columbia Icefield: Warrior Field,Muscle Pharm,lost 28 - 21,4
Sat Jun 11 @ 5:00 pm,Columbia Icefield: Warrior Field,Shake and Bake,tie 42 - 42,2
Wed Jun 15 @ 5:00 pm,Columbia Icefield: Warrior Field,Cleo’s Lemons,lost 49 - 14,4
Sat Jun 18 @ 2:00 pm,Columbia Icefield: Warrior Field,Sex Panthers,lost 14 - 0,0
Sat Jun 4 @ 12:00 pm,Columbia Icefield: Warrior Field,Cleo’s Lemons,,
Sat Jun 4 @ 1:00 pm,Columbia Icefield: Warrior Field,Shake and Bake,,
END_SEASON

PLAYOFFS:
Date/Time,Location,Opposing Team,Score,S.O.C.
Sat Jul 9 @ 12:00 pm,Columbia Icefield: Warrior Field,Shake and Bake,lost 35 - 14,2
END_PLAYOFFS

ROSTER:
Player,Captaincy,uwaterloo_email
Li Chen,(C),nehcili@gmail.com
Vlad Durdureanu,,
Devin Glew,,
Timothee Haggstrom,,
Ke Hou,,
Andrew Jung,,
Hamsharan Mahalingam,,
Heather Mawhinney,,
Michelle Pugne,,
Jesse Randhawa,,
Brigitte Reda,,
Adil Siddiqui,,
David Yew,,
END_ROSTER
