INFO:
teamName,Sooo Good
teamAbbreviation,Sooo Good
sportId,n/a
sportName,n/a
sportRules,n/a
leagueId,watMu
levelId,n/a
seasonName,n/a
seasonId,n/a
Roster Size,14
Season Games Played,6
Playoff Round Lengths,1
END_INFO

SEASON:
Date/Time,Location,Opposing Team,Score,S.O.C.
Sat May 28 @ 1:00 pm,Columbia Icefield: Warrior Field,Shake and Bake,lost 63 - 28,4
Sat May 28 @ 3:00 pm,Columbia Icefield: Warrior Field,Awesome Possums,lost 35 - 0,4
Wed Jun 1 @ 7:00 pm,Columbia Icefield: Warrior Field,Sex Panthers,lost 42 - 21,4
Wed Jun 15 @ 7:00 pm,Columbia Icefield: Warrior Field,Shake and Bake,lost 56 - 35,3
Wed Jun 22 @ 6:00 pm,Columbia Icefield: Warrior Field,Awesome Possums,lost 14 - 49,4
Wed Jun 22 @ 7:00 pm,Columbia Icefield: Warrior Field,Muscle Pharm,lost 21 - 56,4
END_SEASON

PLAYOFFS:
Date/Time,Location,Opposing Team,Score,S.O.C.
Sat Jul 9 @ 1:00 pm,Columbia Icefield: Warrior Field,Sex Panthers,lost 70 - 35,2
END_PLAYOFFS

ROSTER:
Player,Captaincy,uwaterloo_email
Sarah LeBlanc,(C),sarah.ann.leblanc@gmail.com
Lynna Chen,,
Khanjan Desai,,
Matin Esfahani,,
Nathaniel Hamelin,,
Katarina Ilic,,
Abhinay Kondamreddy,,
Mina Labib,,
Stephen Lawes,,
Maryam Nasirpour,,
Hooman Safaee,,
Kirushanth Sakthivetpillai,,
Duncan Strathearn,,
Jennifer Wong,,
END_ROSTER
