INFO:
teamName,Deep Ins
teamAbbreviation,Deep Ins
sportId,n/a
sportName,n/a
sportRules,n/a
leagueId,watMu
levelId,n/a
seasonName,n/a
seasonId,n/a
Roster Size,11
Season Games Played,6
Playoff Round Lengths,1,1
END_INFO

SEASON:
Date/Time,Location,Opposing Team,Score,S.O.C.
Sat May 28 @ 12:00 pm,Columbia Icefield: Warrior Field,OP,won 42 - 51,4
Wed Jun 1 @ 6:00 pm,Columbia Icefield: Warrior Field,Sex Panthers,won 42 - 7,3
Sat Jun 4 @ 2:00 pm,Columbia Icefield: Warrior Field,Shake and Bake,won 14 - 42,2
Wed Jun 8 @ 5:00 pm,Columbia Icefield: Warrior Field,Cleo’s Lemons,tie 35 - 35,4
Wed Jun 15 @ 6:00 pm,Columbia Icefield: Warrior Field,Cleo’s Lemons,won 42 - 49,4
Sat Jun 18 @ 12:00 pm,Columbia Icefield: Warrior Field,Muscle Pharm,won 7 - 49,4
END_SEASON

PLAYOFFS:
Date/Time,Location,Opposing Team,Score,S.O.C.
Sat Jul 9 @ 3:00 pm,Columbia Icefield: Warrior Field,Muscle Pharm,won 35 - 0,2
Wed Jul 13 @ 7:00 pm,Columbia Icefield: Warrior Field,Cleo’s Lemons,lost 49 - 14,2
END_PLAYOFFS

ROSTER:
Player,Captaincy,uwaterloo_email
Noah Bates,(C),noahbates@gmail.com
Anthony Amadio,,
Gregory Becotte,,
Joshua Brady,,
Michael Collins,,
Mathew Demarco,,
Matthew Di Giovanni,,
Sheri Howard,,
Pawel Przeracki,,
John Thai,,
Jeffrey Trinh,,
END_ROSTER
