INFO:
teamName,Awesome Possums
teamAbbreviation,Awesome Possums
sportId,n/a
sportName,n/a
sportRules,n/a
leagueId,watMu
levelId,n/a
seasonName,n/a
seasonId,n/a
Roster Size,10
Season Games Played,7
Playoff Round Lengths,1
END_INFO

SEASON:
Date/Time,Location,Opposing Team,Score,S.O.C.
Sat May 28 @ 2:00 pm,Columbia Icefield: Warrior Field,Muscle Pharm,won 21 - 28,4
Sat May 28 @ 3:00 pm,Columbia Icefield: Warrior Field,Sooo Good,won 35 - 0,4
Sat Jun 4 @ 3:00 pm,Columbia Icefield: Warrior Field,Sex Panthers,won 35 - 21,3
Sat Jun 11 @ 3:00 pm,Columbia Icefield: Warrior Field,Cleo’s Lemons,lost 14 - 0,0
Sat Jun 11 @ 4:00 pm,Columbia Icefield: Warrior Field,Shake and Bake,tie 35 - 35,2
Wed Jun 22 @ 6:00 pm,Columbia Icefield: Warrior Field,Sooo Good,won 14 - 49,4
Sat Jun 18 @ 3:00 pm,Columbia Icefield: Warrior Field,Muscle Pharm,,
END_SEASON

PLAYOFFS:
Date/Time,Location,Opposing Team,Score,S.O.C.
Sat Jul 9 @ 4:00 pm,Columbia Icefield: Warrior Field,Cleo’s Lemons,lost 42 - 14,2
END_PLAYOFFS

ROSTER:
Player,Captaincy,uwaterloo_email
Jonathan Burshaw,(C),jtbursha@uwaterloo.ca
Cristina Belbeck,,
Kyle Bennett,,
Bryant Bortolotto-Freeman,,
Daniel Chelladurai,,
Ian King,,
Manny Mangat,,
Cole McLay,,
Tara Tyler,,
Yao-Chieh Yin,,
END_ROSTER
