Pittsburgh Penguins,PIT,nhl
1969-70,1970
25
76
4,6
GP,Date,Time,Location,Opponent,GF,GA,Result,Game Ended In,W,L,T,Streak,Notes
1,1969-10-11,time unavailable,H,Oakland Seals,2,2,T,REG,0,0,1,T 1
2,1969-10-15,time unavailable,H,Philadelphia Flyers,3,3,T,REG,0,0,2,T 2
3,1969-10-18,time unavailable,H,Boston Bruins,3,3,T,REG,0,0,3,T 3
4,1969-10-19,time unavailable,@,Boston Bruins,0,4,L,REG,0,1,3,L 1
5,1969-10-21,time unavailable,@,Oakland Seals,3,4,L,REG,0,2,3,L 2
6,1969-10-22,time unavailable,@,Los Angeles Kings,0,2,L,REG,0,3,3,L 3
7,1969-10-25,time unavailable,@,Minnesota North Stars,4,1,W,REG,1,3,3,W 1
8,1969-10-29,time unavailable,H,New York Rangers,1,3,L,REG,1,4,3,L 1
9,1969-11-01,time unavailable,H,Minnesota North Stars,6,3,W,REG,2,4,3,W 1
10,1969-11-02,time unavailable,@,Detroit Red Wings,3,4,L,REG,2,5,3,L 1
11,1969-11-05,time unavailable,H,Detroit Red Wings,2,4,L,REG,2,6,3,L 2
12,1969-11-08,time unavailable,H,Chicago Black Hawks,1,4,L,REG,2,7,3,L 3
13,1969-11-12,time unavailable,@,Toronto Maple Leafs,3,0,W,REG,3,7,3,W 1
14,1969-11-13,time unavailable,@,St. Louis Blues,0,4,L,REG,3,8,3,L 1
15,1969-11-15,time unavailable,H,Los Angeles Kings,3,1,W,REG,4,8,3,W 1
16,1969-11-19,time unavailable,H,St. Louis Blues,0,4,L,REG,4,9,3,L 1
17,1969-11-22,time unavailable,H,Philadelphia Flyers,5,3,W,REG,5,9,3,W 1
18,1969-11-23,time unavailable,@,Chicago Black Hawks,2,3,L,REG,5,10,3,L 1
19,1969-11-26,time unavailable,@,Minnesota North Stars,4,4,T,REG,5,10,4,T 1
20,1969-11-29,time unavailable,H,Oakland Seals,5,3,W,REG,6,10,4,W 1
21,1969-11-30,time unavailable,@,Philadelphia Flyers,3,3,T,REG,6,10,5,T 1
22,1969-12-03,time unavailable,H,Detroit Red Wings,2,1,W,REG,7,10,5,W 1
23,1969-12-06,time unavailable,@,Toronto Maple Leafs,0,5,L,REG,7,11,5,L 1
24,1969-12-07,time unavailable,H,Toronto Maple Leafs,3,2,W,REG,8,11,5,W 1
25,1969-12-10,time unavailable,@,Los Angeles Kings,2,0,W,REG,9,11,5,W 2
26,1969-12-12,time unavailable,@,Oakland Seals,1,4,L,REG,9,12,5,L 1
27,1969-12-14,time unavailable,@,Boston Bruins,1,2,L,REG,9,13,5,L 2
28,1969-12-17,time unavailable,H,Montreal Canadiens,2,5,L,REG,9,14,5,L 3
29,1969-12-20,time unavailable,H,Boston Bruins,4,6,L,REG,9,15,5,L 4
30,1969-12-21,time unavailable,@,Philadelphia Flyers,0,4,L,REG,9,16,5,L 5
31,1969-12-26,time unavailable,@,New York Rangers,3,2,W,REG,10,16,5,W 1
32,1969-12-27,time unavailable,H,Chicago Black Hawks,0,3,L,REG,10,17,5,L 1
33,1969-12-31,time unavailable,H,Montreal Canadiens,4,2,W,REG,11,17,5,W 1
34,1970-01-03,time unavailable,@,St. Louis Blues,0,6,L,REG,11,18,5,L 1
35,1970-01-04,time unavailable,H,Toronto Maple Leafs,4,4,T,REG,11,18,6,T 1
36,1970-01-07,time unavailable,H,New York Rangers,3,5,L,REG,11,19,6,L 1
37,1970-01-08,time unavailable,@,Montreal Canadiens,1,3,L,REG,11,20,6,L 2
38,1970-01-10,time unavailable,H,Detroit Red Wings,3,5,L,REG,11,21,6,L 3
39,1970-01-14,time unavailable,@,Chicago Black Hawks,0,5,L,REG,11,22,6,L 4
40,1970-01-17,time unavailable,@,Toronto Maple Leafs,0,4,L,REG,11,23,6,L 5
41,1970-01-18,time unavailable,@,Philadelphia Flyers,6,4,W,REG,12,23,6,W 1
42,1970-01-21,time unavailable,H,Oakland Seals,3,3,T,REG,12,23,7,T 1
43,1970-01-24,time unavailable,H,Los Angeles Kings,4,2,W,REG,13,23,7,W 1
44,1970-01-25,time unavailable,@,Boston Bruins,1,3,L,REG,13,24,7,L 1
45,1970-01-28,time unavailable,H,Toronto Maple Leafs,4,4,T,REG,13,24,8,T 1
46,1970-01-31,time unavailable,H,St. Louis Blues,2,1,W,REG,14,24,8,W 1
47,1970-02-01,time unavailable,@,New York Rangers,0,6,L,REG,14,25,8,L 1
48,1970-02-04,time unavailable,@,Minnesota North Stars,7,5,W,REG,15,25,8,W 1
49,1970-02-07,time unavailable,H,Los Angeles Kings,3,1,W,REG,16,25,8,W 2
50,1970-02-08,time unavailable,H,Minnesota North Stars,6,3,W,REG,17,25,8,W 3
51,1970-02-11,time unavailable,@,Chicago Black Hawks,1,7,L,REG,17,26,8,L 1
52,1970-02-14,time unavailable,H,Boston Bruins,0,3,L,REG,17,27,8,L 2
53,1970-02-15,time unavailable,@,Detroit Red Wings,4,2,W,REG,18,27,8,W 1
54,1970-02-17,time unavailable,H,Philadelphia Flyers,4,2,W,REG,19,27,8,W 2
55,1970-02-19,time unavailable,@,Los Angeles Kings,6,1,W,REG,20,27,8,W 3
56,1970-02-21,time unavailable,@,Oakland Seals,3,6,L,REG,20,28,8,L 1
57,1970-02-25,time unavailable,@,Montreal Canadiens,2,3,L,REG,20,29,8,L 2
58,1970-02-26,time unavailable,H,Los Angeles Kings,1,0,W,REG,21,29,8,W 1
59,1970-02-28,time unavailable,H,Oakland Seals,3,2,W,REG,22,29,8,W 2
60,1970-03-04,time unavailable,H,Montreal Canadiens,2,1,W,REG,23,29,8,W 3
61,1970-03-05,time unavailable,@,Detroit Red Wings,3,5,L,REG,23,30,8,L 1
62,1970-03-07,time unavailable,H,St. Louis Blues,2,2,T,REG,23,30,9,T 1
63,1970-03-08,time unavailable,@,New York Rangers,0,0,T,REG,23,30,10,T 2
64,1970-03-11,time unavailable,@,Oakland Seals,2,2,T,REG,23,30,11,T 3
65,1970-03-12,time unavailable,@,Los Angeles Kings,1,4,L,REG,23,31,11,L 1
66,1970-03-14,time unavailable,@,Minnesota North Stars,3,6,L,REG,23,32,11,L 2
67,1970-03-18,time unavailable,H,New York Rangers,0,2,L,REG,23,33,11,L 3
68,1970-03-19,time unavailable,@,St. Louis Blues,1,3,L,REG,23,34,11,L 4
69,1970-03-21,time unavailable,H,Chicago Black Hawks,3,5,L,REG,23,35,11,L 5
70,1970-03-22,time unavailable,@,Montreal Canadiens,4,5,L,REG,23,36,11,L 6
71,1970-03-25,time unavailable,H,Minnesota North Stars,2,0,W,REG,24,36,11,W 1
72,1970-03-28,time unavailable,@,Philadelphia Flyers,2,1,W,REG,25,36,11,W 2
73,1970-03-29,time unavailable,H,St. Louis Blues,5,5,T,REG,25,36,12,T 1
74,1970-04-01,time unavailable,H,Philadelphia Flyers,4,1,W,REG,26,36,12,W 1
75,1970-04-04,time unavailable,@,St. Louis Blues,1,3,L,REG,26,37,12,L 1
76,1970-04-05,time unavailable,H,Minnesota North Stars,1,5,L,REG,26,38,12,L 2

GP,Date,Time,Location,Opponent,GF,GA,Result,Game Ended In,W,L,T,Streak,Notes
1,1970-04-08,time unavailable,H,Oakland Seals,2,1,W,REG,1,0,0,W 1
2,1970-04-09,time unavailable,H,Oakland Seals,3,1,W,REG,2,0,0,W 2
3,1970-04-11,time unavailable,@,Oakland Seals,5,2,W,REG,3,0,0,W 3
4,1970-04-12,time unavailable,@,Oakland Seals,3,2,W,OT,4,0,0,W 4
5,1970-04-19,time unavailable,@,St. Louis Blues,1,3,L,REG,4,1,0,L 1
6,1970-04-21,time unavailable,@,St. Louis Blues,1,4,L,REG,4,2,0,L 2
7,1970-04-23,time unavailable,H,St. Louis Blues,3,2,W,REG,5,2,0,W 1
8,1970-04-26,time unavailable,H,St. Louis Blues,2,1,W,REG,6,2,0,W 2
9,1970-04-28,time unavailable,@,St. Louis Blues,0,5,L,REG,6,3,0,L 1
10,1970-04-30,time unavailable,H,St. Louis Blues,3,4,L,REG,6,4,0,L 2

Les Binkley,,30,G,35,6-0,175,-/R,2,"June 6, 1934",ca,"10-13-1, 3.21 GAA"
Bob Blackburn,,4,D,31,5-11,198,L/-,1,"February 1, 1938",ca,"4 G, 7 A, 11 P"
Wally Boyer,,18,C,32,5-8,165,L/-,4,"September 27, 1937",ca,"11 G, 12 A, 23 P"
Michel Briere,,21,C,20,5-10,165,L/-,R,"October 21, 1949",ca,"12 G, 32 A, 44 P"
Joe Daley,,1,G,26,5-10,170,-/L,1,"February 20, 1943",ca,"1-5-3, 2.95 GAA"
Val Fonteyne,,8,LW,36,5-10,160,L/-,10,"December 2, 1933",ca,"11 G, 15 A, 26 P"
Nick Harbaruk,,11,RW,26,6-0,195,R/-,R,"August 16, 1943",pl,"5 G, 17 A, 22 P"
Bryan Hextall,,7,C,28,5-11,185,L/-,1,"May 23, 1941",ca,"12 G, 19 A, 31 P"
Rick Kessell,,23,C,20,5-10,175,L/-,R,"July 27, 1949",ca,"1 G, 2 A, 3 P"
Dunc McCallum,,26,D,29,6-1,193,R/-,3,"March 29, 1940",ca,"0 G, 0 A, 0 P"
Keith McCreary,,10,LW,29,5-10,180,L/-,3,"June 19, 1940",ca,"18 G, 8 A, 26 P"
Mike McMahon,,26,D,28,5-11,180,L/-,5,"August 30, 1941",ca,"1 G, 3 A, 4 P"
Jim Morrison,,27,D,38,5-10,183,L/-,10,"October 11, 1931",ca,"5 G, 15 A, 20 P"
Tracy Pratt,,6,D,26,6-2,195,L/-,2,"March 8, 1943",us,"5 G, 7 A, 12 P"
Dean Prentice,,20,LW,37,5-11,180,L/-,17,"October 5, 1932",ca,"26 G, 25 A, 51 P"
Jean Pronovost,,19,RW,24,6-0,185,R/-,1,"December 18, 1945",ca,"20 G, 21 A, 41 P"
Duane Rupp,,2,D,31,6-1,195,L/-,6,"March 29, 1938",ca,"2 G, 14 A, 16 P"
Glen Sather,,16,LW,26,5-11,180,L/-,3,"September 2, 1943",ca,"12 G, 14 A, 26 P"
Ken Schinkel,,12,RW,37,5-10,172,R/-,8,"November 27, 1932",ca,"20 G, 25 A, 45 P"
Ron Schock,,17,C,26,5-11,180,L/-,6,"December 19, 1943",ca,"8 G, 21 A, 29 P"
Al Smith,,29,G,24,6-1,200,-/L,3,"November 10, 1945",ca,"15-20-8, 3.03 GAA"
Ron Snell,,14,RW,21,5-10,158,R/-,1,"August 11, 1948",ca,"0 G, 1 A, 1 P"
George Swarbrick,,15,RW,27,5-10,175,R/-,2,"February 16, 1942",ca,"0 G, 1 A, 1 P"
Bryan Watson,,5,D,27,5-9,175,R/-,6,"November 14, 1942",ca,"1 G, 9 A, 10 P"
Bob Woytowich,,3,D,28,6-0,185,R/-,5,"August 18, 1941",ca,"8 G, 25 A, 33 P"
