Ottawa Senators,OTS,nhl
1922-23,1923
10
24
2
GP,Date,Time,Location,Opponent,GF,GA,Result,Game Ended In,W,L,T,Streak
1,1922-12-16,time unavailable,@,Hamilton Tigers,3,4,L,REG,0,1,0,L 1
2,1922-12-20,time unavailable,H,Toronto St. Patricks,7,2,W,REG,1,1,0,W 1
3,1922-12-23,time unavailable,@,Montreal Canadiens,3,0,W,REG,2,1,0,W 2
4,1922-12-27,time unavailable,H,Montreal Canadiens,2,2,T,OT,2,1,1,T 1
5,1922-12-30,time unavailable,H,Hamilton Tigers,4,1,W,REG,3,1,1,W 1
6,1923-01-03,time unavailable,@,Toronto St. Patricks,2,3,L,OT,3,2,1,L 1
7,1923-01-06,time unavailable,H,Toronto St. Patricks,2,1,W,REG,4,2,1,W 1
8,1923-01-10,time unavailable,H,Montreal Canadiens,6,2,W,REG,5,2,1,W 2
9,1923-01-13,time unavailable,@,Hamilton Tigers,1,8,L,REG,5,3,1,L 1
10,1923-01-17,time unavailable,@,Montreal Canadiens,1,2,L,REG,5,4,1,L 2
11,1923-01-20,time unavailable,H,Hamilton Tigers,2,0,W,REG,6,4,1,W 1
12,1923-01-24,time unavailable,@,Toronto St. Patricks,1,2,L,OT,6,5,1,L 1
13,1923-01-27,time unavailable,@,Hamilton Tigers,6,5,W,OT,7,5,1,W 1
14,1923-01-31,time unavailable,H,Toronto St. Patricks,2,1,W,REG,8,5,1,W 2
15,1923-02-03,time unavailable,@,Montreal Canadiens,1,4,L,REG,8,6,1,L 1
16,1923-02-07,time unavailable,H,Montreal Canadiens,3,0,W,REG,9,6,1,W 1
17,1923-02-10,time unavailable,H,Hamilton Tigers,8,3,W,REG,10,6,1,W 2
18,1923-02-14,time unavailable,@,Toronto St. Patricks,4,6,L,REG,10,7,1,L 1
19,1923-02-17,time unavailable,H,Montreal Canadiens,2,0,W,REG,11,7,1,W 1
20,1923-02-21,time unavailable,H,Toronto St. Patricks,6,1,W,REG,12,7,1,W 2
21,1923-02-24,time unavailable,@,Hamilton Tigers,5,1,W,REG,13,7,1,W 3
22,1923-02-28,time unavailable,H,Hamilton Tigers,6,3,W,REG,14,7,1,W 4
23,1923-03-03,time unavailable,@,Montreal Canadiens,0,1,L,REG,14,8,1,L 1
24,1923-03-05,time unavailable,@,Toronto St. Patricks,0,2,L,REG,14,9,1,L 2

GP,Date,Time,Location,Opponent,GF,GA,Result,Game Ended In,W,L,T,Streak
1,1923-03-07,time unavailable,@,Montreal Canadiens,2,0,W,REG,1,0,0,W 1
2,1923-03-09,time unavailable,H,Montreal Canadiens,1,2,L,REG,1,1,0,L 1

Clint Benedict,,n/a,G,30,-/L,5,"September 26, 1892","14-9-1, 2.18 GAA",ca
Georges Boucher,,n/a,D,26,5-9,169,L/-,5,"August 17, 1896",ca,"14 G, 9 A, 23 P"
Punch Broadbent,,n/a,RW,30,5-7,183,R/-,4,"July 13, 1892",ca,"14 G, 1 A, 15 P"
King Clancy,,n/a,D,19,5-7,155,L/-,1,"February 25, 1903",ca,"3 G, 2 A, 5 P"
Jack Darragh,,n/a,RW,32,5-10,168,R/-,4,"December 4, 1890",ca,"6 G, 9 A, 15 P"
Cy Denneny,,n/a,LW,31,5-7,168,L/-,5,"December 23, 1891",ca,"23 G, 11 A, 34 P"
Eddie Gerard,,n/a,D,32,5-9,168,L/-,5,"February 22, 1890",ca,"6 G, 13 A, 19 P"
Harry Helman,,n/a,D,28,5-6,145,R/-,R,"August 28, 1894",ca,"0 G, 0 A, 0 P"
Lionel Hitchman,,n/a,D,21,6-1,167,L/-,R,"November 3, 1901",ca,"0 G, 1 A, 1 P"
Frank Nighbor,,n/a,C,30,5-9,160,R/-,5,"January 26, 1893",ca,"11 G, 7 A, 18 P"
