Hard as Puck,winter2010,Ice Hockey: Hard as Puck (All Star Non-Contact)
7,6,6,1,1
Tue Jan 12 @ 7:00 pm,Columbia Icefield Arena,lost,0,2,3,Worriers
Tue Jan 19 @ 9:00 pm,Columbia Icefield Arena,tie,2,2,2,Dirty Mitt
Sun Jan 24 @ 9:00 pm,Columbia Icefield Arena,won,3,2,2,Reservoir Dogs
Tue Jan 26 @ 9:00 pm,Columbia Icefield Arena,tie,1,1,2,Dirty Mitt
Mon Feb 1 @ 10:00 pm,Columbia Icefield Arena,won,7,6,4,Captain Strab and the Phorias
Tue Feb 9 @ 9:00 pm,Columbia Icefield Arena,lost,1,4,2,Worriers
Thu Mar 25 @ 10:00 pm,Columbia Icefield Arena,lost,2,5,1,Captain Strab and the Phorias

Eric Dagg,Joel DePaolis,David Dumart,Jeffrey Dumart,Brent Forrest,Eamon Hamoodi,Shaun Harkley,Brady Hauck,Geoffrey Lucas,Alexander McTeer,Damien Parent,Robert Parent,Evan Pitcher,Garrett Rank,Daniel Strain,Jacob Wright,Andrew Dumart
