The Dusters,spring2011,Ice Hockey: The Dusters (Advanced)
7,6,6,1,1
Wed May 11 @ 8:00 pm,Columbia Icefield Arena,lost,3,5,3,The Eh-Team
Wed May 25 @ 7:00 pm,Columbia Icefield Arena,lost,2,4,4,The Remedy
Wed Jun 8 @ 9:00 pm,Columbia Icefield Arena,lost,1,7,4,Advanced Indies 3
Wed Jun 15 @ 7:00 pm,Columbia Icefield Arena,lost,3,7,3,Goodfellas
Wed Jun 29 @ 8:00 pm,Columbia Icefield Arena,lost,2,3,3,Advanced Indies 2
Wed Jul 6 @ 8:00 pm,Columbia Icefield Arena,won,7,1,2,Polar Bears
Wed Jul 13 @ 10:00 pm,Columbia Icefield Arena,lost,0,4,0,Bush League

Elora Brenneman,Caitlin Brydges,Lukas Burke,Soo Cho,David Dumart,Jeffrey Dumart,Michael Dunn,Alexander Ellsworth,Peter Francis,William Francis,Curtis Robinson,Jonathan Templin,Douglas Mackendrick
