Goodfellas,spring2011,Ice Hockey: Goodfellas (Advanced)
8,6,6,2,2
Wed May 11 @ 9:00 pm,Columbia Icefield Arena,won,6,0,4,Polar Bears
Wed May 25 @ 8:00 pm,Columbia Icefield Arena,won,6,4,3,Advanced Indies 2
Wed Jun 8 @ 10:00 pm,Columbia Icefield Arena,won,5,2,4,Bendy Garden Gnomes
Wed Jun 15 @ 7:00 pm,Columbia Icefield Arena,won,7,3,3,The Dusters
Wed Jun 22 @ 9:00 pm,Columbia Icefield Arena,lost,4,5,2,Advanced Indies 3
Tue Jun 28 @ 8:00 pm,Columbia Icefield Arena,tie,4,4,4,The Remedy
Sun Jul 10 @ 7:00 pm,Columbia Icefield Arena,won,2,0,1,Advanced Indies 1
Sun Jul 24 @ 8:00 pm,Columbia Icefield Arena,lost,0,2,1,The Remedy

Timothy Boyadjian,Nicholas Cosentino,Christopher Gilson,Simon Glass,Paul Hammell,Carmen Heine,Andrew Hulbert,Hal McPhail,Christopher Smellie,Michael Smyth,John Kurelek
