The Eh-Team,spring2011,Ice Hockey: The Eh-Team (Advanced)
7,6,6,1,1
Tue May 10 @ 6:00 pm,Columbia Icefield Arena,won,3,0,avg.,Bendy Garden Gnomes
Wed May 11 @ 8:00 pm,Columbia Icefield Arena,won,5,3,3,The Dusters
Tue May 24 @ 6:00 pm,Columbia Icefield Arena,won,3,1,4,Polar Bears
Wed Jun 8 @ 7:00 pm,Columbia Icefield Arena,won,5,2,4,The Remedy
Wed Jun 22 @ 7:00 pm,Columbia Icefield Arena,won,5,2,0,Advanced Indies 2
Wed Jul 6 @ 7:00 pm,Columbia Icefield Arena,lost,1,2,3,Advanced Indies 3
Sun Jul 10 @ 9:00 pm,Columbia Icefield Arena,lost,1,2,0,Pharmers

Adam Caprini,William Chong,Riley Duke,Zachary Gowanlock,Jason Hill,Philip Kariam,Mark-Andrew Matta,Matthew Mitchell,Alex Mommersteeg,Aren Patel,Michael Quinlan,Patrick Quinlan,Thommaso Raso,Brandon Van Asseldonk,Jordan Chan
