Worriers,spring2011,Ice Hockey: Worriers (Advanced)
7,6,6,1,1
Sun May 15 @ 8:00 pm,Columbia Icefield Arena,won,6,0,4,Advanced Indies 1
Tue May 17 @ 5:00 pm,Columbia Icefield Arena,won,5,2,4,Oduya Laich Semin
Tue May 31 @ 7:00 pm,Columbia Icefield Arena,won,6,3,2,Jagr Bombs
Tue Jun 7 @ 6:00 pm,Columbia Icefield Arena,won,6,0,4,Kings
Tue Jun 21 @ 8:00 pm,Columbia Icefield Arena,lost,3,4,3,Pharmers
Tue Jul 5 @ 5:00 pm,Columbia Icefield Arena,won,6,1,4,Bush League
Wed Jul 13 @ 9:00 pm,Columbia Icefield Arena,lost,1,5,1,The Remedy

Bart Domzy,Bill Futher,Drew Higgins,Timothy Kenyon,Alan Ker,David Klassen,George Labahn,Robert G McLaren,Adam Metherel,Jeff Randall,David Smyth,Richard Staines,Ken D. Stark,Robert Teare,A.Russell Tupling,Alexander Wright,Bill Eickmeier
