Pharmers,spring2011,Ice Hockey: Pharmers (Advanced)
9,6,6,3,3
Sun May 29 @ 10:00 pm,Columbia Icefield Arena,won,3,2,3,Bush League
Sun Jun 12 @ 10:00 pm,Columbia Icefield Arena,lost,1,6,2,Advanced Indies 1
Tue Jun 14 @ 5:00 pm,Columbia Icefield Arena,lost,0,3,0,Oduya Laich Semin
Sun Jun 19 @ 8:00 pm,Columbia Icefield Arena,won,5,1,2,Jagr Bombs
Tue Jun 21 @ 8:00 pm,Columbia Icefield Arena,won,4,3,3,Worriers
Sun Jun 26 @ 10:00 pm,Columbia Icefield Arena,won,6,0,3,Kings
Sun Jul 10 @ 9:00 pm,Columbia Icefield Arena,won,2,1,0,The Eh-Team
Wed Jul 20 @ 9:00 pm,Columbia Icefield Arena,won,2,1,1,Oduya Laich Semin
Wed Jul 27 @ 9:00 pm,Columbia Icefield Arena,lost,3,4,0,The Remedy

Kenneth Burns,Alexander Carducci,Christopher Goudy,Owain Graham,Thomas Jilek,Keith Peiris,Todd Richardson,Eric Romeril,Sean Wilkinson,Paul Stefan
