Oduya Laich Semin,spring2011,Ice Hockey: Oduya Laich Semin (Advanced)
8,6,6,2,2
Tue May 17 @ 5:00 pm,Columbia Icefield Arena,lost,2,5,4,Worriers
Tue Jun 7 @ 5:00 pm,Columbia Icefield Arena,won,7,4,4,Bush League
Sun Jun 12 @ 9:00 pm,Columbia Icefield Arena,lost,4,6,-3,Jagr Bombs
Tue Jun 14 @ 5:00 pm,Columbia Icefield Arena,won,3,0,avg.,Pharmers
Sun Jun 19 @ 7:00 pm,Columbia Icefield Arena,won,4,2,1,Advanced Indies 1
Tue Jul 5 @ 6:00 pm,Columbia Icefield Arena,won,3,0,avg.,Kings
Wed Jul 13 @ 8:00 pm,Columbia Icefield Arena,won,4,3,1,Advanced Indies 3
Wed Jul 20 @ 9:00 pm,Columbia Icefield Arena,lost,1,2,1,Pharmers

Joel Brooks,Marc Brownrigg,Timothy Edmondson,Mitchell Guild,Reece Lawrence,Jordan McCormack,Jason McKague,Marco Molinari,Ben Norris,Mathieu Parisien,Cody Rice,Matthew Schildroth,Michael Baldassarra
