Jagr Bombs,spring2011,Ice Hockey: Jagr Bombs (Advanced)
9,6,6,3,3
Tue May 17 @ 6:00 pm,Columbia Icefield Arena,won,3,1,4,Bush League
Tue May 24 @ 10:00 pm,Columbia Icefield Arena,tie,4,4,4,Kings
Tue May 31 @ 7:00 pm,Columbia Icefield Arena,lost,3,6,2,Worriers
Sun Jun 12 @ 9:00 pm,Columbia Icefield Arena,won,6,4,-1,Oduya Laich Semin
Sun Jun 19 @ 8:00 pm,Columbia Icefield Arena,lost,1,5,3,Pharmers
Sun Jun 26 @ 9:00 pm,Columbia Icefield Arena,lost,4,7,0,Advanced Indies 1
Sun Jul 10 @ 8:00 pm,Columbia Icefield Arena,won,4,2,1,Polar Bears
Sun Jul 24 @ 7:00 pm,Columbia Icefield Arena,won,3,0,0,Kings
Wed Jul 27 @ 10:00 pm,Columbia Icefield Arena,lost,1,3,0,Bendy Garden Gnomes

Cody Buchenauer,David Carscadden,Anthony Colaiacovo,Christopher Farrugia,Joris Franssen,David Godin,Jordan Godin,Nolan Lassaline,Carl Pawlowski,Kelsey Scheier,David Valade,Brendan Shapton
