Kings,spring2011,Ice Hockey: Kings (Advanced)
8,6,6,2,2
Tue May 24 @ 10:00 pm,Columbia Icefield Arena,tie,4,4,4,Jagr Bombs
Sun May 29 @ 8:00 pm,Columbia Icefield Arena,lost,2,4,2,Advanced Indies 1
Tue Jun 7 @ 6:00 pm,Columbia Icefield Arena,lost,0,6,4,Worriers
Tue Jun 21 @ 6:00 pm,Columbia Icefield Arena,lost,3,5,0,Bush League
Sun Jun 26 @ 10:00 pm,Columbia Icefield Arena,lost,0,6,4,Pharmers
Tue Jul 5 @ 6:00 pm,Columbia Icefield Arena,lost,0,3,-2,Oduya Laich Semin
Wed Jul 13 @ 7:00 pm,Columbia Icefield Arena,won,4,3,1,Advanced Indies 2
Sun Jul 24 @ 7:00 pm,Columbia Icefield Arena,lost,0,3,-2,Jagr Bombs

Benjamin Balfour,Benjamin Cornish,Christian De Milleville,Devin Drury,Tucker Gagen,Brian Garel,Jeffrey Gilchrist,Matthew Griffith,Alexander Hart,Jordan Le Coche,Jay Liebner,Kazimir Makarewicz,Jason Quan,Dustin Reid,Jennifer Tabar,Gregory Mittler
