Polar Bears,spring2011,Ice Hockey: Polar Bears (Advanced)
7,6,6,1,1
Tue May 10 @ 10:00 pm,Columbia Icefield Arena,lost,1,7,4,The Remedy
Wed May 11 @ 9:00 pm,Columbia Icefield Arena,lost,0,6,4,Goodfellas
Tue May 24 @ 6:00 pm,Columbia Icefield Arena,lost,1,3,4,The Eh-Team
Wed Jun 8 @ 8:00 pm,Columbia Icefield Arena,lost,2,6,4,Advanced Indies 2
Tue Jun 14 @ 6:00 pm,Columbia Icefield Arena,lost,0,6,4,Bendy Garden Gnomes
Wed Jul 6 @ 8:00 pm,Columbia Icefield Arena,lost,1,7,2,The Dusters
Sun Jul 10 @ 8:00 pm,Columbia Icefield Arena,lost,2,4,1,Jagr Bombs

Laura Braga,Lindsay Brock,Evan Brotherston,Geoffrey Deignan,Adam Dobri,Benjamin Hobers,Jeffrey Hodgson,Eric Lee,Kylee McIntosh,Stefan Sirianni,Jon Joel
