Advanced Indies 2,spring2011,Ice Hockey: Advanced Indies 2 (Advanced)
7,6,6,1,1
Wed May 18 @ 8:00 pm,Columbia Icefield Arena,lost,0,6,4,Advanced Indies 3
Wed May 25 @ 8:00 pm,Columbia Icefield Arena,lost,4,6,3,Goodfellas
Wed Jun 8 @ 8:00 pm,Columbia Icefield Arena,won,6,2,4,Polar Bears
Wed Jun 22 @ 7:00 pm,Columbia Icefield Arena,lost,2,5,1,The Eh-Team
Wed Jun 29 @ 8:00 pm,Columbia Icefield Arena,won,3,2,3,The Dusters
Tue Jul 5 @ 8:00 pm,Columbia Icefield Arena,lost,2,3,-1,Bendy Garden Gnomes
Wed Jul 13 @ 7:00 pm,Columbia Icefield Arena,lost,3,4,1,Kings

Jeffrey Dow,Trevor Fairey,Oleg Gittsovich,Mitch Graper,Zachary Hogg,Devin Lebel,Sachin Manucha,Dustin Martin,Andrew McMahon,Justin Ongaro,Matthew Piazza
