Cincinnati Stingers,CNS,wha
1976-77,1977
26
81
4
GP,Date,Time,Location,Opponent,GF,GA,Result,Game Ended In,W,L,T,Streak
1,1976-10-07,time unavailable,H,Minnesota Fighting Saints,7,2,W,REG,1,0,0,W 1
2,1976-10-08,time unavailable,@,Phoenix Roadrunners,6,8,L,REG,1,1,0,L 1
3,1976-10-09,time unavailable,@,San Diego Mariners,7,7,T,REG,1,1,1,T 1
4,1976-10-14,time unavailable,@,Birmingham Bulls,7,7,T,REG,1,1,2,T 2
5,1976-10-15,time unavailable,@,Indianapolis Racers,5,6,L,OT,1,2,2,L 1
6,1976-10-17,time unavailable,@,Quebec Nordiques,5,2,W,REG,2,2,2,W 1
7,1976-10-19,time unavailable,@,Minnesota Fighting Saints,4,2,W,REG,3,2,2,W 2
8,1976-10-23,time unavailable,@,New England Whalers,4,5,L,REG,3,3,2,L 1
9,1976-10-26,time unavailable,@,New England Whalers,1,0,W,REG,4,3,2,W 1
10,1976-10-29,time unavailable,H,San Diego Mariners,4,2,W,REG,5,3,2,W 2
11,1976-10-30,time unavailable,H,Phoenix Roadrunners,9,3,W,REG,6,3,2,W 3
12,1976-11-03,time unavailable,H,Indianapolis Racers,8,2,W,REG,7,3,2,W 4
13,1976-11-04,time unavailable,@,Indianapolis Racers,2,5,L,REG,7,4,2,L 1
14,1976-11-06,time unavailable,H,Winnipeg Jets,7,3,W,REG,8,4,2,W 1
15,1976-11-10,time unavailable,H,Edmonton Oilers,4,2,W,REG,9,4,2,W 2
16,1976-11-13,time unavailable,H,Indianapolis Racers,7,3,W,REG,10,4,2,W 3
17,1976-11-16,time unavailable,@,Indianapolis Racers,3,5,L,REG,10,5,2,L 1
18,1976-11-19,time unavailable,@,Edmonton Oilers,3,4,L,OT,10,6,2,L 2
19,1976-11-21,time unavailable,@,Winnipeg Jets,4,2,W,REG,11,6,2,W 1
20,1976-11-23,time unavailable,@,Minnesota Fighting Saints,0,4,L,REG,11,7,2,L 1
21,1976-11-24,time unavailable,H,Indianapolis Racers,4,6,L,REG,11,8,2,L 2
22,1976-11-27,time unavailable,H,Birmingham Bulls,2,1,W,REG,12,8,2,W 1
23,1976-11-30,time unavailable,@,Birmingham Bulls,1,3,L,REG,12,9,2,L 1
24,1976-12-03,time unavailable,H,Calgary Cowboys,6,4,W,REG,13,9,2,W 1
25,1976-12-05,time unavailable,H,Houston Aeros,7,2,W,REG,14,9,2,W 2
26,1976-12-08,time unavailable,H,San Diego Mariners,1,6,L,REG,14,10,2,L 1
27,1976-12-10,time unavailable,H,Houston Aeros,6,2,W,REG,15,10,2,W 1
28,1976-12-12,time unavailable,H,Phoenix Roadrunners,8,0,W,REG,16,10,2,W 2
29,1976-12-15,time unavailable,H,Minnesota Fighting Saints,5,0,W,REG,17,10,2,W 3
30,1976-12-18,time unavailable,@,Minnesota Fighting Saints,3,4,L,REG,17,11,2,L 1
31,1976-12-19,time unavailable,@,Edmonton Oilers,2,4,L,REG,17,12,2,L 2
32,1976-12-22,time unavailable,H,Birmingham Bulls,2,6,L,REG,17,13,2,L 3
33,1976-12-23,time unavailable,@,Houston Aeros,5,6,L,OT,17,14,2,L 4
34,1976-12-26,time unavailable,@,Calgary Cowboys,3,6,L,REG,17,15,2,L 5
35,1976-12-30,time unavailable,H,New England Whalers,4,6,L,REG,17,16,2,L 6
36,1977-01-02,time unavailable,@,New England Whalers,2,3,L,REG,17,17,2,L 7
37,1977-01-07,time unavailable,H,Birmingham Bulls,7,1,W,REG,18,17,2,W 1
38,1977-01-08,time unavailable,H,San Diego Mariners,2,1,W,REG,19,17,2,W 2
39,1977-01-11,time unavailable,H,New England Whalers,8,2,W,REG,20,17,2,W 3
40,1977-01-13,time unavailable,@,San Diego Mariners,7,2,W,REG,21,17,2,W 4
41,1977-01-14,time unavailable,@,Phoenix Roadrunners,5,6,L,OT,21,18,2,L 1
42,1977-01-16,time unavailable,@,Winnipeg Jets,6,4,W,REG,22,18,2,W 1
43,1977-01-20,time unavailable,@,Phoenix Roadrunners,4,9,L,REG,22,19,2,L 1
44,1977-01-21,time unavailable,@,Winnipeg Jets,5,6,L,OT,22,20,2,L 2
45,1977-01-23,time unavailable,@,New England Whalers,3,4,L,OT,22,21,2,L 3
46,1977-01-25,time unavailable,H,New England Whalers,4,2,W,REG,23,21,2,W 1
47,1977-01-29,time unavailable,@,Quebec Nordiques,2,7,L,REG,23,22,2,L 1
48,1977-01-30,time unavailable,@,Birmingham Bulls,1,7,L,REG,23,23,2,L 2
49,1977-02-02,time unavailable,H,Birmingham Bulls,2,3,L,REG,23,24,2,L 3
50,1977-02-05,time unavailable,H,New England Whalers,8,3,W,REG,24,24,2,W 1
51,1977-02-06,time unavailable,@,Quebec Nordiques,1,6,L,REG,24,25,2,L 1
52,1977-02-09,time unavailable,H,Indianapolis Racers,9,0,W,REG,25,25,2,W 1
53,1977-02-11,time unavailable,H,Winnipeg Jets,4,0,W,REG,26,25,2,W 2
54,1977-02-13,time unavailable,H,New England Whalers,4,5,L,REG,26,26,2,L 1
55,1977-02-15,time unavailable,@,Edmonton Oilers,7,4,W,REG,27,26,2,W 1
56,1977-02-16,time unavailable,@,Calgary Cowboys,7,3,W,REG,28,26,2,W 2
57,1977-02-18,time unavailable,@,Calgary Cowboys,3,5,L,REG,28,27,2,L 1
58,1977-02-19,time unavailable,H,Quebec Nordiques,3,1,W,REG,29,27,2,W 1
59,1977-02-20,time unavailable,H,Phoenix Roadrunners,4,3,W,REG,30,27,2,W 2
60,1977-02-22,time unavailable,@,Birmingham Bulls,4,4,T,REG,30,27,3,T 1
61,1977-02-25,time unavailable,H,Quebec Nordiques,5,2,W,REG,31,27,3,W 1
62,1977-02-26,time unavailable,H,Winnipeg Jets,6,8,L,REG,31,28,3,L 1
63,1977-03-05,time unavailable,H,Indianapolis Racers,6,0,W,REG,32,28,3,W 1
64,1977-03-06,time unavailable,H,Houston Aeros,3,7,L,REG,32,29,3,L 1
65,1977-03-09,time unavailable,H,Edmonton Oilers,5,3,W,REG,33,29,3,W 1
66,1977-03-11,time unavailable,@,Houston Aeros,0,5,L,REG,33,30,3,L 1
67,1977-03-12,time unavailable,H,Calgary Cowboys,9,2,W,REG,34,30,3,W 1
68,1977-03-13,time unavailable,H,Birmingham Bulls,7,4,W,REG,35,30,3,W 2
69,1977-03-15,time unavailable,@,Birmingham Bulls,2,4,L,REG,35,31,3,L 1
70,1977-03-16,time unavailable,H,Calgary Cowboys,4,3,W,REG,36,31,3,W 1
71,1977-03-18,time unavailable,H,Quebec Nordiques,7,3,W,REG,37,31,3,W 2
72,1977-03-22,time unavailable,@,Indianapolis Racers,1,3,L,REG,37,32,3,L 1
73,1977-03-23,time unavailable,H,Quebec Nordiques,4,6,L,REG,37,33,3,L 2
74,1977-03-25,time unavailable,H,Edmonton Oilers,3,4,L,OT,37,34,3,L 3
75,1977-03-26,time unavailable,@,Quebec Nordiques,6,4,W,REG,38,34,3,W 1
76,1977-03-27,time unavailable,@,Quebec Nordiques,0,4,L,REG,38,35,3,L 1
77,1977-03-29,time unavailable,@,Birmingham Bulls,4,2,W,REG,39,35,3,W 1
78,1977-03-30,time unavailable,@,Indianapolis Racers,5,5,T,REG,39,35,4,T 1
79,1977-04-01,time unavailable,@,Houston Aeros,4,5,L,REG,39,36,4,L 1
80,1977-04-02,time unavailable,@,San Diego Mariners,3,6,L,REG,39,37,4,L 2
81,1977-04-06,time unavailable,H,Quebec Nordiques,2,2,T,REG,39,37,5,T 1

GP,Date,Time,Location,Opponent,GF,GA,Result,Game Ended In,W,L,T,Streak
1,1977-04-09,time unavailable,H,Indianapolis Racers,3,4,L,REG,0,1,0,L 1
2,1977-04-12,time unavailable,H,Indianapolis Racers,2,7,L,REG,0,2,0,L 2
3,1977-04-14,time unavailable,@,Indianapolis Racers,3,5,L,REG,0,3,0,L 3
4,1977-04-16,time unavailable,@,Indianapolis Racers,1,3,L,REG,0,4,0,L 4

Dennis Abgrall,,n/a,RW,23,6-1,180,R/-,R,"April 24, 1953",ca,"23 G, 39 A, 62 P"
Jacques Caron,,n/a,G,36,6-2,185,-/L,1,"April 21, 1940",ca,", 2.83 GAA"
Greg Carroll,,n/a,C,20,6-0,185,L/-,R,"November 10, 1956",ca,"15 G, 39 A, 54 P"
Rick Dudley,,n/a,LW,28,6-0,190,L/-,1,"January 31, 1949",ca,"41 G, 47 A, 88 P"
Pierre Guite,,n/a,LW,24,6-2,190,L/-,4,"April 17, 1952",ca,"10 G, 8 A, 18 P"
Jamie Hislop,,n/a,RW,23,5-10,180,R/-,R,"January 20, 1954",ca,"7 G, 19 A, 26 P"
Paul Hoganson,,n/a,G,27,5-11,175,-/R,3,"November 12, 1949",ca,", 4.67 GAA"
John Hughes,,n/a,D,22,5-11,200,L/-,2,"March 18, 1954",ca,"3 G, 27 A, 30 P"
Dave Inkpen,,n/a,D,22,6-0,195,R/-,1,"September 4, 1954",ca,"3 G, 14 A, 17 P"
Dan Justin,,n/a,D,21,6-1,180,L/-,1,"February 12, 1955",us,"0 G, 2 A, 2 P"
Normand Lapointe,,n/a,G,21,6-2,175,-/L,1,"August 13, 1955",ca,", 3.73 GAA"
Claude Larose,,n/a,LW,21,5-10,175,L/-,1,"May 17, 1955",ca,"30 G, 46 A, 76 P"
Rich LeDuc,,n/a,C,25,5-11,170,L/-,2,"August 24, 1951",ca,"52 G, 55 A, 107 P"
Barry Legge,,n/a,D,22,6-0,186,L/-,2,"October 22, 1954",ca,"7 G, 22 A, 29 P"
Jacques Locas,,n/a,C,23,5-8,170,R/-,2,"January 7, 1954",ca,"18 G, 13 A, 31 P"
Ted Long,,n/a,D,22,6-1,185,L/-,R,"January 26, 1955",ca,"0 G, 0 A, 0 P"
Peter Marsh,,n/a,C,20,6-1,180,L/-,R,"December 21, 1956",ca,"23 G, 28 A, 51 P"
Bryan Maxwell,,n/a,D,21,6-2,200,L/-,1,"September 7, 1955",ca,"1 G, 8 A, 9 P"
Barry Melrose,,n/a,D,20,6-0,205,R/-,R,"July 15, 1956",ca,"1 G, 4 A, 5 P"
Francois Ouimet,,n/a,D,25,5-10,175,L/-,1,"October 14, 1951",ca,"1 G, 8 A, 9 P"
Ron Plumb,,n/a,D,26,5-10,175,L/-,4,"July 17, 1950",ca,"11 G, 58 A, 69 P"
Pierre Roy,,n/a,D,24,6-0,175,L/-,4,"March 12, 1952",ca,"3 G, 12 A, 15 P"
Dale Smedsmo,,n/a,LW,25,6-1,195,L/-,1,"April 23, 1951",us,"0 G, 5 A, 5 P"
Dennis Sobchuk,,n/a,C,23,6-2,176,L/-,2,"January 12, 1954",ca,"44 G, 52 A, 96 P"
Bill Steele,,n/a,RW,24,5-7,170,R/-,1,"November 13, 1952",gb,"9 G, 22 A, 31 P"
Blaine Stoughton,,n/a,RW,23,5-11,185,R/-,R,"March 13, 1953",ca,"52 G, 52 A, 104 P"
