Houston Aeros,HSA,wha
1976-77,1977
26
80
5,6
GP,Date,Time,Location,Opponent,GF,GA,Result,Game Ended In,W,L,T,Streak
1,1976-10-08,time unavailable,@,Birmingham Bulls,2,4,L,REG,0,1,0,L 1
2,1976-10-09,time unavailable,H,Phoenix Roadrunners,5,3,W,REG,1,1,0,W 1
3,1976-10-13,time unavailable,H,Calgary Cowboys,2,1,W,REG,2,1,0,W 2
4,1976-10-16,time unavailable,H,Birmingham Bulls,3,0,W,REG,3,1,0,W 3
5,1976-10-19,time unavailable,H,New England Whalers,4,4,T,REG,3,1,1,T 1
6,1976-10-21,time unavailable,@,Birmingham Bulls,5,8,L,REG,3,2,1,L 1
7,1976-10-22,time unavailable,@,New England Whalers,2,5,L,REG,3,3,1,L 2
8,1976-10-23,time unavailable,@,Quebec Nordiques,2,6,L,REG,3,4,1,L 3
9,1976-10-26,time unavailable,H,Edmonton Oilers,3,1,W,REG,4,4,1,W 1
10,1976-10-28,time unavailable,H,Minnesota Fighting Saints,1,1,T,REG,4,4,2,T 1
11,1976-10-30,time unavailable,@,Calgary Cowboys,4,6,L,REG,4,5,2,L 1
12,1976-10-31,time unavailable,@,Edmonton Oilers,4,0,W,REG,5,5,2,W 1
13,1976-11-02,time unavailable,@,Winnipeg Jets,3,1,W,REG,6,5,2,W 2
14,1976-11-05,time unavailable,H,Phoenix Roadrunners,9,1,W,REG,7,5,2,W 3
15,1976-11-06,time unavailable,@,San Diego Mariners,1,4,L,REG,7,6,2,L 1
16,1976-11-09,time unavailable,H,Indianapolis Racers,7,2,W,REG,8,6,2,W 1
17,1976-11-12,time unavailable,H,San Diego Mariners,4,1,W,REG,9,6,2,W 2
18,1976-11-16,time unavailable,H,Calgary Cowboys,4,2,W,REG,10,6,2,W 3
19,1976-11-19,time unavailable,@,San Diego Mariners,3,5,L,REG,10,7,2,L 1
20,1976-11-20,time unavailable,@,Phoenix Roadrunners,5,2,W,REG,11,7,2,W 1
21,1976-11-23,time unavailable,H,Edmonton Oilers,5,3,W,REG,12,7,2,W 2
22,1976-11-26,time unavailable,H,Winnipeg Jets,1,1,T,REG,12,7,3,T 1
23,1976-12-03,time unavailable,H,Edmonton Oilers,0,0,T,REG,12,7,4,T 2
24,1976-12-05,time unavailable,@,Cincinnati Stingers,2,7,L,REG,12,8,4,L 1
25,1976-12-08,time unavailable,@,New England Whalers,1,5,L,REG,12,9,4,L 2
26,1976-12-10,time unavailable,@,Cincinnati Stingers,2,6,L,REG,12,10,4,L 3
27,1976-12-11,time unavailable,@,Quebec Nordiques,1,4,L,REG,12,11,4,L 4
28,1976-12-12,time unavailable,@,Indianapolis Racers,3,1,W,REG,13,11,4,W 1
29,1976-12-14,time unavailable,H,Phoenix Roadrunners,8,3,W,REG,14,11,4,W 2
30,1976-12-17,time unavailable,H,Birmingham Bulls,3,4,L,REG,14,12,4,L 1
31,1976-12-18,time unavailable,@,San Diego Mariners,3,4,L,REG,14,13,4,L 2
32,1976-12-19,time unavailable,@,Phoenix Roadrunners,6,4,W,REG,15,13,4,W 1
33,1976-12-21,time unavailable,H,New England Whalers,4,0,W,REG,16,13,4,W 2
34,1976-12-23,time unavailable,H,Cincinnati Stingers,6,5,W,OT,17,13,4,W 3
35,1976-12-26,time unavailable,@,Birmingham Bulls,2,6,L,REG,17,14,4,L 1
36,1976-12-28,time unavailable,H,Winnipeg Jets,6,3,W,REG,18,14,4,W 1
37,1977-01-02,time unavailable,@,Winnipeg Jets,2,5,L,REG,18,15,4,L 1
38,1977-01-04,time unavailable,@,Edmonton Oilers,5,3,W,REG,19,15,4,W 1
39,1977-01-05,time unavailable,@,Calgary Cowboys,4,3,W,REG,20,15,4,W 2
40,1977-01-07,time unavailable,@,Minnesota Fighting Saints,1,1,T,REG,20,15,5,T 1
41,1977-01-12,time unavailable,@,Phoenix Roadrunners,2,4,L,REG,20,16,5,L 1
42,1977-01-14,time unavailable,H,Birmingham Bulls,5,3,W,REG,21,16,5,W 1
43,1977-01-16,time unavailable,H,Edmonton Oilers,3,1,W,REG,22,16,5,W 2
44,1977-01-21,time unavailable,H,Birmingham Bulls,6,1,W,REG,23,16,5,W 3
45,1977-01-22,time unavailable,@,San Diego Mariners,6,0,W,REG,24,16,5,W 4
46,1977-01-23,time unavailable,H,San Diego Mariners,5,3,W,REG,25,16,5,W 5
47,1977-01-25,time unavailable,H,Winnipeg Jets,5,2,W,REG,26,16,5,W 6
48,1977-01-28,time unavailable,@,Edmonton Oilers,4,1,W,REG,27,16,5,W 7
49,1977-01-29,time unavailable,@,Calgary Cowboys,6,4,W,REG,28,16,5,W 8
50,1977-02-01,time unavailable,H,Calgary Cowboys,6,1,W,REG,29,16,5,W 9
51,1977-02-03,time unavailable,@,Phoenix Roadrunners,3,5,L,REG,29,17,5,L 1
52,1977-02-04,time unavailable,H,New England Whalers,4,1,W,REG,30,17,5,W 1
53,1977-02-08,time unavailable,@,Indianapolis Racers,4,4,T,REG,30,17,6,T 1
54,1977-02-12,time unavailable,H,Quebec Nordiques,7,3,W,REG,31,17,6,W 1
55,1977-02-15,time unavailable,H,Quebec Nordiques,4,2,W,REG,32,17,6,W 2
56,1977-02-18,time unavailable,H,San Diego Mariners,4,2,W,REG,33,17,6,W 3
57,1977-02-19,time unavailable,H,San Diego Mariners,5,3,W,REG,34,17,6,W 4
58,1977-02-22,time unavailable,@,Winnipeg Jets,2,3,L,REG,34,18,6,L 1
59,1977-02-23,time unavailable,@,Calgary Cowboys,2,3,L,REG,34,19,6,L 2
60,1977-02-25,time unavailable,@,Phoenix Roadrunners,9,3,W,REG,35,19,6,W 1
61,1977-02-26,time unavailable,@,San Diego Mariners,5,4,W,REG,36,19,6,W 2
62,1977-02-27,time unavailable,@,Phoenix Roadrunners,5,4,W,REG,37,19,6,W 3
63,1977-03-01,time unavailable,H,Phoenix Roadrunners,8,3,W,REG,38,19,6,W 4
64,1977-03-04,time unavailable,@,New England Whalers,2,3,L,REG,38,20,6,L 1
65,1977-03-06,time unavailable,@,Cincinnati Stingers,7,3,W,REG,39,20,6,W 1
66,1977-03-08,time unavailable,H,Edmonton Oilers,5,3,W,REG,40,20,6,W 2
67,1977-03-11,time unavailable,H,Cincinnati Stingers,5,0,W,REG,41,20,6,W 3
68,1977-03-13,time unavailable,H,Indianapolis Racers,5,0,W,REG,42,20,6,W 4
69,1977-03-15,time unavailable,H,Quebec Nordiques,4,3,W,REG,43,20,6,W 5
70,1977-03-18,time unavailable,H,Phoenix Roadrunners,6,3,W,REG,44,20,6,W 6
71,1977-03-20,time unavailable,@,Indianapolis Racers,8,3,W,REG,45,20,6,W 7
72,1977-03-22,time unavailable,@,Quebec Nordiques,2,6,L,REG,45,21,6,L 1
73,1977-03-25,time unavailable,H,Calgary Cowboys,4,2,W,REG,46,21,6,W 1
74,1977-03-27,time unavailable,H,Winnipeg Jets,3,5,L,REG,46,22,6,L 1
75,1977-03-29,time unavailable,@,Winnipeg Jets,5,2,W,REG,47,22,6,W 1
76,1977-03-30,time unavailable,@,Edmonton Oilers,0,8,L,REG,47,23,6,L 1
77,1977-04-01,time unavailable,H,Cincinnati Stingers,5,4,W,REG,48,23,6,W 1
78,1977-04-03,time unavailable,H,Indianapolis Racers,3,7,L,REG,48,24,6,L 1
79,1977-04-05,time unavailable,H,San Diego Mariners,3,1,W,REG,49,24,6,W 1
80,1977-04-06,time unavailable,@,San Diego Mariners,5,3,W,REG,50,24,6,W 2

GP,Date,Time,Location,Opponent,GF,GA,Result,Game Ended In,W,L,T,Streak
1,1977-04-13,time unavailable,H,Edmonton Oilers,4,3,W,OT,1,0,0,W 1
2,1977-04-15,time unavailable,H,Edmonton Oilers,6,2,W,REG,2,0,0,W 2
3,1977-04-17,time unavailable,@,Edmonton Oilers,2,7,L,REG,2,1,0,L 1
4,1977-04-20,time unavailable,@,Edmonton Oilers,4,1,W,REG,3,1,0,W 1
5,1977-04-22,time unavailable,H,Edmonton Oilers,4,3,W,REG,4,1,0,W 2
6,1977-04-26,time unavailable,H,Winnipeg Jets,3,4,L,OT,4,2,0,L 1
7,1977-04-28,time unavailable,H,Winnipeg Jets,7,2,W,REG,5,2,0,W 1
8,1977-04-30,time unavailable,@,Winnipeg Jets,3,4,L,REG,5,3,0,L 1
9,1977-05-01,time unavailable,@,Winnipeg Jets,4,6,L,REG,5,4,0,L 2
10,1977-05-03,time unavailable,H,Winnipeg Jets,3,2,W,REG,6,4,0,W 1
11,1977-05-05,time unavailable,@,Winnipeg Jets,3,6,L,REG,6,5,0,L 1

Cam Connor,,n/a,LW,22,6-2,200,L/-,2,"August 10, 1954",ca,"35 G, 32 A, 67 P"
Gary Donaldson,,n/a,RW,24,5-9,155,R/-,R,"July 15, 1952",ca,"0 G, 0 A, 0 P"
Mike Fedorko,,n/a,D,20,6-0,190,R/-,R,"September 13, 1956",ca,"0 G, 0 A, 0 P"
Ron Grahame,,n/a,G,26,5-11,175,-/L,3,"June 7, 1950",ca,", 2.74 GAA"
John Gray,,n/a,RW,27,5-10,180,L/-,2,"August 13, 1949",ca,"21 G, 20 A, 41 P"
Larry Hale,,n/a,D,35,6-1,180,L/-,4,"October 9, 1941",ca,"0 G, 14 A, 14 P"
Ron Hansis,,n/a,RW,24,6-2,195,R/-,R,"November 12, 1952",us,"4 G, 3 A, 7 P"
Andre Hinse,,n/a,LW,31,5-9,175,L/-,3,"April 19, 1945",ca,"2 G, 3 A, 5 P"
Gordie Howe,,n/a,RW,48,6-0,205,R/-,3,"March 31, 1928",ca,"24 G, 44 A, 68 P"
Mark Howe,,n/a,LW,21,5-11,185,L/-,3,"May 28, 1955",us,"23 G, 52 A, 75 P"
Marty Howe,,n/a,D,22,6-1,195,L/-,3,"February 18, 1954",us,"17 G, 28 A, 45 P"
Frank Hughes,,n/a,RW,27,5-10,180,L/-,4,"October 1, 1949",ca,"3 G, 8 A, 11 P"
Glen Irwin,,n/a,D,25,5-11,195,R/-,2,"March 1, 1951",ca,"2 G, 4 A, 6 P"
Don Larway,,n/a,RW,22,6-1,192,R/-,2,"February 2, 1954",ca,"11 G, 13 A, 24 P"
Morris Lukowich,,n/a,LW,20,5-9,170,L/-,R,"June 1, 1956",ca,"27 G, 18 A, 45 P"
Larry Lund,,n/a,C,36,6-0,190,R/-,4,"September 9, 1940",ca,"29 G, 38 A, 67 P"
Al McLeod,,n/a,D,27,5-11,200,L/-,2,"June 17, 1949",ca,"7 G, 21 A, 28 P"
Dwayne Pentland,,n/a,D,23,5-10,180,L/-,R,"February 28, 1953",ca,"1 G, 2 A, 3 P"
Poul Popiel,,n/a,D,33,5-10,175,L/-,4,"February 28, 1943",dk,"12 G, 56 A, 68 P"
Rich Preston,,n/a,RW,24,6-0,185,R/-,2,"May 22, 1952",ca,"38 G, 41 A, 79 P"
Terry Ruskowski,,n/a,C,22,5-10,178,L/-,2,"December 31, 1954",ca,"24 G, 60 A, 84 P"
Wayne Rutledge,,n/a,G,35,6-2,200,-/L,4,"January 5, 1942",ca,", 3.15 GAA"
John Schella,,n/a,D,29,6-0,180,R/-,4,"May 9, 1947",ca,"0 G, 6 A, 6 P"
Ted Taylor,,n/a,LW,34,6-0,175,L/-,4,"February 25, 1942",ca,"16 G, 35 A, 51 P"
John Tonelli,,n/a,C,19,6-1,200,L/-,1,"March 23, 1957",ca,"24 G, 31 A, 55 P"
Steve West,,n/a,C,24,5-8,150,L/-,1,"March 20, 1952",ca,"0 G, 0 A, 0 P"
