Indianapolis Racers,INR,wha
1976-77,1977
30
81
4,5
GP,Date,Time,Location,Opponent,GF,GA,Result,Game Ended In,W,L,T,Streak
1,1976-10-08,time unavailable,H,Minnesota Fighting Saints,4,3,W,REG,1,0,0,W 1
2,1976-10-10,time unavailable,@,Minnesota Fighting Saints,1,4,L,REG,1,1,0,L 1
3,1976-10-15,time unavailable,H,Cincinnati Stingers,6,5,W,OT,2,1,0,W 1
4,1976-10-17,time unavailable,@,Edmonton Oilers,2,7,L,REG,2,2,0,L 1
5,1976-10-19,time unavailable,@,Winnipeg Jets,1,6,L,REG,2,3,0,L 2
6,1976-10-21,time unavailable,@,San Diego Mariners,4,4,T,REG,2,3,1,T 1
7,1976-10-23,time unavailable,H,Birmingham Bulls,1,3,L,REG,2,4,1,L 1
8,1976-10-27,time unavailable,H,San Diego Mariners,1,5,L,REG,2,5,1,L 2
9,1976-10-29,time unavailable,H,Quebec Nordiques,6,4,W,REG,3,5,1,W 1
10,1976-11-03,time unavailable,@,Cincinnati Stingers,2,8,L,REG,3,6,1,L 1
11,1976-11-04,time unavailable,H,Cincinnati Stingers,5,2,W,REG,4,6,1,W 1
12,1976-11-07,time unavailable,@,San Diego Mariners,0,3,L,REG,4,7,1,L 1
13,1976-11-09,time unavailable,@,Houston Aeros,2,7,L,REG,4,8,1,L 2
14,1976-11-10,time unavailable,@,Phoenix Roadrunners,3,3,T,REG,4,8,2,T 1
15,1976-11-13,time unavailable,@,Cincinnati Stingers,3,7,L,REG,4,9,2,L 1
16,1976-11-14,time unavailable,@,Quebec Nordiques,3,1,W,REG,5,9,2,W 1
17,1976-11-16,time unavailable,H,Cincinnati Stingers,5,3,W,REG,6,9,2,W 2
18,1976-11-19,time unavailable,H,Birmingham Bulls,4,0,W,REG,7,9,2,W 3
19,1976-11-20,time unavailable,H,Winnipeg Jets,8,4,W,REG,8,9,2,W 4
20,1976-11-23,time unavailable,H,New England Whalers,4,3,W,REG,9,9,2,W 5
21,1976-11-24,time unavailable,@,Cincinnati Stingers,6,4,W,REG,10,9,2,W 6
22,1976-11-25,time unavailable,H,Quebec Nordiques,0,5,L,REG,10,10,2,L 1
23,1976-11-27,time unavailable,@,Quebec Nordiques,8,2,W,REG,11,10,2,W 1
24,1976-11-28,time unavailable,@,New England Whalers,4,3,W,REG,12,10,2,W 2
25,1976-12-02,time unavailable,H,Calgary Cowboys,2,1,W,REG,13,10,2,W 3
26,1976-12-04,time unavailable,H,Edmonton Oilers,5,3,W,REG,14,10,2,W 4
27,1976-12-07,time unavailable,@,Birmingham Bulls,3,2,W,OT,15,10,2,W 5
28,1976-12-10,time unavailable,H,San Diego Mariners,3,2,W,REG,16,10,2,W 6
29,1976-12-12,time unavailable,H,Houston Aeros,1,3,L,REG,16,11,2,L 1
30,1976-12-16,time unavailable,H,Minnesota Fighting Saints,3,5,L,REG,16,12,2,L 2
31,1976-12-17,time unavailable,@,New England Whalers,5,4,W,OT,17,12,2,W 1
32,1976-12-19,time unavailable,H,Birmingham Bulls,3,2,W,OT,18,12,2,W 2
33,1976-12-26,time unavailable,@,San Diego Mariners,1,2,L,REG,18,13,2,L 1
34,1976-12-28,time unavailable,@,Phoenix Roadrunners,3,4,L,REG,18,14,2,L 2
35,1977-01-02,time unavailable,H,Phoenix Roadrunners,4,1,W,REG,19,14,2,W 1
36,1977-01-04,time unavailable,@,Winnipeg Jets,1,2,L,REG,19,15,2,L 1
37,1977-01-08,time unavailable,@,Calgary Cowboys,3,4,L,REG,19,16,2,L 2
38,1977-01-09,time unavailable,@,Edmonton Oilers,3,5,L,REG,19,17,2,L 3
39,1977-01-11,time unavailable,@,Calgary Cowboys,4,3,W,OT,20,17,2,W 1
40,1977-01-13,time unavailable,H,New England Whalers,4,1,W,REG,21,17,2,W 2
41,1977-01-14,time unavailable,@,Minnesota Fighting Saints,5,9,L,REG,21,18,2,L 1
42,1977-01-15,time unavailable,H,Edmonton Oilers,6,3,W,REG,22,18,2,W 1
43,1977-01-21,time unavailable,H,Calgary Cowboys,1,1,T,REG,22,18,3,T 1
44,1977-01-22,time unavailable,@,New England Whalers,3,3,T,REG,22,18,4,T 2
45,1977-01-23,time unavailable,@,Birmingham Bulls,2,6,L,REG,22,19,4,L 1
46,1977-01-25,time unavailable,@,Quebec Nordiques,1,2,L,OT,22,20,4,L 2
47,1977-01-28,time unavailable,H,Quebec Nordiques,5,6,L,REG,22,21,4,L 3
48,1977-01-30,time unavailable,H,New England Whalers,5,0,W,REG,23,21,4,W 1
49,1977-02-01,time unavailable,@,Quebec Nordiques,4,5,L,REG,23,22,4,L 1
50,1977-02-02,time unavailable,H,Quebec Nordiques,6,5,W,REG,24,22,4,W 1
51,1977-02-05,time unavailable,H,Birmingham Bulls,5,2,W,REG,25,22,4,W 2
52,1977-02-06,time unavailable,@,New England Whalers,5,5,T,REG,25,22,5,T 1
53,1977-02-08,time unavailable,H,Houston Aeros,4,4,T,REG,25,22,6,T 2
54,1977-02-09,time unavailable,@,Cincinnati Stingers,0,9,L,REG,25,23,6,L 1
55,1977-02-11,time unavailable,H,Quebec Nordiques,1,5,L,REG,25,24,6,L 2
56,1977-02-12,time unavailable,@,New England Whalers,5,1,W,REG,26,24,6,W 1
57,1977-02-13,time unavailable,H,Winnipeg Jets,5,7,L,REG,26,25,6,L 1
58,1977-02-17,time unavailable,@,Winnipeg Jets,2,4,L,REG,26,26,6,L 2
59,1977-02-19,time unavailable,H,Phoenix Roadrunners,5,6,L,REG,26,27,6,L 3
60,1977-02-20,time unavailable,@,Birmingham Bulls,2,2,T,REG,26,27,7,T 1
61,1977-02-22,time unavailable,@,Quebec Nordiques,2,4,L,REG,26,28,7,L 1
62,1977-02-25,time unavailable,@,Edmonton Oilers,3,2,W,OT,27,28,7,W 1
63,1977-02-27,time unavailable,@,Calgary Cowboys,1,2,L,REG,27,29,7,L 1
64,1977-03-04,time unavailable,H,San Diego Mariners,7,4,W,REG,28,29,7,W 1
65,1977-03-05,time unavailable,@,Cincinnati Stingers,0,6,L,REG,28,30,7,L 1
66,1977-03-06,time unavailable,H,Phoenix Roadrunners,3,2,W,OT,29,30,7,W 1
67,1977-03-10,time unavailable,H,Edmonton Oilers,3,4,L,REG,29,31,7,L 1
68,1977-03-12,time unavailable,H,Birmingham Bulls,7,2,W,REG,30,31,7,W 1
69,1977-03-13,time unavailable,@,Houston Aeros,0,5,L,REG,30,32,7,L 1
70,1977-03-15,time unavailable,H,Calgary Cowboys,3,1,W,REG,31,32,7,W 1
71,1977-03-17,time unavailable,@,Birmingham Bulls,5,2,W,REG,32,32,7,W 2
72,1977-03-18,time unavailable,H,Winnipeg Jets,5,7,L,REG,32,33,7,L 1
73,1977-03-20,time unavailable,H,Houston Aeros,3,8,L,REG,32,34,7,L 2
74,1977-03-22,time unavailable,H,Cincinnati Stingers,3,1,W,REG,33,34,7,W 1
75,1977-03-24,time unavailable,H,Quebec Nordiques,4,3,W,REG,34,34,7,W 2
76,1977-03-26,time unavailable,@,New England Whalers,4,2,W,REG,35,34,7,W 3
77,1977-03-27,time unavailable,@,Birmingham Bulls,3,7,L,REG,35,35,7,L 1
78,1977-03-30,time unavailable,H,Cincinnati Stingers,5,5,T,REG,35,35,8,T 1
79,1977-04-02,time unavailable,H,New England Whalers,2,3,L,OT,35,36,8,L 1
80,1977-04-03,time unavailable,@,Houston Aeros,7,3,W,REG,36,36,8,W 1
81,1977-04-06,time unavailable,@,Phoenix Roadrunners,3,7,L,REG,36,37,8,L 1

GP,Date,Time,Location,Opponent,GF,GA,Result,Game Ended In,W,L,T,Streak
1,1977-04-09,time unavailable,@,Cincinnati Stingers,4,3,W,REG,1,0,0,W 1
2,1977-04-12,time unavailable,@,Cincinnati Stingers,7,2,W,REG,2,0,0,W 2
3,1977-04-14,time unavailable,H,Cincinnati Stingers,5,3,W,REG,3,0,0,W 3
4,1977-04-16,time unavailable,H,Cincinnati Stingers,3,1,W,REG,4,0,0,W 4
5,1977-04-23,time unavailable,@,Quebec Nordiques,1,3,L,REG,4,1,0,L 1
6,1977-04-25,time unavailable,@,Quebec Nordiques,3,8,L,REG,4,2,0,L 2
7,1977-04-28,time unavailable,H,Quebec Nordiques,5,6,L,OT,4,3,0,L 3
8,1977-04-30,time unavailable,H,Quebec Nordiques,2,0,W,REG,5,3,0,W 1
9,1977-05-02,time unavailable,@,Quebec Nordiques,3,8,L,REG,5,4,0,L 1

Bryon Baltimore,,n/a,D,24,6-2,190,R/-,2,"August 26, 1952",ca,"0 G, 15 A, 15 P"
Ken Block,,n/a,D,32,5-10,191,L/-,4,"March 18, 1944",ca,"3 G, 10 A, 13 P"
Andy Brown,,n/a,G,32,6-0,185,-/L,2,"February 15, 1944",ca,", 3.63 GAA"
Randy Burchell,,n/a,G,21,6-1,175,-/L,R,"July 2, 1955",ca,", 3.53 GAA"
Bryan Campbell,,n/a,C,32,6-0,173,L/-,4,"March 27, 1944",ca,"1 G, 4 A, 5 P"
Kim Clackson,,n/a,D,21,5-11,195,R/-,1,"February 13, 1955",ca,"3 G, 8 A, 11 P"
Brian Coates,,n/a,LW,24,6-0,195,L/-,3,"September 22, 1952",ca,"1 G, 5 A, 6 P"
Michel Dion,,n/a,G,22,5-10,185,-/L,2,"February 11, 1954",ca,", 3.36 GAA"
Nick Harbaruk,,n/a,RW,33,6-0,195,R/-,2,"August 16, 1943",pl,"2 G, 2 A, 4 P"
Hugh Harris,,n/a,LW,28,6-1,195,L/-,3,"June 7, 1948",ca,"21 G, 35 A, 56 P"
Paul Hoganson,,n/a,G,27,5-11,175,-/R,3,"November 12, 1949",ca,", 3.65 GAA"
Dave Inkpen,,n/a,D,22,6-0,195,R/-,1,"September 4, 1954",ca,"4 G, 12 A, 16 P"
Al Karlander,,n/a,C,30,5-8,170,L/-,3,"November 5, 1946",ca,"17 G, 28 A, 45 P"
Rene Leclerc,,n/a,RW,29,5-11,165,R/-,4,"November 12, 1947",ca,"25 G, 30 A, 55 P"
Mark Lomenda,,n/a,RW,22,6-0,186,R/-,2,"April 14, 1954",ca,"9 G, 12 A, 21 P"
Blair MacDonald,,n/a,RW,23,5-10,180,R/-,3,"November 17, 1953",ca,"34 G, 30 A, 64 P"
Gary MacGregor,,n/a,C,22,5-9,170,L/-,2,"September 21, 1954",ca,"0 G, 5 A, 5 P"
Darryl Maggs,,n/a,D,27,6-2,195,R/-,3,"April 6, 1949",ca,"16 G, 55 A, 71 P"
Larry Mavety,,n/a,D,34,5-11,185,R/-,4,"May 29, 1942",ca,"2 G, 2 A, 4 P"
Brian McDonald,,n/a,LW,31,5-11,190,R/-,4,"March 23, 1945",ca,"15 G, 13 A, 28 P"
Rosaire Paiement,,n/a,C,31,5-11,170,R/-,4,"August 12, 1945",ca,"18 G, 25 A, 43 P"
Michel Parizeau,,n/a,C,28,5-10,165,L/-,4,"April 9, 1948",ca,"18 G, 37 A, 55 P"
Jim Park,,n/a,G,24,6-1,190,-/L,1,"June 22, 1952",ca,", 3.96 GAA"
Gene Peacosh,,n/a,LW,28,5-11,180,L/-,4,"September 28, 1948",ca,"22 G, 26 A, 48 P"
Dick Proceviat,,n/a,D,30,6-0,180,L/-,4,"June 25, 1946",ca,"2 G, 12 A, 14 P"
Frank Rochon,,n/a,LW,23,5-11,181,L/-,3,"April 18, 1953",ca,"15 G, 8 A, 23 P"
Bob Sicinski,,n/a,C,30,5-9,175,L/-,4,"November 13, 1946",ca,"12 G, 24 A, 36 P"
Pat Stapleton,,n/a,D,36,5-8,180,L/-,3,"July 4, 1940",ca,"8 G, 45 A, 53 P"
Reg Thomas,,n/a,C,23,5-10,185,L/-,3,"April 21, 1953",ca,"25 G, 30 A, 55 P"
Mike Zuke,,n/a,C,22,6-0,180,R/-,R,"April 16, 1954",ca,"3 G, 4 A, 7 P"
