Phoenix Roadrunners,PHR,wha
1976-77,1977
26
80
0
GP,Date,Time,Location,Opponent,GF,GA,Result,Game Ended In,W,L,T,Streak
1,1976-10-08,time unavailable,H,Cincinnati Stingers,8,6,W,REG,1,0,0,W 1
2,1976-10-09,time unavailable,@,Houston Aeros,3,5,L,REG,1,1,0,L 1
3,1976-10-14,time unavailable,H,Minnesota Fighting Saints,4,3,W,REG,2,1,0,W 1
4,1976-10-16,time unavailable,H,Winnipeg Jets,6,4,W,REG,3,1,0,W 2
5,1976-10-19,time unavailable,@,Edmonton Oilers,4,5,L,OT,3,2,0,L 1
6,1976-10-22,time unavailable,@,Winnipeg Jets,4,3,W,OT,4,2,0,W 1
7,1976-10-24,time unavailable,@,Edmonton Oilers,5,3,W,REG,5,2,0,W 2
8,1976-10-26,time unavailable,@,Quebec Nordiques,3,11,L,REG,5,3,0,L 1
9,1976-10-29,time unavailable,@,New England Whalers,1,5,L,REG,5,4,0,L 2
10,1976-10-30,time unavailable,@,Cincinnati Stingers,3,9,L,REG,5,5,0,L 3
11,1976-11-02,time unavailable,@,Quebec Nordiques,5,3,W,REG,6,5,0,W 1
12,1976-11-04,time unavailable,@,Birmingham Bulls,3,5,L,REG,6,6,0,L 1
13,1976-11-05,time unavailable,@,Houston Aeros,1,9,L,REG,6,7,0,L 2
14,1976-11-07,time unavailable,@,Minnesota Fighting Saints,3,1,W,REG,7,7,0,W 1
15,1976-11-10,time unavailable,H,Indianapolis Racers,3,3,T,REG,7,7,1,T 1
16,1976-11-12,time unavailable,H,New England Whalers,3,1,W,REG,8,7,1,W 1
17,1976-11-14,time unavailable,H,San Diego Mariners,6,3,W,REG,9,7,1,W 2
18,1976-11-16,time unavailable,H,Edmonton Oilers,5,2,W,REG,10,7,1,W 3
19,1976-11-18,time unavailable,H,Calgary Cowboys,1,2,L,OT,10,8,1,L 1
20,1976-11-20,time unavailable,H,Houston Aeros,2,5,L,REG,10,9,1,L 2
21,1976-11-24,time unavailable,H,Calgary Cowboys,3,3,T,REG,10,9,2,T 1
22,1976-11-26,time unavailable,H,Edmonton Oilers,4,2,W,REG,11,9,2,W 1
23,1976-11-28,time unavailable,@,Winnipeg Jets,5,3,W,REG,12,9,2,W 2
24,1976-11-30,time unavailable,@,Edmonton Oilers,2,3,L,OT,12,10,2,L 1
25,1976-12-02,time unavailable,@,San Diego Mariners,3,4,L,REG,12,11,2,L 2
26,1976-12-04,time unavailable,H,San Diego Mariners,3,4,L,REG,12,12,2,L 3
27,1976-12-05,time unavailable,@,Calgary Cowboys,0,6,L,REG,12,13,2,L 4
28,1976-12-07,time unavailable,@,Winnipeg Jets,2,4,L,REG,12,14,2,L 5
29,1976-12-09,time unavailable,H,Quebec Nordiques,4,5,L,REG,12,15,2,L 6
30,1976-12-12,time unavailable,@,Cincinnati Stingers,0,8,L,REG,12,16,2,L 7
31,1976-12-14,time unavailable,@,Houston Aeros,3,8,L,REG,12,17,2,L 8
32,1976-12-15,time unavailable,H,Birmingham Bulls,6,5,W,REG,13,17,2,W 1
33,1976-12-17,time unavailable,H,Edmonton Oilers,0,1,L,REG,13,18,2,L 1
34,1976-12-19,time unavailable,H,Houston Aeros,4,6,L,REG,13,19,2,L 2
35,1976-12-22,time unavailable,H,San Diego Mariners,4,5,L,OT,13,20,2,L 3
36,1976-12-28,time unavailable,H,Indianapolis Racers,4,3,W,REG,14,20,2,W 1
37,1977-01-02,time unavailable,@,Indianapolis Racers,1,4,L,REG,14,21,2,L 1
38,1977-01-04,time unavailable,@,Birmingham Bulls,5,8,L,REG,14,22,2,L 2
39,1977-01-08,time unavailable,@,New England Whalers,4,3,W,REG,15,22,2,W 1
40,1977-01-11,time unavailable,@,Winnipeg Jets,2,9,L,REG,15,23,2,L 1
41,1977-01-12,time unavailable,H,Houston Aeros,4,2,W,REG,16,23,2,W 1
42,1977-01-14,time unavailable,H,Cincinnati Stingers,6,5,W,OT,17,23,2,W 2
43,1977-01-16,time unavailable,H,Calgary Cowboys,4,5,L,REG,17,24,2,L 1
44,1977-01-20,time unavailable,H,Cincinnati Stingers,9,4,W,REG,18,24,2,W 1
45,1977-01-22,time unavailable,H,Edmonton Oilers,4,1,W,REG,19,24,2,W 2
46,1977-01-23,time unavailable,@,Edmonton Oilers,2,9,L,REG,19,25,2,L 1
47,1977-01-25,time unavailable,@,Calgary Cowboys,3,7,L,REG,19,26,2,L 2
48,1977-01-28,time unavailable,H,New England Whalers,2,6,L,REG,19,27,2,L 3
49,1977-01-30,time unavailable,H,Winnipeg Jets,8,5,W,REG,20,27,2,W 1
50,1977-02-01,time unavailable,@,San Diego Mariners,1,5,L,REG,20,28,2,L 1
51,1977-02-03,time unavailable,H,Houston Aeros,5,3,W,REG,21,28,2,W 1
52,1977-02-05,time unavailable,H,Calgary Cowboys,1,4,L,REG,21,29,2,L 1
53,1977-02-09,time unavailable,H,Birmingham Bulls,4,3,W,OT,22,29,2,W 1
54,1977-02-11,time unavailable,H,San Diego Mariners,3,5,L,REG,22,30,2,L 1
55,1977-02-13,time unavailable,@,San Diego Mariners,2,5,L,REG,22,31,2,L 2
56,1977-02-16,time unavailable,@,Birmingham Bulls,2,7,L,REG,22,32,2,L 3
57,1977-02-17,time unavailable,@,New England Whalers,2,4,L,REG,22,33,2,L 4
58,1977-02-19,time unavailable,@,Indianapolis Racers,6,5,W,REG,23,33,2,W 1
59,1977-02-20,time unavailable,@,Cincinnati Stingers,3,4,L,REG,23,34,2,L 1
60,1977-02-23,time unavailable,H,Winnipeg Jets,6,3,W,REG,24,34,2,W 1
61,1977-02-24,time unavailable,@,San Diego Mariners,3,3,T,REG,24,34,3,T 1
62,1977-02-25,time unavailable,H,Houston Aeros,3,9,L,REG,24,35,3,L 1
63,1977-02-27,time unavailable,H,Houston Aeros,4,5,L,REG,24,36,3,L 2
64,1977-03-01,time unavailable,@,Houston Aeros,3,8,L,REG,24,37,3,L 3
65,1977-03-05,time unavailable,H,Winnipeg Jets,4,1,W,REG,25,37,3,W 1
66,1977-03-06,time unavailable,@,Indianapolis Racers,2,3,L,OT,25,38,3,L 1
67,1977-03-08,time unavailable,@,Quebec Nordiques,2,9,L,REG,25,39,3,L 2
68,1977-03-12,time unavailable,@,San Diego Mariners,7,6,W,OT,26,39,3,W 1
69,1977-03-15,time unavailable,@,San Diego Mariners,4,4,T,REG,26,39,4,T 1
70,1977-03-17,time unavailable,H,Quebec Nordiques,3,4,L,REG,26,40,4,L 1
71,1977-03-18,time unavailable,@,Houston Aeros,3,6,L,REG,26,41,4,L 2
72,1977-03-19,time unavailable,H,San Diego Mariners,7,5,W,REG,27,41,4,W 1
73,1977-03-20,time unavailable,@,San Diego Mariners,1,6,L,REG,27,42,4,L 1
74,1977-03-23,time unavailable,H,Birmingham Bulls,0,4,L,REG,27,43,4,L 2
75,1977-03-25,time unavailable,H,San Diego Mariners,3,7,L,REG,27,44,4,L 3
76,1977-03-27,time unavailable,@,Calgary Cowboys,4,5,L,REG,27,45,4,L 4
77,1977-03-29,time unavailable,@,Calgary Cowboys,5,9,L,REG,27,46,4,L 5
78,1977-03-31,time unavailable,H,New England Whalers,2,6,L,REG,27,47,4,L 6
79,1977-04-02,time unavailable,H,Quebec Nordiques,5,6,L,OT,27,48,4,L 7
80,1977-04-06,time unavailable,H,Indianapolis Racers,7,3,W,REG,28,48,4,W 1

Time,Location,Result,Game Ended In

Serge Beaudoin,,n/a,D,24,6-2,215,L/-,3,"November 30, 1952",ca,"6 G, 24 A, 30 P"
Duane Bray,,n/a,D,22,6-2,195,L/-,R,"April 26, 1954",ca,"2 G, 6 A, 8 P"
Michel Cormier,,n/a,LW,31,5-9,170,L/-,2,"December 22, 1945",ca,"13 G, 16 A, 29 P"
Blair Davidson,,n/a,D,21,5-11,185,L/-,R,"April 10, 1955",ca,"0 G, 0 A, 0 P"
Robbie Ftorek,,n/a,C,25,5-10,155,L/-,2,"January 2, 1952",us,"46 G, 71 A, 117 P"
Dave Gorman,,n/a,RW,21,5-11,185,R/-,2,"April 8, 1955",ca,"0 G, 0 A, 0 P"
John Gray,,n/a,RW,27,5-10,180,L/-,2,"August 13, 1949",ca,"10 G, 10 A, 20 P"
Del Hall,,n/a,LW,27,5-10,170,L/-,1,"May 7, 1949",ca,"38 G, 41 A, 79 P"
Clay Hebenton,,n/a,G,23,5-10,200,-/L,1,"February 20, 1953",ca,", 4.22 GAA"
Andre Hinse,,n/a,LW,31,5-9,175,L/-,3,"April 19, 1945",ca,"2 G, 7 A, 9 P"
Mike Hobin,,n/a,C,22,5-11,180,L/-,1,"February 21, 1954",ca,"17 G, 18 A, 35 P"
Frank Hughes,,n/a,RW,27,5-10,180,L/-,4,"October 1, 1949",ca,"24 G, 29 A, 53 P"
Ron Huston,,n/a,C,31,5-9,170,R/-,1,"April 8, 1945",ca,"20 G, 39 A, 59 P"
Gary Kurt,,n/a,G,29,6-3,205,-/L,4,"March 9, 1947",ca,", 5.55 GAA"
Garry Lariviere,,n/a,D,22,6-0,190,R/-,2,"December 6, 1954",ca,"7 G, 23 A, 30 P"
Bob Liddington,,n/a,LW,28,6-0,175,L/-,4,"September 15, 1948",ca,"20 G, 24 A, 44 P"
Al McLeod,,n/a,D,27,5-11,200,L/-,2,"June 17, 1949",ca,"1 G, 5 A, 6 P"
Lauri Mononen,,n/a,RW,26,6-0,185,L/-,1,"March 22, 1950",fi,"21 G, 29 A, 50 P"
Jim Niekamp,,n/a,D,30,6-1,185,R/-,4,"March 11, 1946",us,"1 G, 15 A, 16 P"
Jan Popiel,,n/a,LW,29,5-9,180,L/-,4,"October 9, 1947",dk,"3 G, 2 A, 5 P"
Pekka Rautakallio,,n/a,D,23,5-11,185,L/-,1,"July 25, 1953",fi,"4 G, 31 A, 35 P"
Seppo Repo,,n/a,C,29,5-10,180,R/-,R,"September 21, 1947",fi,"29 G, 31 A, 60 P"
Jerry Rollins,,n/a,D,21,6-2,195,R/-,1,"March 22, 1955",ca,"4 G, 10 A, 14 P"
Mike Sleep,,n/a,RW,21,6-0,180,R/-,1,"March 13, 1955",ca,"2 G, 2 A, 4 P"
Juhani Tamminen,,n/a,RW,26,5-11,185,L/-,1,"May 26, 1950",fi,"10 G, 29 A, 39 P"
Howie Young,,n/a,D,39,5-11,175,R/-,1,"August 2, 1937",ca,"1 G, 3 A, 4 P"
