Guts ‘N Glory,fall2009,Ice Hockey: Guts ‘N Glory (Advanced)
7,6,6,1,1
Sat Oct 3 @ 6:00 pm,Columbia Icefield Arena,won,4,1,2,What the Puck?!
Sat Oct 17 @ 5:00 pm,Columbia Icefield Arena,tie,2,2,2,Chedder On Fire
Sat Oct 24 @ 5:00 pm,Columbia Icefield Arena,lost,3,4,3,Samur-eyes
Sat Oct 31 @ 11:00 am,Columbia Icefield Arena,lost,2,7,3,Menno Knights
Sun Nov 1 @ 11:00 am,Columbia Icefield Arena,won,3,1,2,Advanced Indies 3
Tue Nov 17 @ 7:00 pm,Columbia Icefield Arena,lost,2,4,4,The Goodfellas
Sun Nov 22 @ 10:00 am,Columbia Icefield Arena,lost,0,1,1,Team Caramrod

Christopher Everest,Craig Flear,Graham Gaine,Alan Hitchman,Kyle Jordan,Mark MacGregor,Timothy MacGregor,Mark Outram,Jeffrey Spence,Corey Bainerman
