Rodeo Clowns,fall2009,Ice Hockey: Rodeo Clowns (Advanced)
7,6,6,1,1
Sat Sep 26 @ 7:00 pm,Columbia Icefield Arena,won,6,0,4,Team Feel Good
Sun Oct 4 @ 11:00 pm,Columbia Icefield Arena,won,3,1,2,Dangerous Geese
Thu Oct 8 @ 10:00 pm,Columbia Icefield Arena,won,3,2,3,Team Caramrod
Thu Oct 22 @ 11:00 pm,Columbia Icefield Arena,lost,0,2,4,The Remedy
Sat Oct 24 @ 12:00 pm,Columbia Icefield Arena,lost,2,3,3,Bendy Garden Gnomes
Sat Oct 31 @ 4:00 pm,Columbia Icefield Arena,won,4,1,3,St Jeromes Advanced
Mon Nov 23 @ 11:00 pm,Columbia Icefield Arena,lost,1,4,2,Bendy Garden Gnomes

Mitchell Avis,Joshua Bearss,Kevin Boisvert,Benjamin Connolly,Andrew Csernyei,John Gardiner,Steven Jennings,Jeremy Kuikman,Jonathan MacIntyre,Lee Mathe,Andrew McKinney,John McMulkin,Vince Pileggi,Dustin Robson,Spencer Sinclair,Joshua Tighe,David Drewery
