Dangerous Geese,fall2009,Ice Hockey: Dangerous Geese (Advanced)
7,6,6,1,1
Thu Sep 24 @ 11:00 pm,Columbia Icefield Arena,lost,0,4,3,St Jeromes Advanced
Sun Sep 27 @ 11:00 pm,Columbia Icefield Arena,tie,4,4,4,Advanced Indies 4
Sun Oct 4 @ 11:00 pm,Columbia Icefield Arena,lost,1,3,3,Rodeo Clowns
Sat Oct 24 @ 7:00 pm,Columbia Icefield Arena,lost,0,5,1,The Remedy
Sun Nov 1 @ 5:00 pm,Columbia Icefield Arena,lost,2,5,4,The Godfathers
Mon Nov 16 @ 11:00 pm,Columbia Icefield Arena,tie,2,2,4,Bendy Garden Gnomes
Tue Nov 24 @ 11:00 pm,Columbia Icefield Arena,lost,0,6,1,Advanced Indies 1

Travis Bierschbach,Gregory Boyle,Victor Chabot,John Chibuk,Tyler Coghlan,Justin Coschi,Adam Dobri,Dylan Feld,Zachary Feld,Erica Hilborn,Corey Hiller,Ethan Lerner,Mark Sinasac,Blake Ziegler,Craig Munch
