What the Puck?!,fall2009,Ice Hockey: What the Puck?! (Advanced)
8,6,6,2,2
Sat Oct 3 @ 6:00 pm,Columbia Icefield Arena,lost,1,4,2,Guts ‘N Glory
Mon Oct 5 @ 10:00 pm,Columbia Icefield Arena,lost,2,8,3,Advanced Indies 2
Sat Oct 17 @ 1:00 pm,Columbia Icefield Arena,lost,0,6,4,Samur-eyes
Sat Oct 24 @ 4:00 pm,Columbia Icefield Arena,tie,1,1,4,The Goodfellas
Tue Nov 10 @ 8:00 pm,Columbia Icefield Arena,lost,1,4,3,Menno Knights
Tue Nov 17 @ 8:00 pm,Columbia Icefield Arena,lost,0,4,4,Dusters
Fri Nov 27 @ 7:00 pm,Columbia Icefield Arena,won,8,2,1,Advanced Indies 3
Sun Nov 29 @ 6:00 pm,Columbia Icefield Arena,lost,3,4,1,Chedder On Fire

Kenneth Burrell,James Campbell,Bradley Clint,Jonathon Fenn,Benjamin Gaffney,Bradley Hoekstra,Michael Mannella,Sean McFadden,Matthew Nywening,Mark Puklicz,Christopher Shanks
