Team Feel Good,fall2009,Ice Hockey: Team Feel Good (Advanced)
7,6,6,1,1
Sat Sep 26 @ 7:00 pm,Columbia Icefield Arena,lost,0,6,4,Rodeo Clowns
Tue Sep 29 @ 11:00 pm,Columbia Icefield Arena,won,7,4,4,Advanced Indies 1
Tue Oct 6 @ 11:00 pm,Columbia Icefield Arena,lost,2,5,4,The Godfathers
Sat Oct 17 @ 3:00 pm,Columbia Icefield Arena,won,3,1,2,St Jeromes Advanced
Sat Oct 31 @ 12:00 pm,Columbia Icefield Arena,won,4,2,3,Advanced Indies 4
Sat Nov 7 @ 6:00 pm,Columbia Icefield Arena,won,4,2,3,The Godfathers
Sat Nov 21 @ 5:00 pm,Columbia Icefield Arena,lost,3,6,1,Samur-eyes

Grady Brown,Tyler Craig,Robert Enouy,Jonathon Eubank,Adam Frook,Justin Garbutt,Jonathan Lo,Stephen Mattucci,Sean McGinnis,Ryan Nickelchok,Timothy Pasche,Jeff Perttula,Matthew Stirling,Andrew Wooster,Andrew Campbell
