Samur-eyes,fall2009,Ice Hockey: Samur-eyes (Advanced)
8,6,6,2,2
Sat Oct 3 @ 7:00 pm,Columbia Icefield Arena,lost,2,3,2,The Goodfellas
Sun Oct 4 @ 10:00 am,Columbia Icefield Arena,won,6,1,2,Advanced Indies 3
Sat Oct 17 @ 1:00 pm,Columbia Icefield Arena,won,6,0,4,What the Puck?!
Sat Oct 24 @ 5:00 pm,Columbia Icefield Arena,won,4,3,3,Guts ‘N Glory
Sat Oct 31 @ 1:00 pm,Columbia Icefield Arena,won,5,1,3,Dusters
Sun Nov 15 @ 11:00 am,Columbia Icefield Arena,won,7,1,avg.,Advanced Indies 2
Sat Nov 21 @ 5:00 pm,Columbia Icefield Arena,won,6,3,1,Team Feel Good
Tue Dec 1 @ 11:00 pm,Columbia Icefield Arena,lost,1,3,1,Bendy Garden Gnomes

William Buttle,Edward Hadzocos,Neil Hodinsky,Brent Hopfauf,Benjamin Itzkow,Jacob Kelly,Mark Kepes,Edward  Main,Adam McLeod,Paul Rollett,Darrell Shedden,Jeffrey Tolmie,Tyler Buffie
