Bendy Garden Gnomes,fall2009,Ice Hockey: Bendy Garden Gnomes (Advanced)
9,6,6,3,3
Sat Oct 17 @ 11:00 am,Columbia Icefield Arena,won,3,0,avg.,Advanced Indies 4
Sat Oct 24 @ 12:00 pm,Columbia Icefield Arena,won,3,2,3,Rodeo Clowns
Sun Oct 25 @ 10:00 am,Columbia Icefield Arena,won,6,0,4,Team Caramrod
Sat Oct 31 @ 5:00 pm,Columbia Icefield Arena,won,7,4,3,The Godfathers
Sun Nov 1 @ 10:00 am,Columbia Icefield Arena,tie,2,2,4,St Jeromes Advanced
Mon Nov 16 @ 11:00 pm,Columbia Icefield Arena,tie,2,2,4,Dangerous Geese
Mon Nov 23 @ 11:00 pm,Columbia Icefield Arena,won,4,1,2,Rodeo Clowns
Tue Dec 1 @ 11:00 pm,Columbia Icefield Arena,won,3,1,1,Samur-eyes
Thu Dec 3 @ 10:00 pm,Columbia Icefield Arena,lost,0,3,1,Menno Knights

Cameron Curwood,Spenser Emery,Kyle McFadden,Derek Scott,Gabriel Shaughnessy,Tony Shaughnessy,Matthew Stevens,Denis Viens,Justin Wilker,Riston Tapp
