Dusters,fall2009,Ice Hockey: Dusters (Advanced)
7,6,6,1,1
Thu Oct 8 @ 11:00 pm,Columbia Icefield Arena,won,4,2,1,Advanced Indies 2
Sat Oct 17 @ 2:00 pm,Columbia Icefield Arena,lost,3,5,3,Menno Knights
Sat Oct 31 @ 1:00 pm,Columbia Icefield Arena,lost,1,5,4,Samur-eyes
Sun Nov 8 @ 10:00 am,Columbia Icefield Arena,won,7,1,3,Advanced Indies 3
Sun Nov 15 @ 12:00 pm,Columbia Icefield Arena,tie,4,4,2,Team Caramrod
Tue Nov 17 @ 8:00 pm,Columbia Icefield Arena,won,4,0,4,What the Puck?!
Fri Nov 27 @ 8:00 pm,Columbia Icefield Arena,lost,2,3,1,Team Caramrod

Adrian Ang,Jacob Angemeer,Alexander Ellsworth,Patrick Ellsworth,Andrew Flynn,Adam Laudenbach,Douglas Mackendrick,Andrew Noakes,Curtis Robinson,Jonathan Templin
