Team Caramrod,fall2009,Ice Hockey: Team Caramrod (Advanced)
9,6,6,3,3
Sun Sep 27 @ 11:00 am,Columbia Icefield Arena,lost,3,4,4,The Godfathers
Thu Oct 8 @ 10:00 pm,Columbia Icefield Arena,lost,2,3,3,Rodeo Clowns
Sun Oct 25 @ 10:00 am,Columbia Icefield Arena,lost,0,6,4,Bendy Garden Gnomes
Sun Nov 1 @ 6:00 pm,Columbia Icefield Arena,won,4,2,4,Advanced Indies 4
Tue Nov 3 @ 10:00 pm,Columbia Icefield Arena,won,4,0,3,Advanced Indies 1
Sun Nov 15 @ 12:00 pm,Columbia Icefield Arena,tie,4,4,2,Dusters
Sun Nov 22 @ 10:00 am,Columbia Icefield Arena,won,1,0,1,Guts ‘N Glory
Fri Nov 27 @ 8:00 pm,Columbia Icefield Arena,won,3,2,1,Dusters
Thu Dec 3 @ 11:00 pm,Columbia Icefield Arena,lost,2,4,1,St Jeromes Advanced

Thomas Biskup,Bradley Booker,Christopher Decker,Timothy Gendron,Christopher Goudy,Amanda Keech,Nathan Lai,Joshua Martyniuk,Nathaniel McBride,Eric Roberts,Sean Wilkinson,Joel Wilson,Paul Stefan
