Advanced Indies 2,fall2009,Ice Hockey: Advanced Indies 2 (Advanced)
7,6,6,1,1
Thu Oct 1 @ 10:00 pm,Columbia Icefield Arena,tie,2,2,4,Menno Knights
Sat Oct 3 @ 9:00 pm,Columbia Icefield Arena,won,7,1,4,Advanced Indies 3
Mon Oct 5 @ 10:00 pm,Columbia Icefield Arena,won,8,2,3,What the Puck?!
Thu Oct 8 @ 11:00 pm,Columbia Icefield Arena,lost,2,4,1,Dusters
Thu Oct 22 @ 10:00 pm,Columbia Icefield Arena,won,3,0,2,Chedder On Fire
Sun Nov 15 @ 11:00 am,Columbia Icefield Arena,lost,1,7,avg.,Samur-eyes
Mon Nov 30 @ 10:00 pm,Columbia Icefield Arena,lost,2,4,1,St Jeromes Advanced

Devon Briggs,Devin Drury,Mark Gillis,Eric Hein,Trevor Lebel,Brendan Links,Brett Macdonald,Geoffrey Mather,Steven McDonald,Andrew O’Neill,Matthew Rae,Corey Schreiber,Michal Semczuk,Kyle Simpson,Shane Speziali,David Tran,Adam Walsh
