INFO:
teamName,Individuals 1
teamAbbreviation,Individuals 1
sportId,n/a
sportName,n/a
sportRules,n/a
leagueId,watMu
levelId,n/a
seasonName,n/a
seasonId,n/a
Roster Size,13
Season Games Played,6
Playoff Round Lengths,1,1
END_INFO

SEASON:
Date/Time,Location,Opposing Team,Score,S.O.C.
Sun May 25 @ 2:30 pm,Columbia Icefield: Field 5,Popeye’s Spicy Chicken VII,won 35 - 14,3
Fri May 30 @ 6:00 pm,Columbia Icefield: Warrior Field,Kracken,tie 28 - 28,3
Sun Jun 1 @ 3:30 pm,Columbia Icefield: Field 5,YOLF,won 56 - 49,3
Sun Jun 8 @ 5:30 pm,Columbia Icefield: Field 5,Kracken,tie 28 - 28,3
Sun Jun 15 @ 1:30 pm,Columbia Icefield: Field 5,Popeye’s Spicy Chicken VII,won 7 - 42,3
Sun Jun 22 @ 2:30 pm,Columbia Icefield: Field 5,Popeye’s Spicy Chicken VII,won 28 - 14,3
END_SEASON

PLAYOFFS:
Date/Time,Location,Opposing Team,Score,S.O.C.
Sun Jul 13 @ 1:30 pm,Columbia Icefield: Field 5,Double D’s,won 35 - 28,1
Sun Jul 20 @ 5:30 pm,Columbia Icefield: Field 5,YOLF,won 42 - 35,2
END_PLAYOFFS

ROSTER:
Player,Captaincy,uwaterloo_email
Luke Hueniken,,
Katerina Kamoutsis,,
Tung Kao,,
Daniel Liu,,
Kevin Logan,,
Peter Macdonald,,
Jesse Marion,,
Christopher Neilson,,
Bailong Qian,,
Dmitri Tkatch,,
Daniel Vaucrosson,,
Samantha Ward,,
Hang Xu,,
END_ROSTER
