INFO:
teamName,Popeye’s Spicy Chicken VII
teamAbbreviation,Popeye’s Spicy Chicken VII
sportId,n/a
sportName,n/a
sportRules,n/a
leagueId,watMu
levelId,n/a
seasonName,n/a
seasonId,n/a
Roster Size,12
Season Games Played,6
Playoff Round Lengths,1
END_INFO

SEASON:
Date/Time,Location,Opposing Team,Score,S.O.C.
Fri May 23 @ 5:00 pm,Columbia Icefield: Warrior Field,Double D’s,lost 35 - 0,3
Sun May 25 @ 2:30 pm,Columbia Icefield: Field 5,Individuals 1,lost 35 - 14,3
Sun Jun 15 @ 1:30 pm,Columbia Icefield: Field 5,Individuals 1,lost 7 - 42,3
Sun Jun 22 @ 2:30 pm,Columbia Icefield: Field 5,Individuals 1,lost 28 - 14,3
Sun Jun 22 @ 6:30 pm,Columbia Icefield: Field 5,YOLF,lost 49 - 21,3
Fri Jul 4 @ 7:00 pm,Columbia Icefield: Warrior Field,Double D’s,lost 21 - 42,3
END_SEASON

PLAYOFFS:
Date/Time,Location,Opposing Team,Score,S.O.C.
Sun Jul 13 @ 12:30 pm,Columbia Icefield: Field 5,Double D’s,lost 49 - 28,1
END_PLAYOFFS

ROSTER:
Player,Captaincy,uwaterloo_email
DongWei Liu,(C),dongwei60@hotmail.com
Maarij Baig,,
Nicholas Barbour,,
I-Cheng Chan,,
Mohammad Khalid,,
Vincent Koo,,
Tsun Ku,,
Hashim Mir,,
Dharssan Pushparajah,,
Boyuan Qi,,
Avinaash Sundar,,
Mohammed Zaman,,
END_ROSTER
