INFO:
teamName,YOLF
teamAbbreviation,YOLF
sportId,n/a
sportName,n/a
sportRules,n/a
leagueId,watMu
levelId,n/a
seasonName,n/a
seasonId,n/a
Roster Size,14
Season Games Played,6
Playoff Round Lengths,1,1
END_INFO

SEASON:
Date/Time,Location,Opposing Team,Score,S.O.C.
Fri May 23 @ 6:00 pm,Columbia Icefield: Warrior Field,Kracken,tie 28 - 28,3
Sun May 25 @ 1:30 pm,Columbia Icefield: Field 5,Double D’s,won 49 - 28,2
Sun Jun 1 @ 3:30 pm,Columbia Icefield: Field 5,Individuals 1,lost 56 - 49,3
Sun Jun 22 @ 6:30 pm,Columbia Icefield: Field 5,Popeye’s Spicy Chicken VII,won 49 - 21,3
Sun Jun 22 @ 7:30 pm,Columbia Icefield: Field 5,Kracken,won 35 - 21,3
Sun Jul 6 @ 12:30 pm,Columbia Icefield: Field 5,Double D’s,won 42 - 35,3
END_SEASON

PLAYOFFS:
Date/Time,Location,Opposing Team,Score,S.O.C.
Sun Jul 20 @ 1:30 pm,Columbia Icefield: Field 5,Kracken,won 42 - 28,2
Sun Jul 20 @ 5:30 pm,Columbia Icefield: Field 5,Individuals 1,lost 42 - 35,2
END_PLAYOFFS

ROSTER:
Player,Captaincy,uwaterloo_email
Fahad Waseem,(C),fwaseem@uwaterloo.ca
Sean Bak,,
Andrea Chan,,
Ben Gao,,
Danish Khan,,
Christina Kottoor,,
Roshin Mathew,,
Patrick Norwell,,
Akash Patel,,
Rida Raza,,
Ankiet Varmani,,
Shyam Venkatraman,,
Dylan Wong,,
Raagulan Yogalingam,,
END_ROSTER
