INFO:
teamName,Kracken
teamAbbreviation,Kracken
sportId,n/a
sportName,n/a
sportRules,n/a
leagueId,watMu
levelId,n/a
seasonName,n/a
seasonId,n/a
Roster Size,14
Season Games Played,6
Playoff Round Lengths,1
END_INFO

SEASON:
Date/Time,Location,Opposing Team,Score,S.O.C.
Fri May 23 @ 6:00 pm,Columbia Icefield: Warrior Field,YOLF,tie 28 - 28,3
Fri May 30 @ 6:00 pm,Columbia Icefield: Warrior Field,Individuals 1,tie 28 - 28,3
Sun Jun 1 @ 5:30 pm,Columbia Icefield: Field 5,Double D’s,won 0 - 14,avg.
Sun Jun 8 @ 5:30 pm,Columbia Icefield: Field 5,Individuals 1,tie 28 - 28,3
Sun Jun 15 @ 5:30 pm,Columbia Icefield: Field 5,Double D’s,won 0 - 14,avg.
Sun Jun 22 @ 7:30 pm,Columbia Icefield: Field 5,YOLF,lost 35 - 21,3
END_SEASON

PLAYOFFS:
Date/Time,Location,Opposing Team,Score,S.O.C.
Sun Jul 20 @ 1:30 pm,Columbia Icefield: Field 5,YOLF,lost 42 - 28,2
END_PLAYOFFS

ROSTER:
Player,Captaincy,uwaterloo_email
Chinmaya Sindgikar,(C),csindgik@uwaterloo.ca
Mashrur Alam,,
Firman Bancroft,,
Arvind Dhinakar,,
Chaitanya Govande,,
Neilinder Grewal,,
Angad Kashyap,,
Adeboye Osuntogun,,
Kasyap Patel,,
Gustavo Pinto Ramos,,
Sachan Sahota,,
Deep Shah,,
Jash Shah,,
Tajwer Syed,,
END_ROSTER
