INFO:
teamName,Double D’s
teamAbbreviation,Double D’s
sportId,n/a
sportName,n/a
sportRules,n/a
leagueId,watMu
levelId,n/a
seasonName,n/a
seasonId,n/a
Roster Size,10
Season Games Played,6
Playoff Round Lengths,1,1
END_INFO

SEASON:
Date/Time,Location,Opposing Team,Score,S.O.C.
Fri May 23 @ 5:00 pm,Columbia Icefield: Warrior Field,Popeye’s Spicy Chicken VII,won 35 - 0,3
Sun May 25 @ 1:30 pm,Columbia Icefield: Field 5,YOLF,lost 49 - 28,2
Sun Jun 1 @ 5:30 pm,Columbia Icefield: Field 5,Kracken,lost 0 - 14,-2
Sun Jun 15 @ 5:30 pm,Columbia Icefield: Field 5,Kracken,lost 0 - 14,-2
Fri Jul 4 @ 7:00 pm,Columbia Icefield: Warrior Field,Popeye’s Spicy Chicken VII,won 21 - 42,3
Sun Jul 6 @ 12:30 pm,Columbia Icefield: Field 5,YOLF,lost 42 - 35,3
END_SEASON

PLAYOFFS:
Date/Time,Location,Opposing Team,Score,S.O.C.
Sun Jul 13 @ 12:30 pm,Columbia Icefield: Field 5,Popeye’s Spicy Chicken VII,won 49 - 28,1
Sun Jul 13 @ 1:30 pm,Columbia Icefield: Field 5,Individuals 1,lost 35 - 28,1
END_PLAYOFFS

ROSTER:
Player,Captaincy,uwaterloo_email
Rajvir Reehal,(C),rsreehal@uwaterloo.ca
Amarajith Balasubramaniam,,
Avijit Bandyopadhyay,,
Gregory Chua,,
Chris Gliszczynski,,
Chris Hau,,
Justin Hurst,,
Aaron Pereira,,
Ivan Tam,,
Taha Zafar,,
END_ROSTER
