Montreal Maroons,MTM,nhl
1932-33,1933
23
48
2
GP,Date,Time,Location,Opponent,GF,GA,Result,Game Ended In,W,L,T,Streak
1,1932-11-10,time unavailable,H,New York Rangers,2,4,L,REG,0,1,0,L 1
2,1932-11-12,time unavailable,@,Ottawa Senators,2,1,W,REG,1,1,0,W 1
3,1932-11-15,time unavailable,@,Boston Bruins,2,3,L,REG,1,2,0,L 1
4,1932-11-19,time unavailable,H,New York Americans,4,1,W,OT,2,2,0,W 1
5,1932-11-22,time unavailable,@,New York Americans,2,5,L,REG,2,3,0,L 1
6,1932-11-24,time unavailable,H,Ottawa Senators,3,6,L,REG,2,4,0,L 2
7,1932-11-26,time unavailable,@,Toronto Maple Leafs,2,3,L,REG,2,5,0,L 3
8,1932-11-29,time unavailable,H,Detroit Red Wings,5,3,W,REG,3,5,0,W 1
9,1932-12-01,time unavailable,@,Montreal Canadiens,5,4,W,OT,4,5,0,W 2
10,1932-12-03,time unavailable,H,Boston Bruins,2,0,W,REG,5,5,0,W 3
11,1932-12-08,time unavailable,H,Toronto Maple Leafs,1,0,W,REG,6,5,0,W 4
12,1932-12-11,time unavailable,@,Chicago Black Hawks,2,2,T,OT,6,5,1,T 1
13,1932-12-13,time unavailable,@,Detroit Red Wings,7,4,W,REG,7,5,1,W 1
14,1932-12-17,time unavailable,H,Montreal Canadiens,1,3,L,REG,7,6,1,L 1
15,1932-12-22,time unavailable,H,Chicago Black Hawks,1,4,L,REG,7,7,1,L 2
16,1932-12-25,time unavailable,@,New York Rangers,0,2,L,REG,7,8,1,L 3
17,1932-12-27,time unavailable,@,Ottawa Senators,0,3,L,REG,7,9,1,L 4
18,1932-12-29,time unavailable,@,Toronto Maple Leafs,0,1,L,REG,7,10,1,L 5
19,1932-12-31,time unavailable,H,New York Rangers,4,2,W,REG,8,10,1,W 1
20,1933-01-05,time unavailable,H,Toronto Maple Leafs,2,2,T,OT,8,10,2,T 1
21,1933-01-08,time unavailable,@,Chicago Black Hawks,3,4,L,REG,8,11,2,L 1
22,1933-01-12,time unavailable,@,Detroit Red Wings,0,4,L,REG,8,12,2,L 2
23,1933-01-14,time unavailable,H,Boston Bruins,2,3,L,REG,8,13,2,L 3
24,1933-01-17,time unavailable,@,Boston Bruins,2,6,L,REG,8,14,2,L 4
25,1933-01-19,time unavailable,H,Ottawa Senators,7,3,W,REG,9,14,2,W 1
26,1933-01-22,time unavailable,@,New York Rangers,5,0,W,REG,10,14,2,W 2
27,1933-01-24,time unavailable,H,Chicago Black Hawks,3,0,W,REG,11,14,2,W 3
28,1933-01-28,time unavailable,H,Detroit Red Wings,4,1,W,REG,12,14,2,W 4
29,1933-02-02,time unavailable,H,New York Rangers,2,2,T,OT,12,14,3,T 1
30,1933-02-04,time unavailable,@,Montreal Canadiens,7,2,W,REG,13,14,3,W 1
31,1933-02-07,time unavailable,@,New York Americans,1,0,W,REG,14,14,3,W 2
32,1933-02-09,time unavailable,@,Boston Bruins,0,1,L,REG,14,15,3,L 1
33,1933-02-11,time unavailable,H,Boston Bruins,4,2,W,REG,15,15,3,W 1
34,1933-02-16,time unavailable,@,Detroit Red Wings,2,2,T,OT,15,15,4,T 1
35,1933-02-19,time unavailable,@,Chicago Black Hawks,0,0,T,OT,15,15,5,T 2
36,1933-02-21,time unavailable,H,New York Americans,5,1,W,REG,16,15,5,W 1
37,1933-02-23,time unavailable,@,New York Americans,1,2,L,OT,16,16,5,L 1
38,1933-02-25,time unavailable,H,Montreal Canadiens,2,2,T,OT,16,16,6,T 1
39,1933-02-28,time unavailable,H,Detroit Red Wings,6,3,W,REG,17,16,6,W 1
40,1933-03-04,time unavailable,@,Toronto Maple Leafs,2,4,L,REG,17,17,6,L 1
41,1933-03-07,time unavailable,H,Toronto Maple Leafs,7,2,W,REG,18,17,6,W 1
42,1933-03-09,time unavailable,@,Montreal Canadiens,1,3,L,REG,18,18,6,L 1
43,1933-03-11,time unavailable,H,Chicago Black Hawks,6,2,W,REG,19,18,6,W 1
44,1933-03-14,time unavailable,H,Montreal Canadiens,2,1,W,REG,20,18,6,W 2
45,1933-03-16,time unavailable,@,Ottawa Senators,5,4,W,OT,21,18,6,W 3
46,1933-03-19,time unavailable,@,New York Rangers,6,3,W,REG,22,18,6,W 4
47,1933-03-21,time unavailable,H,Ottawa Senators,0,3,L,REG,22,19,6,L 1
48,1933-03-23,time unavailable,H,New York Americans,3,6,L,REG,22,20,6,L 2

GP,Date,Time,Location,Opponent,GF,GA,Result,Game Ended In,W,L,T,Streak
1,1933-03-25,time unavailable,H,Detroit Red Wings,0,2,L,REG,0,1,0,L 1
2,1933-03-28,time unavailable,@,Detroit Red Wings,2,3,L,REG,0,2,0,L 2

Andy Bellemer,,n/a,D,29,5-11,185,L/-,R,"July 3, 1903",ca,"0 G, 0 A, 0 P"
Mickey Blake,,n/a,LW,20,5-10,186,L/-,R,"October 31, 1912",ca,"0 G, 0 A, 0 P"
Glenn Brydson,,n/a,RW,22,5-10,170,R/-,2,"November 7, 1910",ca,"11 G, 17 A, 28 P"
Lionel Conacher,,n/a,D,31,6-2,195,L/-,7,"May 24, 1901",ca,"7 G, 21 A, 28 P"
Lorne Duguid,,n/a,LW,22,5-11,185,L/-,1,"April 4, 1910",ca,"4 G, 7 A, 11 P"
John Gallagher,,n/a,D,24,5-11,188,L/-,2,"January 19, 1909",ca,"1 G, 0 A, 1 P"
Paul Haynes,,n/a,C,22,5-10,160,L/-,2,"March 1, 1910",ca,"16 G, 25 A, 41 P"
Dave Kerr,,n/a,G,23,5-10,160,-/R,2,"January 11, 1910",ca,"14-8-3, 2.29 GAA"
Wally Kilrea,,n/a,C,23,5-7,150,R/-,3,"February 18, 1909",ca,"1 G, 7 A, 8 P"
Stan McCabe,,n/a,D,24,5-6,165,L/-,2,"June 16, 1908",ca,"0 G, 0 A, 0 P"
Reg Noble,,n/a,LW/D,36,5-8,180,L/-,15,"June 23, 1896",ca,"0 G, 0 A, 0 P"
Baldy Northcott,,n/a,LW,24,6-0,184,L/-,4,"September 7, 1908",ca,"22 G, 21 A, 43 P"
Merlyn Phillips,,n/a,RW,33,5-7,160,R/-,7,"May 24, 1899",ca,"0 G, 0 A, 0 P"
Hugh Plaxton,,n/a,LW,28,5-10,184,L/-,R,"May 16, 1904",ca,"1 G, 2 A, 3 P"
Earl Robinson,,n/a,RW,25,5-10,160,R/-,3,"March 11, 1907",ca,"15 G, 9 A, 24 P"
Des Roche,,n/a,RW,23,5-7,165,R/-,1,"February 1, 1909",ca,"0 G, 0 A, 0 P"
Earl Roche,,n/a,LW,22,5-11,175,L/-,1,"February 22, 1910",ca,"0 G, 0 A, 0 P"
Hooley Smith,,n/a,C,30,5-10,155,R/-,8,"January 7, 1903",ca,"20 G, 21 A, 41 P"
Dave Trottier,,n/a,LW,26,5-10,170,L/-,4,"June 25, 1906",ca,"16 G, 15 A, 31 P"
Flat Walsh,,n/a,G,35,5-11,180,-/L,6,"March 23, 1897",ca,"8-11-3, 2.58 GAA"
Jimmy Ward,,n/a,RW,26,5-11,167,R/-,5,"September 1, 1906",ca,"16 G, 17 A, 33 P"
Cy Wentworth,,n/a,D,28,5-10,170,R/-,5,"January 24, 1905",ca,"4 G, 10 A, 14 P"
Archie Wilcox,,n/a,D,29,5-11,195,L/-,3,"May 9, 1903",ca,"0 G, 3 A, 3 P"
