New York Rangers,NYR,nhl
1949-50,1950
33
70
5,7
GP,Date,Time,Location,Opponent,GF,GA,Result,Game Ended In,W,L,T,Streak,Notes
1,1949-10-15,time unavailable,@,Montreal Canadiens,1,3,L,REG,0,1,0,L 1
2,1949-10-16,time unavailable,@,Boston Bruins,2,2,T,REG,0,1,1,T 1
3,1949-10-19,time unavailable,@,Detroit Red Wings,1,6,L,REG,0,2,1,L 1
4,1949-10-22,time unavailable,@,Toronto Maple Leafs,2,2,T,REG,0,2,2,T 1
5,1949-10-25,time unavailable,@,Chicago Black Hawks,2,1,W,REG,1,2,2,W 1
6,1949-10-26,time unavailable,H,Boston Bruins,5,2,W,REG,2,2,2,W 2
7,1949-10-29,time unavailable,H,Chicago Black Hawks,0,2,L,REG,2,3,2,L 1
8,1949-10-30,time unavailable,H,Toronto Maple Leafs,2,4,L,REG,2,4,2,L 2
9,1949-11-02,time unavailable,@,Toronto Maple Leafs,3,3,T,REG,2,4,3,T 1
10,1949-11-06,time unavailable,@,Detroit Red Wings,0,7,L,REG,2,5,3,L 1
11,1949-11-09,time unavailable,H,Montreal Canadiens,2,2,T,REG,2,5,4,T 1
12,1949-11-12,time unavailable,H,Montreal Canadiens,3,5,L,REG,2,6,4,L 1
13,1949-11-13,time unavailable,H,Detroit Red Wings,1,1,T,REG,2,6,5,T 1
14,1949-11-16,time unavailable,H,Boston Bruins,2,1,W,REG,3,6,5,W 1
15,1949-11-20,time unavailable,@,Chicago Black Hawks,5,2,W,REG,4,6,5,W 2
16,1949-11-23,time unavailable,@,Detroit Red Wings,3,4,L,REG,4,7,5,L 1
17,1949-11-26,time unavailable,@,Montreal Canadiens,1,5,L,REG,4,8,5,L 2
18,1949-11-27,time unavailable,@,Boston Bruins,1,1,T,REG,4,8,6,T 1
19,1949-11-30,time unavailable,H,Montreal Canadiens,5,2,W,REG,5,8,6,W 1
20,1949-12-03,time unavailable,@,Toronto Maple Leafs,0,2,L,REG,5,9,6,L 1
21,1949-12-04,time unavailable,H,Chicago Black Hawks,4,0,W,REG,6,9,6,W 1
22,1949-12-07,time unavailable,H,Chicago Black Hawks,2,1,W,REG,7,9,6,W 2
23,1949-12-10,time unavailable,@,Detroit Red Wings,1,0,W,REG,8,9,6,W 3
24,1949-12-11,time unavailable,H,Detroit Red Wings,2,1,W,REG,9,9,6,W 4
25,1949-12-14,time unavailable,@,Chicago Black Hawks,3,5,L,REG,9,10,6,L 1
26,1949-12-17,time unavailable,@,Boston Bruins,3,1,W,REG,10,10,6,W 1
27,1949-12-18,time unavailable,H,Toronto Maple Leafs,0,2,L,REG,10,11,6,L 1
28,1949-12-21,time unavailable,H,Montreal Canadiens,4,1,W,REG,11,11,6,W 1
29,1949-12-24,time unavailable,@,Montreal Canadiens,0,0,T,REG,11,11,7,T 1
30,1949-12-25,time unavailable,H,Toronto Maple Leafs,3,1,W,REG,12,11,7,W 1
31,1949-12-28,time unavailable,H,Chicago Black Hawks,5,2,W,REG,13,11,7,W 2
32,1949-12-31,time unavailable,H,Boston Bruins,4,1,W,REG,14,11,7,W 3
33,1950-01-01,time unavailable,@,Boston Bruins,0,6,L,REG,14,12,7,L 1
34,1950-01-04,time unavailable,H,Detroit Red Wings,2,1,W,REG,15,12,7,W 1
35,1950-01-07,time unavailable,@,Montreal Canadiens,3,1,W,REG,16,12,7,W 2
36,1950-01-08,time unavailable,H,Chicago Black Hawks,1,1,T,REG,16,12,8,T 1
37,1950-01-11,time unavailable,H,Toronto Maple Leafs,1,2,L,REG,16,13,8,L 1
38,1950-01-14,time unavailable,@,Detroit Red Wings,2,4,L,REG,16,14,8,L 2
39,1950-01-15,time unavailable,H,Detroit Red Wings,0,1,L,REG,16,15,8,L 3
40,1950-01-18,time unavailable,H,Boston Bruins,2,4,L,REG,16,16,8,L 4
41,1950-01-21,time unavailable,@,Toronto Maple Leafs,1,2,L,REG,16,17,8,L 5
42,1950-01-22,time unavailable,@,Chicago Black Hawks,3,4,L,REG,16,18,8,L 6
43,1950-01-25,time unavailable,@,Toronto Maple Leafs,1,5,L,REG,16,19,8,L 7
44,1950-01-28,time unavailable,@,Boston Bruins,2,2,T,REG,16,19,9,T 1
45,1950-01-29,time unavailable,H,Montreal Canadiens,2,0,W,REG,17,19,9,W 1
46,1950-02-01,time unavailable,@,Boston Bruins,2,3,L,REG,17,20,9,L 1
47,1950-02-02,time unavailable,@,Montreal Canadiens,1,4,L,REG,17,21,9,L 2
48,1950-02-05,time unavailable,@,Detroit Red Wings,5,5,T,REG,17,21,10,T 1
49,1950-02-09,time unavailable,@,Chicago Black Hawks,5,3,W,REG,18,21,10,W 1
50,1950-02-12,time unavailable,H,Detroit Red Wings,4,0,W,REG,19,21,10,W 2
51,1950-02-15,time unavailable,H,Boston Bruins,2,2,T,REG,19,21,11,T 1
52,1950-02-18,time unavailable,@,Montreal Canadiens,4,2,W,REG,20,21,11,W 1
53,1950-02-19,time unavailable,H,Toronto Maple Leafs,2,1,W,REG,21,21,11,W 2
54,1950-02-22,time unavailable,H,Chicago Black Hawks,3,0,W,REG,22,21,11,W 3
55,1950-02-23,time unavailable,@,Chicago Black Hawks,7,3,W,REG,23,21,11,W 4
56,1950-02-25,time unavailable,@,Toronto Maple Leafs,2,4,L,REG,23,22,11,L 1
57,1950-02-26,time unavailable,H,Boston Bruins,4,3,W,REG,24,22,11,W 1
58,1950-03-01,time unavailable,H,Detroit Red Wings,2,5,L,REG,24,23,11,L 1
59,1950-03-04,time unavailable,@,Boston Bruins,1,5,L,REG,24,24,11,L 2
60,1950-03-05,time unavailable,H,Toronto Maple Leafs,5,2,W,REG,25,24,11,W 1
61,1950-03-08,time unavailable,@,Chicago Black Hawks,4,2,W,REG,26,24,11,W 2
62,1950-03-09,time unavailable,H,Detroit Red Wings,3,1,W,REG,27,24,11,W 3
63,1950-03-11,time unavailable,@,Toronto Maple Leafs,0,4,L,REG,27,25,11,L 1
64,1950-03-12,time unavailable,H,Montreal Canadiens,1,5,L,REG,27,26,11,L 2
65,1950-03-15,time unavailable,H,Boston Bruins,1,4,L,REG,27,27,11,L 3
66,1950-03-18,time unavailable,@,Montreal Canadiens,3,5,L,REG,27,28,11,L 4
67,1950-03-19,time unavailable,H,Montreal Canadiens,2,4,L,REG,27,29,11,L 5
68,1950-03-21,time unavailable,H,Chicago Black Hawks,3,6,L,REG,27,30,11,L 6
69,1950-03-22,time unavailable,@,Detroit Red Wings,7,8,L,REG,27,31,11,L 7
70,1950-03-26,time unavailable,H,Toronto Maple Leafs,5,3,W,REG,28,31,11,W 1

GP,Date,Time,Location,Opponent,GF,GA,Result,Game Ended In,W,L,T,Streak,Notes
1,1950-03-29,time unavailable,H,Montreal Canadiens,3,1,W,REG,1,0,0,W 1
2,1950-04-01,time unavailable,@,Montreal Canadiens,3,2,W,REG,2,0,0,W 2
3,1950-04-02,time unavailable,H,Montreal Canadiens,4,1,W,REG,3,0,0,W 3
4,1950-04-04,time unavailable,@,Montreal Canadiens,2,3,L,OT,3,1,0,L 1
5,1950-04-06,time unavailable,@,Montreal Canadiens,3,0,W,REG,4,1,0,W 1
6,1950-04-11,time unavailable,@,Detroit Red Wings,1,4,L,REG,4,2,0,L 1
7,1950-04-13,time unavailable,H,Detroit Red Wings,3,1,W,REG,5,2,0,W 1,Moved to Toronto for circus at MSG
8,1950-04-15,time unavailable,H,Detroit Red Wings,0,4,L,REG,5,3,0,L 1,Moved to Toronto for circus at MSG
9,1950-04-18,time unavailable,@,Detroit Red Wings,4,3,W,OT,6,3,0,W 1
10,1950-04-20,time unavailable,@,Detroit Red Wings,2,1,W,OT,7,3,0,W 2
11,1950-04-22,time unavailable,@,Detroit Red Wings,4,5,L,REG,7,4,0,L 1
12,1950-04-23,time unavailable,@,Detroit Red Wings,3,4,L,2OT,7,5,0,L 2

Douglas Adam,,n/a,LW,26,5-11,165,L/-,R,"September 7, 1923",ca,"0 G, 1 A, 1 P"
Jean-Paul Denis,,n/a,RW,25,5-8,170,R/-,1,"February 28, 1924",ca,"0 G, 1 A, 1 P"
Frank Eddolls,,n/a,D,28,5-8,180,L/-,5,"July 5, 1921",ca,"2 G, 6 A, 8 P"
Pat Egan,,n/a,D,31,5-10,195,R/-,9,"April 25, 1918",ca,"5 G, 11 A, 16 P"
Jack Evans,,n/a,D,21,6-0,185,L/-,1,"April 21, 1928",gb,"0 G, 0 A, 0 P"
Dunc Fisher,,n/a,RW,22,5-7,170,R/-,1,"August 30, 1927",ca,"12 G, 21 A, 33 P"
Emile Francis,,n/a,G,23,5-6,145,-/L,3,"September 13, 1926",ca,"0-1-0, 8.00 GAA"
Jack Gordon,,n/a,C,21,5-9,154,R/-,1,"March 3, 1928",ca,"0 G, 0 A, 0 P"
Bing Juckes,,n/a,LW,23,5-10,165,L/-,1,"June 14, 1926",ca,"2 G, 1 A, 3 P"
Alex Kaleta,,n/a,LW,30,6-0,175,L/-,5,"November 29, 1919",ca,"17 G, 14 A, 31 P"
Bill Kyle,,n/a,C,25,6-1,210,R/-,R,"December 23, 1924",ca,"0 G, 0 A, 0 P"
Gus Kyle,,n/a,D,26,6-1,202,L/-,R,"September 11, 1923",ca,"3 G, 5 A, 8 P"
Jean-Paul Lamirande,,n/a,LW,25,5-8,170,R/-,2,"August 21, 1924",ca,"4 G, 3 A, 7 P"
Jack Lancien,,n/a,D,26,6-0,188,L/-,1,"June 14, 1923",ca,"1 G, 4 A, 5 P"
Edgar Laprade,,n/a,C,30,5-8,160,R/-,4,"October 10, 1919",ca,"22 G, 22 A, 44 P"
Tony Leswick,,n/a,LW,26,5-7,160,R/-,4,"March 17, 1923",ca,"19 G, 25 A, 44 P"
Odie Lowe,,n/a,C,21,5-8,140,R/-,R,"April 15, 1928",ca,"1 G, 1 A, 2 P"
Pentti Lund,,n/a,RW,24,6-0,185,R/-,1,"December 6, 1925",fi,"18 G, 9 A, 27 P"
Bill McDonagh,,n/a,LW,21,5-9,150,L/-,R,"April 30, 1928",ca,"0 G, 0 A, 0 P"
Jackie McLeod,,n/a,RW,19,5-9,150,R/-,R,"April 30, 1930",ca,"6 G, 9 A, 15 P"
Nick Mickoski,,n/a,LW,22,6-1,183,L/-,1,"December 7, 1927",ca,"10 G, 10 A, 20 P"
Buddy O'Connor,(C),n/a,C,33,5-8,142,R/-,8,"June 21, 1916",ca,"11 G, 22 A, 33 P"
Fern Perreault,,n/a,LW,22,5-11,174,L/-,1,"March 31, 1927",ca,"0 G, 0 A, 0 P"
Bud Poile,,n/a,RW,25,6-0,189,R/-,6,"February 10, 1924",ca,"3 G, 6 A, 9 P"
Don Raleigh,,n/a,C,23,5-11,150,L/-,3,"June 27, 1926",ca,"12 G, 25 A, 37 P"
Chuck Rayner,,n/a,G,29,5-11,190,-/L,6,"August 11, 1920",ca,"28-30-11, 2.62 GAA"
Fred Shero,,n/a,D,24,5-10,175,L/-,2,"October 23, 1925",ca,"2 G, 8 A, 10 P"
Ed Slowinski,,n/a,RW,27,5-11,195,R/-,2,"November 18, 1922",ca,"14 G, 23 A, 37 P"
Don Smith,,n/a,C,20,5-10,165,L/-,R,"May 4, 1929",ca,"1 G, 1 A, 2 P"
Allan Stanley,,n/a,D,23,6-1,170,L/-,1,"March 1, 1926",ca,"4 G, 4 A, 8 P"
Wally Stanowski,,n/a,D,30,5-11,180,L/-,8,"April 28, 1919",ca,"1 G, 1 A, 2 P"
John Webster,,n/a,C,29,5-11,160,L/-,R,"November 3, 1920",ca,"0 G, 0 A, 0 P"
Sherman White,,n/a,C,26,5-10,165,L/-,1,"May 12, 1923",ca,"0 G, 2 A, 2 P"
