INFO:
teamName,Weeblewobbler
teamAbbreviation,Weeblewobbler
sportId,n/a
sportName,n/a
sportRules,n/a
leagueId,watMu
levelId,n/a
seasonName,n/a
seasonId,n/a
Roster Size,12
Season Games Played,6
Playoff Round Lengths,1
END_INFO

SEASON:
Date/Time,Location,Opposing Team,Score,S.O.C.
Tue Jan 27 @ 5:30 pm,Columbia Icefield: Gym 3,Thorpe’s Torpedoes,won 5 - 0,avg.
Mon Feb 2 @ 3:30 pm,Columbia Icefield: Gym 3,Butterfingers,lost 6 - 3,2
Thu Feb 5 @ 6:30 pm,Columbia Icefield: Gym 3,BioBaggers,lost 7 - 2,2
Tue Feb 24 @ 5:30 pm,Columbia Icefield: Gym 3,West A Rev,won 5 - 0,avg.
Thu Mar 5 @ 10:30 pm,Columbia Icefield: Gym 3,Basement Dwellers,lost 9 - 0,2
Tue Mar 10 @ 9:30 pm,Columbia Icefield: Gym 3,Basement Dwellers,lost 9 - 0,2
END_SEASON

PLAYOFFS:
Date/Time,Location,Opposing Team,Score,S.O.C.
Thu Mar 26 @ 4:30 pm,Columbia Icefield: Gym 3,West A Rev,lost 0 - 5,2
END_PLAYOFFS

ROSTER:
Player,Captaincy,uwaterloo_email
Mary Deline,(C),medeline@uwaterloo.ca
Heather Andrachuk,,
Tavis Bragg,,
Michelle Craig,,
Nava Dabby,,
Elaine Ferrier,,
Jonathan Frank,,
Yukari Hori,,
Meaghan King,,
Meghan Martyna,,
Katherine Saunders,,
Salvatore Spitale,,
END_ROSTER
