INFO:
teamName,The Dodgers
teamAbbreviation,The Dodgers
sportId,n/a
sportName,n/a
sportRules,n/a
leagueId,watMu
levelId,n/a
seasonName,n/a
seasonId,n/a
Roster Size,15
Season Games Played,6
Playoff Round Lengths,1,1
END_INFO

SEASON:
Date/Time,Location,Opposing Team,Score,S.O.C.
Thu Jan 15 @ 10:30 pm,Columbia Icefield: Gym 3,Double Vision,won 7 - 2,1
Thu Jan 22 @ 8:30 pm,Columbia Icefield: Gym 3,The Doozers,lost 7 - 2,2
Mon Jan 26 @ 7:30 pm,Columbia Icefield: Gym 3,Take it and Go!,won 6 - 2,1
Mon Feb 2 @ 7:30 pm,Columbia Icefield: Gym 3,Mother SPUCers,won 4 - 3,1
Mon Feb 9 @ 9:30 pm,Columbia Icefield: Gym 3,Butterfingers,won 0 - 8,2
Tue Feb 10 @ 10:30 pm,Columbia Icefield: Gym 3,Watrox,won 6 - 2,2
END_SEASON

PLAYOFFS:
Date/Time,Location,Opposing Team,Score,S.O.C.
Sat Mar 28 @ 5:00 pm,Columbia Icefield: Gym 3,Take it and Go!,won 5 - 4,2
Mon Mar 30 @ 5:30 pm,Columbia Icefield: Gym 3,Basement Dwellers,lost 0 - 5,2
END_PLAYOFFS

ROSTER:
Player,Captaincy,uwaterloo_email
Sarah Silverstein,(C),ssilvrs@fes.uwaterloo.ca
Ryan Ahola,,
Victoria Fratin,,
Irene Hawkings,,
Tyler Hunt,,
Margaux James,,
Elizabeth Kaempffer,,
Daniel Lee,,
Brittney Martin,,
Christopher Miller,,
Barry O’Doherty,,
Bethany Paul,,
Daniel Reshef,,
Scott Thompson,,
Michael Tollis,,
END_ROSTER
