INFO:
teamName,Thorpe’s Torpedoes
teamAbbreviation,Thorpe’s Torpedoes
sportId,n/a
sportName,n/a
sportRules,n/a
leagueId,watMu
levelId,n/a
seasonName,n/a
seasonId,n/a
Roster Size,10
Season Games Played,6
Playoff Round Lengths,0
END_INFO

SEASON:
Date/Time,Location,Opposing Team,Score,S.O.C.
Thu Jan 22 @ 6:30 pm,Columbia Icefield: Gym 3,Mother SPUCers,lost 4 - 3,1
Mon Jan 26 @ 8:30 pm,Columbia Icefield: Gym 3,The Doozers,lost 6 - 3,1
Tue Jan 27 @ 5:30 pm,Columbia Icefield: Gym 3,Weeblewobbler,lost 5 - 0,-2
Mon Feb 2 @ 8:30 pm,Columbia Icefield: Gym 3,The Doozers,lost 6 - 3,-1
Mon Mar 2 @ 10:30 pm,Columbia Icefield: Gym 3,Basement Dwellers,lost 7 - 2,2
Tue Mar 3 @ 6:30 pm,Columbia Icefield: Gym 3,West A Rev,won 0 - 8,2
END_SEASON

PLAYOFFS:
Date/Time,Location,Opposing Team,Score,S.O.C.
END_PLAYOFFS

ROSTER:
Player,Captaincy,uwaterloo_email
Marc Wall,(C),relientk@hotmail.com
Jennifer Black,,
Lainna Buch,,
Melanie Chanona,,
Victoria Groh,,
Zachary Jantzi,,
Moo Young Jin,,
Jacqueline Read,,
Bradley Seligman,,
Peng Ye,,
END_ROSTER
