INFO:
teamName,BioBaggers
teamAbbreviation,BioBaggers
sportId,n/a
sportName,n/a
sportRules,n/a
leagueId,watMu
levelId,n/a
seasonName,n/a
seasonId,n/a
Roster Size,12
Season Games Played,6
Playoff Round Lengths,1,1
END_INFO

SEASON:
Date/Time,Location,Opposing Team,Score,S.O.C.
Thu Jan 15 @ 9:30 pm,Columbia Icefield: Gym 3,Watrox,lost 3 - 4,2
Mon Jan 19 @ 10:30 pm,Columbia Icefield: Gym 3,Basement Dwellers,lost 2 - 7,1
Sat Jan 31 @ 10:00 am,Columbia Icefield: Gym 3,Deep,lost 7 - 2,2
Thu Feb 5 @ 6:30 pm,Columbia Icefield: Gym 3,Weeblewobbler,won 7 - 2,2
Thu Feb 12 @ 9:30 pm,Columbia Icefield: Gym 3,Double Vision,won 6 - 3,2
Tue Feb 24 @ 3:30 pm,Columbia Icefield: Gym 3,Butterfingers,won 3 - 5,2
END_SEASON

PLAYOFFS:
Date/Time,Location,Opposing Team,Score,S.O.C.
Mon Mar 23 @ 3:30 pm,Columbia Icefield: Gym 3,The Doozers,won 4 - 5,2
Mon Mar 30 @ 6:30 pm,Columbia Icefield: Gym 3,Deep,lost 0 - 5,2
END_PLAYOFFS

ROSTER:
Player,Captaincy,uwaterloo_email
Joel Harrison,(C),joel.harrison.uw@gmail.com
Ann-Marie Balasubramaniam,,
Jennifer Hood,,
David Isherwood,,
Erin Jones,,
Grace Martin,,
Patrick McCamphill,,
Tedy Ozersky,,
Paula Reynolds,,
Ryan Scott,,
Gregory Silsbe,,
Stephen Taerum,,
END_ROSTER
