INFO:
teamName,Mother SPUCers
teamAbbreviation,Mother SPUCers
sportId,n/a
sportName,n/a
sportRules,n/a
leagueId,watMu
levelId,n/a
seasonName,n/a
seasonId,n/a
Roster Size,19
Season Games Played,6
Playoff Round Lengths,1
END_INFO

SEASON:
Date/Time,Location,Opposing Team,Score,S.O.C.
Thu Jan 22 @ 6:30 pm,Columbia Icefield: Gym 3,Thorpe’s Torpedoes,won 4 - 3,1
Tue Jan 27 @ 4:30 pm,Columbia Icefield: Gym 3,West A Rev,won 5 - 3,1
Mon Feb 2 @ 7:30 pm,Columbia Icefield: Gym 3,The Dodgers,lost 4 - 3,1
Thu Feb 5 @ 5:30 pm,Columbia Icefield: Gym 3,Take it and Go!,tie 4 - 4,2
Mon Feb 9 @ 10:30 pm,Columbia Icefield: Gym 3,Basement Dwellers,lost 0 - 9,2
Tue Feb 24 @ 4:30 pm,Columbia Icefield: Gym 3,The Doozers,lost 2 - 5,2
END_SEASON

PLAYOFFS:
Date/Time,Location,Opposing Team,Score,S.O.C.
Mon Mar 30 @ 4:30 pm,Columbia Icefield: Gym 3,Basement Dwellers,lost 5 - 0,2
END_PLAYOFFS

ROSTER:
Player,Captaincy,uwaterloo_email
Brian Neggers,(C),briancanadian12@hotmail.com
Jacob Arends,,
James Cooper,,
Glen Davis,,
Daniel Innis,,
Dominic Kan,,
David Kanters,,
Lauren Moore,,
Alexander Pedjase,,
Avril Petipas,,
Jeanine Petten,,
Diego Ripley,,
Amy Smith,,
John Spry,,
Ryan Stephenson,,
Jackson Stevens,,
Alexander Suen,,
Wesley Wilson,,
Naryan Wong,,
END_ROSTER
