INFO:
teamName,Basement Dwellers
teamAbbreviation,Basement Dwellers
sportId,n/a
sportName,n/a
sportRules,n/a
leagueId,watMu
levelId,n/a
seasonName,n/a
seasonId,n/a
Roster Size,14
Season Games Played,6
Playoff Round Lengths,1,1,1
END_INFO

SEASON:
Date/Time,Location,Opposing Team,Score,S.O.C.
Mon Jan 19 @ 10:30 pm,Columbia Icefield: Gym 3,BioBaggers,won 2 - 7,1
Mon Feb 2 @ 5:30 pm,Columbia Icefield: Gym 3,West A Rev,won 7 - 2,1
Mon Feb 9 @ 10:30 pm,Columbia Icefield: Gym 3,Mother SPUCers,won 0 - 9,2
Mon Mar 2 @ 10:30 pm,Columbia Icefield: Gym 3,Thorpe’s Torpedoes,won 7 - 2,2
Thu Mar 5 @ 10:30 pm,Columbia Icefield: Gym 3,Weeblewobbler,won 9 - 0,2
Tue Mar 10 @ 9:30 pm,Columbia Icefield: Gym 3,Weeblewobbler,won 9 - 0,2
END_SEASON

PLAYOFFS:
Date/Time,Location,Opposing Team,Score,S.O.C.
Mon Mar 30 @ 4:30 pm,Columbia Icefield: Gym 3,Mother SPUCers,won 5 - 0,2
Mon Mar 30 @ 5:30 pm,Columbia Icefield: Gym 3,The Dodgers,won 0 - 5,2
Thu Apr 2 @ 3:30 pm,Columbia Icefield: Gym 3,Deep,won 5 - 1,2
END_PLAYOFFS

ROSTER:
Player,Captaincy,uwaterloo_email
Hamish Trenam,(C),htrenam@uwaterloo.ca
Charles Armour,,
Robert Forsey,,
Adam Granville,,
Derek Hoevenaars,,
Murali Kulachandran,,
Patrick Lalonde,,
Andrew Lehan,,
Robert Lepage,,
Matthew Moody,,
Tristan Mullock,,
Christopher Newman,,
Paul Savage,,
David Tolnai,,
END_ROSTER
