INFO:
teamName,Butterfingers
teamAbbreviation,Butterfingers
sportId,n/a
sportName,n/a
sportRules,n/a
leagueId,watMu
levelId,n/a
seasonName,n/a
seasonId,n/a
Roster Size,14
Season Games Played,6
Playoff Round Lengths,1,1
END_INFO

SEASON:
Date/Time,Location,Opposing Team,Score,S.O.C.
Mon Jan 19 @ 9:30 pm,Columbia Icefield: Gym 3,Take it and Go!,lost 2 - 6,1
Tue Jan 27 @ 6:30 pm,Columbia Icefield: Gym 3,Watrox,tie 4 - 4,2
Mon Feb 2 @ 3:30 pm,Columbia Icefield: Gym 3,Weeblewobbler,won 6 - 3,2
Mon Feb 9 @ 9:30 pm,Columbia Icefield: Gym 3,The Dodgers,lost 0 - 8,2
Tue Feb 24 @ 3:30 pm,Columbia Icefield: Gym 3,BioBaggers,lost 3 - 5,2
Mon Mar 2 @ 9:30 pm,Columbia Icefield: Gym 3,Deep,lost 2 - 7,1
END_SEASON

PLAYOFFS:
Date/Time,Location,Opposing Team,Score,S.O.C.
Thu Mar 26 @ 9:30 pm,Columbia Icefield: Gym 3,Double Vision,won 5 - 2,2
Tue Mar 31 @ 6:30 pm,Columbia Icefield: Gym 3,West A Rev,lost 4 - 3,2
END_PLAYOFFS

ROSTER:
Player,Captaincy,uwaterloo_email
Erica Springate,(C),elisprin@uwaterloo.ca
Meghan Bratt,,
Amber Cantell,,
Jordan Duff,,
Anne Fitzpatrick,,
Mark Groulx,,
Alan Howell,,
Clara Janecka,,
Christopher Langley,,
Janet Mader,,
Natasha O’Neill,,
William Patch,,
Antonietta Rubino,,
Nigel Selig,,
END_ROSTER
