INFO:
teamName,The Doozers
teamAbbreviation,The Doozers
sportId,n/a
sportName,n/a
sportRules,n/a
leagueId,watMu
levelId,n/a
seasonName,n/a
seasonId,n/a
Roster Size,12
Season Games Played,6
Playoff Round Lengths,1
END_INFO

SEASON:
Date/Time,Location,Opposing Team,Score,S.O.C.
Thu Jan 15 @ 8:30 pm,Columbia Icefield: Gym 3,West A Rev,won 7 - 1,2
Thu Jan 22 @ 8:30 pm,Columbia Icefield: Gym 3,The Dodgers,won 7 - 2,2
Mon Jan 26 @ 8:30 pm,Columbia Icefield: Gym 3,Thorpe’s Torpedoes,won 6 - 3,1
Mon Feb 2 @ 8:30 pm,Columbia Icefield: Gym 3,Thorpe’s Torpedoes,won 6 - 3,1
Tue Feb 10 @ 9:30 pm,Columbia Icefield: Gym 3,West A Rev,won 6 - 3,1
Tue Feb 24 @ 4:30 pm,Columbia Icefield: Gym 3,Mother SPUCers,won 2 - 5,2
END_SEASON

PLAYOFFS:
Date/Time,Location,Opposing Team,Score,S.O.C.
Mon Mar 23 @ 3:30 pm,Columbia Icefield: Gym 3,BioBaggers,lost 4 - 5,2
END_PLAYOFFS

ROSTER:
Player,Captaincy,uwaterloo_email
Lindsay Poulin,(C),l2poulin@uwaterloo.ca
John Casey,,
Grant Gunn,,
Kyung Kuk Kang,,
Joshua King,,
Miranda Lewis,,
Robert Neilly,,
Jason Oldham,,
Michelle Rutty,,
Ryan Sim,,
Andrew Snowdon,,
Jordan Stewart,,
END_ROSTER
