INFO:
teamName,Double Vision
teamAbbreviation,Double Vision
sportId,n/a
sportName,n/a
sportRules,n/a
leagueId,watMu
levelId,n/a
seasonName,n/a
seasonId,n/a
Roster Size,13
Season Games Played,6
Playoff Round Lengths,1
END_INFO

SEASON:
Date/Time,Location,Opposing Team,Score,S.O.C.
Thu Jan 15 @ 10:30 pm,Columbia Icefield: Gym 3,The Dodgers,lost 7 - 2,2
Thu Jan 22 @ 7:30 pm,Columbia Icefield: Gym 3,Deep,lost 8 - 1,2
Thu Jan 29 @ 6:30 pm,Columbia Icefield: Gym 3,Deep,lost 7 - 1,2
Thu Feb 12 @ 9:30 pm,Columbia Icefield: Gym 3,BioBaggers,lost 6 - 3,2
Tue Feb 24 @ 6:30 pm,Columbia Icefield: Gym 3,Take it and Go!,lost 4 - 5,2
Tue Mar 3 @ 9:30 pm,Columbia Icefield: Gym 3,Watrox,lost 2 - 6,2
END_SEASON

PLAYOFFS:
Date/Time,Location,Opposing Team,Score,S.O.C.
Thu Mar 26 @ 9:30 pm,Columbia Icefield: Gym 3,Butterfingers,lost 5 - 2,2
END_PLAYOFFS

ROSTER:
Player,Captaincy,uwaterloo_email
Krzysztof Borowski,(C),kborowsk@uwaterloo.ca
John Akinyemi,,
Tarek Chammah,,
Mohammad Derakhshani,,
Grzegorz Drzadzewski,,
Prashant Gaharwar,,
Ashif Harji,,
Maheedhar Kolla,,
Tara Martin,,
Nomair Naeem,,
Yanpei Pu,,
Ali Rajabi,,
Jakub Truszkowski,,
END_ROSTER
