INFO:
teamName,Deep
teamAbbreviation,Deep
sportId,n/a
sportName,n/a
sportRules,n/a
leagueId,watMu
levelId,n/a
seasonName,n/a
seasonId,n/a
Roster Size,18
Season Games Played,6
Playoff Round Lengths,1,1,1
END_INFO

SEASON:
Date/Time,Location,Opposing Team,Score,S.O.C.
Sat Jan 17 @ 1:00 pm,Columbia Icefield: Gym 3,Take it and Go!,won 6 - 3,2
Thu Jan 22 @ 7:30 pm,Columbia Icefield: Gym 3,Double Vision,won 8 - 1,2
Thu Jan 29 @ 6:30 pm,Columbia Icefield: Gym 3,Double Vision,won 7 - 1,2
Sat Jan 31 @ 10:00 am,Columbia Icefield: Gym 3,BioBaggers,won 7 - 2,2
Thu Feb 5 @ 7:30 pm,Columbia Icefield: Gym 3,Watrox,won 8 - 1,1
Mon Mar 2 @ 9:30 pm,Columbia Icefield: Gym 3,Butterfingers,won 2 - 7,1
END_SEASON

PLAYOFFS:
Date/Time,Location,Opposing Team,Score,S.O.C.
Tue Mar 24 @ 4:30 pm,Columbia Icefield: Gym 3,Watrox,won 5 - 1,0
Mon Mar 30 @ 6:30 pm,Columbia Icefield: Gym 3,BioBaggers,won 0 - 5,2
Thu Apr 2 @ 3:30 pm,Columbia Icefield: Gym 3,Basement Dwellers,lost 5 - 1,2
END_PLAYOFFS

ROSTER:
Player,Captaincy,uwaterloo_email
Alex Qi,(C),s2qi@uwaterloo.ca
Derek Brickell,,
Antonio Chang,,
Thomas Choo,,
Lu Dong,,
Qing Gao,,
John Gardiner,,
Thomas Holbrook,,
Saiyed Hussain-Aamir,,
Dung Le,,
Tae Lee,,
Yifan Liao,,
Ryan Majkut,,
Batour Polda,,
William Scott,,
Andrew Stewart,,
Naveed Sunderji,,
Marina Topalcevic,,
END_ROSTER
