INFO:
teamName,West A Rev
teamAbbreviation,West A Rev
sportId,n/a
sportName,n/a
sportRules,n/a
leagueId,watMu
levelId,n/a
seasonName,n/a
seasonId,n/a
Roster Size,19
Season Games Played,6
Playoff Round Lengths,1,1
END_INFO

SEASON:
Date/Time,Location,Opposing Team,Score,S.O.C.
Thu Jan 15 @ 8:30 pm,Columbia Icefield: Gym 3,The Doozers,lost 7 - 1,2
Tue Jan 27 @ 4:30 pm,Columbia Icefield: Gym 3,Mother SPUCers,lost 5 - 3,1
Mon Feb 2 @ 5:30 pm,Columbia Icefield: Gym 3,Basement Dwellers,lost 7 - 2,1
Tue Feb 10 @ 9:30 pm,Columbia Icefield: Gym 3,The Doozers,lost 6 - 3,1
Tue Feb 24 @ 5:30 pm,Columbia Icefield: Gym 3,Weeblewobbler,lost 5 - 0,0
Tue Mar 3 @ 6:30 pm,Columbia Icefield: Gym 3,Thorpe’s Torpedoes,lost 0 - 8,2
END_SEASON

PLAYOFFS:
Date/Time,Location,Opposing Team,Score,S.O.C.
Thu Mar 26 @ 4:30 pm,Columbia Icefield: Gym 3,Weeblewobbler,won 0 - 5,2
Tue Mar 31 @ 6:30 pm,Columbia Icefield: Gym 3,Butterfingers,won 4 - 3,2
END_PLAYOFFS

ROSTER:
Player,Captaincy,uwaterloo_email
Jessica Diep,(C),jessica_diep@hotmail.com
Daisy Antonypillai,,
Bikraj Chohan,,
Musa Chunge,,
Eric Elliott,,
Kathryn Horricks,,
Jack Le,,
Brandon Lopez,,
Bradley McLeod,,
Samantha Mitchell,,
Sarah Morris,,
Amanda Parker,,
Eric Selley,,
Kelvin Tong,,
Khanh Tran,,
Wing Tsang,,
Justine Wadhawan,,
Kyle Wise,,
Jierui Zhao,,
END_ROSTER
