INFO:
teamName,Watrox
teamAbbreviation,Watrox
sportId,n/a
sportName,n/a
sportRules,n/a
leagueId,watMu
levelId,n/a
seasonName,n/a
seasonId,n/a
Roster Size,16
Season Games Played,6
Playoff Round Lengths,1
END_INFO

SEASON:
Date/Time,Location,Opposing Team,Score,S.O.C.
Thu Jan 15 @ 9:30 pm,Columbia Icefield: Gym 3,BioBaggers,won 3 - 4,2
Tue Jan 27 @ 6:30 pm,Columbia Icefield: Gym 3,Butterfingers,tie 4 - 4,2
Thu Feb 5 @ 7:30 pm,Columbia Icefield: Gym 3,Deep,lost 8 - 1,2
Tue Feb 10 @ 10:30 pm,Columbia Icefield: Gym 3,The Dodgers,lost 6 - 2,2
Tue Mar 3 @ 9:30 pm,Columbia Icefield: Gym 3,Double Vision,won 2 - 6,2
Thu Mar 5 @ 9:30 pm,Columbia Icefield: Gym 3,Take it and Go!,lost 4 - 5,2
END_SEASON

PLAYOFFS:
Date/Time,Location,Opposing Team,Score,S.O.C.
Tue Mar 24 @ 4:30 pm,Columbia Icefield: Gym 3,Deep,lost 5 - 1,0
END_PLAYOFFS

ROSTER:
Player,Captaincy,uwaterloo_email
Lisa Atkinson,(C),arudy@uwaterloo.ca
Juzer Beawerwala,,
Laura Bonney,,
Luke Brough,,
Xiaotong Chi,,
Mojtaba Daneshvar Nilu,,
Shawn Dempsey,,
Jason Homewood,,
Simon Jarvis,,
Anisa Kassam,,
Jennifer Lycke,,
Ryan Martin,,
Monika Pal,,
Johnathan Rigg,,
Ashley Rudy,,
Cameron Toy,,
END_ROSTER
