INFO:
teamName,Take it and Go!
teamAbbreviation,Take it and Go!
sportId,n/a
sportName,n/a
sportRules,n/a
leagueId,watMu
levelId,n/a
seasonName,n/a
seasonId,n/a
Roster Size,17
Season Games Played,6
Playoff Round Lengths,1
END_INFO

SEASON:
Date/Time,Location,Opposing Team,Score,S.O.C.
Sat Jan 17 @ 1:00 pm,Columbia Icefield: Gym 3,Deep,lost 6 - 3,1
Mon Jan 19 @ 9:30 pm,Columbia Icefield: Gym 3,Butterfingers,won 2 - 6,1
Mon Jan 26 @ 7:30 pm,Columbia Icefield: Gym 3,The Dodgers,lost 6 - 2,1
Thu Feb 5 @ 5:30 pm,Columbia Icefield: Gym 3,Mother SPUCers,tie 4 - 4,2
Tue Feb 24 @ 6:30 pm,Columbia Icefield: Gym 3,Double Vision,won 4 - 5,1
Thu Mar 5 @ 9:30 pm,Columbia Icefield: Gym 3,Watrox,won 4 - 5,1
END_SEASON

PLAYOFFS:
Date/Time,Location,Opposing Team,Score,S.O.C.
Sat Mar 28 @ 5:00 pm,Columbia Icefield: Gym 3,The Dodgers,lost 5 - 4,2
END_PLAYOFFS

ROSTER:
Player,Captaincy,uwaterloo_email
Gaurav Mali,(C),gmali90@hotmail.com
Mohammed Badruddin,,
Dasmit Bajaj,,
Islam El-Ashi,,
Alexander Friend,,
William Hughes,,
Shubham Kansal,,
Srirankan Ketharanathan,,
Daniel Lam,,
Kshitij Mahendru,,
Sumit Pasupalak,,
Piyush Revuri,,
Torrie Santucci,,
William Sutton,,
Joshua Tighe,,
Andrei Tiriba,,
Michael Truong,,
END_ROSTER
