Polar Bears,winter2010,Ice Hockey: Polar Bears (Advanced)
7,6,6,1,1
Sat Jan 16 @ 12:00 pm,Columbia Icefield Arena,lost,4,7,3,Guts and Glory
Sun Jan 24 @ 10:00 pm,Columbia Icefield Arena,tie,4,4,2,SJ Advanced
Sun Jan 31 @ 12:00 pm,Columbia Icefield Arena,won,5,4,4,Guts and Glory
Tue Feb 2 @ 11:00 pm,Columbia Icefield Arena,won,1,0,2,The twonicorns
Mon Mar 8 @ 10:00 pm,Columbia Icefield Arena,won,5,3,4,Advanced Indies 1
Sun Mar 14 @ 2:00 pm,Columbia Icefield Arena,lost,0,5,2,Top Cheese
Fri Mar 19 @ 9:00 pm,Columbia Icefield Arena,lost,1,4,2,Jagr Bombs

Lindsay Brock,Drew Brotherston,Evan Brotherston,Kerri Delaney,Mark Hamilton,Jeffrey Hodgson,Alisha Jaspers-Fayer,Nolan Lassaline,Sara Scanlon,Kevin Scholz,Stefan Sirianni,John Worswick,Jon Joel
