Team Powerade Zero,winter2010,Ice Hockey: Team Powerade Zero (Advanced)
7,6,6,1,1
Sat Jan 16 @ 5:00 pm,Columbia Icefield Arena,tie,4,4,3,Advanced Indies 1
Thu Jan 28 @ 10:00 pm,Columbia Icefield Arena,won,4,2,2,Team X-Treme
Sat Jan 30 @ 3:00 pm,Columbia Icefield Arena,won,6,0,3,The Beers
Thu Feb 25 @ 11:00 pm,Columbia Icefield Arena,won,4,0,2,SJ Advanced
Thu Mar 4 @ 10:00 pm,Columbia Icefield Arena,lost,1,7,3,The Menno Knights
Thu Mar 11 @ 9:00 pm,Columbia Icefield Arena,won,2,1,4,The twonicorns
Mon Mar 22 @ 11:00 pm,Columbia Icefield Arena,lost,2,4,1,Bendy Garden Gnomes

Jeffrey Bentley,David Blake,Julio Flores Condor,Matthew Glover,Jeffrey Gryguc,Raymond Haffar,Trevor Hall,Philip Hatcher,Jason Markovich,Marco Molinari,Matthew Piazza,Daniel Thorpe,Matthew Wong,Michael Baldassarra
