The Soap Dispensers,winter2010,Ice Hockey: The Soap Dispensers (Advanced)
7,6,6,1,1
Sat Jan 16 @ 6:00 pm,Columbia Icefield Arena,won,6,1,3,Advanced Indies 3
Sat Jan 30 @ 2:00 pm,Columbia Icefield Arena,tie,2,2,-1,Bendy Garden Gnomes
Sun Feb 28 @ 11:00 am,Columbia Icefield Arena,won,7,1,3,The Godfathers
Sat Mar 6 @ 12:00 pm,Columbia Icefield Arena,won,6,1,-2,The Godfathers
Sun Mar 7 @ 11:00 am,Columbia Icefield Arena,won,6,2,1,Advanced Indies 2
Sat Mar 13 @ 1:00 pm,Columbia Icefield Arena,won,4,2,3,Wicked Messengers
Sat Mar 20 @ 12:00 pm,Columbia Icefield Arena,lost,1,4,2,Wicked Messengers

Boyd Badiuk,William Bean,Eden Yik Ting Cheng,Nicholas Collett,Jason Diniz-Wood,Travis Hendry,Christopher Hohol,Duncan Li,Ben Norris,Christopher Robinson,Kyle Skillman,Joel Smith,Michal Glinka
