Bendy Garden Gnomes,winter2010,Ice Hockey: Bendy Garden Gnomes (Advanced)
9,6,6,3,3
Sat Jan 16 @ 7:00 pm,Columbia Icefield Arena,won,6,1,2,Prestige Worldwide
Sat Jan 23 @ 7:00 pm,Columbia Icefield Arena,won,3,0,4,Advanced Indies 2
Sat Jan 30 @ 2:00 pm,Columbia Icefield Arena,tie,2,2,0,The Soap Dispensers
Sun Feb 21 @ 10:00 am,Columbia Icefield Arena,tie,2,2,4,Advanced Indies 3
Sat Feb 27 @ 4:00 pm,Columbia Icefield Arena,won,5,0,4,The Beers
Sat Mar 13 @ 11:00 am,Columbia Icefield Arena,won,7,3,1,The Beers
Mon Mar 22 @ 11:00 pm,Columbia Icefield Arena,won,4,2,1,Team Powerade Zero
Sat Mar 27 @ 8:00 pm,Columbia Icefield Arena,won,2,1,1,Jagr Bombs
Mon Mar 29 @ 8:00 pm,Columbia Icefield Arena,lost,2,4,1,The Menno Knights

Cameron Curwood,Spenser Emery,Michael Leblanc,Derek Scott,Gabriel Shaughnessy,Tony Shaughnessy,Matthew Stevens,Denis Viens,Riston Tapp
