SJ Advanced,winter2010,Ice Hockey: SJ Advanced (Advanced)
7,6,6,1,1
Sat Jan 16 @ 10:00 am,Columbia Icefield Arena,won,7,5,4,The twonicorns
Sun Jan 24 @ 10:00 pm,Columbia Icefield Arena,tie,4,4,2,Polar Bears
Sun Jan 31 @ 6:00 pm,Columbia Icefield Arena,won,4,1,3,Advanced Indies 1
Sun Feb 7 @ 12:00 pm,Columbia Icefield Arena,lost,0,6,3,Guts and Glory
Thu Feb 25 @ 11:00 pm,Columbia Icefield Arena,lost,0,4,2,Team Powerade Zero
Sun Mar 7 @ 3:00 pm,Columbia Icefield Arena,lost,0,6,2,Team X-Treme
Sun Mar 21 @ 1:00 pm,Columbia Icefield Arena,lost,1,2,1,Prestige Worldwide

Gary Abbott,Matthew Bellissimo,Tyler Camilleri,Taylor Canning,Mitchell Guild,Jacques Hebert,Lindsay Hicks,Lee Mathe,Anthony Palumbo,Vince Pileggi,Patrick Reilly,Kathryn van Ryn,Mitchell Waters,Ian Milligan
