The Godfathers,winter2010,Ice Hockey: The Godfathers (Advanced)
7,6,6,1,1
Sun Jan 17 @ 11:00 am,Columbia Icefield Arena,lost,1,3,2,Jagr Bombs
Tue Jan 26 @ 11:00 pm,Columbia Icefield Arena,lost,0,6,4,Prestige Worldwide
Thu Feb 11 @ 11:00 pm,Columbia Icefield Arena,lost,0,1,0,Advanced Indies 3
Sun Feb 28 @ 11:00 am,Columbia Icefield Arena,lost,1,7,3,The Soap Dispensers
Sat Mar 6 @ 12:00 pm,Columbia Icefield Arena,lost,1,6,1,The Soap Dispensers
Sun Mar 7 @ 10:00 am,Columbia Icefield Arena,lost,0,6,3,Wicked Messengers
Sat Mar 20 @ 4:00 pm,Columbia Icefield Arena,lost,2,7,1,Advanced Indies 2

Leah Ciurko,Michael Costa,Phillip Dasilva,Christian De Milleville,Scott Donovan,Andrew Hulbert,Devin Lebel,Evan McDonald,Jonathan Thacker,Brad Plata
