Team X-Treme,winter2010,Ice Hockey: Team X-Treme (Advanced)
8,6,6,2,2
Sat Jan 16 @ 4:00 pm,Columbia Icefield Arena,lost,3,5,3,The Menno Knights
Thu Jan 28 @ 10:00 pm,Columbia Icefield Arena,lost,2,4,2,Team Powerade Zero
Sat Jan 30 @ 8:00 pm,Columbia Icefield Arena,lost,2,4,4,The Menno Knights
Sun Mar 7 @ 3:00 pm,Columbia Icefield Arena,won,6,0,1,SJ Advanced
Mon Mar 8 @ 11:00 pm,Columbia Icefield Arena,won,5,1,2,The twonicorns
Fri Mar 12 @ 11:00 pm,Columbia Icefield Arena,won,6,0,2,Guts and Glory
Thu Mar 25 @ 9:00 pm,Columbia Icefield Arena,won,5,2,1,Prestige Worldwide
Sun Mar 28 @ 5:00 pm,Columbia Icefield Arena,won,3,1,0,Guts and Glory

Alexander Hunt,Matthew Kritzer,Michael Markovski,Colin McLean,Matthew Motz,Jordan Scott,Matthew Small,Kevin Smith,David Thompson,Andrew Roy
