Prestige Worldwide,winter2010,Ice Hockey: Prestige Worldwide (Advanced)
8,6,6,2,2
Sat Jan 16 @ 7:00 pm,Columbia Icefield Arena,lost,1,6,3,Bendy Garden Gnomes
Tue Jan 26 @ 11:00 pm,Columbia Icefield Arena,won,6,0,4,The Godfathers
Sun Feb 21 @ 6:00 pm,Columbia Icefield Arena,lost,1,7,2,Guts and Glory
Sat Mar 6 @ 11:00 am,Columbia Icefield Arena,lost,3,6,3,Jagr Bombs
Thu Mar 11 @ 10:00 pm,Columbia Icefield Arena,tie,1,1,4,Advanced Indies 2
Sat Mar 13 @ 12:00 pm,Columbia Icefield Arena,lost,0,5,0,Jagr Bombs
Sun Mar 21 @ 1:00 pm,Columbia Icefield Arena,won,2,1,1,SJ Advanced
Thu Mar 25 @ 9:00 pm,Columbia Icefield Arena,lost,2,5,1,Team X-Treme

Tara Chadwick,Kyle Cirone,Kelly Henderson,Alyshahn Kara-Virani,Robert McMillan,James Murphy,Tri Nguyen,Charles Pickard,Jason Simmons-Cabral,Christopher Torresano,Austin White
