Top Cheese,winter2010,Ice Hockey: Top Cheese (Advanced)
7,6,6,1,1
Sat Jan 23 @ 6:00 pm,Columbia Icefield Arena,lost,3,5,1,The twonicorns
Sun Jan 31 @ 11:00 am,Columbia Icefield Arena,won,4,0,3,Guts and Glory
Tue Feb 23 @ 10:00 pm,Columbia Icefield Arena,won,6,1,4,Advanced Indies 1
Thu Feb 25 @ 10:00 pm,Columbia Icefield Arena,lost,3,6,2,The Menno Knights
Thu Mar 11 @ 11:00 pm,Columbia Icefield Arena,won,6,3,4,The Menno Knights
Sun Mar 14 @ 2:00 pm,Columbia Icefield Arena,won,5,0,1,Polar Bears
Sat Mar 20 @ 3:00 pm,Columbia Icefield Arena,lost,0,2,1,The Menno Knights

David Drewery,Sean Elmer,Jordan Farrell,Kevin Farrugia,Ryan Hoday,Steven Jennings,Philip Kariam,Ryan Schappert,Paul Semeniuk,Alonzo Smith,Carl Steenbergen,Kyle Yutronkie,Michael Vanruyven
