Advanced Indies 3,winter2010,Ice Hockey: Advanced Indies 3 (Advanced)
8,6,6,2,2
Sat Jan 16 @ 6:00 pm,Columbia Icefield Arena,lost,1,6,3,The Soap Dispensers
Thu Feb 11 @ 11:00 pm,Columbia Icefield Arena,won,1,0,0,The Godfathers
Sun Feb 21 @ 10:00 am,Columbia Icefield Arena,tie,2,2,4,Bendy Garden Gnomes
Sat Feb 27 @ 3:00 pm,Columbia Icefield Arena,lost,1,7,1,Wicked Messengers
Thu Mar 4 @ 11:00 pm,Columbia Icefield Arena,lost,1,2,2,Wicked Messengers
Sat Mar 6 @ 1:00 pm,Columbia Icefield Arena,won,5,1,2,The Beers
Fri Mar 19 @ 8:00 pm,Columbia Icefield Arena,won,5,0,2,Advanced Indies 1
Tue Mar 23 @ 9:00 pm,Columbia Icefield Arena,lost,2,4,0,Guts and Glory

Amanda Briganti,Bradley Hodge,Jessica Hoskins,Daniel Huston,Julie Legg,Joshua Lever,Erik Lutsch,Ryan Nickelchok,Justin Ongaro,Mark Paisley,Cody Shirriff,James Sisson,Brandon Smith,Shaun Stephens
