Dallas Stars,DAL,nhl
2007-08,2008
33
82
6,6,6
GP,Date,Time,Location,Opponent,GF,GA,Result,Game Ended In,W,L,OL,Streak,S,PIM,PPG,SHG,S,PIM,PPG,SHG,Notes
1,2007-10-03,time unavailable,@,Colorado Avalanche,3,4,L,REG,0,1,0,L 1,34,4,2,0,23,4,0,0
2,2007-10-05,time unavailable,H,Boston Bruins,4,1,W,REG,1,1,0,W 1,18,20,1,0,25,18,1,0
3,2007-10-06,time unavailable,@,Nashville Predators,1,5,L,REG,1,2,0,L 1,29,18,0,0,22,26,1,0
4,2007-10-10,time unavailable,H,Los Angeles Kings,5,1,W,REG,2,2,0,W 1,27,10,1,1,33,12,0,0
5,2007-10-12,time unavailable,H,Calgary Flames,2,3,L,OT,2,2,1,L 1,26,8,1,0,26,12,0,0
6,2007-10-13,time unavailable,@,Chicago Blackhawks,1,2,L,OT,2,2,2,L 2,18,28,1,0,40,20,2,0
7,2007-10-17,time unavailable,@,Columbus Blue Jackets,3,2,W,SO,3,2,2,W 1,30,17,0,0,35,13,1,0
8,2007-10-20,time unavailable,H,Anaheim Ducks,3,1,W,REG,4,2,2,W 2,23,45,1,0,21,23,1,0
9,2007-10-25,time unavailable,@,Los Angeles Kings,1,2,L,REG,4,3,2,L 1,30,8,0,0,30,10,0,0
10,2007-10-27,time unavailable,@,Phoenix Coyotes,5,3,W,REG,5,3,2,W 1,25,10,2,1,31,12,0,0
11,2007-10-29,time unavailable,H,San Jose Sharks,2,4,L,REG,5,4,2,L 1,29,16,0,0,35,14,0,0
12,2007-10-31,time unavailable,H,Chicago Blackhawks,4,5,L,REG,5,5,2,L 2,23,4,1,1,29,12,1,0
13,2007-11-02,time unavailable,H,Phoenix Coyotes,0,5,L,REG,5,6,2,L 3,35,15,0,0,26,13,0,1
14,2007-11-05,time unavailable,@,Anaheim Ducks,5,0,W,REG,6,6,2,W 1,24,17,2,0,19,15,0,0
15,2007-11-07,time unavailable,@,San Jose Sharks,3,1,W,REG,7,6,2,W 2,12,20,0,1,39,12,1,0
16,2007-11-08,time unavailable,@,Phoenix Coyotes,2,5,L,REG,7,7,2,L 1,26,14,0,0,31,8,3,0
17,2007-11-10,time unavailable,@,Los Angeles Kings,5,6,L,OT,7,7,3,L 2,25,8,2,0,34,6,2,0
18,2007-11-14,time unavailable,H,San Jose Sharks,3,4,L,SO,7,7,4,L 3,29,10,1,0,25,6,0,0
19,2007-11-16,time unavailable,H,Colorado Avalanche,6,1,W,REG,8,7,4,W 1,26,6,2,0,18,4,0,0
20,2007-11-19,time unavailable,H,Los Angeles Kings,3,0,W,REG,9,7,4,W 2,26,6,1,0,22,4,0,0
21,2007-11-21,time unavailable,H,Anaheim Ducks,2,1,W,REG,10,7,4,W 3,24,17,2,0,18,17,1,0
22,2007-11-23,time unavailable,H,Toronto Maple Leafs,3,1,W,REG,11,7,4,W 4,24,15,0,0,19,11,0,0
23,2007-11-25,time unavailable,@,New York Rangers,3,2,W,REG,12,7,4,W 5,18,17,2,0,41,11,0,0
24,2007-11-26,time unavailable,@,New York Islanders,3,2,W,OT,13,7,4,W 6,31,6,0,0,25,10,1,1
25,2007-11-28,time unavailable,@,New Jersey Devils,2,4,L,REG,13,8,4,L 1,21,6,0,1,26,6,0,0
26,2007-11-30,time unavailable,@,Pittsburgh Penguins,1,4,L,REG,13,9,4,L 2,23,9,0,0,28,11,0,0
27,2007-12-01,time unavailable,@,Philadelphia Flyers,4,1,W,REG,14,9,4,W 1,30,8,2,0,19,22,0,0
28,2007-12-03,time unavailable,@,Columbus Blue Jackets,2,1,W,SO,15,9,4,W 2,34,10,0,0,26,10,0,0
29,2007-12-05,time unavailable,H,San Jose Sharks,2,3,L,REG,15,10,4,L 1,19,10,0,0,28,4,1,0
30,2007-12-07,time unavailable,H,Ottawa Senators,2,4,L,REG,15,11,4,L 2,25,25,1,0,20,14,1,0
31,2007-12-10,time unavailable,H,Edmonton Oilers,5,4,W,OT,16,11,4,W 1,30,4,1,0,21,8,0,0
32,2007-12-13,time unavailable,H,Los Angeles Kings,4,1,W,REG,17,11,4,W 2,28,6,2,0,27,4,1,0
33,2007-12-15,time unavailable,@,San Jose Sharks,4,2,W,REG,18,11,4,W 3,22,19,2,0,18,31,1,0
34,2007-12-18,time unavailable,@,Edmonton Oilers,2,1,W,SO,19,11,4,W 4,36,8,0,0,34,6,1,0
35,2007-12-20,time unavailable,@,Vancouver Canucks,2,3,L,REG,19,12,4,L 1,35,6,1,0,30,10,1,0
36,2007-12-21,time unavailable,@,Calgary Flames,3,2,W,OT,20,12,4,W 1,23,13,0,0,24,11,0,0
37,2007-12-23,time unavailable,H,Montreal Canadiens,4,1,W,REG,21,12,4,W 2,21,15,0,0,18,17,0,0
38,2007-12-26,time unavailable,H,Minnesota Wild,8,3,W,REG,22,12,4,W 3,33,8,2,1,17,8,0,0
39,2007-12-29,time unavailable,H,St. Louis Blues,5,4,W,SO,23,12,4,W 4,26,8,0,0,31,12,0,0
40,2007-12-31,time unavailable,H,Nashville Predators,0,1,L,REG,23,13,4,L 1,22,10,0,0,30,12,0,0
41,2008-01-02,time unavailable,@,Detroit Red Wings,1,4,L,REG,23,14,4,L 2,24,9,0,0,26,11,0,0
42,2008-01-03,time unavailable,@,Minnesota Wild,3,6,L,REG,23,15,4,L 3,28,32,0,0,21,18,1,1
43,2008-01-05,time unavailable,H,Detroit Red Wings,0,3,L,REG,23,16,4,L 4,22,4,0,0,23,4,0,0
44,2008-01-07,time unavailable,H,Minnesota Wild,3,1,W,REG,24,16,4,W 1,30,8,0,0,19,10,0,0
45,2008-01-09,time unavailable,@,Chicago Blackhawks,3,1,W,REG,25,16,4,W 2,30,10,1,1,18,10,1,0
46,2008-01-10,time unavailable,@,St. Louis Blues,2,4,L,REG,25,17,4,L 1,27,13,1,0,26,13,0,0
47,2008-01-12,time unavailable,@,Los Angeles Kings,3,4,L,SO,25,17,5,L 2,26,8,2,0,29,16,1,0
48,2008-01-15,time unavailable,@,Anaheim Ducks,2,4,L,REG,25,18,5,L 3,24,17,0,0,36,13,2,0
49,2008-01-17,time unavailable,@,San Jose Sharks,4,2,W,REG,26,18,5,W 1,31,21,0,0,30,13,0,0
50,2008-01-19,time unavailable,H,Columbus Blue Jackets,3,1,W,REG,27,18,5,W 2,14,11,0,0,30,11,1,0
51,2008-01-20,time unavailable,H,Anaheim Ducks,5,2,W,REG,28,18,5,W 3,27,12,1,1,20,14,1,0
52,2008-01-22,time unavailable,H,Columbus Blue Jackets,2,4,L,REG,28,19,5,L 1,33,21,0,0,30,21,2,0
53,2008-01-24,time unavailable,H,Buffalo Sabres,1,2,L,REG,28,20,5,L 2,26,23,0,0,19,17,0,0
54,2008-01-29,time unavailable,@,Vancouver Canucks,4,3,W,REG,29,20,5,W 1,23,20,1,1,32,16,0,0
55,2008-02-01,time unavailable,@,Edmonton Oilers,4,1,W,REG,30,20,5,W 2,22,12,2,0,33,16,0,0
56,2008-02-02,time unavailable,@,Calgary Flames,2,1,W,REG,31,20,5,W 3,24,14,0,0,32,2,0,0
57,2008-02-05,time unavailable,H,Vancouver Canucks,3,2,W,SO,32,20,5,W 4,34,4,1,0,24,8,1,0
58,2008-02-07,time unavailable,@,Minnesota Wild,1,0,W,REG,33,20,5,W 5,26,9,0,0,25,27,0,0
59,2008-02-09,time unavailable,H,St. Louis Blues,6,2,W,REG,34,20,5,W 6,23,8,3,0,29,8,0,0
60,2008-02-11,time unavailable,H,Phoenix Coyotes,2,1,W,REG,35,20,5,W 7,44,11,1,0,20,17,1,0
61,2008-02-14,time unavailable,@,Phoenix Coyotes,2,5,L,REG,35,21,5,L 1,34,12,0,0,27,6,1,1
62,2008-02-15,time unavailable,@,Anaheim Ducks,4,2,W,REG,36,21,5,W 1,21,20,3,0,22,34,0,0
63,2008-02-17,time unavailable,H,Detroit Red Wings,1,0,W,REG,37,21,5,W 2,31,8,0,0,28,8,0,0
64,2008-02-20,time unavailable,H,Calgary Flames,2,3,L,REG,37,22,5,L 1,31,15,1,0,18,15,1,1
65,2008-02-22,time unavailable,H,Edmonton Oilers,5,2,W,REG,38,22,5,W 1,39,15,2,1,22,29,1,0
66,2008-02-23,time unavailable,@,Nashville Predators,6,3,W,REG,39,22,5,W 2,29,12,0,0,27,12,2,0
67,2008-02-26,time unavailable,@,St. Louis Blues,3,1,W,REG,40,22,5,W 3,21,21,1,0,28,11,1,0
68,2008-02-28,time unavailable,H,Chicago Blackhawks,7,4,W,REG,41,22,5,W 4,25,18,1,0,29,34,1,2
69,2008-03-01,time unavailable,H,Nashville Predators,1,3,L,REG,41,23,5,L 1,25,17,0,0,28,19,0,0
70,2008-03-05,time unavailable,H,Phoenix Coyotes,1,2,L,REG,41,24,5,L 2,21,21,0,0,16,37,0,0
71,2008-03-08,time unavailable,@,Colorado Avalanche,1,3,L,REG,41,25,5,L 3,26,10,1,0,28,8,1,0
72,2008-03-09,time unavailable,H,Colorado Avalanche,3,0,W,REG,42,25,5,W 1,26,18,0,0,19,16,0,0
73,2008-03-13,time unavailable,@,Detroit Red Wings,3,5,L,REG,42,26,5,L 1,19,24,1,0,31,6,1,0
74,2008-03-15,time unavailable,H,Vancouver Canucks,3,4,L,REG,42,27,5,L 2,38,10,1,1,30,16,1,0
75,2008-03-19,time unavailable,H,Anaheim Ducks,1,2,L,REG,42,28,5,L 3,21,19,0,1,17,23,2,0
76,2008-03-22,time unavailable,H,Los Angeles Kings,2,4,L,REG,42,29,5,L 4,27,6,1,0,30,6,1,0
77,2008-03-27,time unavailable,@,San Jose Sharks,2,3,L,OT,42,29,6,L 5,25,31,1,0,27,13,2,0
78,2008-03-29,time unavailable,@,Los Angeles Kings,7,2,W,REG,43,29,6,W 1,35,10,3,0,14,12,0,0
79,2008-03-30,time unavailable,@,Anaheim Ducks,2,3,L,SO,43,29,7,L 1,25,19,0,0,32,13,1,0
80,2008-04-03,time unavailable,@,Phoenix Coyotes,4,2,W,REG,44,29,7,W 1,36,14,2,0,23,20,0,1
81,2008-04-04,time unavailable,H,Phoenix Coyotes,2,4,L,REG,44,30,7,L 1,32,6,0,1,21,8,1,0
82,2008-04-06,time unavailable,H,San Jose Sharks,4,2,W,REG,45,30,7,W 1,22,65,0,0,34,95,2,0

GP,Date,Time,Location,Opponent,GF,GA,Result,Game Ended In,W,L,Streak,S,PIM,PPG,SHG,S,PIM,PPG,SHG,Notes
1,2008-04-10,time unavailable,@,Anaheim Ducks,4,0,W,REG,1,0,W 1,37,14,4,0,23,22,0,0
2,2008-04-12,time unavailable,@,Anaheim Ducks,5,2,W,REG,2,0,W 2,30,14,2,0,22,14,1,0
3,2008-04-15,time unavailable,H,Anaheim Ducks,2,4,L,REG,2,1,L 1,33,12,2,0,15,18,2,0
4,2008-04-17,time unavailable,H,Anaheim Ducks,3,1,W,REG,3,1,W 1,20,12,0,0,28,24,0,0
5,2008-04-18,time unavailable,@,Anaheim Ducks,2,5,L,REG,3,2,L 1,42,22,0,0,32,28,2,0
6,2008-04-20,time unavailable,H,Anaheim Ducks,4,1,W,REG,4,2,W 1,26,6,2,0,18,10,0,0
7,2008-04-25,time unavailable,@,San Jose Sharks,3,2,W,OT,5,2,W 2,18,8,1,0,27,10,0,0
8,2008-04-27,time unavailable,@,San Jose Sharks,5,2,W,REG,6,2,W 3,26,12,1,0,31,8,1,0
9,2008-04-29,time unavailable,H,San Jose Sharks,2,1,W,OT,7,2,W 4,29,8,1,0,20,8,0,1
10,2008-04-30,time unavailable,H,San Jose Sharks,1,2,L,REG,7,3,L 1,18,12,0,0,24,6,1,1
11,2008-05-02,time unavailable,@,San Jose Sharks,2,3,L,OT,7,4,L 2,26,6,1,0,22,8,0,0
12,2008-05-04,time unavailable,H,San Jose Sharks,2,1,W,4OT,8,4,W 1,55,8,1,0,62,8,0,0
13,2008-05-08,time unavailable,@,Detroit Red Wings,1,4,L,REG,8,5,L 1,21,14,0,0,31,8,3,0
14,2008-05-10,time unavailable,@,Detroit Red Wings,1,2,L,REG,8,6,L 2,18,34,1,0,34,12,1,0
15,2008-05-12,time unavailable,H,Detroit Red Wings,2,5,L,REG,8,7,L 3,18,8,0,0,21,12,0,1
16,2008-05-14,time unavailable,H,Detroit Red Wings,3,1,W,REG,9,7,W 1,22,12,1,0,34,8,0,0
17,2008-05-17,time unavailable,@,Detroit Red Wings,2,1,W,REG,10,7,W 2,21,10,0,0,39,12,1,0
18,2008-05-19,time unavailable,H,Detroit Red Wings,1,4,L,REG,10,8,L 1,29,6,1,0,29,16,1,1

Krys Barch,,13,RW,27,6-2,210,L/-,1,"March 26, 1980",ca,"1 G, 2 A, 3 P"
Stu Barnes,,14,C,37,5-11,182,R/-,15,"December 25, 1970",ca,"12 G, 11 A, 23 P"
Philippe Boucher,,43,D,34,6-3,218,R/-,14,"March 24, 1973",ca,"2 G, 12 A, 14 P"
Chris Conner,,25,RW,24,5-8,190,L/-,1,"December 23, 1983",us,"3 G, 2 A, 5 P"
B.J. Crombeen,,44,RW,22,6-2,209,R/-,R,"July 10, 1985",us,"0 G, 2 A, 2 P"
Trevor Daley,,6,D,24,5-11,195,L/-,3,"October 9, 1983",ca,"5 G, 19 A, 24 P"
Loui Eriksson,,21,LW,22,6-2,183,L/-,1,"July 17, 1985",se,"14 G, 17 A, 31 P"
Todd Fedoruk,,17,LW,28,6-2,232,L/-,6,"February 13, 1979",ca,"0 G, 2 A, 2 P"
Mark Fistric,,28,D,21,6-2,225,L/-,R,"June 1, 1986",ca,"0 G, 2 A, 2 P"
Nicklas Grossmann,,2,D,23,6-4,230,L/-,1,"January 22, 1985",se,"0 G, 7 A, 7 P"
Niklas Hagman,,15,LW,28,5-10,205,L/-,5,"December 5, 1979",fi,"27 G, 14 A, 41 P"
Jeff Halpern,,11,C,31,6-0,200,R/-,7,"May 3, 1976",us,"10 G, 14 A, 24 P"
Johan Holmqvist,,40,G,29,6-3,198,-/L,4,"May 24, 1978",se,"1-0-0, 3.75 GAA"
Dan Jancevski,,42,D,26,6-3,222,L/-,1,"June 15, 1981",ca,"0 G, 0 A, 0 P"
Jussi Jokinen,,36,LW,24,5-11,198,L/-,2,"April 1, 1983",fi,"14 G, 14 A, 28 P"
Jere Lehtinen,,26,RW,34,6-0,194,R/-,11,"June 24, 1973",fi,"15 G, 22 A, 37 P"
Junior Lessard,,42,RW,27,5-11,200,R/-,2,"May 26, 1980",ca,"0 G, 0 A, 0 P"
Joel Lundqvist,,39,C,25,6-1,194,L/-,1,"March 2, 1982",se,"3 G, 11 A, 14 P"
Antti Miettinen,,20,RW,27,6-0,190,R/-,3,"July 3, 1980",fi,"15 G, 19 A, 34 P"
Mike Modano,,9,C,37,6-3,212,L/-,17,"June 7, 1970",us,"21 G, 36 A, 57 P"
Brenden Morrow,(C),10,LW,29,6-0,205,L/-,7,"January 16, 1979",ca,"32 G, 42 A, 74 P"
Matt Niskanen,,5,D,21,6-0,200,R/-,R,"December 6, 1986",us,"7 G, 19 A, 26 P"
Mattias Norstrom,,4,D,36,6-2,210,L/-,13,"January 2, 1972",se,"2 G, 11 A, 13 P"
Steve Ott,,29,C,25,6-0,189,L/-,4,"August 19, 1982",ca,"11 G, 11 A, 22 P"
Toby Petersen,,17,C,29,5-10,198,L/-,3,"October 27, 1978",us,"0 G, 3 A, 3 P"
Mike Ribeiro,,63,C,27,6-0,179,L/-,7,"February 10, 1980",ca,"27 G, 56 A, 83 P"
Brad Richards,,91,C,27,6-0,199,L/-,6,"May 2, 1980",ca,"2 G, 9 A, 11 P"
Stephane Robidas,,3,D,30,5-11,190,R/-,7,"March 3, 1977",ca,"9 G, 17 A, 26 P"
Mike Smith,,41,G,25,6-4,215,-/L,1,"March 22, 1982",ca,"12-9-0, 2.46 GAA"
Tobias Stephan,,31,G,24,6-2,180,-/L,R,"January 21, 1984",ch,"0-0-1, 1.97 GAA"
Marty Turco,,35,G,32,5-11,184,-/L,6,"August 13, 1975",ca,"32-21-6, 2.31 GAA"
Brad Winchester,,16,LW,26,6-5,230,L/-,2,"March 1, 1981",us,"1 G, 2 A, 3 P"
Sergei Zubov,,56,D,37,6-1,198,R/-,14,"July 22, 1970",su,"4 G, 31 A, 35 P"
