Minnesota Wild,MIN,nhl
2007-08,2008
30
82
6
GP,Date,Time,Location,Opponent,GF,GA,Result,Game Ended In,W,L,OL,Streak,S,PIM,PPG,SHG,S,PIM,PPG,SHG,Notes
1,2007-10-04,time unavailable,H,Chicago Blackhawks,1,0,W,REG,1,0,0,W 1,24,17,0,0,27,17,0,0
2,2007-10-06,time unavailable,H,Columbus Blue Jackets,3,2,W,REG,2,0,0,W 2,31,11,0,0,21,15,1,1
3,2007-10-10,time unavailable,H,Edmonton Oilers,2,0,W,REG,3,0,0,W 3,26,8,0,0,21,2,0,0
4,2007-10-13,time unavailable,@,Phoenix Coyotes,3,2,W,REG,4,0,0,W 4,26,22,1,1,29,24,1,0
5,2007-10-14,time unavailable,@,Anaheim Ducks,2,0,W,REG,5,0,0,W 5,25,33,0,0,37,23,0,0
6,2007-10-16,time unavailable,@,Los Angeles Kings,3,4,L,SO,5,0,1,L 1,31,18,0,0,29,8,1,1
7,2007-10-20,time unavailable,@,St. Louis Blues,3,1,W,REG,6,0,1,W 1,34,10,1,0,34,14,0,0
8,2007-10-21,time unavailable,H,Colorado Avalanche,3,2,W,REG,7,0,1,W 2,32,12,2,0,31,10,1,0
9,2007-10-24,time unavailable,@,Calgary Flames,3,5,L,REG,7,1,1,L 1,19,32,2,0,24,28,1,0
10,2007-10-25,time unavailable,@,Edmonton Oilers,4,5,L,SO,7,1,2,L 2,30,12,0,0,31,10,1,0
11,2007-10-28,time unavailable,@,Colorado Avalanche,1,3,L,REG,7,2,2,L 3,22,4,1,0,30,6,1,0
12,2007-10-30,time unavailable,H,Pittsburgh Penguins,2,4,L,REG,7,3,2,L 4,30,11,0,0,27,13,1,0
13,2007-11-01,time unavailable,H,St. Louis Blues,2,3,L,REG,7,4,2,L 5,25,15,0,0,28,9,1,0
14,2007-11-03,time unavailable,H,Calgary Flames,4,1,W,REG,8,4,2,W 1,17,16,1,0,24,26,0,0
15,2007-11-05,time unavailable,H,Edmonton Oilers,5,2,W,REG,9,4,2,W 2,26,12,4,0,24,20,1,0
16,2007-11-11,time unavailable,@,Colorado Avalanche,2,4,L,REG,9,5,2,L 1,27,17,2,0,26,13,2,0
17,2007-11-13,time unavailable,@,Calgary Flames,2,3,L,REG,9,6,2,L 2,28,10,1,0,28,10,1,0
18,2007-11-15,time unavailable,@,Edmonton Oilers,4,2,W,REG,10,6,2,W 1,25,10,2,0,40,16,0,1
19,2007-11-16,time unavailable,@,Vancouver Canucks,2,6,L,REG,10,7,2,L 1,22,34,1,0,31,23,3,0
20,2007-11-18,time unavailable,H,Colorado Avalanche,4,1,W,REG,11,7,2,W 1,26,8,0,0,28,4,0,0
21,2007-11-21,time unavailable,H,Vancouver Canucks,2,4,L,REG,11,8,2,L 1,20,15,1,0,26,15,1,0
22,2007-11-23,time unavailable,H,Columbus Blue Jackets,0,4,L,REG,11,9,2,L 2,32,21,0,0,29,37,2,1
23,2007-11-24,time unavailable,@,Nashville Predators,4,3,W,REG,12,9,2,W 1,25,8,0,0,43,4,1,0
24,2007-11-28,time unavailable,H,Phoenix Coyotes,3,1,W,REG,13,9,2,W 2,28,6,0,0,22,6,0,0
25,2007-11-30,time unavailable,H,St. Louis Blues,3,2,W,OT,14,9,2,W 3,26,8,1,0,24,8,0,0
26,2007-12-02,time unavailable,H,Vancouver Canucks,2,1,W,REG,15,9,2,W 4,30,16,1,0,20,46,0,0
27,2007-12-05,time unavailable,H,Philadelphia Flyers,1,3,L,REG,15,10,2,L 1,29,6,1,0,25,18,0,0
28,2007-12-07,time unavailable,@,Detroit Red Wings,0,5,L,REG,15,11,2,L 2,19,11,0,0,34,15,1,1
29,2007-12-08,time unavailable,@,Columbus Blue Jackets,2,1,W,REG,16,11,2,W 1,26,7,0,0,32,13,0,0
30,2007-12-11,time unavailable,@,San Jose Sharks,1,4,L,REG,16,12,2,L 1,37,18,1,0,30,18,1,0
31,2007-12-14,time unavailable,@,Anaheim Ducks,5,2,W,REG,17,12,2,W 1,19,14,4,0,30,12,1,0
32,2007-12-15,time unavailable,@,Los Angeles Kings,2,1,W,REG,18,12,2,W 2,24,18,1,0,36,16,0,0
33,2007-12-18,time unavailable,H,Nashville Predators,3,2,W,REG,19,12,2,W 3,31,10,0,0,32,12,1,0
34,2007-12-20,time unavailable,H,New York Rangers,6,3,W,REG,20,12,2,W 4,22,13,3,0,35,27,1,0
35,2007-12-22,time unavailable,H,Detroit Red Wings,1,4,L,REG,20,13,2,L 1,19,14,1,0,51,4,1,0
36,2007-12-26,time unavailable,@,Dallas Stars,3,8,L,REG,20,14,2,L 2,17,8,0,0,33,8,2,1
37,2007-12-27,time unavailable,@,Phoenix Coyotes,3,2,W,REG,21,14,2,W 1,26,12,3,0,48,8,1,0
38,2007-12-29,time unavailable,H,Edmonton Oilers,5,4,W,OT,22,14,2,W 2,35,6,2,0,27,10,1,2
39,2007-12-31,time unavailable,H,San Jose Sharks,2,3,L,REG,22,15,2,L 1,21,2,0,0,25,6,0,0
40,2008-01-03,time unavailable,H,Dallas Stars,6,3,W,REG,23,15,2,W 1,21,18,1,1,28,32,0,0
41,2008-01-05,time unavailable,@,Nashville Predators,1,4,L,REG,23,16,2,L 1,30,6,0,0,30,2,0,0
42,2008-01-07,time unavailable,@,Dallas Stars,1,3,L,REG,23,17,2,L 2,19,10,0,0,30,8,0,0
43,2008-01-10,time unavailable,@,Detroit Red Wings,6,5,W,SO,24,17,2,W 1,28,10,0,0,46,6,0,1
44,2008-01-11,time unavailable,@,Chicago Blackhawks,5,2,W,REG,25,17,2,W 2,16,19,1,0,43,11,1,0
45,2008-01-13,time unavailable,H,Phoenix Coyotes,4,1,W,REG,26,17,2,W 3,34,11,0,0,27,7,1,0
46,2008-01-16,time unavailable,H,Calgary Flames,2,3,L,SO,26,17,3,L 1,31,13,2,0,31,19,1,0
47,2008-01-18,time unavailable,H,Anaheim Ducks,2,4,L,REG,26,18,3,L 2,27,8,0,0,27,6,1,0
48,2008-01-21,time unavailable,@,Vancouver Canucks,4,2,W,REG,27,18,3,W 1,26,10,0,0,40,14,0,0
49,2008-01-22,time unavailable,@,Calgary Flames,1,2,L,REG,27,19,3,L 1,24,10,0,0,37,8,0,0
50,2008-01-24,time unavailable,@,Colorado Avalanche,3,2,W,REG,28,19,3,W 1,37,4,1,0,30,4,0,0
51,2008-01-30,time unavailable,H,Anaheim Ducks,5,1,W,REG,29,19,3,W 2,23,12,0,0,21,12,0,0
52,2008-02-02,time unavailable,@,Columbus Blue Jackets,4,1,W,REG,30,19,3,W 3,20,14,0,0,34,12,0,0
53,2008-02-05,time unavailable,H,Detroit Red Wings,2,3,L,OT,30,19,4,L 1,26,8,1,0,38,10,0,0
54,2008-02-07,time unavailable,H,Dallas Stars,0,1,L,REG,30,20,4,L 2,25,27,0,0,26,9,0,0
55,2008-02-09,time unavailable,H,New York Islanders,4,3,W,OT,31,20,4,W 1,18,8,0,0,29,8,0,0
56,2008-02-10,time unavailable,@,St. Louis Blues,2,1,W,SO,32,20,4,W 2,25,8,0,0,21,6,1,0
57,2008-02-12,time unavailable,@,Edmonton Oilers,2,4,L,REG,32,21,4,L 1,40,8,1,0,23,8,1,0
58,2008-02-14,time unavailable,@,Vancouver Canucks,5,4,W,SO,33,21,4,W 1,26,16,0,0,28,30,0,0
59,2008-02-17,time unavailable,H,Nashville Predators,5,4,W,OT,34,21,4,W 2,28,6,1,0,28,4,1,0
60,2008-02-19,time unavailable,H,Vancouver Canucks,2,3,L,OT,34,21,5,L 1,22,21,2,0,37,13,1,0
61,2008-02-20,time unavailable,@,Chicago Blackhawks,0,3,L,REG,34,22,5,L 2,38,7,0,0,30,13,0,0
62,2008-02-24,time unavailable,H,Calgary Flames,1,2,L,REG,34,23,5,L 3,39,12,1,0,16,16,1,0
63,2008-02-26,time unavailable,@,Washington Capitals,1,4,L,REG,34,24,5,L 4,35,14,0,0,26,14,0,0
64,2008-02-27,time unavailable,@,Tampa Bay Lightning,3,2,W,REG,35,24,5,W 1,27,14,2,0,33,4,1,0
65,2008-02-29,time unavailable,@,Florida Panthers,3,2,W,REG,36,24,5,W 2,25,8,1,0,34,18,1,0
66,2008-03-02,time unavailable,H,Los Angeles Kings,2,1,W,OT,37,24,5,W 3,35,12,0,0,28,8,0,0
67,2008-03-04,time unavailable,H,Chicago Blackhawks,2,4,L,REG,37,25,5,L 1,30,14,0,0,34,14,1,0
68,2008-03-06,time unavailable,@,Carolina Hurricanes,2,3,L,REG,37,26,5,L 2,28,37,0,0,28,48,1,0
69,2008-03-07,time unavailable,@,Atlanta Thrashers,2,3,L,SO,37,26,6,L 3,39,8,2,0,26,22,1,0
70,2008-03-09,time unavailable,H,San Jose Sharks,2,3,L,SO,37,26,7,L 4,23,2,0,0,26,4,0,0
71,2008-03-13,time unavailable,H,New Jersey Devils,3,4,L,SO,37,26,8,L 5,37,7,0,0,30,13,0,0
72,2008-03-15,time unavailable,H,Los Angeles Kings,2,0,W,REG,38,26,8,W 1,29,10,0,0,24,6,0,0
73,2008-03-17,time unavailable,H,Colorado Avalanche,3,1,W,REG,39,26,8,W 2,29,14,1,0,30,8,1,0
74,2008-03-19,time unavailable,@,San Jose Sharks,3,4,L,SO,39,26,9,L 1,24,11,2,0,33,13,0,0
75,2008-03-21,time unavailable,@,Vancouver Canucks,2,1,W,REG,40,26,9,W 1,21,8,1,0,31,12,1,0
76,2008-03-22,time unavailable,@,Calgary Flames,4,5,L,REG,40,27,9,L 1,33,25,0,0,31,21,0,1
77,2008-03-24,time unavailable,@,Edmonton Oilers,3,5,L,REG,40,28,9,L 2,34,4,0,0,33,8,0,0
78,2008-03-26,time unavailable,H,Edmonton Oilers,3,1,W,REG,41,28,9,W 1,21,17,1,1,33,11,0,0
79,2008-03-28,time unavailable,H,Vancouver Canucks,4,0,W,REG,42,28,9,W 2,30,54,2,0,28,39,0,0
80,2008-03-30,time unavailable,H,Colorado Avalanche,3,2,W,OT,43,28,9,W 3,20,6,1,0,26,6,0,0
81,2008-04-03,time unavailable,H,Calgary Flames,3,1,W,REG,44,28,9,W 4,26,13,2,0,27,19,1,0
82,2008-04-06,time unavailable,@,Colorado Avalanche,3,4,L,SO,44,28,10,L 1,37,17,1,0,36,19,2,0

GP,Date,Time,Location,Opponent,GF,GA,Result,Game Ended In,W,L,Streak,S,PIM,PPG,SHG,S,PIM,PPG,SHG,Notes
1,2008-04-09,time unavailable,H,Colorado Avalanche,2,3,L,OT,0,1,L 1,30,4,1,0,22,12,1,0
2,2008-04-11,time unavailable,H,Colorado Avalanche,3,2,W,OT,1,1,W 1,31,10,1,0,26,8,1,0
3,2008-04-14,time unavailable,@,Colorado Avalanche,3,2,W,OT,2,1,W 2,39,14,0,1,46,10,0,0
4,2008-04-15,time unavailable,@,Colorado Avalanche,1,5,L,REG,2,2,L 1,25,99,0,1,40,43,2,0
5,2008-04-17,time unavailable,H,Colorado Avalanche,2,3,L,REG,2,3,L 2,40,6,1,0,17,6,2,0
6,2008-04-19,time unavailable,@,Colorado Avalanche,1,2,L,REG,2,4,L 3,35,6,0,0,30,2,0,1

Niklas Backstrom,,32,G,29,6-2,192,-/L,1,"February 13, 1978",fi,"33-13-8, 2.31 GAA"
Eric Belanger,,25,C,30,5-11,185,L/-,6,"December 16, 1977",ca,"13 G, 24 A, 37 P"
Derek Boogaard,,24,LW,25,6-7,265,R/-,2,"June 23, 1982",ca,"0 G, 0 A, 0 P"
Pierre-Marc Bouchard,,96,RW,23,5-11,171,L/-,4,"April 27, 1984",ca,"13 G, 50 A, 63 P"
Brent Burns,,8,D,22,6-5,230,R/-,3,"March 9, 1985",ca,"15 G, 28 A, 43 P"
Keith Carney,,3,D,37,6-1,207,L/-,15,"February 3, 1970",us,"1 G, 10 A, 11 P"
Cal Clutterbuck,,22,RW,20,5-11,218,R/-,R,"November 18, 1987",ca,"0 G, 0 A, 0 P"
Pavol Demitra,(C),38,LW,33,6-0,200,L/-,13,"November 29, 1974",cs,"15 G, 39 A, 54 P"
Todd Fedoruk,,17,LW,28,6-2,232,L/-,6,"February 13, 1979",ca,"6 G, 5 A, 11 P"
Kurtis Foster,,26,D,26,6-5,225,R/-,4,"November 24, 1981",ca,"7 G, 12 A, 19 P"
Matt Foy,,83,RW,24,6-2,228,R/-,2,"May 18, 1983",ca,"4 G, 4 A, 8 P"
Marian Gaborik,(C),10,RW,25,6-1,205,L/-,6,"February 14, 1982",cs,"42 G, 41 A, 83 P"
Josh Harding,,29,G,23,6-1,202,-/R,2,"June 18, 1984",ca,"11-15-2, 2.94 GAA"
Sean Hill,,6,D,37,6-0,204,R/-,14,"February 14, 1970",us,"2 G, 7 A, 9 P"
Kim Johnsson,,5,D,31,6-1,193,L/-,7,"March 16, 1976",se,"4 G, 23 A, 27 P"
Steve Kelly,,16,C,31,6-2,205,L/-,8,"October 26, 1976",ca,"0 G, 0 A, 0 P"
Mikko Koivu,,9,C,24,6-3,215,L/-,2,"March 12, 1983",fi,"11 G, 31 A, 42 P"
Dominic Moore,,19,C,27,6-0,192,L/-,3,"August 3, 1980",ca,"1 G, 2 A, 3 P"
Petteri Nummelin,,33,D,35,5-10,188,L/-,2,"November 25, 1972",fi,"2 G, 7 A, 9 P"
Mark Parrish,(C),21,RW,30,5-11,199,R/-,8,"February 2, 1977",us,"16 G, 14 A, 30 P"
Benoit Pouliot,,67,LW,21,6-3,200,L/-,1,"September 29, 1986",ca,"2 G, 1 A, 3 P"
Branko Radivojevic,,92,RW,27,6-0,208,R/-,5,"November 24, 1980",cs,"7 G, 10 A, 17 P"
Brian Rolston,(C),12,LW,34,6-2,215,L/-,12,"February 21, 1973",us,"31 G, 28 A, 59 P"
Nick Schultz,(C),55,D,25,6-1,203,L/-,5,"August 25, 1982",ca,"2 G, 13 A, 15 P"
James Sheppard,,15,C,19,6-1,205,L/-,R,"April 25, 1988",ca,"4 G, 15 A, 19 P"
Chris Simon,,11,LW,36,6-3,233,L/-,14,"January 30, 1972",ca,"0 G, 0 A, 0 P"
Martin Skoula,,41,D,28,6-3,226,L/-,7,"October 28, 1979",cs,"3 G, 8 A, 11 P"
Stephane Veilleux,,19,LW,26,6-1,200,L/-,4,"November 16, 1981",ca,"11 G, 7 A, 18 P"
Aaron Voros,,34,LW,26,6-4,215,L/-,R,"July 2, 1981",ca,"7 G, 7 A, 14 P"
Wes Walz,,37,C,37,5-10,189,R/-,12,"May 15, 1970",ca,"1 G, 3 A, 4 P"
