Nashville Predators,NSH,nhl
2007-08,2008
29
82
6
GP,Date,Time,Location,Opponent,GF,GA,Result,Game Ended In,W,L,OL,Streak,S,PIM,PPG,SHG,S,PIM,PPG,SHG,Notes
1,2007-10-04,time unavailable,H,Colorado Avalanche,4,0,W,REG,1,0,0,W 1,32,11,1,0,35,15,0,0
2,2007-10-06,time unavailable,H,Dallas Stars,5,1,W,REG,2,0,0,W 2,22,26,1,0,29,18,0,0
3,2007-10-10,time unavailable,@,St. Louis Blues,1,4,L,REG,2,1,0,L 1,20,19,0,0,32,15,0,0
4,2007-10-11,time unavailable,H,Phoenix Coyotes,3,6,L,REG,2,2,0,L 2,39,17,2,0,24,23,2,1
5,2007-10-13,time unavailable,H,Calgary Flames,4,7,L,REG,2,3,0,L 3,25,11,1,0,30,13,1,1
6,2007-10-17,time unavailable,@,Anaheim Ducks,1,3,L,REG,2,4,0,L 4,29,9,0,0,31,9,0,0
7,2007-10-20,time unavailable,@,San Jose Sharks,0,3,L,REG,2,5,0,L 5,22,14,0,0,20,14,1,0
8,2007-10-23,time unavailable,@,Los Angeles Kings,0,6,L,REG,2,6,0,L 6,17,15,0,0,36,9,2,0
9,2007-10-25,time unavailable,H,Atlanta Thrashers,3,0,W,REG,3,6,0,W 1,34,4,0,0,20,6,0,0
10,2007-10-27,time unavailable,H,Florida Panthers,4,3,W,REG,4,6,0,W 2,33,10,0,0,27,14,3,0
11,2007-10-30,time unavailable,@,Calgary Flames,1,5,L,REG,4,7,0,L 1,40,14,1,0,33,14,2,0
12,2007-11-01,time unavailable,@,Vancouver Canucks,3,0,W,REG,5,7,0,W 1,15,16,2,0,29,12,0,0
13,2007-11-02,time unavailable,@,Edmonton Oilers,4,1,W,REG,6,7,0,W 2,23,8,0,0,31,6,0,0
14,2007-11-04,time unavailable,@,Chicago Blackhawks,5,2,W,REG,7,7,0,W 3,19,10,2,0,32,16,1,0
15,2007-11-07,time unavailable,@,Detroit Red Wings,2,3,L,SO,7,7,1,L 1,30,16,0,0,45,10,2,0
16,2007-11-10,time unavailable,H,Columbus Blue Jackets,4,3,W,SO,8,7,1,W 1,29,14,2,0,39,16,1,0
17,2007-11-12,time unavailable,@,Columbus Blue Jackets,4,1,W,REG,9,7,1,W 2,31,19,0,0,30,21,0,0
18,2007-11-15,time unavailable,H,Chicago Blackhawks,5,4,W,OT,10,7,1,W 3,37,8,0,0,31,8,2,0
19,2007-11-17,time unavailable,H,St. Louis Blues,2,3,L,SO,10,7,2,L 1,37,8,0,0,20,8,0,0
20,2007-11-19,time unavailable,@,St. Louis Blues,1,2,L,REG,10,8,2,L 2,25,12,0,0,22,12,1,0
21,2007-11-22,time unavailable,H,Detroit Red Wings,3,2,W,REG,11,8,2,W 1,29,22,1,0,30,20,2,0
22,2007-11-24,time unavailable,H,Minnesota Wild,3,4,L,REG,11,9,2,L 1,43,4,1,0,25,8,0,0
23,2007-11-29,time unavailable,@,Ottawa Senators,6,5,W,REG,12,9,2,W 1,35,4,1,0,32,18,0,0
24,2007-12-01,time unavailable,@,Montreal Canadiens,5,4,W,SO,13,9,2,W 2,44,14,1,1,26,6,0,0
25,2007-12-04,time unavailable,@,Toronto Maple Leafs,1,3,L,REG,13,10,2,L 1,35,8,0,0,15,10,0,0
26,2007-12-06,time unavailable,H,Vancouver Canucks,2,5,L,REG,13,11,2,L 2,28,6,0,0,25,6,2,1
27,2007-12-08,time unavailable,H,Anaheim Ducks,4,2,W,REG,14,11,2,W 1,33,20,1,1,23,32,0,1
28,2007-12-10,time unavailable,H,Detroit Red Wings,1,2,L,REG,14,12,2,L 1,31,10,0,1,35,14,0,0
29,2007-12-13,time unavailable,H,Colorado Avalanche,1,2,L,REG,14,13,2,L 2,31,4,0,0,32,4,0,0
30,2007-12-15,time unavailable,@,Colorado Avalanche,1,3,L,REG,14,14,2,L 3,32,13,0,0,16,9,0,0
31,2007-12-18,time unavailable,@,Minnesota Wild,2,3,L,REG,14,15,2,L 4,32,12,1,0,31,10,0,0
32,2007-12-19,time unavailable,@,Chicago Blackhawks,2,5,L,REG,14,16,2,L 5,21,15,2,0,30,15,1,1
33,2007-12-22,time unavailable,H,Los Angeles Kings,4,3,W,REG,15,16,2,W 1,32,16,2,0,37,14,0,1
34,2007-12-23,time unavailable,@,Columbus Blue Jackets,3,1,W,REG,16,16,2,W 2,32,13,1,0,31,13,0,0
35,2007-12-26,time unavailable,@,Chicago Blackhawks,2,5,L,REG,16,17,2,L 1,32,15,0,0,22,19,0,1
36,2007-12-27,time unavailable,H,Columbus Blue Jackets,4,3,W,REG,17,17,2,W 1,32,19,1,0,39,29,2,0
37,2007-12-29,time unavailable,H,San Jose Sharks,2,5,L,REG,17,18,2,L 1,21,8,0,0,29,12,1,0
38,2007-12-31,time unavailable,@,Dallas Stars,1,0,W,REG,18,18,2,W 1,30,12,0,0,22,10,0,0
39,2008-01-03,time unavailable,H,Edmonton Oilers,5,2,W,REG,19,18,2,W 2,30,19,2,0,28,9,1,0
40,2008-01-05,time unavailable,H,Minnesota Wild,4,1,W,REG,20,18,2,W 3,30,2,0,0,30,6,0,0
41,2008-01-07,time unavailable,@,Anaheim Ducks,2,5,L,REG,20,19,2,L 1,22,11,2,0,37,13,2,0
42,2008-01-08,time unavailable,@,Los Angeles Kings,7,0,W,REG,21,19,2,W 1,29,6,1,0,28,4,0,0
43,2008-01-12,time unavailable,@,Columbus Blue Jackets,1,2,L,SO,21,19,3,L 1,27,2,0,0,29,6,0,0
44,2008-01-13,time unavailable,H,Chicago Blackhawks,2,3,L,SO,21,19,4,L 2,37,16,2,0,30,14,0,0
45,2008-01-15,time unavailable,H,Calgary Flames,3,0,W,REG,22,19,4,W 1,38,6,1,0,22,14,0,0
46,2008-01-17,time unavailable,H,Anaheim Ducks,1,2,L,REG,22,20,4,L 1,34,14,1,0,16,14,1,0
47,2008-01-19,time unavailable,@,St. Louis Blues,5,2,W,REG,23,20,4,W 1,27,17,0,2,26,13,1,0
48,2008-01-21,time unavailable,H,St. Louis Blues,6,3,W,REG,24,20,4,W 2,27,6,1,0,34,8,0,0
49,2008-01-22,time unavailable,@,Colorado Avalanche,4,0,W,REG,25,20,4,W 3,29,8,2,0,38,10,0,0
50,2008-01-24,time unavailable,@,Phoenix Coyotes,3,4,L,OT,25,20,5,L 1,32,2,0,0,30,6,0,0
51,2008-01-29,time unavailable,@,Boston Bruins,1,3,L,REG,25,21,5,L 2,38,11,0,0,28,9,1,0
52,2008-01-31,time unavailable,H,Columbus Blue Jackets,4,2,W,REG,26,21,5,W 1,31,13,1,0,33,21,1,0
53,2008-02-02,time unavailable,H,Phoenix Coyotes,3,2,W,OT,27,21,5,W 2,37,13,0,0,37,35,0,0
54,2008-02-05,time unavailable,H,Carolina Hurricanes,1,0,W,REG,28,21,5,W 3,34,11,0,0,31,11,0,0
55,2008-02-07,time unavailable,H,Tampa Bay Lightning,1,2,L,OT,28,21,6,L 1,19,2,0,0,25,4,0,0
56,2008-02-09,time unavailable,@,San Jose Sharks,3,4,L,REG,28,22,6,L 2,13,19,1,0,27,15,1,0
57,2008-02-10,time unavailable,@,Phoenix Coyotes,6,3,W,REG,29,22,6,W 1,28,10,0,0,33,2,1,0
58,2008-02-12,time unavailable,H,Detroit Red Wings,4,2,W,REG,30,22,6,W 2,23,14,0,0,42,12,2,0
59,2008-02-14,time unavailable,H,Chicago Blackhawks,1,6,L,REG,30,23,6,L 1,25,13,1,0,20,15,0,0
60,2008-02-16,time unavailable,H,St. Louis Blues,2,1,W,OT,31,23,6,W 1,44,2,1,0,19,16,0,0
61,2008-02-17,time unavailable,@,Minnesota Wild,4,5,L,OT,31,23,7,L 1,28,4,1,0,28,6,1,0
62,2008-02-19,time unavailable,H,Edmonton Oilers,5,4,W,REG,32,23,7,W 1,28,13,0,0,36,7,1,0
63,2008-02-21,time unavailable,H,Vancouver Canucks,2,3,L,SO,32,23,8,L 1,51,17,2,0,30,23,1,0
64,2008-02-23,time unavailable,H,Dallas Stars,3,6,L,REG,32,24,8,L 2,27,12,2,0,29,12,0,0
65,2008-02-27,time unavailable,@,Buffalo Sabres,4,8,L,REG,32,25,8,L 3,33,33,2,0,33,32,0,0
66,2008-03-01,time unavailable,@,Dallas Stars,3,1,W,REG,33,25,8,W 1,28,19,0,0,25,17,0,0
67,2008-03-04,time unavailable,@,Edmonton Oilers,5,1,W,REG,34,25,8,W 2,24,28,0,0,30,24,0,0
68,2008-03-06,time unavailable,@,Vancouver Canucks,2,6,L,REG,34,26,8,L 1,23,54,0,1,44,56,2,1
69,2008-03-07,time unavailable,@,Calgary Flames,2,1,W,OT,35,26,8,W 1,36,14,0,0,30,10,0,0
70,2008-03-09,time unavailable,@,Detroit Red Wings,3,4,L,REG,35,27,8,L 1,23,16,2,0,33,14,3,0
71,2008-03-11,time unavailable,H,San Jose Sharks,1,2,L,REG,35,28,8,L 2,27,8,1,0,42,10,1,0
72,2008-03-13,time unavailable,H,Los Angeles Kings,1,4,L,REG,35,29,8,L 3,38,4,0,0,30,8,1,1
73,2008-03-15,time unavailable,@,Detroit Red Wings,3,1,W,REG,36,29,8,W 1,27,14,0,0,35,8,0,0
74,2008-03-18,time unavailable,H,Washington Capitals,2,4,L,REG,36,30,8,L 1,26,6,1,0,21,12,1,0
75,2008-03-20,time unavailable,H,Detroit Red Wings,3,6,L,REG,36,31,8,L 2,29,16,1,0,36,14,1,0
76,2008-03-22,time unavailable,H,Chicago Blackhawks,2,1,W,SO,37,31,8,W 1,34,0,0,0,38,8,0,0
77,2008-03-25,time unavailable,H,Columbus Blue Jackets,3,0,W,REG,38,31,8,W 2,24,31,1,0,36,25,0,0
78,2008-03-28,time unavailable,@,Columbus Blue Jackets,2,0,W,REG,39,31,8,W 3,25,9,0,0,43,11,0,0
79,2008-03-30,time unavailable,@,Detroit Red Wings,0,1,L,OT,39,31,9,L 1,22,14,0,0,36,16,0,0
80,2008-04-01,time unavailable,@,St. Louis Blues,4,3,W,OT,40,31,9,W 1,26,2,0,0,17,4,0,0
81,2008-04-03,time unavailable,H,St. Louis Blues,3,2,W,REG,41,31,9,W 2,30,6,0,1,29,6,0,0
82,2008-04-04,time unavailable,@,Chicago Blackhawks,1,3,L,REG,41,32,9,L 1,30,2,0,0,20,6,0,1

GP,Date,Time,Location,Opponent,GF,GA,Result,Game Ended In,W,L,Streak,S,PIM,PPG,SHG,S,PIM,PPG,SHG,Notes
1,2008-04-10,time unavailable,@,Detroit Red Wings,1,3,L,REG,0,1,L 1,20,8,0,0,40,8,0,0
2,2008-04-12,time unavailable,@,Detroit Red Wings,2,4,L,REG,0,2,L 2,27,18,1,0,38,16,1,0
3,2008-04-14,time unavailable,H,Detroit Red Wings,5,3,W,REG,1,2,W 1,29,10,0,0,26,6,1,0
4,2008-04-16,time unavailable,H,Detroit Red Wings,3,2,W,REG,2,2,W 2,27,14,1,0,41,14,1,0
5,2008-04-18,time unavailable,@,Detroit Red Wings,1,2,L,OT,2,3,L 1,21,6,0,0,54,6,0,0
6,2008-04-20,time unavailable,H,Detroit Red Wings,0,3,L,REG,2,4,L 2,20,10,0,0,43,8,0,1

Jason Arnott,(C),19,C,33,6-5,220,R/-,13,"October 11, 1974",ca,"28 G, 44 A, 72 P"
Brandon Bochenski,,24,RW,25,6-1,187,R/-,2,"April 4, 1982",us,"1 G, 2 A, 3 P"
Radek Bonk,,14,C,32,6-2,210,L/-,12,"January 9, 1976",cs,"14 G, 15 A, 29 P"
Greg de Vries,,7,D,35,6-2,205,L/-,11,"January 4, 1973",ca,"4 G, 11 A, 15 P"
J.P. Dumont,,71,RW,29,6-1,205,L/-,8,"April 1, 1978",ca,"29 G, 43 A, 72 P"
Dan Ellis,,39,G,27,6-1,195,-/L,1,"June 19, 1980",ca,"23-10-3, 2.34 GAA"
Martin Erat,,10,RW,26,6-0,196,L/-,5,"August 29, 1981",cs,"23 G, 34 A, 57 P"
Vernon Fiddler,,38,LW,27,5-11,205,L/-,4,"May 9, 1980",ca,"11 G, 21 A, 32 P"
Martin Gelinas,,23,LW,37,5-11,202,L/-,18,"June 5, 1970",ca,"9 G, 11 A, 20 P"
Dan Hamhuis,,2,D,25,6-1,209,L/-,3,"December 13, 1982",ca,"4 G, 23 A, 27 P"
Jan Hlavac,,17,LW,31,6-0,201,L/-,5,"September 20, 1976",cs,"3 G, 10 A, 13 P"
Darcy Hordichuk,,16,LW,27,6-1,212,L/-,6,"August 10, 1980",ca,"1 G, 2 A, 3 P"
Kevin Klein,,8,D,23,6-1,202,R/-,2,"December 13, 1984",ca,"0 G, 2 A, 2 P"
Ville Koistinen,,4,D,25,5-11,187,L/-,R,"June 17, 1982",fi,"4 G, 13 A, 17 P"
Josh Langfeld,,15,RW,30,6-3,216,R/-,5,"July 17, 1977",us,"0 G, 0 A, 0 P"
David Legwand,,11,C,27,6-2,207,L/-,8,"August 17, 1980",us,"15 G, 29 A, 44 P"
Chris Mason,,30,G,31,6-0,198,-/L,5,"April 20, 1976",ca,"18-22-6, 2.90 GAA"
Scott Nichol,,12,C,33,5-8,179,R/-,7,"December 31, 1974",ca,"10 G, 8 A, 18 P"
Jed Ortmeyer,,41,RW,29,6-0,200,R/-,3,"September 3, 1978",us,"4 G, 4 A, 8 P"
Rich Peverley,,37,C,25,5-11,195,R/-,1,"July 8, 1982",ca,"5 G, 5 A, 10 P"
Antti Pihlstrom,,42,LW,23,5-11,190,L/-,R,"October 22, 1984",fi,"0 G, 0 A, 0 P"
Alexander Radulov,,47,RW,21,6-1,188,L/-,1,"July 5, 1986",su,"26 G, 32 A, 58 P"
Pekka Rinne,,35,G,25,6-5,217,-/L,1,"November 3, 1982",fi,"0-0-0, 0.00 GAA"
Jerred Smithson,,25,C,28,6-3,209,R/-,4,"February 4, 1979",ca,"7 G, 9 A, 16 P"
Ryan Suter,,20,D,23,6-2,206,L/-,2,"January 21, 1985",us,"7 G, 24 A, 31 P"
Jordin Tootoo,,22,RW,24,5-9,195,R/-,3,"February 2, 1983",ca,"11 G, 7 A, 18 P"
Shea Weber,,6,D,22,6-4,236,R/-,2,"August 14, 1985",ca,"6 G, 14 A, 20 P"
Greg Zanon,,5,D,27,5-11,201,L/-,2,"June 5, 1980",ca,"0 G, 5 A, 5 P"
Marek Zidlicky,,3,D,30,5-11,190,R/-,3,"February 3, 1977",cs,"5 G, 38 A, 43 P"
