New York Islanders,NYI,nhl
2007-08,2008
40
82
0
GP,Date,Time,Location,Opponent,GF,GA,Result,Game Ended In,W,L,OL,Streak,S,PIM,PPG,SHG,S,PIM,PPG,SHG,Notes
1,2007-10-05,time unavailable,@,Buffalo Sabres,6,4,W,REG,1,0,0,W 1,34,8,3,0,26,8,0,0
2,2007-10-06,time unavailable,H,Buffalo Sabres,3,2,W,REG,2,0,0,W 2,24,16,0,0,32,8,1,0
3,2007-10-08,time unavailable,H,Washington Capitals,1,2,L,REG,2,1,0,L 1,31,12,0,0,12,8,0,0
4,2007-10-10,time unavailable,H,New York Rangers,2,1,W,REG,3,1,0,W 1,30,16,1,0,37,18,0,0
5,2007-10-11,time unavailable,@,Toronto Maple Leafs,1,8,L,REG,3,2,0,L 1,31,21,1,0,42,21,2,1
6,2007-10-13,time unavailable,@,Philadelphia Flyers,1,3,L,REG,3,3,0,L 2,30,15,0,1,23,9,1,0
7,2007-10-18,time unavailable,@,Washington Capitals,5,2,W,REG,4,3,0,W 1,21,10,3,0,29,10,0,0
8,2007-10-20,time unavailable,H,New Jersey Devils,4,3,W,OT,5,3,0,W 2,36,8,2,0,28,12,0,0
9,2007-10-27,time unavailable,H,Carolina Hurricanes,3,8,L,REG,5,4,0,L 1,31,12,2,0,26,10,3,0
10,2007-11-01,time unavailable,H,Tampa Bay Lightning,4,0,W,REG,6,4,0,W 1,32,10,0,0,28,12,0,0
11,2007-11-03,time unavailable,H,Pittsburgh Penguins,3,2,W,REG,7,4,0,W 2,39,4,0,0,25,12,1,0
12,2007-11-06,time unavailable,H,New York Rangers,3,2,W,REG,8,4,0,W 3,27,8,1,0,30,8,1,0
13,2007-11-10,time unavailable,H,New Jersey Devils,2,1,W,REG,9,4,0,W 4,22,0,1,0,21,6,0,0
14,2007-11-12,time unavailable,@,Philadelphia Flyers,2,3,L,REG,9,5,0,L 1,26,13,0,0,17,15,0,1
15,2007-11-15,time unavailable,@,Pittsburgh Penguins,2,3,L,REG,9,6,0,L 2,28,16,0,0,27,8,1,0
16,2007-11-16,time unavailable,@,New Jersey Devils,1,0,W,REG,10,6,0,W 1,26,11,0,1,26,11,0,0
17,2007-11-19,time unavailable,@,New York Rangers,2,1,W,REG,11,6,0,W 2,24,14,1,0,19,16,0,1
18,2007-11-21,time unavailable,H,Montreal Canadiens,1,4,L,REG,11,7,0,L 1,45,19,0,0,33,19,1,0
19,2007-11-23,time unavailable,@,Boston Bruins,1,2,L,REG,11,8,0,L 2,25,11,0,0,25,11,1,0
20,2007-11-24,time unavailable,H,Boston Bruins,2,1,W,REG,12,8,0,W 1,29,6,0,0,21,6,0,0
21,2007-11-26,time unavailable,H,Dallas Stars,2,3,L,OT,12,8,1,L 1,25,10,1,1,31,6,0,0
22,2007-11-28,time unavailable,H,Ottawa Senators,3,2,W,SO,13,8,1,W 1,22,16,0,0,37,10,1,0
23,2007-11-29,time unavailable,@,New York Rangers,2,4,L,REG,13,9,1,L 1,24,17,1,0,31,17,2,0
24,2007-12-01,time unavailable,H,Atlanta Thrashers,0,4,L,REG,13,10,1,L 2,33,19,0,0,30,15,0,0
25,2007-12-03,time unavailable,H,Boston Bruins,1,3,L,REG,13,11,1,L 3,33,12,1,0,22,12,2,0
26,2007-12-05,time unavailable,@,Atlanta Thrashers,3,4,L,SO,13,11,2,L 4,33,18,1,0,24,14,0,2
27,2007-12-07,time unavailable,@,Florida Panthers,0,3,L,REG,13,12,2,L 5,25,17,0,0,41,11,2,0
28,2007-12-08,time unavailable,@,Tampa Bay Lightning,3,2,W,OT,14,12,2,W 1,32,21,1,0,34,21,2,0
29,2007-12-12,time unavailable,@,Buffalo Sabres,3,5,L,REG,14,13,2,L 1,31,12,1,0,41,12,1,0
30,2007-12-13,time unavailable,H,Phoenix Coyotes,3,2,W,REG,15,13,2,W 1,33,14,1,0,36,24,1,1
31,2007-12-15,time unavailable,H,Pittsburgh Penguins,2,3,L,REG,15,14,2,L 1,29,27,1,0,40,11,1,0
32,2007-12-19,time unavailable,H,Buffalo Sabres,1,2,L,REG,15,15,2,L 2,43,17,0,0,17,15,0,0
33,2007-12-21,time unavailable,@,Pittsburgh Penguins,4,2,W,REG,16,15,2,W 1,24,12,0,0,26,4,1,0
34,2007-12-22,time unavailable,H,Washington Capitals,3,2,W,OT,17,15,2,W 2,31,6,0,0,16,6,0,0
35,2007-12-26,time unavailable,H,Toronto Maple Leafs,4,3,W,OT,18,15,2,W 3,28,8,0,0,32,4,0,1
36,2007-12-27,time unavailable,@,Ottawa Senators,2,5,L,REG,18,16,2,L 1,27,8,0,0,37,4,1,1
37,2007-12-29,time unavailable,H,New Jersey Devils,5,2,W,REG,19,16,2,W 1,33,23,1,1,29,23,0,0
38,2007-12-31,time unavailable,@,Carolina Hurricanes,4,1,W,REG,20,16,2,W 2,24,10,3,0,29,16,0,0
39,2008-01-03,time unavailable,H,Florida Panthers,3,4,L,OT,20,16,3,L 1,39,11,2,0,32,17,1,0
40,2008-01-05,time unavailable,@,Colorado Avalanche,1,2,L,OT,20,16,4,L 2,24,8,0,0,39,6,0,0
41,2008-01-07,time unavailable,@,Edmonton Oilers,0,4,L,REG,20,17,4,L 3,35,20,0,0,33,16,1,0
42,2008-01-08,time unavailable,@,Vancouver Canucks,2,3,L,SO,20,17,5,L 4,28,14,0,0,45,2,0,0
43,2008-01-11,time unavailable,@,Calgary Flames,5,4,W,SO,21,17,5,W 1,25,10,0,0,42,8,0,0
44,2008-01-13,time unavailable,@,Ottawa Senators,3,1,W,REG,22,17,5,W 2,31,8,2,0,32,20,1,0
45,2008-01-15,time unavailable,H,Montreal Canadiens,1,3,L,REG,22,18,5,L 1,18,4,0,0,22,2,0,1
46,2008-01-16,time unavailable,@,New Jersey Devils,3,1,W,REG,23,18,5,W 1,23,10,1,0,38,8,0,0
47,2008-01-19,time unavailable,H,Philadelphia Flyers,3,5,L,REG,23,19,5,L 1,31,17,1,0,32,15,3,0
48,2008-01-21,time unavailable,H,Carolina Hurricanes,2,3,L,OT,23,19,6,L 2,25,9,0,0,29,7,1,0
49,2008-01-22,time unavailable,@,Carolina Hurricanes,6,3,W,REG,24,19,6,W 1,31,14,0,3,47,10,1,0
50,2008-01-24,time unavailable,@,Boston Bruins,1,4,L,REG,24,20,6,L 1,29,6,0,0,30,6,2,0
51,2008-01-29,time unavailable,H,Ottawa Senators,2,5,L,REG,24,21,6,L 2,25,8,1,0,26,4,1,0
52,2008-01-31,time unavailable,H,Los Angeles Kings,1,3,L,REG,24,22,6,L 3,29,10,0,0,27,4,1,0
53,2008-02-02,time unavailable,@,Montreal Canadiens,1,4,L,REG,24,23,6,L 4,30,12,0,0,32,12,1,1
54,2008-02-05,time unavailable,H,Anaheim Ducks,0,3,L,REG,24,24,6,L 5,25,12,0,0,26,4,1,0
55,2008-02-07,time unavailable,@,Pittsburgh Penguins,3,4,L,REG,24,25,6,L 6,32,11,2,0,27,11,2,0
56,2008-02-09,time unavailable,@,Minnesota Wild,3,4,L,OT,24,25,7,L 7,29,8,0,0,18,8,0,0
57,2008-02-12,time unavailable,H,Philadelphia Flyers,4,3,W,REG,25,25,7,W 1,47,12,0,0,29,8,1,0
58,2008-02-14,time unavailable,@,Toronto Maple Leafs,5,4,W,REG,26,25,7,W 2,29,8,4,0,31,14,1,0
59,2008-02-16,time unavailable,H,Atlanta Thrashers,4,1,W,REG,27,25,7,W 3,49,24,1,0,10,35,1,0
60,2008-02-18,time unavailable,H,San Jose Sharks,3,2,W,REG,28,25,7,W 4,21,18,0,0,30,33,0,0
61,2008-02-20,time unavailable,@,Washington Capitals,3,2,W,SO,29,25,7,W 5,19,12,0,0,30,10,1,0
62,2008-02-21,time unavailable,H,Tampa Bay Lightning,1,0,W,REG,30,25,7,W 6,28,6,0,0,32,10,0,0
63,2008-02-23,time unavailable,@,New Jersey Devils,2,4,L,REG,30,26,7,L 1,21,14,0,0,42,10,1,1
64,2008-02-26,time unavailable,H,Pittsburgh Penguins,2,4,L,REG,30,27,7,L 2,52,25,1,0,21,23,2,0
65,2008-02-28,time unavailable,@,Atlanta Thrashers,5,4,W,OT,31,27,7,W 1,37,10,0,0,23,10,0,1
66,2008-03-01,time unavailable,H,Philadelphia Flyers,1,4,L,REG,31,28,7,L 1,34,7,1,0,31,11,1,1
67,2008-03-02,time unavailable,H,Florida Panthers,0,1,L,REG,31,29,7,L 2,53,4,0,0,30,6,0,0
68,2008-03-04,time unavailable,@,New York Rangers,4,3,W,SO,32,29,7,W 1,18,6,0,0,30,6,1,1
69,2008-03-06,time unavailable,H,New York Rangers,1,4,L,REG,32,30,7,L 1,27,6,0,0,28,10,0,0
70,2008-03-08,time unavailable,@,Philadelphia Flyers,1,4,L,REG,32,31,7,L 2,33,18,0,0,27,14,4,0
71,2008-03-11,time unavailable,@,Tampa Bay Lightning,4,8,L,REG,32,32,7,L 3,24,15,1,0,44,13,2,0
72,2008-03-12,time unavailable,@,Florida Panthers,2,4,L,REG,32,33,7,L 4,29,4,1,0,32,6,0,0
73,2008-03-15,time unavailable,@,Montreal Canadiens,0,3,L,REG,32,34,7,L 5,30,2,0,0,29,4,1,0
74,2008-03-18,time unavailable,H,Toronto Maple Leafs,1,3,L,REG,32,35,7,L 6,28,10,0,1,26,8,1,0
75,2008-03-21,time unavailable,@,New Jersey Devils,3,1,W,REG,33,35,7,W 1,16,31,1,0,35,25,1,0
76,2008-03-23,time unavailable,@,Philadelphia Flyers,1,4,L,REG,33,36,7,L 1,33,10,1,0,26,14,3,0
77,2008-03-24,time unavailable,H,Pittsburgh Penguins,4,1,W,REG,34,36,7,W 1,36,12,1,1,29,10,1,0
78,2008-03-27,time unavailable,@,Pittsburgh Penguins,1,3,L,REG,34,37,7,L 1,28,26,0,0,29,24,0,1
79,2008-03-29,time unavailable,H,Philadelphia Flyers,3,4,L,SO,34,37,8,L 2,30,4,0,0,54,10,1,0
80,2008-04-01,time unavailable,H,New Jersey Devils,1,2,L,OT,34,37,9,L 3,22,6,0,0,47,2,1,0
81,2008-04-03,time unavailable,H,New York Rangers,0,3,L,REG,34,38,9,L 4,25,18,0,0,35,8,2,0
82,2008-04-04,time unavailable,@,New York Rangers,4,3,W,SO,35,38,9,W 1,32,26,0,1,51,8,0,0

Time,Location,Result,Game Ended In

Shawn Bates,,17,C,32,6-0,210,R/-,9,"April 3, 1975",us,"0 G, 0 A, 0 P"
Bryan Berard,,4,D,30,6-2,220,L/-,9,"March 5, 1977",us,"5 G, 17 A, 22 P"
Sean Bergenheim,,20,LW,23,5-10,201,L/-,2,"February 8, 1984",fi,"10 G, 12 A, 22 P"
Marc-Andre Bergeron,,47,D,27,5-9,198,L/-,4,"October 13, 1980",ca,"9 G, 9 A, 18 P"
Darryl Bootland,,27,RW,26,6-1,197,R/-,2,"November 2, 1981",ca,"0 G, 1 A, 1 P"
Kip Brennan,,37,LW,27,6-4,230,L/-,4,"August 27, 1980",ca,"0 G, 0 A, 0 P"
Chris Campoli,,14,D,23,6-0,200,L/-,2,"July 9, 1984",ca,"4 G, 14 A, 18 P"
Jeremy Colliton,,72,C,23,6-2,195,R/-,2,"January 13, 1985",ca,"0 G, 0 A, 0 P"
Blake Comeau,,57,LW,21,6-1,202,R/-,1,"February 18, 1986",ca,"8 G, 7 A, 15 P"
Mike Comrie,,89,C,27,5-10,185,L/-,6,"September 11, 1980",ca,"21 G, 28 A, 49 P"
Rob Davison,,3,D,27,6-2,215,L/-,4,"May 1, 1980",ca,"1 G, 1 A, 2 P"
Rick DiPietro,,39,G,26,6-0,185,-/R,5,"September 19, 1981",us,"26-28-7, 2.82 GAA"
Wade Dubielewicz,,34,G,29,5-10,180,-/L,3,"January 30, 1979",ca,"9-9-1, 2.70 GAA"
Drew Fata,,49,D,24,6-1,220,L/-,1,"July 28, 1983",ca,"0 G, 1 A, 1 P"
Ruslan Fedotenko,,26,LW,29,6-1,200,L/-,6,"January 18, 1979",su,"16 G, 17 A, 33 P"
Bruno Gervais,,8,D,23,6-1,200,R/-,2,"October 3, 1984",ca,"0 G, 13 A, 13 P"
Bill Guerin,(C),13,RW,37,6-2,220,R/-,15,"November 9, 1970",us,"23 G, 21 A, 44 P"
Andy Hilbert,,11,C,26,5-10,188,L/-,5,"February 6, 1981",us,"8 G, 8 A, 16 P"
Jack Hillen,,38,D,22,5-10,190,L/-,R,"January 24, 1986",us,"0 G, 1 A, 1 P"
Trent Hunter,,7,RW,27,6-3,217,R/-,4,"July 5, 1980",ca,"12 G, 29 A, 41 P"
Tim Jackman,,28,RW,26,6-2,224,R/-,3,"November 14, 1981",us,"1 G, 3 A, 4 P"
Aaron Johnson,,2,D,24,6-1,204,L/-,3,"April 30, 1983",ca,"0 G, 2 A, 2 P"
Matt Keith,,27,RW,24,6-2,200,R/-,3,"April 11, 1983",ca,"0 G, 0 A, 0 P"
Joey MacDonald,,35,G,27,6-0,197,-/L,1,"February 7, 1980",ca,"0-1-1, 3.00 GAA"
Radek Martinek,,24,D,31,6-0,206,R/-,5,"August 31, 1976",cs,"0 G, 15 A, 15 P"
Freddy Meyer,,44,D,27,5-10,185,L/-,3,"January 4, 1981",us,"3 G, 9 A, 12 P"
Frans Nielsen,,51,C,23,6-1,188,L/-,1,"April 24, 1984",dk,"2 G, 1 A, 3 P"
Kyle Okposo,,21,RW,19,6-0,217,R/-,R,"April 16, 1988",us,"2 G, 3 A, 5 P"
Richard Park,,10,RW,31,5-11,190,R/-,10,"May 27, 1976",kr,"12 G, 20 A, 32 P"
Steve Regier,,48,LW,23,6-4,194,L/-,2,"August 31, 1984",ca,"0 G, 0 A, 0 P"
Miroslav Satan,,81,RW,33,6-3,191,L/-,11,"October 22, 1974",cs,"16 G, 25 A, 41 P"
Mike Sillinger,,18,C,36,5-11,198,R/-,15,"June 29, 1971",ca,"14 G, 12 A, 26 P"
Jon Sim,,16,LW,30,5-10,195,L/-,8,"September 29, 1977",ca,"0 G, 1 A, 1 P"
Chris Simon,,11,LW,36,6-3,233,L/-,14,"January 30, 1972",ca,"1 G, 2 A, 3 P"
Matthew Spiller,,6,D,24,6-5,235,L/-,2,"February 7, 1983",ca,"0 G, 1 A, 1 P"
Andy Sutton,,25,D,32,6-6,245,L/-,8,"March 10, 1975",ca,"1 G, 7 A, 8 P"
Jeff Tambellini,,15,LW,23,5-11,186,L/-,2,"April 13, 1984",ca,"1 G, 3 A, 4 P"
Josef Vasicek,,63,C,27,6-5,214,L/-,6,"September 12, 1980",cs,"16 G, 19 A, 35 P"
Ben Walter,,29,C,23,6-0,185,L/-,2,"May 11, 1984",ca,"1 G, 0 A, 1 P"
Brendan Witt,,32,D,32,6-2,223,L/-,11,"February 20, 1975",ca,"2 G, 5 A, 7 P"
