Ottawa Senators,OTT,nhl
2007-08,2008
33
82
4
GP,Date,Time,Location,Opponent,GF,GA,Result,Game Ended In,W,L,OL,Streak,S,PIM,PPG,SHG,S,PIM,PPG,SHG,Notes
1,2007-10-03,time unavailable,@,Toronto Maple Leafs,4,3,W,OT,1,0,0,W 1,30,24,0,0,29,18,0,0
2,2007-10-04,time unavailable,H,Toronto Maple Leafs,3,2,W,REG,2,0,0,W 2,29,18,2,0,43,26,0,0
3,2007-10-06,time unavailable,H,New York Rangers,2,0,W,REG,3,0,0,W 3,33,17,0,1,35,15,0,0
4,2007-10-08,time unavailable,H,New Jersey Devils,4,2,W,REG,4,0,0,W 4,37,6,1,0,29,10,0,0
5,2007-10-10,time unavailable,@,Atlanta Thrashers,3,1,W,REG,5,0,0,W 5,36,6,1,0,29,8,0,0
6,2007-10-11,time unavailable,H,Carolina Hurricanes,3,5,L,REG,5,1,0,L 1,30,8,0,0,32,10,1,0
7,2007-10-13,time unavailable,@,New York Rangers,3,1,W,REG,6,1,0,W 1,34,24,1,0,37,20,0,0
8,2007-10-18,time unavailable,H,Montreal Canadiens,4,3,W,REG,7,1,0,W 2,33,10,1,0,31,10,2,0
9,2007-10-20,time unavailable,H,Florida Panthers,4,1,W,REG,8,1,0,W 3,47,25,1,0,32,14,1,0
10,2007-10-27,time unavailable,@,New Jersey Devils,4,1,W,REG,9,1,0,W 4,27,6,1,1,32,6,1,0
11,2007-11-01,time unavailable,H,Atlanta Thrashers,6,4,W,REG,10,1,0,W 5,28,22,0,1,19,14,2,0
12,2007-11-03,time unavailable,H,Boston Bruins,3,2,W,REG,11,1,0,W 6,45,9,3,0,19,19,0,0
13,2007-11-04,time unavailable,@,Boston Bruins,2,1,W,SO,12,1,0,W 7,36,8,0,1,22,12,0,0
14,2007-11-06,time unavailable,H,Toronto Maple Leafs,5,1,W,REG,13,1,0,W 8,21,30,1,1,31,20,1,0
15,2007-11-08,time unavailable,H,Washington Capitals,1,4,L,REG,13,2,0,L 1,28,10,0,0,35,12,1,0
16,2007-11-10,time unavailable,H,Montreal Canadiens,3,1,W,REG,14,2,0,W 1,37,14,0,0,29,8,1,0
17,2007-11-15,time unavailable,H,Buffalo Sabres,3,2,W,REG,15,2,0,W 2,34,14,1,0,37,14,1,0
18,2007-11-17,time unavailable,@,Toronto Maple Leafs,0,3,L,REG,15,3,0,L 1,24,10,0,0,18,10,2,0
19,2007-11-19,time unavailable,@,Montreal Canadiens,4,2,W,REG,16,3,0,W 1,29,12,1,0,38,10,1,0
20,2007-11-21,time unavailable,@,Buffalo Sabres,2,4,L,REG,16,4,0,L 1,29,8,1,0,31,6,1,0
21,2007-11-22,time unavailable,H,Pittsburgh Penguins,5,6,L,SO,16,4,1,L 2,36,23,2,0,25,13,1,0
22,2007-11-24,time unavailable,H,Philadelphia Flyers,3,4,L,REG,16,5,1,L 3,29,8,1,0,41,8,0,0
23,2007-11-28,time unavailable,@,New York Islanders,2,3,L,SO,16,5,2,L 4,37,10,1,0,22,16,0,0
24,2007-11-29,time unavailable,H,Nashville Predators,5,6,L,REG,16,6,2,L 5,32,18,0,0,35,4,1,0
25,2007-12-01,time unavailable,H,New York Rangers,2,5,L,REG,16,7,2,L 6,33,12,0,0,25,6,2,0
26,2007-12-04,time unavailable,@,Tampa Bay Lightning,3,4,L,SO,16,7,3,L 7,29,12,1,0,28,12,0,0
27,2007-12-05,time unavailable,@,Florida Panthers,5,4,W,REG,17,7,3,W 1,32,7,1,0,25,11,1,0
28,2007-12-07,time unavailable,@,Dallas Stars,4,2,W,REG,18,7,3,W 2,20,14,1,0,25,25,1,0
29,2007-12-12,time unavailable,@,Carolina Hurricanes,6,0,W,REG,19,7,3,W 3,26,15,0,0,32,21,0,0
30,2007-12-13,time unavailable,@,Pittsburgh Penguins,4,1,W,REG,20,7,3,W 4,26,11,2,0,27,11,0,0
31,2007-12-15,time unavailable,H,Atlanta Thrashers,7,3,W,REG,21,7,3,W 5,44,14,1,0,25,10,1,0
32,2007-12-18,time unavailable,@,Boston Bruins,3,2,W,REG,22,7,3,W 6,27,8,1,0,28,4,0,0
33,2007-12-20,time unavailable,@,Atlanta Thrashers,2,3,L,REG,22,8,3,L 1,30,21,0,0,45,13,1,0
34,2007-12-22,time unavailable,H,Chicago Blackhawks,3,4,L,OT,22,8,4,L 2,29,12,0,1,29,12,2,0
35,2007-12-23,time unavailable,@,New York Rangers,3,1,W,REG,23,8,4,W 1,25,10,0,0,35,6,0,0
36,2007-12-26,time unavailable,@,Buffalo Sabres,5,3,W,REG,24,8,4,W 2,24,6,1,0,32,16,1,0
37,2007-12-27,time unavailable,H,New York Islanders,5,2,W,REG,25,8,4,W 3,37,4,1,1,27,8,0,0
38,2007-12-29,time unavailable,H,Washington Capitals,6,8,L,REG,25,9,4,L 1,22,15,2,2,30,17,2,0
39,2008-01-01,time unavailable,@,Washington Capitals,3,6,L,REG,25,10,4,L 2,34,13,0,0,26,9,1,0
40,2008-01-04,time unavailable,@,Buffalo Sabres,5,3,W,REG,26,10,4,W 1,27,13,1,0,39,13,1,0
41,2008-01-05,time unavailable,H,Tampa Bay Lightning,4,3,W,OT,27,10,4,W 2,27,0,0,0,19,4,0,0
42,2008-01-10,time unavailable,H,Buffalo Sabres,3,2,W,SO,28,10,4,W 3,25,13,0,1,24,17,0,0
43,2008-01-12,time unavailable,H,Detroit Red Wings,3,2,W,REG,29,10,4,W 4,32,17,2,0,29,15,1,0
44,2008-01-13,time unavailable,H,New York Islanders,1,3,L,REG,29,11,4,L 1,32,20,1,0,31,8,2,0
45,2008-01-15,time unavailable,@,Washington Capitals,2,4,L,REG,29,12,4,L 2,28,10,0,0,27,4,2,0
46,2008-01-17,time unavailable,H,Carolina Hurricanes,5,1,W,REG,30,12,4,W 1,32,10,1,0,37,8,1,0
47,2008-01-19,time unavailable,H,Tampa Bay Lightning,0,2,L,REG,30,13,4,L 1,25,2,0,0,26,8,1,0
48,2008-01-20,time unavailable,@,Philadelphia Flyers,1,6,L,REG,30,14,4,L 2,26,24,0,0,21,16,2,1
49,2008-01-22,time unavailable,@,Florida Panthers,3,5,L,REG,30,15,4,L 3,46,15,0,0,40,11,1,0
50,2008-01-24,time unavailable,@,Tampa Bay Lightning,8,4,W,REG,31,15,4,W 1,26,15,1,1,25,23,0,0
51,2008-01-29,time unavailable,@,New York Islanders,5,2,W,REG,32,15,4,W 2,26,4,1,0,25,8,1,0
52,2008-01-31,time unavailable,H,Boston Bruins,1,4,L,REG,32,16,4,L 1,31,10,1,0,22,12,0,0
53,2008-02-02,time unavailable,@,Toronto Maple Leafs,2,4,L,REG,32,17,4,L 2,21,12,0,0,26,0,1,0
54,2008-02-05,time unavailable,@,Montreal Canadiens,3,4,L,REG,32,18,4,L 3,29,12,1,0,26,10,2,0
55,2008-02-07,time unavailable,H,Florida Panthers,5,4,W,REG,33,18,4,W 1,34,10,1,0,33,8,2,0
56,2008-02-09,time unavailable,H,Montreal Canadiens,6,1,W,REG,34,18,4,W 2,29,20,2,0,34,34,1,0
57,2008-02-12,time unavailable,H,Buffalo Sabres,1,5,L,REG,34,19,4,L 1,26,10,1,0,39,14,2,0
58,2008-02-13,time unavailable,@,New Jersey Devils,2,3,L,OT,34,19,5,L 2,25,14,0,0,31,10,0,1
59,2008-02-16,time unavailable,H,New Jersey Devils,2,3,L,REG,34,20,5,L 3,39,22,0,0,29,18,1,0
60,2008-02-19,time unavailable,H,Philadelphia Flyers,3,2,W,SO,35,20,5,W 1,35,14,0,1,25,24,0,1
61,2008-02-21,time unavailable,H,Columbus Blue Jackets,2,3,L,SO,35,20,6,L 1,29,9,1,0,24,25,0,0
62,2008-02-23,time unavailable,@,Pittsburgh Penguins,4,3,W,OT,36,20,6,W 1,28,12,0,0,35,2,1,0
63,2008-02-25,time unavailable,H,Toronto Maple Leafs,0,5,L,REG,36,21,6,L 1,31,6,0,0,27,8,3,0
64,2008-02-26,time unavailable,@,Boston Bruins,0,4,L,REG,36,22,6,L 2,22,12,0,0,29,10,1,1
65,2008-02-28,time unavailable,@,Philadelphia Flyers,1,3,L,REG,36,23,6,L 3,33,26,1,0,38,25,0,0
66,2008-03-01,time unavailable,H,Pittsburgh Penguins,5,4,W,REG,37,23,6,W 1,30,19,2,1,29,19,1,0
67,2008-03-03,time unavailable,@,Anaheim Ducks,1,3,L,REG,37,24,6,L 1,25,12,0,0,31,10,2,0
68,2008-03-05,time unavailable,@,San Jose Sharks,2,3,L,OT,37,24,7,L 2,19,6,1,0,30,8,1,0
69,2008-03-06,time unavailable,@,Los Angeles Kings,0,2,L,REG,37,25,7,L 3,40,19,0,0,32,13,1,0
70,2008-03-08,time unavailable,@,Phoenix Coyotes,4,2,W,REG,38,25,7,W 1,32,14,2,1,35,6,0,0
71,2008-03-11,time unavailable,H,Boston Bruins,4,1,W,REG,39,25,7,W 2,25,8,2,0,29,6,0,0
72,2008-03-13,time unavailable,@,Montreal Canadiens,3,0,W,REG,40,25,7,W 3,24,8,2,0,28,10,0,0
73,2008-03-16,time unavailable,@,Carolina Hurricanes,1,5,L,REG,40,26,7,L 1,17,29,1,0,32,19,3,0
74,2008-03-20,time unavailable,H,St. Louis Blues,3,2,W,REG,41,26,7,W 1,24,8,0,0,26,10,0,0
75,2008-03-22,time unavailable,H,Toronto Maple Leafs,4,5,L,REG,41,27,7,L 1,36,43,2,0,34,25,2,0
76,2008-03-24,time unavailable,@,Montreal Canadiens,5,7,L,REG,41,28,7,L 2,36,22,1,0,32,16,2,1
77,2008-03-25,time unavailable,@,Buffalo Sabres,6,3,W,REG,42,28,7,W 1,31,8,0,1,32,6,0,0
78,2008-03-27,time unavailable,H,Buffalo Sabres,3,4,L,SO,42,28,8,L 1,28,14,0,0,40,8,1,0
79,2008-03-29,time unavailable,@,Boston Bruins,0,4,L,REG,42,29,8,L 2,34,17,0,0,31,15,1,1
80,2008-04-01,time unavailable,H,Montreal Canadiens,0,3,L,REG,42,30,8,L 3,32,29,0,0,27,25,2,0
81,2008-04-03,time unavailable,@,Toronto Maple Leafs,8,2,W,REG,43,30,8,W 1,37,45,2,3,28,55,1,0
82,2008-04-04,time unavailable,H,Boston Bruins,1,2,L,REG,43,31,8,L 1,18,6,0,0,29,6,0,0

GP,Date,Time,Location,Opponent,GF,GA,Result,Game Ended In,W,L,Streak,S,PIM,PPG,SHG,S,PIM,PPG,SHG,Notes
1,2008-04-09,time unavailable,@,Pittsburgh Penguins,0,4,L,REG,0,1,L 1,26,29,0,0,35,43,1,0
2,2008-04-11,time unavailable,@,Pittsburgh Penguins,3,5,L,REG,0,2,L 2,30,26,1,0,54,8,3,0
3,2008-04-14,time unavailable,H,Pittsburgh Penguins,1,4,L,REG,0,3,L 3,34,20,0,0,38,8,1,0
4,2008-04-16,time unavailable,H,Pittsburgh Penguins,1,3,L,REG,0,4,L 4,22,10,0,0,34,6,1,0

Daniel Alfredsson,(C),11,RW,35,5-11,196,R/-,11,"December 11, 1972",se,"40 G, 49 A, 89 P"
Cody Bass,,58,C,21,6-0,205,R/-,R,"January 7, 1987",ca,"2 G, 2 A, 4 P"
Mike Commodore,,44,D,28,6-4,227,R/-,6,"November 7, 1979",ca,"0 G, 2 A, 2 P"
Joe Corvo,,7,D,30,6-0,204,R/-,4,"June 20, 1977",us,"6 G, 21 A, 27 P"
Shean Donovan,,10,RW,33,6-3,218,R/-,12,"January 22, 1975",ca,"5 G, 7 A, 12 P"
Patrick Eaves,,44,RW,23,6-0,200,R/-,2,"May 1, 1984",ca,"4 G, 6 A, 10 P"
Brian Elliott,,30,G,22,6-2,209,-/L,R,"April 9, 1985",ca,"1-0-0, 1.00 GAA"
Ray Emery,,1,G,25,6-2,196,-/L,4,"September 28, 1982",ca,"12-13-4, 3.13 GAA"
Mike Fisher,,12,C,27,6-1,216,R/-,7,"June 5, 1980",ca,"23 G, 24 A, 47 P"
Nick Foligno,,71,LW,20,6-0,210,L/-,R,"October 31, 1987",us,"6 G, 3 A, 9 P"
Martin Gerber,,29,G,33,6-0,205,-/L,4,"September 3, 1974",ch,"30-18-4, 2.72 GAA"
Dany Heatley,,15,LW,27,6-3,212,L/-,5,"January 21, 1981",de,"41 G, 41 A, 82 P"
Josh Hennessy,,36,C,22,6-0,192,L/-,1,"February 7, 1985",us,"0 G, 0 A, 0 P"
Chris Kelly,,22,C,27,6-0,193,L/-,3,"November 11, 1980",ca,"11 G, 19 A, 30 P"
Martin Lapointe,,28,RW,34,5-11,215,R/-,15,"September 12, 1973",ca,"3 G, 3 A, 6 P"
Brian Lee,,55,D,20,6-3,200,R/-,R,"March 26, 1987",us,"0 G, 1 A, 1 P"
Dean McAmmond,,37,LW,34,5-11,195,L/-,14,"June 15, 1973",ca,"9 G, 13 A, 22 P"
Brian McGrattan,,16,RW,26,6-4,235,R/-,2,"September 2, 1981",ca,"0 G, 3 A, 3 P"
Andrej Meszaros,,14,D,22,6-2,223,L/-,2,"October 13, 1985",cs,"9 G, 27 A, 36 P"
Chris Neil,,25,RW,28,6-1,206,R/-,5,"June 18, 1979",ca,"6 G, 14 A, 20 P"
Alexander Nikulin,,41,C,22,6-1,205,L/-,R,"August 25, 1985",su,"0 G, 0 A, 0 P"
Lawrence Nycholat,,3,D,28,6-0,200,L/-,2,"May 7, 1979",ca,"0 G, 0 A, 0 P"
Chris Phillips,,4,D,29,6-3,221,L/-,9,"March 9, 1978",ca,"5 G, 13 A, 18 P"
Wade Redden,,6,D,30,6-2,205,L/-,10,"June 12, 1977",ca,"6 G, 32 A, 38 P"
Luke Richardson,,2,D,38,6-3,208,L/-,19,"March 26, 1969",ca,"2 G, 7 A, 9 P"
Randy Robitaille,,27,C,32,5-11,200,L/-,10,"October 12, 1975",ca,"10 G, 19 A, 29 P"
Christoph Schubert,,5,D,25,6-3,230,L/-,2,"February 5, 1982",de,"8 G, 16 A, 24 P"
Jason Spezza,,19,C,24,6-3,220,R/-,4,"June 13, 1983",ca,"34 G, 58 A, 92 P"
Cory Stillman,,61,LW,34,6-0,200,L/-,12,"December 20, 1973",ca,"3 G, 16 A, 19 P"
Antoine Vermette,,20,LW,25,6-1,198,L/-,3,"July 20, 1982",ca,"24 G, 29 A, 53 P"
Anton Volchenkov,,24,D,25,6-1,220,L/-,4,"February 25, 1982",su,"1 G, 14 A, 15 P"
Jesse Winchester,,18,C,24,6-1,205,R/-,R,"October 4, 1983",ca,"0 G, 0 A, 0 P"
Ilya Zubov,,53,C,20,6-0,211,L/-,R,"February 14, 1987",su,"0 G, 0 A, 0 P"
