Phoenix Coyotes,PHX,nhl
2007-08,2008
35
82
0
GP,Date,Time,Location,Opponent,GF,GA,Result,Game Ended In,W,L,OL,Streak,S,PIM,PPG,SHG,S,PIM,PPG,SHG,Notes
1,2007-10-04,time unavailable,H,St. Louis Blues,3,2,W,REG,1,0,0,W 1,34,18,0,0,24,22,1,0
2,2007-10-06,time unavailable,H,Boston Bruins,1,3,L,REG,1,1,0,L 1,37,6,0,0,24,8,2,1
3,2007-10-10,time unavailable,@,Columbus Blue Jackets,0,3,L,REG,1,2,0,L 2,32,11,0,0,33,19,0,0
4,2007-10-11,time unavailable,@,Nashville Predators,6,3,W,REG,2,2,0,W 1,24,23,2,1,39,17,2,0
5,2007-10-13,time unavailable,H,Minnesota Wild,2,3,L,REG,2,3,0,L 1,29,24,1,0,26,22,1,1
6,2007-10-18,time unavailable,H,Edmonton Oilers,2,4,L,REG,2,4,0,L 2,41,4,1,0,18,8,0,0
7,2007-10-20,time unavailable,H,Detroit Red Wings,2,5,L,REG,2,5,0,L 3,21,6,0,0,42,10,0,0
8,2007-10-25,time unavailable,@,Anaheim Ducks,1,0,W,REG,3,5,0,W 1,21,12,0,0,31,10,0,0
9,2007-10-27,time unavailable,H,Dallas Stars,3,5,L,REG,3,6,0,L 1,31,12,0,0,25,10,2,1
10,2007-10-30,time unavailable,@,St. Louis Blues,2,1,W,REG,4,6,0,W 1,27,22,0,0,25,18,0,0
11,2007-11-02,time unavailable,@,Dallas Stars,5,0,W,REG,5,6,0,W 2,26,13,0,1,35,15,0,0
12,2007-11-03,time unavailable,H,Anaheim Ducks,2,5,L,REG,5,7,0,L 1,32,47,1,0,39,23,2,0
13,2007-11-07,time unavailable,@,Anaheim Ducks,6,5,W,OT,6,7,0,W 1,29,12,2,0,27,16,2,0
14,2007-11-08,time unavailable,H,Dallas Stars,5,2,W,REG,7,7,0,W 2,31,8,3,0,26,14,0,0
15,2007-11-10,time unavailable,@,San Jose Sharks,1,4,L,REG,7,8,0,L 1,23,10,0,0,28,6,1,0
16,2007-11-12,time unavailable,@,San Jose Sharks,0,5,L,REG,7,9,0,L 2,25,40,0,0,28,30,1,1
17,2007-11-15,time unavailable,H,San Jose Sharks,0,6,L,REG,7,10,0,L 3,15,10,0,0,30,12,2,0
18,2007-11-17,time unavailable,@,Los Angeles Kings,1,0,W,REG,8,10,0,W 1,38,10,1,0,28,6,0,0
19,2007-11-21,time unavailable,H,Los Angeles Kings,4,1,W,REG,9,10,0,W 2,34,14,1,0,29,6,0,0
20,2007-11-23,time unavailable,@,Anaheim Ducks,4,3,W,SO,10,10,0,W 3,38,12,1,0,26,14,1,0
21,2007-11-24,time unavailable,H,Toronto Maple Leafs,5,1,W,REG,11,10,0,W 4,37,37,0,0,26,25,0,0
22,2007-11-28,time unavailable,@,Minnesota Wild,1,3,L,REG,11,11,0,L 1,22,6,0,0,28,6,0,0
23,2007-11-30,time unavailable,@,Chicago Blackhawks,1,6,L,REG,11,12,0,L 2,29,33,0,0,27,17,2,0
24,2007-12-01,time unavailable,@,Detroit Red Wings,2,3,L,REG,11,13,0,L 3,26,8,0,0,39,6,2,0
25,2007-12-03,time unavailable,@,Pittsburgh Penguins,1,3,L,REG,11,14,0,L 4,18,23,1,0,33,15,1,0
26,2007-12-05,time unavailable,H,Los Angeles Kings,4,1,W,REG,12,14,0,W 1,40,2,1,0,29,4,1,0
27,2007-12-07,time unavailable,H,San Jose Sharks,0,1,L,REG,12,15,0,L 1,27,10,0,0,26,10,0,0
28,2007-12-08,time unavailable,@,Los Angeles Kings,4,2,W,REG,13,15,0,W 1,22,10,1,0,24,28,1,0
29,2007-12-13,time unavailable,@,New York Islanders,2,3,L,REG,13,16,0,L 1,36,24,1,1,33,14,1,0
30,2007-12-15,time unavailable,@,New Jersey Devils,4,1,W,REG,14,16,0,W 1,38,13,1,1,31,23,0,1
31,2007-12-16,time unavailable,@,New York Rangers,5,1,W,REG,15,16,0,W 2,26,6,2,0,35,8,1,0
32,2007-12-18,time unavailable,@,Philadelphia Flyers,3,2,W,REG,16,16,0,W 3,42,8,0,1,28,6,1,0
33,2007-12-20,time unavailable,@,San Jose Sharks,3,2,W,SO,17,16,0,W 4,37,56,1,1,38,27,1,0
34,2007-12-22,time unavailable,H,Vancouver Canucks,1,2,L,SO,17,16,1,L 1,28,8,0,0,35,6,0,0
35,2007-12-27,time unavailable,H,Minnesota Wild,2,3,L,REG,17,17,1,L 2,48,8,1,0,26,12,3,0
36,2007-12-29,time unavailable,H,Detroit Red Wings,2,4,L,REG,17,18,1,L 3,34,6,0,0,35,8,1,0
37,2007-12-31,time unavailable,H,Colorado Avalanche,4,3,W,SO,18,18,1,W 1,26,6,2,0,45,12,0,0
38,2008-01-02,time unavailable,@,Colorado Avalanche,5,2,W,REG,19,18,1,W 2,31,11,2,2,26,11,0,0
39,2008-01-03,time unavailable,H,Chicago Blackhawks,4,2,W,REG,20,18,1,W 3,23,11,1,0,27,39,0,0
40,2008-01-05,time unavailable,H,Anaheim Ducks,3,2,W,SO,21,18,1,W 4,34,4,1,0,31,8,0,0
41,2008-01-08,time unavailable,@,Calgary Flames,3,1,W,REG,22,18,1,W 5,31,10,1,0,31,8,1,0
42,2008-01-10,time unavailable,@,Edmonton Oilers,2,5,L,REG,22,19,1,L 1,31,14,0,0,33,37,1,0
43,2008-01-11,time unavailable,@,Vancouver Canucks,4,3,W,REG,23,19,1,W 1,38,11,2,0,20,25,1,1
44,2008-01-13,time unavailable,@,Minnesota Wild,1,4,L,REG,23,20,1,L 1,27,7,1,0,34,11,0,0
45,2008-01-15,time unavailable,H,San Jose Sharks,5,3,W,REG,24,20,1,W 1,28,8,1,0,24,8,1,0
46,2008-01-17,time unavailable,H,Columbus Blue Jackets,3,4,L,REG,24,21,1,L 1,35,8,2,0,32,14,1,0
47,2008-01-19,time unavailable,H,Chicago Blackhawks,1,2,L,SO,24,21,2,L 2,39,20,1,0,24,8,1,0
48,2008-01-21,time unavailable,H,Buffalo Sabres,6,2,W,REG,25,21,2,W 1,33,8,2,0,21,8,0,0
49,2008-01-24,time unavailable,H,Nashville Predators,4,3,W,OT,26,21,2,W 2,30,6,0,0,32,2,0,0
50,2008-01-29,time unavailable,@,Columbus Blue Jackets,4,2,W,REG,27,21,2,W 3,28,7,1,0,24,11,0,0
51,2008-01-30,time unavailable,@,Detroit Red Wings,2,3,L,REG,27,22,2,L 1,34,6,0,0,39,2,0,0
52,2008-02-02,time unavailable,@,Nashville Predators,2,3,L,OT,27,22,3,L 2,37,35,0,0,37,13,0,0
53,2008-02-04,time unavailable,@,Colorado Avalanche,4,3,W,OT,28,22,3,W 1,33,8,1,0,36,8,2,0
54,2008-02-05,time unavailable,@,Calgary Flames,3,4,L,SO,28,22,4,L 1,23,11,0,0,38,9,1,0
55,2008-02-07,time unavailable,H,Columbus Blue Jackets,1,2,L,REG,28,23,4,L 2,27,20,1,0,33,18,1,1
56,2008-02-10,time unavailable,H,Nashville Predators,3,6,L,REG,28,24,4,L 3,33,2,1,0,28,10,0,0
57,2008-02-11,time unavailable,@,Dallas Stars,1,2,L,REG,28,25,4,L 4,20,17,1,0,44,11,1,0
58,2008-02-14,time unavailable,H,Dallas Stars,5,2,W,REG,29,25,4,W 1,27,6,1,1,34,12,0,0
59,2008-02-16,time unavailable,H,Los Angeles Kings,4,3,W,REG,30,25,4,W 2,37,10,2,0,25,10,1,0
60,2008-02-18,time unavailable,@,Los Angeles Kings,4,0,W,REG,31,25,4,W 3,29,25,1,0,34,21,0,0
61,2008-02-19,time unavailable,H,Calgary Flames,1,4,L,REG,31,26,4,L 1,25,26,1,0,35,26,1,0
62,2008-02-22,time unavailable,H,Colorado Avalanche,2,3,L,SO,31,26,5,L 2,29,10,1,0,29,8,1,0
63,2008-02-24,time unavailable,H,St. Louis Blues,2,0,W,REG,32,26,5,W 1,20,16,0,0,35,12,0,0
64,2008-02-27,time unavailable,@,Chicago Blackhawks,0,1,L,REG,32,27,5,L 1,32,10,0,0,25,12,0,0
65,2008-02-28,time unavailable,@,St. Louis Blues,2,1,W,REG,33,27,5,W 1,28,8,2,0,42,12,0,0
66,2008-03-01,time unavailable,H,Calgary Flames,1,3,L,REG,33,28,5,L 1,17,14,0,0,28,8,1,0
67,2008-03-05,time unavailable,@,Dallas Stars,2,1,W,REG,34,28,5,W 1,16,37,0,0,21,21,0,0
68,2008-03-06,time unavailable,H,Montreal Canadiens,2,4,L,REG,34,29,5,L 1,39,14,1,0,20,14,2,0
69,2008-03-08,time unavailable,H,Ottawa Senators,2,4,L,REG,34,30,5,L 2,35,6,0,0,32,14,2,1
70,2008-03-11,time unavailable,H,Anaheim Ducks,3,2,W,SO,35,30,5,W 1,39,8,1,0,37,10,0,0
71,2008-03-13,time unavailable,H,Vancouver Canucks,2,0,W,REG,36,30,5,W 2,45,41,1,0,24,29,0,0
72,2008-03-15,time unavailable,H,Edmonton Oilers,2,5,L,REG,36,31,5,L 1,40,14,1,0,37,10,1,0
73,2008-03-17,time unavailable,@,Vancouver Canucks,1,3,L,REG,36,32,5,L 2,26,29,0,0,28,17,2,0
74,2008-03-18,time unavailable,@,Edmonton Oilers,4,8,L,REG,36,33,5,L 3,34,10,1,0,36,10,3,2
75,2008-03-20,time unavailable,H,Los Angeles Kings,5,6,L,SO,36,33,6,L 4,40,23,4,0,36,10,1,1
76,2008-03-22,time unavailable,H,Anaheim Ducks,1,2,L,REG,36,34,6,L 5,31,15,1,0,15,15,1,0
77,2008-03-25,time unavailable,H,San Jose Sharks,5,4,W,OT,37,34,6,W 1,36,11,0,1,34,11,2,0
78,2008-03-27,time unavailable,@,Los Angeles Kings,0,4,L,REG,37,35,6,L 1,38,10,0,0,33,12,1,0
79,2008-03-30,time unavailable,@,San Jose Sharks,1,3,L,REG,37,36,6,L 2,20,2,0,0,32,4,0,0
80,2008-04-03,time unavailable,H,Dallas Stars,2,4,L,REG,37,37,6,L 3,23,20,0,1,36,14,2,0
81,2008-04-04,time unavailable,@,Dallas Stars,4,2,W,REG,38,37,6,W 1,21,8,1,0,32,6,0,1
82,2008-04-06,time unavailable,@,Anaheim Ducks,2,3,L,SO,38,37,7,L 1,34,0,1,0,43,4,0,0

Time,Location,Result,Game Ended In

David Aebischer,,1,G,29,6-1,185,-/L,6,"February 7, 1978",ch,"0-1-0, 3.00 GAA"
Alex Auld,,29,G,27,6-4,215,-/L,5,"January 7, 1981",ca,"3-6-0, 3.54 GAA"
Keith Ballard,,2,D,25,5-11,208,L/-,2,"November 26, 1982",us,"6 G, 15 A, 21 P"
Brendan Bell,,6,D,24,6-2,205,L/-,2,"March 31, 1983",ca,"0 G, 0 A, 0 P"
Nick Boynton,,44,D,29,6-1,218,R/-,7,"January 14, 1979",ca,"3 G, 9 A, 12 P"
Ilya Bryzgalov,,30,G,27,6-3,213,-/L,4,"June 22, 1980",su,"26-22-5, 2.43 GAA"
Ryan Caldwell,,29,D,26,6-2,174,L/-,1,"June 15, 1981",ca,"0 G, 0 A, 0 P"
Daniel Carcillo,,13,LW,23,6-0,200,L/-,1,"January 28, 1985",ca,"13 G, 11 A, 24 P"
Shane Doan,(C),19,RW,31,6-1,223,R/-,11,"October 10, 1976",ca,"28 G, 50 A, 78 P"
Josh Gratton,,24,LW,25,6-2,215,L/-,2,"September 9, 1982",ca,"0 G, 0 A, 0 P"
Martin Hanzal,,11,C,20,6-6,226,L/-,R,"February 20, 1987",cs,"8 G, 27 A, 35 P"
Marcel Hossa,,81,LW,26,6-3,220,L/-,5,"October 12, 1981",cs,"0 G, 0 A, 0 P"
Matt Jones,,5,D,24,6-0,215,L/-,2,"August 8, 1983",us,"0 G, 2 A, 2 P"
Ed Jovanovski,,55,D,31,6-3,220,L/-,11,"June 26, 1976",ca,"12 G, 39 A, 51 P"
Niko Kapanen,,39,C,29,5-9,180,L/-,5,"April 29, 1978",fi,"10 G, 18 A, 28 P"
Enver Lisin,,18,RW,21,6-2,200,L/-,1,"April 22, 1986",su,"4 G, 1 A, 5 P"
Freddy Meyer,,18,D,27,5-10,185,L/-,3,"January 4, 1981",us,"0 G, 0 A, 0 P"
Zbynek Michalek,,4,D,25,6-2,210,R/-,3,"December 23, 1982",cs,"4 G, 13 A, 17 P"
Derek Morris,,53,D,29,6-0,200,R/-,9,"August 24, 1978",ca,"8 G, 17 A, 25 P"
Peter Mueller,,88,C,19,6-2,204,R/-,R,"April 14, 1988",us,"22 G, 32 A, 54 P"
Matt Murley,,18,LW,28,6-1,206,L/-,2,"December 17, 1979",us,"0 G, 1 A, 1 P"
Joel Perrault,,26,C,24,6-2,212,R/-,2,"April 6, 1983",ca,"7 G, 10 A, 17 P"
Steve Reinprecht,,28,C,31,6-0,195,L/-,7,"May 7, 1976",ca,"16 G, 30 A, 46 P"
Fredrik Sjostrom,,20,RW,24,6-1,218,L/-,3,"May 6, 1983",se,"10 G, 9 A, 19 P"
Mikael Tellqvist,,32,G,28,5-11,185,-/L,4,"September 19, 1979",se,"9-8-2, 2.75 GAA"
Bill Thomas,,21,RW,24,6-1,185,R/-,2,"June 20, 1983",us,"0 G, 0 A, 0 P"
Mathias Tjarnqvist,,22,LW,28,6-2,196,L/-,3,"April 15, 1979",se,"4 G, 7 A, 11 P"
Kyle Turris,,91,C,18,6-1,190,R/-,R,"August 14, 1989",ca,"0 G, 1 A, 1 P"
Peter Vandermeer,,75,LW,32,6-0,209,L/-,R,"October 14, 1975",ca,"0 G, 0 A, 0 P"
Radim Vrbata,,17,RW,26,6-1,194,R/-,5,"June 13, 1981",cs,"27 G, 29 A, 56 P"
Craig Weller,,12,RW,27,6-4,220,R/-,R,"January 17, 1981",ca,"3 G, 8 A, 11 P"
Daniel Winnik,,34,C,22,6-2,203,L/-,R,"March 6, 1985",ca,"11 G, 15 A, 26 P"
Keith Yandle,,3,D,21,6-1,196,L/-,1,"September 9, 1986",us,"5 G, 7 A, 12 P"
Mike York,,16,LW,30,5-10,185,R/-,7,"January 3, 1978",us,"6 G, 8 A, 14 P"
Mike Zigomanis,,15,C,27,6-0,200,R/-,4,"January 17, 1981",ca,"2 G, 1 A, 3 P"
