St. Louis Blues,STL,nhl
2007-08,2008
33
82
0
GP,Date,Time,Location,Opponent,GF,GA,Result,Game Ended In,W,L,OL,Streak,S,PIM,PPG,SHG,S,PIM,PPG,SHG,Notes
1,2007-10-04,time unavailable,@,Phoenix Coyotes,2,3,L,REG,0,1,0,L 1,24,22,1,0,34,18,0,0
2,2007-10-06,time unavailable,@,Los Angeles Kings,5,3,W,REG,1,1,0,W 1,32,14,1,0,24,16,1,0
3,2007-10-10,time unavailable,H,Nashville Predators,4,1,W,REG,2,1,0,W 2,32,15,0,0,20,19,0,0
4,2007-10-12,time unavailable,H,Colorado Avalanche,4,1,W,REG,3,1,0,W 3,23,8,0,0,25,8,0,0
5,2007-10-17,time unavailable,@,Chicago Blackhawks,3,1,W,REG,4,1,0,W 4,26,15,2,0,29,9,1,0
6,2007-10-20,time unavailable,H,Minnesota Wild,1,3,L,REG,4,2,0,L 1,34,14,0,0,34,10,1,0
7,2007-10-23,time unavailable,H,Anaheim Ducks,4,2,W,REG,5,2,0,W 1,33,29,2,0,16,29,0,0
8,2007-10-25,time unavailable,@,Columbus Blue Jackets,0,3,L,REG,5,3,0,L 1,36,6,0,0,28,4,1,0
9,2007-10-27,time unavailable,H,Washington Capitals,4,3,W,REG,6,3,0,W 1,18,14,0,0,26,12,1,0
10,2007-10-30,time unavailable,H,Phoenix Coyotes,1,2,L,REG,6,4,0,L 1,25,18,0,0,27,22,0,0
11,2007-11-01,time unavailable,@,Minnesota Wild,3,2,W,REG,7,4,0,W 1,28,9,1,0,25,15,0,0
12,2007-11-03,time unavailable,H,Chicago Blackhawks,2,3,L,REG,7,5,0,L 1,22,4,0,0,22,10,0,2
13,2007-11-04,time unavailable,@,Columbus Blue Jackets,0,3,L,REG,7,6,0,L 2,21,8,0,0,25,8,0,0
14,2007-11-09,time unavailable,@,Chicago Blackhawks,2,4,L,REG,7,7,0,L 3,25,8,2,0,31,12,2,1
15,2007-11-13,time unavailable,H,Detroit Red Wings,4,3,W,REG,8,7,0,W 1,16,10,2,0,30,12,0,0
16,2007-11-16,time unavailable,H,Columbus Blue Jackets,3,2,W,REG,9,7,0,W 2,23,19,0,0,30,13,0,0
17,2007-11-17,time unavailable,@,Nashville Predators,3,2,W,SO,10,7,0,W 3,20,8,0,0,37,8,0,0
18,2007-11-19,time unavailable,H,Nashville Predators,2,1,W,REG,11,7,0,W 4,22,12,1,0,25,12,0,0
19,2007-11-21,time unavailable,@,Detroit Red Wings,0,3,L,REG,11,8,0,L 1,12,22,0,0,38,6,2,0
20,2007-11-23,time unavailable,H,Vancouver Canucks,3,1,W,REG,12,8,0,W 1,29,14,1,0,26,14,0,0
21,2007-11-25,time unavailable,H,Calgary Flames,3,0,W,REG,13,8,0,W 2,18,12,1,1,24,12,0,0
22,2007-11-28,time unavailable,@,Buffalo Sabres,4,3,W,REG,14,8,0,W 3,32,6,0,0,23,4,1,0
23,2007-11-30,time unavailable,@,Minnesota Wild,2,3,L,OT,14,8,1,L 1,24,8,0,0,26,8,1,0
24,2007-12-01,time unavailable,H,Chicago Blackhawks,3,1,W,REG,15,8,1,W 1,26,6,0,0,18,10,0,0
25,2007-12-04,time unavailable,@,Calgary Flames,1,3,L,REG,15,9,1,L 1,22,9,0,0,37,9,0,0
26,2007-12-07,time unavailable,@,Edmonton Oilers,4,3,W,REG,16,9,1,W 1,31,12,1,0,28,10,0,0
27,2007-12-09,time unavailable,@,Colorado Avalanche,5,9,L,REG,16,10,1,L 1,28,12,1,0,29,6,3,0
28,2007-12-11,time unavailable,H,Edmonton Oilers,4,5,L,SO,16,10,2,L 2,24,20,1,0,29,16,2,0
29,2007-12-13,time unavailable,H,Florida Panthers,0,1,L,REG,16,11,2,L 3,33,14,0,0,25,14,0,0
30,2007-12-16,time unavailable,H,Calgary Flames,3,5,L,REG,16,12,2,L 4,17,22,0,0,21,20,2,0
31,2007-12-20,time unavailable,H,Detroit Red Wings,3,2,W,REG,17,12,2,W 1,24,19,2,0,36,17,0,0
32,2007-12-22,time unavailable,@,Boston Bruins,4,1,W,REG,18,12,2,W 2,29,22,0,0,25,20,1,0
33,2007-12-23,time unavailable,H,Atlanta Thrashers,2,3,L,OT,18,12,3,L 1,20,8,1,0,25,6,2,0
34,2007-12-26,time unavailable,H,Detroit Red Wings,0,5,L,REG,18,13,3,L 2,20,13,0,0,27,17,2,0
35,2007-12-28,time unavailable,H,San Jose Sharks,0,1,L,REG,18,14,3,L 3,26,6,0,0,18,10,0,0
36,2007-12-29,time unavailable,@,Dallas Stars,4,5,L,SO,18,14,4,L 4,31,12,0,0,26,8,0,0
37,2007-12-31,time unavailable,@,Detroit Red Wings,2,0,W,REG,19,14,4,W 1,23,13,0,0,31,15,0,0
38,2008-01-02,time unavailable,H,Edmonton Oilers,2,3,L,OT,19,14,5,L 1,33,23,0,0,24,29,1,0
39,2008-01-05,time unavailable,H,Carolina Hurricanes,1,0,W,REG,20,14,5,W 1,19,18,0,0,27,18,0,0
40,2008-01-08,time unavailable,H,Columbus Blue Jackets,6,1,W,REG,21,14,5,W 2,31,10,1,0,18,12,0,0
41,2008-01-10,time unavailable,H,Dallas Stars,4,2,W,REG,22,14,5,W 3,26,13,0,0,27,13,1,0
42,2008-01-11,time unavailable,@,Columbus Blue Jackets,4,6,L,REG,22,15,5,L 1,30,29,1,0,37,27,2,0
43,2008-01-13,time unavailable,H,Vancouver Canucks,3,4,L,SO,22,15,6,L 2,22,8,1,0,25,8,1,0
44,2008-01-16,time unavailable,@,Chicago Blackhawks,1,6,L,REG,22,16,6,L 3,33,10,0,0,21,8,1,0
45,2008-01-19,time unavailable,H,Nashville Predators,2,5,L,REG,22,17,6,L 4,26,13,1,0,27,17,0,2
46,2008-01-21,time unavailable,@,Nashville Predators,3,6,L,REG,22,18,6,L 5,34,8,0,0,27,6,1,0
47,2008-01-23,time unavailable,@,Vancouver Canucks,2,3,L,SO,22,18,7,L 6,28,8,1,0,30,10,2,0
48,2008-01-24,time unavailable,@,San Jose Sharks,1,4,L,REG,22,19,7,L 7,18,18,1,0,26,16,2,0
49,2008-01-29,time unavailable,@,Toronto Maple Leafs,3,2,W,REG,23,19,7,W 1,19,8,0,0,25,6,0,0
50,2008-02-01,time unavailable,H,Anaheim Ducks,1,0,W,SO,24,19,7,W 2,20,15,0,0,30,11,0,0
51,2008-02-02,time unavailable,H,Colorado Avalanche,4,6,L,REG,24,20,7,L 1,32,6,1,0,24,8,1,0
52,2008-02-05,time unavailable,H,Tampa Bay Lightning,4,5,L,REG,24,21,7,L 2,25,2,1,0,24,4,1,0
53,2008-02-09,time unavailable,@,Dallas Stars,2,6,L,REG,24,22,7,L 3,29,8,0,0,23,8,3,0
54,2008-02-10,time unavailable,H,Minnesota Wild,1,2,L,SO,24,22,8,L 4,21,6,1,0,25,8,0,0
55,2008-02-12,time unavailable,H,Los Angeles Kings,4,2,W,REG,25,22,8,W 1,34,19,0,0,27,21,0,0
56,2008-02-14,time unavailable,@,Colorado Avalanche,4,1,W,REG,26,22,8,W 2,24,15,0,1,40,9,0,0
57,2008-02-16,time unavailable,@,Nashville Predators,1,2,L,OT,26,22,9,L 1,19,16,0,0,44,2,1,0
58,2008-02-17,time unavailable,H,Columbus Blue Jackets,5,1,W,REG,27,22,9,W 1,28,20,3,0,19,26,0,1
59,2008-02-19,time unavailable,H,Chicago Blackhawks,5,1,W,REG,28,22,9,W 2,37,19,3,0,20,21,0,0
60,2008-02-21,time unavailable,@,Los Angeles Kings,1,5,L,REG,28,23,9,L 1,33,11,1,0,28,11,2,0
61,2008-02-22,time unavailable,@,Anaheim Ducks,1,2,L,OT,28,23,10,L 2,17,18,0,0,29,18,0,0
62,2008-02-24,time unavailable,@,Phoenix Coyotes,0,2,L,REG,28,24,10,L 3,35,12,0,0,20,16,0,0
63,2008-02-26,time unavailable,H,Dallas Stars,1,3,L,REG,28,25,10,L 4,28,11,1,0,21,21,1,0
64,2008-02-28,time unavailable,H,Phoenix Coyotes,1,2,L,REG,28,26,10,L 5,42,12,0,0,28,8,2,0
65,2008-03-01,time unavailable,H,San Jose Sharks,0,2,L,REG,28,27,10,L 6,24,15,0,0,34,17,1,1
66,2008-03-04,time unavailable,H,Los Angeles Kings,3,2,W,REG,29,27,10,W 1,31,9,0,0,32,17,0,0
67,2008-03-05,time unavailable,@,Detroit Red Wings,1,4,L,REG,29,28,10,L 1,19,20,1,0,32,16,0,0
68,2008-03-08,time unavailable,@,Vancouver Canucks,2,4,L,REG,29,29,10,L 2,25,19,0,0,29,13,1,1
69,2008-03-10,time unavailable,@,Calgary Flames,3,7,L,REG,29,30,10,L 3,32,8,1,0,30,12,1,2
70,2008-03-11,time unavailable,@,Edmonton Oilers,3,4,L,OT,29,30,11,L 4,31,8,1,0,24,4,2,0
71,2008-03-14,time unavailable,@,San Jose Sharks,1,4,L,REG,29,31,11,L 5,21,29,1,0,27,13,0,0
72,2008-03-15,time unavailable,@,Anaheim Ducks,2,5,L,REG,29,32,11,L 6,40,8,0,0,33,2,1,0
73,2008-03-18,time unavailable,@,Montreal Canadiens,4,3,W,SO,30,32,11,W 1,28,12,1,0,30,8,1,0
74,2008-03-20,time unavailable,@,Ottawa Senators,2,3,L,REG,30,33,11,L 1,26,10,0,0,24,8,0,0
75,2008-03-23,time unavailable,@,Chicago Blackhawks,3,4,L,OT,30,33,12,L 2,29,21,0,0,31,17,0,0
76,2008-03-25,time unavailable,H,Detroit Red Wings,1,2,L,REG,30,34,12,L 3,18,12,0,0,32,8,1,0
77,2008-03-28,time unavailable,@,Detroit Red Wings,4,3,W,OT,31,34,12,W 1,21,14,1,0,39,12,2,0
78,2008-03-29,time unavailable,H,Chicago Blackhawks,3,4,L,REG,31,35,12,L 1,34,42,1,0,19,42,0,2
79,2008-04-01,time unavailable,H,Nashville Predators,3,4,L,OT,31,35,13,L 2,17,4,0,0,26,2,0,0
80,2008-04-03,time unavailable,@,Nashville Predators,2,3,L,REG,31,36,13,L 3,29,6,0,0,30,6,0,1
81,2008-04-05,time unavailable,H,Columbus Blue Jackets,3,0,W,REG,32,36,13,W 1,25,24,2,0,25,28,0,0
82,2008-04-06,time unavailable,@,Columbus Blue Jackets,4,1,W,REG,33,36,13,W 2,19,37,1,1,36,47,1,0

Time,Location,Result,Game Ended In

David Backes,,42,RW,23,6-3,221,R/-,1,"May 1, 1984",us,"13 G, 18 A, 31 P"
Christian Backman,,55,D,27,6-4,210,L/-,4,"April 28, 1980",se,"1 G, 9 A, 10 P"
Chris Beckford-Tseu,,45,G,23,6-2,201,L/L,R,"June 22, 1984",ca,"0-0-0, 2.22 GAA"
Brad Boyes,,22,RW,25,6-0,198,R/-,3,"April 17, 1982",ca,"43 G, 22 A, 65 P"
Eric Brewer,(C),4,D,28,6-4,216,L/-,8,"April 17, 1979",ca,"1 G, 21 A, 22 P"
Micki DuPont,,36,D,27,5-10,186,R/-,3,"April 15, 1980",ca,"0 G, 0 A, 0 P"
Mike Glumac,,15,RW,27,6-2,209,R/-,2,"April 5, 1980",ca,"0 G, 0 A, 0 P"
Dan Hinote,,13,RW,31,6-0,187,R/-,7,"January 30, 1977",us,"5 G, 5 A, 10 P"
Barret Jackman,,5,D,26,6-0,203,L/-,5,"March 5, 1981",ca,"2 G, 14 A, 16 P"
Cam Janssen,,55,RW,23,6-0,215,R/-,2,"April 15, 1984",us,"0 G, 1 A, 1 P"
Erik Johnson,,6,D,19,6-4,232,R/-,R,"March 21, 1988",us,"5 G, 28 A, 33 P"
Mike Johnson,,20,RW,33,6-2,202,R/-,10,"October 3, 1974",ca,"2 G, 3 A, 5 P"
Ryan Johnson,,17,C,31,6-1,199,L/-,9,"June 14, 1976",ca,"5 G, 13 A, 18 P"
Paul Kariya,,9,LW,33,5-10,185,L/-,12,"October 16, 1974",ca,"16 G, 49 A, 65 P"
D.J. King,,19,LW,23,6-3,230,L/-,1,"June 27, 1984",ca,"3 G, 3 A, 6 P"
Manny Legace,,34,G,34,5-10,200,-/L,8,"February 4, 1973",ca,"27-25-8, 2.41 GAA"
Jamal Mayers,,21,RW,33,6-1,222,R/-,9,"October 24, 1974",ca,"12 G, 15 A, 27 P"
Jay McClement,,18,C,24,6-1,205,L/-,2,"March 2, 1983",ca,"9 G, 13 A, 22 P"
Andy McDonald,,10,C,30,5-10,175,L/-,6,"August 25, 1977",ca,"14 G, 22 A, 36 P"
Jay McKee,,77,D,30,6-4,203,L/-,11,"September 8, 1977",ca,"2 G, 7 A, 9 P"
David Perron,,57,LW,19,6-0,200,R/-,R,"May 28, 1988",ca,"13 G, 14 A, 27 P"
Roman Polak,,46,D,21,6-0,237,R/-,1,"April 28, 1986",cs,"0 G, 1 A, 1 P"
Martin Rucinsky,,26,LW,36,6-1,205,L/-,15,"March 11, 1971",cs,"5 G, 11 A, 16 P"
Bryce Salvador,,27,D,31,6-4,215,L/-,6,"February 11, 1976",ca,"1 G, 10 A, 11 P"
Marek Schwarz,,40,G,21,6-0,180,-/R,1,"April 1, 1986",cs,"0-1-0, 7.20 GAA"
Yan Stastny,,25,C,25,5-10,191,L/-,2,"September 30, 1982",ca,"1 G, 1 A, 2 P"
Lee Stempniak,,12,RW,24,5-11,195,R/-,2,"February 4, 1983",us,"13 G, 25 A, 38 P"
Keith Tkachuk,,7,C,35,6-2,235,L/-,15,"March 28, 1972",us,"27 G, 31 A, 58 P"
Hannu Toivonen,,35,G,23,6-2,200,-/L,2,"May 18, 1984",fi,"6-10-5, 3.44 GAA"
Steve Wagner,,49,D,23,6-2,200,L/-,R,"March 6, 1984",us,"2 G, 6 A, 8 P"
Matt Walker,,28,D,27,6-4,215,R/-,4,"April 7, 1980",ca,"1 G, 1 A, 2 P"
Doug Weight,,39,C,37,5-11,202,L/-,15,"January 21, 1971",us,"4 G, 7 A, 11 P"
Jeff Woywitka,,29,D,24,6-3,227,L/-,2,"September 1, 1983",ca,"2 G, 6 A, 8 P"
