Tampa Bay Lightning,TBL,nhl
2007-08,2008
35
82
0
GP,Date,Time,Location,Opponent,GF,GA,Result,Game Ended In,W,L,OL,Streak,S,PIM,PPG,SHG,S,PIM,PPG,SHG,Notes
1,2007-10-04,time unavailable,H,New Jersey Devils,3,1,W,REG,1,0,0,W 1,24,15,0,0,27,13,1,0
2,2007-10-06,time unavailable,H,Atlanta Thrashers,5,2,W,REG,2,0,0,W 2,34,8,2,1,15,12,1,0
3,2007-10-10,time unavailable,H,Florida Panthers,2,1,W,REG,3,0,0,W 3,23,12,1,0,31,12,0,0
4,2007-10-13,time unavailable,@,Florida Panthers,4,6,L,REG,3,1,0,L 1,44,23,1,0,28,21,3,0
5,2007-10-18,time unavailable,@,Boston Bruins,1,4,L,REG,3,2,0,L 2,36,10,0,0,24,14,0,0
6,2007-10-20,time unavailable,H,Atlanta Thrashers,6,2,W,REG,4,2,0,W 1,30,4,2,0,20,10,0,0
7,2007-10-24,time unavailable,@,Washington Capitals,3,5,L,REG,4,3,0,L 1,29,23,0,1,29,11,0,0
8,2007-10-25,time unavailable,H,Philadelphia Flyers,5,2,W,REG,5,3,0,W 1,26,22,2,0,23,20,0,0
9,2007-10-27,time unavailable,H,Buffalo Sabres,3,4,L,OT,5,3,1,L 1,34,11,1,0,26,13,1,0
10,2007-10-29,time unavailable,@,New York Rangers,1,3,L,REG,5,4,1,L 2,22,12,0,0,35,8,2,0
11,2007-10-31,time unavailable,@,New Jersey Devils,1,6,L,REG,5,5,1,L 3,22,23,1,0,30,21,1,0
12,2007-11-01,time unavailable,@,New York Islanders,0,4,L,REG,5,6,1,L 4,28,12,0,0,32,10,0,0
13,2007-11-03,time unavailable,H,Atlanta Thrashers,4,6,L,REG,5,7,1,L 5,34,6,2,0,22,8,1,1
14,2007-11-05,time unavailable,@,Florida Panthers,3,4,L,REG,5,8,1,L 6,27,29,1,0,30,13,2,0
15,2007-11-07,time unavailable,H,Florida Panthers,3,1,W,REG,6,8,1,W 1,34,4,0,0,23,10,0,0
16,2007-11-08,time unavailable,@,Carolina Hurricanes,5,1,W,REG,7,8,1,W 2,31,8,1,0,41,10,0,0
17,2007-11-10,time unavailable,@,Washington Capitals,5,2,W,REG,8,8,1,W 3,34,4,2,0,25,8,0,0
18,2007-11-14,time unavailable,H,Carolina Hurricanes,6,1,W,REG,9,8,1,W 4,28,24,0,1,29,18,1,0
19,2007-11-16,time unavailable,H,Washington Capitals,5,2,W,REG,10,8,1,W 5,24,15,2,0,30,15,0,0
20,2007-11-19,time unavailable,@,Atlanta Thrashers,3,4,L,OT,10,8,2,L 1,20,12,0,0,24,6,2,0
21,2007-11-21,time unavailable,H,New York Rangers,1,2,L,REG,10,9,2,L 2,33,6,0,0,29,8,0,0
22,2007-11-23,time unavailable,@,Carolina Hurricanes,3,4,L,REG,10,10,2,L 3,28,8,0,0,22,4,0,0
23,2007-11-24,time unavailable,H,New Jersey Devils,2,3,L,REG,10,11,2,L 4,36,18,1,0,21,8,1,0
24,2007-11-28,time unavailable,@,Chicago Blackhawks,1,5,L,REG,10,12,2,L 5,22,17,1,0,17,13,1,0
25,2007-11-29,time unavailable,@,Detroit Red Wings,2,4,L,REG,10,13,2,L 6,23,4,0,0,39,6,1,0
26,2007-12-01,time unavailable,H,Boston Bruins,4,1,W,REG,11,13,2,W 1,28,8,1,0,29,6,1,0
27,2007-12-04,time unavailable,H,Ottawa Senators,4,3,W,SO,12,13,2,W 2,28,12,0,0,29,12,1,0
28,2007-12-06,time unavailable,H,Carolina Hurricanes,2,1,W,REG,13,13,2,W 3,32,13,2,0,24,13,0,0
29,2007-12-08,time unavailable,H,New York Islanders,2,3,L,OT,13,13,3,L 1,34,21,2,0,32,21,1,0
30,2007-12-10,time unavailable,@,Toronto Maple Leafs,1,6,L,REG,13,14,3,L 2,27,6,0,0,29,10,2,0
31,2007-12-11,time unavailable,@,Montreal Canadiens,3,2,W,SO,14,14,3,W 1,31,6,1,0,30,10,1,0
32,2007-12-13,time unavailable,H,Calgary Flames,6,9,L,REG,14,15,3,L 1,31,20,2,1,32,12,2,0
33,2007-12-15,time unavailable,H,Washington Capitals,2,3,L,REG,14,16,3,L 2,25,10,0,0,32,8,1,0
34,2007-12-18,time unavailable,@,Atlanta Thrashers,2,6,L,REG,14,17,3,L 3,34,19,1,1,24,15,0,1
35,2007-12-20,time unavailable,H,Toronto Maple Leafs,2,1,W,REG,15,17,3,W 1,21,6,0,0,32,6,0,0
36,2007-12-22,time unavailable,H,Carolina Hurricanes,1,4,L,REG,15,18,3,L 1,30,6,0,0,37,4,0,0
37,2007-12-26,time unavailable,@,Washington Capitals,2,3,L,REG,15,19,3,L 2,20,8,0,0,32,2,0,0
38,2007-12-27,time unavailable,H,Montreal Canadiens,2,5,L,REG,15,20,3,L 3,30,32,0,0,29,14,1,0
39,2007-12-29,time unavailable,H,Philadelphia Flyers,2,4,L,REG,15,21,3,L 4,33,17,1,0,22,17,1,0
40,2008-01-01,time unavailable,@,Toronto Maple Leafs,3,4,L,SO,15,21,4,L 5,33,8,0,0,29,14,0,0
41,2008-01-03,time unavailable,@,Montreal Canadiens,3,6,L,REG,15,22,4,L 6,33,14,1,0,30,12,2,0
42,2008-01-05,time unavailable,@,Ottawa Senators,3,4,L,OT,15,22,5,L 7,19,4,0,0,27,0,0,0
43,2008-01-08,time unavailable,@,New York Rangers,5,3,W,REG,16,22,5,W 1,26,22,0,0,34,6,2,0
44,2008-01-10,time unavailable,H,Pittsburgh Penguins,1,4,L,REG,16,23,5,L 1,36,4,0,0,29,8,1,0
45,2008-01-12,time unavailable,@,Florida Panthers,5,3,W,REG,17,23,5,W 1,25,2,1,0,30,6,0,0
46,2008-01-15,time unavailable,H,Colorado Avalanche,0,3,L,REG,17,24,5,L 1,32,16,0,0,25,14,2,0
47,2008-01-18,time unavailable,@,Pittsburgh Penguins,3,0,W,REG,18,24,5,W 1,34,10,0,0,27,8,0,0
48,2008-01-19,time unavailable,@,Ottawa Senators,2,0,W,REG,19,24,5,W 2,26,8,1,0,25,2,0,0
49,2008-01-22,time unavailable,H,Edmonton Oilers,4,3,W,REG,20,24,5,W 3,22,6,1,1,28,8,1,0
50,2008-01-24,time unavailable,H,Ottawa Senators,4,8,L,REG,20,25,5,L 1,25,23,0,0,26,15,1,1
51,2008-01-29,time unavailable,H,Buffalo Sabres,2,4,L,REG,20,26,5,L 2,25,8,2,0,26,12,0,0
52,2008-01-31,time unavailable,H,Vancouver Canucks,4,3,W,REG,21,26,5,W 1,27,32,1,0,26,40,1,0
53,2008-02-02,time unavailable,H,Florida Panthers,2,3,L,REG,21,27,5,L 1,46,15,0,0,32,13,1,0
54,2008-02-05,time unavailable,@,St. Louis Blues,5,4,W,REG,22,27,5,W 1,24,4,1,0,25,2,1,0
55,2008-02-07,time unavailable,@,Nashville Predators,2,1,W,OT,23,27,5,W 2,25,4,0,0,19,2,0,0
56,2008-02-09,time unavailable,@,Atlanta Thrashers,1,2,L,OT,23,27,6,L 1,28,4,0,0,22,2,0,0
57,2008-02-12,time unavailable,H,Montreal Canadiens,3,2,W,REG,24,27,6,W 1,36,20,0,0,21,8,1,0
58,2008-02-14,time unavailable,@,Philadelphia Flyers,5,3,W,REG,25,27,6,W 2,28,6,1,0,30,14,0,1
59,2008-02-16,time unavailable,H,Washington Capitals,2,3,L,REG,25,28,6,L 1,41,8,0,0,35,2,1,0
60,2008-02-20,time unavailable,@,Buffalo Sabres,3,4,L,OT,25,28,7,L 2,25,12,0,0,46,4,1,0
61,2008-02-21,time unavailable,@,New York Islanders,0,1,L,REG,25,29,7,L 3,32,10,0,0,28,6,0,0
62,2008-02-23,time unavailable,H,Boston Bruins,3,5,L,REG,25,30,7,L 4,28,12,1,1,28,14,2,1
63,2008-02-27,time unavailable,H,Minnesota Wild,2,3,L,REG,25,31,7,L 5,33,4,1,0,27,14,2,0
64,2008-02-29,time unavailable,H,Toronto Maple Leafs,3,2,W,OT,26,31,7,W 1,27,11,3,0,25,35,0,0
65,2008-03-01,time unavailable,@,Carolina Hurricanes,1,5,L,REG,26,32,7,L 1,23,14,0,0,33,4,1,0
66,2008-03-04,time unavailable,H,Pittsburgh Penguins,0,2,L,REG,26,33,7,L 2,35,6,0,0,23,2,0,0
67,2008-03-06,time unavailable,@,Philadelphia Flyers,2,3,L,REG,26,34,7,L 3,20,26,0,0,25,20,0,0
68,2008-03-07,time unavailable,@,New Jersey Devils,1,2,L,OT,26,34,8,L 4,22,30,1,0,33,16,0,0
69,2008-03-09,time unavailable,@,Columbus Blue Jackets,3,5,L,REG,26,35,8,L 5,27,18,0,0,25,24,1,0
70,2008-03-11,time unavailable,H,New York Islanders,8,4,W,REG,27,35,8,W 1,44,13,2,0,24,15,1,0
71,2008-03-13,time unavailable,@,Boston Bruins,3,1,W,REG,28,35,8,W 2,26,6,1,0,36,2,0,0
72,2008-03-15,time unavailable,H,New York Rangers,3,0,W,REG,29,35,8,W 3,30,6,1,0,20,8,0,0
73,2008-03-19,time unavailable,@,Buffalo Sabres,4,7,L,REG,29,36,8,L 1,19,8,1,0,32,6,0,1
74,2008-03-20,time unavailable,@,Pittsburgh Penguins,2,4,L,REG,29,37,8,L 2,21,4,2,0,23,10,0,0
75,2008-03-22,time unavailable,@,Florida Panthers,2,4,L,REG,29,38,8,L 3,37,10,0,0,26,10,2,0
76,2008-03-25,time unavailable,H,Florida Panthers,3,1,W,REG,30,38,8,W 1,26,6,0,0,35,2,0,0
77,2008-03-27,time unavailable,H,Washington Capitals,3,4,L,OT,30,38,9,L 1,26,6,1,0,32,4,0,1
78,2008-03-29,time unavailable,H,Carolina Hurricanes,2,1,W,REG,31,38,9,W 1,21,14,1,0,39,12,0,0
79,2008-03-31,time unavailable,H,Atlanta Thrashers,0,2,L,REG,31,39,9,L 1,36,7,0,0,24,15,0,0
80,2008-04-02,time unavailable,@,Carolina Hurricanes,2,6,L,REG,31,40,9,L 2,25,12,2,0,32,12,2,0
81,2008-04-03,time unavailable,@,Washington Capitals,1,4,L,REG,31,41,9,L 3,19,47,0,0,40,13,1,0
82,2008-04-05,time unavailable,@,Atlanta Thrashers,1,4,L,REG,31,42,9,L 4,31,8,1,0,24,6,0,0

Time,Location,Result,Game Ended In

Dan Boyle,,22,D,31,5-11,194,R/-,8,"July 12, 1976",ca,"4 G, 21 A, 25 P"
Ryan Craig,,34,C,26,6-1,215,-/-,2,"January 6, 1982",ca,"1 G, 1 A, 2 P"
Mathieu Darche,,21,LW,31,6-1,215,L/-,5,"November 26, 1976",ca,"7 G, 15 A, 22 P"
Marc Denis,,30,G,30,6-1,193,-/L,9,"August 1, 1977",ca,"1-5-0, 4.05 GAA"
Chris Gratton,,77,C,32,6-4,226,L/-,13,"July 5, 1975",ca,"10 G, 11 A, 21 P"
Jeff Halpern,,11,C,31,6-0,200,R/-,7,"May 3, 1976",us,"10 G, 8 A, 18 P"
Jan Hlavac,,17,LW,31,6-0,201,L/-,5,"September 20, 1976",cs,"9 G, 13 A, 22 P"
Johan Holmqvist,,40,G,29,6-3,198,-/L,4,"May 24, 1978",se,"20-16-6, 3.01 GAA"
Dan Jancevski,,42,D,26,6-3,222,L/-,1,"June 15, 1981",ca,"0 G, 0 A, 0 P"
Doug Janik,,3,D,27,6-2,211,L/-,3,"March 26, 1980",us,"1 G, 3 A, 4 P"
Jussi Jokinen,,10,LW,24,5-11,198,L/-,2,"April 1, 1983",fi,"2 G, 12 A, 14 P"
Blair Jones,,49,C,21,6-2,216,R/-,1,"September 27, 1986",ca,"0 G, 0 A, 0 P"
Andreas Karlsson,,24,C,32,6-4,201,L/-,4,"August 19, 1975",se,"2 G, 2 A, 4 P"
Filip Kuba,,71,D,31,6-4,225,L/-,8,"December 29, 1976",cs,"6 G, 25 A, 31 P"
Jay Leach,,38,D,28,6-5,220,L/-,1,"September 2, 1979",us,"0 G, 0 A, 0 P"
Vincent Lecavalier,,4,C,27,6-4,215,L/-,8,"April 21, 1980",ca,"40 G, 52 A, 92 P"
Junior Lessard,,42,RW,27,5-11,200,R/-,2,"May 26, 1980",ca,"1 G, 1 A, 2 P"
Brad Lukowich,,37,D,31,6-1,200,L/-,9,"August 12, 1976",ca,"1 G, 6 A, 7 P"
Mike Lundin,,39,D,23,6-2,191,L/-,R,"September 24, 1984",us,"0 G, 6 A, 6 P"
Craig MacDonald,,29,C,30,6-1,201,L/-,6,"April 7, 1977",ca,"2 G, 9 A, 11 P"
Shane O'Brien,,55,D,24,6-3,230,L/-,1,"August 9, 1983",ca,"4 G, 17 A, 21 P"
Michel Ouellet,,7,RW,25,6-0,200,R/-,2,"March 5, 1982",ca,"17 G, 19 A, 36 P"
Alexandre Picard,,2,D,22,6-3,215,L/-,2,"July 5, 1985",ca,"3 G, 3 A, 6 P"
Vinny Prospal,,40,LW,32,6-2,191,L/-,10,"February 17, 1975",cs,"29 G, 28 A, 57 P"
Karri Ramo,,31,G,21,6-2,206,-/L,1,"July 1, 1986",fi,"7-11-3, 3.03 GAA"
Paul Ranger,,54,D,23,6-3,210,L/-,2,"September 12, 1984",ca,"10 G, 21 A, 31 P"
Brad Richards,,19,C,27,6-0,199,L/-,6,"May 2, 1980",ca,"18 G, 33 A, 51 P"
Andre Roy,,36,RW,32,6-4,229,L/-,9,"February 8, 1975",us,"4 G, 3 A, 7 P"
Matt Smaby,,32,D,23,6-6,239,L/-,R,"October 14, 1984",us,"0 G, 0 A, 0 P"
Mike Smith,,41,G,25,6-4,215,-/L,1,"March 22, 1982",ca,"3-10-0, 2.79 GAA"
Martin St. Louis,,26,RW,32,5-8,180,L/-,8,"June 18, 1975",ca,"25 G, 58 A, 83 P"
Karl Stewart,,61,LW,24,5-11,185,L/-,3,"June 30, 1983",ca,"0 G, 0 A, 0 P"
Nick Tarnasky,,74,C,23,6-2,230,L/-,2,"November 25, 1984",ca,"6 G, 4 A, 10 P"
Kyle Wanvig,,46,RW,27,6-2,210,R/-,4,"January 29, 1981",ca,"1 G, 0 A, 1 P"
Jason Ward,,16,RW,29,6-2,208,R/-,6,"January 16, 1979",ca,"8 G, 6 A, 14 P"
