Vancouver Canucks,VAN,nhl
2007-08,2008
34
82
0
GP,Date,Time,Location,Opponent,GF,GA,Result,Game Ended In,W,L,OL,Streak,S,PIM,PPG,SHG,S,PIM,PPG,SHG,Notes
1,2007-10-05,time unavailable,H,San Jose Sharks,1,3,L,REG,0,1,0,L 1,23,14,0,0,31,8,0,0
2,2007-10-06,time unavailable,@,Calgary Flames,4,3,W,OT,1,1,0,W 1,31,10,4,0,29,16,1,0
3,2007-10-10,time unavailable,H,Philadelphia Flyers,2,8,L,REG,1,2,0,L 1,27,20,2,0,30,28,2,1
4,2007-10-12,time unavailable,@,Edmonton Oilers,5,2,W,REG,2,2,0,W 1,19,13,0,1,30,7,1,0
5,2007-10-13,time unavailable,H,Edmonton Oilers,4,1,W,REG,3,2,0,W 2,22,22,1,0,28,34,0,1
6,2007-10-15,time unavailable,H,San Jose Sharks,2,4,L,REG,3,3,0,L 1,26,56,2,0,34,36,2,0
7,2007-10-19,time unavailable,H,Los Angeles Kings,2,4,L,REG,3,4,0,L 2,28,13,0,0,17,13,1,0
8,2007-10-21,time unavailable,@,Columbus Blue Jackets,4,1,W,REG,4,4,0,W 1,19,22,1,1,36,14,1,0
9,2007-10-22,time unavailable,@,Carolina Hurricanes,1,3,L,REG,4,5,0,L 1,20,25,0,0,31,21,2,0
10,2007-10-24,time unavailable,@,Detroit Red Wings,2,3,L,REG,4,6,0,L 2,15,8,1,0,39,12,1,0
11,2007-10-26,time unavailable,@,Washington Capitals,3,2,W,REG,5,6,0,W 1,26,14,2,0,28,14,2,0
12,2007-10-28,time unavailable,H,Detroit Red Wings,2,3,L,REG,5,7,0,L 1,29,4,0,0,32,10,0,0
13,2007-11-01,time unavailable,H,Nashville Predators,0,3,L,REG,5,8,0,L 2,29,12,0,0,15,16,2,0
14,2007-11-03,time unavailable,@,Colorado Avalanche,4,3,W,REG,6,8,0,W 1,22,12,2,0,32,14,1,1
15,2007-11-08,time unavailable,@,Calgary Flames,3,2,W,REG,7,8,0,W 2,24,19,1,0,38,19,1,0
16,2007-11-09,time unavailable,H,Colorado Avalanche,2,1,W,OT,8,8,0,W 3,28,6,0,0,25,4,1,0
17,2007-11-14,time unavailable,H,Edmonton Oilers,0,1,L,SO,8,8,1,L 1,29,8,0,0,19,4,0,0
18,2007-11-16,time unavailable,H,Minnesota Wild,6,2,W,REG,9,8,1,W 1,31,23,3,0,22,34,1,0
19,2007-11-18,time unavailable,H,Calgary Flames,4,1,W,REG,10,8,1,W 2,21,8,1,0,30,8,0,0
20,2007-11-20,time unavailable,@,Edmonton Oilers,4,5,L,SO,10,8,2,L 1,24,16,1,1,29,8,3,0
21,2007-11-21,time unavailable,@,Minnesota Wild,4,2,W,REG,11,8,2,W 1,26,15,1,0,20,15,1,0
22,2007-11-23,time unavailable,@,St. Louis Blues,1,3,L,REG,11,9,2,L 1,26,14,0,0,29,14,1,0
23,2007-11-25,time unavailable,H,Chicago Blackhawks,2,0,W,REG,12,9,2,W 1,29,22,1,0,27,32,0,0
24,2007-11-27,time unavailable,H,Anaheim Ducks,4,0,W,REG,13,9,2,W 2,33,25,2,0,26,51,0,0
25,2007-11-29,time unavailable,H,Columbus Blue Jackets,2,0,W,REG,14,9,2,W 3,21,30,0,0,26,28,0,0
26,2007-12-02,time unavailable,@,Minnesota Wild,1,2,L,REG,14,10,2,L 1,20,46,0,0,30,16,1,0
27,2007-12-05,time unavailable,@,Chicago Blackhawks,3,2,W,REG,15,10,2,W 1,21,18,0,0,27,10,1,0
28,2007-12-06,time unavailable,@,Nashville Predators,5,2,W,REG,16,10,2,W 2,25,6,2,1,28,6,0,0
29,2007-12-08,time unavailable,H,Pittsburgh Penguins,1,2,L,SO,16,10,3,L 1,36,19,0,0,33,19,0,0
30,2007-12-10,time unavailable,@,Los Angeles Kings,2,4,L,REG,16,11,3,L 2,29,17,2,0,31,27,1,0
31,2007-12-12,time unavailable,@,Anaheim Ducks,3,2,W,REG,17,11,3,W 1,20,10,0,0,35,12,0,0
32,2007-12-13,time unavailable,@,San Jose Sharks,2,5,L,REG,17,12,3,L 1,17,6,0,0,23,4,1,0
33,2007-12-15,time unavailable,@,Edmonton Oilers,1,2,L,SO,17,12,4,L 2,30,13,0,0,26,9,0,0
34,2007-12-18,time unavailable,H,New Jersey Devils,5,0,W,REG,18,12,4,W 1,24,17,0,0,32,25,0,0
35,2007-12-20,time unavailable,H,Dallas Stars,3,2,W,REG,19,12,4,W 2,30,10,1,0,35,6,1,0
36,2007-12-22,time unavailable,@,Phoenix Coyotes,2,1,W,SO,20,12,4,W 3,35,6,0,0,28,8,0,0
37,2007-12-23,time unavailable,@,Colorado Avalanche,1,3,L,REG,20,13,4,L 1,22,12,1,0,32,10,1,0
38,2007-12-27,time unavailable,H,Calgary Flames,5,3,W,REG,21,13,4,W 1,20,22,2,0,32,20,2,0
39,2007-12-30,time unavailable,H,Anaheim Ducks,2,1,W,REG,22,13,4,W 2,22,13,1,0,22,15,0,0
40,2007-12-31,time unavailable,@,Calgary Flames,1,2,L,REG,22,14,4,L 1,25,8,0,0,20,8,0,0
41,2008-01-03,time unavailable,H,New York Rangers,3,0,W,REG,23,14,4,W 1,19,15,1,0,28,19,0,0
42,2008-01-08,time unavailable,H,New York Islanders,3,2,W,SO,24,14,4,W 2,45,2,0,0,28,14,0,0
43,2008-01-10,time unavailable,@,San Jose Sharks,1,3,L,REG,24,15,4,L 1,21,14,0,0,31,4,2,0
44,2008-01-11,time unavailable,H,Phoenix Coyotes,3,4,L,REG,24,16,4,L 2,20,25,1,1,38,11,2,0
45,2008-01-13,time unavailable,@,St. Louis Blues,4,3,W,SO,25,16,4,W 1,25,8,1,0,22,8,1,0
46,2008-01-15,time unavailable,@,Columbus Blue Jackets,2,3,L,REG,25,17,4,L 1,27,16,1,0,21,8,2,0
47,2008-01-17,time unavailable,@,Detroit Red Wings,2,3,L,SO,25,17,5,L 2,28,8,0,0,49,6,0,0
48,2008-01-19,time unavailable,H,Los Angeles Kings,3,4,L,REG,25,18,5,L 3,46,6,0,0,24,6,0,0
49,2008-01-21,time unavailable,H,Minnesota Wild,2,4,L,REG,25,19,5,L 4,40,14,0,0,26,10,0,0
50,2008-01-23,time unavailable,H,St. Louis Blues,3,2,W,SO,26,19,5,W 1,30,10,2,0,28,8,1,0
51,2008-01-29,time unavailable,H,Dallas Stars,3,4,L,REG,26,20,5,L 1,32,16,0,0,23,20,1,1
52,2008-01-31,time unavailable,@,Tampa Bay Lightning,3,4,L,REG,26,21,5,L 2,26,40,1,0,27,32,1,0
53,2008-02-01,time unavailable,@,Florida Panthers,3,4,L,SO,26,21,6,L 3,32,17,1,0,43,13,1,0
54,2008-02-05,time unavailable,@,Dallas Stars,2,3,L,SO,26,21,7,L 4,24,8,1,0,34,4,1,0
55,2008-02-07,time unavailable,@,Atlanta Thrashers,2,1,W,REG,27,21,7,W 1,28,18,1,0,28,20,0,0
56,2008-02-09,time unavailable,H,Colorado Avalanche,2,6,L,REG,27,22,7,L 1,25,23,2,0,24,33,1,0
57,2008-02-10,time unavailable,H,Chicago Blackhawks,3,2,W,SO,28,22,7,W 1,34,17,0,0,18,17,0,0
58,2008-02-14,time unavailable,H,Minnesota Wild,4,5,L,SO,28,22,8,L 1,28,30,0,0,26,16,0,0
59,2008-02-16,time unavailable,H,Edmonton Oilers,4,2,W,REG,29,22,8,W 1,26,92,1,0,26,99,0,0
60,2008-02-19,time unavailable,@,Minnesota Wild,3,2,W,OT,30,22,8,W 2,37,13,1,0,22,21,2,0
61,2008-02-21,time unavailable,@,Nashville Predators,3,2,W,SO,31,22,8,W 3,30,23,1,0,51,17,2,0
62,2008-02-23,time unavailable,H,Detroit Red Wings,4,1,W,REG,32,22,8,W 4,35,16,1,0,29,8,1,0
63,2008-02-27,time unavailable,H,Colorado Avalanche,2,3,L,SO,32,22,9,L 1,31,12,0,0,26,12,0,0
64,2008-02-29,time unavailable,H,Columbus Blue Jackets,2,3,L,OT,32,22,10,L 2,23,18,0,0,33,20,0,0
65,2008-03-02,time unavailable,@,Chicago Blackhawks,1,4,L,REG,32,23,10,L 3,10,32,0,0,28,42,1,0
66,2008-03-04,time unavailable,@,Colorado Avalanche,1,2,L,REG,32,24,10,L 4,27,18,1,0,31,18,1,0
67,2008-03-06,time unavailable,H,Nashville Predators,6,2,W,REG,33,24,10,W 1,44,56,2,1,23,54,0,1
68,2008-03-08,time unavailable,H,St. Louis Blues,4,2,W,REG,34,24,10,W 2,29,13,1,1,25,19,0,0
69,2008-03-10,time unavailable,@,Los Angeles Kings,2,1,W,OT,35,24,10,W 3,40,6,0,0,18,8,0,0
70,2008-03-12,time unavailable,@,Anaheim Ducks,1,4,L,REG,35,25,10,L 1,31,8,1,0,31,12,1,1
71,2008-03-13,time unavailable,@,Phoenix Coyotes,0,2,L,REG,35,26,10,L 2,24,29,0,0,45,41,1,0
72,2008-03-15,time unavailable,@,Dallas Stars,4,3,W,REG,36,26,10,W 1,30,16,1,0,38,10,1,1
73,2008-03-17,time unavailable,H,Phoenix Coyotes,3,1,W,REG,37,26,10,W 2,28,17,2,0,26,29,0,0
74,2008-03-20,time unavailable,@,Edmonton Oilers,4,1,W,REG,38,26,10,W 3,21,17,0,1,34,7,0,0
75,2008-03-21,time unavailable,H,Minnesota Wild,1,2,L,REG,38,27,10,L 1,31,12,1,0,21,8,1,0
76,2008-03-25,time unavailable,@,Calgary Flames,2,3,L,REG,38,28,10,L 2,34,19,1,0,40,17,2,0
77,2008-03-26,time unavailable,@,Colorado Avalanche,3,6,L,REG,38,29,10,L 3,31,13,0,0,37,17,1,0
78,2008-03-28,time unavailable,@,Minnesota Wild,0,4,L,REG,38,30,10,L 4,28,39,0,0,30,54,2,0
79,2008-03-30,time unavailable,H,Calgary Flames,6,2,W,REG,39,30,10,W 1,33,32,1,0,29,46,1,0
80,2008-04-01,time unavailable,H,Colorado Avalanche,2,4,L,REG,39,31,10,L 1,29,6,1,0,20,10,1,0
81,2008-04-03,time unavailable,H,Edmonton Oilers,1,2,L,REG,39,32,10,L 2,38,8,1,0,21,29,1,0
82,2008-04-05,time unavailable,H,Calgary Flames,1,7,L,REG,39,33,10,L 3,28,2,0,0,28,4,0,0

Time,Location,Result,Game Ended In

Kris Beech,,25,C,26,6-3,211,L/-,6,"February 5, 1981",ca,"1 G, 1 A, 2 P"
Kevin Bieksa,,3,D,26,6-1,200,R/-,2,"June 16, 1981",ca,"2 G, 10 A, 12 P"
Luc Bourdon,,28,D,20,6-3,211,L/-,1,"February 16, 1987",ca,"2 G, 0 A, 2 P"
Mike Brown,,46,RW,22,5-11,205,R/-,R,"June 24, 1985",us,"1 G, 0 A, 1 P"
Alexandre Burrows,,14,LW,26,6-1,188,L/-,2,"April 11, 1981",ca,"12 G, 19 A, 31 P"
Matt Cooke,,24,LW,29,5-11,205,L/-,8,"September 7, 1978",ca,"7 G, 9 A, 16 P"
Jeff Cowan,,20,LW,31,6-2,205,L/-,7,"September 27, 1976",ca,"0 G, 1 A, 1 P"
Alexander Edler,,23,D,21,6-3,215,L/-,1,"April 21, 1986",se,"8 G, 12 A, 20 P"
Zack Fitzgerald,,49,D,22,6-2,205,L/-,R,"June 16, 1985",us,"0 G, 0 A, 0 P"
Jannik Hansen,,36,RW,21,6-1,195,R/-,R,"March 15, 1986",dk,"0 G, 0 A, 0 P"
Brad Isbister,,27,LW,30,6-4,225,R/-,9,"May 7, 1977",ca,"6 G, 5 A, 11 P"
Jason Jaffray,,29,RW,26,6-1,195,L/-,R,"June 30, 1981",ca,"2 G, 4 A, 6 P"
Ryan Kesler,,17,C,23,6-2,202,R/-,3,"August 31, 1984",us,"21 G, 16 A, 37 P"
Lukas Krajicek,,5,D,24,6-3,205,L/-,4,"March 11, 1983",cs,"2 G, 9 A, 11 P"
Trevor Linden,,16,C,37,6-4,220,R/-,18,"April 11, 1970",ca,"7 G, 5 A, 12 P"
Roberto Luongo,,1,G,28,6-3,217,-/L,7,"April 4, 1979",ca,"35-29-9, 2.38 GAA"
Drew MacIntyre,,31,G,24,6-1,190,-/-,R,"June 24, 1983",ca,"0-1-0, 2.95 GAA"
Nathan McIver,,45,D,23,6-2,209,-/-,1,"January 6, 1985",unknown,"0 G, 0 A, 0 P"
Aaron Miller,,4,D,36,6-3,210,R/-,13,"August 11, 1971",us,"1 G, 8 A, 9 P"
Willie Mitchell,,8,D,30,6-3,210,L/-,7,"April 23, 1977",ca,"2 G, 10 A, 12 P"
Brendan Morrison,,7,C,32,5-11,185,L/-,9,"August 15, 1975",ca,"9 G, 16 A, 25 P"
Markus Naslund,(C),19,LW,34,6-0,195,L/-,13,"July 30, 1973",se,"25 G, 30 A, 55 P"
Mattias Ohlund,,2,D,31,6-4,233,L/-,9,"September 9, 1976",se,"9 G, 15 A, 24 P"
Matt Pettinger,,25,LW,27,6-1,205,L/-,6,"October 22, 1980",ca,"4 G, 2 A, 6 P"
Taylor Pyatt,,9,LW,26,6-4,230,L/-,6,"August 19, 1981",ca,"16 G, 21 A, 37 P"
Mason Raymond,,21,LW,22,6-1,179,L/-,R,"September 17, 1985",ca,"9 G, 12 A, 21 P"
Byron Ritchie,,15,C,30,5-10,190,L/-,7,"April 24, 1977",ca,"3 G, 8 A, 11 P"
Rick Rypien,,37,C,23,5-11,190,R/-,2,"May 16, 1984",ca,"1 G, 2 A, 3 P"
Sami Salo,,6,D,33,6-3,215,R/-,8,"September 2, 1974",fi,"8 G, 17 A, 25 P"
Curtis Sanford,,41,G,28,5-11,187,-/L,3,"October 5, 1979",ca,"4-3-1, 2.83 GAA"
Daniel Sedin,,22,LW,27,6-1,187,L/-,6,"September 26, 1980",se,"29 G, 45 A, 74 P"
Henrik Sedin,,33,C,27,6-2,188,L/-,6,"September 26, 1980",se,"15 G, 61 A, 76 P"
Ryan Shannon,,26,RW,24,5-9,175,R/-,1,"March 2, 1983",us,"5 G, 8 A, 13 P"
Mike Weaver,,18,D,29,5-10,183,R/-,5,"May 2, 1978",ca,"0 G, 1 A, 1 P"
