INFO:
teamName,The North
teamAbbreviation,The North
sportId,n/a
sportName,n/a
sportRules,n/a
leagueId,watMu
levelId,n/a
seasonName,n/a
seasonId,n/a
Roster Size,16
Season Games Played,6
Playoff Round Lengths,1
END_INFO

SEASON:
Date/Time,Location,Opposing Team,Score,S.O.C.
Tue May 20 @ 9:30 pm,Columbia Icefield: Gym 3,Nigerian Block Party,lost 7 - 2,3
Tue May 27 @ 9:30 pm,Columbia Icefield: Gym 3,Indies Team 1,lost 7 - 2,3
Tue Jun 3 @ 8:30 pm,Columbia Icefield: Gym 3,"Dive, Defer, Rollover",lost 5 - 2,3
Tue Jun 10 @ 9:30 pm,Columbia Icefield: Gym 3,Indies Team 1,lost 5 - 4,2
Wed Jun 18 @ 6:00 pm,Columbia Icefield: Gym 2,The Dodgefathers,tie 0 - 0,-2
Tue Jun 24 @ 8:30 pm,Columbia Icefield: Gym 3,Nigerian Block Party,lost 2 - 4,3
END_SEASON

PLAYOFFS:
Date/Time,Location,Opposing Team,Score,S.O.C.
Tue Jul 15 @ 9:30 pm,Columbia Icefield: Gym 3,Alpha Spider Monkeys,lost 5 - 4,1
END_PLAYOFFS

ROSTER:
Player,Captaincy,uwaterloo_email
Sieyor Roach,(C),saroach@uwaterloo.ca
Xue Fang,,
Jhanzaib Gill,,
Aiyue Guo,,
Jonah Ho,,
Rakin Hoque,,
Matt Hou,,
Xing Ji,,
Tong Jia,,
Johnny Li,,
Yi Liang,,
Chen Lin,,
Meesam Mahmood,,
Maximillian Prawira,,
Tao Shen,,
Manu Singh,,
END_ROSTER
