INFO:
teamName,Tender Balls
teamAbbreviation,Tender Balls
sportId,n/a
sportName,n/a
sportRules,n/a
leagueId,watMu
levelId,n/a
seasonName,n/a
seasonId,n/a
Roster Size,14
Season Games Played,6
Playoff Round Lengths,1
END_INFO

SEASON:
Date/Time,Location,Opposing Team,Score,S.O.C.
Wed May 21 @ 6:00 pm,Columbia Icefield: Gym 2,BALLZINGA!,lost 4 - 5,3
Wed May 28 @ 5:00 pm,Columbia Icefield: Gym 2,Pharm Dodgers,lost 2 - 7,3
Sat Jun 14 @ 1:00 pm,Columbia Icefield: Gym 3,Indies Team 2,won 4 - 3,1
Sat Jun 21 @ 1:00 pm,Columbia Icefield: Gym 3,Maciv Balls,won 5 - 3,3
Sat Jul 5 @ 12:00 pm,Columbia Icefield: Gym 3,Dodging Heroes,won 0 - 8,-1
Wed Jul 9 @ 6:00 pm,Columbia Icefield: Gym 2,Balls of Steel,lost 4 - 5,3
END_SEASON

PLAYOFFS:
Date/Time,Location,Opposing Team,Score,S.O.C.
Wed Jul 16 @ 5:00 pm,Columbia Icefield: Gym 2,Falcon Punch,lost 5 - 1,2
END_PLAYOFFS

ROSTER:
Player,Captaincy,uwaterloo_email
Ryan Liu,(C),RHLIU@uwaterloo.ca
Zak Cheung,,
Zhi Jia,,
Jiannan Jin,,
Philip Lau,,
Hao Li,,
Hui Puah,,
Jeffrey Robinson,,
Jason Shao,,
Jian Shi,,
Kendall Wen,,
Yinghua Xia,,
Kevin Yang,,
Helen Zhu,,
END_ROSTER
