INFO:
teamName,The Dodgefathers
teamAbbreviation,The Dodgefathers
sportId,n/a
sportName,n/a
sportRules,n/a
leagueId,watMu
levelId,n/a
seasonName,n/a
seasonId,n/a
Roster Size,8
Season Games Played,6
Playoff Round Lengths,1
END_INFO

SEASON:
Date/Time,Location,Opposing Team,Score,S.O.C.
Tue May 27 @ 8:30 pm,Columbia Icefield: Gym 3,Falcon Punch,lost 0 - 9,3
Sat May 31 @ 11:00 am,Columbia Icefield: Gym 3,Indies Team 1,won 0 - 5,avg.
Wed Jun 11 @ 5:00 pm,Columbia Icefield: Gym 2,"Dive, Defer, Rollover",lost 5 - 0,-2
Wed Jun 18 @ 6:00 pm,Columbia Icefield: Gym 2,The North,tie 0 - 0,-2
Wed Jul 2 @ 5:00 pm,Columbia Icefield: Gym 2,Pharm Dodgers,lost 5 - 0,-2
Tue Jul 8 @ 7:30 pm,Columbia Icefield: Gym 1,Nigerian Block Party,tie 4 - 4,3
END_SEASON

PLAYOFFS:
Date/Time,Location,Opposing Team,Score,S.O.C.
Sat Jul 19 @ 1:00 pm,Columbia Icefield: Gym 3,Balls of Steel,lost 0 - 5,1
END_PLAYOFFS

ROSTER:
Player,Captaincy,uwaterloo_email
Robert Di Niro,(C),RDDINIRO@uwaterloo.ca
Quinlan Lee,,
Aaron Leung,,
Logan Lewis,,
Swapnil Patel,,
Elizaveta Sazonova,,
Nadiejda Tamitegama,,
Jesse Teare,,
END_ROSTER
