INFO:
teamName,BALLZINGA!
teamAbbreviation,BALLZINGA!
sportId,n/a
sportName,n/a
sportRules,n/a
leagueId,watMu
levelId,n/a
seasonName,n/a
seasonId,n/a
Roster Size,11
Season Games Played,6
Playoff Round Lengths,1
END_INFO

SEASON:
Date/Time,Location,Opposing Team,Score,S.O.C.
Wed May 21 @ 6:00 pm,Columbia Icefield: Gym 2,Tender Balls,won 4 - 5,2
Wed May 28 @ 6:00 pm,Columbia Icefield: Gym 2,"Dive, Defer, Rollover",won 7 - 1,3
Wed Jun 4 @ 5:00 pm,Columbia Icefield: Gym 2,Pharm Dodgers,lost 1 - 7,3
Wed Jun 11 @ 6:00 pm,Columbia Icefield: Gym 2,Balls of Steel,won 5 - 3,3
Sat Jun 21 @ 12:00 pm,Columbia Icefield: Gym 3,Indies Team 2,won 5 - 0,avg.
Sat Jul 5 @ 11:00 am,Columbia Icefield: Gym 3,Maciv Balls,lost 5 - 0,-2
END_SEASON

PLAYOFFS:
Date/Time,Location,Opposing Team,Score,S.O.C.
Sat Jul 19 @ 12:00 pm,Columbia Icefield: Gym 3,Indies Team 2,lost 5 - 0,-2
END_PLAYOFFS

ROSTER:
Player,Captaincy,uwaterloo_email
Mohammad Masood,(C),mhmasood@uwaterloo.ca
Lindsay Benevides,,
Jody Brooks,,
Victor Gitman,,
Nicole Karayacoubian,,
Apoorva Kelkar,,
Amardeep Khaira,,
Daniel Lai,,
Mike Manojlovich,,
Shekhar Mehta,,
Christine Trieu,,
END_ROSTER
