INFO:
teamName,Maciv Balls
teamAbbreviation,Maciv Balls
sportId,n/a
sportName,n/a
sportRules,n/a
leagueId,watMu
levelId,n/a
seasonName,n/a
seasonId,n/a
Roster Size,15
Season Games Played,6
Playoff Round Lengths,1
END_INFO

SEASON:
Date/Time,Location,Opposing Team,Score,S.O.C.
Sat May 24 @ 1:00 pm,Columbia Icefield: Gym 3,Balls of Steel,won 6 - 2,3
Sat May 31 @ 12:00 pm,Columbia Icefield: Gym 3,Indies Team 2,lost 1 - 8,3
Sat Jun 7 @ 1:00 pm,Columbia Icefield: Gym 3,Indies Team 1,lost 3 - 6,3
Sat Jun 21 @ 1:00 pm,Columbia Icefield: Gym 3,Tender Balls,lost 5 - 3,3
Sat Jul 5 @ 10:00 am,Columbia Icefield: Gym 3,Pharm Dodgers,lost 0 - 9,3
Sat Jul 5 @ 11:00 am,Columbia Icefield: Gym 3,BALLZINGA!,won 5 - 0,avg.
END_SEASON

PLAYOFFS:
Date/Time,Location,Opposing Team,Score,S.O.C.
Wed Jul 16 @ 4:00 pm,Columbia Icefield: Gym 2,Pharm Dodgers,lost 5 - 0,0
END_PLAYOFFS

ROSTER:
Player,Captaincy,uwaterloo_email
Brian Kester,(C),bkester@uwaterloo.ca
Maru Abantao,,
Garry Anggawinata,,
Robert Culbert,,
Ian De Vera,,
Feiyi Fan,,
Stanley Fong,,
Tse Huang,,
Zhi Huang,,
Justin Johnson,,
Eduard Mandru,,
Amin Mohajer Shojaei,,
Natapong Rojvanich,,
Kyle Saulnier,,
Lin Tian,,
END_ROSTER
