INFO:
teamName,Pharm Dodgers
teamAbbreviation,Pharm Dodgers
sportId,n/a
sportName,n/a
sportRules,n/a
leagueId,watMu
levelId,n/a
seasonName,n/a
seasonId,n/a
Roster Size,10
Season Games Played,6
Playoff Round Lengths,1,1
END_INFO

SEASON:
Date/Time,Location,Opposing Team,Score,S.O.C.
Sat May 24 @ 12:00 pm,Columbia Icefield: Gym 3,"Dive, Defer, Rollover",won 8 - 0,3
Wed May 28 @ 5:00 pm,Columbia Icefield: Gym 2,Tender Balls,won 2 - 7,3
Wed Jun 4 @ 5:00 pm,Columbia Icefield: Gym 2,BALLZINGA!,won 1 - 7,3
Wed Jun 25 @ 5:00 pm,Columbia Icefield: Gym 2,Balls of Steel,won 8 - 1,2
Wed Jul 2 @ 5:00 pm,Columbia Icefield: Gym 2,The Dodgefathers,won 5 - 0,avg.
Sat Jul 5 @ 10:00 am,Columbia Icefield: Gym 3,Maciv Balls,won 0 - 9,3
END_SEASON

PLAYOFFS:
Date/Time,Location,Opposing Team,Score,S.O.C.
Wed Jul 16 @ 4:00 pm,Columbia Icefield: Gym 2,Maciv Balls,won 5 - 0,2
Tue Jul 29 @ 7:30 pm,Columbia Icefield: Gym 3,Indies Team 2,lost 1 - 5,1
END_PLAYOFFS

ROSTER:
Player,Captaincy,uwaterloo_email
Roberta Miller,(C),rlmiller@uwaterloo.ca
Benjamin Harper,,
Christine Hockin,,
Michelle Holm,,
Holly Meginnis,,
Vince Pileggi,,
Bryce Poirier,,
Victoria Sarnovsky,,
Zachary Thompson,,
Marcus Walz,,
END_ROSTER
