INFO:
teamName,"Dive, Defer, Rollover"
teamAbbreviation,"Dive, Defer, Rollover"
sportId,n/a
sportName,n/a
sportRules,n/a
leagueId,watMu
levelId,n/a
seasonName,n/a
seasonId,n/a
Roster Size,14
Season Games Played,6
Playoff Round Lengths,1
END_INFO

SEASON:
Date/Time,Location,Opposing Team,Score,S.O.C.
Sat May 24 @ 12:00 pm,Columbia Icefield: Gym 3,Pharm Dodgers,lost 8 - 0,3
Wed May 28 @ 6:00 pm,Columbia Icefield: Gym 2,BALLZINGA!,lost 7 - 1,3
Tue Jun 3 @ 8:30 pm,Columbia Icefield: Gym 3,The North,won 5 - 2,3
Wed Jun 11 @ 5:00 pm,Columbia Icefield: Gym 2,The Dodgefathers,won 5 - 0,avg.
Wed Jun 18 @ 5:00 pm,Columbia Icefield: Gym 2,Falcon Punch,lost 0 - 9,3
Tue Jun 24 @ 7:30 pm,Columbia Icefield: Gym 3,Alpha Spider Monkeys,lost 1 - 8,3
END_SEASON

PLAYOFFS:
Date/Time,Location,Opposing Team,Score,S.O.C.
Tue Jul 22 @ 8:30 pm,Columbia Icefield: Gym 3,Balls of Steel,lost 0 - 5,1
END_PLAYOFFS

ROSTER:
Player,Captaincy,uwaterloo_email
Sachin Manucha,(C),srmanuch@uwaterloo.ca
Wayne Chang,,
Eric Fong,,
Xiao-Yu Fu,,
Elaine Ho,,
Crystal Law,,
Zhong Li,,
Julian Lo,,
Judith Ma,,
Syed Mahmood,,
Henry So,,
Yu Weng,,
Janice Woo,,
Chengcheng Xu,,
END_ROSTER
