INFO:
teamName,Indies Team 1
teamAbbreviation,Indies Team 1
sportId,n/a
sportName,n/a
sportRules,n/a
leagueId,watMu
levelId,n/a
seasonName,n/a
seasonId,n/a
Roster Size,10
Season Games Played,6
Playoff Round Lengths,1,1
END_INFO

SEASON:
Date/Time,Location,Opposing Team,Score,S.O.C.
Tue May 27 @ 9:30 pm,Columbia Icefield: Gym 3,The North,won 7 - 2,3
Sat May 31 @ 11:00 am,Columbia Icefield: Gym 3,The Dodgefathers,lost 0 - 5,-2
Sat Jun 7 @ 1:00 pm,Columbia Icefield: Gym 3,Maciv Balls,won 3 - 6,3
Tue Jun 10 @ 9:30 pm,Columbia Icefield: Gym 3,The North,won 5 - 4,1
Sat Jun 21 @ 2:00 pm,Columbia Icefield: Gym 3,Alpha Spider Monkeys,lost 4 - 5,2
Tue Jun 24 @ 9:30 pm,Columbia Icefield: Gym 3,Falcon Punch,tie 4 - 4,1
END_SEASON

PLAYOFFS:
Date/Time,Location,Opposing Team,Score,S.O.C.
Tue Jul 15 @ 8:30 pm,Columbia Icefield: Gym 3,Nigerian Block Party,won 0 - 5,1
Tue Jul 22 @ 9:30 pm,Columbia Icefield: Gym 3,Falcon Punch,lost 2 - 5,1
END_PLAYOFFS

ROSTER:
Player,Captaincy,uwaterloo_email
Michael Orschel,(C),mporsche@uwaterloo.ca
Adnan Alam,,
Io Hanson,,
Andrew Hassan,,
Erik Johnson,,
Ibrahim Khan,,
Michael Krapez,,
Timothy Sipkens,,
Robert Tran,,
Moiz Zahid,,
END_ROSTER
