INFO:
teamName,Falcon Punch
teamAbbreviation,Falcon Punch
sportId,n/a
sportName,n/a
sportRules,n/a
leagueId,watMu
levelId,n/a
seasonName,n/a
seasonId,n/a
Roster Size,20
Season Games Played,6
Playoff Round Lengths,1,1,1
END_INFO

SEASON:
Date/Time,Location,Opposing Team,Score,S.O.C.
Tue May 20 @ 8:30 pm,Columbia Icefield: Gym 3,Dodging Heroes,won 8 - 1,3
Tue May 27 @ 8:30 pm,Columbia Icefield: Gym 3,The Dodgefathers,won 0 - 9,3
Tue Jun 3 @ 9:30 pm,Columbia Icefield: Gym 3,Alpha Spider Monkeys,won 4 - 5,3
Tue Jun 10 @ 8:30 pm,Columbia Icefield: Gym 3,Nigerian Block Party,won 1 - 8,2
Wed Jun 18 @ 5:00 pm,Columbia Icefield: Gym 2,"Dive, Defer, Rollover",won 0 - 9,3
Tue Jun 24 @ 9:30 pm,Columbia Icefield: Gym 3,Indies Team 1,tie 4 - 4,1
END_SEASON

PLAYOFFS:
Date/Time,Location,Opposing Team,Score,S.O.C.
Wed Jul 16 @ 5:00 pm,Columbia Icefield: Gym 2,Tender Balls,won 5 - 1,2
Tue Jul 22 @ 9:30 pm,Columbia Icefield: Gym 3,Indies Team 1,won 2 - 5,1
Tue Jul 29 @ 8:30 pm,Columbia Icefield: Gym 3,Indies Team 2,won 5 - 4,1
END_PLAYOFFS

ROSTER:
Player,Captaincy,uwaterloo_email
Saudia Rahamat,(C),s_rahamat92@hotmail.com
Alexander Bedley,,
Brandon Caron,,
Haotian Chen,,
Adam Fish,,
Alayna Frey,,
Meng Gao,,
Christopher Georges,,
Michael Lai,,
James Lang,,
Clement Lau,,
Graham Mutter,,
Aaron Pang,,
Eric Pemberton,,
Alexander Poon,,
Elton Shehdula,,
Charlie Soutthiphanh,,
Tai Vo,,
Jonathan Wu,,
Kefei Wu,,
END_ROSTER
