INFO:
teamName,The Sexy Overlords
teamAbbreviation,The Sexy Overlords
sportId,n/a
sportName,n/a
sportRules,n/a
leagueId,watMu
levelId,n/a
seasonName,n/a
seasonId,n/a
Roster Size,40
Season Games Played,6
Playoff Round Lengths,0
END_INFO

SEASON:
Date/Time,Location,Opposing Team,Score,S.O.C.
Tue Sep 18 @ 6:30 pm,Columbia Icefield: Gym 3,Dodgeballers,won 5 - 3,2
Tue Oct 2 @ 7:30 pm,Columbia Icefield: Gym 3,West B,lost 0 - 5,-2
Thu Oct 11 @ 3:30 pm,Columbia Icefield: Gym 3,Can’t Touch This,won 2 - 4,1
Thu Oct 25 @ 3:30 pm,Columbia Icefield: Gym 3,Basalt and Battery,won 3 - 5,2
Tue Oct 30 @ 6:30 pm,Columbia Icefield: Gym 3,Wagwanimals,won 0 - 5,avg.
Tue Nov 13 @ 7:30 pm,Columbia Icefield: Gym 3,Double D’s,lost 5 - 0,-2
END_SEASON

PLAYOFFS:
Date/Time,Location,Opposing Team,Score,S.O.C.
END_PLAYOFFS

ROSTER:
Player,Captaincy,uwaterloo_email
Megan Brophy,(C),mbrophy@uwaterloo.ca
Brandon Bacchus,,
Omung Bhardwaj,,
Radhika Bhargava,,
Soung Bong,,
Matthew Choi,,
Pierre Devuyst,,
YuFan Dong,,
Sahib Gill,,
Adithya Gopi,,
Yifan Hu,,
Muhammad Jamil,,
Salik Kabir,,
Nazeem Khan,,
Jairus Laude,,
Jae Lee,,
Calvin Lindroth,,
Ryan Ma,,
Mary MacPherson,,
Hitesh Mehta,,
Srinath Natarajan,,
Iftakharul Nayeem,,
Julie Nguyen,,
Se Oh,,
Tanvir Pabla,,
Rushi Patel,,
Mitul Puri,,
Chang Si,,
Danlynn Tang,,
Ze Tong,,
Xie Wang,,
Xintong Wang,,
Zhao Wen,,
Ya Weng,,
Michelle Wong,,
Jean Wu,,
Dongrong Xu,,
Yiwei Ye,,
Nathan Yeung,,
David Yu,,
END_ROSTER
