INFO:
teamName,Wagwanimals
teamAbbreviation,Wagwanimals
sportId,n/a
sportName,n/a
sportRules,n/a
leagueId,watMu
levelId,n/a
seasonName,n/a
seasonId,n/a
Roster Size,18
Season Games Played,6
Playoff Round Lengths,0
END_INFO

SEASON:
Date/Time,Location,Opposing Team,Score,S.O.C.
Mon Oct 1 @ 8:30 pm,Columbia Icefield: Gym 3,Double D’s,lost 0 - 5,-2
Mon Oct 22 @ 3:30 pm,Columbia Icefield: Gym 3,Mancato!,tie 0 - 0,-2
Tue Oct 30 @ 6:30 pm,Columbia Icefield: Gym 3,The Sexy Overlords,lost 0 - 5,-2
Thu Nov 1 @ 6:30 pm,Columbia Icefield: Gym 3,Dodgeballers,tie 0 - 0,-2
Tue Nov 6 @ 7:30 pm,Columbia Icefield: Gym 3,Gandasa,lost 1 - 7,2
Tue Nov 13 @ 6:30 pm,Columbia Icefield: Gym 3,Raging Bulls,lost 0 - 5,-2
END_SEASON

PLAYOFFS:
Date/Time,Location,Opposing Team,Score,S.O.C.
END_PLAYOFFS

ROSTER:
Player,Captaincy,uwaterloo_email
Yik Chun,(C),YPCHUN@uwaterloo.ca
Joon Ahn,,
Angus Cao,,
Kenny Chin,,
Keon Cho,,
Lei Chow,,
Dominika Gruszecka,,
Angad Kashyap,,
Mitchell Lam-Dang,,
Jinyuan Liang,,
Jin Liu,,
Kevin Nishikawa,,
Daniel Que,,
Jason Sinn,,
Samuel Venis,,
Cindy Vu,,
Sean Wen,,
David Zhang,,
END_ROSTER
