INFO:
teamName,Raging Bulls
teamAbbreviation,Raging Bulls
sportId,n/a
sportName,n/a
sportRules,n/a
leagueId,watMu
levelId,n/a
seasonName,n/a
seasonId,n/a
Roster Size,21
Season Games Played,6
Playoff Round Lengths,1
END_INFO

SEASON:
Date/Time,Location,Opposing Team,Score,S.O.C.
Tue Sep 18 @ 7:30 pm,Columbia Icefield: Gym 3,Dodging Dokra,lost 0 - 9,2
Tue Sep 25 @ 7:30 pm,Columbia Icefield: Gym 3,Dodgeballers,won 8 - 1,3
Tue Oct 9 @ 7:30 pm,Columbia Icefield: Gym 3,West B,lost 4 - 5,2
Thu Oct 25 @ 4:30 pm,Columbia Icefield: Gym 3,Can’t Touch This,won 6 - 3,2
Mon Nov 5 @ 5:30 pm,Columbia Icefield: Gym 3,Basalt and Battery,lost 9 - 0,3
Tue Nov 13 @ 6:30 pm,Columbia Icefield: Gym 3,Wagwanimals,won 0 - 5,avg.
END_SEASON

PLAYOFFS:
Date/Time,Location,Opposing Team,Score,S.O.C.
Tue Nov 20 @ 9:30 pm,Columbia Icefield: Gym 3,Gandasa,lost 5 - 1,2
END_PLAYOFFS

ROSTER:
Player,Captaincy,uwaterloo_email
Robert Di Niro,(C),RDDINIRO@uwaterloo.ca
Quinn Abram,,
Praharsh Bhatt,,
John Huang,,
James Koo,,
Quinlan Lee,,
Jacky Lu,,
Brittany Mongolas,,
Caitlin Motherwell,,
Prakatheesh Navaneethan,,
Michael Parrott,,
Saurabh Sehgal,,
Grant Simms,,
Kaspar So,,
Jesse Teare,,
Nicholas Tham,,
Kingeon Tsang,,
Frederick Yuan,,
Ke Zeng,,
Yi Zeng,,
Helen Zhu,,
END_ROSTER
