INFO:
teamName,Double D’s
teamAbbreviation,Double D’s
sportId,n/a
sportName,n/a
sportRules,n/a
leagueId,watMu
levelId,n/a
seasonName,n/a
seasonId,n/a
Roster Size,13
Season Games Played,6
Playoff Round Lengths,1,1
END_INFO

SEASON:
Date/Time,Location,Opposing Team,Score,S.O.C.
Mon Sep 24 @ 8:30 pm,Columbia Icefield: Gym 3,Basalt and Battery,won 1 - 7,4
Mon Oct 1 @ 8:30 pm,Columbia Icefield: Gym 3,Wagwanimals,won 0 - 5,avg.
Tue Oct 9 @ 6:30 pm,Columbia Icefield: Gym 3,Dodging Dokra,tie 4 - 4,3
Mon Oct 22 @ 8:30 pm,Columbia Icefield: Gym 3,Gandasa,lost 3 - 4,3
Sat Nov 3 @ 4:30 pm,Columbia Icefield: Gym 1,Mancato!,lost 3 - 5,4
Tue Nov 13 @ 7:30 pm,Columbia Icefield: Gym 3,The Sexy Overlords,won 5 - 0,avg.
END_SEASON

PLAYOFFS:
Date/Time,Location,Opposing Team,Score,S.O.C.
Thu Nov 22 @ 9:30 pm,Columbia Icefield: Gym 3,Mancato!,won 5 - 3,2
Tue Nov 27 @ 9:30 pm,Columbia Icefield: Gym 3,Dodging Dokra,lost 2 - 4,2
END_PLAYOFFS

ROSTER:
Player,Captaincy,uwaterloo_email
Wakeef Hussain,(C),w3hussai@uwaterloo.ca
Avijit Bandyopadhyay,,
Kyle Brunskill,,
Zhu Chen,,
Gregory Chua,,
Alison Greaves,,
Justin Hurst,,
Isaac Ng,,
Aaron Pereira,,
Siobhan Pereira,,
Rajvir Reehal,,
Jeyda Tuncel,,
Amadeusz Wieczorek,,
END_ROSTER
