INFO:
teamName,Dodging Dokra
teamAbbreviation,Dodging Dokra
sportId,n/a
sportName,n/a
sportRules,n/a
leagueId,watMu
levelId,n/a
seasonName,n/a
seasonId,n/a
Roster Size,15
Season Games Played,6
Playoff Round Lengths,1,1,1
END_INFO

SEASON:
Date/Time,Location,Opposing Team,Score,S.O.C.
Tue Sep 18 @ 7:30 pm,Columbia Icefield: Gym 3,Raging Bulls,won 0 - 9,2
Thu Oct 4 @ 6:30 pm,Columbia Icefield: Gym 3,Tooooo BASED,tie 4 - 4,3
Tue Oct 9 @ 6:30 pm,Columbia Icefield: Gym 3,Double D’s,tie 4 - 4,2
Sat Oct 13 @ 1:30 pm,Columbia Icefield: Gym 1,WTFS,won 2 - 7,4
Thu Oct 25 @ 6:30 pm,Columbia Icefield: Gym 3,Dodgeballers,won 5 - 0,avg.
Mon Nov 12 @ 9:30 pm,Columbia Icefield: Gym 2,West B,won 5 - 0,avg.
END_SEASON

PLAYOFFS:
Date/Time,Location,Opposing Team,Score,S.O.C.
Mon Nov 26 @ 10:30 pm,Columbia Icefield: Gym 3,WTFS,won 5 - 4,2
Tue Nov 27 @ 9:30 pm,Columbia Icefield: Gym 3,Double D’s,won 2 - 4,1
Sat Dec 1 @ 1:30 pm,Columbia Icefield: Gym 1,Tooooo BASED,won 4 - 5,1
END_PLAYOFFS

ROSTER:
Player,Captaincy,uwaterloo_email
Shahil Kanji,(C),s2kanji@uwaterloo.ca
Aalia Adatia,,
Jalal Ebrahim,,
Azim Hussaini,,
Arish Jamal Hirani,,
Ashna Jinah,,
Shakil Kanji,,
Rizwan Kassam,,
Firoz Khimani,,
Firoz Khimani,,
Danisha Popat,,
Zain Punjwani,,
Shaun Rajan,,
Irshad Shariff,,
Alyyah Thawer,,
END_ROSTER
