INFO:
teamName,Gandasa
teamAbbreviation,Gandasa
sportId,n/a
sportName,n/a
sportRules,n/a
leagueId,watMu
levelId,n/a
seasonName,n/a
seasonId,n/a
Roster Size,23
Season Games Played,6
Playoff Round Lengths,1,1
END_INFO

SEASON:
Date/Time,Location,Opposing Team,Score,S.O.C.
Tue Sep 18 @ 8:30 pm,Columbia Icefield: Gym 3,Can’t Touch This,lost 5 - 3,1
Mon Oct 1 @ 5:30 pm,Columbia Icefield: Gym 3,Basalt and Battery,won 1 - 5,2
Mon Oct 22 @ 8:30 pm,Columbia Icefield: Gym 3,Double D’s,won 3 - 4,3
Tue Nov 6 @ 7:30 pm,Columbia Icefield: Gym 3,Wagwanimals,won 1 - 7,2
Tue Nov 6 @ 9:30 pm,Columbia Icefield: Gym 3,Mancato!,won 6 - 3,2
Thu Nov 8 @ 5:30 pm,Columbia Icefield: Gym 3,Tooooo BASED,tie 4 - 4,2
END_SEASON

PLAYOFFS:
Date/Time,Location,Opposing Team,Score,S.O.C.
Tue Nov 20 @ 9:30 pm,Columbia Icefield: Gym 3,Raging Bulls,won 5 - 1,2
Thu Nov 22 @ 5:30 pm,Columbia Icefield: Gym 3,Tooooo BASED,lost 5 - 3,2
END_PLAYOFFS

ROSTER:
Player,Captaincy,uwaterloo_email
Ripudaman Kohli,(C),rskohli@uwaterloo.ca
Idahosa Adaghe,,
Harmandeep Bains,,
Sehaj Bains,,
Karendeep Batth,,
Ramandeep Batth,,
Jasmine Bhinder,,
Sharn Bhinder,,
Jagdev Cheema,,
Jasdeep Dulku,,
Jonathan Golla,,
Gurlin Hans,,
Harmeet Jassal,,
Kamal Joshi,,
Leslie Mills,,
Harjot Modi,,
Gurjyot Nanda,,
Sundeep Sandher,,
Rukshan Sathasivam,,
Harmanjit Singh,,
Prabhjot Singh,,
Dayaveer Takk,,
Pardeep Tatla,,
END_ROSTER
