INFO:
teamName,Mancato!
teamAbbreviation,Mancato!
sportId,n/a
sportName,n/a
sportRules,n/a
leagueId,watMu
levelId,n/a
seasonName,n/a
seasonId,n/a
Roster Size,12
Season Games Played,6
Playoff Round Lengths,1
END_INFO

SEASON:
Date/Time,Location,Opposing Team,Score,S.O.C.
Sat Sep 29 @ 3:30 pm,Columbia Icefield: Gym 1,West B,won 2 - 5,2
Tue Oct 2 @ 5:30 pm,Columbia Icefield: Gym 3,Can’t Touch This,lost 5 - 3,3
Mon Oct 15 @ 5:30 pm,Columbia Icefield: Gym 3,Basalt and Battery,won 0 - 5,avg.
Mon Oct 22 @ 3:30 pm,Columbia Icefield: Gym 3,Wagwanimals,tie 0 - 0,-2
Sat Nov 3 @ 4:30 pm,Columbia Icefield: Gym 1,Double D’s,won 3 - 5,4
Tue Nov 6 @ 9:30 pm,Columbia Icefield: Gym 3,Gandasa,lost 6 - 3,2
END_SEASON

PLAYOFFS:
Date/Time,Location,Opposing Team,Score,S.O.C.
Thu Nov 22 @ 9:30 pm,Columbia Icefield: Gym 3,Double D’s,lost 5 - 3,2
END_PLAYOFFS

ROSTER:
Player,Captaincy,uwaterloo_email
Dancy Li,(C),li.dancy@gmail.com
Yang Chen,,
William Francis,,
Donald Hui,,
Jongsoo Lee,,
Gaurav Mali,,
Anthony Mladenov,,
Veaceslav Timbaliuc,,
Vincent Truong,,
Aaron Voelker,,
Alex Wu,,
Weize Xi,,
END_ROSTER
