INFO:
teamName,West B
teamAbbreviation,West B
sportId,n/a
sportName,n/a
sportRules,n/a
leagueId,watMu
levelId,n/a
seasonName,n/a
seasonId,n/a
Roster Size,35
Season Games Played,6
Playoff Round Lengths,0
END_INFO

SEASON:
Date/Time,Location,Opposing Team,Score,S.O.C.
Sat Sep 29 @ 3:30 pm,Columbia Icefield: Gym 1,Mancato!,lost 2 - 5,1
Tue Oct 2 @ 7:30 pm,Columbia Icefield: Gym 3,The Sexy Overlords,won 0 - 5,avg.
Tue Oct 9 @ 7:30 pm,Columbia Icefield: Gym 3,Raging Bulls,won 4 - 5,2
Thu Oct 18 @ 8:30 pm,Columbia Icefield: Gym 3,Tooooo BASED,lost 8 - 1,3
Sat Nov 10 @ 2:30 pm,Columbia Icefield: Gym 1,WTFS,lost 5 - 0,-2
Mon Nov 12 @ 9:30 pm,Columbia Icefield: Gym 2,Dodging Dokra,lost 5 - 0,-2
END_SEASON

PLAYOFFS:
Date/Time,Location,Opposing Team,Score,S.O.C.
END_PLAYOFFS

ROSTER:
Player,Captaincy,uwaterloo_email
Danika McIntosh,(C),daniegirl@rogers.com
Julie Araniyasundaran,,
Melvin-Gray Bayoneto,,
Norah Bischoff,,
Nathan Boon-Van Mossel,,
Joshua Broderick,,
Natalie Burgsma,,
Jonathan Choo,,
Christian Delayun,,
Pardip Dhaliwal,,
Ashley Duffy,,
Tom Ebergen,,
Kristine Forwell,,
Chung Fung,,
Melanie Harris,,
Wendy Huynh,,
Mahdis Jalalvandi,,
Imran Jiwa,,
Nadeem Jiwani,,
Andrew Johnston,,
Erin Laidley,,
Ryan Lo,,
Madeline Macdonald,,
Sushant Manocha,,
Malcolm Mathew,,
Alexander Pak,,
Daniel Pinto Ramos,,
Navin Rasaselvan,,
Anthony Sforza,,
Benjamin Smith,,
Jocelyn Stables-Kennedy,,
Veronica Taylor,,
Sun Wang,,
Mohammad Wasiuddin,,
Gavin Wilson,,
END_ROSTER
