INFO:
teamName,Basalt and Battery
teamAbbreviation,Basalt and Battery
sportId,n/a
sportName,n/a
sportRules,n/a
leagueId,watMu
levelId,n/a
seasonName,n/a
seasonId,n/a
Roster Size,21
Season Games Played,6
Playoff Round Lengths,0
END_INFO

SEASON:
Date/Time,Location,Opposing Team,Score,S.O.C.
Mon Sep 24 @ 8:30 pm,Columbia Icefield: Gym 3,Double D’s,lost 1 - 7,4
Mon Oct 1 @ 5:30 pm,Columbia Icefield: Gym 3,Gandasa,lost 1 - 5,2
Mon Oct 15 @ 5:30 pm,Columbia Icefield: Gym 3,Mancato!,lost 0 - 5,0
Thu Oct 25 @ 3:30 pm,Columbia Icefield: Gym 3,The Sexy Overlords,lost 3 - 5,2
Mon Nov 5 @ 5:30 pm,Columbia Icefield: Gym 3,Raging Bulls,won 9 - 0,3
Sat Nov 10 @ 3:30 pm,Columbia Icefield: Gym 1,WTFS,lost 5 - 0,-2
END_SEASON

PLAYOFFS:
Date/Time,Location,Opposing Team,Score,S.O.C.
END_PLAYOFFS

ROSTER:
Player,Captaincy,uwaterloo_email
Elaine Owens,(C),eoowens@uwaterloo.ca
Farhana Abbas,,
Philip Arlos,,
Tonya Burgers,,
Yi Cai,,
Tyler Ciufo,,
Bronwen Clayfield-Jewett,,
Valerie Clement,,
Paul Coulson,,
Tobiah Jacobs,,
Jordan Keir-Sage,,
Gerhard Kiessling,,
Lindsey Lebert,,
Mason McAlary,,
Christopher Morgan,,
Nikkolas Ongaro,,
Katherine Raymond,,
Shawn Scott,,
Kevin Tateishi,,
Lenny Trinh,,
Peter Wray,,
END_ROSTER
