INFO:
teamName,WTFS
teamAbbreviation,WTFS
sportId,n/a
sportName,n/a
sportRules,n/a
leagueId,watMu
levelId,n/a
seasonName,n/a
seasonId,n/a
Roster Size,14
Season Games Played,6
Playoff Round Lengths,1,1
END_INFO

SEASON:
Date/Time,Location,Opposing Team,Score,S.O.C.
Sat Sep 29 @ 2:30 pm,Columbia Icefield: Gym 1,Tooooo BASED,lost 2 - 7,1
Sat Oct 13 @ 1:30 pm,Columbia Icefield: Gym 1,Dodging Dokra,lost 2 - 7,4
Thu Oct 25 @ 5:30 pm,Columbia Icefield: Gym 3,Can’t Touch This,lost 4 - 5,2
Sat Nov 3 @ 3:30 pm,Columbia Icefield: Gym 1,Dodgeballers,lost 2 - 5,4
Sat Nov 10 @ 2:30 pm,Columbia Icefield: Gym 1,West B,won 5 - 0,avg.
Sat Nov 10 @ 3:30 pm,Columbia Icefield: Gym 1,Basalt and Battery,won 5 - 0,avg.
END_SEASON

PLAYOFFS:
Date/Time,Location,Opposing Team,Score,S.O.C.
Sat Nov 24 @ 1:30 pm,Columbia Icefield: Gym 1,Dodgeballers,won 2 - 5,2
Mon Nov 26 @ 10:30 pm,Columbia Icefield: Gym 3,Dodging Dokra,lost 5 - 4,2
END_PLAYOFFS

ROSTER:
Player,Captaincy,uwaterloo_email
Pratik Patel,(C),p48patel@uwaterloo.ca
Jay Desai,,
Heidi Fernandes,,
Bryan Ho,,
Ehsaan Hossain,,
Jiuru Lu,,
Michael Ly,,
Stephanie Mery,,
Alysa Segato,,
Amanda Tran,,
Anna Tran,,
Sandy Vuong,,
Meghan Wahab,,
Rena Zhou,,
END_ROSTER
