INFO:
teamName,Tooooo BASED
teamAbbreviation,Tooooo BASED
sportId,n/a
sportName,n/a
sportRules,n/a
leagueId,watMu
levelId,n/a
seasonName,n/a
seasonId,n/a
Roster Size,18
Season Games Played,6
Playoff Round Lengths,1,1,1
END_INFO

SEASON:
Date/Time,Location,Opposing Team,Score,S.O.C.
Sat Sep 29 @ 2:30 pm,Columbia Icefield: Gym 1,WTFS,won 2 - 7,1
Thu Oct 4 @ 6:30 pm,Columbia Icefield: Gym 3,Dodging Dokra,tie 4 - 4,3
Thu Oct 11 @ 6:30 pm,Columbia Icefield: Gym 3,Dodgeballers,won 6 - 3,3
Thu Oct 18 @ 8:30 pm,Columbia Icefield: Gym 3,West B,won 8 - 1,3
Thu Nov 8 @ 5:30 pm,Columbia Icefield: Gym 3,Gandasa,tie 4 - 4,2
Tue Nov 13 @ 5:30 pm,Columbia Icefield: Gym 3,Can’t Touch This,won 5 - 0,avg.
END_SEASON

PLAYOFFS:
Date/Time,Location,Opposing Team,Score,S.O.C.
Tue Nov 20 @ 6:30 pm,Columbia Icefield: Gym 3,Can’t Touch This,won 5 - 1,2
Thu Nov 22 @ 5:30 pm,Columbia Icefield: Gym 3,Gandasa,won 5 - 3,2
Sat Dec 1 @ 1:30 pm,Columbia Icefield: Gym 1,Dodging Dokra,lost 4 - 5,1
END_PLAYOFFS

ROSTER:
Player,Captaincy,uwaterloo_email
Karmanya Ratra,(C),kratra11@hotmail.com
Mohammad Akhtar,,
Ishang Bhan,,
Shiva Bhardwaj,,
Diljot Chhina,,
Tanpreet Grewal,,
Mohammad Jangda,,
Ramneek Mangat,,
Usheer Naik,,
Shivani Narang,,
Jaskarn Pabla,,
Kajal Patel,,
Thilini Rajakariar,,
Akshya Rampal,,
Hooman Safaee,,
Josiah Sales,,
Armaitish Sethna,,
Swati Singh,,
END_ROSTER
