INFO:
teamName,Dodgeballers
teamAbbreviation,Dodgeballers
sportId,n/a
sportName,n/a
sportRules,n/a
leagueId,watMu
levelId,n/a
seasonName,n/a
seasonId,n/a
Roster Size,19
Season Games Played,6
Playoff Round Lengths,1
END_INFO

SEASON:
Date/Time,Location,Opposing Team,Score,S.O.C.
Tue Sep 18 @ 6:30 pm,Columbia Icefield: Gym 3,The Sexy Overlords,lost 5 - 3,2
Tue Sep 25 @ 7:30 pm,Columbia Icefield: Gym 3,Raging Bulls,lost 8 - 1,3
Thu Oct 11 @ 6:30 pm,Columbia Icefield: Gym 3,Tooooo BASED,lost 6 - 3,3
Thu Oct 25 @ 6:30 pm,Columbia Icefield: Gym 3,Dodging Dokra,lost 5 - 0,-2
Thu Nov 1 @ 6:30 pm,Columbia Icefield: Gym 3,Wagwanimals,tie 0 - 0,-2
Sat Nov 3 @ 3:30 pm,Columbia Icefield: Gym 1,WTFS,won 2 - 5,4
END_SEASON

PLAYOFFS:
Date/Time,Location,Opposing Team,Score,S.O.C.
Sat Nov 24 @ 1:30 pm,Columbia Icefield: Gym 1,WTFS,lost 2 - 5,2
END_PLAYOFFS

ROSTER:
Player,Captaincy,uwaterloo_email
Jennifer Trian,(C),jennifer.trian@gmail.com
Chi Chan,,
Siu Chan,,
Ashaal Dabholkar,,
Tushar Dhoot,,
Christopher Haggert,,
Christina Kottoor,,
Jennifer Kwok,,
Jeffrey Lam,,
Jeffrey Li,,
Sophie Liu,,
Francois-Johan Roy,,
Wesley Tam,,
Bonnie Tsang,,
Shirley Wong,,
Timothy Wu,,
Kevin Yu,,
Zahra Zarrinhonar,,
Mohammad Zoolfagharian,,
END_ROSTER
