INFO:
teamName,Can’t Touch This
teamAbbreviation,Can’t Touch This
sportId,n/a
sportName,n/a
sportRules,n/a
leagueId,watMu
levelId,n/a
seasonName,n/a
seasonId,n/a
Roster Size,14
Season Games Played,6
Playoff Round Lengths,1
END_INFO

SEASON:
Date/Time,Location,Opposing Team,Score,S.O.C.
Tue Sep 18 @ 8:30 pm,Columbia Icefield: Gym 3,Gandasa,won 5 - 3,3
Tue Oct 2 @ 5:30 pm,Columbia Icefield: Gym 3,Mancato!,won 5 - 3,3
Thu Oct 11 @ 3:30 pm,Columbia Icefield: Gym 3,The Sexy Overlords,lost 2 - 4,3
Thu Oct 25 @ 4:30 pm,Columbia Icefield: Gym 3,Raging Bulls,lost 6 - 3,2
Thu Oct 25 @ 5:30 pm,Columbia Icefield: Gym 3,WTFS,won 4 - 5,2
Tue Nov 13 @ 5:30 pm,Columbia Icefield: Gym 3,Tooooo BASED,lost 5 - 0,0
END_SEASON

PLAYOFFS:
Date/Time,Location,Opposing Team,Score,S.O.C.
Tue Nov 20 @ 6:30 pm,Columbia Icefield: Gym 3,Tooooo BASED,lost 5 - 1,2
END_PLAYOFFS

ROSTER:
Player,Captaincy,uwaterloo_email
Anastassia Zoubakina,(C),azoubaki@uwaterloo.ca
Kalem Hammermueller,,
Kamadchi Karunanandan,,
Chi Lee,,
Hanh Nguyen,,
William Ogden,,
Connor Peebles,,
Eric Pemberton,,
Rovyne Reyes,,
Marina Selioukova,,
Lauren Smith,,
Maria Tchernikova,,
Philip Van-Lane,,
Aleksandra Yosifova,,
END_ROSTER
