Advanced Indies 1,spring2015,Ice Hockey: Advanced Indies 1 (Advanced)
7,6,6,1,1
Wed May 13 @ 9:00 pm,Columbia Icefield Arena,lost,2,3,2,Two Hands on the Shaft
Tue May 26 @ 10:00 pm,Columbia Icefield Arena,lost,4,5,2,Everyday I’m Byfuglien
Tue Jun 9 @ 7:00 pm,Columbia Icefield Arena,lost,1,5,3,Third Line Grinders
Wed Jun 17 @ 8:00 pm,Columbia Icefield Arena,lost,1,3,3,Busch League
Tue Jun 23 @ 8:00 pm,Columbia Icefield Arena,lost,0,6,3,Team Mike Lalande
Sun Jul 5 @ 5:00 pm,Columbia Icefield Arena,lost,0,4,3,Chiefs
Wed Jul 8 @ 9:00 pm,Columbia Icefield Arena,lost,1,7,2,Busch League

Maxwell Carter,Drew Davidson,Robert Doswell,Evan Earl,Robert Fernandes,Eric Heibein,Peter Keillor,Daniel Lamontagne-Kam,Jake Marchildon,Natasha Nicholl,Andrew Pundsack,Adam Seeto,Pascale Walters
