Worriers,spring2015,Ice Hockey: Worriers (Advanced)
10,6,6,4,4
Tue May 19 @ 10:00 pm,Columbia Icefield Arena,won,4,0,2,The Chiefs
Tue May 26 @ 7:00 pm,Columbia Icefield Arena,lost,0,4,3,Busch League
Tue Jun 2 @ 8:00 pm,Columbia Icefield Arena,lost,3,5,3,Third Line Grinders
Tue Jun 9 @ 9:00 pm,Columbia Icefield Arena,won,3,1,2,Everyday I’m Byfuglien
Tue Jun 16 @ 8:00 pm,Columbia Icefield Arena,tie,3,3,2,Team Mike Lalande
Tue Jun 23 @ 9:00 pm,Columbia Icefield Arena,tie,3,3,4,Chiefs
Wed Jul 15 @ 10:00 pm,Columbia Icefield Arena,won,3,1,1,Chiefs
Sun Jul 19 @ 10:00 pm,Columbia Icefield Arena,won,3,2,1,Third Line Grinders
Tue Jul 21 @ 8:00 pm,Columbia Icefield Arena,won,5,2,2,Everyday I’m Byfuglien
Sun Jul 26 @ 9:00 pm,Columbia Icefield Arena,won,5,2,2,Everyday I’m Byfuglien

Timothy Brecht,Bart Domzy,Chester Eickmeier,Rob Esselment,David Hammond,Drew Higgins,Timothy S Ireland,Ken Jessop,Alan Ker,George Labahn,Jeffrey Labahn,Adam Metherel,Ken Nightingale,Colin Phipps,Tony Shaughnessy,David Smyth,Ken D. Stark,A.Russell Tupling,Steven Woods,Bill Eickmeier
