Everyday I’m Byfuglien,spring2015,Ice Hockey: Everyday I’m Byfuglien (Advanced)
11,6,6,5,5
Wed May 13 @ 10:00 pm,Columbia Icefield Arena,lost,0,3,-2,Fierce Flawless Divas
Tue May 26 @ 10:00 pm,Columbia Icefield Arena,won,5,4,3,Advanced Indies 1
Tue Jun 9 @ 9:00 pm,Columbia Icefield Arena,lost,1,3,3,Worriers
Sun Jun 21 @ 10:00 pm,Columbia Icefield Arena,lost,2,7,3,Third Line Grinders
Wed Jun 24 @ 9:00 pm,Columbia Icefield Arena,lost,1,2,-1,Two Hands on the Shaft
Sun Jul 5 @ 9:00 pm,Columbia Icefield Arena,lost,1,2,0,Busch League
Sun Jul 12 @ 10:00 pm,Columbia Icefield Arena,won,3,2,2,Team Mike Lalande
Wed Jul 15 @ 8:00 pm,Columbia Icefield Arena,won,3,1,0,Busch League
Sun Jul 19 @ 9:00 pm,Columbia Icefield Arena,won,3,1,2,Fierce Flawless Divas
Tue Jul 21 @ 8:00 pm,Columbia Icefield Arena,lost,2,5,2,Worriers
Sun Jul 26 @ 9:00 pm,Columbia Icefield Arena,lost,2,5,2,Worriers

Matthew Coyne,David Drewery,Scott Janssen,Colin McKinnon,Matthew McLeod,Michael Miniou,Gregory Mittler,Matthew Schmidt,Cody Shirriff,Brett Steele,Liana Tennant,Jonathan Thacker,Robert Watson,Chad Van Dyk
