Taylor Swift,spring2015,Ice Hockey: Taylor Swift (Advanced)
8,6,6,2,2
Tue May 19 @ 9:00 pm,Columbia Icefield Arena,lost,2,4,2,Third Line Grinders
Tue Jun 2 @ 9:00 pm,Columbia Icefield Arena,lost,0,3,3,Two Hands on the Shaft
Sun Jun 21 @ 3:00 pm,Columbia Icefield Arena,tie,0,0,0,Chiefs
Wed Jun 24 @ 10:00 pm,Columbia Icefield Arena,won,3,0,3,The Chiefs
Sun Jun 28 @ 7:00 pm,Columbia Icefield Arena,lost,0,6,3,Team Mike Lalande
Tue Jun 30 @ 8:00 pm,Columbia Icefield Arena,lost,1,3,3,Fierce Flawless Divas
Wed Jul 8 @ 10:00 pm,Columbia Icefield Arena,won,2,0,2,Two Hands on the Shaft
Tue Jul 14 @ 9:00 pm,Columbia Icefield Arena,lost,1,7,0,Fierce Flawless Divas

Christopher Cho-Kee,Raphael Deapera,Nicholas Fratin,John Kurelek,Tony Lieu,Marc Pottier,Anthony Proia,Elton Schebesch,Colin Vander Glas,Jeffrey Watchorn,Alexander Cho-Kee
