Busch League,spring2015,Ice Hockey: Busch League (Advanced)
8,6,6,2,2
Wed May 20 @ 9:00 pm,Columbia Icefield Arena,won,4,1,1,Two Hands on the Shaft
Tue May 26 @ 7:00 pm,Columbia Icefield Arena,won,4,0,3,Worriers
Wed Jun 3 @ 10:00 pm,Columbia Icefield Arena,won,4,3,3,The Chiefs
Wed Jun 17 @ 8:00 pm,Columbia Icefield Arena,won,3,1,3,Advanced Indies 1
Sun Jun 28 @ 6:00 pm,Columbia Icefield Arena,lost,1,2,-2,Third Line Grinders
Sun Jul 5 @ 9:00 pm,Columbia Icefield Arena,won,2,1,-2,Everyday I’m Byfuglien
Wed Jul 8 @ 9:00 pm,Columbia Icefield Arena,won,7,1,2,Advanced Indies 1
Wed Jul 15 @ 8:00 pm,Columbia Icefield Arena,lost,1,3,-2,Everyday I’m Byfuglien

Adam Fujita,Joel Furlan,Eric Gooley,Brandon Hong,Tyler Hull,Tyler Keller,Maxsym Lysyk,Chris Sayers,Elliot Silverstein,Connor Sprout,Connor Sprout,Joel Tremblay,Mackenzie Van Dam,Evan Way,William Yan,William Politis-Barber
