Fierce Flawless Divas,spring2015,Ice Hockey: Fierce Flawless Divas (Advanced)
8,6,6,2,2
Wed May 13 @ 10:00 pm,Columbia Icefield Arena,won,3,0,0,Everyday I’m Byfuglien
Tue May 26 @ 8:00 pm,Columbia Icefield Arena,lost,0,3,3,Third Line Grinders
Sun May 31 @ 9:00 pm,Columbia Icefield Arena,won,2,1,3,Team Mike Lalande
Sun Jun 14 @ 3:00 pm,Columbia Icefield Arena,won,3,0,avg.,Chiefs
Wed Jun 17 @ 10:00 pm,Columbia Icefield Arena,won,4,0,3,The Chiefs
Tue Jun 30 @ 8:00 pm,Columbia Icefield Arena,won,3,1,3,Taylor Swift
Tue Jul 14 @ 9:00 pm,Columbia Icefield Arena,won,7,1,2,Taylor Swift
Sun Jul 19 @ 9:00 pm,Columbia Icefield Arena,lost,1,3,2,Everyday I’m Byfuglien

Micah Brubaker-Zehr,Jesse Burt,Dirk Friesen,Alexander Gee,Mackenzie Gingerich,Jeffrey Hagen,David Mamujee,Adrian Neufeld,Nathaniel Pajunen,Elliott Parke,Mitchell Smith,Brett Kropf
