Two Hands on the Shaft,spring2015,Ice Hockey: Two Hands on the Shaft (Advanced)
7,6,6,1,1
Wed May 13 @ 9:00 pm,Columbia Icefield Arena,won,3,2,2,Advanced Indies 1
Tue May 19 @ 8:00 pm,Columbia Icefield Arena,won,7,6,3,Chiefs
Wed May 20 @ 9:00 pm,Columbia Icefield Arena,lost,1,4,1,Busch League
Tue Jun 2 @ 9:00 pm,Columbia Icefield Arena,won,3,0,3,Taylor Swift
Wed Jun 24 @ 9:00 pm,Columbia Icefield Arena,won,2,1,0,Everyday I’m Byfuglien
Tue Jun 30 @ 9:00 pm,Columbia Icefield Arena,lost,2,7,3,Team Mike Lalande
Wed Jul 8 @ 10:00 pm,Columbia Icefield Arena,lost,0,2,2,Taylor Swift

Lindsay Brock,Jarryd Buck,Matthew Coppola,Matthew Courtney,Matthew Frazer,Colin Hilliard,Yohan Laffitte,Casey McLewin,Weston Morlock,Steven Norwood,Michael Phillips,Cameron Tolton,Mark Bertens
