INFO:
teamName,Beck Hall’s Balls
teamAbbreviation,Beck Hall’s Balls
sportId,n/a
sportName,n/a
sportRules,n/a
leagueId,watMu
levelId,n/a
seasonName,n/a
seasonId,n/a
Roster Size,27
Season Games Played,6
Playoff Round Lengths,0
END_INFO

SEASON:
Date/Time,Location,Opposing Team,Score,S.O.C.
Thu Sep 19 @ 6:30 pm,Columbia Icefield: Gym 3,Already Hit That,lost 7 - 2,2
Mon Sep 30 @ 6:30 pm,Columbia Icefield: Gym 3,Renison,lost 0 - 8,-2
Mon Oct 7 @ 7:30 pm,Columbia Icefield: Gym 3,Babbar Sherz,tie 0 - 0,-2
Thu Oct 24 @ 6:30 pm,Columbia Icefield: Gym 3,Mac1ve Ball5,lost 0 - 5,-2
Mon Nov 4 @ 7:30 pm,Columbia Icefield: Gym 3,Not in the Face!,lost 0 - 5,-2
Sat Nov 9 @ 2:30 pm,Columbia Icefield: Gym 1,Team Bruno Hung,tie 0 - 0,-2
END_SEASON

PLAYOFFS:
Date/Time,Location,Opposing Team,Score,S.O.C.
END_PLAYOFFS

ROSTER:
Player,Captaincy,uwaterloo_email
Megan Brophy,(C),mbrophy@uwaterloo.ca
Alexandra Arnott,,
Chantel Asamoah,,
Katherine Chen,,
Daniel Cheung,,
Victoria Citter,,
Connor Dobson,,
Kelowna Donnelly,,
Brodie Dunley,,
Eric Girvin,,
Julia Gomes,,
Arnold Kwok,,
Minji Lee,,
Xuefei Liu,,
Andy Lo,,
Tran Luong,,
Alyssa Manalo,,
Brandon Semus,,
Rawlric Sumner,,
Jesse Uszkay,,
Peng Wang,,
Brandon Wong,,
Alex Wu,,
Darren Yam,,
Darren Yam,,
David Zhou,,
Xiang Zhou,,
END_ROSTER
