INFO:
teamName,Already Hit That
teamAbbreviation,Already Hit That
sportId,n/a
sportName,n/a
sportRules,n/a
leagueId,watMu
levelId,n/a
seasonName,n/a
seasonId,n/a
Roster Size,17
Season Games Played,6
Playoff Round Lengths,1
END_INFO

SEASON:
Date/Time,Location,Opposing Team,Score,S.O.C.
Thu Sep 19 @ 6:30 pm,Columbia Icefield: Gym 3,Beck Hall’s Balls,won 7 - 2,2
Thu Sep 26 @ 6:30 pm,Columbia Icefield: Gym 3,Renison,lost 2 - 7,3
Thu Oct 3 @ 7:30 pm,Columbia Icefield: Gym 3,Great Gluts,won 2 - 6,3
Thu Oct 10 @ 6:30 pm,Columbia Icefield: Gym 3,Not in the Face!,won 6 - 3,3
Thu Oct 17 @ 6:30 pm,Columbia Icefield: Gym 3,Comm At Me Bro,lost 2 - 5,3
Thu Oct 24 @ 8:30 pm,Columbia Icefield: Gym 3,"Dodge, Duck, Dip, Dive, and Don",won 5 - 2,3
END_SEASON

PLAYOFFS:
Date/Time,Location,Opposing Team,Score,S.O.C.
Tue Nov 19 @ 10:30 pm,Columbia Icefield: Gym 3,Mac1ve Ball5,lost 0 - 5,2
END_PLAYOFFS

ROSTER:
Player,Captaincy,uwaterloo_email
Darrell Cheng,(C),d3cheng@uwaterloo.ca
Iouri Basmanov,,
Nina Feng,,
Reenste Filler,,
Xuewen He,,
Graham Karner,,
Aldo Katragjini,,
Katherine Lee,,
Carlos Manzo,,
Aaron Peng,,
Jeffrey Robinson,,
John Ryue,,
Natalie Wennyk,,
Amy Yang,,
Timothy Yoon,,
Qixia Zhang,,
Yiwei Zhu,,
END_ROSTER
