INFO:
teamName,Mac1ve Ball5
teamAbbreviation,Mac1ve Ball5
sportId,n/a
sportName,n/a
sportRules,n/a
leagueId,watMu
levelId,n/a
seasonName,n/a
seasonId,n/a
Roster Size,11
Season Games Played,6
Playoff Round Lengths,1,1
END_INFO

SEASON:
Date/Time,Location,Opposing Team,Score,S.O.C.
Tue Sep 24 @ 10:30 pm,Columbia Icefield: Gym 3,The Dodgefathers,won 6 - 0,2
Tue Oct 1 @ 10:30 pm,Columbia Icefield: Gym 3,Team Bruno Hung,lost 1 - 8,3
Thu Oct 3 @ 5:30 pm,Columbia Icefield: Gym 3,Jamaican Dodgeball Team,won 5 - 2,2
Thu Oct 10 @ 7:30 pm,Columbia Icefield: Gym 3,Great Gluts,lost 5 - 3,1
Thu Oct 24 @ 6:30 pm,Columbia Icefield: Gym 3,Beck Hall’s Balls,won 0 - 5,avg.
Sat Nov 9 @ 2:30 pm,Columbia Icefield: Gym 3,Comm At Me Bro,tie 0 - 0,0
END_SEASON

PLAYOFFS:
Date/Time,Location,Opposing Team,Score,S.O.C.
Tue Nov 19 @ 10:30 pm,Columbia Icefield: Gym 3,Already Hit That,won 0 - 5,2
Tue Nov 26 @ 10:30 pm,Columbia Icefield: Gym 3,Babbar Sherz,lost 2 - 5,2
END_PLAYOFFS

ROSTER:
Player,Captaincy,uwaterloo_email
Brian Kester,(C),bkester@uwaterloo.ca
Maru Abantao,,
Robert Culbert,,
Andrew Easton,,
Feiyi Fan,,
Stanley Fong,,
Tse Huang,,
Zhi Huang,,
Justin Johnson,,
Eduard Mandru,,
Kyle Saulnier,,
END_ROSTER
