INFO:
teamName,Scisoc Dodgeball
teamAbbreviation,Scisoc Dodgeball
sportId,n/a
sportName,n/a
sportRules,n/a
leagueId,watMu
levelId,n/a
seasonName,n/a
seasonId,n/a
Roster Size,33
Season Games Played,6
Playoff Round Lengths,0
END_INFO

SEASON:
Date/Time,Location,Opposing Team,Score,S.O.C.
Thu Sep 19 @ 8:30 pm,Columbia Icefield: Gym 3,"Dodge, Duck, Dip, Dive, and Don",won 0 - 5,avg.
Mon Sep 23 @ 6:30 pm,Columbia Icefield: Gym 3,"Stop, drop, and divekick",lost 4 - 2,3
Tue Oct 15 @ 6:30 pm,Columbia Icefield: Gym 3,Babbar Sherz,lost 0 - 5,-2
Sat Nov 2 @ 3:30 pm,Columbia Icefield: Gym 1,Team Bruno Hung,tie 0 - 0,-2
Mon Nov 4 @ 8:30 pm,Columbia Icefield: Gym 3,The Dodgefathers,tie 0 - 0,-2
Mon Nov 11 @ 8:30 pm,Columbia Icefield: Gym 3,Jamaican Dodgeball Team,lost 0 - 5,-2
END_SEASON

PLAYOFFS:
Date/Time,Location,Opposing Team,Score,S.O.C.
END_PLAYOFFS

ROSTER:
Player,Captaincy,uwaterloo_email
Kevin Li,(C),kjhli@uwaterloo.ca
Omobolanle Alabi,,
Mohannad Alali,,
Anirudh Bakhru,,
Joshua Cameron,,
Andrew Chan,,
Sarah Duffus,,
Jacob Funes,,
Harjit Gill,,
Benjamin Ho,,
Kevin Jayaratne,,
Caitlyn King,,
Quinton Kung,,
Lillian Kwok,,
Vivian Lam,,
Cheng-Wei Liu,,
Benjamin Maclellan,,
Yvonne Mak,,
Yvonne Mak,,
Ashley Margarido,,
Rishiraj Mehta,,
Nicholas Nasedkin,,
Benjamin Ng,,
Mylynh Nguyen,,
Vivian Nguyen,,
Sonya Pihura,,
Ethan Randall,,
Meagan Thang,,
Divya Thangella,,
Jennifer Trac,,
Jennifer Trac,,
Quang Vo,,
Mengran Xu,,
END_ROSTER
