INFO:
teamName,"Dodge, Duck, Dip, Dive, and Don"
teamAbbreviation,"Dodge, Duck, Dip, Dive, and Don"
sportId,n/a
sportName,n/a
sportRules,n/a
leagueId,watMu
levelId,n/a
seasonName,n/a
seasonId,n/a
Roster Size,33
Season Games Played,6
Playoff Round Lengths,1,1
END_INFO

SEASON:
Date/Time,Location,Opposing Team,Score,S.O.C.
Thu Sep 19 @ 8:30 pm,Columbia Icefield: Gym 3,Scisoc Dodgeball,lost 0 - 5,-2
Thu Oct 3 @ 8:30 pm,Columbia Icefield: Gym 3,The Dodgefathers,won 5 - 0,avg.
Thu Oct 10 @ 8:30 pm,Columbia Icefield: Gym 3,Comm At Me Bro,lost 2 - 7,3
Thu Oct 17 @ 8:30 pm,Columbia Icefield: Gym 3,Great Gluts,won 5 - 0,avg.
Thu Oct 24 @ 8:30 pm,Columbia Icefield: Gym 3,Already Hit That,lost 5 - 2,3
Sat Nov 9 @ 6:30 pm,Columbia Icefield: Gym 1,Team Bruno Hung,lost 5 - 0,-2
END_SEASON

PLAYOFFS:
Date/Time,Location,Opposing Team,Score,S.O.C.
Sat Nov 23 @ 4:30 pm,Columbia Icefield: Gym 1,Not in the Face!,won 5 - 0,0
Mon Nov 25 @ 7:30 pm,Columbia Icefield: Gym 3,Comm At Me Bro,lost 5 - 0,-2
END_PLAYOFFS

ROSTER:
Player,Captaincy,uwaterloo_email
Benjamin Lesperance,(C),bjlesper@uwaterloo.ca
Cathline Alexander,,
Lindsay Cartwright,,
Cara Chan,,
Connie Chung,,
Ankit Curchorcar,,
Sachin Duggal,,
Vanessa Forchilli,,
Morgan Genge,,
Amal Ghedi,,
Rachel Goard,,
Virendra Gopee,,
Anusha Gunarajah,,
Ameesha Isaac,,
Max Louis-Juste,,
Richard Ma,,
Miranda Marcotte,,
Lukas McIntosh,,
Alexander Mistakidis,,
Hannah Noble,,
Drew Pilcher,,
Courtney Prophet,,
Adriana Richard,,
Jeremy Rubinoff,,
Daniel Sabau,,
Umema Sharafali,,
Nitish Sharma,,
Walter Strasser,,
Kelcie Vouk,,
Jason Wang,,
Carlee Watson,,
Erin Williams,,
Jonathan Yim,,
END_ROSTER
