INFO:
teamName,Jamaican Dodgeball Team
teamAbbreviation,Jamaican Dodgeball Team
sportId,n/a
sportName,n/a
sportRules,n/a
leagueId,watMu
levelId,n/a
seasonName,n/a
seasonId,n/a
Roster Size,16
Season Games Played,6
Playoff Round Lengths,1
END_INFO

SEASON:
Date/Time,Location,Opposing Team,Score,S.O.C.
Thu Oct 3 @ 5:30 pm,Columbia Icefield: Gym 3,Mac1ve Ball5,lost 5 - 2,2
Mon Oct 21 @ 6:30 pm,Columbia Icefield: Gym 3,Babbar Sherz,won 5 - 0,avg.
Mon Oct 28 @ 6:30 pm,Columbia Icefield: Gym 3,Not in the Face!,won 5 - 4,4
Mon Nov 4 @ 6:30 pm,Columbia Icefield: Gym 3,"Stop, drop, and divekick",won 3 - 5,4
Mon Nov 11 @ 8:30 pm,Columbia Icefield: Gym 3,Scisoc Dodgeball,won 0 - 5,avg.
Tue Nov 12 @ 6:30 pm,Columbia Icefield: Gym 3,Comm At Me Bro,lost 0 - 5,-2
END_SEASON

PLAYOFFS:
Date/Time,Location,Opposing Team,Score,S.O.C.
Tue Nov 19 @ 9:30 pm,Columbia Icefield: Gym 3,Renison,lost 5 - 2,2
END_PLAYOFFS

ROSTER:
Player,Captaincy,uwaterloo_email
Ray Maducdoc,(C),rfmaducd@uwaterloo.ca
Raul Acevedo,,
Samantha Bohmert,,
Pranav Chadha,,
Ka Chan,,
Javier Ching,,
Jia He,,
Steven How,,
Hariram Krishnamurthy,,
Jessica Lam,,
Wilson Leung,,
Pranjal Singh,,
Edward Tan,,
Justin Williams,,
Jenny Yang,,
Kam Yu,,
END_ROSTER
