INFO:
teamName,The Dodgefathers
teamAbbreviation,The Dodgefathers
sportId,n/a
sportName,n/a
sportRules,n/a
leagueId,watMu
levelId,n/a
seasonName,n/a
seasonId,n/a
Roster Size,12
Season Games Played,6
Playoff Round Lengths,0
END_INFO

SEASON:
Date/Time,Location,Opposing Team,Score,S.O.C.
Tue Sep 24 @ 10:30 pm,Columbia Icefield: Gym 3,Mac1ve Ball5,lost 6 - 0,2
Thu Oct 3 @ 8:30 pm,Columbia Icefield: Gym 3,"Dodge, Duck, Dip, Dive, and Don",lost 5 - 0,-2
Mon Oct 7 @ 6:30 pm,Columbia Icefield: Gym 3,"Stop, drop, and divekick",tie 4 - 4,0
Mon Oct 21 @ 7:30 pm,Columbia Icefield: Gym 3,Not in the Face!,won 2 - 4,2
Mon Nov 4 @ 8:30 pm,Columbia Icefield: Gym 3,Scisoc Dodgeball,tie 0 - 0,-2
Mon Nov 11 @ 6:30 pm,Columbia Icefield: Gym 3,Team Bruno Hung,lost 5 - 0,-2
END_SEASON

PLAYOFFS:
Date/Time,Location,Opposing Team,Score,S.O.C.
END_PLAYOFFS

ROSTER:
Player,Captaincy,uwaterloo_email
Mathew Martin,(C),MT2MARTI@uwaterloo.ca
Victoria Bissonnette,,
Carly Cameron,,
Katelyn Doerbecker,,
Laura Dunne,,
Olivia Dunne,,
Ashley Gallant,,
Tyler Klimt,,
Nicole Kudoba,,
Michael Tyler,,
Christopher Voss,,
Zachary Whelan,,
END_ROSTER
