INFO:
teamName,Great Gluts
teamAbbreviation,Great Gluts
sportId,n/a
sportName,n/a
sportRules,n/a
leagueId,watMu
levelId,n/a
seasonName,n/a
seasonId,n/a
Roster Size,13
Season Games Played,6
Playoff Round Lengths,1
END_INFO

SEASON:
Date/Time,Location,Opposing Team,Score,S.O.C.
Thu Sep 19 @ 7:30 pm,Columbia Icefield: Gym 3,Renison,lost 2 - 7,1
Thu Sep 26 @ 7:30 pm,Columbia Icefield: Gym 3,Babbar Sherz,lost 1 - 8,2
Thu Oct 3 @ 7:30 pm,Columbia Icefield: Gym 3,Already Hit That,lost 2 - 6,3
Thu Oct 10 @ 7:30 pm,Columbia Icefield: Gym 3,Mac1ve Ball5,won 5 - 3,0
Thu Oct 17 @ 8:30 pm,Columbia Icefield: Gym 3,"Dodge, Duck, Dip, Dive, and Don",lost 5 - 0,-2
Sat Oct 26 @ 3:30 pm,Columbia Icefield: Gym 3,"Stop, drop, and divekick",won 7 - 1,3
END_SEASON

PLAYOFFS:
Date/Time,Location,Opposing Team,Score,S.O.C.
Tue Nov 19 @ 7:30 pm,Columbia Icefield: Gym 3,"Stop, drop, and divekick",lost 5 - 1,2
END_PLAYOFFS

ROSTER:
Player,Captaincy,uwaterloo_email
Natasha Martin,(C),NJMARTIN@uwaterloo.ca
Sean Arseneau,,
Elaina Bentz,,
Kaylin Epp,,
Mackenzie Gingerich,,
Elizabeth Klassen,,
Brett Kropf,,
Michael Kuurstra,,
Adrian Neufeld,,
Jonathan Oldenburger,,
Daniel Rabinovitch,,
Paul Simpson,,
Rebekah Winter,,
END_ROSTER
