INFO:
teamName,Babbar Sherz
teamAbbreviation,Babbar Sherz
sportId,n/a
sportName,n/a
sportRules,n/a
leagueId,watMu
levelId,n/a
seasonName,n/a
seasonId,n/a
Roster Size,17
Season Games Played,6
Playoff Round Lengths,1,1,1
END_INFO

SEASON:
Date/Time,Location,Opposing Team,Score,S.O.C.
Thu Sep 26 @ 7:30 pm,Columbia Icefield: Gym 3,Great Gluts,won 1 - 8,3
Thu Oct 3 @ 6:30 pm,Columbia Icefield: Gym 3,Not in the Face!,won 1 - 8,2
Mon Oct 7 @ 7:30 pm,Columbia Icefield: Gym 3,Beck Hall’s Balls,tie 0 - 0,-2
Tue Oct 15 @ 6:30 pm,Columbia Icefield: Gym 3,Scisoc Dodgeball,won 0 - 5,avg.
Mon Oct 21 @ 6:30 pm,Columbia Icefield: Gym 3,Jamaican Dodgeball Team,lost 5 - 0,-2
Mon Nov 4 @ 9:30 pm,Columbia Icefield: Gym 3,Renison,won 1 - 4,3
END_SEASON

PLAYOFFS:
Date/Time,Location,Opposing Team,Score,S.O.C.
Mon Nov 25 @ 8:30 pm,Columbia Icefield: Gym 3,"Stop, drop, and divekick",won 4 - 5,2
Tue Nov 26 @ 10:30 pm,Columbia Icefield: Gym 3,Mac1ve Ball5,won 2 - 5,2
Sat Nov 30 @ 2:30 pm,Columbia Icefield: Gym 1,Comm At Me Bro,won 0 - 5,2
END_PLAYOFFS

ROSTER:
Player,Captaincy,uwaterloo_email
Harjot Modi,(C),HSMODI@uwaterloo.ca
Idahosa Adaghe,,
Sehaj Bains,,
Sarbjot Benipal,,
Jagdev Cheema,,
Mateen Choudhry,,
Simar Deol,,
Jasdeep Dulku,,
Sheehan Jayasinghe,,
Abhinav Kanaya,,
Navdeep Kaur,,
Taljit Nijjar,,
Munsa Rana,,
Amrita Singh,,
Jigarjeet Singh,,
Prabhjot Singh,,
Pardeep Tatla,,
END_ROSTER
