INFO:
teamName,Renison
teamAbbreviation,Renison
sportId,n/a
sportName,n/a
sportRules,n/a
leagueId,watMu
levelId,n/a
seasonName,n/a
seasonId,n/a
Roster Size,31
Season Games Played,6
Playoff Round Lengths,1,1
END_INFO

SEASON:
Date/Time,Location,Opposing Team,Score,S.O.C.
Thu Sep 19 @ 7:30 pm,Columbia Icefield: Gym 3,Great Gluts,won 2 - 7,1
Thu Sep 26 @ 6:30 pm,Columbia Icefield: Gym 3,Already Hit That,won 2 - 7,3
Mon Sep 30 @ 6:30 pm,Columbia Icefield: Gym 3,Beck Hall’s Balls,won 0 - 8,3
Mon Nov 4 @ 9:30 pm,Columbia Icefield: Gym 3,Babbar Sherz,lost 1 - 4,3
Sat Nov 9 @ 1:30 pm,Columbia Icefield: Gym 1,"Stop, drop, and divekick",lost 5 - 0,0
Mon Nov 11 @ 7:30 pm,Columbia Icefield: Gym 3,Not in the Face!,won 5 - 0,3
END_SEASON

PLAYOFFS:
Date/Time,Location,Opposing Team,Score,S.O.C.
Tue Nov 19 @ 9:30 pm,Columbia Icefield: Gym 3,Jamaican Dodgeball Team,won 5 - 2,2
Tue Nov 26 @ 9:30 pm,Columbia Icefield: Gym 3,Comm At Me Bro,lost 4 - 5,2
END_PLAYOFFS

ROSTER:
Player,Captaincy,uwaterloo_email
Ovidiu Grigorescu,(C),odgrigor@uwaterloo.ca
Michelle Baya,,
Platon Borman,,
Robert Branje,,
Benjamin Brown,,
Aaron Buckley,,
Domenico Caringi,,
Meghan Carter,,
Gurkaran Cheema,,
Alexander Couzens-Brown,,
Sarah Crawford,,
Allison Foell,,
Matthew Gougeon,,
Darian Gould-Louks,,
Inderjot Grewal,,
William Keizer,,
Jonathan Kerr,,
Rachel Lima,,
Benjamin Lui,,
Jelena Mancic,,
David Murdoch,,
Bjorn Nordin,,
Ana Penacho,,
Maximilian Pfeifle,,
Calvin Poon,,
Emma Roy,,
Hayley Smith,,
Cole Vander Veen,,
Evan Way,,
Robert Wilhelm,,
Jason Young,,
END_ROSTER
