INFO:
teamName,Not in the Face!
teamAbbreviation,Not in the Face!
sportId,n/a
sportName,n/a
sportRules,n/a
leagueId,watMu
levelId,n/a
seasonName,n/a
seasonId,n/a
Roster Size,15
Season Games Played,6
Playoff Round Lengths,1
END_INFO

SEASON:
Date/Time,Location,Opposing Team,Score,S.O.C.
Thu Oct 3 @ 6:30 pm,Columbia Icefield: Gym 3,Babbar Sherz,lost 1 - 8,2
Thu Oct 10 @ 6:30 pm,Columbia Icefield: Gym 3,Already Hit That,lost 6 - 3,3
Mon Oct 21 @ 7:30 pm,Columbia Icefield: Gym 3,The Dodgefathers,lost 2 - 4,2
Mon Oct 28 @ 6:30 pm,Columbia Icefield: Gym 3,Jamaican Dodgeball Team,lost 5 - 4,4
Mon Nov 4 @ 7:30 pm,Columbia Icefield: Gym 3,Beck Hall’s Balls,won 0 - 5,avg.
Mon Nov 11 @ 7:30 pm,Columbia Icefield: Gym 3,Renison,lost 5 - 0,3
END_SEASON

PLAYOFFS:
Date/Time,Location,Opposing Team,Score,S.O.C.
Sat Nov 23 @ 4:30 pm,Columbia Icefield: Gym 1,"Dodge, Duck, Dip, Dive, and Don",lost 5 - 0,-2
END_PLAYOFFS

ROSTER:
Player,Captaincy,uwaterloo_email
Alysa Segato,(C),ansegato@uwaterloo.ca
Valerie Clement,,
Braden Drouillard,,
Sara Fellin,,
Alison Gomes,,
Krista Kals,,
Alexander Kasperkiewicz,,
Stephen Kearse,,
Elizabeth Kleisath,,
Alexander Krapf-Jones,,
Luc Laffin,,
Eric McQuay,,
Pratik Patel,,
Jordan Segato,,
Davin Singh Srinarain,,
END_ROSTER
