INFO:
teamName,"Stop, drop, and divekick"
teamAbbreviation,"Stop, drop, and divekick"
sportId,n/a
sportName,n/a
sportRules,n/a
leagueId,watMu
levelId,n/a
seasonName,n/a
seasonId,n/a
Roster Size,21
Season Games Played,6
Playoff Round Lengths,1,1
END_INFO

SEASON:
Date/Time,Location,Opposing Team,Score,S.O.C.
Mon Sep 23 @ 6:30 pm,Columbia Icefield: Gym 3,Scisoc Dodgeball,won 4 - 2,2
Sat Oct 5 @ 1:30 pm,Columbia Icefield: Gym 1,Comm At Me Bro,lost 0 - 5,-2
Mon Oct 7 @ 6:30 pm,Columbia Icefield: Gym 3,The Dodgefathers,tie 4 - 4,2
Sat Oct 26 @ 3:30 pm,Columbia Icefield: Gym 3,Great Gluts,lost 7 - 1,3
Mon Nov 4 @ 6:30 pm,Columbia Icefield: Gym 3,Jamaican Dodgeball Team,lost 3 - 5,4
Sat Nov 9 @ 1:30 pm,Columbia Icefield: Gym 1,Renison,won 5 - 0,avg.
END_SEASON

PLAYOFFS:
Date/Time,Location,Opposing Team,Score,S.O.C.
Tue Nov 19 @ 7:30 pm,Columbia Icefield: Gym 3,Great Gluts,won 5 - 1,2
Mon Nov 25 @ 8:30 pm,Columbia Icefield: Gym 3,Babbar Sherz,lost 4 - 5,2
END_PLAYOFFS

ROSTER:
Player,Captaincy,uwaterloo_email
Alex Wu,(C),ASHWU@uwaterloo.ca
Milton Chan,,
Lei Chu,,
Joshua Lau,,
Jongsoo Lee,,
Julianna Lim,,
Tyler Lou-Hing,,
David Lu,,
Erik Manahan,,
Prakatheesh Navaneethan,,
Mohesan Sreekuladevan,,
Jared Tan,,
Kingeon Tsang,,
Wa Sang Tse,,
Godwin Tung,,
Gibson Wong,,
Weize Xi,,
Cheuk Yeung,,
Hanoch Yeung,,
Ke Zeng,,
Yi Zeng,,
END_ROSTER
