INFO:
teamName,Team Bruno Hung
teamAbbreviation,Team Bruno Hung
sportId,n/a
sportName,n/a
sportRules,n/a
leagueId,watMu
levelId,n/a
seasonName,n/a
seasonId,n/a
Roster Size,12
Season Games Played,6
Playoff Round Lengths,0
END_INFO

SEASON:
Date/Time,Location,Opposing Team,Score,S.O.C.
Tue Oct 1 @ 10:30 pm,Columbia Icefield: Gym 3,Mac1ve Ball5,won 1 - 8,3
Sat Nov 2 @ 2:30 pm,Columbia Icefield: Gym 3,Comm At Me Bro,lost 0 - 5,-2
Sat Nov 2 @ 3:30 pm,Columbia Icefield: Gym 1,Scisoc Dodgeball,tie 0 - 0,-2
Sat Nov 9 @ 2:30 pm,Columbia Icefield: Gym 1,Beck Hall’s Balls,tie 0 - 0,-2
Sat Nov 9 @ 6:30 pm,Columbia Icefield: Gym 1,"Dodge, Duck, Dip, Dive, and Don",won 5 - 0,avg.
Mon Nov 11 @ 6:30 pm,Columbia Icefield: Gym 3,The Dodgefathers,won 5 - 0,avg.
END_SEASON

PLAYOFFS:
Date/Time,Location,Opposing Team,Score,S.O.C.
END_PLAYOFFS

ROSTER:
Player,Captaincy,uwaterloo_email
Henry Yu,(C),hkyu@uwaterloo.ca
Christopher Ah Sen,,
Fan Cai,,
Oliver Chan,,
Brandon Cho,,
Bruno Hung,,
Jeffrey Li,,
Ambrose Liu,,
Patrick Quan,,
Radhika Sikka,,
Raagulan Yogalingam,,
Qi Zheng,,
END_ROSTER
