INFO:
teamName,Comm At Me Bro
teamAbbreviation,Comm At Me Bro
sportId,n/a
sportName,n/a
sportRules,n/a
leagueId,watMu
levelId,n/a
seasonName,n/a
seasonId,n/a
Roster Size,20
Season Games Played,6
Playoff Round Lengths,1,1,1
END_INFO

SEASON:
Date/Time,Location,Opposing Team,Score,S.O.C.
Sat Oct 5 @ 1:30 pm,Columbia Icefield: Gym 1,"Stop, drop, and divekick",won 0 - 5,avg.
Thu Oct 10 @ 8:30 pm,Columbia Icefield: Gym 3,"Dodge, Duck, Dip, Dive, and Don",won 2 - 7,3
Thu Oct 17 @ 6:30 pm,Columbia Icefield: Gym 3,Already Hit That,won 2 - 5,3
Sat Nov 2 @ 2:30 pm,Columbia Icefield: Gym 3,Team Bruno Hung,won 0 - 5,avg.
Sat Nov 9 @ 2:30 pm,Columbia Icefield: Gym 3,Mac1ve Ball5,tie 0 - 0,0
Tue Nov 12 @ 6:30 pm,Columbia Icefield: Gym 3,Jamaican Dodgeball Team,won 0 - 5,avg.
END_SEASON

PLAYOFFS:
Date/Time,Location,Opposing Team,Score,S.O.C.
Mon Nov 25 @ 7:30 pm,Columbia Icefield: Gym 3,"Dodge, Duck, Dip, Dive, and Don",won 5 - 0,0
Tue Nov 26 @ 9:30 pm,Columbia Icefield: Gym 3,Renison,won 4 - 5,2
Sat Nov 30 @ 2:30 pm,Columbia Icefield: Gym 1,Babbar Sherz,lost 0 - 5,2
END_PLAYOFFS

ROSTER:
Player,Captaincy,uwaterloo_email
Brianna Wiens,(C),biwiens@uwaterloo.ca
Robert Beamish,,
Brooke Bondy,,
Brandon Chandler,,
Andrea Dedlow,,
Ryan East,,
Kristen Fortune,,
Andrea Howell,,
Michael McClure,,
Evan Miersch,,
Thomas Murray,,
Clyde Noronha,,
Eric Otten,,
Caleb Polley,,
Skaidra Puodziunas,,
Oscar Ribeiro,,
Ryan Robinson-Hatton,,
Kaitlen Sagher,,
Laura Sidoruk,,
Victoria Stacey,,
END_ROSTER
