Montreal Canadiens,MTL,nhl
1957-58,1958
31
70
4,6
GP,Date,Time,Location,Opponent,GF,GA,Result,Game Ended In,W,L,T,Streak
1,1957-10-10,time unavailable,H,Chicago Black Hawks,5,1,W,REG,1,0,0,W 1
2,1957-10-12,time unavailable,H,New York Rangers,2,2,T,REG,1,0,1,T 1
3,1957-10-13,time unavailable,@,Detroit Red Wings,6,0,W,REG,2,0,1,W 1
4,1957-10-15,time unavailable,@,Chicago Black Hawks,3,3,T,REG,2,0,2,T 1
5,1957-10-17,time unavailable,H,Toronto Maple Leafs,9,3,W,REG,3,0,2,W 1
6,1957-10-19,time unavailable,H,Chicago Black Hawks,3,1,W,REG,4,0,2,W 2
7,1957-10-26,time unavailable,H,Boston Bruins,4,3,W,REG,5,0,2,W 3
8,1957-10-27,time unavailable,@,New York Rangers,1,4,L,REG,5,1,2,L 1
9,1957-10-30,time unavailable,@,Toronto Maple Leafs,6,2,W,REG,6,1,2,W 1
10,1957-10-31,time unavailable,H,Toronto Maple Leafs,1,3,L,REG,6,2,2,L 1
11,1957-11-02,time unavailable,H,Detroit Red Wings,6,3,W,REG,7,2,2,W 1
12,1957-11-07,time unavailable,H,Detroit Red Wings,6,0,W,REG,8,2,2,W 2
13,1957-11-09,time unavailable,H,Boston Bruins,4,2,W,REG,9,2,2,W 3
14,1957-11-13,time unavailable,@,Toronto Maple Leafs,4,2,W,REG,10,2,2,W 4
15,1957-11-16,time unavailable,H,New York Rangers,2,4,L,REG,10,3,2,L 1
16,1957-11-17,time unavailable,@,New York Rangers,2,4,L,REG,10,4,2,L 2
17,1957-11-23,time unavailable,@,Boston Bruins,4,2,W,REG,11,4,2,W 1
18,1957-11-24,time unavailable,@,Detroit Red Wings,3,3,T,REG,11,4,3,T 1
19,1957-11-28,time unavailable,@,Chicago Black Hawks,2,0,W,REG,12,4,3,W 1
20,1957-11-30,time unavailable,H,Chicago Black Hawks,6,1,W,REG,13,4,3,W 2
21,1957-12-01,time unavailable,@,Boston Bruins,4,1,W,REG,14,4,3,W 3
22,1957-12-04,time unavailable,@,Toronto Maple Leafs,0,0,T,REG,14,4,4,T 1
23,1957-12-05,time unavailable,H,Toronto Maple Leafs,4,3,W,REG,15,4,4,W 1
24,1957-12-07,time unavailable,H,Detroit Red Wings,1,2,L,REG,15,5,4,L 1
25,1957-12-08,time unavailable,@,Detroit Red Wings,3,1,W,REG,16,5,4,W 1
26,1957-12-12,time unavailable,H,New York Rangers,3,2,W,REG,17,5,4,W 2
27,1957-12-14,time unavailable,H,Boston Bruins,1,1,T,REG,17,5,5,T 1
28,1957-12-15,time unavailable,@,Chicago Black Hawks,2,0,W,REG,18,5,5,W 1
29,1957-12-18,time unavailable,@,New York Rangers,4,5,L,REG,18,6,5,L 1
30,1957-12-21,time unavailable,H,New York Rangers,2,4,L,REG,18,7,5,L 2
31,1957-12-22,time unavailable,@,Boston Bruins,4,1,W,REG,19,7,5,W 1
32,1957-12-25,time unavailable,@,Toronto Maple Leafs,4,5,L,REG,19,8,5,L 1
33,1957-12-28,time unavailable,H,Detroit Red Wings,6,0,W,REG,20,8,5,W 1
34,1957-12-29,time unavailable,@,New York Rangers,4,3,W,REG,21,8,5,W 2
35,1958-01-01,time unavailable,@,Boston Bruins,4,3,W,REG,22,8,5,W 3
36,1958-01-02,time unavailable,H,Toronto Maple Leafs,5,2,W,REG,23,8,5,W 4
37,1958-01-04,time unavailable,H,Detroit Red Wings,2,1,W,REG,24,8,5,W 5
38,1958-01-05,time unavailable,@,New York Rangers,4,0,W,REG,25,8,5,W 6
39,1958-01-09,time unavailable,H,Chicago Black Hawks,11,3,W,REG,26,8,5,W 7
40,1958-01-11,time unavailable,H,New York Rangers,9,3,W,REG,27,8,5,W 8
41,1958-01-12,time unavailable,@,Chicago Black Hawks,1,7,L,REG,27,9,5,L 1
42,1958-01-16,time unavailable,H,Toronto Maple Leafs,5,2,W,REG,28,9,5,W 1
43,1958-01-18,time unavailable,H,Boston Bruins,0,3,L,REG,28,10,5,L 1
44,1958-01-19,time unavailable,@,Boston Bruins,6,2,W,REG,29,10,5,W 1
45,1958-01-22,time unavailable,@,Toronto Maple Leafs,2,0,W,REG,30,10,5,W 2
46,1958-01-25,time unavailable,H,Chicago Black Hawks,2,1,W,REG,31,10,5,W 3
47,1958-01-26,time unavailable,@,Detroit Red Wings,2,4,L,REG,31,11,5,L 1
48,1958-01-30,time unavailable,H,Detroit Red Wings,7,0,W,REG,32,11,5,W 1
49,1958-02-01,time unavailable,H,Boston Bruins,3,1,W,REG,33,11,5,W 2
50,1958-02-02,time unavailable,@,Chicago Black Hawks,3,1,W,REG,34,11,5,W 3
51,1958-02-06,time unavailable,@,Detroit Red Wings,1,1,T,REG,34,11,6,T 1
52,1958-02-08,time unavailable,H,Chicago Black Hawks,2,3,L,REG,34,12,6,L 1
53,1958-02-09,time unavailable,@,New York Rangers,3,1,W,REG,35,12,6,W 1
54,1958-02-12,time unavailable,@,Toronto Maple Leafs,5,2,W,REG,36,12,6,W 2
55,1958-02-15,time unavailable,@,Boston Bruins,2,2,T,REG,36,12,7,T 1
56,1958-02-16,time unavailable,@,Chicago Black Hawks,0,4,L,REG,36,13,7,L 1
57,1958-02-20,time unavailable,H,Boston Bruins,4,0,W,REG,37,13,7,W 1
58,1958-02-22,time unavailable,H,New York Rangers,2,2,T,REG,37,13,8,T 1
59,1958-02-23,time unavailable,@,Detroit Red Wings,3,3,T,REG,37,13,9,T 2
60,1958-02-27,time unavailable,H,Toronto Maple Leafs,4,1,W,REG,38,13,9,W 1
61,1958-03-01,time unavailable,H,Detroit Red Wings,2,2,T,REG,38,13,10,T 1
62,1958-03-08,time unavailable,H,New York Rangers,2,3,L,REG,38,14,10,L 1
63,1958-03-09,time unavailable,@,Chicago Black Hawks,4,1,W,REG,39,14,10,W 1
64,1958-03-12,time unavailable,@,Toronto Maple Leafs,5,3,W,REG,40,14,10,W 2
65,1958-03-13,time unavailable,@,Boston Bruins,3,7,L,REG,40,15,10,L 1
66,1958-03-15,time unavailable,H,Chicago Black Hawks,4,1,W,REG,41,15,10,W 1
67,1958-03-16,time unavailable,@,New York Rangers,3,2,W,REG,42,15,10,W 2
68,1958-03-20,time unavailable,H,Toronto Maple Leafs,7,4,W,REG,43,15,10,W 3
69,1958-03-22,time unavailable,H,Boston Bruins,5,8,L,REG,43,16,10,L 1
70,1958-03-23,time unavailable,@,Detroit Red Wings,2,4,L,REG,43,17,10,L 2

GP,Date,Time,Location,Opponent,GF,GA,Result,Game Ended In,W,L,T,Streak
1,1958-03-25,time unavailable,H,Detroit Red Wings,8,1,W,REG,1,0,0,W 1
2,1958-03-27,time unavailable,H,Detroit Red Wings,5,1,W,REG,2,0,0,W 2
3,1958-03-30,time unavailable,@,Detroit Red Wings,2,1,W,OT,3,0,0,W 3
4,1958-04-01,time unavailable,@,Detroit Red Wings,4,3,W,REG,4,0,0,W 4
5,1958-04-08,time unavailable,H,Boston Bruins,2,1,W,REG,5,0,0,W 5
6,1958-04-10,time unavailable,H,Boston Bruins,2,5,L,REG,5,1,0,L 1
7,1958-04-13,time unavailable,@,Boston Bruins,3,0,W,REG,6,1,0,W 1
8,1958-04-15,time unavailable,@,Boston Bruins,1,3,L,REG,6,2,0,L 1
9,1958-04-17,time unavailable,H,Boston Bruins,3,2,W,OT,7,2,0,W 1
10,1958-04-20,time unavailable,@,Boston Bruins,5,3,W,REG,8,2,0,W 2

Gene Achtymichuk,,8,C,25,5-11,170,L/-,2,"September 7, 1932",ca,"3 G, 5 A, 8 P"
John Aiken,,25,G,26,5-11,165,-/L,R,"January 1, 1932",us,"0-1-0, 10.59 GAA"
Ralph Backstrom,,8,C,20,5-10,165,L/-,1,"September 18, 1937",ca,"0 G, 1 A, 1 P"
Murray Balfour,,8,RW,21,5-9,178,R/-,1,"August 24, 1936",ca,"1 G, 1 A, 2 P"
Jean Beliveau,,4,C,26,6-3,205,L/-,6,"August 31, 1931",ca,"27 G, 32 A, 59 P"
Marcel Bonin,,18,LW,25,5-10,170,L/-,4,"September 12, 1932",ca,"15 G, 24 A, 39 P"
Jack Bownass,,21,D,27,6-1,190,L/-,R,"July 27, 1930",ca,"0 G, 1 A, 1 P"
Connie Broden,,8,C,25,5-8,160,L/-,1,"April 6, 1932",ca,"2 G, 1 A, 3 P"
Len Broderick,,1,G,19,5-11,175,-/L,R,"October 11, 1938",ca,"1-0-0, 2.00 GAA"
Billy Carter,,8,C,20,5-11,155,L/-,R,"December 2, 1937",ca,"0 G, 0 A, 0 P"
Floyd Curry,,6,RW,32,5-11,174,R/-,9,"August 11, 1925",ca,"2 G, 3 A, 5 P"
Bernie Geoffrion,,5,RW,26,5-9,166,R/-,7,"February 16, 1931",ca,"27 G, 23 A, 50 P"
Phil Goyette,,20,C,24,5-11,170,L/-,1,"October 31, 1933",ca,"9 G, 37 A, 46 P"
Doug Harvey,,2,D,33,5-11,187,L/-,10,"December 19, 1924",ca,"9 G, 32 A, 41 P"
Charlie Hodge,,1-25,G,24,5-6,150,-/L,1,"July 28, 1933",ca,"8-2-2, 2.58 GAA"
Tom Johnson,,10,D,29,6-0,180,L/-,8,"February 18, 1928",ca,"3 G, 18 A, 21 P"
Claude Laforge,,8,LW,21,5-9,172,L/-,R,"July 1, 1936",ca,"0 G, 0 A, 0 P"
Albert Langlois,,19-21,D,23,6-0,205,L/-,R,"November 6, 1934",ca,"0 G, 0 A, 0 P"
Don Marshall,,22,C,25,5-10,160,L/-,4,"March 23, 1932",ca,"22 G, 19 A, 41 P"
Dickie Moore,,12,LW,27,5-10,168,L/-,6,"January 6, 1931",ca,"36 G, 48 A, 84 P"
Ken Mosdell,,8,RW,35,6-1,170,L/-,14,"July 13, 1922",ca,"0 G, 1 A, 1 P"
Bert Olmstead,,15,LW,31,6-1,180,L/-,9,"September 4, 1926",ca,"9 G, 28 A, 37 P"
Jacques Plante,,1,G,29,6-0,175,-/L,5,"January 17, 1929",ca,"34-14-8, 2.11 GAA"
Andre Pronovost,,23,LW,21,5-10,188,L/-,1,"July 9, 1936",ca,"16 G, 12 A, 28 P"
Claude Provost,,14,RW,24,5-9,168,R/-,2,"September 17, 1933",ca,"19 G, 32 A, 51 P"
Henri Richard,,16,C,21,5-7,160,R/-,2,"February 29, 1936",ca,"28 G, 52 A, 80 P"
Maurice Richard,(C),9,RW,36,5-10,170,L/-,15,"August 4, 1921",ca,"15 G, 19 A, 34 P"
Stan Smrke,,8,LW,29,5-11,180,L/-,1,"September 2, 1928",yu,"0 G, 3 A, 3 P"
Dollard St. Laurent,,19,D,28,5-11,205,L/-,7,"May 12, 1929",ca,"3 G, 20 A, 23 P"
Jean-Guy Talbot,,17,D,25,5-11,170,L/-,3,"July 11, 1932",ca,"4 G, 15 A, 19 P"
Bob Turner,,11,D,24,6-0,170,L/-,2,"January 31, 1934",ca,"0 G, 3 A, 3 P"
