Shockers,fall2009,Ice Hockey: Shockers (All Star Non-Contact)
7,6,6,1,1
Sun Sep 27 @ 9:00 pm,Columbia Icefield Arena,won,3,1,0,The Fighting Iris
Sun Oct 4 @ 9:00 pm,Columbia Icefield Arena,won,2,1,2,EastonFection
Sun Oct 18 @ 9:00 pm,Columbia Icefield Arena,lost,0,6,3,Reservoir Dogs
Sun Oct 25 @ 10:00 pm,Columbia Icefield Arena,tie,5,5,1,EastonFection
Sun Nov 1 @ 10:00 pm,Columbia Icefield Arena,lost,2,4,1,Worriers
Sun Nov 8 @ 9:00 pm,Columbia Icefield Arena,won,6,1,1,The Fighting Iris
Sun Nov 22 @ 9:00 pm,Columbia Icefield Arena,lost,2,3,0,Reservoir Dogs

Eric Dagg,Jeffrey Dumart,Michael Dunn,Matthew Glover,Eamon Hamoodi,Shaun Harkley,Brady Hauck,Daniel Kelly,Scott Lepold,Emir Mandzuka,Alexander McTeer,Damien Parent,Daniel Strain,David Dumart
