EastonFection,fall2009,Ice Hockey: EastonFection (All Star Non-Contact)
8,6,6,2,2
Sun Oct 4 @ 9:00 pm,Columbia Icefield Arena,lost,1,2,2,Shockers
Sun Oct 18 @ 10:00 pm,Columbia Icefield Arena,won,3,2,4,The Fighting Iris
Tue Oct 20 @ 7:00 pm,Columbia Icefield Arena,won,1,0,3,Worriers
Sun Oct 25 @ 10:00 pm,Columbia Icefield Arena,tie,5,5,1,Shockers
Sun Nov 1 @ 9:00 pm,Columbia Icefield Arena,won,5,1,3,Reservoir Dogs
Sun Nov 15 @ 9:00 pm,Columbia Icefield Arena,won,5,3,4,Worriers
Fri Nov 27 @ 9:00 pm,Columbia Icefield Arena,won,3,0,1,Worriers
Thu Dec 3 @ 8:00 pm,Columbia Icefield Arena,lost,1,5,1,Reservoir Dogs

Michael Albanese,Steven Arnott,Tyler Cave,William Gibson,Evan Koritko,James Latta,Thomas Longo,Russell Mackay,Alexander Mackenzie,Dylan McPhail,Michael Miniou,Jean-Samuel Rancourt,Bryan Germann
