California Golden Seals,CGS,nhl
1972-73,1973
24
78
0
GP,Date,Time,Location,Opponent,GF,GA,Result,Game Ended In,W,L,T,Streak,Notes
1,1972-10-07,time unavailable,@,Vancouver Canucks,2,3,L,REG,0,1,0,L 1
2,1972-10-11,time unavailable,@,Minnesota North Stars,2,5,L,REG,0,2,0,L 2
3,1972-10-14,time unavailable,@,Pittsburgh Penguins,2,5,L,REG,0,3,0,L 3
4,1972-10-15,time unavailable,@,Philadelphia Flyers,4,1,W,REG,1,3,0,W 1
5,1972-10-20,time unavailable,H,Philadelphia Flyers,3,3,T,REG,1,3,1,T 1
6,1972-10-22,time unavailable,H,Chicago Black Hawks,2,4,L,REG,1,4,1,L 1
7,1972-10-24,time unavailable,@,Los Angeles Kings,0,5,L,REG,1,5,1,L 2
8,1972-10-25,time unavailable,H,Atlanta Flames,3,4,L,REG,1,6,1,L 3
9,1972-10-27,time unavailable,H,Pittsburgh Penguins,6,3,W,REG,2,6,1,W 1
10,1972-11-01,time unavailable,H,New York Islanders,2,6,L,REG,2,7,1,L 1
11,1972-11-03,time unavailable,H,Boston Bruins,6,6,T,REG,2,7,2,T 1
12,1972-11-05,time unavailable,@,Chicago Black Hawks,3,3,T,REG,2,7,3,T 2
13,1972-11-08,time unavailable,@,Minnesota North Stars,2,5,L,REG,2,8,3,L 1
14,1972-11-09,time unavailable,@,Buffalo Sabres,0,0,T,REG,2,8,4,T 1
15,1972-11-11,time unavailable,@,New York Rangers,2,7,L,REG,2,9,4,L 1
16,1972-11-12,time unavailable,@,Philadelphia Flyers,3,8,L,REG,2,10,4,L 2
17,1972-11-15,time unavailable,H,Detroit Red Wings,0,4,L,REG,2,11,4,L 3
18,1972-11-17,time unavailable,H,Buffalo Sabres,5,1,W,REG,3,11,4,W 1
19,1972-11-21,time unavailable,@,New York Islanders,2,4,L,REG,3,12,4,L 1
20,1972-11-23,time unavailable,@,Boston Bruins,2,4,L,REG,3,13,4,L 2
21,1972-11-25,time unavailable,@,Toronto Maple Leafs,0,11,L,REG,3,14,4,L 3
22,1972-11-26,time unavailable,@,Detroit Red Wings,6,4,W,REG,4,14,4,W 1
23,1972-11-29,time unavailable,H,St. Louis Blues,1,2,L,REG,4,15,4,L 1
24,1972-12-01,time unavailable,H,New York Rangers,3,3,T,REG,4,15,5,T 1
25,1972-12-06,time unavailable,H,Pittsburgh Penguins,4,4,T,REG,4,15,6,T 2
26,1972-12-09,time unavailable,@,Montreal Canadiens,1,2,L,REG,4,16,6,L 1
27,1972-12-10,time unavailable,@,Boston Bruins,4,8,L,REG,4,17,6,L 2
28,1972-12-13,time unavailable,H,Montreal Canadiens,2,2,T,REG,4,17,7,T 1
29,1972-12-15,time unavailable,H,Chicago Black Hawks,4,9,L,REG,4,18,7,L 1
30,1972-12-16,time unavailable,@,Vancouver Canucks,3,4,L,REG,4,19,7,L 2
31,1972-12-20,time unavailable,H,Minnesota North Stars,2,5,L,REG,4,20,7,L 3
32,1972-12-22,time unavailable,H,Buffalo Sabres,4,2,W,REG,5,20,7,W 1
33,1972-12-24,time unavailable,H,Los Angeles Kings,3,5,L,REG,5,21,7,L 1
34,1972-12-26,time unavailable,@,Vancouver Canucks,3,4,L,REG,5,22,7,L 2
35,1972-12-27,time unavailable,H,Philadelphia Flyers,2,2,T,REG,5,22,8,T 1
36,1972-12-29,time unavailable,H,New York Islanders,5,2,W,REG,6,22,8,W 1
37,1973-01-03,time unavailable,H,Vancouver Canucks,11,3,W,REG,7,22,8,W 2
38,1973-01-06,time unavailable,@,Montreal Canadiens,0,5,L,REG,7,23,8,L 1
39,1973-01-07,time unavailable,@,Toronto Maple Leafs,0,4,L,REG,7,24,8,L 2
40,1973-01-10,time unavailable,H,St. Louis Blues,6,5,W,REG,8,24,8,W 1
41,1973-01-12,time unavailable,H,Montreal Canadiens,3,3,T,REG,8,24,9,T 1
42,1973-01-14,time unavailable,@,Chicago Black Hawks,6,6,T,REG,8,24,10,T 2
43,1973-01-17,time unavailable,H,Toronto Maple Leafs,3,3,T,REG,8,24,11,T 3
44,1973-01-19,time unavailable,H,New York Rangers,0,6,L,REG,8,25,11,L 1
45,1973-01-21,time unavailable,@,Boston Bruins,2,5,L,REG,8,26,11,L 2
46,1973-01-23,time unavailable,@,New York Islanders,1,8,L,REG,8,27,11,L 3
47,1973-01-24,time unavailable,@,Atlanta Flames,5,2,W,REG,9,27,11,W 1
48,1973-01-26,time unavailable,H,St. Louis Blues,1,1,T,REG,9,27,12,T 1
49,1973-01-28,time unavailable,@,Philadelphia Flyers,3,4,L,REG,9,28,12,L 1
50,1973-01-31,time unavailable,@,New York Rangers,1,3,L,REG,9,29,12,L 2
51,1973-02-01,time unavailable,@,Detroit Red Wings,4,6,L,REG,9,30,12,L 3
52,1973-02-03,time unavailable,@,St. Louis Blues,1,6,L,REG,9,31,12,L 4
53,1973-02-04,time unavailable,H,Montreal Canadiens,1,6,L,REG,9,32,12,L 5
54,1973-02-07,time unavailable,@,Toronto Maple Leafs,3,5,L,REG,9,33,12,L 6
55,1973-02-08,time unavailable,@,Buffalo Sabres,0,4,L,REG,9,34,12,L 7
56,1973-02-10,time unavailable,@,St. Louis Blues,2,5,L,REG,9,35,12,L 8
57,1973-02-11,time unavailable,@,Atlanta Flames,1,3,L,REG,9,36,12,L 9
58,1973-02-14,time unavailable,H,Atlanta Flames,3,3,T,REG,9,36,13,T 1
59,1973-02-16,time unavailable,H,Detroit Red Wings,2,2,T,REG,9,36,14,T 2
60,1973-02-18,time unavailable,H,Los Angeles Kings,2,4,L,REG,9,37,14,L 1
61,1973-02-21,time unavailable,H,Boston Bruins,2,6,L,REG,9,38,14,L 2
62,1973-02-23,time unavailable,H,New York Rangers,5,3,W,REG,10,38,14,W 1
63,1973-02-25,time unavailable,H,Philadelphia Flyers,0,7,L,REG,10,39,14,L 1
64,1973-02-28,time unavailable,@,Minnesota North Stars,3,7,L,REG,10,40,14,L 2
65,1973-03-03,time unavailable,@,Pittsburgh Penguins,2,1,W,REG,11,40,14,W 1
66,1973-03-04,time unavailable,@,Atlanta Flames,2,3,L,REG,11,41,14,L 1
67,1973-03-07,time unavailable,H,Buffalo Sabres,2,2,T,REG,11,41,15,T 1
68,1973-03-10,time unavailable,@,Los Angeles Kings,2,4,L,REG,11,42,15,L 1
69,1973-03-11,time unavailable,H,Chicago Black Hawks,1,5,L,REG,11,43,15,L 2
70,1973-03-14,time unavailable,H,Vancouver Canucks,2,5,L,REG,11,44,15,L 3
71,1973-03-16,time unavailable,H,Pittsburgh Penguins,5,5,T,REG,11,44,16,T 1
72,1973-03-18,time unavailable,H,Minnesota North Stars,2,0,W,REG,12,44,16,W 1
73,1973-03-20,time unavailable,@,New York Islanders,3,6,L,REG,12,45,16,L 1
74,1973-03-21,time unavailable,@,Pittsburgh Penguins,2,5,L,REG,12,46,16,L 2
75,1973-03-23,time unavailable,H,Toronto Maple Leafs,7,4,W,REG,13,46,16,W 1
76,1973-03-25,time unavailable,H,Detroit Red Wings,8,5,W,REG,14,46,16,W 2
77,1973-03-28,time unavailable,@,Los Angeles Kings,3,2,W,REG,15,46,16,W 3
78,1973-03-30,time unavailable,H,Los Angeles Kings,3,1,W,REG,16,46,16,W 4

Time,Location,Result,Game Ended In

Ivan Boldirev,,9,C,23,6-0,190,L/-,2,"August 15, 1949",yu,"11 G, 23 A, 34 P"
Gary Croteau,,18,LW,26,6-0,205,L/-,4,"June 20, 1946",ca,"6 G, 15 A, 21 P"
Marv Edwards,,1,G,37,5-8,155,-/L,2,"August 15, 1935",ca,"4-14-2, 4.32 GAA"
Stan Gilbertson,,10,LW,28,6-0,175,L/-,1,"October 29, 1944",us,"6 G, 15 A, 21 P"
Hilliard Graves,,16-17,RW,22,5-11,175,R/-,1,"October 18, 1950",ca,"27 G, 25 A, 52 P"
Del Hall,,12,C,23,5-10,170,L/-,1,"May 7, 1949",ca,"0 G, 0 A, 0 P"
Joey Johnston,,22,LW,23,5-10,180,L/-,2,"March 3, 1949",ca,"28 G, 21 A, 49 P"
Marshall Johnston,,2,D,31,5-11,175,R/-,5,"June 6, 1941",ca,"10 G, 20 A, 30 P"
Pete Laframboise,,24,LW,23,6-2,185,L/-,1,"January 18, 1950",ca,"16 G, 25 A, 41 P"
Reggie Leach,,7,RW,22,6-0,180,R/-,2,"April 23, 1950",ca,"23 G, 12 A, 35 P"
Darryl Maggs,,4,D,23,6-2,195,R/-,1,"April 6, 1949",ca,"7 G, 15 A, 22 P"
Bert Marshall,,19,D,29,6-3,205,L/-,7,"November 22, 1943",ca,"2 G, 6 A, 8 P"
Ted McAneeley,,23,D,22,5-9,185,L/-,R,"November 7, 1950",ca,"4 G, 13 A, 17 P"
Walt McKechnie,,8,C,25,6-2,195,L/-,5,"June 19, 1947",ca,"16 G, 38 A, 54 P"
Brent Meeke,,25,D,20,5-11,175,L/-,R,"April 10, 1952",ca,"0 G, 0 A, 0 P"
Gilles Meloche,,27,G,22,5-10,185,-/L,2,"July 12, 1950",ca,"12-32-14, 4.06 GAA"
Morris Mott,,20,RW,26,5-8,165,L/-,R,"May 25, 1946",ca,"6 G, 7 A, 13 P"
Terry Murray,,26,D,22,6-2,190,R/-,R,"July 20, 1950",ca,"0 G, 3 A, 3 P"
Craig Patrick,,14,RW,26,6-0,190,L/-,1,"May 20, 1946",us,"20 G, 22 A, 42 P"
Dick Redmond,,4,LW,23,5-11,178,L/-,3,"August 14, 1949",ca,"3 G, 13 A, 16 P"
Rick Smith,,5,D,24,5-11,190,L/-,4,"June 29, 1948",ca,"9 G, 24 A, 33 P"
Bob Stewart,,6,D,22,6-1,206,L/-,1,"November 10, 1950",ca,"4 G, 17 A, 21 P"
Pete Vipond,,15,LW,23,5-10,175,L/-,R,"December 8, 1949",ca,"0 G, 0 A, 0 P"
Stan Weir,,21,C,20,6-1,180,L/-,R,"March 17, 1952",ca,"15 G, 24 A, 39 P"
