Los Angeles Kings,LAK,nhl
1972-73,1973
24
78
0
GP,Date,Time,Location,Opponent,GF,GA,Result,Game Ended In,W,L,T,Streak,Notes
1,1972-10-07,time unavailable,@,Pittsburgh Penguins,2,4,L,REG,0,1,0,L 1
2,1972-10-08,time unavailable,@,Boston Bruins,4,2,W,REG,1,1,0,W 1
3,1972-10-11,time unavailable,@,Buffalo Sabres,3,7,L,REG,1,2,0,L 1
4,1972-10-12,time unavailable,@,New York Islanders,2,3,L,REG,1,3,0,L 2
5,1972-10-14,time unavailable,@,Toronto Maple Leafs,4,6,L,REG,1,4,0,L 3
6,1972-10-15,time unavailable,@,Detroit Red Wings,2,8,L,REG,1,5,0,L 4
7,1972-10-18,time unavailable,H,Philadelphia Flyers,3,4,L,REG,1,6,0,L 5
8,1972-10-21,time unavailable,H,Chicago Black Hawks,3,1,W,REG,2,6,0,W 1
9,1972-10-24,time unavailable,H,California Golden Seals,5,0,W,REG,3,6,0,W 2
10,1972-10-26,time unavailable,H,Atlanta Flames,3,1,W,REG,4,6,0,W 3
11,1972-10-28,time unavailable,H,Pittsburgh Penguins,5,2,W,REG,5,6,0,W 4
12,1972-10-31,time unavailable,H,Vancouver Canucks,4,1,W,REG,6,6,0,W 5
13,1972-11-02,time unavailable,H,Boston Bruins,5,2,W,REG,7,6,0,W 6
14,1972-11-04,time unavailable,H,New York Islanders,9,2,W,REG,8,6,0,W 7
15,1972-11-07,time unavailable,@,St. Louis Blues,3,2,W,REG,9,6,0,W 8
16,1972-11-08,time unavailable,@,Atlanta Flames,3,3,T,REG,9,6,1,T 1
17,1972-11-11,time unavailable,@,Montreal Canadiens,2,5,L,REG,9,7,1,L 1
18,1972-11-12,time unavailable,@,New York Rangers,1,5,L,REG,9,8,1,L 2
19,1972-11-14,time unavailable,@,Minnesota North Stars,1,4,L,REG,9,9,1,L 3
20,1972-11-15,time unavailable,H,Buffalo Sabres,3,3,T,REG,9,9,2,T 1
21,1972-11-17,time unavailable,@,Vancouver Canucks,4,8,L,REG,9,10,2,L 1
22,1972-11-18,time unavailable,H,Detroit Red Wings,8,3,W,REG,10,10,2,W 1
23,1972-11-22,time unavailable,H,Montreal Canadiens,3,3,T,REG,10,10,3,T 1
24,1972-11-25,time unavailable,H,Minnesota North Stars,0,3,L,REG,10,11,3,L 1
25,1972-11-29,time unavailable,H,New York Rangers,2,2,T,REG,10,11,4,T 1
26,1972-12-02,time unavailable,H,St. Louis Blues,3,2,W,REG,11,11,4,W 1
27,1972-12-05,time unavailable,@,New York Islanders,6,1,W,REG,12,11,4,W 2
28,1972-12-06,time unavailable,@,Chicago Black Hawks,0,6,L,REG,12,12,4,L 1
29,1972-12-09,time unavailable,H,Pittsburgh Penguins,3,1,W,REG,13,12,4,W 1
30,1972-12-13,time unavailable,H,Chicago Black Hawks,3,1,W,REG,14,12,4,W 2
31,1972-12-16,time unavailable,H,Montreal Canadiens,1,3,L,REG,14,13,4,L 1
32,1972-12-17,time unavailable,@,Chicago Black Hawks,0,2,L,REG,14,14,4,L 2
33,1972-12-20,time unavailable,@,Detroit Red Wings,1,4,L,REG,14,15,4,L 3
34,1972-12-21,time unavailable,@,Philadelphia Flyers,3,6,L,REG,14,16,4,L 4
35,1972-12-23,time unavailable,H,Buffalo Sabres,2,0,W,REG,15,16,4,W 1
36,1972-12-24,time unavailable,@,California Golden Seals,5,3,W,REG,16,16,4,W 2
37,1972-12-27,time unavailable,H,New York Islanders,4,1,W,REG,17,16,4,W 3
38,1972-12-30,time unavailable,H,Philadelphia Flyers,5,3,W,REG,18,16,4,W 4
39,1973-01-03,time unavailable,@,New York Rangers,0,3,L,REG,18,17,4,L 1
40,1973-01-06,time unavailable,@,Toronto Maple Leafs,2,4,L,REG,18,18,4,L 2
41,1973-01-09,time unavailable,@,New York Islanders,3,2,W,REG,19,18,4,W 1
42,1973-01-11,time unavailable,@,Philadelphia Flyers,3,2,W,REG,20,18,4,W 2
43,1973-01-13,time unavailable,@,Pittsburgh Penguins,1,3,L,REG,20,19,4,L 1
44,1973-01-14,time unavailable,@,Atlanta Flames,1,4,L,REG,20,20,4,L 2
45,1973-01-17,time unavailable,H,New York Rangers,4,4,T,REG,20,20,5,T 1
46,1973-01-19,time unavailable,@,Vancouver Canucks,4,0,W,REG,21,20,5,W 1
47,1973-01-20,time unavailable,H,Toronto Maple Leafs,2,6,L,REG,21,21,5,L 1
48,1973-01-23,time unavailable,@,Minnesota North Stars,5,5,T,REG,21,21,6,T 1
49,1973-01-24,time unavailable,H,St. Louis Blues,5,7,L,REG,21,22,6,L 1
50,1973-01-26,time unavailable,@,Atlanta Flames,3,3,T,REG,21,22,7,T 1
51,1973-01-28,time unavailable,@,Boston Bruins,5,6,L,REG,21,23,7,L 1
52,1973-01-31,time unavailable,@,Pittsburgh Penguins,1,4,L,REG,21,24,7,L 2
53,1973-02-01,time unavailable,@,Buffalo Sabres,3,5,L,REG,21,25,7,L 3
54,1973-02-03,time unavailable,H,Montreal Canadiens,1,7,L,REG,21,26,7,L 4
55,1973-02-07,time unavailable,H,Philadelphia Flyers,2,1,W,REG,22,26,7,W 1
56,1973-02-10,time unavailable,@,Toronto Maple Leafs,4,2,W,REG,23,26,7,W 2
57,1973-02-11,time unavailable,@,Boston Bruins,0,2,L,REG,23,27,7,L 1
58,1973-02-13,time unavailable,@,St. Louis Blues,2,4,L,REG,23,28,7,L 2
59,1973-02-14,time unavailable,H,Detroit Red Wings,2,2,T,REG,23,28,8,T 1
60,1973-02-17,time unavailable,H,Atlanta Flames,3,3,T,REG,23,28,9,T 2
61,1973-02-18,time unavailable,@,California Golden Seals,4,2,W,REG,24,28,9,W 1
62,1973-02-21,time unavailable,H,New York Rangers,3,4,L,REG,24,29,9,L 1
63,1973-02-24,time unavailable,H,Boston Bruins,5,7,L,REG,24,30,9,L 2
64,1973-02-28,time unavailable,@,Montreal Canadiens,2,5,L,REG,24,31,9,L 3
65,1973-03-01,time unavailable,@,Philadelphia Flyers,2,0,W,REG,25,31,9,W 1
66,1973-03-03,time unavailable,H,St. Louis Blues,2,0,W,REG,26,31,9,W 2
67,1973-03-06,time unavailable,H,Buffalo Sabres,2,2,T,REG,26,31,10,T 1
68,1973-03-08,time unavailable,H,Chicago Black Hawks,4,1,W,REG,27,31,10,W 1
69,1973-03-10,time unavailable,H,California Golden Seals,4,2,W,REG,28,31,10,W 2
70,1973-03-13,time unavailable,@,Minnesota North Stars,2,2,T,REG,28,31,11,T 1
71,1973-03-14,time unavailable,H,Pittsburgh Penguins,2,3,L,REG,28,32,11,L 1
72,1973-03-16,time unavailable,@,Vancouver Canucks,2,4,L,REG,28,33,11,L 2
73,1973-03-17,time unavailable,H,Minnesota North Stars,3,4,L,REG,28,34,11,L 3
74,1973-03-21,time unavailable,H,Toronto Maple Leafs,5,1,W,REG,29,34,11,W 1
75,1973-03-24,time unavailable,H,Detroit Red Wings,5,3,W,REG,30,34,11,W 2
76,1973-03-28,time unavailable,H,California Golden Seals,2,3,L,REG,30,35,11,L 1
77,1973-03-30,time unavailable,@,California Golden Seals,1,3,L,REG,30,36,11,L 2
78,1973-03-31,time unavailable,H,Vancouver Canucks,6,3,W,REG,31,36,11,W 1

Time,Location,Result,Game Ended In

Ralph Backstrom,,9,C,35,5-10,165,L/-,16,"September 18, 1937",ca,"20 G, 29 A, 49 P"
Serge Bernier,,21,RW,25,6-1,190,R/-,4,"April 29, 1947",ca,"22 G, 46 A, 68 P"
Bob Berry,,18,LW,29,6-0,185,L/-,3,"November 29, 1943",ca,"36 G, 28 A, 64 P"
Larry Brown,,3,D,25,6-2,210,L/-,3,"April 14, 1947",ca,"0 G, 7 A, 7 P"
Mike Corrigan,,11,RW,27,5-10,175,L/-,4,"January 11, 1946",ca,"37 G, 30 A, 67 P"
Paul Curtis,,6,D,25,6-0,185,L/-,3,"September 29, 1947",ca,"0 G, 5 A, 5 P"
Gary Edwards,,1,G,25,5-9,165,-/L,3,"October 5, 1947",ca,"9-16-1, 3.62 GAA"
Butch Goring,,19,C,23,5-9,170,L/-,3,"October 22, 1949",ca,"28 G, 31 A, 59 P"
Terry Harper,,2,D,33,6-1,200,R/-,10,"January 27, 1940",ca,"1 G, 8 A, 9 P"
Phil Hoene,,14,LW,23,5-9,175,L/-,R,"March 15, 1949",us,"0 G, 1 A, 1 P"
Harry Howell,,5,D,40,6-1,195,L/-,20,"December 28, 1932",ca,"4 G, 11 A, 15 P"
Neil Komadoski,,23-24,D,21,6-2,200,L/-,R,"November 5, 1951",ca,"1 G, 8 A, 9 P"
Don Kozak,,24,RW,20,5-11,190,R/-,R,"February 2, 1952",ca,"14 G, 6 A, 20 P"
Real Lemieux,,7,LW,28,5-11,180,L/-,6,"January 3, 1945",ca,"5 G, 10 A, 15 P"
Bill Lesuk,,16,LW,26,5-9,187,L/-,4,"November 1, 1946",ca,"6 G, 14 A, 20 P"
Barry Long,,22,D,24,6-2,210,L/-,R,"January 3, 1949",ca,"2 G, 13 A, 15 P"
Dan Maloney,,17,LW,22,6-2,195,L/-,1,"September 24, 1950",ca,"4 G, 7 A, 11 P"
Gilles Marotte,,4,D,27,5-9,205,L/-,7,"June 7, 1945",ca,"6 G, 39 A, 45 P"
Jimmy Peters,,12,C,28,6-2,185,L/-,6,"June 20, 1944",ca,"4 G, 5 A, 9 P"
Frank St. Marseille,,14,RW,33,5-11,180,R/-,5,"December 14, 1939",ca,"7 G, 4 A, 11 P"
Rogie Vachon,,30,G,27,5-7,170,-/L,6,"September 8, 1945",ca,"22-20-10, 2.85 GAA"
Vic Venasky,,10,LW,21,5-11,185,R/-,R,"June 3, 1951",ca,"15 G, 19 A, 34 P"
Doug Volmar,,8,RW,28,6-1,215,R/-,2,"January 9, 1945",us,"4 G, 2 A, 6 P"
Juha Widing,,15,C,25,6-0,180,L/-,3,"July 4, 1947",fi,"16 G, 54 A, 70 P"
