Toronto Maple Leafs,TOR,nhl
1972-73,1973
26
78
0
GP,Date,Time,Location,Opponent,GF,GA,Result,Game Ended In,W,L,T,Streak,Notes
1,1972-10-07,time unavailable,H,Chicago Black Hawks,1,3,L,REG,0,1,0,L 1
2,1972-10-11,time unavailable,H,Montreal Canadiens,2,2,T,REG,0,1,1,T 1
3,1972-10-14,time unavailable,H,Los Angeles Kings,6,4,W,REG,1,1,1,W 1
4,1972-10-15,time unavailable,@,Buffalo Sabres,2,3,L,REG,1,2,1,L 1
5,1972-10-18,time unavailable,H,Pittsburgh Penguins,4,3,W,REG,2,2,1,W 1
6,1972-10-21,time unavailable,H,Detroit Red Wings,1,3,L,REG,2,3,1,L 1
7,1972-10-22,time unavailable,@,Detroit Red Wings,2,6,L,REG,2,4,1,L 2
8,1972-10-25,time unavailable,@,Minnesota North Stars,4,3,W,REG,3,4,1,W 1
9,1972-10-28,time unavailable,H,Boston Bruins,2,3,L,REG,3,5,1,L 1
10,1972-10-29,time unavailable,@,Philadelphia Flyers,2,5,L,REG,3,6,1,L 2
11,1972-11-01,time unavailable,H,Buffalo Sabres,7,1,W,REG,4,6,1,W 1
12,1972-11-04,time unavailable,H,St. Louis Blues,4,2,W,REG,5,6,1,W 2
13,1972-11-05,time unavailable,@,Atlanta Flames,2,2,T,REG,5,6,2,T 1
14,1972-11-08,time unavailable,@,Montreal Canadiens,2,5,L,REG,5,7,2,L 1
15,1972-11-11,time unavailable,@,St. Louis Blues,0,1,L,REG,5,8,2,L 2
16,1972-11-15,time unavailable,H,Atlanta Flames,2,1,W,REG,6,8,2,W 1
17,1972-11-18,time unavailable,H,Minnesota North Stars,4,4,T,REG,6,8,3,T 1
18,1972-11-19,time unavailable,@,Boston Bruins,5,6,L,REG,6,9,3,L 1
19,1972-11-22,time unavailable,@,Minnesota North Stars,1,3,L,REG,6,10,3,L 2
20,1972-11-25,time unavailable,H,California Golden Seals,11,0,W,REG,7,10,3,W 1
21,1972-11-26,time unavailable,@,New York Rangers,4,7,L,REG,7,11,3,L 1
22,1972-11-28,time unavailable,@,St. Louis Blues,2,4,L,REG,7,12,3,L 2
23,1972-11-29,time unavailable,@,Pittsburgh Penguins,4,7,L,REG,7,13,3,L 3
24,1972-12-02,time unavailable,H,Philadelphia Flyers,2,2,T,REG,7,13,4,T 1
25,1972-12-03,time unavailable,@,Detroit Red Wings,3,0,W,REG,8,13,4,W 1
26,1972-12-05,time unavailable,@,Vancouver Canucks,5,2,W,REG,9,13,4,W 2
27,1972-12-09,time unavailable,H,Vancouver Canucks,5,5,T,REG,9,13,5,T 1
28,1972-12-10,time unavailable,@,Philadelphia Flyers,2,5,L,REG,9,14,5,L 1
29,1972-12-13,time unavailable,H,New York Rangers,3,4,L,REG,9,15,5,L 2
30,1972-12-16,time unavailable,H,Detroit Red Wings,1,4,L,REG,9,16,5,L 3
31,1972-12-17,time unavailable,@,Buffalo Sabres,0,4,L,REG,9,17,5,L 4
32,1972-12-20,time unavailable,@,Atlanta Flames,3,5,L,REG,9,18,5,L 5
33,1972-12-23,time unavailable,H,Chicago Black Hawks,5,3,W,REG,10,18,5,W 1
34,1972-12-24,time unavailable,@,Chicago Black Hawks,1,5,L,REG,10,19,5,L 1
35,1972-12-27,time unavailable,H,Pittsburgh Penguins,3,3,T,REG,10,19,6,T 1
36,1972-12-29,time unavailable,@,Pittsburgh Penguins,4,0,W,REG,11,19,6,W 1
37,1972-12-30,time unavailable,H,St. Louis Blues,5,4,W,REG,12,19,6,W 2
38,1973-01-03,time unavailable,H,Montreal Canadiens,4,8,L,REG,12,20,6,L 1
39,1973-01-06,time unavailable,H,Los Angeles Kings,4,2,W,REG,13,20,6,W 1
40,1973-01-07,time unavailable,H,California Golden Seals,4,0,W,REG,14,20,6,W 2
41,1973-01-10,time unavailable,H,New York Islanders,4,2,W,REG,15,20,6,W 3
42,1973-01-12,time unavailable,@,Atlanta Flames,0,1,L,REG,15,21,6,L 1
43,1973-01-13,time unavailable,H,Boston Bruins,1,4,L,REG,15,22,6,L 2
44,1973-01-16,time unavailable,@,Vancouver Canucks,4,6,L,REG,15,23,6,L 3
45,1973-01-17,time unavailable,@,California Golden Seals,3,3,T,REG,15,23,7,T 1
46,1973-01-20,time unavailable,@,Los Angeles Kings,6,2,W,REG,16,23,7,W 1
47,1973-01-24,time unavailable,@,Pittsburgh Penguins,2,5,L,REG,16,24,7,L 1
48,1973-01-27,time unavailable,@,Montreal Canadiens,2,4,L,REG,16,25,7,L 2
49,1973-01-28,time unavailable,@,New York Rangers,2,5,L,REG,16,26,7,L 3
50,1973-01-31,time unavailable,H,New York Islanders,5,3,W,REG,17,26,7,W 1
51,1973-02-01,time unavailable,@,Boston Bruins,2,5,L,REG,17,27,7,L 1
52,1973-02-03,time unavailable,H,Vancouver Canucks,1,2,L,REG,17,28,7,L 2
53,1973-02-06,time unavailable,@,New York Islanders,2,4,L,REG,17,29,7,L 3
54,1973-02-07,time unavailable,H,California Golden Seals,5,3,W,REG,18,29,7,W 1
55,1973-02-10,time unavailable,H,Los Angeles Kings,2,4,L,REG,18,30,7,L 1
56,1973-02-14,time unavailable,H,Buffalo Sabres,2,3,L,REG,18,31,7,L 2
57,1973-02-17,time unavailable,H,New York Islanders,6,2,W,REG,19,31,7,W 1
58,1973-02-18,time unavailable,H,Montreal Canadiens,1,2,L,REG,19,32,7,L 1
59,1973-02-21,time unavailable,H,Atlanta Flames,2,2,T,REG,19,32,8,T 1
60,1973-02-24,time unavailable,H,St. Louis Blues,4,2,W,REG,20,32,8,W 1
61,1973-02-28,time unavailable,H,Vancouver Canucks,7,2,W,REG,21,32,8,W 2
62,1973-03-03,time unavailable,H,Chicago Black Hawks,3,3,T,REG,21,32,9,T 1
63,1973-03-04,time unavailable,@,Philadelphia Flyers,0,10,L,REG,21,33,9,L 1
64,1973-03-07,time unavailable,@,Montreal Canadiens,1,4,L,REG,21,34,9,L 2
65,1973-03-08,time unavailable,@,New York Islanders,4,1,W,REG,22,34,9,W 1
66,1973-03-10,time unavailable,H,Minnesota North Stars,4,3,W,REG,23,34,9,W 2
67,1973-03-11,time unavailable,@,New York Rangers,2,4,L,REG,23,35,9,L 1
68,1973-03-14,time unavailable,H,Philadelphia Flyers,5,1,W,REG,24,35,9,W 1
69,1973-03-15,time unavailable,@,Minnesota North Stars,2,5,L,REG,24,36,9,L 1
70,1973-03-17,time unavailable,H,New York Rangers,7,5,W,REG,25,36,9,W 1
71,1973-03-18,time unavailable,@,Buffalo Sabres,1,5,L,REG,25,37,9,L 1
72,1973-03-21,time unavailable,@,Los Angeles Kings,1,5,L,REG,25,38,9,L 2
73,1973-03-23,time unavailable,@,California Golden Seals,4,7,L,REG,25,39,9,L 3
74,1973-03-25,time unavailable,@,Vancouver Canucks,4,7,L,REG,25,40,9,L 4
75,1973-03-27,time unavailable,H,Detroit Red Wings,1,8,L,REG,25,41,9,L 5
76,1973-03-29,time unavailable,@,Detroit Red Wings,6,4,W,REG,26,41,9,W 1
77,1973-03-31,time unavailable,H,Boston Bruins,7,3,W,REG,27,41,9,W 2
78,1973-04-01,time unavailable,@,Chicago Black Hawks,4,4,T,REG,27,41,10,T 1

Time,Location,Result,Game Ended In

Bob Baun,,21,D,36,5-9,175,R/-,16,"September 9, 1936",ca,"1 G, 1 A, 2 P"
Terry Clancy,,7,RW,29,5-11,195,L/-,3,"April 2, 1943",ca,"0 G, 1 A, 1 P"
Denis Dupere,,15,LW,24,6-1,200,L/-,2,"June 21, 1948",ca,"13 G, 23 A, 36 P"
Ron Ellis,,6,RW,28,5-9,195,R/-,9,"January 8, 1945",ca,"22 G, 29 A, 51 P"
George Ferguson,,10,RW,20,6-0,195,R/-,R,"August 22, 1952",ca,"10 G, 13 A, 23 P"
Dave Fortier,,22,D,21,5-11,190,L/-,R,"June 17, 1951",ca,"1 G, 4 A, 5 P"
Brian Glennie,,24,D,26,6-1,197,L/-,3,"August 29, 1946",ca,"1 G, 10 A, 11 P"
John Grisdale,,3,D,24,6-0,195,R/-,R,"August 23, 1948",ca,"1 G, 7 A, 8 P"
Paul Henderson,,19,LW,30,5-11,180,R/-,10,"January 28, 1943",ca,"18 G, 16 A, 34 P"
Pierre Jarry,,8,LW,23,5-11,190,L/-,1,"March 30, 1949",ca,"19 G, 18 A, 37 P"
Rick Kehoe,,17,RW,21,5-11,180,R/-,1,"July 15, 1951",ca,"33 G, 42 A, 75 P"
Dave Keon,(C),14,C,32,5-9,165,L/-,12,"March 22, 1940",ca,"37 G, 36 A, 73 P"
Ron Low,,30,G,22,6-1,205,-/L,R,"June 21, 1950",ca,"12-24-4, 3.89 GAA"
Joe Lundrigan,,2,D,24,5-11,180,L/-,R,"September 12, 1948",ca,"2 G, 8 A, 10 P"
Larry McIntyre,,25,D,23,6-1,190,L/-,1,"July 13, 1949",ca,"0 G, 3 A, 3 P"
Jim McKenny,,18,D,26,5-11,192,R/-,7,"December 1, 1946",ca,"11 G, 41 A, 52 P"
Gord McRae,,29-31,G,24,6-0,180,-/L,R,"April 12, 1948",ca,"7-3-0, 3.77 GAA"
Lyle Moffat,,11-26,LW,24,5-10,180,-/-,R,"March 19, 1948",ca,"0 G, 0 A, 0 P"
Garry Monahan,,20,C,26,6-0,199,L/-,5,"October 20, 1946",ca,"13 G, 18 A, 31 P"
Randy Osburn,,16,LW,20,6-0,190,L/-,R,"November 26, 1952",ca,"0 G, 2 A, 2 P"
Mike Pelyk,,4,D,25,6-1,190,L/-,5,"September 29, 1947",ca,"3 G, 16 A, 19 P"
Jacques Plante,,1,G,44,6-0,175,-/L,17,"January 17, 1929",ca,"8-14-6, 3.04 GAA"
Darryl Sittler,,27,C,22,6-0,190,L/-,2,"September 18, 1950",ca,"29 G, 48 A, 77 P"
Dale Smedsmo,,23,LW,21,6-1,195,L/-,R,"April 23, 1951",us,"0 G, 0 A, 0 P"
Errol Thompson,,12,LW,22,5-9,185,L/-,1,"May 28, 1950",ca,"13 G, 19 A, 32 P"
Norm Ullman,,9,C,37,5-10,175,L/-,17,"December 26, 1935",ca,"20 G, 35 A, 55 P"
