Vancouver Canucks,VAN,nhl
1972-73,1973
26
78
0
GP,Date,Time,Location,Opponent,GF,GA,Result,Game Ended In,W,L,T,Streak,Notes
1,1972-10-07,time unavailable,H,California Golden Seals,3,2,W,REG,1,0,0,W 1
2,1972-10-11,time unavailable,@,New York Rangers,3,5,L,REG,1,1,0,L 1
3,1972-10-12,time unavailable,@,Philadelphia Flyers,3,7,L,REG,1,2,0,L 2
4,1972-10-14,time unavailable,@,Minnesota North Stars,3,3,T,REG,1,2,1,T 1
5,1972-10-17,time unavailable,H,Chicago Black Hawks,6,3,W,REG,2,2,1,W 1
6,1972-10-19,time unavailable,@,Buffalo Sabres,0,6,L,REG,2,3,1,L 1
7,1972-10-21,time unavailable,@,Montreal Canadiens,3,5,L,REG,2,4,1,L 2
8,1972-10-22,time unavailable,@,Boston Bruins,5,4,W,REG,3,4,1,W 1
9,1972-10-24,time unavailable,H,Pittsburgh Penguins,0,4,L,REG,3,5,1,L 1
10,1972-10-28,time unavailable,H,Atlanta Flames,1,2,L,REG,3,6,1,L 2
11,1972-10-31,time unavailable,@,Los Angeles Kings,1,4,L,REG,3,7,1,L 3
12,1972-11-03,time unavailable,H,New York Islanders,7,2,W,REG,4,7,1,W 1
13,1972-11-05,time unavailable,H,Boston Bruins,2,4,L,REG,4,8,1,L 1
14,1972-11-08,time unavailable,@,New York Rangers,2,5,L,REG,4,9,1,L 2
15,1972-11-11,time unavailable,@,Pittsburgh Penguins,4,3,W,REG,5,9,1,W 1
16,1972-11-12,time unavailable,@,Atlanta Flames,1,3,L,REG,5,10,1,L 1
17,1972-11-14,time unavailable,H,Detroit Red Wings,3,3,T,REG,5,10,2,T 1
18,1972-11-17,time unavailable,H,Los Angeles Kings,8,4,W,REG,6,10,2,W 1
19,1972-11-19,time unavailable,H,Buffalo Sabres,9,5,W,REG,7,10,2,W 2
20,1972-11-21,time unavailable,@,St. Louis Blues,2,4,L,REG,7,11,2,L 1
21,1972-11-22,time unavailable,@,Chicago Black Hawks,2,5,L,REG,7,12,2,L 2
22,1972-11-24,time unavailable,H,Montreal Canadiens,1,9,L,REG,7,13,2,L 3
23,1972-11-26,time unavailable,H,Minnesota North Stars,1,3,L,REG,7,14,2,L 4
24,1972-11-28,time unavailable,H,New York Rangers,2,1,W,REG,8,14,2,W 1
25,1972-12-01,time unavailable,H,St. Louis Blues,2,6,L,REG,8,15,2,L 1
26,1972-12-05,time unavailable,H,Toronto Maple Leafs,2,5,L,REG,8,16,2,L 2
27,1972-12-07,time unavailable,@,Atlanta Flames,2,5,L,REG,8,17,2,L 3
28,1972-12-09,time unavailable,@,Toronto Maple Leafs,5,5,T,REG,8,17,3,T 1
29,1972-12-10,time unavailable,@,Detroit Red Wings,3,3,T,REG,8,17,4,T 2
30,1972-12-12,time unavailable,H,Chicago Black Hawks,1,5,L,REG,8,18,4,L 1
31,1972-12-15,time unavailable,H,Montreal Canadiens,2,4,L,REG,8,19,4,L 2
32,1972-12-16,time unavailable,H,California Golden Seals,4,3,W,REG,9,19,4,W 1
33,1972-12-20,time unavailable,@,Buffalo Sabres,3,6,L,REG,9,20,4,L 1
34,1972-12-21,time unavailable,@,New York Islanders,4,4,T,REG,9,20,5,T 1
35,1972-12-23,time unavailable,@,Detroit Red Wings,1,5,L,REG,9,21,5,L 1
36,1972-12-26,time unavailable,H,California Golden Seals,4,3,W,REG,10,21,5,W 1
37,1972-12-29,time unavailable,H,Philadelphia Flyers,4,4,T,REG,10,21,6,T 1
38,1972-12-30,time unavailable,H,New York Islanders,5,2,W,REG,11,21,6,W 1
39,1973-01-01,time unavailable,H,Boston Bruins,2,8,L,REG,11,22,6,L 1
40,1973-01-03,time unavailable,@,California Golden Seals,3,11,L,REG,11,23,6,L 2
41,1973-01-06,time unavailable,@,Pittsburgh Penguins,2,4,L,REG,11,24,6,L 3
42,1973-01-07,time unavailable,@,Atlanta Flames,2,5,L,REG,11,25,6,L 4
43,1973-01-09,time unavailable,H,St. Louis Blues,3,0,W,REG,12,25,6,W 1
44,1973-01-12,time unavailable,H,Detroit Red Wings,1,7,L,REG,12,26,6,L 1
45,1973-01-14,time unavailable,H,Montreal Canadiens,0,3,L,REG,12,27,6,L 2
46,1973-01-16,time unavailable,H,Toronto Maple Leafs,6,4,W,REG,13,27,6,W 1
47,1973-01-19,time unavailable,H,Los Angeles Kings,0,4,L,REG,13,28,6,L 1
48,1973-01-20,time unavailable,H,New York Rangers,3,4,L,REG,13,29,6,L 2
49,1973-01-24,time unavailable,@,Chicago Black Hawks,3,3,T,REG,13,29,7,T 1
50,1973-01-26,time unavailable,H,New York Islanders,5,1,W,REG,14,29,7,W 1
51,1973-01-27,time unavailable,H,St. Louis Blues,1,3,L,REG,14,30,7,L 1
52,1973-02-01,time unavailable,@,Philadelphia Flyers,4,5,L,REG,14,31,7,L 2
53,1973-02-03,time unavailable,@,Toronto Maple Leafs,2,1,W,REG,15,31,7,W 1
54,1973-02-04,time unavailable,@,Detroit Red Wings,2,8,L,REG,15,32,7,L 1
55,1973-02-06,time unavailable,@,St. Louis Blues,1,5,L,REG,15,33,7,L 2
56,1973-02-09,time unavailable,H,Philadelphia Flyers,5,10,L,REG,15,34,7,L 3
57,1973-02-11,time unavailable,@,Minnesota North Stars,3,6,L,REG,15,35,7,L 4
58,1973-02-13,time unavailable,@,Boston Bruins,3,7,L,REG,15,36,7,L 5
59,1973-02-14,time unavailable,@,Pittsburgh Penguins,2,6,L,REG,15,37,7,L 6
60,1973-02-16,time unavailable,H,Atlanta Flames,5,0,W,REG,16,37,7,W 1
61,1973-02-17,time unavailable,H,Detroit Red Wings,2,2,T,REG,16,37,8,T 1
62,1973-02-20,time unavailable,H,Boston Bruins,6,7,L,REG,16,38,8,L 1
63,1973-02-22,time unavailable,@,Buffalo Sabres,1,3,L,REG,16,39,8,L 2
64,1973-02-24,time unavailable,@,Montreal Canadiens,3,7,L,REG,16,40,8,L 3
65,1973-02-28,time unavailable,@,Toronto Maple Leafs,2,7,L,REG,16,41,8,L 4
66,1973-03-03,time unavailable,@,New York Islanders,3,9,L,REG,16,42,8,L 5
67,1973-03-04,time unavailable,@,New York Rangers,4,3,W,REG,17,42,8,W 1
68,1973-03-09,time unavailable,H,Buffalo Sabres,5,2,W,REG,18,42,8,W 2
69,1973-03-10,time unavailable,H,Chicago Black Hawks,2,4,L,REG,18,43,8,L 1
70,1973-03-14,time unavailable,@,California Golden Seals,5,2,W,REG,19,43,8,W 1
71,1973-03-16,time unavailable,H,Los Angeles Kings,4,2,W,REG,20,43,8,W 2
72,1973-03-17,time unavailable,H,Pittsburgh Penguins,6,1,W,REG,21,43,8,W 3
73,1973-03-21,time unavailable,@,Montreal Canadiens,2,3,L,REG,21,44,8,L 1
74,1973-03-22,time unavailable,@,Philadelphia Flyers,0,9,L,REG,21,45,8,L 2
75,1973-03-25,time unavailable,H,Toronto Maple Leafs,7,4,W,REG,22,45,8,W 1
76,1973-03-27,time unavailable,@,Minnesota North Stars,3,4,L,REG,22,46,8,L 1
77,1973-03-30,time unavailable,H,Minnesota North Stars,3,3,T,REG,22,46,9,T 1
78,1973-03-31,time unavailable,@,Los Angeles Kings,3,6,L,REG,22,47,9,L 1

Time,Location,Result,Game Ended In

Dave Balon,,21,LW,34,5-10,180,L/-,13,"August 2, 1938",ca,"3 G, 2 A, 5 P"
Gregg Boddy,,22,D,23,6-2,200,L/-,1,"March 19, 1949",ca,"3 G, 11 A, 14 P"
Larry Bolonchuk,,3,D,20,5-10,190,R/-,R,"February 26, 1952",ca,"0 G, 0 A, 0 P"
Andre Boudrias,,7,LW,29,5-8,165,L/-,8,"September 19, 1943",ca,"30 G, 40 A, 70 P"
Bruce Bullock,,24-30,G,23,5-7,160,-/R,R,"May 9, 1949",ca,"3-8-3, 4.79 GAA"
Ed Dyck,,1-30,G,22,5-11,160,-/L,1,"October 29, 1950",ca,"5-17-1, 4.53 GAA"
Jocelyn Guevremont,,2,D,21,6-2,200,R/-,1,"March 1, 1951",ca,"16 G, 26 A, 42 P"
Jim Hargreaves,,5,D,22,5-11,195,R/-,1,"May 2, 1950",ca,"1 G, 6 A, 7 P"
Ron Homenuke,,18,RW,21,5-10,180,R/-,R,"January 5, 1952",ca,"0 G, 0 A, 0 P"
Dennis Kearns,,6,D,27,5-9,185,L/-,1,"September 27, 1945",ca,"4 G, 33 A, 37 P"
Orland Kurtenbach,(C),25,C,36,6-2,180,L/-,11,"September 7, 1936",ca,"9 G, 19 A, 28 P"
Bobby Lalonde,,20,C,21,5-5,155,L/-,1,"March 27, 1951",ca,"20 G, 27 A, 47 P"
Rich Lemieux,,19,C,21,5-8,155,L/-,1,"April 19, 1951",ca,"17 G, 35 A, 52 P"
Don Lever,,10,C,20,5-11,185,L/-,R,"November 14, 1952",ca,"12 G, 26 A, 38 P"
Jim Mair,,18,D,26,5-9,170,R/-,2,"May 15, 1946",ca,"1 G, 0 A, 1 P"
Wayne Maki,,11,LW,28,6-0,185,L/-,5,"November 10, 1944",ca,"3 G, 10 A, 13 P"
Dave McLelland,,30,G,20,5-9,165,-/L,R,"November 20, 1952",ca,"1-1-0, 5.00 GAA"
Bryan McSheffrey,,24-26,RW,20,6-2,205,R/-,R,"September 25, 1952",ca,"4 G, 4 A, 8 P"
Gerry O'Flaherty,,23,RW,22,5-10,182,L/-,1,"August 31, 1950",us,"13 G, 17 A, 30 P"
Bobby Schmautz,,8,RW,27,5-9,172,R/-,4,"March 28, 1945",ca,"38 G, 33 A, 71 P"
Dale Tallon,,9,D,22,6-1,195,L/-,2,"October 19, 1950",ca,"13 G, 24 A, 37 P"
Don Tannahill,,16,LW,23,5-11,178,L/-,R,"February 21, 1949",ca,"22 G, 21 A, 43 P"
Barry Wilcox,,12,RW,24,6-1,190,L/-,R,"April 23, 1948",ca,"3 G, 2 A, 5 P"
Barry Wilkins,,4,D,25,6-0,190,L/-,5,"February 28, 1947",ca,"11 G, 17 A, 28 P"
Dunc Wilson,,1-31,G,24,5-11,175,-/-,3,"March 22, 1948",ca,"13-21-5, 3.94 GAA"
John Wright,,14-17,C,24,5-11,175,R/-,R,"November 9, 1948",ca,"10 G, 27 A, 37 P"
