Toronto Maple Leafs,TOR,nhl
1937-38,1938
18
48
3,4
GP,Date,Time,Location,Opponent,GF,GA,Result,Game Ended In,W,L,T,Streak,Notes
1,1937-11-04,time unavailable,H,Detroit Red Wings,2,2,T,OT,0,0,1,T 1
2,1937-11-06,time unavailable,H,New York Americans,6,3,W,REG,1,0,1,W 1
3,1937-11-13,time unavailable,H,Chicago Black Hawks,7,3,W,REG,2,0,1,W 2
4,1937-11-14,time unavailable,@,Chicago Black Hawks,3,3,T,OT,2,0,2,T 1
5,1937-11-18,time unavailable,@,Montreal Canadiens,6,6,T,OT,2,0,3,T 2
6,1937-11-20,time unavailable,H,Boston Bruins,2,3,L,REG,2,1,3,L 1
7,1937-11-21,time unavailable,@,Detroit Red Wings,5,0,W,REG,3,1,3,W 1
8,1937-11-23,time unavailable,@,Montreal Maroons,1,2,L,REG,3,2,3,L 1
9,1937-11-25,time unavailable,@,New York Rangers,3,1,W,REG,4,2,3,W 1
10,1937-11-27,time unavailable,H,Montreal Maroons,4,0,W,REG,5,2,3,W 2
11,1937-12-04,time unavailable,H,Montreal Canadiens,3,3,T,OT,5,2,4,T 1
12,1937-12-11,time unavailable,H,New York Rangers,3,6,L,REG,5,3,4,L 1
13,1937-12-14,time unavailable,@,Boston Bruins,1,3,L,REG,5,4,4,L 2
14,1937-12-16,time unavailable,@,Montreal Canadiens,4,2,W,REG,6,4,4,W 1
15,1937-12-18,time unavailable,H,New York Americans,3,2,W,REG,7,4,4,W 2
16,1937-12-25,time unavailable,H,Detroit Red Wings,1,1,T,OT,7,4,5,T 1
17,1937-12-26,time unavailable,@,Detroit Red Wings,3,1,W,REG,8,4,5,W 1
18,1937-12-28,time unavailable,@,New York Americans,3,0,W,REG,9,4,5,W 2
19,1938-01-01,time unavailable,H,Montreal Canadiens,6,4,W,REG,10,4,5,W 3
20,1938-01-04,time unavailable,@,Boston Bruins,3,6,L,REG,10,5,5,L 1
21,1938-01-06,time unavailable,@,Montreal Maroons,3,6,L,REG,10,6,5,L 2
22,1938-01-08,time unavailable,H,New York Rangers,3,2,W,REG,11,6,5,W 1
23,1938-01-13,time unavailable,H,Montreal Maroons,3,2,W,REG,12,6,5,W 2
24,1938-01-15,time unavailable,H,Chicago Black Hawks,4,4,T,OT,12,6,6,T 1
25,1938-01-16,time unavailable,@,Chicago Black Hawks,7,2,W,REG,13,6,6,W 1
26,1938-01-20,time unavailable,@,New York Americans,1,1,T,OT,13,6,7,T 1
27,1938-01-22,time unavailable,H,Boston Bruins,1,9,L,REG,13,7,7,L 1
28,1938-01-29,time unavailable,H,Detroit Red Wings,4,1,W,REG,14,7,7,W 1
29,1938-02-01,time unavailable,@,Montreal Canadiens,1,6,L,REG,14,8,7,L 1
30,1938-02-03,time unavailable,H,Montreal Canadiens,3,0,W,REG,15,8,7,W 1
31,1938-02-05,time unavailable,H,Boston Bruins,3,1,W,REG,16,8,7,W 2
32,1938-02-06,time unavailable,@,New York Rangers,1,2,L,REG,16,9,7,L 1
33,1938-02-10,time unavailable,H,Montreal Maroons,3,0,W,OT,17,9,7,W 1
34,1938-02-12,time unavailable,H,Chicago Black Hawks,1,2,L,REG,17,10,7,L 1
35,1938-02-13,time unavailable,@,Chicago Black Hawks,1,1,T,OT,17,10,8,T 1
36,1938-02-17,time unavailable,@,Montreal Maroons,2,1,W,REG,18,10,8,W 1
37,1938-02-19,time unavailable,H,New York Americans,0,4,L,REG,18,11,8,L 1
38,1938-02-20,time unavailable,@,New York Americans,3,2,W,REG,19,11,8,W 1
39,1938-02-22,time unavailable,@,Boston Bruins,0,2,L,REG,19,12,8,L 1
40,1938-02-26,time unavailable,H,New York Rangers,2,4,L,REG,19,13,8,L 2
41,1938-03-01,time unavailable,@,Montreal Maroons,5,3,W,REG,20,13,8,W 1
42,1938-03-05,time unavailable,H,Montreal Maroons,2,0,W,REG,21,13,8,W 2
43,1938-03-06,time unavailable,@,Montreal Canadiens,6,3,W,REG,22,13,8,W 3
44,1938-03-08,time unavailable,@,New York Rangers,3,4,L,REG,22,14,8,L 1
45,1938-03-12,time unavailable,H,Montreal Canadiens,3,3,T,OT,22,14,9,T 1
46,1938-03-17,time unavailable,@,Detroit Red Wings,7,2,W,REG,23,14,9,W 1
47,1938-03-19,time unavailable,H,New York Americans,8,5,W,REG,24,14,9,W 2
48,1938-03-20,time unavailable,@,New York Americans,2,4,L,REG,24,15,9,L 1

GP,Date,Time,Location,Opponent,GF,GA,Result,Game Ended In,W,L,T,Streak,Notes
1,1938-03-24,time unavailable,H,Boston Bruins,1,0,W,2OT,1,0,0,W 1
2,1938-03-26,time unavailable,H,Boston Bruins,2,1,W,REG,2,0,0,W 2
3,1938-03-29,time unavailable,@,Boston Bruins,3,2,W,OT,3,0,0,W 3
4,1938-04-05,time unavailable,H,Chicago Black Hawks,1,3,L,REG,3,1,0,L 1
5,1938-04-07,time unavailable,H,Chicago Black Hawks,5,1,W,REG,4,1,0,W 1
6,1938-04-10,time unavailable,@,Chicago Black Hawks,1,2,L,REG,4,2,0,L 1
7,1938-04-12,time unavailable,@,Chicago Black Hawks,1,4,L,REG,4,3,0,L 2

Syl Apps,,n/a,C,23,6-0,185,L/-,1,"January 18, 1915",ca,"21 G, 29 A, 50 P"
Murray Armstrong,,n/a,C,22,5-10,170,L/-,R,"January 1, 1916",ca,"0 G, 0 A, 0 P"
Buzz Boll,,n/a,LW,26,5-10,166,L/-,4,"March 6, 1911",ca,"14 G, 11 A, 25 P"
Turk Broda,,n/a,G,23,5-9,180,-/L,1,"May 15, 1914",ca,"24-15-9, 2.56 GAA"
Murph Chamberlain,,n/a,LW,22,5-11,165,L/-,R,"February 14, 1915",ca,"4 G, 12 A, 16 P"
Charlie Conacher,(C),n/a,RW,28,6-1,195,R/-,8,"December 20, 1909",ca,"7 G, 9 A, 16 P"
Chuck Corrigan,,n/a,RW,21,6-2,192,R/-,R,"May 22, 1916",ca,"0 G, 0 A, 0 P"
Bob Davidson,,n/a,LW,25,5-11,185,L/-,3,"February 10, 1912",ca,"3 G, 17 A, 20 P"
Gordie Drillon,,n/a,RW,24,6-2,178,R/-,1,"October 23, 1913",ca,"26 G, 26 A, 52 P"
Jimmy Fowler,,n/a,D,22,5-11,168,L/-,1,"April 6, 1915",ca,"10 G, 12 A, 22 P"
Reg Hamilton,,n/a,D,23,5-11,180,L/-,2,"April 29, 1914",ca,"1 G, 4 A, 5 P"
Red Horner,,n/a,D,28,6-0,190,R/-,9,"May 28, 1909",ca,"4 G, 20 A, 24 P"
Busher Jackson,,n/a,LW,27,5-11,195,L/-,8,"January 19, 1911",ca,"17 G, 17 A, 34 P"
Bingo Kampman,,n/a,D,23,5-10,187,R/-,R,"March 12, 1914",ca,"1 G, 2 A, 3 P"
Pep Kelly,,n/a,RW,24,5-7,152,R/-,3,"January 17, 1914",ca,"9 G, 10 A, 19 P"
Nick Metz,,n/a,LW,23,5-11,160,L/-,3,"February 16, 1914",ca,"15 G, 7 A, 22 P"
George Parsons,,n/a,RW,23,5-11,174,L/-,1,"June 28, 1914",ca,"5 G, 6 A, 11 P"
Bill Thoms,,n/a,C,27,5-9,170,L/-,5,"March 5, 1910",ca,"14 G, 24 A, 38 P"
