JagrBombs,fall2014,Ice Hockey: JagrBombs (Advanced)
8,6,6,2,2
Sun Sep 21 @ 5:00 pm,Columbia Icefield Arena,lost,2,3,3,My Cousin Vinny Damphousse
Fri Sep 26 @ 8:00 pm,Columbia Icefield Arena,lost,2,5,1,Debbies Dingleshow
Fri Oct 17 @ 6:00 pm,Columbia Icefield Arena,lost,2,6,3,Mighty Geese
Sun Oct 26 @ 11:00 am,Columbia Icefield Arena,lost,0,3,0,Third Line Grinders
Sun Nov 2 @ 10:00 am,Columbia Icefield Arena,lost,0,3,0,Advanced Indies 3
Sun Nov 9 @ 11:00 am,Columbia Icefield Arena,lost,0,3,0,Bendy Garden Gnomes
Tue Nov 11 @ 10:00 pm,Columbia Icefield Arena,won,3,1,2,Advanced Indies 2
Wed Nov 19 @ 11:00 pm,Columbia Icefield Arena,lost,1,7,1,Hurricane Heatley

Jackson Long,Hansen Lu,Craig Macqueen,Owen Masterton,Blake Ramsay,Gerald Shebib,Joshua Stanton,Tyler Stanton,Eric Summers,Austin Yin,Alexander Bossi
