Shooting,fall2014,Ice Hockey: Shooting (Advanced)
9,6,6,3,3
Sun Sep 21 @ 9:00 pm,Columbia Icefield Arena,tie,2,2,1,Multiple Scorgasms
Sun Sep 28 @ 5:00 pm,Columbia Icefield Arena,won,6,0,3,Advanced Indies 2
Thu Oct 9 @ 9:00 pm,Columbia Icefield Arena,won,5,2,2,Advanced Indies 1
Tue Oct 14 @ 9:00 pm,Columbia Icefield Arena,lost,3,5,3,Captain Strab and the phorias
Sun Oct 26 @ 4:00 pm,Columbia Icefield Arena,won,5,1,3,Blades of Steel
Wed Nov 5 @ 10:00 pm,Columbia Icefield Arena,won,5,1,3,Hurricane Heatley
Tue Nov 11 @ 9:00 pm,Columbia Icefield Arena,won,5,3,1,Captain Strab and the phorias
Thu Nov 20 @ 11:00 pm,Columbia Icefield Arena,won,2,1,1,Mediocre Meerkats
Sun Nov 30 @ 4:00 pm,Columbia Icefield Arena,won,4,0,2,Third Line Grinders

Adam Fujita,Eric Geoffroy,Paul Greco,Ty Johnson,Nicholas Langlois,Joshua Mardling,Keegan Morrissey,Aiden Mossop,Christian Twarog,Robert Burke
