Penalty Box Heroes,fall2014,Ice Hockey: Penalty Box Heroes (Advanced)
7,6,6,1,1
Thu Sep 18 @ 8:00 pm,Columbia Icefield Arena,lost,2,5,3,Debbies Dingleshow
Sun Oct 5 @ 4:00 pm,Columbia Icefield Arena,lost,1,5,2,Mighty Geese
Thu Oct 16 @ 9:00 pm,Columbia Icefield Arena,lost,0,6,2,Third Line Grinders
Sun Oct 26 @ 3:00 pm,Columbia Icefield Arena,lost,0,6,3,Advanced Indies 3
Sun Nov 2 @ 11:00 pm,Columbia Icefield Arena,tie,1,1,3,Advanced Indies 2
Thu Nov 6 @ 10:00 pm,Columbia Icefield Arena,lost,0,6,3,Busch League
Mon Nov 17 @ 11:00 pm,Columbia Icefield Arena,lost,2,4,2,SJU Finn

Steven Buckrell,Myles Coolen,Tyler Frankland,Zachary Johnston,Olivera Kralj,Kevin Macchio,Benjamin Sawicki,Marcus Sjolin,Melanie Vivian,Bradley Zecchino,Jonathan Ellsworth
