Cher the Puck,fall2014,Ice Hockey: Cher the Puck (Advanced)
8,6,6,2,2
Tue Sep 23 @ 8:00 pm,Columbia Icefield Arena,won,3,2,2,Advanced Indies 2
Mon Sep 29 @ 11:00 pm,Columbia Icefield Arena,lost,1,3,2,Advanced Indies 3
Sun Oct 5 @ 5:00 pm,Columbia Icefield Arena,lost,0,4,-1,Captain Strab and the phorias
Mon Oct 27 @ 11:00 pm,Columbia Icefield Arena,lost,0,2,3,Mediocre Meerkats
Sun Nov 2 @ 10:00 pm,Columbia Icefield Arena,tie,3,3,3,Multiple Scorgasms
Tue Nov 4 @ 10:00 pm,Columbia Icefield Arena,lost,2,6,3,Advanced Indies 1
Tue Nov 18 @ 8:00 pm,Columbia Icefield Arena,won,4,1,1,Bendy Garden Gnomes
Thu Nov 20 @ 10:00 pm,Columbia Icefield Arena,lost,2,3,2,Debbies Dingleshow

Matthew Duffy,Amanda Fenn,Thomas Huijbregts,Geoffrey Iwasa,Travis Jansen,Michael Kardash,Alvin Le,Matthew Leblanc,Brandon Lum,Zachary Schenk,Kate Sinclair,Paul Socka,Mitchell Voss,Brett Young,Ian Fraser
