My Cousin Vinny Damphousse,fall2014,Ice Hockey: My Cousin Vinny Damphousse (Advanced)
7,6,6,1,1
Sun Sep 21 @ 5:00 pm,Columbia Icefield Arena,won,3,2,3,JagrBombs
Sun Oct 5 @ 3:00 pm,Columbia Icefield Arena,won,6,2,2,Debbies Dingleshow
Sun Oct 19 @ 11:00 pm,Columbia Icefield Arena,lost,0,5,0,Bendy Garden Gnomes
Sun Oct 26 @ 2:00 pm,Columbia Icefield Arena,tie,1,1,2,Mighty Geese
Sun Nov 2 @ 12:00 pm,Columbia Icefield Arena,lost,2,3,3,Third Line Grinders
Sun Nov 9 @ 12:00 pm,Columbia Icefield Arena,won,2,1,3,Advanced Indies 3
Tue Nov 25 @ 11:00 pm,Columbia Icefield Arena,lost,1,3,2,Blades of Steel

Clayton Dasilva,Bryan Emonts,Tyler Hargrave,Scott Huber,Andrew Kowalczyszyn,Dylan Lam-Johnson,Steve Little,Scott Reid,Philip Van-Lane,Peter Stechlinski
