Bendy Garden Gnomes,fall2014,Ice Hockey: Bendy Garden Gnomes (Advanced)
7,6,6,1,1
Sun Sep 21 @ 4:00 pm,Columbia Icefield Arena,lost,2,3,2,Third Line Grinders
Fri Sep 26 @ 7:00 pm,Columbia Icefield Arena,lost,1,3,2,Advanced Indies 3
Sun Oct 19 @ 11:00 pm,Columbia Icefield Arena,won,5,0,0,My Cousin Vinny Damphousse
Sun Nov 2 @ 11:00 am,Columbia Icefield Arena,won,3,2,3,Captain Strab and the phorias
Sat Nov 8 @ 11:00 am,Columbia Icefield Arena,lost,2,6,3,Busch League
Sun Nov 9 @ 11:00 am,Columbia Icefield Arena,won,3,0,avg.,JagrBombs
Tue Nov 18 @ 8:00 pm,Columbia Icefield Arena,lost,1,4,1,Cher the Puck

Chad Bredin,Spenser Emery,Johnathan Romyn,Derek Scott,Tony Shaughnessy,Jason Smith,Matthew Stevens,Riston Tapp
