Blades of Steel,fall2014,Ice Hockey: Blades of Steel (Advanced)
9,6,6,3,3
Wed Sep 24 @ 11:00 pm,Columbia Icefield Arena,won,4,2,2,Hurricane Heatley
Fri Sep 26 @ 9:00 pm,Columbia Icefield Arena,lost,1,4,-2,Third Line Grinders
Thu Oct 9 @ 10:00 pm,Columbia Icefield Arena,lost,1,5,3,Multiple Scorgasms
Wed Oct 15 @ 10:00 pm,Columbia Icefield Arena,lost,5,6,2,Advanced Indies 1
Sun Oct 26 @ 4:00 pm,Columbia Icefield Arena,lost,1,5,3,Shooting
Mon Nov 3 @ 10:00 pm,Columbia Icefield Arena,won,3,1,3,Advanced Indies 2
Wed Nov 12 @ 11:00 pm,Columbia Icefield Arena,won,4,3,2,Advanced Indies 1
Tue Nov 25 @ 11:00 pm,Columbia Icefield Arena,won,3,1,2,My Cousin Vinny Damphousse
Fri Nov 28 @ 8:00 pm,Columbia Icefield Arena,won,6,4,1,Debbies Dingleshow

Boyd Badiuk,Tyler Barnes,Kristopher Beyer,Darin Bloemberg,Ryan Bradley,Matthew Brown,Robert Hicks,Scott Janssen,Benoit Lafleur,Angelica Lang,Julian Lupo,Colin McKinnon,Matthew McLeod,Ben Norris,Steven Phillips,Rachel Whittaker,Jonathan Thacker
