INFO:
teamName,Deep Ins
teamAbbreviation,Deep Ins
sportId,n/a
sportName,n/a
sportRules,n/a
leagueId,watMu
levelId,n/a
seasonName,n/a
seasonId,n/a
Roster Size,15
Season Games Played,6
Playoff Round Lengths,1,1
END_INFO

SEASON:
Date/Time,Location,Opposing Team,Score,S.O.C.
Thu Sep 24 @ 3:00 pm,Village Green,Breezy Boys,won 0 - 7,avg.
Sat Oct 3 @ 11:00 am,Village Green,Advanced Individuals,lost 49 - 28,3
Sat Oct 3 @ 12:00 pm,Village Green,DC Lumber Company,won 21 - 49,4
Sat Oct 17 @ 12:00 pm,Village Green,Breezy Boys,won 21 - 35,4
Sat Oct 24 @ 12:00 pm,Village Green,The Dutch Rudders,won 42 - 7,4
Sat Oct 31 @ 11:00 am,Village Green,Breezy Boys,won 14 - 28,4
END_SEASON

PLAYOFFS:
Date/Time,Location,Opposing Team,Score,S.O.C.
Sat Nov 14 @ 10:00 am,Village Green,DC Lumber Company,won 42 - 28,2
Sat Nov 14 @ 3:15 pm,Columbia Icefield: Field 6,Advanced Individuals,won 35 - 0,0
END_PLAYOFFS

ROSTER:
Player,Captaincy,uwaterloo_email
Noah Bates,(C),noahbates@gmail.com
Anthony Amadio,,
Jason Amadio,,
Derek Antwi,,
Gregory Becotte,,
Joshua Brady,,
John Britton,,
Claude Charbonneau,,
Matthew Di Giovanni,,
Paul Grant,,
Jason Muscat,,
Pawel Przeracki,,
Loren Sexton,,
Jeffrey Trinh,,
Matthew Woolsey,,
END_ROSTER
