INFO:
teamName,Breezy Boys
teamAbbreviation,Breezy Boys
sportId,n/a
sportName,n/a
sportRules,n/a
leagueId,watMu
levelId,n/a
seasonName,n/a
seasonId,n/a
Roster Size,11
Season Games Played,6
Playoff Round Lengths,1
END_INFO

SEASON:
Date/Time,Location,Opposing Team,Score,S.O.C.
Thu Sep 24 @ 3:00 pm,Village Green,Deep Ins,lost 0 - 7,-2
Sat Sep 26 @ 11:00 am,Village Green,The Dutch Rudders,won 7 - 0,avg.
Thu Oct 15 @ 5:00 pm,Village Green,DC Lumber Company,won 28 - 63,4
Sat Oct 17 @ 12:00 pm,Village Green,Deep Ins,lost 21 - 35,4
Sat Oct 24 @ 10:00 am,Village Green,Advanced Individuals,won 21 - 42,4
Sat Oct 31 @ 11:00 am,Village Green,Deep Ins,lost 14 - 28,4
END_SEASON

PLAYOFFS:
Date/Time,Location,Opposing Team,Score,S.O.C.
Sat Nov 14 @ 1:00 pm,Village Green,Advanced Individuals,lost 56 - 49,0
END_PLAYOFFS

ROSTER:
Player,Captaincy,uwaterloo_email
Daniel Hussey,(C),hussey24@gmail.com
Conor Amorosi,,
John-Paul Beaupre,,
David Chris,,
Thomas Enright,,
Alexander Gilliver,,
Jake Hishon,,
David Hussey,,
Nathan Orr,,
Najib Robert-Tahiri,,
Shelby Terry,,
END_ROSTER
