INFO:
teamName,The Dutch Rudders
teamAbbreviation,The Dutch Rudders
sportId,n/a
sportName,n/a
sportRules,n/a
leagueId,watMu
levelId,n/a
seasonName,n/a
seasonId,n/a
Roster Size,11
Season Games Played,6
Playoff Round Lengths,1
END_INFO

SEASON:
Date/Time,Location,Opposing Team,Score,S.O.C.
Sat Sep 26 @ 11:00 am,Village Green,Breezy Boys,lost 7 - 0,0
Sat Oct 3 @ 10:00 am,Village Green,Advanced Individuals,lost 56 - 42,4
Sat Oct 17 @ 10:00 am,Village Green,Advanced Individuals,lost 56 - 35,2
Sat Oct 17 @ 11:00 am,Village Green,DC Lumber Company,won 0 - 7,avg.
Sat Oct 24 @ 11:00 am,Village Green,DC Lumber Company,lost 63 - 56,4
Sat Oct 24 @ 12:00 pm,Village Green,Deep Ins,lost 42 - 7,4
END_SEASON

PLAYOFFS:
Date/Time,Location,Opposing Team,Score,S.O.C.
Sat Nov 7 @ 10:00 am,Village Green,DC Lumber Company,lost 63 - 21,2
END_PLAYOFFS

ROSTER:
Player,Captaincy,uwaterloo_email
Nigel Moore,(C),npmoore@uwaterloo.ca
Mathew Biskup,,
Andrew Bogdanis,,
Bryan Cunningham,,
Ryan Gilmour,,
Christopher Gilson,,
Justin Meikle,,
Kevin O’Leary,,
Adam Riese,,
Joseph Surgenor,,
Umesh Thillaivasan,,
END_ROSTER
