INFO:
teamName,Advanced Individuals
teamAbbreviation,Advanced Individuals
sportId,n/a
sportName,n/a
sportRules,n/a
leagueId,watMu
levelId,n/a
seasonName,n/a
seasonId,n/a
Roster Size,21
Season Games Played,6
Playoff Round Lengths,1,1
END_INFO

SEASON:
Date/Time,Location,Opposing Team,Score,S.O.C.
Sat Sep 26 @ 10:00 am,Village Green,DC Lumber Company,won 35 - 21,4
Sat Oct 3 @ 10:00 am,Village Green,The Dutch Rudders,won 56 - 42,4
Sat Oct 3 @ 11:00 am,Village Green,Deep Ins,won 49 - 28,4
Sat Oct 17 @ 10:00 am,Village Green,The Dutch Rudders,won 56 - 35,2
Sat Oct 24 @ 10:00 am,Village Green,Breezy Boys,lost 21 - 42,4
Sat Oct 31 @ 10:00 am,Village Green,DC Lumber Company,lost 42 - 49,4
END_SEASON

PLAYOFFS:
Date/Time,Location,Opposing Team,Score,S.O.C.
Sat Nov 14 @ 1:00 pm,Village Green,Breezy Boys,won 56 - 49,0
Sat Nov 14 @ 3:15 pm,Columbia Icefield: Field 6,Deep Ins,lost 35 - 0,0
END_PLAYOFFS

ROSTER:
Player,Captaincy,uwaterloo_email
Oluwarotimi Akeredolu,,
Florian Bletio,,
Branden Bouchard,,
Christophe Coeiffier,,
Daniel Collings,,
Reagan Cook,,
Jeremie Corson,,
Travis Dewolf,,
Drew Gertz,,
Justin Goetz,,
Thomas Lypps,,
Adam Mace,,
Andrew Mallon,,
Adrian Marks,,
Derek McIlroy,,
Daniel Prum Duch,,
Andrew Richardson,,
Devon Shea,,
Johnathan Stevenson,,
Christian Thiessen,,
Ketheisan Vigneshwaran,,
END_ROSTER
