INFO:
teamName,DC Lumber Company
teamAbbreviation,DC Lumber Company
sportId,n/a
sportName,n/a
sportRules,n/a
leagueId,watMu
levelId,n/a
seasonName,n/a
seasonId,n/a
Roster Size,10
Season Games Played,6
Playoff Round Lengths,1,1
END_INFO

SEASON:
Date/Time,Location,Opposing Team,Score,S.O.C.
Sat Sep 26 @ 10:00 am,Village Green,Advanced Individuals,lost 35 - 21,4
Sat Oct 3 @ 12:00 pm,Village Green,Deep Ins,lost 21 - 49,4
Thu Oct 15 @ 5:00 pm,Village Green,Breezy Boys,lost 28 - 63,4
Sat Oct 17 @ 11:00 am,Village Green,The Dutch Rudders,lost 0 - 7,0
Sat Oct 24 @ 11:00 am,Village Green,The Dutch Rudders,won 63 - 56,4
Sat Oct 31 @ 10:00 am,Village Green,Advanced Individuals,won 42 - 49,4
END_SEASON

PLAYOFFS:
Date/Time,Location,Opposing Team,Score,S.O.C.
Sat Nov 7 @ 10:00 am,Village Green,The Dutch Rudders,won 63 - 21,2
Sat Nov 14 @ 10:00 am,Village Green,Deep Ins,lost 42 - 28,2
END_PLAYOFFS

ROSTER:
Player,Captaincy,uwaterloo_email
Matthew Leonard,(C),mpleon@isp.ca
Mitchell Avis,,
Benjamin Connolly,,
Shawn Gray,,
Ryan Hoday,,
Brandon Koaches,,
Matthew Mitchell,,
Andrew Palmer,,
Corey St-Laurent,,
Chimere Ukasoanya,,
END_ROSTER
