Montreal Canadiens,MTL,nhl
1954-55,1955
30
70
5,7
GP,Date,Time,Location,Opponent,GF,GA,Result,Game Ended In,W,L,T,Streak
1,1954-10-07,time unavailable,H,Chicago Black Hawks,4,2,W,REG,1,0,0,W 1
2,1954-10-09,time unavailable,H,Boston Bruins,4,1,W,REG,2,0,0,W 2
3,1954-10-11,time unavailable,@,Boston Bruins,2,2,T,REG,2,0,1,T 1
4,1954-10-13,time unavailable,H,Detroit Red Wings,2,3,L,REG,2,1,1,L 1
5,1954-10-15,time unavailable,@,Chicago Black Hawks,3,0,W,REG,3,1,1,W 1
6,1954-10-16,time unavailable,@,Detroit Red Wings,3,1,W,REG,4,1,1,W 2
7,1954-10-21,time unavailable,H,Toronto Maple Leafs,1,3,L,REG,4,2,1,L 1
8,1954-10-23,time unavailable,H,New York Rangers,7,1,W,REG,5,2,1,W 1
9,1954-10-24,time unavailable,@,New York Rangers,2,4,L,REG,5,3,1,L 1
10,1954-10-27,time unavailable,@,Toronto Maple Leafs,3,1,W,REG,6,3,1,W 1
11,1954-10-30,time unavailable,H,Chicago Black Hawks,5,1,W,REG,7,3,1,W 2
12,1954-11-06,time unavailable,H,Detroit Red Wings,4,1,W,REG,8,3,1,W 3
13,1954-11-07,time unavailable,@,Boston Bruins,4,3,W,REG,9,3,1,W 4
14,1954-11-11,time unavailable,H,Chicago Black Hawks,7,4,W,REG,10,3,1,W 5
15,1954-11-13,time unavailable,H,Boston Bruins,2,1,W,REG,11,3,1,W 6
16,1954-11-14,time unavailable,@,Detroit Red Wings,1,4,L,REG,11,4,1,L 1
17,1954-11-17,time unavailable,@,Toronto Maple Leafs,2,5,L,REG,11,5,1,L 2
18,1954-11-18,time unavailable,H,Toronto Maple Leafs,5,4,W,REG,12,5,1,W 1
19,1954-11-20,time unavailable,H,New York Rangers,4,1,W,REG,13,5,1,W 2
20,1954-11-21,time unavailable,@,Boston Bruins,0,2,L,REG,13,6,1,L 1
21,1954-11-23,time unavailable,@,Chicago Black Hawks,4,4,T,REG,13,6,2,T 1
22,1954-11-25,time unavailable,@,Chicago Black Hawks,3,2,W,REG,14,6,2,W 1
23,1954-11-27,time unavailable,H,Detroit Red Wings,4,1,W,REG,15,6,2,W 2
24,1954-11-28,time unavailable,@,New York Rangers,1,4,L,REG,15,7,2,L 1
25,1954-11-30,time unavailable,@,Chicago Black Hawks,3,3,T,REG,15,7,3,T 1
26,1954-12-02,time unavailable,@,Detroit Red Wings,4,1,W,REG,16,7,3,W 1
27,1954-12-05,time unavailable,@,New York Rangers,3,3,T,REG,16,7,4,T 1
28,1954-12-08,time unavailable,@,Toronto Maple Leafs,1,3,L,REG,16,8,4,L 1
29,1954-12-09,time unavailable,H,Toronto Maple Leafs,2,0,W,REG,17,8,4,W 1
30,1954-12-11,time unavailable,H,Boston Bruins,0,3,L,REG,17,9,4,L 1
31,1954-12-12,time unavailable,@,Boston Bruins,2,2,T,REG,17,9,5,T 1
32,1954-12-16,time unavailable,H,New York Rangers,5,1,W,REG,18,9,5,W 1
33,1954-12-18,time unavailable,@,Chicago Black Hawks,4,2,W,REG,19,9,5,W 2
34,1954-12-19,time unavailable,@,Detroit Red Wings,5,0,W,REG,20,9,5,W 3
35,1954-12-25,time unavailable,H,New York Rangers,4,1,W,REG,21,9,5,W 4
36,1954-12-29,time unavailable,@,Toronto Maple Leafs,1,1,T,REG,21,9,6,T 1
37,1954-12-30,time unavailable,H,Chicago Black Hawks,7,4,W,REG,22,9,6,W 1
38,1955-01-01,time unavailable,H,Detroit Red Wings,4,1,W,REG,23,9,6,W 2
39,1955-01-02,time unavailable,@,Detroit Red Wings,2,3,L,REG,23,10,6,L 1
40,1955-01-06,time unavailable,H,Chicago Black Hawks,6,0,W,REG,24,10,6,W 1
41,1955-01-08,time unavailable,H,Boston Bruins,1,1,T,REG,24,10,7,T 1
42,1955-01-09,time unavailable,@,New York Rangers,7,1,W,REG,25,10,7,W 1
43,1955-01-15,time unavailable,H,Detroit Red Wings,3,4,L,REG,25,11,7,L 1
44,1955-01-16,time unavailable,@,Boston Bruins,0,6,L,REG,25,12,7,L 2
45,1955-01-20,time unavailable,H,Toronto Maple Leafs,6,2,W,REG,26,12,7,W 1
46,1955-01-22,time unavailable,H,Chicago Black Hawks,5,3,W,REG,27,12,7,W 2
47,1955-01-23,time unavailable,@,Chicago Black Hawks,5,3,W,REG,28,12,7,W 3
48,1955-01-26,time unavailable,@,Toronto Maple Leafs,1,1,T,REG,28,12,8,T 1
49,1955-01-29,time unavailable,H,Boston Bruins,4,0,W,REG,29,12,8,W 1
50,1955-01-30,time unavailable,@,Detroit Red Wings,1,7,L,REG,29,13,8,L 1
51,1955-02-03,time unavailable,H,Toronto Maple Leafs,3,2,W,REG,30,13,8,W 1
52,1955-02-05,time unavailable,H,New York Rangers,3,1,W,REG,31,13,8,W 2
53,1955-02-06,time unavailable,@,New York Rangers,7,3,W,REG,32,13,8,W 3
54,1955-02-09,time unavailable,@,Toronto Maple Leafs,1,3,L,REG,32,14,8,L 1
55,1955-02-13,time unavailable,@,New York Rangers,1,4,L,REG,32,15,8,L 2
56,1955-02-17,time unavailable,H,Detroit Red Wings,4,2,W,REG,33,15,8,W 1
57,1955-02-19,time unavailable,H,New York Rangers,10,2,W,REG,34,15,8,W 2
58,1955-02-24,time unavailable,H,Toronto Maple Leafs,1,1,T,REG,34,15,9,T 1
59,1955-02-26,time unavailable,H,Boston Bruins,4,1,W,REG,35,15,9,W 1
60,1955-02-27,time unavailable,@,New York Rangers,7,1,W,REG,36,15,9,W 2
61,1955-03-02,time unavailable,@,Toronto Maple Leafs,3,2,W,REG,37,15,9,W 3
62,1955-03-03,time unavailable,@,Boston Bruins,4,1,W,REG,38,15,9,W 4
63,1955-03-05,time unavailable,H,Chicago Black Hawks,4,4,T,REG,38,15,10,T 1
64,1955-03-06,time unavailable,@,Chicago Black Hawks,4,2,W,REG,39,15,10,W 1
65,1955-03-10,time unavailable,H,Toronto Maple Leafs,0,0,T,REG,39,15,11,T 1
66,1955-03-12,time unavailable,H,Boston Bruins,2,1,W,REG,40,15,11,W 1
67,1955-03-13,time unavailable,@,Boston Bruins,2,4,L,REG,40,16,11,L 1
68,1955-03-17,time unavailable,H,Detroit Red Wings,1,4,L,REG,40,17,11,L 2
69,1955-03-19,time unavailable,H,New York Rangers,4,2,W,REG,41,17,11,W 1
70,1955-03-20,time unavailable,@,Detroit Red Wings,0,6,L,REG,41,18,11,L 1

GP,Date,Time,Location,Opponent,GF,GA,Result,Game Ended In,W,L,T,Streak
1,1955-03-22,time unavailable,H,Boston Bruins,2,0,W,REG,1,0,0,W 1
2,1955-03-24,time unavailable,H,Boston Bruins,3,1,W,REG,2,0,0,W 2
3,1955-03-27,time unavailable,@,Boston Bruins,2,4,L,REG,2,1,0,L 1
4,1955-03-29,time unavailable,@,Boston Bruins,4,3,W,OT,3,1,0,W 1
5,1955-03-31,time unavailable,H,Boston Bruins,5,1,W,REG,4,1,0,W 2
6,1955-04-03,time unavailable,@,Detroit Red Wings,2,4,L,REG,4,2,0,L 1
7,1955-04-05,time unavailable,@,Detroit Red Wings,1,7,L,REG,4,3,0,L 2
8,1955-04-07,time unavailable,H,Detroit Red Wings,4,2,W,REG,5,3,0,W 1
9,1955-04-09,time unavailable,H,Detroit Red Wings,5,3,W,REG,6,3,0,W 2
10,1955-04-10,time unavailable,@,Detroit Red Wings,1,5,L,REG,6,4,0,L 1
11,1955-04-12,time unavailable,H,Detroit Red Wings,6,3,W,REG,7,4,0,W 1
12,1955-04-14,time unavailable,@,Detroit Red Wings,1,3,L,REG,7,5,0,L 1

Jim Bartlett,,20,LW,22,5-9,165,L/-,R,"May 27, 1932",ca,"0 G, 0 A, 0 P"
Jean Beliveau,,4,C,23,6-3,205,L/-,3,"August 31, 1931",ca,"37 G, 36 A, 73 P"
Andre Binette,,1,G,21,5-8,140,-/L,R,"December 2, 1933",ca,"1-0-0, 4.00 GAA"
Garry Blaine,,17,RW,21,5-11,190,R/-,R,"April 19, 1933",ca,"0 G, 0 A, 0 P"
Butch Bouchard,(C),3,D,35,6-2,205,R/-,13,"September 4, 1919",ca,"2 G, 15 A, 17 P"
Floyd Curry,,6,RW,29,5-11,174,R/-,6,"August 11, 1925",ca,"11 G, 10 A, 21 P"
Claude Evans,,1-30,G,21,5-8,165,-/L,R,"April 28, 1933",ca,"1-2-0, 3.60 GAA"
Bernie Geoffrion,,5,RW,23,5-9,166,R/-,4,"February 16, 1931",ca,"38 G, 37 A, 75 P"
Doug Harvey,,2,D,30,5-11,187,L/-,7,"December 19, 1924",ca,"6 G, 43 A, 49 P"
Charlie Hodge,,1-29,G,21,5-6,150,-/L,R,"July 28, 1933",ca,"6-4-4, 2.27 GAA"
Tom Johnson,,10,D,26,6-0,180,L/-,5,"February 18, 1928",ca,"6 G, 19 A, 25 P"
Jean-Paul Lamirande,,23,LW,30,5-8,170,R/-,3,"August 21, 1924",ca,"0 G, 0 A, 0 P"
Jackie Leclair,,8,C,25,5-10,150,L/-,R,"May 30, 1929",ca,"11 G, 22 A, 33 P"
Ed Litzenberger,,17,RW,22,6-1,174,R/-,2,"July 15, 1932",ca,"7 G, 4 A, 11 P"
Calum MacKay,,11,LW,28,5-10,178,L/-,6,"January 1, 1927",ca,"14 G, 21 A, 35 P"
Bud MacPherson,,21,D,27,6-4,200,L/-,5,"March 31, 1927",ca,"1 G, 8 A, 9 P"
Don Marshall,,22,LW,22,5-10,160,L/-,1,"March 23, 1932",ca,"5 G, 3 A, 8 P"
Paul Masnick,,22,C,23,5-9,165,R/-,4,"April 14, 1931",ca,"0 G, 1 A, 1 P"
Eddie Mazur,,23,LW,25,6-2,186,L/-,1,"July 25, 1929",ca,"1 G, 5 A, 6 P"
Paul Meger,,20,LW,25,5-7,160,L/-,4,"February 17, 1929",ca,"0 G, 4 A, 4 P"
Dickie Moore,,12,LW,24,5-10,168,L/-,3,"January 6, 1931",ca,"16 G, 20 A, 36 P"
Ken Mosdell,,18,C,32,6-1,170,L/-,11,"July 13, 1922",ca,"22 G, 32 A, 54 P"
Bert Olmstead,,15,LW,28,6-1,180,L/-,6,"September 4, 1926",ca,"10 G, 48 A, 58 P"
Jacques Plante,,1,G,26,6-0,175,-/L,2,"January 17, 1929",ca,"33-12-7, 2.14 GAA"
Maurice Richard,,9,RW,33,5-10,170,L/-,12,"August 4, 1921",ca,"38 G, 36 A, 74 P"
Paul Ronty,,14,C,26,6-0,160,L/-,7,"June 12, 1928",ca,"0 G, 0 A, 0 P"
Guy Rousseau,,24,LW,20,5-6,140,L/-,R,"December 21, 1934",ca,"0 G, 1 A, 1 P"
Dollard St. Laurent,,19,D,25,5-11,205,L/-,4,"May 12, 1929",ca,"3 G, 14 A, 17 P"
Jean-Guy Talbot,,23,D,22,5-11,170,L/-,R,"July 11, 1932",ca,"0 G, 1 A, 1 P"
Orval Tessier,,22,C,21,5-8,160,L/-,R,"June 30, 1933",ca,"0 G, 0 A, 0 P"
