Toronto Maple Leafs,TOR,nhl
1954-55,1955
32
70
4
GP,Date,Time,Location,Opponent,GF,GA,Result,Game Ended In,W,L,T,Streak
1,1954-10-07,time unavailable,@,Detroit Red Wings,1,2,L,REG,0,1,0,L 1
2,1954-10-09,time unavailable,H,Chicago Black Hawks,3,3,T,REG,0,1,1,T 1
3,1954-10-16,time unavailable,H,New York Rangers,2,4,L,REG,0,2,1,L 1
4,1954-10-17,time unavailable,@,Boston Bruins,1,1,T,REG,0,2,2,T 1
5,1954-10-21,time unavailable,@,Montreal Canadiens,3,1,W,REG,1,2,2,W 1
6,1954-10-23,time unavailable,H,Boston Bruins,3,3,T,REG,1,2,3,T 1
7,1954-10-27,time unavailable,H,Montreal Canadiens,1,3,L,REG,1,3,3,L 1
8,1954-10-30,time unavailable,H,New York Rangers,3,1,W,REG,2,3,3,W 1
9,1954-11-03,time unavailable,H,Detroit Red Wings,1,1,T,REG,2,3,4,T 1
10,1954-11-06,time unavailable,H,Chicago Black Hawks,5,2,W,REG,3,3,4,W 1
11,1954-11-07,time unavailable,@,Chicago Black Hawks,2,1,W,REG,4,3,4,W 2
12,1954-11-10,time unavailable,@,New York Rangers,2,1,W,REG,5,3,4,W 3
13,1954-11-11,time unavailable,@,Detroit Red Wings,1,0,W,REG,6,3,4,W 4
14,1954-11-13,time unavailable,H,Detroit Red Wings,1,0,W,REG,7,3,4,W 5
15,1954-11-14,time unavailable,@,Boston Bruins,3,1,W,REG,8,3,4,W 6
16,1954-11-17,time unavailable,H,Montreal Canadiens,5,2,W,REG,9,3,4,W 7
17,1954-11-18,time unavailable,@,Montreal Canadiens,4,5,L,REG,9,4,4,L 1
18,1954-11-20,time unavailable,H,Boston Bruins,0,1,L,REG,9,5,4,L 2
19,1954-11-21,time unavailable,@,New York Rangers,2,2,T,REG,9,5,5,T 1
20,1954-11-25,time unavailable,@,Detroit Red Wings,0,2,L,REG,9,6,5,L 1
21,1954-11-27,time unavailable,H,New York Rangers,3,1,W,REG,10,6,5,W 1
22,1954-11-28,time unavailable,@,Chicago Black Hawks,1,1,T,REG,10,6,6,T 1
23,1954-12-01,time unavailable,H,Boston Bruins,6,0,W,REG,11,6,6,W 1
24,1954-12-04,time unavailable,H,Detroit Red Wings,1,0,W,REG,12,6,6,W 2
25,1954-12-05,time unavailable,@,Boston Bruins,4,2,W,REG,13,6,6,W 3
26,1954-12-08,time unavailable,H,Montreal Canadiens,3,1,W,REG,14,6,6,W 4
27,1954-12-09,time unavailable,@,Montreal Canadiens,0,2,L,REG,14,7,6,L 1
28,1954-12-11,time unavailable,H,Chicago Black Hawks,1,2,L,REG,14,8,6,L 2
29,1954-12-12,time unavailable,@,New York Rangers,1,1,T,REG,14,8,7,T 1
30,1954-12-15,time unavailable,@,Chicago Black Hawks,8,3,W,REG,15,8,7,W 1
31,1954-12-18,time unavailable,H,New York Rangers,3,1,W,REG,16,8,7,W 2
32,1954-12-19,time unavailable,@,New York Rangers,3,3,T,REG,16,8,8,T 1
33,1954-12-25,time unavailable,H,Detroit Red Wings,2,3,L,REG,16,9,8,L 1
34,1954-12-26,time unavailable,@,Detroit Red Wings,1,1,T,REG,16,9,9,T 1
35,1954-12-29,time unavailable,H,Montreal Canadiens,1,1,T,REG,16,9,10,T 2
36,1954-12-30,time unavailable,@,Detroit Red Wings,1,4,L,REG,16,10,10,L 1
37,1955-01-01,time unavailable,H,Chicago Black Hawks,2,2,T,REG,16,10,11,T 1
38,1955-01-02,time unavailable,@,Chicago Black Hawks,2,3,L,REG,16,11,11,L 1
39,1955-01-05,time unavailable,H,Boston Bruins,1,2,L,REG,16,12,11,L 2
40,1955-01-08,time unavailable,H,New York Rangers,5,0,W,REG,17,12,11,W 1
41,1955-01-09,time unavailable,@,Boston Bruins,1,1,T,REG,17,12,12,T 1
42,1955-01-12,time unavailable,@,New York Rangers,0,0,T,REG,17,12,13,T 2
43,1955-01-15,time unavailable,H,Boston Bruins,4,2,W,REG,18,12,13,W 1
44,1955-01-16,time unavailable,@,Chicago Black Hawks,4,2,W,REG,19,12,13,W 2
45,1955-01-19,time unavailable,H,Chicago Black Hawks,3,3,T,REG,19,12,14,T 1
46,1955-01-20,time unavailable,@,Montreal Canadiens,2,6,L,REG,19,13,14,L 1
47,1955-01-22,time unavailable,H,Detroit Red Wings,3,1,W,REG,20,13,14,W 1
48,1955-01-23,time unavailable,@,Detroit Red Wings,0,4,L,REG,20,14,14,L 1
49,1955-01-26,time unavailable,H,Montreal Canadiens,1,1,T,REG,20,14,15,T 1
50,1955-01-29,time unavailable,H,New York Rangers,1,3,L,REG,20,15,15,L 1
51,1955-01-30,time unavailable,@,Boston Bruins,0,3,L,REG,20,16,15,L 2
52,1955-02-03,time unavailable,@,Montreal Canadiens,2,3,L,REG,20,17,15,L 3
53,1955-02-05,time unavailable,H,Chicago Black Hawks,2,2,T,REG,20,17,16,T 1
54,1955-02-06,time unavailable,@,Chicago Black Hawks,4,2,W,REG,21,17,16,W 1
55,1955-02-09,time unavailable,H,Montreal Canadiens,3,1,W,REG,22,17,16,W 2
56,1955-02-12,time unavailable,H,Detroit Red Wings,1,2,L,REG,22,18,16,L 1
57,1955-02-13,time unavailable,@,Boston Bruins,3,3,T,REG,22,18,17,T 1
58,1955-02-19,time unavailable,H,Boston Bruins,1,1,T,REG,22,18,18,T 2
59,1955-02-20,time unavailable,@,Chicago Black Hawks,1,4,L,REG,22,19,18,L 1
60,1955-02-23,time unavailable,@,New York Rangers,3,1,W,REG,23,19,18,W 1
61,1955-02-24,time unavailable,@,Montreal Canadiens,1,1,T,REG,23,19,19,T 1
62,1955-02-26,time unavailable,H,Detroit Red Wings,1,1,T,REG,23,19,20,T 2
63,1955-03-02,time unavailable,H,Montreal Canadiens,2,3,L,REG,23,20,20,L 1
64,1955-03-05,time unavailable,H,Boston Bruins,2,2,T,REG,23,20,21,T 1
65,1955-03-06,time unavailable,@,Boston Bruins,1,3,L,REG,23,21,21,L 1
66,1955-03-10,time unavailable,@,Montreal Canadiens,0,0,T,REG,23,21,22,T 1
67,1955-03-12,time unavailable,H,New York Rangers,1,2,L,REG,23,22,22,L 1
68,1955-03-13,time unavailable,@,Detroit Red Wings,1,6,L,REG,23,23,22,L 2
69,1955-03-19,time unavailable,H,Chicago Black Hawks,5,0,W,REG,24,23,22,W 1
70,1955-03-20,time unavailable,@,New York Rangers,2,3,L,REG,24,24,22,L 1

GP,Date,Time,Location,Opponent,GF,GA,Result,Game Ended In,W,L,T,Streak
1,1955-03-22,time unavailable,@,Detroit Red Wings,4,7,L,REG,0,1,0,L 1
2,1955-03-24,time unavailable,@,Detroit Red Wings,1,2,L,REG,0,2,0,L 2
3,1955-03-26,time unavailable,H,Detroit Red Wings,1,2,L,REG,0,3,0,L 3
4,1955-03-29,time unavailable,H,Detroit Red Wings,0,3,L,REG,0,4,0,L 4

George Armstrong,,15,RW,24,6-1,184,R/-,4,"July 6, 1930",ca,"10 G, 18 A, 28 P"
Bob Bailey,,23,RW,23,5-11,180,R/-,1,"May 29, 1931",ca,"4 G, 2 A, 6 P"
Leo Boivin,,18,D,22,5-8,183,L/-,3,"August 2, 1932",ca,"0 G, 0 A, 0 P"
Hugh Bolton,,4-19,D,25,6-3,186,L/-,5,"April 15, 1929",ca,"2 G, 19 A, 21 P"
Jack Caffery,,25,C,20,6-0,165,R/-,R,"June 30, 1934",ca,"0 G, 0 A, 0 P"
Larry Cahan,,20,D,21,6-2,222,R/-,R,"December 25, 1933",ca,"0 G, 6 A, 6 P"
Dave Creighton,,23,C,24,6-1,195,L/-,6,"June 24, 1930",ca,"2 G, 1 A, 3 P"
Brian Cullen,,18,C,21,5-10,160,L/-,R,"November 11, 1933",ca,"3 G, 5 A, 8 P"
Dick Duff,,17,LW,18,5-9,166,L/-,R,"February 18, 1936",ca,"0 G, 0 A, 0 P"
Gerry Foley,,11,RW,22,5-11,165,R/-,R,"September 22, 1932",us,"0 G, 0 A, 0 P"
Gord Hannigan,,22,C,26,5-8,155,L/-,2,"January 19, 1929",ca,"0 G, 2 A, 2 P"
Tim Horton,,7,D,25,5-10,180,R/-,4,"January 12, 1930",ca,"5 G, 9 A, 14 P"
Gerry James,,19,RW,20,5-11,185,R/-,R,"October 22, 1934",ca,"0 G, 0 A, 0 P"
Ted Kennedy,(C),10,C,29,5-10,170,R/-,12,"December 12, 1925",ca,"10 G, 42 A, 52 P"
Joe Klukay,,17,LW,32,6-0,182,L/-,8,"November 6, 1922",ca,"8 G, 8 A, 16 P"
Paul Knox,,11,RW,21,5-10,160,R/-,R,"November 23, 1933",ca,"0 G, 0 A, 0 P"
Harry Lumley,,1,G,28,6-0,195,-/L,11,"November 11, 1926",ca,"23-24-22, 1.94 GAA"
Parker MacDonald,,21,LW,21,5-11,160,L/-,1,"June 14, 1933",ca,"8 G, 3 A, 11 P"
Willie Marshall,,24,C,23,5-10,165,L/-,1,"December 1, 1931",ca,"1 G, 4 A, 5 P"
Gilles Mayer,,1,G,24,5-6,135,-/L,2,"August 24, 1930",ca,"1-0-0, 1.00 GAA"
Rudy Migay,,14,C,26,5-6,150,L/-,4,"November 18, 1928",ca,"8 G, 16 A, 24 P"
Jim Morrison,,3,D,23,5-10,183,L/-,3,"October 11, 1931",ca,"5 G, 12 A, 17 P"
Eric Nesterenko,,16,RW,21,6-2,197,R/-,3,"October 31, 1933",ca,"15 G, 15 A, 30 P"
Marc Reaume,,25,D,20,6-1,185,L/-,R,"February 7, 1934",ca,"0 G, 0 A, 0 P"
Dave Reid,,18,C,21,6-2,180,L/-,1,"January 11, 1934",ca,"0 G, 0 A, 0 P"
Tod Sloan,,11,C,27,5-10,152,R/-,6,"November 30, 1927",ca,"13 G, 15 A, 28 P"
Sid Smith,,8,LW,29,5-10,173,L/-,8,"July 11, 1925",ca,"33 G, 21 A, 54 P"
Bob Solinger,,25,LW,29,5-9,170,L/-,3,"December 23, 1925",ca,"1 G, 5 A, 6 P"
Ron Stewart,,12,RW,22,6-1,197,R/-,2,"July 11, 1932",ca,"14 G, 5 A, 19 P"
Jimmy Thomson,,2,D,27,5-11,175,R/-,9,"February 23, 1927",ca,"4 G, 12 A, 16 P"
Ray Timgren,,23,LW,26,5-9,150,L/-,5,"September 29, 1928",ca,"0 G, 0 A, 0 P"
Harry Watson,,4,LW,31,6-1,207,L/-,11,"May 6, 1923",ca,"1 G, 1 A, 2 P"
