Chicago Black Hawks,CBH,nhl
1965-66,1966
24
70
6
GP,Date,Time,Location,Opponent,GF,GA,Result,Game Ended In,W,L,T,Streak
1,1965-10-23,time unavailable,@,Toronto Maple Leafs,4,0,W,REG,1,0,0,W 1
2,1965-10-24,time unavailable,@,Boston Bruins,6,2,W,REG,2,0,0,W 2
3,1965-10-28,time unavailable,@,Detroit Red Wings,5,1,W,REG,3,0,0,W 3
4,1965-10-30,time unavailable,@,Montreal Canadiens,6,4,W,REG,4,0,0,W 4
5,1965-11-03,time unavailable,H,Boston Bruins,2,2,T,REG,4,0,1,T 1
6,1965-11-07,time unavailable,H,Toronto Maple Leafs,9,0,W,REG,5,0,1,W 1
7,1965-11-10,time unavailable,H,Detroit Red Wings,5,2,W,REG,6,0,1,W 2
8,1965-11-13,time unavailable,H,Montreal Canadiens,2,5,L,REG,6,1,1,L 1
9,1965-11-14,time unavailable,H,New York Rangers,2,4,L,REG,6,2,1,L 2
10,1965-11-17,time unavailable,@,New York Rangers,5,3,W,REG,7,2,1,W 1
11,1965-11-20,time unavailable,@,Toronto Maple Leafs,1,3,L,REG,7,3,1,L 1
12,1965-11-21,time unavailable,H,Toronto Maple Leafs,3,7,L,REG,7,4,1,L 2
13,1965-11-23,time unavailable,@,Detroit Red Wings,3,2,W,REG,8,4,1,W 1
14,1965-11-25,time unavailable,H,Detroit Red Wings,3,1,W,REG,9,4,1,W 2
15,1965-11-27,time unavailable,@,New York Rangers,1,0,W,REG,10,4,1,W 3
16,1965-11-28,time unavailable,H,Montreal Canadiens,1,2,L,REG,10,5,1,L 1
17,1965-12-01,time unavailable,H,Boston Bruins,4,2,W,REG,11,5,1,W 1
18,1965-12-04,time unavailable,@,Boston Bruins,10,1,W,REG,12,5,1,W 2
19,1965-12-05,time unavailable,@,New York Rangers,6,2,W,REG,13,5,1,W 3
20,1965-12-08,time unavailable,H,New York Rangers,2,2,T,REG,13,5,2,T 1
21,1965-12-11,time unavailable,@,Montreal Canadiens,1,2,L,REG,13,6,2,L 1
22,1965-12-12,time unavailable,H,Montreal Canadiens,3,5,L,REG,13,7,2,L 2
23,1965-12-15,time unavailable,H,Boston Bruins,8,4,W,REG,14,7,2,W 1
24,1965-12-18,time unavailable,@,Detroit Red Wings,1,3,L,REG,14,8,2,L 1
25,1965-12-19,time unavailable,H,Detroit Red Wings,5,4,W,REG,15,8,2,W 1
26,1965-12-22,time unavailable,H,New York Rangers,4,3,W,REG,16,8,2,W 2
27,1965-12-25,time unavailable,@,Toronto Maple Leafs,3,5,L,REG,16,9,2,L 1
28,1965-12-26,time unavailable,H,Toronto Maple Leafs,1,1,T,REG,16,9,3,T 1
29,1965-12-29,time unavailable,@,New York Rangers,3,0,W,REG,17,9,3,W 1
30,1965-12-31,time unavailable,@,Detroit Red Wings,4,1,W,REG,18,9,3,W 2
31,1966-01-02,time unavailable,H,Boston Bruins,3,1,W,REG,19,9,3,W 3
32,1966-01-05,time unavailable,@,Montreal Canadiens,4,2,W,REG,20,9,3,W 4
33,1966-01-08,time unavailable,@,New York Rangers,4,6,L,REG,20,10,3,L 1
34,1966-01-09,time unavailable,H,Toronto Maple Leafs,5,3,W,REG,21,10,3,W 1
35,1966-01-13,time unavailable,@,Boston Bruins,1,1,T,REG,21,10,4,T 1
36,1966-01-15,time unavailable,@,Montreal Canadiens,4,6,L,REG,21,11,4,L 1
37,1966-01-16,time unavailable,H,New York Rangers,5,6,L,REG,21,12,4,L 2
38,1966-01-20,time unavailable,@,Boston Bruins,3,4,L,REG,21,13,4,L 3
39,1966-01-22,time unavailable,@,Toronto Maple Leafs,0,4,L,REG,21,14,4,L 4
40,1966-01-23,time unavailable,H,Montreal Canadiens,3,3,T,REG,21,14,5,T 1
41,1966-01-26,time unavailable,@,Montreal Canadiens,4,2,W,REG,22,14,5,W 1
42,1966-01-27,time unavailable,@,Boston Bruins,3,5,L,REG,22,15,5,L 1
43,1966-01-29,time unavailable,H,Detroit Red Wings,4,4,T,REG,22,15,6,T 1
44,1966-01-30,time unavailable,@,Detroit Red Wings,5,1,W,REG,23,15,6,W 1
45,1966-02-02,time unavailable,H,New York Rangers,4,3,W,REG,24,15,6,W 2
46,1966-02-05,time unavailable,@,Toronto Maple Leafs,2,5,L,REG,24,16,6,L 1
47,1966-02-06,time unavailable,H,Toronto Maple Leafs,3,2,W,REG,25,16,6,W 1
48,1966-02-09,time unavailable,H,Detroit Red Wings,2,1,W,REG,26,16,6,W 2
49,1966-02-12,time unavailable,H,Montreal Canadiens,2,2,T,REG,26,16,7,T 1
50,1966-02-13,time unavailable,H,New York Rangers,6,1,W,REG,27,16,7,W 1
51,1966-02-16,time unavailable,@,New York Rangers,5,2,W,REG,28,16,7,W 2
52,1966-02-19,time unavailable,@,Montreal Canadiens,2,5,L,REG,28,17,7,L 1
53,1966-02-20,time unavailable,H,Boston Bruins,5,1,W,REG,29,17,7,W 1
54,1966-02-23,time unavailable,H,Toronto Maple Leafs,2,3,L,REG,29,18,7,L 1
55,1966-02-26,time unavailable,@,Detroit Red Wings,4,1,W,REG,30,18,7,W 1
56,1966-02-27,time unavailable,H,Boston Bruins,7,1,W,REG,31,18,7,W 2
57,1966-03-02,time unavailable,H,Detroit Red Wings,5,4,W,REG,32,18,7,W 3
58,1966-03-05,time unavailable,@,Toronto Maple Leafs,0,5,L,REG,32,19,7,L 1
59,1966-03-06,time unavailable,H,Montreal Canadiens,0,1,L,REG,32,20,7,L 2
60,1966-03-09,time unavailable,@,New York Rangers,0,1,L,REG,32,21,7,L 3
61,1966-03-12,time unavailable,H,New York Rangers,4,2,W,REG,33,21,7,W 1
62,1966-03-13,time unavailable,H,Toronto Maple Leafs,5,1,W,REG,34,21,7,W 2
63,1966-03-16,time unavailable,H,Detroit Red Wings,4,1,W,REG,35,21,7,W 3
64,1966-03-19,time unavailable,@,Toronto Maple Leafs,2,4,L,REG,35,22,7,L 1
65,1966-03-20,time unavailable,H,Montreal Canadiens,4,2,W,REG,36,22,7,W 1
66,1966-03-23,time unavailable,@,Boston Bruins,1,3,L,REG,36,23,7,L 1
67,1966-03-27,time unavailable,@,Detroit Red Wings,1,1,T,REG,36,23,8,T 1
68,1966-03-29,time unavailable,H,Boston Bruins,4,2,W,REG,37,23,8,W 1
69,1966-04-02,time unavailable,@,Montreal Canadiens,3,8,L,REG,37,24,8,L 1
70,1966-04-03,time unavailable,@,Boston Bruins,2,4,L,REG,37,25,8,L 2

GP,Date,Time,Location,Opponent,GF,GA,Result,Game Ended In,W,L,T,Streak
1,1966-04-07,time unavailable,H,Detroit Red Wings,2,1,W,REG,1,0,0,W 1
2,1966-04-10,time unavailable,H,Detroit Red Wings,0,7,L,REG,1,1,0,L 1
3,1966-04-12,time unavailable,@,Detroit Red Wings,2,1,W,REG,2,1,0,W 1
4,1966-04-14,time unavailable,@,Detroit Red Wings,1,5,L,REG,2,2,0,L 1
5,1966-04-17,time unavailable,H,Detroit Red Wings,3,5,L,REG,2,3,0,L 2
6,1966-04-19,time unavailable,@,Detroit Red Wings,2,3,L,REG,2,4,0,L 3

Lou Angotti,,6,C,28,5-9,170,R/-,1,"January 16, 1938",ca,"4 G, 10 A, 14 P"
Dave Dryden,,30,G,24,6-1,186,-/L,1,"September 5, 1941",ca,"3-4-1, 3.05 GAA"
Phil Esposito,,7,C,23,6-1,205,L/-,2,"February 20, 1942",ca,"27 G, 26 A, 53 P"
Glenn Hall,,1,G,34,5-11,180,-/L,12,"October 3, 1931",ca,"34-21-7, 2.63 GAA"
Bill Hay,,8,C,30,6-3,190,L/-,6,"December 9, 1935",ca,"20 G, 31 A, 51 P"
Ken Hodge,,14,RW,21,6-2,210,R/-,1,"June 25, 1944",gb,"6 G, 17 A, 23 P"
Bobby Hull,,9,LW,27,5-10,195,L/-,8,"January 3, 1939",ca,"54 G, 43 A, 97 P"
Dennis Hull,,10,LW,21,5-11,198,L/-,1,"November 19, 1944",ca,"1 G, 5 A, 6 P"
Doug Jarrett,,20,D,21,6-3,205,L/-,1,"April 22, 1944",ca,"4 G, 12 A, 16 P"
Len Lunde,,18,C,29,6-1,194,R/-,5,"November 13, 1936",ca,"4 G, 7 A, 11 P"
Al MacNeil,,19,D,30,5-10,183,L/-,8,"September 27, 1935",ca,"0 G, 1 A, 1 P"
Chico Maki,,16,RW,26,5-10,170,R/-,4,"August 17, 1939",ca,"17 G, 31 A, 48 P"
Stan Mikita,,21,C,25,5-9,169,R/-,7,"May 20, 1940",cs,"30 G, 48 A, 78 P"
John Miszuk,,22,D,25,6-1,192,L/-,1,"September 29, 1940",pl,"1 G, 1 A, 2 P"
Doug Mohns,,11,LW,32,6-0,185,L/-,12,"December 13, 1933",ca,"22 G, 27 A, 49 P"
Eric Nesterenko,,15,RW,32,6-2,197,R/-,14,"October 31, 1933",ca,"15 G, 25 A, 40 P"
Pierre Pilote,(C),3,D,34,5-10,178,L/-,10,"December 11, 1931",ca,"2 G, 34 A, 36 P"
Matt Ravlich,,5,D,27,5-10,185,L/-,2,"July 12, 1938",ca,"0 G, 16 A, 16 P"
Dave Richardson,,6,LW,25,5-9,175,L/-,2,"December 11, 1940",ca,"0 G, 0 A, 0 P"
Fred Stanfield,,18,LW,21,5-10,185,L/-,1,"May 4, 1944",ca,"2 G, 2 A, 4 P"
Pat Stapleton,,12,D,25,5-8,180,L/-,2,"July 4, 1940",ca,"4 G, 30 A, 34 P"
Art Stratton,,10,C,30,5-11,170,L/-,2,"October 8, 1935",ca,"0 G, 0 A, 0 P"
Moose Vasko,,4,D,30,6-2,200,L/-,9,"December 11, 1935",ca,"1 G, 7 A, 8 P"
Kenny Wharram,,17,RW,32,5-9,160,R/-,10,"July 2, 1933",ca,"26 G, 17 A, 43 P"
