Wellesley Ice Hockey,spring2009,Ice Hockey: Wellesley Ice Hockey (All Star Non-Contact)
6,6,6,0,0
Wed May 27 @ 9:00 pm,Columbia Icefield Arena,lost,2,8,2,Worriers
Wed Jun 10 @ 10:00 pm,Columbia Icefield Arena,lost,0,6,4,All Star Indies 01
Wed Jun 17 @ 7:00 pm,Columbia Icefield Arena,lost,0,3,0,Worriers
Wed Jun 24 @ 9:00 pm,Columbia Icefield Arena,lost,1,3,4,All Star Indies 01
Sun Jun 28 @ 10:00 am,Columbia Icefield Arena,lost,0,3,-2,St. Pats HC
Wed Jul 8 @ 8:00 pm,Columbia Icefield Arena,lost,0,6,3,St. Pats HC

Soo Cho,Jay Foster,Jason Hill,Benjamin McKague,Alex Mommersteeg,Travis Moody,Gregory O’Grady,M. Curtis Strome,Luke Turcotte,This team has been disqualified from participating in the playoffs.,Philip Malinas
