All Star Indies 01,spring2009,Ice Hockey: All Star Indies 01 (All Star Non-Contact)
8,6,6,2,2
Sun May 24 @ 10:00 pm,Columbia Icefield Arena,won,4,1,2,Two Four
Wed May 27 @ 10:00 pm,Columbia Icefield Arena,tie,1,1,2,St. Pats HC
Wed Jun 10 @ 10:00 pm,Columbia Icefield Arena,won,6,0,4,Wellesley Ice Hockey
Wed Jun 24 @ 9:00 pm,Columbia Icefield Arena,won,3,1,4,Wellesley Ice Hockey
Sun Jul 5 @ 9:00 pm,Columbia Icefield Arena,won,2,1,3,Reservoir Dogs
Sun Jul 5 @ 10:00 pm,Columbia Icefield Arena,won,3,1,3,Two Four
Sun Jul 26 @ 10:00 pm,Columbia Icefield Arena,won,2,1,1,St. Pats HC
Wed Jul 29 @ 10:00 pm,Columbia Icefield Arena,lost,0,3,1,Worriers

Reno Genest,Matthew Harrison,Alexander Hunt,Matthew Kritzer,Michael Miniou,Matthew Piazza,Bryan Scheier,Michel Simard,Matthew Small,Michael Tribou,Benjamin Willis-Leake
