INFO:
teamName,H on our Block
teamAbbreviation,H on our Block
sportId,n/a
sportName,n/a
sportRules,n/a
leagueId,watMu
levelId,n/a
seasonName,n/a
seasonId,n/a
Roster Size,11
Season Games Played,6
Playoff Round Lengths,1,1
END_INFO

SEASON:
Date/Time,Location,Opposing Team,Score,S.O.C.
Thu Sep 30 @ 5:00 pm,Village Green,Dirty Birds,won 35 - 42,3
Sat Oct 2 @ 6:00 pm,Village Green,Advanced Indys 2,won 35 - 0,1
Sat Oct 16 @ 3:00 pm,Village Green,The Tight Ends,won 35 - 0,3
Sat Oct 16 @ 4:00 pm,Village Green,Hoof Hearted,won 63 - 49,3
Thu Oct 21 @ 5:00 pm,Village Green,Advanced Indys 1,won 49 - 21,4
Sat Oct 30 @ 11:00 am,Village Green,Callahan Auto Parts,won 35 - 0,2
END_SEASON

PLAYOFFS:
Date/Time,Location,Opposing Team,Score,S.O.C.
Sat Nov 6 @ 5:00 pm,Village Green,Dirty Birds,won 70 - 42,2
Sat Nov 13 @ 4:00 pm,Village Green,Advanced Indys 2,won 77 - 63,2
END_PLAYOFFS

ROSTER:
Player,Captaincy,uwaterloo_email
Craig Zeeh,(C),crzeeh@uwaterloo.ca
Bryan Chatten,,
Tomson Hecky,,
Luan Hyseni,,
Jeffrey Labahn,,
Bashir Moallim,,
Philip Proschek,,
Geoff Takasaki,,
Parthan Thangaraj,,
Toppy Vongvilaysone,,
Athar Zia,,
END_ROSTER
