INFO:
teamName,The Tight Ends
teamAbbreviation,The Tight Ends
sportId,n/a
sportName,n/a
sportRules,n/a
leagueId,watMu
levelId,n/a
seasonName,n/a
seasonId,n/a
Roster Size,11
Season Games Played,6
Playoff Round Lengths,1
END_INFO

SEASON:
Date/Time,Location,Opposing Team,Score,S.O.C.
Thu Sep 23 @ 3:00 pm,Village Green,Dirty Birds,lost 35 - 0,2
Sat Sep 25 @ 5:00 pm,Village Green,Advanced Indys 2,lost 0 - 35,4
Sat Oct 16 @ 3:00 pm,Village Green,H on our Block,lost 35 - 0,4
Sat Oct 23 @ 3:00 pm,Village Green,Callahan Auto Parts,lost 21 - 56,4
Sat Oct 30 @ 1:00 pm,Village Green,Advanced Indys 1,lost 0 - 35,4
Sat Oct 30 @ 2:00 pm,Village Green,Hoof Hearted,lost 35 - 0,4
END_SEASON

PLAYOFFS:
Date/Time,Location,Opposing Team,Score,S.O.C.
Sat Nov 6 @ 4:00 pm,Village Green,Advanced Indys 2,lost 63 - 21,2
END_PLAYOFFS

ROSTER:
Player,Captaincy,uwaterloo_email
Michael Milewski,(C),mike_sike888@hotmail.com
Mark Agsalog,,
Grant Bakker,,
Christian Brum,,
Edwin Corona Aparicio,,
Bryan Dizon,,
Drew Gertz,,
Patrick Jankowski,,
Saifallah Radwan,,
Daniel Silye,,
Jacob Simon,,
END_ROSTER
