INFO:
teamName,Callahan Auto Parts
teamAbbreviation,Callahan Auto Parts
sportId,n/a
sportName,n/a
sportRules,n/a
leagueId,watMu
levelId,n/a
seasonName,n/a
seasonId,n/a
Roster Size,9
Season Games Played,6
Playoff Round Lengths,1,1
END_INFO

SEASON:
Date/Time,Location,Opposing Team,Score,S.O.C.
Sat Sep 25 @ 4:00 pm,Village Green,Advanced Indys 1,won 56 - 28,4
Sat Oct 2 @ 3:00 pm,Village Green,Hoof Hearted,won 35 - 21,3
Sat Oct 2 @ 5:00 pm,Village Green,Advanced Indys 2,won 21 - 42,4
Sat Oct 16 @ 5:00 pm,Village Green,Dirty Birds,lost 14 - 0,-2
Sat Oct 23 @ 3:00 pm,Village Green,The Tight Ends,won 21 - 56,4
Sat Oct 30 @ 11:00 am,Village Green,H on our Block,lost 35 - 0,4
END_SEASON

PLAYOFFS:
Date/Time,Location,Opposing Team,Score,S.O.C.
Sat Nov 6 @ 3:00 pm,Village Green,Hoof Hearted,won 63 - 56,2
Sat Nov 13 @ 2:00 pm,Village Green,Advanced Indys 2,lost 49 - 63,1
END_PLAYOFFS

ROSTER:
Player,Captaincy,uwaterloo_email
Peter Benson,(C),p.benson@yahoo.com
Haseel Bhatt,,
Blake Cross,,
Luke Demeter,,
Paul Grant,,
Benjamin Kowba,,
Gary Mangan,,
Derek McCubbin,,
Bryan Picco,,
END_ROSTER
