INFO:
teamName,Hoof Hearted
teamAbbreviation,Hoof Hearted
sportId,n/a
sportName,n/a
sportRules,n/a
leagueId,watMu
levelId,n/a
seasonName,n/a
seasonId,n/a
Roster Size,11
Season Games Played,6
Playoff Round Lengths,1
END_INFO

SEASON:
Date/Time,Location,Opposing Team,Score,S.O.C.
Sat Sep 25 @ 6:00 pm,Village Green,Advanced Indys 2,lost 35 - 42,4
Sat Oct 2 @ 3:00 pm,Village Green,Callahan Auto Parts,lost 35 - 21,3
Sat Oct 2 @ 4:00 pm,Village Green,Advanced Indys 1,won 0 - 35,4
Sat Oct 16 @ 4:00 pm,Village Green,H on our Block,lost 63 - 49,3
Sat Oct 23 @ 2:00 pm,Village Green,Dirty Birds,lost 29 - 70,3
Sat Oct 30 @ 2:00 pm,Village Green,The Tight Ends,won 35 - 0,4
END_SEASON

PLAYOFFS:
Date/Time,Location,Opposing Team,Score,S.O.C.
Sat Nov 6 @ 3:00 pm,Village Green,Callahan Auto Parts,lost 63 - 56,2
END_PLAYOFFS

ROSTER:
Player,Captaincy,uwaterloo_email
Noah Bates,(C),noahbates@gmail.com
Jason Amadio,,
Gregory Becotte,,
Aaron Butler,,
Anthony Douris,,
Ahmed El-Moustehy,,
Peter Holder,,
Jason Miron,,
Ben Norris,,
Parth Patel,,
Jeffrey Trinh,,
END_ROSTER
