INFO:
teamName,Dirty Birds
teamAbbreviation,Dirty Birds
sportId,n/a
sportName,n/a
sportRules,n/a
leagueId,watMu
levelId,n/a
seasonName,n/a
seasonId,n/a
Roster Size,9
Season Games Played,6
Playoff Round Lengths,1,1
END_INFO

SEASON:
Date/Time,Location,Opposing Team,Score,S.O.C.
Thu Sep 23 @ 3:00 pm,Village Green,The Tight Ends,won 35 - 0,2
Thu Sep 30 @ 5:00 pm,Village Green,H on our Block,lost 35 - 42,4
Thu Oct 14 @ 5:00 pm,Village Green,Advanced Indys 1,lost 43 - 63,4
Sat Oct 16 @ 5:00 pm,Village Green,Callahan Auto Parts,won 14 - 0,avg.
Sat Oct 23 @ 2:00 pm,Village Green,Hoof Hearted,won 29 - 70,4
Sat Oct 30 @ 12:00 pm,Village Green,Advanced Indys 2,lost 0 - 14,2
END_SEASON

PLAYOFFS:
Date/Time,Location,Opposing Team,Score,S.O.C.
Thu Nov 4 @ 5:00 pm,Village Green,Advanced Indys 1,won 49 - 42,1
Sat Nov 6 @ 5:00 pm,Village Green,H on our Block,lost 70 - 42,2
END_PLAYOFFS

ROSTER:
Player,Captaincy,uwaterloo_email
Alexander Mueller,(C),aamuelle@fesmail.uwaterloo.ca
Brent Cave,,
Matthew Leonard,,
Emir Mandzuka,,
Erwin-Michael Melocoton,,
Eric Mueller,,
Andrew Palmer,,
Corey Simmons,,
Michael Steffler,,
END_ROSTER
