INFO:
teamName,Advanced Indys 1
teamAbbreviation,Advanced Indys 1
sportId,n/a
sportName,n/a
sportRules,n/a
leagueId,watMu
levelId,n/a
seasonName,n/a
seasonId,n/a
Roster Size,9
Season Games Played,6
Playoff Round Lengths,1
END_INFO

SEASON:
Date/Time,Location,Opposing Team,Score,S.O.C.
Sat Sep 25 @ 4:00 pm,Village Green,Callahan Auto Parts,lost 56 - 28,4
Sat Oct 2 @ 4:00 pm,Village Green,Hoof Hearted,lost 0 - 35,4
Thu Oct 14 @ 5:00 pm,Village Green,Dirty Birds,won 43 - 63,4
Thu Oct 21 @ 5:00 pm,Village Green,H on our Block,lost 49 - 21,4
Sat Oct 23 @ 4:00 pm,Village Green,Advanced Indys 2,lost 28 - 35,2
Sat Oct 30 @ 1:00 pm,Village Green,The Tight Ends,won 0 - 35,4
END_SEASON

PLAYOFFS:
Date/Time,Location,Opposing Team,Score,S.O.C.
Thu Nov 4 @ 5:00 pm,Village Green,Dirty Birds,lost 49 - 42,0
END_PLAYOFFS

ROSTER:
Player,Captaincy,uwaterloo_email
Kyle Arnott,,
Craig Casier,,
Wei Wei Chen,,
Harry Kim,,
Andrew McConvey,,
Adam Stewart,,
Andrew Strauss,,
Ketheisan Vigneshwaran,,
Patrick Whelan,,
END_ROSTER
