INFO:
teamName,Advanced Indys 2
teamAbbreviation,Advanced Indys 2
sportId,n/a
sportName,n/a
sportRules,n/a
leagueId,watMu
levelId,n/a
seasonName,n/a
seasonId,n/a
Roster Size,9
Season Games Played,6
Playoff Round Lengths,1,1,1
END_INFO

SEASON:
Date/Time,Location,Opposing Team,Score,S.O.C.
Sat Sep 25 @ 5:00 pm,Village Green,The Tight Ends,won 0 - 35,3
Sat Sep 25 @ 6:00 pm,Village Green,Hoof Hearted,won 35 - 42,4
Sat Oct 2 @ 5:00 pm,Village Green,Callahan Auto Parts,lost 21 - 42,4
Sat Oct 2 @ 6:00 pm,Village Green,H on our Block,lost 35 - 0,4
Sat Oct 23 @ 4:00 pm,Village Green,Advanced Indys 1,won 28 - 35,2
Sat Oct 30 @ 12:00 pm,Village Green,Dirty Birds,won 0 - 14,2
END_SEASON

PLAYOFFS:
Date/Time,Location,Opposing Team,Score,S.O.C.
Sat Nov 6 @ 4:00 pm,Village Green,The Tight Ends,won 63 - 21,2
Sat Nov 13 @ 2:00 pm,Village Green,Callahan Auto Parts,won 49 - 63,2
Sat Nov 13 @ 4:00 pm,Village Green,H on our Block,lost 77 - 63,2
END_PLAYOFFS

ROSTER:
Player,Captaincy,uwaterloo_email
Branden Bouchard,,
Blake Fletcher,,
Matthew Glibota,,
Adam Mace,,
Andrew Mallon,,
Adrian Marks,,
William Sawyer,,
William Schiller,,
Johnathan Stevenson,,
END_ROSTER
