Chicago Black Hawks,CBH,nhl
1953-54,1954
32
70
0
GP,Date,Time,Location,Opponent,GF,GA,Result,Game Ended In,W,L,T,Streak
1,1953-10-08,time unavailable,@,Montreal Canadiens,0,3,L,REG,0,1,0,L 1
2,1953-10-10,time unavailable,@,Toronto Maple Leafs,2,6,L,REG,0,2,0,L 2
3,1953-10-11,time unavailable,H,New York Rangers,3,5,L,REG,0,3,0,L 3
4,1953-10-16,time unavailable,H,Detroit Red Wings,2,2,T,REG,0,3,1,T 1
5,1953-10-17,time unavailable,@,Detroit Red Wings,1,2,L,REG,0,4,1,L 1
6,1953-10-18,time unavailable,H,Toronto Maple Leafs,1,2,L,REG,0,5,1,L 2
7,1953-10-22,time unavailable,H,Montreal Canadiens,2,3,L,REG,0,6,1,L 3
8,1953-10-25,time unavailable,H,Boston Bruins,3,4,L,REG,0,7,1,L 4
9,1953-10-28,time unavailable,@,New York Rangers,6,1,W,REG,1,7,1,W 1
10,1953-10-31,time unavailable,H,Montreal Canadiens,1,0,W,REG,2,7,1,W 2
11,1953-11-01,time unavailable,H,Boston Bruins,0,0,T,REG,2,7,2,T 1
12,1953-11-04,time unavailable,@,Toronto Maple Leafs,1,3,L,REG,2,8,2,L 1
13,1953-11-05,time unavailable,@,Boston Bruins,2,4,L,REG,2,9,2,L 2
14,1953-11-07,time unavailable,H,New York Rangers,1,3,L,REG,2,10,2,L 3
15,1953-11-08,time unavailable,H,Toronto Maple Leafs,1,2,L,REG,2,11,2,L 4
16,1953-11-11,time unavailable,@,New York Rangers,2,3,L,REG,2,12,2,L 5
17,1953-11-12,time unavailable,@,Montreal Canadiens,2,4,L,REG,2,13,2,L 6
18,1953-11-14,time unavailable,@,Montreal Canadiens,3,2,W,REG,3,13,2,W 1
19,1953-11-15,time unavailable,H,Montreal Canadiens,2,2,T,REG,3,13,3,T 1
20,1953-11-18,time unavailable,@,New York Rangers,1,3,L,REG,3,14,3,L 1
21,1953-11-20,time unavailable,H,Boston Bruins,0,2,L,REG,3,15,3,L 2
22,1953-11-22,time unavailable,H,Toronto Maple Leafs,1,5,L,REG,3,16,3,L 3
23,1953-11-26,time unavailable,H,Montreal Canadiens,3,6,L,REG,3,17,3,L 4
24,1953-11-28,time unavailable,@,Detroit Red Wings,0,9,L,REG,3,18,3,L 5
25,1953-11-29,time unavailable,H,Detroit Red Wings,4,9,L,REG,3,19,3,L 6
26,1953-12-02,time unavailable,@,New York Rangers,3,3,T,REG,3,19,4,T 1
27,1953-12-03,time unavailable,@,Boston Bruins,1,3,L,REG,3,20,4,L 1
28,1953-12-05,time unavailable,H,New York Rangers,2,1,W,REG,4,20,4,W 1
29,1953-12-06,time unavailable,@,Detroit Red Wings,5,0,W,REG,5,20,4,W 2
30,1953-12-10,time unavailable,@,Montreal Canadiens,3,5,L,REG,5,21,4,L 1
31,1953-12-12,time unavailable,@,Toronto Maple Leafs,0,2,L,REG,5,22,4,L 2
32,1953-12-13,time unavailable,H,Boston Bruins,2,2,T,REG,5,22,5,T 1
33,1953-12-17,time unavailable,@,Detroit Red Wings,1,5,L,REG,5,23,5,L 1
34,1953-12-18,time unavailable,H,Detroit Red Wings,1,3,L,REG,5,24,5,L 2
35,1953-12-20,time unavailable,H,Toronto Maple Leafs,4,1,W,REG,6,24,5,W 1
36,1953-12-25,time unavailable,@,Boston Bruins,1,4,L,REG,6,25,5,L 1
37,1953-12-27,time unavailable,@,New York Rangers,4,1,W,REG,7,25,5,W 1
38,1954-01-01,time unavailable,H,Detroit Red Wings,4,2,W,REG,8,25,5,W 2
39,1954-01-02,time unavailable,@,Toronto Maple Leafs,0,4,L,REG,8,26,5,L 1
40,1954-01-06,time unavailable,@,New York Rangers,3,4,L,REG,8,27,5,L 2
41,1954-01-09,time unavailable,@,Montreal Canadiens,1,12,L,REG,8,28,5,L 3
42,1954-01-10,time unavailable,@,Boston Bruins,3,5,L,REG,8,29,5,L 4
43,1954-01-13,time unavailable,@,Toronto Maple Leafs,1,2,L,REG,8,30,5,L 5
44,1954-01-14,time unavailable,H,New York Rangers,0,2,L,REG,8,31,5,L 6
45,1954-01-17,time unavailable,H,Toronto Maple Leafs,1,3,L,REG,8,32,5,L 7
46,1954-01-21,time unavailable,H,Boston Bruins,2,3,L,REG,8,33,5,L 8
47,1954-01-23,time unavailable,@,Montreal Canadiens,1,5,L,REG,8,34,5,L 9
48,1954-01-24,time unavailable,H,Montreal Canadiens,8,3,W,REG,9,34,5,W 1
49,1954-01-28,time unavailable,@,Boston Bruins,2,3,L,REG,9,35,5,L 1
50,1954-01-30,time unavailable,@,Detroit Red Wings,2,4,L,REG,9,36,5,L 2
51,1954-01-31,time unavailable,H,Detroit Red Wings,1,5,L,REG,9,37,5,L 3
52,1954-02-04,time unavailable,H,New York Rangers,2,3,L,REG,9,38,5,L 4
53,1954-02-06,time unavailable,@,Toronto Maple Leafs,0,6,L,REG,9,39,5,L 5
54,1954-02-07,time unavailable,H,Toronto Maple Leafs,2,1,W,REG,10,39,5,W 1
55,1954-02-11,time unavailable,H,Montreal Canadiens,2,2,T,REG,10,39,6,T 1
56,1954-02-14,time unavailable,H,Detroit Red Wings,0,5,L,REG,10,40,6,L 1
57,1954-02-15,time unavailable,@,Detroit Red Wings,2,3,L,REG,10,41,6,L 2
58,1954-02-19,time unavailable,H,New York Rangers,0,3,L,REG,10,42,6,L 3
59,1954-02-21,time unavailable,H,Boston Bruins,3,4,L,REG,10,43,6,L 4
60,1954-02-25,time unavailable,H,Detroit Red Wings,2,3,L,REG,10,44,6,L 5
61,1954-02-27,time unavailable,@,Toronto Maple Leafs,2,4,L,REG,10,45,6,L 6
62,1954-02-28,time unavailable,H,Toronto Maple Leafs,2,1,W,REG,11,45,6,W 1
63,1954-03-05,time unavailable,H,New York Rangers,0,0,T,REG,11,45,7,T 1
64,1954-03-07,time unavailable,@,Boston Bruins,0,6,L,REG,11,46,7,L 1
65,1954-03-10,time unavailable,@,New York Rangers,2,4,L,REG,11,47,7,L 2
66,1954-03-11,time unavailable,@,Detroit Red Wings,2,6,L,REG,11,48,7,L 3
67,1954-03-13,time unavailable,@,Montreal Canadiens,0,4,L,REG,11,49,7,L 4
68,1954-03-14,time unavailable,H,Montreal Canadiens,0,6,L,REG,11,50,7,L 5
69,1954-03-19,time unavailable,H,Boston Bruins,7,0,W,REG,12,50,7,W 1
70,1954-03-21,time unavailable,@,Boston Bruins,5,9,L,REG,12,51,7,L 1

Time,Location,Result,Game Ended In

Sid Abel,,20,C,35,5-11,170,L/-,13,"February 22, 1918",ca,"0 G, 0 A, 0 P"
Gus Bodnar,,12,C,30,5-11,160,R/-,10,"April 24, 1923",ca,"6 G, 15 A, 21 P"
Pete Conacher,,9,LW,21,5-10,165,L/-,2,"July 29, 1932",ca,"19 G, 9 A, 28 P"
Murray Costello,,20,C,19,6-3,190,R/-,R,"February 24, 1934",ca,"3 G, 2 A, 5 P"
Gerry Couture,,15,RW,28,6-2,185,R/-,8,"August 6, 1925",ca,"6 G, 5 A, 11 P"
Al Dewsbury,,5,D,27,6-2,202,L/-,5,"April 12, 1926",ca,"6 G, 15 A, 21 P"
Sid Finney,,14,RW,24,5-11,160,L/-,2,"May 1, 1929",ie,"0 G, 0 A, 0 P"
Lee Fogolin,,3,D,27,5-11,195,L/-,5,"February 27, 1926",ca,"0 G, 1 A, 1 P"
Bill Gadsby,(C),4,D,26,6-0,180,L/-,7,"August 8, 1927",ca,"12 G, 29 A, 41 P"
George Gee,,17,LW,31,5-11,180,L/-,8,"June 28, 1922",ca,"10 G, 16 A, 26 P"
Jack Gelineau,,1,G,29,6-0,180,-/L,3,"November 11, 1924",ca,"0-2-0, 9.00 GAA"
Ike Hildebrand,,14,RW,26,5-7,147,R/-,R,"May 27, 1927",ca,"1 G, 4 A, 5 P"
Fred Hucul,,11,D,22,5-10,170,L/-,3,"December 4, 1931",ca,"0 G, 3 A, 3 P"
Lou Jankowski,,19,RW,22,6-0,180,R/-,2,"June 27, 1931",ca,"15 G, 13 A, 28 P"
Hec Lalande,,19,C,19,5-9,150,L/-,R,"November 24, 1934",ca,"0 G, 0 A, 0 P"
Vic Lynn,,10,LW,29,5-10,175,L/-,10,"January 26, 1925",ca,"1 G, 0 A, 1 P"
Jean Marois,,1,G,29,5-8,155,-/L,1,"May 11, 1924",ca,"0-2-0, 5.50 GAA"
Jim McFadden,,18,C,33,5-7,178,L/-,6,"April 15, 1920",ie,"3 G, 3 A, 6 P"
Jack McIntyre,,11,LW,23,5-11,170,L/-,3,"September 8, 1930",ca,"8 G, 3 A, 11 P"
Hillary Menard,,6,LW,20,5-8,165,L/-,R,"January 15, 1934",ca,"0 G, 0 A, 0 P"
Gus Mortson,,2,D,29,5-11,190,L/-,7,"January 24, 1925",ca,"5 G, 13 A, 18 P"
Bill Mosienko,,8,RW,32,5-8,160,R/-,12,"November 2, 1921",ca,"15 G, 19 A, 34 P"
Jimmy Peters,,7,RW,31,5-11,165,R/-,8,"October 2, 1922",ca,"6 G, 4 A, 10 P"
Jack Price,,19,D,21,5-9,180,L/-,2,"May 8, 1932",ca,"4 G, 6 A, 10 P"
Al Rollins,,1,G,27,6-2,175,-/L,4,"October 9, 1926",ca,"12-47-7, 3.23 GAA"
Fred Sasakamoose,,21,C,20,5-8,165,R/-,R,"December 25, 1933",ca,"0 G, 0 A, 0 P"
John Sleaver,,15,C,19,6-1,180,R/-,R,"August 18, 1934",ca,"0 G, 0 A, 0 P"
Jerry Toppazzini,,19,RW,22,6-0,180,R/-,1,"July 29, 1931",ca,"5 G, 3 A, 8 P"
Kenny Wharram,,21,RW,20,5-9,160,R/-,1,"July 2, 1933",ca,"1 G, 7 A, 8 P"
Bob Wilson,,n/a,D,19,5-9,165,L/-,R,"February 18, 1934",ca,"0 G, 0 A, 0 P"
Larry Wilson,,16,C,23,5-11,160,L/-,3,"October 23, 1930",ca,"9 G, 33 A, 42 P"
Larry Zeidel,,6,D,25,5-11,185,L/-,2,"June 1, 1928",ca,"1 G, 6 A, 7 P"
