Montreal Canadiens,MTL,nhl
1953-54,1954
26
70
4,7
GP,Date,Time,Location,Opponent,GF,GA,Result,Game Ended In,W,L,T,Streak
1,1953-10-08,time unavailable,H,Chicago Black Hawks,3,0,W,REG,1,0,0,W 1
2,1953-10-10,time unavailable,H,Detroit Red Wings,4,1,W,REG,2,0,0,W 2
3,1953-10-11,time unavailable,@,Boston Bruins,1,4,L,REG,2,1,0,L 1
4,1953-10-15,time unavailable,H,New York Rangers,6,1,W,REG,3,1,0,W 1
5,1953-10-17,time unavailable,H,Boston Bruins,5,2,W,REG,4,1,0,W 2
6,1953-10-18,time unavailable,@,Detroit Red Wings,0,4,L,REG,4,2,0,L 1
7,1953-10-22,time unavailable,@,Chicago Black Hawks,3,2,W,REG,5,2,0,W 1
8,1953-10-24,time unavailable,H,Detroit Red Wings,1,0,W,REG,6,2,0,W 2
9,1953-10-25,time unavailable,@,New York Rangers,2,1,W,REG,7,2,0,W 3
10,1953-10-29,time unavailable,H,Toronto Maple Leafs,3,1,W,REG,8,2,0,W 4
11,1953-10-31,time unavailable,@,Chicago Black Hawks,0,1,L,REG,8,3,0,L 1
12,1953-11-01,time unavailable,@,Detroit Red Wings,1,5,L,REG,8,4,0,L 2
13,1953-11-05,time unavailable,H,New York Rangers,4,3,W,REG,9,4,0,W 1
14,1953-11-07,time unavailable,H,Boston Bruins,5,2,W,REG,10,4,0,W 2
15,1953-11-08,time unavailable,@,Boston Bruins,0,2,L,REG,10,5,0,L 1
16,1953-11-11,time unavailable,@,Toronto Maple Leafs,1,4,L,REG,10,6,0,L 2
17,1953-11-12,time unavailable,H,Chicago Black Hawks,4,2,W,REG,11,6,0,W 1
18,1953-11-14,time unavailable,H,Chicago Black Hawks,2,3,L,REG,11,7,0,L 1
19,1953-11-15,time unavailable,@,Chicago Black Hawks,2,2,T,REG,11,7,1,T 1
20,1953-11-19,time unavailable,H,Toronto Maple Leafs,1,0,W,REG,12,7,1,W 1
21,1953-11-21,time unavailable,H,Detroit Red Wings,1,0,W,REG,13,7,1,W 2
22,1953-11-22,time unavailable,@,Boston Bruins,2,2,T,REG,13,7,2,T 1
23,1953-11-26,time unavailable,@,Chicago Black Hawks,6,3,W,REG,14,7,2,W 1
24,1953-11-28,time unavailable,@,Toronto Maple Leafs,1,3,L,REG,14,8,2,L 1
25,1953-11-29,time unavailable,@,New York Rangers,1,2,L,REG,14,9,2,L 2
26,1953-12-03,time unavailable,H,Toronto Maple Leafs,5,1,W,REG,15,9,2,W 1
27,1953-12-05,time unavailable,H,Boston Bruins,4,2,W,REG,16,9,2,W 2
28,1953-12-06,time unavailable,@,Boston Bruins,7,2,W,REG,17,9,2,W 3
29,1953-12-09,time unavailable,@,Toronto Maple Leafs,0,3,L,REG,17,10,2,L 1
30,1953-12-10,time unavailable,H,Chicago Black Hawks,5,3,W,REG,18,10,2,W 1
31,1953-12-12,time unavailable,H,New York Rangers,7,2,W,REG,19,10,2,W 2
32,1953-12-13,time unavailable,@,Detroit Red Wings,3,4,L,REG,19,11,2,L 1
33,1953-12-19,time unavailable,H,Boston Bruins,7,3,W,REG,20,11,2,W 1
34,1953-12-20,time unavailable,@,New York Rangers,1,3,L,REG,20,12,2,L 1
35,1953-12-26,time unavailable,H,New York Rangers,2,0,W,REG,21,12,2,W 1
36,1953-12-30,time unavailable,@,Toronto Maple Leafs,2,2,T,REG,21,12,3,T 1
37,1953-12-31,time unavailable,@,Detroit Red Wings,2,2,T,REG,21,12,4,T 2
38,1954-01-02,time unavailable,H,Boston Bruins,1,1,T,REG,21,12,5,T 3
39,1954-01-03,time unavailable,@,New York Rangers,3,4,L,REG,21,13,5,L 1
40,1954-01-07,time unavailable,H,Toronto Maple Leafs,7,3,W,REG,22,13,5,W 1
41,1954-01-09,time unavailable,H,Chicago Black Hawks,12,1,W,REG,23,13,5,W 2
42,1954-01-10,time unavailable,@,Detroit Red Wings,1,2,L,REG,23,14,5,L 1
43,1954-01-16,time unavailable,H,Boston Bruins,2,1,W,REG,24,14,5,W 1
44,1954-01-17,time unavailable,@,Boston Bruins,2,3,L,REG,24,15,5,L 1
45,1954-01-21,time unavailable,H,Detroit Red Wings,0,1,L,REG,24,16,5,L 2
46,1954-01-23,time unavailable,H,Chicago Black Hawks,5,1,W,REG,25,16,5,W 1
47,1954-01-24,time unavailable,@,Chicago Black Hawks,3,8,L,REG,25,17,5,L 1
48,1954-01-27,time unavailable,@,Toronto Maple Leafs,2,0,W,REG,26,17,5,W 1
49,1954-01-30,time unavailable,H,New York Rangers,1,2,L,REG,26,18,5,L 1
50,1954-02-04,time unavailable,H,Toronto Maple Leafs,2,4,L,REG,26,19,5,L 2
51,1954-02-06,time unavailable,H,New York Rangers,4,3,W,REG,27,19,5,W 1
52,1954-02-07,time unavailable,@,New York Rangers,4,1,W,REG,28,19,5,W 2
53,1954-02-11,time unavailable,@,Chicago Black Hawks,2,2,T,REG,28,19,6,T 1
54,1954-02-13,time unavailable,@,Toronto Maple Leafs,2,2,T,REG,28,19,7,T 2
55,1954-02-14,time unavailable,@,Boston Bruins,1,4,L,REG,28,20,7,L 1
56,1954-02-18,time unavailable,H,Detroit Red Wings,4,2,W,REG,29,20,7,W 1
57,1954-02-20,time unavailable,H,Detroit Red Wings,2,0,W,REG,30,20,7,W 2
58,1954-02-22,time unavailable,@,Detroit Red Wings,0,3,L,REG,30,21,7,L 1
59,1954-02-25,time unavailable,H,Toronto Maple Leafs,0,0,T,REG,30,21,8,T 1
60,1954-02-27,time unavailable,H,New York Rangers,5,0,W,REG,31,21,8,W 1
61,1954-02-28,time unavailable,@,New York Rangers,0,2,L,REG,31,22,8,L 1
62,1954-03-04,time unavailable,@,Boston Bruins,1,1,T,REG,31,22,9,T 1
63,1954-03-06,time unavailable,H,Boston Bruins,3,3,T,REG,31,22,10,T 2
64,1954-03-07,time unavailable,@,Detroit Red Wings,2,2,T,REG,31,22,11,T 3
65,1954-03-11,time unavailable,H,Toronto Maple Leafs,0,3,L,REG,31,23,11,L 1
66,1954-03-13,time unavailable,H,Chicago Black Hawks,4,0,W,REG,32,23,11,W 1
67,1954-03-14,time unavailable,@,Chicago Black Hawks,6,0,W,REG,33,23,11,W 2
68,1954-03-17,time unavailable,@,Toronto Maple Leafs,1,3,L,REG,33,24,11,L 1
69,1954-03-20,time unavailable,H,Detroit Red Wings,6,1,W,REG,34,24,11,W 1
70,1954-03-21,time unavailable,@,New York Rangers,3,1,W,REG,35,24,11,W 2

GP,Date,Time,Location,Opponent,GF,GA,Result,Game Ended In,W,L,T,Streak
1,1954-03-23,time unavailable,H,Boston Bruins,2,0,W,REG,1,0,0,W 1
2,1954-03-25,time unavailable,H,Boston Bruins,8,1,W,REG,2,0,0,W 2
3,1954-03-28,time unavailable,@,Boston Bruins,4,3,W,REG,3,0,0,W 3
4,1954-03-30,time unavailable,@,Boston Bruins,2,0,W,REG,4,0,0,W 4
5,1954-04-04,time unavailable,@,Detroit Red Wings,1,3,L,REG,4,1,0,L 1
6,1954-04-06,time unavailable,@,Detroit Red Wings,3,1,W,REG,5,1,0,W 1
7,1954-04-08,time unavailable,H,Detroit Red Wings,2,5,L,REG,5,2,0,L 1
8,1954-04-10,time unavailable,H,Detroit Red Wings,0,2,L,REG,5,3,0,L 2
9,1954-04-11,time unavailable,@,Detroit Red Wings,1,0,W,OT,6,3,0,W 1
10,1954-04-13,time unavailable,H,Detroit Red Wings,4,1,W,REG,7,3,0,W 2
11,1954-04-16,time unavailable,@,Detroit Red Wings,1,2,L,OT,7,4,0,L 1

Jean Beliveau,,4,C,22,6-3,205,L/-,2,"August 31, 1931",ca,"13 G, 21 A, 34 P"
Butch Bouchard,(C),3,D,34,6-2,205,R/-,12,"September 4, 1919",ca,"1 G, 10 A, 11 P"
Fred Burchell,,14,C,23,5-6,143,L/-,1,"January 9, 1931",ca,"0 G, 0 A, 0 P"
Andre Corriveau,,14,RW,25,5-8,135,L/-,R,"May 15, 1928",ca,"0 G, 1 A, 1 P"
Floyd Curry,,6,RW,28,5-11,174,R/-,5,"August 11, 1925",ca,"13 G, 8 A, 21 P"
Lorne Davis,,14,RW,23,5-11,190,R/-,1,"July 20, 1930",ca,"6 G, 4 A, 10 P"
Gerard Desaulniers,,17-22,C,25,5-11,152,L/-,2,"December 31, 1928",ca,"0 G, 0 A, 0 P"
Dick Gamble,,8,LW,25,6-0,178,L/-,3,"November 16, 1928",ca,"4 G, 8 A, 12 P"
Bernie Geoffrion,,5,RW,22,5-9,166,R/-,3,"February 16, 1931",ca,"29 G, 25 A, 54 P"
Doug Harvey,,2,D,29,5-11,187,L/-,6,"December 19, 1924",ca,"8 G, 29 A, 37 P"
Tom Johnson,,10,D,25,6-0,180,L/-,4,"February 18, 1928",ca,"7 G, 11 A, 18 P"
Elmer Lach,,16,C,36,5-10,165,L/-,13,"January 22, 1918",ca,"5 G, 20 A, 25 P"
Ed Litzenberger,,22,C,21,6-1,174,R/-,1,"July 15, 1932",ca,"0 G, 0 A, 0 P"
Calum MacKay,,11,LW,27,5-10,178,L/-,5,"January 1, 1927",ca,"10 G, 13 A, 23 P"
Bud MacPherson,,21,D,26,6-4,200,L/-,4,"March 31, 1927",ca,"0 G, 5 A, 5 P"
Paul Masnick,,8-22,C,22,5-9,165,R/-,3,"April 14, 1931",ca,"5 G, 21 A, 26 P"
Eddie Mazur,,23,LW,24,6-2,186,L/-,R,"July 25, 1929",ca,"7 G, 14 A, 21 P"
John McCormack,,17,C,28,6-0,185,L/-,6,"August 2, 1925",ca,"5 G, 10 A, 15 P"
Gerry McNeil,,1,G,27,5-7,155,-/L,5,"April 17, 1926",ca,"28-19-6, 2.15 GAA"
Paul Meger,,20,LW,24,5-7,160,L/-,3,"February 17, 1929",ca,"4 G, 9 A, 13 P"
Dickie Moore,,12,LW,23,5-10,168,L/-,2,"January 6, 1931",ca,"1 G, 4 A, 5 P"
Ken Mosdell,,18,C,31,6-1,170,L/-,10,"July 13, 1922",ca,"22 G, 24 A, 46 P"
Bert Olmstead,,15,LW,27,6-1,180,L/-,5,"September 4, 1926",ca,"15 G, 37 A, 52 P"
Jacques Plante,,1,G,25,6-0,175,-/L,1,"January 17, 1929",ca,"7-5-5, 1.59 GAA"
Maurice Richard,,9,RW,32,5-10,170,L/-,11,"August 4, 1921",ca,"37 G, 30 A, 67 P"
Dollard St. Laurent,,19,D,24,5-11,205,L/-,3,"May 12, 1929",ca,"3 G, 12 A, 15 P"
