Team CanSkate,fall2009Contact,Ice Hockey: Team CanSkate (All Star Contact)
7,6,6,1,1
Thu Sep 24 @ 8:00 pm,Columbia Icefield Arena,won,3,0,4,Contact Indies 2
Fri Oct 16 @ 7:00 pm,Columbia Icefield Arena,won,2,1,0,New Zealand All-Whites
Thu Oct 29 @ 9:00 pm,Columbia Icefield Arena,won,5,3,4,The Givener Generals of Canada
Thu Nov 5 @ 9:00 pm,Columbia Icefield Arena,lost,4,5,4,Contact Indies 2
Thu Nov 12 @ 9:00 pm,Columbia Icefield Arena,won,3,1,-1,Danglers
Tue Nov 17 @ 9:00 pm,Columbia Icefield Arena,won,3,2,4,The Warriors
Fri Nov 27 @ 10:00 pm,Columbia Icefield Arena,lost,3,4,1,Contact Indies 1

Daniel Bick,Adam Currins,William Francis,Trevor Hall,Philip Hatcher,Zachary Junkin,Isaac Morgan,John Ohashi,Colin Phipps,Kevin Roberts,Adam Ropchan,Lukas Burke
