Two Four,fall2009Contact,Ice Hockey: Two Four (All Star Contact)
7,6,6,1,1
Fri Sep 25 @ 7:00 pm,Columbia Icefield Arena,won,4,1,2,Nine Inch Males
Sat Oct 3 @ 2:00 pm,Columbia Icefield Arena,won,3,0,3,Contact Indies 2
Sun Oct 4 @ 4:00 pm,Columbia Icefield Arena,won,4,0,-4,The Givener Generals of Canada
Sat Oct 24 @ 3:00 pm,Columbia Icefield Arena,tie,5,5,0,Danglers
Tue Oct 27 @ 7:00 pm,Columbia Icefield Arena,lost,0,2,3,The Warriors
Mon Nov 2 @ 10:00 pm,Columbia Icefield Arena,lost,1,5,2,New Zealand All-Whites
Tue Nov 24 @ 8:00 pm,Columbia Icefield Arena,lost,1,2,2,The Warriors

Frank Brklacic,Mark Cecconi,Benjamin Deignan,Jesse Harmon,Adrien Kresz,Rene Marchand,James O’Leary,Joshua Ranger,Brett Rudy,William Sanderson,Kevin Tejadipura,Nicholas Vanberlo,J. Vivian,Corey Wood,Michael Pipe
