The Warriors,fall2009Contact,Ice Hockey: The Warriors (All Star Contact)
9,6,6,3,3
Thu Sep 24 @ 7:00 pm,Columbia Icefield Arena,won,3,1,4,Danglers
Sat Oct 3 @ 3:00 pm,Columbia Icefield Arena,lost,1,2,2,Nine Inch Males
Sat Oct 17 @ 4:00 pm,Columbia Icefield Arena,won,3,1,2,Contact Indies 1
Tue Oct 27 @ 7:00 pm,Columbia Icefield Arena,won,2,0,3,Two Four
Sat Nov 7 @ 8:00 pm,Columbia Icefield Arena,lost,1,3,1,The Givener Generals of Canada
Tue Nov 17 @ 9:00 pm,Columbia Icefield Arena,lost,2,3,4,Team CanSkate
Tue Nov 24 @ 8:00 pm,Columbia Icefield Arena,won,2,1,2,Two Four
Tue Dec 1 @ 8:00 pm,Columbia Icefield Arena,won,2,1,1,Contact Indies 1
Thu Dec 3 @ 9:00 pm,Columbia Icefield Arena,won,4,1,1,The Givener Generals of Canada

Tyler Barnes,Aaron Chan,Reed Froklage,Ross Hamill,Jesse Harwood,Anthony Iuliano,Brandon Koaches,Blake Martin,Ryan McCaw,Devan Trischuk,Alexander Kranyak
