Contact Indies 2,fall2009Contact,Ice Hockey: Contact Indies 2 (All Star Contact)
7,6,6,1,1
Thu Sep 24 @ 8:00 pm,Columbia Icefield Arena,lost,0,3,4,Team CanSkate
Fri Oct 2 @ 7:00 pm,Columbia Icefield Arena,won,2,0,2,Contact Indies 1
Sat Oct 3 @ 2:00 pm,Columbia Icefield Arena,lost,0,3,3,Two Four
Mon Oct 19 @ 11:00 pm,Columbia Icefield Arena,tie,0,0,3,New Zealand All-Whites
Thu Oct 29 @ 10:00 pm,Columbia Icefield Arena,lost,0,3,-2,Danglers
Thu Nov 5 @ 9:00 pm,Columbia Icefield Arena,won,5,4,4,Team CanSkate
Sun Nov 22 @ 6:00 pm,Columbia Icefield Arena,lost,1,7,-1,New Zealand All-Whites

Andrew Farrugia,Bryan Fedorak,Zachary Hogg,Ian King,Adam Klockars,Chet Kuchyt,Stephen Lake,Cole McLay,Evan Tomek,Tyler Wittmaier,Bradley Wolff
