Contact Indies 1,fall2009Contact,Ice Hockey: Contact Indies 1 (All Star Contact)
9,6,6,3,3
Tue Sep 22 @ 10:00 pm,Columbia Icefield Arena,lost,1,7,4,New Zealand All-Whites
Fri Sep 25 @ 8:00 pm,Columbia Icefield Arena,lost,3,4,3,The Givener Generals of Canada
Sat Sep 26 @ 5:00 pm,Columbia Icefield Arena,won,5,2,4,Nine Inch Males
Fri Oct 2 @ 7:00 pm,Columbia Icefield Arena,lost,0,2,2,Contact Indies 2
Sat Oct 17 @ 4:00 pm,Columbia Icefield Arena,lost,1,3,3,The Warriors
Mon Nov 2 @ 11:00 pm,Columbia Icefield Arena,lost,1,2,3,Danglers
Sat Nov 21 @ 7:00 pm,Columbia Icefield Arena,won,6,1,1,Nine Inch Males
Fri Nov 27 @ 10:00 pm,Columbia Icefield Arena,won,4,3,1,Team CanSkate
Tue Dec 1 @ 8:00 pm,Columbia Icefield Arena,lost,1,2,1,The Warriors

Amy De La Franier,Robert Dubois,Tucker Gagen,Christopher Gilson,Michael Hammond,Shahil Kanji,Matthew Laing,Corey Moore,Kevin O’Leary,Joshua Sanderson,Michel Simard,Scott Stewart,Umesh Thillaivasan,Robert Watson
