Chicago Cougars,CHC,wha
1972-73,1973
26
78
0
GP,Date,Time,Location,Opponent,GF,GA,Result,Game Ended In,W,L,T,Streak
1,1972-10-12,time unavailable,@,Houston Aeros,2,3,L,REG,0,1,0,L 1
2,1972-10-15,time unavailable,@,Minnesota Fighting Saints,2,3,L,REG,0,2,0,L 2
3,1972-10-16,time unavailable,@,New England Whalers,1,4,L,REG,0,3,0,L 3
4,1972-10-19,time unavailable,@,Ottawa Nationals,2,6,L,REG,0,4,0,L 4
5,1972-10-22,time unavailable,@,Los Angeles Sharks,4,2,W,REG,1,4,0,W 1
6,1972-10-24,time unavailable,@,Alberta Oilers,3,3,T,REG,1,4,1,T 1
7,1972-10-27,time unavailable,@,Winnipeg Jets,2,4,L,REG,1,5,1,L 1
8,1972-10-31,time unavailable,H,Winnipeg Jets,3,1,W,REG,2,5,1,W 1
9,1972-11-01,time unavailable,@,New England Whalers,2,4,L,REG,2,6,1,L 1
10,1972-11-04,time unavailable,H,Los Angeles Sharks,2,3,L,OT,2,7,1,L 2
11,1972-11-05,time unavailable,@,Quebec Nordiques,2,3,L,REG,2,8,1,L 3
12,1972-11-07,time unavailable,H,Houston Aeros,2,3,L,REG,2,9,1,L 4
13,1972-11-11,time unavailable,H,Cleveland Crusaders,1,4,L,REG,2,10,1,L 5
14,1972-11-14,time unavailable,H,Philadelphia Blazers,3,4,L,REG,2,11,1,L 6
15,1972-11-17,time unavailable,@,Alberta Oilers,1,3,L,REG,2,12,1,L 7
16,1972-11-19,time unavailable,@,Minnesota Fighting Saints,4,3,W,REG,3,12,1,W 1
17,1972-11-23,time unavailable,@,Ottawa Nationals,8,1,W,REG,4,12,1,W 2
18,1972-11-25,time unavailable,@,Philadelphia Blazers,4,3,W,REG,5,12,1,W 3
19,1972-11-28,time unavailable,@,Quebec Nordiques,2,6,L,REG,5,13,1,L 1
20,1972-12-01,time unavailable,H,Los Angeles Sharks,3,5,L,REG,5,14,1,L 2
21,1972-12-02,time unavailable,H,Los Angeles Sharks,2,4,L,REG,5,15,1,L 3
22,1972-12-05,time unavailable,@,Minnesota Fighting Saints,3,2,W,OT,6,15,1,W 1
23,1972-12-06,time unavailable,@,Winnipeg Jets,1,7,L,REG,6,16,1,L 1
24,1972-12-08,time unavailable,H,Minnesota Fighting Saints,4,3,W,OT,7,16,1,W 1
25,1972-12-09,time unavailable,H,Quebec Nordiques,2,4,L,REG,7,17,1,L 1
26,1972-12-11,time unavailable,@,New York Raiders,3,8,L,REG,7,18,1,L 2
27,1972-12-13,time unavailable,H,New England Whalers,6,3,W,REG,8,18,1,W 1
28,1972-12-14,time unavailable,H,Minnesota Fighting Saints,3,6,L,REG,8,19,1,L 1
29,1972-12-17,time unavailable,@,Minnesota Fighting Saints,2,4,L,REG,8,20,1,L 2
30,1972-12-19,time unavailable,H,Cleveland Crusaders,6,1,W,REG,9,20,1,W 1
31,1972-12-20,time unavailable,@,Philadelphia Blazers,5,8,L,REG,9,21,1,L 1
32,1972-12-22,time unavailable,H,Winnipeg Jets,3,2,W,REG,10,21,1,W 1
33,1972-12-23,time unavailable,H,Alberta Oilers,3,2,W,REG,11,21,1,W 2
34,1972-12-25,time unavailable,H,Alberta Oilers,3,2,W,REG,12,21,1,W 3
35,1972-12-26,time unavailable,@,Winnipeg Jets,2,3,L,REG,12,22,1,L 1
36,1972-12-28,time unavailable,H,Philadelphia Blazers,6,3,W,REG,13,22,1,W 1
37,1972-12-30,time unavailable,H,Ottawa Nationals,2,4,L,REG,13,23,1,L 1
38,1973-01-10,time unavailable,H,Los Angeles Sharks,5,8,L,REG,13,24,1,L 2
39,1973-01-11,time unavailable,H,Houston Aeros,0,5,L,REG,13,25,1,L 3
40,1973-01-13,time unavailable,@,Houston Aeros,2,6,L,REG,13,26,1,L 4
41,1973-01-15,time unavailable,@,Houston Aeros,4,5,L,REG,13,27,1,L 5
42,1973-01-17,time unavailable,H,New England Whalers,2,4,L,REG,13,28,1,L 6
43,1973-01-18,time unavailable,H,Houston Aeros,3,8,L,REG,13,29,1,L 7
44,1973-01-20,time unavailable,@,Alberta Oilers,6,4,W,REG,14,29,1,W 1
45,1973-01-22,time unavailable,@,Alberta Oilers,1,6,L,REG,14,30,1,L 1
46,1973-01-23,time unavailable,H,Quebec Nordiques,7,1,W,REG,15,30,1,W 1
47,1973-01-25,time unavailable,H,New York Raiders,9,2,W,REG,16,30,1,W 2
48,1973-01-27,time unavailable,H,Cleveland Crusaders,1,2,L,REG,16,31,1,L 1
49,1973-01-28,time unavailable,@,Houston Aeros,3,4,L,REG,16,32,1,L 2
50,1973-01-30,time unavailable,H,Minnesota Fighting Saints,4,2,W,REG,17,32,1,W 1
51,1973-02-02,time unavailable,H,Ottawa Nationals,4,1,W,REG,18,32,1,W 2
52,1973-02-03,time unavailable,H,New York Raiders,4,2,W,REG,19,32,1,W 3
53,1973-02-05,time unavailable,@,Cleveland Crusaders,5,7,L,REG,19,33,1,L 1
54,1973-02-08,time unavailable,H,Quebec Nordiques,5,2,W,REG,20,33,1,W 1
55,1973-02-10,time unavailable,H,Houston Aeros,3,0,W,REG,21,33,1,W 2
56,1973-02-13,time unavailable,@,Los Angeles Sharks,6,1,W,REG,22,33,1,W 3
57,1973-02-15,time unavailable,H,Winnipeg Jets,2,7,L,REG,22,34,1,L 1
58,1973-02-17,time unavailable,H,Ottawa Nationals,1,3,L,REG,22,35,1,L 2
59,1973-02-18,time unavailable,@,Minnesota Fighting Saints,5,7,L,REG,22,36,1,L 3
60,1973-02-20,time unavailable,@,Quebec Nordiques,4,2,W,REG,23,36,1,W 1
61,1973-02-24,time unavailable,@,Cleveland Crusaders,5,2,W,REG,24,36,1,W 2
62,1973-02-27,time unavailable,@,Winnipeg Jets,1,5,L,REG,24,37,1,L 1
63,1973-03-04,time unavailable,@,Ottawa Nationals,4,6,L,REG,24,38,1,L 2
64,1973-03-05,time unavailable,@,New York Raiders,4,4,T,REG,24,38,2,T 1
65,1973-03-06,time unavailable,H,Philadelphia Blazers,2,1,W,OT,25,38,2,W 1
66,1973-03-08,time unavailable,H,Alberta Oilers,2,3,L,OT,25,39,2,L 1
67,1973-03-10,time unavailable,H,Alberta Oilers,4,5,L,OT,25,40,2,L 2
68,1973-03-12,time unavailable,@,New York Raiders,7,8,L,REG,25,41,2,L 3
69,1973-03-13,time unavailable,H,New England Whalers,3,4,L,OT,25,42,2,L 4
70,1973-03-15,time unavailable,H,Minnesota Fighting Saints,4,7,L,REG,25,43,2,L 5
71,1973-03-17,time unavailable,H,New York Raiders,6,3,W,REG,26,43,2,W 1
72,1973-03-22,time unavailable,H,Minnesota Fighting Saints,1,2,L,OT,26,44,2,L 1
73,1973-03-23,time unavailable,@,New England Whalers,1,3,L,REG,26,45,2,L 2
74,1973-03-25,time unavailable,@,Los Angeles Sharks,0,1,L,REG,26,46,2,L 3
75,1973-03-27,time unavailable,@,Los Angeles Sharks,1,4,L,REG,26,47,2,L 4
76,1973-03-28,time unavailable,H,Winnipeg Jets,3,4,L,OT,26,48,2,L 5
77,1973-03-31,time unavailable,@,Philadelphia Blazers,1,5,L,REG,26,49,2,L 6
78,1973-04-01,time unavailable,@,Cleveland Crusaders,1,5,L,REG,26,50,2,L 7

Time,Location,Result,Game Ended In

Ron F. Anderson,,n/a,D,24,6-0,190,R/-,R,"November 15, 1948",ca,"3 G, 26 A, 29 P"
Bob Barber,,n/a,D,29,5-10,172,L/-,R,"August 31, 1943",ca,"4 G, 19 A, 23 P"
Jim Benzelock,,n/a,RW,25,5-10,185,R/-,R,"June 21, 1947",ca,"9 G, 12 A, 21 P"
Bernie Blanchette,,n/a,RW,25,6-0,175,R/-,R,"July 11, 1947",ca,"2 G, 3 A, 5 P"
Larry Cahan,,n/a,D,39,6-2,222,R/-,R,"December 25, 1933",ca,"1 G, 10 A, 11 P"
Reggie Fleming,,n/a,LW,36,5-8,170,L/-,R,"April 21, 1936",ca,"23 G, 45 A, 68 P"
Andre Gill,,n/a,G,31,5-7,145,-/L,R,"September 19, 1941",ca,", 4.14 GAA"
Brian Glenwright,,n/a,LW,23,6-3,200,L/-,R,"October 8, 1949",ca,"2 G, 5 A, 7 P"
Ed Hatoum,,n/a,RW,25,5-10,180,R/-,R,"December 7, 1947",lb,"1 G, 1 A, 2 P"
Darrel Knibbs,,n/a,C,23,6-1,185,R/-,R,"September 21, 1949",ca,"3 G, 8 A, 11 P"
Bob Liddington,,n/a,LW,24,6-0,175,L/-,R,"September 15, 1948",ca,"20 G, 11 A, 31 P"
Dan Lodboa,,n/a,LW,26,5-9,170,L/-,R,"September 25, 1946",ca,"15 G, 18 A, 33 P"
Larry Mavety,,n/a,D,30,5-11,185,R/-,R,"May 29, 1942",ca,"9 G, 40 A, 49 P"
Dick McGlynn,,n/a,D,24,6-2,185,R/-,R,"July 19, 1948",us,"0 G, 0 A, 0 P"
Jim McLeod,,n/a,G,35,5-8,170,-/L,R,"April 7, 1937",ca,", 3.32 GAA"
Paul Menard,,n/a,G,20,5-11,165,-/L,R,"May 22, 1952",ca,", 6.67 GAA"
Rick Morris,,n/a,LW,26,5-10,175,L/-,R,"July 5, 1946",ca,"31 G, 17 A, 48 P"
Rosaire Paiement,,n/a,RW,27,5-11,170,R/-,R,"August 12, 1945",ca,"33 G, 36 A, 69 P"
Jan Popiel,,n/a,LW,25,5-9,180,L/-,R,"October 9, 1947",dk,"31 G, 34 A, 65 P"
Dick Proceviat,,n/a,D,26,6-0,180,L/-,R,"June 25, 1946",ca,"4 G, 14 A, 18 P"
Dick Sarrazin,,n/a,RW,27,6-0,185,R/-,R,"January 22, 1946",ca,"3 G, 8 A, 11 P"
Bob Sicinski,,n/a,C,26,5-9,175,L/-,R,"November 13, 1946",ca,"25 G, 63 A, 88 P"
Jerry Trooien,,n/a,LW,25,6-2,195,L/-,R,"October 10, 1947",us,"0 G, 0 A, 0 P"
Pierre Viau,,n/a,D,21,6-2,185,L/-,R,"January 29, 1952",ca,"0 G, 0 A, 0 P"
Bob Whitlock,,n/a,C,23,5-10,175,R/-,R,"July 16, 1949",ca,"23 G, 28 A, 51 P"
Rod Zaine,,n/a,C,26,5-10,180,L/-,R,"May 18, 1946",ca,"3 G, 14 A, 17 P"
