Ottawa Nationals,OTN,wha
1972-73,1973
25
78
5
GP,Date,Time,Location,Opponent,GF,GA,Result,Game Ended In,W,L,T,Streak
1,1972-10-11,time unavailable,H,Alberta Oilers,4,7,L,REG,0,1,0,L 1
2,1972-10-14,time unavailable,@,New York Raiders,6,8,L,REG,0,2,0,L 2
3,1972-10-15,time unavailable,H,Cleveland Crusaders,5,7,L,REG,0,3,0,L 3
4,1972-10-19,time unavailable,H,Chicago Cougars,6,2,W,REG,1,3,0,W 1
5,1972-10-21,time unavailable,@,Cleveland Crusaders,5,3,W,REG,2,3,0,W 2
6,1972-10-22,time unavailable,@,Quebec Nordiques,3,2,W,REG,3,3,0,W 3
7,1972-10-25,time unavailable,@,Los Angeles Sharks,8,5,W,REG,4,3,0,W 4
8,1972-10-26,time unavailable,@,Houston Aeros,3,7,L,REG,4,4,0,L 1
9,1972-10-28,time unavailable,@,Philadelphia Blazers,5,3,W,REG,5,4,0,W 1
10,1972-11-02,time unavailable,H,Los Angeles Sharks,1,1,T,REG,5,4,1,T 1
11,1972-11-05,time unavailable,@,Alberta Oilers,5,3,W,REG,6,4,1,W 1
12,1972-11-09,time unavailable,H,Winnipeg Jets,1,4,L,REG,6,5,1,L 1
13,1972-11-12,time unavailable,H,Philadelphia Blazers,2,1,W,REG,7,5,1,W 1
14,1972-11-16,time unavailable,@,Cleveland Crusaders,3,6,L,REG,7,6,1,L 1
15,1972-11-18,time unavailable,@,New England Whalers,2,3,L,REG,7,7,1,L 2
16,1972-11-20,time unavailable,@,New England Whalers,5,7,L,REG,7,8,1,L 3
17,1972-11-21,time unavailable,H,Quebec Nordiques,4,2,W,REG,8,8,1,W 1
18,1972-11-23,time unavailable,H,Chicago Cougars,1,8,L,REG,8,9,1,L 1
19,1972-11-26,time unavailable,H,Alberta Oilers,1,2,L,REG,8,10,1,L 2
20,1972-11-28,time unavailable,H,Minnesota Fighting Saints,3,2,W,OT,9,10,1,W 1
21,1972-11-30,time unavailable,H,Cleveland Crusaders,3,2,W,REG,10,10,1,W 2
22,1972-12-01,time unavailable,@,Winnipeg Jets,4,3,W,REG,11,10,1,W 3
23,1972-12-03,time unavailable,H,Houston Aeros,5,4,W,REG,12,10,1,W 4
24,1972-12-04,time unavailable,@,New England Whalers,2,7,L,REG,12,11,1,L 1
25,1972-12-07,time unavailable,H,New England Whalers,2,4,L,REG,12,12,1,L 2
26,1972-12-09,time unavailable,@,Philadelphia Blazers,1,7,L,REG,12,13,1,L 3
27,1972-12-10,time unavailable,H,Quebec Nordiques,7,6,W,OT,13,13,1,W 1
28,1972-12-14,time unavailable,H,New York Raiders,3,4,L,REG,13,14,1,L 1
29,1972-12-15,time unavailable,@,Alberta Oilers,4,3,W,REG,14,14,1,W 1
30,1972-12-17,time unavailable,@,Alberta Oilers,1,3,L,REG,14,15,1,L 1
31,1972-12-19,time unavailable,@,Quebec Nordiques,3,7,L,REG,14,16,1,L 2
32,1972-12-21,time unavailable,H,Los Angeles Sharks,4,4,T,REG,14,16,2,T 1
33,1972-12-22,time unavailable,@,New York Raiders,5,7,L,REG,14,17,2,L 1
34,1972-12-24,time unavailable,H,Quebec Nordiques,6,2,W,REG,15,17,2,W 1
35,1972-12-26,time unavailable,H,Houston Aeros,3,3,T,REG,15,17,3,T 1
36,1972-12-30,time unavailable,@,Chicago Cougars,4,2,W,REG,16,17,3,W 1
37,1972-12-31,time unavailable,@,Quebec Nordiques,4,8,L,REG,16,18,3,L 1
38,1973-01-04,time unavailable,@,New York Raiders,4,9,L,REG,16,19,3,L 2
39,1973-01-09,time unavailable,H,Quebec Nordiques,7,5,W,REG,17,19,3,W 1
40,1973-01-11,time unavailable,H,New York Raiders,4,1,W,REG,18,19,3,W 2
41,1973-01-12,time unavailable,@,Philadelphia Blazers,3,4,L,REG,18,20,3,L 1
42,1973-01-14,time unavailable,@,Minnesota Fighting Saints,2,3,L,OT,18,21,3,L 2
43,1973-01-16,time unavailable,@,Quebec Nordiques,4,5,L,OT,18,22,3,L 3
44,1973-01-18,time unavailable,H,Minnesota Fighting Saints,6,3,W,REG,19,22,3,W 1
45,1973-01-19,time unavailable,@,Philadelphia Blazers,2,4,L,REG,19,23,3,L 1
46,1973-01-21,time unavailable,@,Houston Aeros,2,5,L,REG,19,24,3,L 2
47,1973-01-23,time unavailable,@,Houston Aeros,3,11,L,REG,19,25,3,L 3
48,1973-01-25,time unavailable,H,New England Whalers,2,4,L,REG,19,26,3,L 4
49,1973-01-26,time unavailable,@,Minnesota Fighting Saints,2,4,L,REG,19,27,3,L 5
50,1973-01-28,time unavailable,H,Winnipeg Jets,4,5,L,REG,19,28,3,L 6
51,1973-01-30,time unavailable,H,Philadelphia Blazers,4,5,L,OT,19,29,3,L 7
52,1973-02-01,time unavailable,@,Cleveland Crusaders,2,2,T,REG,19,29,4,T 1
53,1973-02-02,time unavailable,@,Chicago Cougars,1,4,L,REG,19,30,4,L 1
54,1973-02-04,time unavailable,H,Cleveland Crusaders,2,3,L,REG,19,31,4,L 2
55,1973-02-06,time unavailable,H,Philadelphia Blazers,5,3,W,REG,20,31,4,W 1
56,1973-02-08,time unavailable,H,New York Raiders,2,3,L,REG,20,32,4,L 1
57,1973-02-09,time unavailable,@,New England Whalers,7,4,W,REG,21,32,4,W 1
58,1973-02-11,time unavailable,@,New York Raiders,2,3,L,REG,21,33,4,L 1
59,1973-02-14,time unavailable,@,Quebec Nordiques,6,3,W,REG,22,33,4,W 1
60,1973-02-15,time unavailable,@,Minnesota Fighting Saints,0,3,L,REG,22,34,4,L 1
61,1973-02-17,time unavailable,@,Chicago Cougars,3,1,W,REG,23,34,4,W 1
62,1973-02-20,time unavailable,H,Los Angeles Sharks,2,4,L,REG,23,35,4,L 1
63,1973-02-22,time unavailable,H,Philadelphia Blazers,5,6,L,REG,23,36,4,L 2
64,1973-02-25,time unavailable,H,Alberta Oilers,3,2,W,REG,24,36,4,W 1
65,1973-02-27,time unavailable,H,Cleveland Crusaders,2,1,W,REG,25,36,4,W 2
66,1973-03-01,time unavailable,H,New York Raiders,2,1,W,REG,26,36,4,W 3
67,1973-03-04,time unavailable,H,Chicago Cougars,6,4,W,REG,27,36,4,W 4
68,1973-03-06,time unavailable,H,Winnipeg Jets,5,2,W,REG,28,36,4,W 5
69,1973-03-11,time unavailable,@,Los Angeles Sharks,2,4,L,REG,28,37,4,L 1
70,1973-03-13,time unavailable,@,Los Angeles Sharks,3,1,W,REG,29,37,4,W 1
71,1973-03-16,time unavailable,@,Winnipeg Jets,6,1,W,REG,30,37,4,W 2
72,1973-03-18,time unavailable,@,Winnipeg Jets,4,2,W,REG,31,37,4,W 3
73,1973-03-22,time unavailable,H,New England Whalers,4,2,W,REG,32,37,4,W 4
74,1973-03-25,time unavailable,H,Minnesota Fighting Saints,6,1,W,REG,33,37,4,W 5
75,1973-03-27,time unavailable,H,Quebec Nordiques,6,2,W,REG,34,37,4,W 6
76,1973-03-29,time unavailable,H,New England Whalers,5,2,W,REG,35,37,4,W 7
77,1973-03-31,time unavailable,@,Cleveland Crusaders,2,4,L,REG,35,38,4,L 1
78,1973-04-01,time unavailable,H,Houston Aeros,3,6,L,REG,35,39,4,L 2

GP,Date,Time,Location,Opponent,GF,GA,Result,Game Ended In,W,L,T,Streak
1,1973-04-07,time unavailable,@,New England Whalers,3,6,L,REG,0,1,0,L 1
2,1973-04-08,time unavailable,@,New England Whalers,3,4,L,OT,0,2,0,L 2
3,1973-04-10,time unavailable,H,New England Whalers,4,2,W,REG,1,2,0,W 1
4,1973-04-12,time unavailable,H,New England Whalers,3,7,L,REG,1,3,0,L 1
5,1973-04-14,time unavailable,@,New England Whalers,4,5,L,OT,1,4,0,L 2

Mike Amodeo,,n/a,D,20,5-10,190,L/-,R,"June 22, 1952",ca,"1 G, 14 A, 15 P"
Les Binkley,,n/a,G,38,6-0,175,-/R,R,"June 6, 1934",ca,", 3.72 GAA"
Frank Blum,,n/a,G,20,6-0,180,-/R,R,"June 29, 1952",ca,", 6.43 GAA"
Mike Boland,,n/a,RW,23,5-10,183,R/-,R,"December 16, 1949",ca,"1 G, 15 A, 16 P"
Wayne Carleton,,n/a,LW,26,6-3,212,L/-,R,"August 4, 1946",ca,"42 G, 49 A, 91 P"
Bob Charlebois,,n/a,LW,28,6-0,175,L/-,R,"May 27, 1944",ca,"24 G, 40 A, 64 P"
Ron Climie,,n/a,LW,22,5-11,185,L/-,R,"March 5, 1950",ca,"12 G, 19 A, 31 P"
Brian Conacher,,n/a,C,31,6-3,197,L/-,R,"August 31, 1941",ca,"8 G, 19 A, 27 P"
Rick Cunningham,,n/a,D,21,5-11,180,R/-,R,"March 3, 1951",ca,"9 G, 32 A, 41 P"
John Donnelly,,n/a,D,24,6-0,190,L/-,R,"September 28, 1948",ca,"1 G, 1 A, 2 P"
Brian Gibbons,,n/a,D,25,6-3,190,L/-,R,"July 7, 1947",ca,"7 G, 35 A, 42 P"
Jack Gibson,,n/a,LW,24,6-0,185,L/-,R,"August 18, 1948",ca,"22 G, 13 A, 35 P"
Gilles Gratton,,n/a,G,20,5-11,160,-/L,R,"July 28, 1952",ca,", 3.71 GAA"
Merv Haney,,n/a,D,23,6-0,195,L/-,R,"August 13, 1949",ca,"0 G, 1 A, 1 P"
Steve King,,n/a,C,24,5-9,170,R/-,R,"September 8, 1948",ca,"18 G, 34 A, 52 P"
Gavin Kirk,,n/a,C,21,5-10,165,L/-,R,"December 6, 1951",gb,"28 G, 40 A, 68 P"
Bob Leduc,,n/a,C,28,5-10,185,L/-,R,"May 24, 1944",ca,"22 G, 33 A, 55 P"
Tom Martin,,n/a,RW,25,5-9,170,R/-,R,"October 16, 1947",ca,"19 G, 27 A, 46 P"
Chris Meloff,,n/a,D,20,5-11,180,L/-,R,"May 7, 1952",ca,"1 G, 6 A, 7 P"
Ron Riley,,n/a,LW,24,5-10,170,L/-,R,"July 20, 1948",ca,"0 G, 5 A, 5 P"
Dick Sentes,,n/a,LW,26,6-0,185,L/-,R,"January 10, 1947",ca,"22 G, 19 A, 41 P"
Tom Simpson,,n/a,RW,20,5-9,190,R/-,R,"August 15, 1952",ca,"10 G, 7 A, 17 P"
Ken Stephanson,,n/a,D,31,6-0,190,L/-,R,"November 13, 1941",ca,"3 G, 16 A, 19 P"
Guy Trottier,,n/a,RW,31,5-8,165,R/-,R,"April 1, 1941",ca,"26 G, 32 A, 58 P"
Steve Warr,,n/a,D,22,5-11,185,R/-,R,"January 5, 1951",ca,"3 G, 8 A, 11 P"
