Quebec Nordiques,QBN,wha
1972-73,1973
29
78
0
GP,Date,Time,Location,Opponent,GF,GA,Result,Game Ended In,W,L,T,Streak
1,1972-10-11,time unavailable,@,Cleveland Crusaders,0,2,L,REG,0,1,0,L 1
2,1972-10-13,time unavailable,H,Alberta Oilers,6,0,W,REG,1,1,0,W 1
3,1972-10-19,time unavailable,@,New England Whalers,4,3,W,REG,2,1,0,W 2
4,1972-10-21,time unavailable,H,New England Whalers,6,4,W,REG,3,1,0,W 3
5,1972-10-22,time unavailable,H,Ottawa Nationals,2,3,L,REG,3,2,0,L 1
6,1972-10-24,time unavailable,H,Houston Aeros,5,3,W,REG,4,2,0,W 1
7,1972-10-26,time unavailable,H,Minnesota Fighting Saints,5,4,W,REG,5,2,0,W 2
8,1972-10-29,time unavailable,H,Cleveland Crusaders,2,2,T,REG,5,2,1,T 1
9,1972-10-31,time unavailable,H,Los Angeles Sharks,2,4,L,REG,5,3,1,L 1
10,1972-11-02,time unavailable,H,Philadelphia Blazers,6,3,W,REG,6,3,1,W 1
11,1972-11-04,time unavailable,@,Cleveland Crusaders,3,5,L,REG,6,4,1,L 1
12,1972-11-05,time unavailable,H,Chicago Cougars,3,2,W,REG,7,4,1,W 1
13,1972-11-08,time unavailable,H,Winnipeg Jets,3,2,W,REG,8,4,1,W 2
14,1972-11-11,time unavailable,H,Houston Aeros,3,1,W,REG,9,4,1,W 3
15,1972-11-15,time unavailable,H,New York Raiders,7,4,W,REG,10,4,1,W 4
16,1972-11-16,time unavailable,@,Minnesota Fighting Saints,4,5,L,REG,10,5,1,L 1
17,1972-11-18,time unavailable,@,New York Raiders,1,7,L,REG,10,6,1,L 2
18,1972-11-21,time unavailable,@,Ottawa Nationals,2,4,L,REG,10,7,1,L 3
19,1972-11-24,time unavailable,@,Winnipeg Jets,3,5,L,REG,10,8,1,L 4
20,1972-11-26,time unavailable,@,Winnipeg Jets,1,4,L,REG,10,9,1,L 5
21,1972-11-28,time unavailable,H,Chicago Cougars,6,2,W,REG,11,9,1,W 1
22,1972-12-02,time unavailable,@,New England Whalers,2,7,L,REG,11,10,1,L 1
23,1972-12-03,time unavailable,@,Alberta Oilers,6,2,W,REG,12,10,1,W 1
24,1972-12-05,time unavailable,@,Winnipeg Jets,4,2,W,REG,13,10,1,W 2
25,1972-12-07,time unavailable,H,Cleveland Crusaders,1,3,L,REG,13,11,1,L 1
26,1972-12-09,time unavailable,@,Chicago Cougars,4,2,W,REG,14,11,1,W 1
27,1972-12-10,time unavailable,@,Ottawa Nationals,6,7,L,OT,14,12,1,L 1
28,1972-12-12,time unavailable,H,Philadelphia Blazers,5,2,W,REG,15,12,1,W 1
29,1972-12-13,time unavailable,@,New York Raiders,1,9,L,REG,15,13,1,L 1
30,1972-12-15,time unavailable,@,Cleveland Crusaders,3,6,L,REG,15,14,1,L 2
31,1972-12-17,time unavailable,H,Cleveland Crusaders,3,2,W,REG,16,14,1,W 1
32,1972-12-19,time unavailable,H,Ottawa Nationals,7,3,W,REG,17,14,1,W 2
33,1972-12-23,time unavailable,H,Los Angeles Sharks,2,1,W,REG,18,14,1,W 3
34,1972-12-24,time unavailable,@,Ottawa Nationals,2,6,L,REG,18,15,1,L 1
35,1972-12-26,time unavailable,H,New York Raiders,2,5,L,REG,18,16,1,L 2
36,1972-12-28,time unavailable,H,New England Whalers,3,5,L,REG,18,17,1,L 3
37,1972-12-29,time unavailable,@,Cleveland Crusaders,3,5,L,REG,18,18,1,L 4
38,1972-12-31,time unavailable,H,Ottawa Nationals,8,4,W,REG,19,18,1,W 1
39,1973-01-08,time unavailable,@,New York Raiders,6,5,W,OT,20,18,1,W 2
40,1973-01-09,time unavailable,@,Ottawa Nationals,5,7,L,REG,20,19,1,L 1
41,1973-01-12,time unavailable,@,Minnesota Fighting Saints,2,3,L,REG,20,20,1,L 2
42,1973-01-13,time unavailable,@,Philadelphia Blazers,4,9,L,REG,20,21,1,L 3
43,1973-01-16,time unavailable,H,Ottawa Nationals,5,4,W,OT,21,21,1,W 1
44,1973-01-18,time unavailable,H,New York Raiders,4,4,T,REG,21,21,2,T 1
45,1973-01-20,time unavailable,H,Minnesota Fighting Saints,5,10,L,REG,21,22,2,L 1
46,1973-01-23,time unavailable,@,Chicago Cougars,1,7,L,REG,21,23,2,L 2
47,1973-01-24,time unavailable,H,Philadelphia Blazers,4,6,L,REG,21,24,2,L 3
48,1973-01-26,time unavailable,H,Winnipeg Jets,2,2,T,REG,21,24,3,T 1
49,1973-01-27,time unavailable,@,New England Whalers,3,1,W,REG,22,24,3,W 1
50,1973-02-01,time unavailable,H,Minnesota Fighting Saints,4,2,W,REG,23,24,3,W 2
51,1973-02-04,time unavailable,@,New York Raiders,4,5,L,REG,23,25,3,L 1
52,1973-02-07,time unavailable,H,Philadelphia Blazers,3,0,W,REG,24,25,3,W 1
53,1973-02-08,time unavailable,@,Chicago Cougars,2,5,L,REG,24,26,3,L 1
54,1973-02-10,time unavailable,@,Philadelphia Blazers,4,5,L,OT,24,27,3,L 2
55,1973-02-11,time unavailable,H,New England Whalers,2,2,T,REG,24,27,4,T 1
56,1973-02-14,time unavailable,H,Ottawa Nationals,3,6,L,REG,24,28,4,L 1
57,1973-02-16,time unavailable,H,Los Angeles Sharks,2,2,T,REG,24,28,5,T 1
58,1973-02-17,time unavailable,H,New England Whalers,4,6,L,REG,24,29,5,L 1
59,1973-02-20,time unavailable,H,Chicago Cougars,2,4,L,REG,24,30,5,L 2
60,1973-02-22,time unavailable,@,Houston Aeros,1,4,L,REG,24,31,5,L 3
61,1973-02-24,time unavailable,@,Los Angeles Sharks,5,3,W,REG,25,31,5,W 1
62,1973-02-25,time unavailable,@,Los Angeles Sharks,2,4,L,REG,25,32,5,L 1
63,1973-03-03,time unavailable,@,Houston Aeros,4,3,W,REG,26,32,5,W 1
64,1973-03-04,time unavailable,@,Houston Aeros,6,3,W,REG,27,32,5,W 2
65,1973-03-06,time unavailable,@,Los Angeles Sharks,2,3,L,OT,27,33,5,L 1
66,1973-03-08,time unavailable,H,Winnipeg Jets,4,7,L,REG,27,34,5,L 2
67,1973-03-09,time unavailable,@,Philadelphia Blazers,3,11,L,REG,27,35,5,L 3
68,1973-03-11,time unavailable,H,New York Raiders,6,1,W,REG,28,35,5,W 1
69,1973-03-12,time unavailable,@,Philadelphia Blazers,6,4,W,REG,29,35,5,W 2
70,1973-03-16,time unavailable,@,Alberta Oilers,2,4,L,REG,29,36,5,L 1
71,1973-03-17,time unavailable,@,Alberta Oilers,0,3,L,REG,29,37,5,L 2
72,1973-03-20,time unavailable,H,Cleveland Crusaders,4,1,W,REG,30,37,5,W 1
73,1973-03-24,time unavailable,H,Alberta Oilers,5,4,W,REG,31,37,5,W 2
74,1973-03-25,time unavailable,H,Alberta Oilers,4,5,L,REG,31,38,5,L 1
75,1973-03-27,time unavailable,@,Ottawa Nationals,2,6,L,REG,31,39,5,L 2
76,1973-03-29,time unavailable,@,Minnesota Fighting Saints,5,3,W,REG,32,39,5,W 1
77,1973-03-31,time unavailable,H,Houston Aeros,5,1,W,REG,33,39,5,W 2
78,1973-04-01,time unavailable,@,New England Whalers,3,8,L,REG,33,40,5,L 1

Time,Location,Result,Game Ended In

Michel Archambault,,n/a,LW,22,5-8,160,L/-,R,"September 27, 1950",ca,"12 G, 25 A, 37 P"
Serge Aubry,,n/a,G,31,5-7,165,-/L,R,"January 2, 1942",ca,", 3.60 GAA"
Yves Bergeron,,n/a,RW,21,5-9,165,R/-,R,"January 11, 1952",ca,"14 G, 19 A, 33 P"
Jacques Blain,,n/a,D,25,5-11,180,L/-,R,"July 19, 1947",ca,"1 G, 10 A, 11 P"
Richard Brodeur,,n/a,G,20,5-7,160,-/L,R,"September 15, 1952",ca,", 4.75 GAA"
Alain Caron,,n/a,RW,34,5-9,182,R/-,R,"April 27, 1938",ca,"36 G, 27 A, 63 P"
Jean-Yves Cartier,,n/a,D,5-9,180,L/-,R,"0 G, 3 A, 3 P",ca
Norm Descoteaux,,n/a,D,25,5-9,170,L/-,R,"January 3, 1948",ca,"0 G, 1 A, 1 P"
Ken Desjardine,,n/a,D,25,6-0,180,L/-,R,"August 23, 1947",ca,"2 G, 6 A, 8 P"
Guy Dufour,,n/a,RW,26,5-11,160,R/-,R,"February 9, 1946",ca,"3 G, 2 A, 5 P"
Andre Gaudette,,n/a,C,25,5-7,155,L/-,R,"December 16, 1947",ca,"27 G, 44 A, 71 P"
Jean-Guy Gendron,,n/a,LW,38,5-9,165,L/-,R,"August 30, 1934",ca,"17 G, 33 A, 50 P"
Rejean Giroux,,n/a,RW,20,5-11,160,R/-,R,"September 13, 1952",ca,"10 G, 12 A, 22 P"
Alan Globensky,,n/a,D,21,6-1,190,R/-,R,"April 17, 1951",ca,"0 G, 0 A, 0 P"
Frank Golembrosky,,n/a,RW,27,6-0,190,R/-,R,"May 3, 1945",ca,"8 G, 12 A, 20 P"
Bobby Guindon,,n/a,LW,22,5-9,175,L/-,R,"November 19, 1950",ca,"28 G, 28 A, 56 P"
Pierre Guite,,n/a,LW,20,6-2,190,L/-,R,"April 17, 1952",ca,"10 G, 8 A, 18 P"
Michel Harvey,,n/a,C,35,5-10,175,L/-,R,"January 31, 1938",ca,"6 G, 13 A, 19 P"
Francois Lacombe,,n/a,D,24,5-10,185,L/-,R,"February 24, 1948",ca,"10 G, 18 A, 28 P"
Paul Larose,,n/a,RW,23,5-8,160,R/-,R,"January 11, 1950",ca,"0 G, 7 A, 7 P"
Rene Leclerc,,n/a,C,25,5-11,165,R/-,R,"November 12, 1947",ca,"24 G, 28 A, 52 P"
Jacques Lemelin,,n/a,G,23,5-10,165,-/L,R,"November 11, 1949",ca,", 4.01 GAA"
Mike McNamara,,n/a,LW,23,5-10,175,L/-,R,"March 28, 1949",ca,"0 G, 0 A, 0 P"
Michel Parizeau,,n/a,LW,24,5-10,165,L/-,R,"April 9, 1948",ca,"25 G, 48 A, 73 P"
Jean Payette,,n/a,C,26,6-0,170,L/-,R,"March 29, 1946",ca,"15 G, 29 A, 44 P"
Michel Rouleau,,n/a,C,28,5-10,175,L/-,R,"September 28, 1944",ca,"7 G, 14 A, 21 P"
Pierre Roy,,n/a,D,20,6-0,175,L/-,R,"March 12, 1952",ca,"7 G, 12 A, 19 P"
Brit Selby,,n/a,LW,27,5-10,175,L/-,R,"March 27, 1945",ca,"0 G, 1 A, 1 P"
J.C. Tremblay,,n/a,D,34,5-11,170,L/-,R,"January 22, 1939",ca,"14 G, 75 A, 89 P"
