INFO:
teamName,Child Please
teamAbbreviation,Child Please
sportId,n/a
sportName,n/a
sportRules,n/a
leagueId,watMu
levelId,n/a
seasonName,n/a
seasonId,n/a
Roster Size,10
Season Games Played,6
Playoff Round Lengths,1,1,1,1
END_INFO

SEASON:
Date/Time,Location,Opposing Team,Score,S.O.C.
Sat Sep 25 @ 10:00 am,Village Green,Intermediate Indys 1,won 35 - 0,2
Sat Sep 25 @ 11:00 am,Village Green,Team Ridiculous,lost 35 - 28,3
Sat Oct 2 @ 10:00 am,Village Green,Bob Sanders’ Prodigies,won 21 - 28,4
Sat Oct 16 @ 12:00 pm,Village Green,Intermediate Indys 1,won 28 - 21,4
Sat Oct 23 @ 5:00 pm,Village Green,Bob Sanders’ Prodigies,lost 0 - 35,3
Sat Oct 30 @ 10:00 am,Village Green,Bob Sanders’ Prodigies,won 14 - 7,3
END_SEASON

PLAYOFFS:
Date/Time,Location,Opposing Team,Score,S.O.C.
Sat Nov 6 @ 1:00 pm,Village Green,West C,won 0 - 14,0
Sat Nov 13 @ 11:00 am,Village Green,Bob Sanders’ Prodigies,won 14 - 0,0
Sat Nov 13 @ 1:00 pm,Village Green,Flag Monsters,won 7 - 42,2
Sat Nov 13 @ 3:00 pm,Village Green,Team Ridiculous,won 63 - 70,2
END_PLAYOFFS

ROSTER:
Player,Captaincy,uwaterloo_email
Riyad Khamis,(C),riyad_khamis@hotmail.com
Fraser Dametto,,
Rajesh Jaglal,,
Adarsh Kalraiya,,
Gary Liu,,
Jeremy Luymes,,
Joshua Marchon,,
Jason Tan,,
Jeremy Wang,,
Nathan Wang,,
END_ROSTER
