INFO:
teamName,Bob Sanders’ Prodigies
teamAbbreviation,Bob Sanders’ Prodigies
sportId,n/a
sportName,n/a
sportRules,n/a
leagueId,watMu
levelId,n/a
seasonName,n/a
seasonId,n/a
Roster Size,12
Season Games Played,6
Playoff Round Lengths,1,1
END_INFO

SEASON:
Date/Time,Location,Opposing Team,Score,S.O.C.
Sat Sep 25 @ 2:00 pm,Village Green,Intermediate Indys 2,won 35 - 0,4
Sat Oct 2 @ 10:00 am,Village Green,Child Please,lost 21 - 28,4
Sat Oct 16 @ 10:00 am,Village Green,West C,won 28 - 49,4
Sat Oct 16 @ 2:00 pm,Village Green,Intermediate Indys 2,won 35 - 0,4
Sat Oct 23 @ 5:00 pm,Village Green,Child Please,won 0 - 35,3
Sat Oct 30 @ 10:00 am,Village Green,Child Please,lost 14 - 7,3
END_SEASON

PLAYOFFS:
Date/Time,Location,Opposing Team,Score,S.O.C.
Sat Nov 6 @ 11:00 am,Village Green,Watermelons,won 14 - 0,-1
Sat Nov 13 @ 11:00 am,Village Green,Child Please,lost 14 - 0,0
END_PLAYOFFS

ROSTER:
Player,Captaincy,uwaterloo_email
Cody Allard,(C),cnallard@hotmail.com
David Ashton,,
Mathew Bahm,,
Joel Brooks,,
Marc Brownrigg,,
Eric Crawford,,
Kevin Emerson,,
Ji Jong Hong,,
Ke Hou,,
Hsing-Tse Hsueh,,
Reece Lawrence,,
Nitten Patel,,
END_ROSTER
