INFO:
teamName,Flag Monsters
teamAbbreviation,Flag Monsters
sportId,n/a
sportName,n/a
sportRules,n/a
leagueId,watMu
levelId,n/a
seasonName,n/a
seasonId,n/a
Roster Size,9
Season Games Played,6
Playoff Round Lengths,1,1,1
END_INFO

SEASON:
Date/Time,Location,Opposing Team,Score,S.O.C.
Sat Sep 25 @ 12:00 pm,Village Green,Cleo’s Lemons,lost 28 - 2,3
Sat Sep 25 @ 3:00 pm,Village Green,Watermelons,won 7 - 35,3
Thu Sep 30 @ 3:00 pm,Village Green,The AHS-Holes,lost 7 - 14,3
Thu Oct 7 @ 4:00 pm,Village Green,Bell Sucks,won 42 - 14,1
Sat Oct 30 @ 3:00 pm,Village Green,Cleo’s Lemons,won 14 - 21,1
Sat Oct 30 @ 5:00 pm,Village Green,The AHS-Holes,won 35 - 28,4
END_SEASON

PLAYOFFS:
Date/Time,Location,Opposing Team,Score,S.O.C.
Thu Nov 4 @ 4:00 pm,Village Green,Bell Sucks,won 21 - 28,2
Sat Nov 6 @ 10:00 am,Village Green,The AHS-Holes,won 28 - 21,0
Sat Nov 13 @ 1:00 pm,Village Green,Child Please,lost 7 - 42,1
END_PLAYOFFS

ROSTER:
Player,Captaincy,uwaterloo_email
Sean Messenger,(C),smesseng@uwaterloo.ca
Shawn Burgess,,
Stephen De Thomasis,,
Jostenn Herritt,,
Heather Mawhinney,,
Jeffrey Nguyen,,
Ryan Scheiding,,
Jonathan Spike,,
Tony Zhou,,
END_ROSTER
