INFO:
teamName,Team Ridiculous
teamAbbreviation,Team Ridiculous
sportId,n/a
sportName,n/a
sportRules,n/a
leagueId,watMu
levelId,n/a
seasonName,n/a
seasonId,n/a
Roster Size,10
Season Games Played,6
Playoff Round Lengths,1,1,1
END_INFO

SEASON:
Date/Time,Location,Opposing Team,Score,S.O.C.
Sat Sep 25 @ 11:00 am,Village Green,Child Please,won 35 - 28,2
Sat Oct 2 @ 11:00 am,Village Green,West C,won 0 - 35,4
Sat Oct 2 @ 1:00 pm,Village Green,Intermediate Indys 2,won 35 - 0,3
Sat Oct 16 @ 11:00 am,Village Green,West C,won 0 - 35,4
Sat Oct 23 @ 12:00 pm,Village Green,Intermediate Indys 1,won 42 - 28,4
Sat Oct 23 @ 1:00 pm,Village Green,Intermediate Indys 2,won 0 - 14,avg.
END_SEASON

PLAYOFFS:
Date/Time,Location,Opposing Team,Score,S.O.C.
Sat Nov 6 @ 2:00 pm,Village Green,Intermediate Indys 2,won 14 - 0,0
Sat Nov 13 @ 12:00 pm,Village Green,Cleo’s Lemons,won 28 - 35,0
Sat Nov 13 @ 3:00 pm,Village Green,Child Please,lost 63 - 70,2
END_PLAYOFFS

ROSTER:
Player,Captaincy,uwaterloo_email
Andrew McNamara,(C),mcnamara.andrew@gmail.com
Rico Chan,,
Kuljeet Cheema,,
Umtej Cheema,,
Andrew Fung,,
Veasna Kim,,
Craig Myers,,
Gobinath Nadeshalingam,,
Jonathan Sparling,,
Kevin Tejadipura,,
END_ROSTER
