INFO:
teamName,Cleo’s Lemons
teamAbbreviation,Cleo’s Lemons
sportId,n/a
sportName,n/a
sportRules,n/a
leagueId,watMu
levelId,n/a
seasonName,n/a
seasonId,n/a
Roster Size,13
Season Games Played,6
Playoff Round Lengths,1,1
END_INFO

SEASON:
Date/Time,Location,Opposing Team,Score,S.O.C.
Sat Sep 25 @ 12:00 pm,Village Green,Flag Monsters,won 28 - 2,3
Sat Sep 25 @ 1:00 pm,Village Green,Bell Sucks,won 0 - 35,4
Sat Oct 2 @ 2:00 pm,Village Green,Watermelons,won 35 - 0,4
Sat Oct 23 @ 10:00 am,Village Green,The AHS-Holes,lost 42 - 35,3
Sat Oct 30 @ 3:00 pm,Village Green,Flag Monsters,lost 14 - 21,2
Sat Oct 30 @ 4:00 pm,Village Green,Watermelons,tie 14 - 14,2
END_SEASON

PLAYOFFS:
Date/Time,Location,Opposing Team,Score,S.O.C.
Sat Nov 6 @ 12:00 pm,Village Green,Intermediate Indys 1,won 21 - 28,0
Sat Nov 13 @ 12:00 pm,Village Green,Team Ridiculous,lost 28 - 35,0
END_PLAYOFFS

ROSTER:
Player,Captaincy,uwaterloo_email
Aaron Bertolo,(C),ajbertol@uwaterloo.ca
Josiah Allen,,
Samuel Aylward,,
Kevin Barroso,,
Taren Byrne,,
Brent Cleave,,
Matthew Coyne,,
Jayant Garg,,
Tejasvi Hora,,
Tyler Kukac,,
Michael Marriott,,
Vincent Rosati,,
Adam Weller,,
END_ROSTER
