INFO:
teamName,Watermelons
teamAbbreviation,Watermelons
sportId,n/a
sportName,n/a
sportRules,n/a
leagueId,watMu
levelId,n/a
seasonName,n/a
seasonId,n/a
Roster Size,12
Season Games Played,6
Playoff Round Lengths,1
END_INFO

SEASON:
Date/Time,Location,Opposing Team,Score,S.O.C.
Sat Sep 25 @ 3:00 pm,Village Green,Flag Monsters,lost 7 - 35,2
Thu Sep 30 @ 4:00 pm,Village Green,Bell Sucks,tie 14 - 14,0
Sat Oct 2 @ 2:00 pm,Village Green,Cleo’s Lemons,lost 35 - 0,4
Thu Oct 7 @ 5:00 pm,Village Green,The AHS-Holes,lost 21 - 42,3
Thu Oct 14 @ 6:00 pm,Village Green,Bell Sucks,lost 35 - 0,4
Sat Oct 30 @ 4:00 pm,Village Green,Cleo’s Lemons,tie 14 - 14,2
END_SEASON

PLAYOFFS:
Date/Time,Location,Opposing Team,Score,S.O.C.
Sat Nov 6 @ 11:00 am,Village Green,Bob Sanders’ Prodigies,lost 14 - 0,-2
END_PLAYOFFS

ROSTER:
Player,Captaincy,uwaterloo_email
Aren Patel,(C),aspatel@uwaterloo.ca
Wout Brinke,,
Jordan Chan,,
Michael Dereje,,
Steven Gasior,,
Mark-Andrew Matta,,
Matthew Niewczas,,
Jagraj Pandher,,
Michael Quinlan,,
Patrick Quinlan,,
Alexei Schiopu,,
Brandon Van Asseldonk,,
END_ROSTER
