INFO:
teamName,West C
teamAbbreviation,West C
sportId,n/a
sportName,n/a
sportRules,n/a
leagueId,watMu
levelId,n/a
seasonName,n/a
seasonId,n/a
Roster Size,21
Season Games Played,6
Playoff Round Lengths,1
END_INFO

SEASON:
Date/Time,Location,Opposing Team,Score,S.O.C.
Sat Oct 2 @ 11:00 am,Village Green,Team Ridiculous,lost 0 - 35,4
Sat Oct 2 @ 12:00 pm,Village Green,Intermediate Indys 1,lost 7 - 35,3
Thu Oct 7 @ 6:00 pm,Village Green,Intermediate Indys 2,won 0 - 14,avg.
Sat Oct 16 @ 10:00 am,Village Green,Bob Sanders’ Prodigies,lost 28 - 49,3
Sat Oct 16 @ 11:00 am,Village Green,Team Ridiculous,lost 0 - 35,3
Sat Oct 23 @ 11:00 am,Village Green,Intermediate Indys 1,lost 28 - 35,3
END_SEASON

PLAYOFFS:
Date/Time,Location,Opposing Team,Score,S.O.C.
Sat Nov 6 @ 1:00 pm,Village Green,Child Please,lost 0 - 14,0
END_PLAYOFFS

ROSTER:
Player,Captaincy,uwaterloo_email
Captain: Kathryn Schlussler,,
Oladimeji Ajisafe,,
Graham Burrows,,
Jake Carriere,,
David Chapman,,
Kerry Cooper,,
Alysa Devers,,
Molly Henning,,
Quinton Kung,,
Joshua Layton,,
Joanne Liu,,
Michelle Morris,,
Christopher Neilson,,
Donna Nguyen,,
Maryam Oyewumi,,
Mitchell Patterson,,
Sarah Pugsley,,
Deep Shah,,
Ashley Stewart,,
Alicia Tjahjadi,,
Dana Zulak,,
END_ROSTER
