INFO:
teamName,Bell Sucks
teamAbbreviation,Bell Sucks
sportId,n/a
sportName,n/a
sportRules,n/a
leagueId,watMu
levelId,n/a
seasonName,n/a
seasonId,n/a
Roster Size,17
Season Games Played,6
Playoff Round Lengths,1
END_INFO

SEASON:
Date/Time,Location,Opposing Team,Score,S.O.C.
Sat Sep 25 @ 1:00 pm,Village Green,Cleo’s Lemons,lost 0 - 35,4
Thu Sep 30 @ 4:00 pm,Village Green,Watermelons,tie 14 - 14,2
Thu Oct 7 @ 3:00 pm,Village Green,The AHS-Holes,lost 28 - 35,3
Thu Oct 7 @ 4:00 pm,Village Green,Flag Monsters,lost 42 - 14,2
Thu Oct 14 @ 6:00 pm,Village Green,Watermelons,won 35 - 0,3
Thu Oct 21 @ 4:00 pm,Village Green,The AHS-Holes,lost 35 - 49,4
END_SEASON

PLAYOFFS:
Date/Time,Location,Opposing Team,Score,S.O.C.
Thu Nov 4 @ 4:00 pm,Village Green,Flag Monsters,lost 21 - 28,2
END_PLAYOFFS

ROSTER:
Player,Captaincy,uwaterloo_email
Sida Zhu,(C),s9zhu@uwaterloo.ca
Ellen Armstrong,,
Li Chen,,
Michael Dandyk,,
Timothee Haggstrom,,
Philip Jeffrey,,
Andrew Jung,,
Joshua Kung,,
Michael Lesiuk,,
Brendan Mackillop,,
Sofia Martimianakis,,
Jay Rawding,,
Benjamin Shepherd,,
John Short,,
Adam Sils,,
Erich Tjiawi,,
Wai Tsai,,
END_ROSTER
