INFO:
teamName,The AHS-Holes
teamAbbreviation,The AHS-Holes
sportId,n/a
sportName,n/a
sportRules,n/a
leagueId,watMu
levelId,n/a
seasonName,n/a
seasonId,n/a
Roster Size,11
Season Games Played,6
Playoff Round Lengths,1
END_INFO

SEASON:
Date/Time,Location,Opposing Team,Score,S.O.C.
Thu Sep 30 @ 3:00 pm,Village Green,Flag Monsters,won 7 - 14,3
Thu Oct 7 @ 3:00 pm,Village Green,Bell Sucks,won 28 - 35,2
Thu Oct 7 @ 5:00 pm,Village Green,Watermelons,won 21 - 42,3
Thu Oct 21 @ 4:00 pm,Village Green,Bell Sucks,won 35 - 49,4
Sat Oct 23 @ 10:00 am,Village Green,Cleo’s Lemons,won 42 - 35,1
Sat Oct 30 @ 5:00 pm,Village Green,Flag Monsters,lost 35 - 28,4
END_SEASON

PLAYOFFS:
Date/Time,Location,Opposing Team,Score,S.O.C.
Sat Nov 6 @ 10:00 am,Village Green,Flag Monsters,lost 28 - 21,0
END_PLAYOFFS

ROSTER:
Player,Captaincy,uwaterloo_email
Ryan Scott,(C),scott_ryan99@hotmail.com
David Bickford,,
James Buchanan,,
Brent Golem,,
Yang Li,,
Robert Lyle,,
Daniel O’Driscoll,,
Andrij Pasche-Arabczuk,,
Katelin Stephens,,
Daniel Van Der Werf,,
Tashfeen Wahed,,
END_ROSTER
