INFO:
teamName,Intermediate Indys 1
teamAbbreviation,Intermediate Indys 1
sportId,n/a
sportName,n/a
sportRules,n/a
leagueId,watMu
levelId,n/a
seasonName,n/a
seasonId,n/a
Roster Size,10
Season Games Played,6
Playoff Round Lengths,1
END_INFO

SEASON:
Date/Time,Location,Opposing Team,Score,S.O.C.
Sat Sep 25 @ 10:00 am,Village Green,Child Please,lost 35 - 0,2
Sat Oct 2 @ 12:00 pm,Village Green,West C,won 7 - 35,3
Sat Oct 16 @ 12:00 pm,Village Green,Child Please,lost 28 - 21,4
Sat Oct 16 @ 1:00 pm,Village Green,Intermediate Indys 2,won 63 - 49,4
Sat Oct 23 @ 11:00 am,Village Green,West C,won 28 - 35,3
Sat Oct 23 @ 12:00 pm,Village Green,Team Ridiculous,lost 42 - 28,4
END_SEASON

PLAYOFFS:
Date/Time,Location,Opposing Team,Score,S.O.C.
Sat Nov 6 @ 12:00 pm,Village Green,Cleo’s Lemons,lost 21 - 28,0
END_PLAYOFFS

ROSTER:
Player,Captaincy,uwaterloo_email
Richard Huynh,,
David Kempthorne,,
Sherwin Niktash,,
Yohan Perera,,
Milan Shah,,
Dawson Stone,,
Suraj Sukumar,,
Jason Thistlethwaite,,
Robert Tutins,,
Brian Wong,,
END_ROSTER
