INFO:
teamName,Intermediate Indys 2
teamAbbreviation,Intermediate Indys 2
sportId,n/a
sportName,n/a
sportRules,n/a
leagueId,watMu
levelId,n/a
seasonName,n/a
seasonId,n/a
Roster Size,11
Season Games Played,6
Playoff Round Lengths,1
END_INFO

SEASON:
Date/Time,Location,Opposing Team,Score,S.O.C.
Sat Sep 25 @ 2:00 pm,Village Green,Bob Sanders’ Prodigies,lost 35 - 0,4
Sat Oct 2 @ 1:00 pm,Village Green,Team Ridiculous,lost 35 - 0,4
Thu Oct 7 @ 6:00 pm,Village Green,West C,lost 0 - 14,-2
Sat Oct 16 @ 1:00 pm,Village Green,Intermediate Indys 1,lost 63 - 49,4
Sat Oct 16 @ 2:00 pm,Village Green,Bob Sanders’ Prodigies,lost 35 - 0,4
Sat Oct 23 @ 1:00 pm,Village Green,Team Ridiculous,lost 0 - 14,-2
END_SEASON

PLAYOFFS:
Date/Time,Location,Opposing Team,Score,S.O.C.
Sat Nov 6 @ 2:00 pm,Village Green,Team Ridiculous,lost 14 - 0,0
END_PLAYOFFS

ROSTER:
Player,Captaincy,uwaterloo_email
Jordan Blackwell,,
Dorian Ferreira,,
Irene Izekeli,,
Xiang Li,,
Hamsharan Mahalingam,,
Calend Moore,,
Poulad Roustaeian,,
Corey Schreiber,,
Chad Topley,,
Edgar Tsang,,
Holly Van Alstine,,
END_ROSTER
